{"type":"FeatureCollection","name":"world_1279","crs":{"type":"name","properties":{"name":"urn:ogc:def:crs:OGC:1.3:CRS84"}},"features":[{"type":"Feature","properties":{"NAME":"Cyprus","ABBREVN":"Cyprus","SUBJECTO":"Cyprus","BORDERPRECISION":1,"PARTOF":"Cyprus"},"geometry":{"type":"MultiPolygon","coordinates":[[[[33.7805,35.2081],[33.7727,35.1293],[33.9247,34.9532],[33.792,34.9574],[33.7326,34.9086],[33.6858,34.9349],[33.5385,34.9442],[33.4839,34.7958],[33.1314,34.6803],[32.9586,34.6593],[32.9145,34.6357],[32.9145,34.5413],[32.8167,34.5386],[32.7841,34.6252],[32.6034,34.6147],[32.3572,34.6803],[32.2711,34.7197],[32.271,34.8142],[32.1985,34.8614],[32.1437,35.0425],[32.1805,35.0583],[32.2345,35.0136],[32.301,35.0163],[32.4831,35.1529],[32.597,35.1556],[32.745,35.1143],[32.7795,35.1529],[32.8191,35.2817],[32.7951,35.3606],[33.0775,35.3186],[33.3737,35.3065],[33.539,35.3317],[33.9073,35.4368],[34.2173,35.5736],[34.4582,35.6446],[34.2447,35.5118],[34.0484,35.4079],[33.7805,35.2081]]]]}},{"type":"Feature","properties":{"NAME":"Portugal","ABBREVN":"Portugal","SUBJECTO":"Portugal","BORDERPRECISION":1,"PARTOF":"Portugal"},"geometry":{"type":"MultiPolygon","coordinates":[[[[-7.4915,37.2082],[-7.6034,37.163],[-7.836,37.0323],[-8.0336,37.0088],[-8.2802,37.0886],[-8.5411,37.0886],[-8.6671,37.1214],[-8.9908,36.99],[-9.0166,37.0698],[-8.8415,37.5251],[-8.851,37.9102],[-8.9328,37.9618],[-8.823,38.2061],[-8.8473,38.3846],[-8.7889,38.436],[-8.8537,38.4996],[-9.0223,38.461],[-9.2366,38.4174],[-9.2852,38.6195],[-9.0692,38.643],[-8.9419,38.7419],[-8.9608,38.8185],[-9.0408,38.9202],[-9.1758,38.7322],[-9.3616,38.6711],[-9.5224,38.6899],[-9.549,38.7745],[-9.4598,38.9531],[-9.3977,39.2304],[-9.4153,39.3667],[-9.2993,39.4177],[-9.1179,39.644],[-8.9156,40.1381],[-8.9697,40.19],[-8.6941,40.9922],[-8.8518,41.4078],[-8.8548,41.5969],[-8.9207,41.767],[-8.8061,41.8892],[-8.405,42.0021],[-8.1573,42.087],[-7.9186,41.8892],[-7.0984,41.868],[-6.8595,41.9849],[-6.7087,41.96],[-6.5861,41.8579],[-6.5184,41.7491],[-6.1395,41.5264],[-6.1115,41.4175],[-6.2411,41.3205],[-6.7966,41.0928],[-6.8344,41.0605],[-6.8572,40.8616],[-6.8249,40.6566],[-6.8842,40.214],[-6.8587,39.7919],[-6.8783,39.7024],[-7.0842,39.5991],[-7.3013,39.5787],[-7.431,39.5205],[-7.2114,39.2982],[-7.0069,39.0503],[-6.9334,38.9613],[-7.0894,38.7945],[-7.3173,38.4996],[-7.3939,38.295],[-7.0281,38.2396],[-6.8448,38.1002],[-7.2425,37.8109],[-7.3514,37.6444],[-7.488,37.2164],[-7.4915,37.2082]]]]}},{"type":"Feature","properties":{"NAME":"Sardinia","ABBREVN":"Sardinia","SUBJECTO":"Sardinia","BORDERPRECISION":1,"PARTOF":"Sardinia"},"geometry":{"type":"MultiPolygon","coordinates":[[[[8.8196,38.9769],[8.6961,38.9958],[8.5824,39.0658],[8.4172,39.2122],[8.3742,39.3078],[8.465,39.6399],[8.5085,39.9465],[8.488,40.2088],[8.4282,40.4649],[8.2016,40.663],[8.1595,40.7847],[8.2407,40.8553],[8.4056,40.8621],[8.7661,40.8628],[8.9184,40.94],[9.3062,41.1844],[9.5909,40.9029],[9.7937,40.5637],[9.7878,40.442],[9.6957,40.3137],[9.6308,40.0959],[9.698,39.6935],[9.6483,39.4572],[9.4789,39.1442],[9.2963,39.2331],[9.0625,39.2199],[8.9985,39.1751],[8.9314,39.0537],[8.8196,38.9769]]]]}},{"type":"Feature","properties":{"NAME":"Teutonic Knights","ABBREVN":"TeutonicLand","SUBJECTO":"Teutonic Knights","BORDERPRECISION":1,"PARTOF":"Teutonic Knights"},"geometry":{"type":"MultiPolygon","coordinates":[[[[23.948,59.1689],[24.5204,58.7085],[25.3131,59.1517],[26.4582,59.1178],[26.5463,58.6627],[27.6633,58.9561],[27.6612,58.9376],[27.5107,57.6114],[27.6059,56.7069],[27.6508,56.28],[27.3705,55.7193],[26.2454,55.8961],[25.3074,56.4885],[24.715,56.3404],[22.7454,56.35],[21.9045,56.35],[21.1418,56.1273],[21.3103,55.5131],[21.6696,55.5131],[22.0289,55.2564],[21.9263,54.9484],[22.1316,54.7944],[22.0803,54.5891],[22.1829,54.5377],[22.2343,54.1271],[21.4643,53.8191],[21.1049,53.8191],[20.8098,53.6376],[20.7094,53.7581],[20.4282,53.7781],[20.3863,53.5111],[20.0783,53.5111],[20.0783,53.6651],[19.565,53.4598],[19.2057,53.2544],[18.949,53.2544],[18.5897,53.1004],[18.2817,53.3571],[18.6849,54.254],[18.965,54.2276],[19.255,54.2772],[19.7336,54.4612],[19.7577,54.4592],[19.3176,54.2717],[19.2321,54.2221],[19.2303,54.167],[19.3281,54.1615],[19.4568,54.2166],[19.5704,54.2551],[19.7331,54.3103],[19.9146,54.3947],[19.9775,54.4239],[20.1886,54.522],[20.3267,54.564],[20.1942,54.575],[20.0057,54.5475],[19.9381,54.6082],[19.8818,54.5254],[19.8332,54.5309],[19.8632,54.7517],[19.9426,54.8499],[20.1271,54.8456],[20.7972,54.818],[20.9852,54.8116],[21.1373,54.8455],[21.1919,54.9596],[21.1133,55.0892],[21.2239,55.1114],[21.1931,55.1664],[21.1623,55.2214],[21.143,55.2558],[21.2009,55.2614],[21.2163,55.3437],[21.0185,55.634],[21.0148,55.6971],[20.996,56.0241],[20.9454,56.07],[20.916,56.0967],[20.949,56.4732],[20.9648,56.609],[21.0221,56.6839],[21.3244,56.8544],[21.3397,57.1771],[21.4596,57.2496],[21.5795,57.3726],[21.6773,57.4637],[21.8103,57.4754],[22.2854,57.565],[22.3599,57.5857],[22.433,57.6156],[22.5636,57.6156],[22.5854,57.5087],[22.8814,57.3341],[23.0709,57.2613],[23.1747,57.0485],[23.2154,56.9807],[23.4145,56.8924],[23.7678,56.8659],[24.1584,56.9755],[24.2663,57.0301],[24.3465,57.1597],[24.3229,57.3369],[24.2362,57.7282],[24.3254,57.8375],[24.3456,57.8622],[24.4156,57.9479],[24.4144,58.1059],[24.4968,58.2132],[24.3311,58.3079],[24.0584,58.1115],[23.9081,58.2244],[23.6709,58.2414],[23.6905,58.6655],[23.5119,58.5809],[23.3608,58.7674],[23.432,58.8581],[23.3379,58.9724],[23.457,59.0055],[23.4158,59.119],[23.5702,59.1381],[23.948,59.1689]]]]}},{"type":"Feature","properties":{"NAME":"Navarre","ABBREVN":"Navarre","SUBJECTO":"Navarre","BORDERPRECISION":1,"PARTOF":"Navarre"},"geometry":{"type":"MultiPolygon","coordinates":[[[[-2.1429,43.3315],[-2.0656,43.3333],[-1.9146,43.3054],[-1.7024,43.1959],[-1.4914,43.2096],[-1.4657,43.1549],[-1.5577,43.0454],[-1.5151,42.9976],[-1.4476,42.9839],[-1.3973,43.0318],[-0.9074,42.8813],[-1.6643,42.1254],[-1.6049,41.7688],[-2.13,41.8166],[-2.2586,41.8283],[-2.318,42.066],[-2.0803,42.066],[-2.1992,42.2443],[-2.6746,42.4226],[-2.5558,43.0763],[-2.1397,43.1358],[-2.1429,43.3315]]]]}},{"type":"Feature","properties":{"NAME":"Merinides","ABBREVN":"Merinides","SUBJECTO":"Merinides","BORDERPRECISION":1,"PARTOF":"Merinides"},"geometry":{"type":"MultiPolygon","coordinates":[[[[-5.0307,35.3444],[-4.8104,31.65],[-9.625,30.4061],[-9.817,30.7552],[-9.8578,31.0602],[-9.8133,31.2891],[-9.6353,31.5754],[-9.3176,31.9637],[-9.2223,32.2562],[-9.2508,32.4214],[-9.2187,32.5804],[-8.6403,33.1217],[-8.3144,33.3385],[-7.9024,33.4855],[-7.3326,33.6964],[-7.004,33.875],[-6.753,34.1234],[-6.5115,34.4543],[-6.472,34.5309],[-6.302,34.8614],[-5.9288,35.7279],[-5.8079,35.7854],[-5.565,35.8623],[-5.4794,35.8052],[-5.1718,35.4238],[-5.1096,35.3793],[-5.0307,35.3444]]]]}},{"type":"Feature","properties":{"NAME":"Muscat","ABBREVN":"Muscat","SUBJECTO":"Muscat","BORDERPRECISION":1,"PARTOF":"Muscat"},"geometry":{"type":"MultiPolygon","coordinates":[[[[54.7708,24.7335],[55.0908,25.02],[55.4572,25.4202],[55.5305,25.373],[55.6335,25.4532],[56.0155,25.7716],[56.1567,25.9665],[56.2973,26.1597],[56.3671,26.2361],[56.405,25.8614],[56.2148,25.5433],[56.1613,25.4733],[56.2816,25.4624],[56.366,25.4547],[56.4063,25.3087],[56.4065,25.08],[56.4053,24.9187],[56.4054,24.8195],[56.6108,24.4769],[56.7942,24.2676],[57.1462,23.9825],[57.3963,23.837],[57.451,23.8052],[57.9042,23.5711],[58.0807,23.5016],[58.2053,23.4955],[58.4647,23.5088],[58.6285,23.4583],[59.0216,23.0208],[59.2543,22.729],[59.4614,22.5389],[59.8257,22.3745],[59.8373,22.2792],[59.5357,21.8021],[59.2588,21.4774],[58.8614,21.1145],[58.7741,20.9412],[58.512,20.4212],[58.4031,20.3575],[58.1504,20.3951],[58.0444,20.433],[57.9313,20.4009],[56.7829,22.2906],[55.5544,23.5191],[54.7708,24.7335]]]]}},{"type":"Feature","properties":{"NAME":null,"ABBREVN":null,"SUBJECTO":null,"BORDERPRECISION":1,"PARTOF":null},"geometry":{"type":"MultiPolygon","coordinates":[[[[40.8198,19.6847],[41.9226,20.7665],[41.8125,21.7126],[41.138,22.4064],[40.1798,24.028],[39.0742,25.5021],[37.4209,27.8341],[37.3635,27.9574],[36.5935,29.7873],[36.5248,31.1615],[37.2119,33.5665],[38.0364,34.5972],[38.3722,35.1409],[40.0291,34.391],[44.0832,30.337],[48.6172,25.687],[50.8573,23.8804],[51.5859,24.0032],[51.7646,24.0029],[51.9456,23.9455],[52.2546,23.9875],[52.301,24.0819],[52.383,24.1082],[52.4812,24.0557],[52.6716,24.0747],[52.9394,24.0244],[53.0402,24.04],[53.0757,24.0872],[53.6868,23.9875],[54.0165,24.0505],[54.0063,24.1817],[54.1075,24.1029],[54.276,24.1098],[54.3471,24.1545],[54.4874,24.3443],[54.5922,24.3773],[54.7121,24.5999],[54.7708,24.7335],[55.5544,23.5191],[56.7829,22.2906],[57.9313,20.4009],[56.9458,20.6359],[53.955,19.7296],[50.5111,17.1467],[47.8376,16.4217],[46.6594,15.4248],[46.2769,17.1178],[45.2404,17.6937],[42.7637,16.6455],[42.5353,17.0707],[42.2065,17.5147],[42.0094,17.7367],[41.6286,18.0472],[41.3992,18.4406],[41.033,19.2849],[40.8198,19.6847]]]]}},{"type":"Feature","properties":{"NAME":"Poland","ABBREVN":"Poland","SUBJECTO":"Poland","BORDERPRECISION":1,"PARTOF":"Poland"},"geometry":{"type":"MultiPolygon","coordinates":[[[[18.4703,49.9392],[16.995,50.3906],[16.5766,50.2359],[16.3784,50.5588],[14.9691,50.9766],[15.1673,51.5279],[15.9565,52.1834],[15.7645,52.2655],[15.7602,52.5707],[15.816,52.5707],[15.8439,52.7103],[16.0531,52.7164],[16.2038,53.3433],[16.4155,53.5249],[16.2038,53.7064],[16.6576,53.8577],[16.8089,53.4643],[16.8089,53.8577],[16.6878,54.0392],[16.9904,54.1905],[17.1114,54.13],[17.7468,54.4325],[17.6576,54.6855],[18.2794,54.7241],[18.7595,54.5364],[18.3629,54.6689],[18.3385,54.6026],[18.4538,54.5254],[18.5132,54.3158],[18.6731,54.2551],[18.6849,54.254],[18.2817,53.3571],[18.5897,53.1004],[18.949,53.2544],[19.2057,53.2544],[19.565,53.4598],[20.0783,53.6651],[20.0783,53.5111],[20.3863,53.5111],[20.4282,53.7781],[20.7094,53.7581],[20.8098,53.6376],[21.1049,53.8191],[21.4643,53.8191],[21.3584,53.1973],[21.3584,52.6095],[21.3584,52.283],[21.7502,52.0218],[21.6849,51.5646],[21.4237,51.4993],[21.7502,50.781],[21.7681,49.7437],[21.3169,49.864],[21.2866,49.7732],[21.1353,49.8337],[20.984,49.743],[20.8933,49.8337],[20.8025,49.8337],[20.8933,49.743],[20.6815,49.6522],[20.5302,49.8035],[20.3487,49.743],[20.0159,49.8035],[19.8949,49.4707],[19.7133,49.5312],[19.5621,49.5312],[19.5621,49.7127],[19.3805,49.8035],[19.1385,49.7127],[19.1082,49.5917],[18.9267,49.622],[18.712,49.5896],[18.4703,49.9392]]]]}},{"type":"Feature","properties":{"NAME":"Lithuania","ABBREVN":"Lithuania","SUBJECTO":"Lithuania","BORDERPRECISION":1,"PARTOF":"Lithuania"},"geometry":{"type":"MultiPolygon","coordinates":[[[[22.2343,54.1271],[22.1829,54.5377],[22.0803,54.5891],[22.1316,54.7944],[21.9263,54.9484],[22.0289,55.2564],[21.6696,55.5131],[21.3103,55.5131],[21.1418,56.1273],[21.9045,56.35],[22.7454,56.35],[24.715,56.3404],[25.3074,56.4885],[26.2454,55.8961],[27.3705,55.7193],[27.3011,55.3523],[27.693,54.9605],[27.693,54.5034],[27.1052,53.9156],[27.0399,52.936],[26.1256,52.7401],[25.7991,52.283],[23.3828,52.3483],[22.5992,52.936],[22.2343,54.1271]]]]}},{"type":"Feature","properties":{"NAME":"Bulgar Khanate","ABBREVN":"Bulgar Khan.","SUBJECTO":"Bulgar Khanate","BORDERPRECISION":1,"PARTOF":"Bulgar Khanate"},"geometry":{"type":"MultiPolygon","coordinates":[[[[20.9942,44.7001],[21.3584,44.7729],[22.0767,44.4464],[22.338,44.7729],[22.6645,44.6423],[22.4686,44.3811],[22.9257,44.1852],[22.9257,43.7933],[23.5134,44.0546],[24.2318,43.7933],[24.6236,43.9893],[25.4726,43.728],[26.4522,44.2505],[27.9542,44.2505],[28.0848,44.577],[27.8236,44.8382],[28.0186,45.3155],[28.3683,45.3309],[28.4022,45.3594],[29.0644,45.1647],[29.7108,45.2583],[29.579,45.0575],[29.4575,44.9151],[29.2616,44.8954],[29.0897,44.8757],[28.9182,44.7658],[28.6862,44.4881],[28.5731,44.1978],[28.5299,43.8435],[28.5101,43.7431],[28.4805,43.5923],[28.4457,43.4764],[28.3281,43.4375],[28.1871,43.4501],[28.0346,43.3919],[27.8873,43.0635],[26.6481,42.5526],[26.5828,41.8342],[26.0603,42.0954],[24.2971,42.0301],[21.489,42.8791],[21.6849,43.728],[20.9942,44.7001]]]]}},{"type":"Feature","properties":{"NAME":"Novgorod","ABBREVN":"Novgorod","SUBJECTO":"Mongol Empire","BORDERPRECISION":1,"PARTOF":"Novgorod"},"geometry":{"type":"MultiPolygon","coordinates":[[[[28.8127,56.8835],[28.0926,56.7924],[28.0174,56.5669],[27.8227,56.7255],[27.6059,56.7069],[27.5107,57.6114],[27.6612,58.9376],[27.6633,58.9561],[27.702,59.2975],[27.8936,59.3461],[28.0159,59.4542],[28.0131,59.4582],[27.9734,59.5167],[27.8967,59.5338],[27.9417,59.6476],[28.0942,59.6647],[28.1631,59.5907],[28.2663,59.5622],[28.351,59.6021],[28.3091,59.6644],[28.4444,59.7337],[28.6627,59.6443],[28.7959,59.6722],[28.9363,59.8246],[29.0761,59.9078],[29.4136,59.86],[29.7655,59.7362],[29.9632,59.7366],[30.1266,59.806],[29.9529,59.9856],[29.6873,60.131],[28.6657,62.2087],[27.2316,63.3545],[30.604,64.938],[34.2934,65.3962],[34.332,65.3455],[34.4257,65.1065],[34.7729,64.6822],[34.8148,64.4598],[34.8846,64.3668],[35.0818,64.2883],[35.6233,64.2536],[36.0155,64.197],[36.24,63.9186],[36.4206,63.8761],[36.9875,63.8415],[37.2465,63.7849],[37.4105,63.7495],[37.5915,63.8069],[37.9449,63.8504],[38.0541,63.9863],[38.0539,64.1293],[37.8799,64.3079],[37.6681,64.3433],[37.4633,64.3],[37.262,64.3139],[36.9967,64.4066],[36.5685,64.7646],[36.8839,65.0677],[37.1019,65.0681],[37.6041,64.8528],[38.2529,64.7031],[39.1934,64.511],[39.6216,64.476],[39.9971,64.5412],[40.3222,64.4629],[40.4398,64.5636],[40.4621,64.7503],[40.366,64.8579],[39.9794,65.1531],[39.8231,65.4356],[39.9513,65.5812],[40.0369,65.6031],[40.6814,65.7936],[41.3542,65.9552],[41.6233,66.0652],[42.1334,66.3879],[42.2108,66.41],[42.4185,66.3811],[43.2414,66.2509],[43.8762,66.011],[44.0294,66.0112],[44.0528,66.0405],[48.0028,64.9522],[51.2681,63.2542],[53.0966,61.491],[54.7292,58.8788],[54.9216,58.113],[45.9648,57.7345],[46.0437,62.0787],[45.7171,62.2093],[41.2111,61.1645],[41.2111,60.4461],[40.9499,60.1849],[39.8397,60.1196],[37.8805,61.0339],[37.0969,61.1645],[36.3132,60.642],[36.2479,60.1196],[38.403,59.2706],[38.8601,58.3564],[37.7499,56.985],[36.1173,56.7237],[34.2888,57.8339],[33.5051,57.9645],[32.5255,57.8992],[32.4167,57.2785],[31.2812,57.2785],[30.7381,56.9822],[30.9356,56.3898],[30.6887,55.8961],[29.9482,56.5379],[29.0595,56.5379],[28.8127,56.8835]]]]}},{"type":"Feature","properties":{"NAME":"Ryazan","ABBREVN":"Riazan","SUBJECTO":"Mongol Empire","BORDERPRECISION":1,"PARTOF":"Ryazan"},"geometry":{"type":"MultiPolygon","coordinates":[[[[27.4283,47.3836],[27.1705,47.9729],[24.2971,48.7565],[21.7707,49.5917],[21.7707,49.743],[21.7681,49.7437],[21.7502,50.781],[21.4237,51.4993],[21.6849,51.5646],[21.7502,52.0218],[21.3584,52.283],[21.3584,52.6095],[21.3584,53.1973],[21.4643,53.8191],[22.2343,54.1271],[22.5992,52.936],[23.3828,52.3483],[25.7991,52.283],[26.1256,52.7401],[27.0399,52.936],[27.1052,53.9156],[27.693,54.5034],[27.693,54.9605],[27.3011,55.3523],[27.3705,55.7193],[27.6508,56.28],[27.6059,56.7069],[27.8227,56.7255],[28.0174,56.5669],[28.0926,56.7924],[28.8127,56.8835],[29.0595,56.5379],[29.9482,56.5379],[30.6887,55.8961],[30.9356,56.3898],[30.7381,56.9822],[31.2812,57.2785],[32.4167,57.2785],[32.5255,57.8992],[33.5051,57.9645],[34.2888,57.8339],[36.1173,56.7237],[37.7499,56.985],[38.8601,58.3564],[38.403,59.2706],[36.2479,60.1196],[36.3132,60.642],[37.0969,61.1645],[37.8805,61.0339],[39.8397,60.1196],[40.9499,60.1849],[41.2111,60.4461],[41.2111,61.1645],[45.7171,62.2093],[46.0437,62.0787],[45.9648,57.7345],[45.5865,57.3115],[45.7171,55.287],[45.3253,54.8952],[43.6274,54.9605],[43.1049,54.6993],[43.6274,53.9156],[43.6274,52.2177],[40.6887,50.9769],[38.7948,51.0422],[38.2724,50.9116],[38.1418,49.6055],[37.0316,49.7361],[34.6806,48.5606],[29.848,49.279],[29.4562,48.3647],[27.4283,47.3836]]]]}},{"type":"Feature","properties":{"NAME":"Serbia","ABBREVN":"Serbia","SUBJECTO":"Serbia","BORDERPRECISION":1,"PARTOF":"Serbia"},"geometry":{"type":"MultiPolygon","coordinates":[[[[17.548,42.9201],[17.3041,43.0762],[17.0751,43.2227],[16.9923,43.3227],[16.6398,43.3897],[16.7115,43.7713],[16.7015,43.8467],[16.8651,44.2447],[17.4575,44.146],[17.7538,44.3928],[18.9386,44.3928],[19.7851,44.9361],[20.2907,44.8997],[20.3137,44.9011],[20.7053,44.6423],[20.9942,44.7001],[21.6849,43.728],[21.489,42.8791],[20.7053,42.8138],[19.607,41.7615],[19.4579,41.7981],[19.3677,41.8464],[19.3385,41.862],[19.143,41.9321],[19.1355,41.9995],[18.9099,42.2178],[18.5286,42.3527],[18.5136,42.3621],[18.2487,42.5274],[18.0014,42.6945],[17.6464,42.8646],[17.5957,42.8889],[17.548,42.9201]]]]}},{"type":"Feature","properties":{"NAME":"Venice","ABBREVN":"Venice","SUBJECTO":"Venice","BORDERPRECISION":1,"PARTOF":"Venice"},"geometry":{"type":"MultiPolygon","coordinates":[[[[24.6564,37.9014],[24.7629,38.0033],[25.2722,37.5647],[25.4699,37.4381],[25.3178,37.4018],[24.9225,37.6912],[24.6564,37.9014]]],[[[22.8699,38.8372],[23.0143,38.9614],[23.2424,39.0441],[23.4097,38.9437],[23.7898,38.7186],[24.1319,38.6534],[24.2079,38.5524],[24.2915,38.1948],[24.588,38.1529],[24.5272,37.9674],[24.3143,37.9853],[24.1927,38.1529],[24.0254,38.3857],[23.6605,38.4036],[23.5997,38.4572],[23.6377,38.5226],[23.4629,38.6237],[23.1208,38.8668],[22.8699,38.8372]]],[[[13.3677,45.6945],[13.1562,45.7265],[13.1046,45.5824],[12.8987,45.5584],[12.4482,45.3943],[12.4832,45.4623],[12.2797,45.4023],[12.2514,45.2903],[12.1804,45.2703],[12.1762,45.2143],[11.9707,45.4362],[12.1448,45.7628],[12.6455,45.9151],[13.0809,45.9804],[13.3677,45.6945]]],[[[14.1746,45.0104],[14.1885,44.9425],[14.0604,44.8947],[13.9913,44.7831],[13.8951,44.7592],[13.6721,45.0504],[13.6436,45.1791],[13.5269,45.4543],[13.5563,45.4596],[13.7491,45.4943],[13.8,45.5664],[13.9951,45.458],[13.9516,45.3927],[13.7992,45.3056],[13.9081,44.9791],[14.1746,45.0104]]],[[[24.6935,34.9405],[24.7156,35.0348],[24.6901,35.0924],[24.3244,35.2078],[24.0132,35.2104],[23.7856,35.2629],[23.5677,35.255],[23.5131,35.276],[23.4669,35.3179],[23.5294,35.5696],[23.6715,35.5722],[23.6691,35.6116],[23.6651,35.6667],[23.6967,35.6981],[23.7337,35.6273],[23.7429,35.5618],[23.8795,35.5524],[23.9568,35.5277],[24.039,35.5618],[24.0333,35.5985],[24.0819,35.6116],[24.1527,35.5644],[24.1358,35.5224],[24.0915,35.5198],[24.0733,35.4962],[24.1132,35.4857],[24.1777,35.47],[24.2197,35.449],[24.2296,35.3913],[24.3883,35.373],[24.7686,35.428],[24.9975,35.421],[25.0136,35.3625],[25.1001,35.3467],[25.374,35.3179],[25.5116,35.2948],[25.6732,35.3494],[25.7135,35.327],[25.6685,35.1868],[25.7418,35.137],[25.789,35.137],[25.9355,35.213],[26.0642,35.2392],[26.0994,35.2156],[26.1688,35.2471],[26.2735,35.3127],[26.236,35.2288],[26.2427,35.1449],[26.1605,35.0243],[25.8987,35.0453],[25.7417,35.0089],[25.5907,35.0164],[24.6935,34.9405]]]]}},{"type":"Feature","properties":{"NAME":"Corsica","ABBREVN":"Corsica","SUBJECTO":"Corsica","BORDERPRECISION":1,"PARTOF":"Corsica"},"geometry":{"type":"MultiPolygon","coordinates":[[[[9.4322,42.7941],[9.4055,42.5806],[9.4586,42.5561],[9.4867,42.4064],[9.4525,42.0483],[9.3575,41.9012],[9.3045,41.5753],[9.173,41.3499],[9.0389,41.3695],[9.0133,41.4577],[8.8288,41.492],[8.7269,41.5606],[8.8546,41.6537],[8.8233,41.688],[8.6269,41.7321],[8.7424,41.8816],[8.6928,41.9135],[8.5619,41.8816],[8.5379,41.9478],[8.5896,41.9576],[8.6683,42.0287],[8.6265,42.0973],[8.5107,42.1341],[8.5172,42.2077],[8.6284,42.2617],[8.5004,42.3598],[8.6093,42.4873],[8.879,42.6248],[9.0004,42.6346],[9.0184,42.691],[9.1495,42.7107],[9.2377,42.664],[9.2804,42.7279],[9.2705,42.8825],[9.3032,42.9832],[9.3671,42.9881],[9.4142,42.9095],[9.4322,42.7941]]]]}},{"type":"Feature","properties":{"NAME":"Papal States","ABBREVN":"Papal States","SUBJECTO":"Papal States","BORDERPRECISION":1,"PARTOF":"Papal States"},"geometry":{"type":"MultiPolygon","coordinates":[[[[12.6972,43.9348],[13.6009,43.5348],[13.7316,43.3742],[13.7916,43.1233],[13.9151,42.8728],[14.0764,42.6338],[13.9958,42.6134],[13.9294,42.5304],[13.8298,42.5636],[13.8298,42.4806],[13.7634,42.464],[13.7136,42.3976],[13.6305,42.5304],[13.5475,42.4308],[13.4147,42.3644],[13.4645,42.2315],[13.4147,42.1983],[13.5807,42.0987],[13.5807,42.0489],[13.6305,42.0157],[13.6305,41.9327],[13.5641,41.8662],[13.5973,41.7998],[13.6471,41.75],[13.6471,41.7998],[13.863,41.75],[13.863,41.7832],[13.9294,41.75],[13.8796,41.667],[13.8796,41.6338],[13.9294,41.6338],[13.9626,41.5176],[13.9626,41.4677],[14.029,41.4013],[13.9958,41.3515],[13.9792,41.3349],[13.8132,41.3183],[13.7605,41.2067],[13.4984,41.3019],[13.2714,41.3142],[12.9768,41.3714],[12.6415,41.5311],[12.3948,41.7295],[11.9634,42.0047],[11.9601,42.0074],[12.0199,42.0987],[12.0033,42.2481],[12.0697,42.298],[12.0531,42.5304],[12.1297,42.596],[12.1694,42.63],[12.1528,42.6965],[12.186,42.9123],[12.1694,42.9123],[12.1528,43.0617],[12.2192,43.2278],[12.3022,43.2776],[12.3022,43.344],[12.6972,43.9348]]]]}},{"type":"Feature","properties":{"NAME":"Sicily","ABBREVN":"Sicily","SUBJECTO":"Sicily","BORDERPRECISION":1,"PARTOF":"Sicily"},"geometry":{"type":"MultiPolygon","coordinates":[[[[14.0764,42.6338],[14.0928,42.6095],[14.4049,42.3531],[14.5193,42.2297],[14.72,42.1418],[14.7385,42.0472],[14.9224,41.9718],[15.4486,41.8567],[16.0128,41.9043],[16.1874,41.8409],[16.1984,41.7457],[15.9891,41.6346],[15.8733,41.5021],[15.991,41.4061],[16.4203,41.2787],[16.946,41.0938],[17.3193,40.9293],[18.0339,40.5967],[18.0599,40.5135],[18.3836,40.3078],[18.5226,40.0941],[18.4337,39.8984],[18.3649,39.7467],[18.1601,39.8731],[18.0171,39.9479],[17.9677,40.1669],[17.8496,40.2435],[17.6191,40.2878],[17.4017,40.2919],[17.2042,40.3979],[17.2428,40.4958],[17.0841,40.5251],[16.9487,40.4811],[16.8441,40.3631],[16.7276,40.1836],[16.6044,40.0899],[16.6239,39.9678],[16.535,39.8316],[16.5321,39.6975],[16.874,39.5437],[17.1491,39.4218],[17.1074,39.2805],[17.121,39.086],[17.1807,39.0222],[17.0947,38.915],[16.7977,38.9259],[16.6133,38.8273],[16.5222,38.725],[16.572,38.4571],[16.3307,38.3207],[16.0529,37.9312],[15.7852,37.9097],[15.7102,37.9414],[15.6275,38.0042],[15.6266,38.2331],[15.7909,38.2964],[15.9335,38.5399],[15.8273,38.6227],[15.9898,38.7348],[16.1522,38.7013],[16.2122,38.778],[16.1772,38.931],[16.0826,39.0125],[15.9896,39.4284],[15.8247,39.6606],[15.757,39.9336],[15.6662,40.0919],[15.5159,40.0659],[15.432,39.989],[15.0273,40.2122],[14.8987,40.2415],[14.9923,40.3722],[14.951,40.5515],[14.7433,40.7048],[14.3341,40.5936],[14.3498,40.6425],[14.4946,40.73],[14.3703,40.8515],[14.24,40.8529],[14.0509,40.7675],[13.9419,40.998],[13.8525,41.091],[13.797,41.1934],[13.7605,41.2067],[13.8132,41.3183],[13.9792,41.3349],[13.9958,41.3515],[14.029,41.4013],[13.9626,41.4677],[13.9626,41.5176],[13.9294,41.6338],[13.8796,41.6338],[13.8796,41.667],[13.9294,41.75],[13.863,41.7832],[13.863,41.75],[13.6471,41.7998],[13.6471,41.75],[13.5973,41.7998],[13.5641,41.8662],[13.6305,41.9327],[13.6305,42.0157],[13.5807,42.0489],[13.5807,42.0987],[13.4147,42.1983],[13.4645,42.2315],[13.4147,42.3644],[13.5475,42.4308],[13.6305,42.5304],[13.7136,42.3976],[13.7634,42.464],[13.8298,42.4806],[13.8298,42.5636],[13.9294,42.5304],[13.9958,42.6134],[14.0764,42.6338]]],[[[14.9424,36.7386],[14.622,36.7761],[14.2159,37.0493],[13.8684,37.157],[13.0116,37.5249],[12.6369,37.5815],[12.532,37.6387],[12.4541,37.766],[12.5166,37.9192],[12.6643,38.0725],[12.7828,38.1174],[13.066,38.0669],[13.3225,38.2205],[13.628,38.0298],[13.8095,37.9664],[14.1345,37.9735],[14.7659,38.0576],[15.3867,38.2055],[15.4537,38.1674],[15.4729,38.1101],[15.4225,38.0526],[15.181,37.6823],[15.1122,37.459],[15.1162,37.2869],[15.3013,37.0579],[15.2206,37.0004],[15.0273,36.7451],[14.9424,36.7386]]]]}},{"type":"Feature","properties":{"NAME":"Hungary","ABBREVN":"Hungary","SUBJECTO":"Hungary","BORDERPRECISION":1,"PARTOF":"Hungary"},"geometry":{"type":"MultiPolygon","coordinates":[[[[21.7707,49.743],[21.7707,49.5917],[24.2971,48.7565],[27.1705,47.9729],[27.4283,47.3836],[27.6277,46.928],[27.3664,46.3402],[26.5175,45.8178],[23.0563,45.0341],[22.6645,44.6423],[22.338,44.7729],[22.0767,44.4464],[21.3584,44.7729],[20.9942,44.7001],[20.7053,44.6423],[20.3137,44.9011],[20.2907,44.8997],[19.7851,44.9361],[18.9386,44.3928],[17.7538,44.3928],[17.4575,44.146],[16.8651,44.2447],[16.7015,43.8467],[16.7115,43.7713],[16.6398,43.3897],[16.5485,43.4613],[16.3667,43.513],[16.0594,43.4335],[15.9128,43.6522],[15.4944,43.8884],[15.4123,43.9348],[15.1495,44.2399],[15.2744,44.2366],[15.5482,44.2293],[15.2859,44.3289],[14.9891,44.54],[14.907,44.7233],[14.9455,44.9266],[14.8154,45.0779],[14.5246,45.2663],[14.3545,45.3229],[14.5267,45.783],[14.7985,45.8645],[14.88,45.484],[15.4236,45.4297],[15.4698,45.7341],[16.1222,45.5819],[16.2091,45.7341],[16.0787,45.8863],[16.2091,46.1472],[16.4483,46.1037],[16.5353,46.3647],[16.2961,46.4082],[16.5135,46.6256],[16.4483,46.7778],[16.4483,46.93],[16.557,47.0605],[16.557,47.1909],[16.644,47.2997],[16.557,47.4954],[16.6223,47.7346],[16.7962,47.8433],[17.4078,47.8215],[17.4621,48.0662],[17.2175,48.0662],[17.1903,48.4467],[17.3534,48.9631],[17.8698,48.8],[18.1145,48.8544],[18.1145,48.9903],[18.2232,48.9903],[18.2504,49.1805],[18.5222,49.5611],[18.712,49.5896],[18.9267,49.622],[19.1082,49.5917],[19.1385,49.7127],[19.3805,49.8035],[19.5621,49.7127],[19.5621,49.5312],[19.7133,49.5312],[19.8949,49.4707],[20.0159,49.8035],[20.3487,49.743],[20.5302,49.8035],[20.6815,49.6522],[20.8933,49.743],[20.8025,49.8337],[20.8933,49.8337],[20.984,49.743],[21.1353,49.8337],[21.2866,49.7732],[21.3169,49.864],[21.7681,49.7437],[21.7707,49.743]]]]}},{"type":"Feature","properties":{"NAME":"France","ABBREVN":"France","SUBJECTO":"France","BORDERPRECISION":1,"PARTOF":"France"},"geometry":{"type":"MultiPolygon","coordinates":[[[[1.9866,50.2197],[1.9866,50.0816],[2.1477,50.0586],[2.4009,50.1967],[2.6771,50.1506],[2.9073,49.9435],[3.4827,49.9205],[3.8203,50.0394],[4.2552,49.8872],[5.3611,49.6968],[5.9093,49.2009],[5.9039,49.1958],[5.6116,49.2097],[5.723,48.9592],[5.876,49.0705],[6.0013,48.9035],[5.8343,48.7783],[6.0152,48.653],[5.9456,48.3469],[6.2379,48.2912],[6.2518,47.9572],[6.0987,48.0268],[6.0569,47.9572],[5.9595,47.985],[5.9595,47.8041],[5.8204,47.7346],[5.9178,47.5954],[5.7925,47.5119],[5.7786,47.3588],[5.7369,47.2336],[5.6673,47.1083],[5.7939,46.9972],[5.757,46.8867],[5.6464,46.8498],[5.6255,46.6491],[5.7397,46.5978],[5.7249,46.48],[5.6457,46.4567],[5.4156,46.5242],[5.2683,46.318],[5.5334,46.097],[5.5334,46.0086],[5.3567,46.0528],[5.3567,45.876],[5.6071,45.8466],[5.8234,45.3962],[5.9345,45.3221],[5.9469,45.2604],[6.0581,45.2233],[6.0334,45.3345],[6.0828,45.3715],[6.1445,45.3221],[6.2187,45.3468],[6.2681,45.3221],[6.2434,45.2974],[6.2804,45.1986],[6.5073,45.1157],[6.6653,44.9545],[6.9426,44.8687],[7.0035,44.7195],[6.9247,44.715],[6.7829,44.5479],[6.8698,44.3492],[6.7869,44.2968],[6.7869,44.198],[6.8363,44.1115],[6.8857,44.1486],[6.9351,44.1362],[6.9722,44.0621],[6.9969,44.0497],[6.9228,43.9756],[6.9598,43.9139],[6.8857,43.9015],[6.9228,43.815],[7.3552,43.9015],[7.3971,43.7641],[7.2976,43.6673],[6.9231,43.4477],[6.523,43.1509],[6.3312,43.1119],[6.1878,43.0923],[5.8286,43.0208],[5.6466,43.0333],[5.4345,43.1037],[5.0518,43.3281],[4.9098,43.3664],[4.7506,43.3533],[4.6465,43.3209],[4.4168,43.3461],[4.0782,43.4871],[3.8075,43.4672],[3.4787,43.3121],[3.3179,43.196],[3.0679,42.9446],[3.0393,42.8692],[2.9489,42.883],[2.825,42.8498],[2.7011,42.73],[2.4896,42.7189],[2.4806,42.6856],[2.2721,42.6901],[2.1029,42.6145],[1.7282,42.501],[1.7313,42.5455],[1.7917,42.5789],[1.7554,42.5967],[1.5772,42.6479],[1.4563,42.619],[1.3205,42.605],[1.3075,42.6352],[0.7442,42.7719],[0.5841,42.7719],[0.5919,42.6283],[0.3478,42.6352],[0.1963,42.6078],[0.1796,42.6625],[-0.1656,42.6488],[-0.2037,42.7003],[-0.2161,42.7172],[-0.4099,42.7856],[1.6378,45.801],[1.6378,46.0329],[1.2901,46.3033],[0.3629,46.3033],[0.131,46.0329],[-0.7189,46.0329],[-1.2561,46.3068],[-1.4027,46.4039],[-1.7107,46.4488],[-1.9425,46.7058],[-2.1297,46.8508],[-2.0046,47.0425],[-2.1095,47.124],[-2.2637,47.1829],[-2.4937,47.2469],[-2.5755,47.324],[-2.0104,47.7457],[-1.752,48.1782],[-1.9991,48.677],[-2.076,48.6562],[-2.2001,48.599],[-2.3429,48.6741],[-2.6364,48.552],[-2.7905,48.5896],[-2.9145,48.7068],[-3.0912,48.8716],[-3.4351,48.8365],[-3.5577,48.8101],[-3.6079,48.693],[-3.8213,48.7211],[-3.9022,48.646],[-3.9989,48.7305],[-4.2515,48.6519],[-4.4883,48.6123],[-4.6257,48.5467],[-4.762,48.552],[-4.7796,48.3548],[-4.762,48.552],[-4.6257,48.5467],[-4.4883,48.6123],[-4.2515,48.6519],[-3.9989,48.7305],[-3.9022,48.646],[-3.8213,48.7211],[-3.6079,48.693],[-3.5577,48.8101],[-3.4351,48.8365],[-3.0912,48.8716],[-2.9145,48.7068],[-2.7905,48.5896],[-2.6364,48.552],[-2.3429,48.6741],[-2.2001,48.599],[-2.076,48.6562],[-1.8706,48.7117],[-1.8576,48.6084],[-1.5914,48.6375],[-1.4566,48.6836],[-1.5755,48.7681],[-1.5884,48.881],[-1.5634,49.0362],[-1.5798,49.229],[-1.639,49.2196],[-1.8915,49.5264],[-1.9413,49.7093],[-1.5242,49.6528],[-1.251,49.6999],[-1.2887,49.521],[-1.1771,49.3325],[-1.0232,49.3985],[-0.4649,49.3514],[-0.2394,49.2855],[-0.2037,49.2918],[0.0329,49.3337],[0.3308,49.455],[0.0904,49.5106],[0.1151,49.6023],[0.1894,49.681],[0.5286,49.8258],[0.8688,49.9072],[1.2745,50.0043],[1.4162,50.1098],[1.552,50.2288],[1.5283,50.5777],[1.5889,50.8219],[1.7962,50.9214],[1.8255,50.2427],[1.9866,50.2197]]],[[[1.3644,42.4096],[1.3487,42.5395],[1.3487,42.5395],[1.3644,42.4096],[1.3644,42.4096]]],[[[-2.4655,47.4944],[-2.4655,47.4944],[-2.5765,47.3249],[-2.5765,47.3249],[-2.4655,47.4944]]],[[[-4.3909,47.9418],[-4.3909,47.9418],[-4.3644,47.8293],[-4.3644,47.8293],[-4.3909,47.9418]]],[[[-4.3129,48.1013],[-4.351,48.2046],[-4.3129,48.1013],[-4.7003,48.0638],[-4.3129,48.1013]]],[[[-4.3889,48.2984],[-4.3502,48.3905],[-4.3889,48.2984],[-4.588,48.2515],[-4.3889,48.2984]]]]}},{"type":"Feature","properties":{"NAME":"Granada","ABBREVN":"Granada","SUBJECTO":"Granada","BORDERPRECISION":1,"PARTOF":"Granada"},"geometry":{"type":"MultiPolygon","coordinates":[[[[-2.6243,36.8113],[-2.7615,36.6901],[-2.9153,36.6901],[-2.9698,36.7411],[-4.4466,36.722],[-4.7573,36.4861],[-5.2167,36.4096],[-5.3742,36.2375],[-5.3867,36.11],[-5.4243,36.0717],[-5.4571,36.1674],[-5.4879,36.1737],[-5.4855,36.0654],[-5.6606,36.008],[-5.85,36.0717],[-6.2045,36.2821],[-6.305,36.4542],[-6.2889,36.5722],[-6.444,36.6232],[-6.5005,36.7188],[-6.4217,36.7922],[-6.6322,37.0218],[-5.2007,37.5329],[-3.9644,37.4557],[-2.6243,36.8113]]]]}},{"type":"Feature","properties":{"NAME":"Castile","ABBREVN":"Castile","SUBJECTO":"Castile","BORDERPRECISION":1,"PARTOF":"Castile"},"geometry":{"type":"MultiPolygon","coordinates":[[[[-8.8061,41.8892],[-8.8605,42.0145],[-8.7986,42.1945],[-8.6441,42.4197],[-8.805,42.6316],[-8.9417,42.8242],[-9.1731,42.8559],[-9.2469,42.9008],[-9.2708,43.0487],[-9.1975,43.1582],[-9.0136,43.2809],[-8.8492,43.3262],[-8.5957,43.3396],[-8.3104,43.353],[-8.2507,43.4304],[-8.2202,43.6172],[-7.9795,43.7401],[-7.6363,43.7214],[-7.1513,43.5549],[-6.808,43.5234],[-6.4676,43.5627],[-6.208,43.6405],[-5.9797,43.7054],[-5.8205,43.7057],[-5.5374,43.5775],[-5.2249,43.5072],[-4.8023,43.4694],[-4.1102,43.4515],[-3.8476,43.4392],[-3.417,43.3757],[-3.196,43.4469],[-3.0072,43.5503],[-2.7684,43.5379],[-2.3674,43.3262],[-2.1429,43.3315],[-2.1397,43.1358],[-2.5558,43.0763],[-2.6746,42.4226],[-2.1992,42.2443],[-2.0803,42.066],[-2.318,42.066],[-2.2586,41.8283],[-2.13,41.8166],[-2.1493,41.4931],[-2.3014,41.4931],[-2.3014,41.2649],[-2.0352,41.2268],[-1.921,40.6182],[-2.3014,40.39],[-2.3014,40.2379],[-1.9971,40.0857],[-1.9971,39.9716],[-1.8069,39.8575],[-1.9971,39.7434],[-1.9971,39.5913],[-1.8069,39.4772],[-1.8069,39.1729],[-2.0352,39.2489],[-2.0352,38.6023],[-1.8069,38.5262],[-1.8069,38.26],[-1.6548,38.1839],[-1.6548,37.9177],[-1.883,37.9557],[-2.0352,37.8416],[-1.921,37.6514],[-2.1493,37.233],[-1.9405,36.9516],[-2.2388,36.7284],[-2.3551,36.8241],[-2.6243,36.8113],[-3.9644,37.4557],[-5.2007,37.5329],[-6.6322,37.0218],[-6.948,37.1493],[-7.0101,37.1653],[-7.2278,37.2259],[-7.4915,37.2082],[-7.488,37.2164],[-7.3514,37.6444],[-7.2425,37.8109],[-6.8448,38.1002],[-7.0281,38.2396],[-7.3939,38.295],[-7.3173,38.4996],[-7.0894,38.7945],[-6.9334,38.9613],[-7.0069,39.0503],[-7.2114,39.2982],[-7.431,39.5205],[-7.3013,39.5787],[-7.0842,39.5991],[-6.8783,39.7024],[-6.8587,39.7919],[-6.8842,40.214],[-6.8249,40.6566],[-6.8572,40.8616],[-6.8344,41.0605],[-6.7966,41.0928],[-6.2411,41.3205],[-6.1115,41.4175],[-6.1395,41.5264],[-6.5184,41.7491],[-6.5861,41.8579],[-6.7087,41.96],[-6.8595,41.9849],[-7.0984,41.868],[-7.9186,41.8892],[-8.1573,42.087],[-8.405,42.0021],[-8.8061,41.8892]]]]}},{"type":"Feature","properties":{"NAME":"Mamluke Sultanate","ABBREVN":"Mamluke","SUBJECTO":"Mamluke Sultanate","BORDERPRECISION":1,"PARTOF":"Mamluke Sultanate"},"geometry":{"type":"MultiPolygon","coordinates":[[[[34.9355,29.4181],[34.7643,29.2467],[34.5489,28.7316],[34.3988,28.096],[34.322,27.829],[34.2412,27.7589],[34.058,27.7903],[33.856,28.025],[33.5041,28.3292],[33.3307,28.5512],[33.1785,28.9956],[32.9438,29.1984],[32.8136,29.4777],[32.7373,29.6935],[32.648,29.8522],[32.4384,29.7755],[32.3185,29.5402],[32.5906,28.9372],[32.6493,28.7658],[32.9347,28.3788],[33.3542,27.9095],[33.5669,27.37],[33.8041,26.9321],[33.9288,26.5638],[34.1042,26.3545],[34.5148,25.5739],[34.9974,24.7172],[35.1899,24.3999],[32.5142,23.7331],[30.8189,23.6594],[29.3447,24.028],[27.4283,27.1974],[25.4382,28.0082],[21.6791,28.0819],[17.9705,28.6124],[17.9572,30.7684],[18.5372,30.4137],[18.8854,30.2212],[18.915,30.2049],[19.1245,30.1989],[19.3188,30.2554],[19.3228,30.2565],[19.6639,30.4415],[19.9815,30.7217],[20.1168,30.9571],[20.1167,31.0715],[19.9921,31.3508],[19.9416,31.6112],[19.9615,31.7955],[20.0684,32.0371],[20.3657,32.2982],[20.5155,32.3875],[20.7651,32.496],[21.0545,32.6301],[21.6734,32.8156],[22.216,32.7913],[22.5431,32.7221],[22.9228,32.5577],[23.0073,32.4816],[23.0267,32.2529],[23.1533,32.1388],[23.2886,32.1327],[23.714,32.0764],[23.7424,32.0641],[24.0344,31.9373],[24.2369,31.925],[24.8159,31.9072],[24.9515,31.8185],[24.9822,31.647],[25.1066,31.5138],[25.2582,31.4379],[25.5072,31.4448],[25.7895,31.4898],[26.1433,31.4906],[26.824,31.3586],[27.0881,31.3067],[27.4388,31.2518],[27.7633,31.1826],[27.9194,30.9987],[28.0998,30.9991],[28.5172,30.9618],[28.9664,30.7848],[29.2488,30.7537],[29.3594,30.8111],[29.6831,31.0532],[30.0991,31.2319],[30.4761,31.3153],[30.8271,31.4367],[30.996,31.4689],[31.1514,31.4437],[31.3923,31.4443],[31.7174,31.3878],[31.8081,31.1783],[32.0765,31.0137],[32.3094,31.084],[32.5972,30.9639],[32.7687,30.9516],[33.0214,31.1321],[33.1296,31.0517],[33.2546,31.0265],[33.5576,30.9677],[33.7096,30.9957],[33.917,31.0701],[34.1463,31.2086],[34.1953,31.2381],[34.5007,31.6211],[34.5991,31.8179],[34.6813,32.046],[34.7585,32.3007],[34.8429,32.6707],[34.895,32.6628],[34.9566,32.7048],[34.9591,32.7967],[34.972,32.9384],[35.089,33.0693],[35.1323,33.2315],[35.2084,33.3336],[35.3561,33.6398],[35.3486,33.7445],[35.4299,33.7445],[35.4919,33.8308],[35.5244,33.9748],[35.5321,34.1187],[35.7162,34.3124],[35.821,34.3438],[35.8731,34.4223],[35.8519,34.4929],[35.7508,34.7468],[35.8089,35.0138],[35.8414,35.0426],[35.7964,35.2707],[35.6073,35.4175],[35.664,35.4595],[35.6804,35.5277],[35.7332,35.5854],[35.6914,35.685],[35.7395,35.6903],[35.8559,35.8345],[35.8291,35.8848],[35.7185,36.0916],[35.6649,36.1335],[35.7086,36.2122],[35.8141,36.2985],[38.3722,35.1409],[38.0364,34.5972],[37.2119,33.5665],[36.5248,31.1615],[36.5935,29.7873],[37.3635,27.9574],[37.4209,27.8341],[39.0742,25.5021],[40.1798,24.028],[41.138,22.4064],[41.8125,21.7126],[41.9226,20.7665],[40.8198,19.6847],[40.6938,19.8687],[40.3363,20.0967],[39.7641,20.4068],[39.5269,20.6922],[39.1667,21.2188],[39.1304,21.6508],[39.1033,22.0002],[39.1022,22.4004],[39.0556,22.5719],[38.9151,22.8702],[38.4901,23.6127],[38.3294,23.8347],[37.9884,24.1136],[37.7818,24.2148],[37.5572,24.2715],[37.4188,24.3983],[37.2015,24.6583],[37.2685,24.9698],[37.2183,25.1666],[37.0053,25.5347],[36.6693,26.0168],[36.3298,26.4028],[36.3122,26.4227],[35.8311,27.0952],[35.5948,27.514],[35.4365,27.7297],[35.1116,28.0721],[34.8756,28.097],[34.7639,28.0967],[34.7989,28.2302],[34.8856,28.3575],[35.0257,28.9486],[35.0721,29.2114],[35.0955,29.3427],[35.0734,29.4189],[34.9847,29.4672],[34.9543,29.4368],[34.9355,29.4181]]]]}},{"type":"Feature","properties":{"NAME":"Hafsid Caliphate","ABBREVN":"Hafsid Cal.","SUBJECTO":"Hafsid Caliphate","BORDERPRECISION":1,"PARTOF":"Hafsid Caliphate"},"geometry":{"type":"MultiPolygon","coordinates":[[[[6.5029,32.7326],[5.6813,32.8154],[2.4531,32.6687],[-1.0813,32.4539],[-1.8022,32.4272],[-1.6102,33.0485],[-1.6811,33.2578],[-1.6739,33.83],[-1.664,34.2051],[-1.7382,34.6051],[-1.8233,34.7],[-2.0766,34.8257],[-2.193,35.0542],[-2.0353,35.0546],[-1.7383,35.1188],[-1.4951,35.2339],[-1.3291,35.4889],[-1.1467,35.6294],[-0.9175,35.668],[-0.7343,35.7385],[-0.4288,35.8601],[-0.283,35.7585],[-0.2037,35.7507],[-0.0917,35.7398],[0.0153,35.8037],[0.1987,36.0333],[0.4744,36.225],[0.7812,36.3849],[1.0576,36.4619],[1.5797,36.5139],[2.2938,36.5408],[2.5244,36.5732],[2.8099,36.7139],[3.07,36.6189],[3.3238,36.6512],[3.5869,36.792],[3.7412,36.8369],[4.1639,36.8314],[4.3946,36.8382],[4.5326,36.813],[4.6321,36.7941],[4.7772,36.7434],[5.1445,36.6677],[5.3827,36.6745],[5.7302,36.7517],[6.0474,36.8416],[6.3229,37.0906],[6.7705,36.8621],[6.923,36.8178],[7.0632,36.8819],[7.2049,36.9905],[7.307,37.0608],[7.5449,37.0421],[7.719,36.9533],[7.792,36.8324],[7.9132,36.7752],[8.145,36.8139],[8.6367,36.8853],[8.8655,36.9684],[9.1503,37.1729],[9.4161,37.2754],[9.7322,37.2824],[10.0214,37.2001],[10.1327,37.1047],[10.1589,36.9965],[10.2715,36.7546],[10.3928,36.7166],[10.5806,36.7934],[10.8433,36.9915],[11.0238,37.0683],[11.0394,36.909],[10.9201,36.6539],[10.6334,36.424],[10.5092,36.2136],[10.5115,36.0862],[10.6026,35.8889],[10.8308,35.6793],[10.989,35.6223],[11.1251,35.2406],[11.0828,35.145],[10.8394,34.8012],[10.574,34.6481],[10.1164,34.2342],[10.0195,34.0815],[10.1487,33.8784],[10.4126,33.6311],[10.6502,33.4982],[10.7781,33.473],[10.9565,33.5751],[11.0991,33.5372],[11.2089,33.2515],[11.4707,33.1441],[12.117,32.8785],[12.5648,32.7396],[12.7989,32.7338],[13.1871,32.7918],[13.4588,32.7796],[14.157,32.6794],[14.4334,32.4639],[14.7908,32.363],[15.0098,32.3634],[15.1637,32.2748],[15.2414,32.1733],[15.3581,31.805],[15.5334,31.5512],[15.8433,31.285],[16.0134,31.2282],[16.3184,31.1653],[16.7825,31.1281],[16.9838,31.0967],[17.4216,30.996],[17.709,30.8949],[17.9572,30.7684],[17.9705,28.6124],[17.002,28.751],[12.5327,30.8049],[10.5432,31.5713],[7.8923,32.5926],[6.5029,32.7326]]]]}},{"type":"Feature","properties":{"NAME":"Trebizond","ABBREVN":"Trebizond","SUBJECTO":"Trebizond","BORDERPRECISION":1,"PARTOF":"Trebizond"},"geometry":{"type":"MultiPolygon","coordinates":[[[[36.1583,41.3576],[35.4039,41.4006],[34.6619,41.8702],[34.6629,41.8756],[35.0019,42.0432],[35.0988,41.8059],[35.2861,41.6715],[35.4114,41.6268],[35.6779,41.6209],[35.9578,41.6856],[36.1583,41.3576]]],[[[37.2528,41.0277],[37.8218,41.0096],[38.314,40.9209],[38.6512,40.9216],[39.1386,41.0443],[39.3702,41.064],[39.663,41.0005],[40.0067,40.9563],[40.361,40.9634],[40.6099,41.028],[41.2931,41.2858],[41.484,41.4365],[40.7618,40.5688],[40.2044,40.3598],[38.8111,40.1508],[37.7661,40.2901],[37.2528,41.0277]]],[[[33.1899,41.9524],[32.8056,41.5491],[31.2972,40.9365],[31.0354,41.0488],[31.2177,41.0541],[31.4041,41.1635],[31.3857,41.285],[31.6664,41.3948],[31.8713,41.4914],[32.419,41.7492],[32.6879,41.846],[33.1555,41.9496],[33.1899,41.9524]]]]}},{"type":"Feature","properties":{"NAME":"Ilkhanate","ABBREVN":"Ilkhanate","SUBJECTO":"Mongol Empire","BORDERPRECISION":1,"PARTOF":"Mongol Empire"},"geometry":{"type":"MultiPolygon","coordinates":[[[[45.8609,42.4741],[47.3949,42.5878],[47.844,42.6211],[47.9699,42.5941],[48.1318,42.4053],[48.2217,42.2794],[48.4195,42.0905],[48.5004,41.9287],[48.6623,41.9017],[48.6832,41.8359],[48.8925,41.687],[48.9989,41.5168],[49.1159,41.4317],[49.2435,41.2934],[49.2861,41.0594],[49.3499,40.953],[49.4775,40.836],[49.6052,40.7615],[49.6052,40.6871],[49.8073,40.5807],[50.0201,40.602],[50.1902,40.5701],[50.3179,40.4956],[50.4243,40.4105],[50.4668,40.3254],[50.4668,40.2616],[50.3073,40.3254],[50.1264,40.3467],[50.0307,40.3467],[49.9137,40.3254],[49.8499,40.2722],[49.669,40.2403],[49.5733,40.1765],[49.552,40.0914],[49.5414,39.8786],[49.4882,39.7616],[49.4456,39.6553],[49.4031,39.4851],[49.4988,39.3787],[49.4882,39.2936],[49.3818,39.3255],[49.3393,39.283],[49.3074,39.134],[49.2754,39.017],[49.2223,39.0383],[49.1797,39.1447],[49.1159,39.1872],[49.0414,39.1447],[49.0201,39.0064],[49.0521,38.9319],[48.9989,38.8787],[48.9457,38.8362],[48.9882,38.7192],[48.825,38.3096],[48.8315,38.3063],[48.8092,37.9886],[48.7448,37.727],[48.8372,37.511],[49.0595,37.3976],[49.4758,37.2916],[49.848,37.2682],[50.0387,37.2247],[50.1113,37.0978],[50.2522,36.8948],[50.561,36.6864],[51.417,36.4557],[51.7955,36.4323],[51.9931,36.4589],[52.6022,36.5769],[53.139,36.6435],[53.7997,36.679],[53.9845,36.7819],[54.0674,36.9415],[54.0087,37.3487],[54.0151,37.3483],[53.9852,37.5177],[53.9278,37.8242],[53.8799,38.0254],[53.9373,38.1594],[53.9373,38.3318],[53.9373,38.5713],[53.9852,38.6575],[54.0331,38.7916],[54.0714,38.8969],[55.6424,40.0503],[56.7687,41.3724],[60.0256,42.3616],[61.1096,41.1873],[62.0129,41.1873],[62.1032,40.3744],[63.7291,39.4711],[64.6324,38.8388],[66.5293,38.1162],[66.7099,37.2129],[67.3422,37.2129],[67.8842,36.8516],[69.8263,31.757],[68.2365,29.3724],[67.7482,28.3945],[66.3001,25.4947],[65.7688,25.3093],[65.2157,25.2701],[64.8512,25.2058],[64.425,25.1731],[64.2383,25.2108],[64.1201,25.3122],[64.0592,25.401],[63.6503,25.3366],[63.4035,25.1646],[63.0181,25.1574],[62.4496,25.1626],[62.1383,25.1048],[61.8133,25.0533],[61.57,25.0396],[61.344,25.0269],[60.8583,25.0957],[60.7522,25.1844],[60.4796,25.2982],[60.2982,25.3232],[59.6546,25.3219],[59.3021,25.3402],[59.0315,25.3079],[58.818,25.4789],[58.7444,25.536],[58.3687,25.5479],[58.1096,25.5473],[57.9005,25.5409],[57.8051,25.6483],[57.4649,25.7048],[57.328,25.7871],[57.2548,25.7933],[57.2451,26.0185],[57.1124,26.0762],[57.0663,26.3075],[56.935,26.4645],[56.9291,26.7519],[56.7904,26.9739],[56.6836,26.9684],[56.6678,27.0499],[56.4309,27.1066],[56.0678,27.1122],[55.8997,27.1048],[55.8053,27.0051],[55.6576,26.9969],[55.4249,26.9631],[55.3401,26.7994],[55.0981,26.7374],[54.9255,26.538],[54.7599,26.4106],[54.6461,26.3913],[54.0649,26.7014],[53.6339,26.7479],[53.3807,26.9096],[52.8908,27.0523],[52.7799,27.1878],[52.6338,27.3146],[52.4104,27.581],[51.9616,27.7769],[51.6989,27.8145],[51.6113,27.827],[51.3501,28.0361],[51.0823,28.512],[50.7968,29.0133],[50.7025,29.1338],[50.7047,29.4006],[50.3598,29.7429],[50.1324,30.0664],[49.7178,30.0021],[49.511,30.0207],[49.4524,30.0777],[49.3214,30.1029],[49.2351,30.2234],[49.2222,30.4775],[49.0202,30.4326],[48.9457,30.3879],[48.8013,30.0827],[48.7138,30.0],[48.5536,29.9946],[48.5106,29.9932],[48.2118,29.9481],[48.0283,29.9731],[47.9572,29.9476],[47.9114,29.8903],[47.9359,29.8014],[47.996,29.4903],[47.8449,29.5032],[47.614,29.2722],[47.8036,29.1849],[47.9915,29.2775],[48.1291,29.2682],[48.4435,28.4402],[48.4627,28.3859],[48.5875,28.0939],[48.7517,27.8719],[48.8318,27.5735],[48.855,27.5227],[49.1319,27.536],[49.2435,27.479],[49.1519,27.3725],[49.2392,27.2885],[49.3216,27.1616],[49.4273,27.131],[49.5325,27.0095],[49.9314,26.9341],[50.1218,26.7376],[50.0902,26.6115],[49.984,26.5957],[49.9342,26.4831],[50.0762,26.3118],[49.992,26.0448],[49.9369,25.9558],[50.0114,25.8352],[50.1469,25.5356],[50.2143,25.5881],[50.3819,25.4612],[50.4292,25.184],[50.6189,24.8709],[50.6065,24.6802],[50.7059,24.5597],[50.7783,24.4709],[50.9074,24.4331],[50.9683,24.4362],[50.9649,24.7127],[50.8962,24.9096],[50.8473,25.2652],[50.9311,25.5386],[51.0154,25.5881],[50.989,25.6721],[51.0688,25.9455],[51.217,26.0665],[51.3577,26.029],[51.3888,25.8873],[51.5059,25.8453],[51.5345,25.7558],[51.5867,25.6091],[51.5391,25.4202],[51.5529,25.1015],[51.6062,24.9873],[51.5589,24.8157],[51.412,24.6057],[51.2878,24.4108],[51.2914,24.2814],[51.4542,24.2182],[51.5229,24.1607],[51.6064,24.2026],[51.5859,24.0032],[50.8573,23.8804],[48.6172,25.687],[44.0832,30.337],[40.0291,34.391],[38.3722,35.1409],[35.8141,36.2985],[35.8172,36.301],[36.0953,36.4825],[36.1045,36.5612],[36.0824,36.6215],[35.9568,36.7475],[35.8909,36.7711],[36.7893,37.0006],[36.4944,37.3692],[38.6097,38.368],[39.1479,38.6222],[41.2118,40.2438],[41.484,41.4365],[44.454,42.0317],[45.2598,42.4385],[45.4779,42.5486],[45.6481,42.5486],[45.8077,42.538],[45.8609,42.4741]]]]}},{"type":"Feature","properties":{"NAME":"Georgia","ABBREVN":"Georgia","SUBJECTO":"Georgia","BORDERPRECISION":1,"PARTOF":"Georgia"},"geometry":{"type":"MultiPolygon","coordinates":[[[[41.484,41.4365],[41.5211,41.4658],[41.6661,41.7292],[41.6805,41.7933],[41.6518,42.1206],[41.5027,42.6085],[41.4097,42.7882],[41.1226,43.0191],[43.5459,42.8347],[45.2598,42.4385],[44.454,42.0317],[41.484,41.4365]]]]}},{"type":"Feature","properties":{"NAME":"Scotland","ABBREVN":"Scotland","SUBJECTO":"Scotland","BORDERPRECISION":1,"PARTOF":"Scotland"},"geometry":{"type":"MultiPolygon","coordinates":[[[[-3.1525,54.8381],[-3.3087,54.8847],[-3.5767,54.9245],[-3.9077,54.7897],[-4.1216,54.7624],[-4.4607,54.8624],[-4.5003,54.7751],[-4.5999,54.6878],[-4.9025,54.7341],[-5.1114,54.7941],[-5.0667,54.9485],[-4.91,55.1103],[-4.6384,55.4279],[-4.7705,55.4884],[-4.9078,55.6639],[-4.8951,55.7721],[-4.7584,55.8197],[-4.6233,55.908],[-4.7107,56.1313],[-4.8484,56.0972],[-5.1346,55.8934],[-5.3336,55.8795],[-5.5702,55.7505],[-5.6331,55.9399],[-5.497,56.1773],[-5.3001,56.4287],[-5.2707,56.5441],[-5.4583,56.6321],[-5.5466,56.6524],[-5.6445,56.5163],[-5.8217,56.4005],[-6.0435,56.4748],[-5.909,56.7333],[-5.6659,56.9378],[-5.6253,56.9992],[-5.7263,57.258],[-5.5616,57.2993],[-5.4606,57.3881],[-5.763,57.6198],[-5.5685,57.7774],[-5.23,57.7096],[-5.0556,57.751],[-5.3459,58.0927],[-4.9071,58.169],[-5.1127,58.3949],[-4.9256,58.567],[-4.5099,58.4029],[-4.1389,58.4448],[-3.8305,58.5072],[-3.4405,58.5285],[-3.165,58.5222],[-3.0284,58.4057],[-3.1664,58.2751],[-3.9432,57.9584],[-4.1505,57.8348],[-4.2485,57.6363],[-4.1484,57.5545],[-3.7958,57.5415],[-3.4008,57.5764],[-3.0926,57.577],[-2.854,57.5433],[-2.1504,57.572],[-1.9446,57.4017],[-2.1078,57.2103],[-2.2032,57.0648],[-2.1589,57.0143],[-2.4131,56.7173],[-2.5148,56.6673],[-2.6671,56.471],[-2.9805,56.3536],[-3.1524,56.3368],[-2.9494,56.253],[-2.7209,56.1782],[-2.7729,56.1713],[-2.8953,56.0855],[-3.1698,56.0621],[-3.2935,55.9739],[-3.895,55.9851],[-3.713,55.8847],[-3.5772,55.8847],[-3.3559,55.8427],[-3.1615,55.8457],[-2.9279,55.946],[-2.7421,55.9572],[-2.5403,55.8847],[-2.245,55.811],[-3.1525,54.8381]]],[[[-5.6982,55.3307],[-5.7557,55.4773],[-5.6887,55.6281],[-5.5178,55.668],[-5.4824,55.4427],[-5.6203,55.3295],[-5.6982,55.3307]]]]}},{"type":"Feature","properties":{"NAME":"English territory","ABBREVN":"English territory","SUBJECTO":"England","BORDERPRECISION":1,"PARTOF":"England"},"geometry":{"type":"MultiPolygon","coordinates":[[[[-0.4099,42.7856],[-0.4688,42.7514],[-0.5868,42.7651],[-0.612,42.7309],[-0.84,42.9087],[-0.9074,42.8813],[-1.3973,43.0318],[-1.4476,42.9839],[-1.5151,42.9976],[-1.5577,43.0454],[-1.4657,43.1549],[-1.4914,43.2096],[-1.7024,43.1959],[-1.9146,43.3054],[-1.7461,43.3602],[-1.5614,43.5244],[-1.3144,44.559],[-1.1358,44.6001],[-1.2303,44.7304],[-1.3318,44.6138],[-1.2755,45.1287],[-1.1752,45.5005],[-1.1234,45.4316],[-0.9004,45.2939],[-0.8142,45.1218],[-0.7285,45.0186],[-0.8547,45.3214],[-1.1384,45.5832],[-1.2474,45.6881],[-1.2365,45.8],[-1.0752,46.0146],[-1.166,46.1837],[-1.2561,46.3068],[-0.7189,46.0329],[0.131,46.0329],[0.3629,46.3033],[1.2901,46.3033],[1.6378,46.0329],[1.6378,45.801],[-0.4099,42.7856]]],[[[-0.2037,53.5233],[0.081,53.3862],[0.1745,53.2931],[0.2678,53.1267],[0.2509,53.0401],[0.0055,52.7867],[0.3268,52.7075],[0.5047,52.8475],[0.7418,52.9012],[1.0127,52.8884],[1.3759,52.8092],[1.5857,52.65],[1.6917,52.3114],[1.6569,52.2118],[1.5119,52.0258],[1.0313,51.8127],[0.6862,51.5604],[0.2542,51.4536],[0.8043,51.3783],[1.0301,51.3588],[1.1894,51.4055],[1.3647,51.3529],[1.335,51.1207],[0.886,50.9819],[0.8883,50.8927],[0.6726,50.9307],[0.1918,50.7313],[-0.2037,50.7953],[-0.3357,50.8167],[-0.839,50.7218],[-1.1034,50.8167],[-1.3725,50.7663],[-2.0854,50.7028],[-2.0237,50.57],[-2.432,50.6459],[-2.5505,50.57],[-2.9606,50.7218],[-3.1109,50.6574],[-3.5215,50.6174],[-3.5632,50.3614],[-3.715,50.2193],[-3.8817,50.2004],[-4.0042,50.3141],[-4.2426,50.3915],[-4.3033,50.3235],[-4.5406,50.358],[-4.967,50.2122],[-5.2823,49.9638],[-5.4292,50.0679],[-5.7778,50.1341],[-5.2378,50.3463],[-5.0166,50.5605],[-4.8153,50.6042],[-4.6046,50.7787],[-4.5515,50.9972],[-4.4426,50.9687],[-4.2773,51.0637],[-4.281,51.1872],[-3.8252,51.2348],[-3.483,51.1811],[-3.066,51.1777],[-3.0331,51.3299],[-2.8947,51.3938],[-2.7502,51.644],[-3.1728,51.4669],[-3.4991,51.4597],[-4.1593,51.6768],[-4.999,51.7017],[-5.1786,51.7875],[-5.2488,51.8602],[-5.0615,52.0064],[-4.6191,52.0935],[-4.2947,52.2003],[-4.1236,52.3733],[-4.0939,52.7455],[-4.1475,52.8319],[-4.4683,52.8113],[-4.6214,52.831],[-4.4919,52.991],[-4.3175,53.0912],[-3.9567,53.2052],[-3.3295,53.233],[-2.9145,53.2671],[-3.0567,53.5136],[-2.9795,53.8209],[-2.8653,54.0283],[-2.8859,54.1687],[-3.2615,54.1412],[-3.4793,54.2746],[-3.5692,54.415],[-3.4304,54.6431],[-3.1525,54.8381],[-2.245,55.811],[-1.942,55.5561],[-1.719,55.4537],[-1.666,55.3796],[-1.696,55.2725],[-1.5556,54.9216],[-1.3889,54.6805],[-1.1921,54.5954],[-0.8706,54.5472],[-0.6048,54.3002],[-0.2955,54.0332],[-0.2349,53.7994],[-0.3192,53.5789],[-0.2037,53.5233]]],[[[-6.2064,53.9567],[-6.3431,53.9396],[-6.4434,53.8994],[-6.335,53.786],[-6.1722,53.4392],[-6.0431,52.8931],[-6.0707,52.7666],[-6.2321,52.6133],[-6.3409,52.4271],[-6.406,52.2144],[-6.4892,52.1944],[-6.6168,52.2207],[-6.8939,52.2066],[-6.9617,52.1112],[-7.3724,52.0921],[-7.7506,52.0327],[-7.8616,51.9681],[-8.1588,51.8396],[-8.5652,51.6155],[-8.8478,51.5998],[-9.2433,51.4726],[-9.8191,51.4346],[-9.7952,51.6046],[-9.8354,51.8033],[-10.2169,51.7583],[-10.294,51.9776],[-9.9638,52.0921],[-10.4973,52.1017],[-10.4692,52.2066],[-9.8906,52.1944],[-9.8016,52.2411],[-9.784,52.3407],[-9.7357,52.4803],[-9.504,52.5405],[-9.1926,52.5545],[-9.1343,52.6809],[-9.6157,52.6366],[-9.4416,52.8333],[-9.5258,52.9046],[-9.3093,53.1153],[-8.997,53.1204],[-8.9236,53.1606],[-9.0017,53.3004],[-9.1582,53.2207],[-9.2974,53.2798],[-9.4407,53.2662],[-9.6167,53.3459],[-9.8029,53.3454],[-9.8848,53.2974],[-10.1598,53.3741],[-10.0211,53.5119],[-10.1514,53.5756],[-9.8096,53.6324],[-9.8724,53.7677],[-9.6965,53.8734],[-9.9129,53.9696],[-10.1785,53.9119],[-10.1597,54.1331],[-9.9888,54.2537],[-9.892,54.3256],[-9.4743,54.2413],[-9.3229,54.2751],[-9.0858,54.2582],[-8.5901,54.2028],[-8.6867,54.3641],[-8.3006,54.4893],[-8.2115,54.6339],[-8.8294,54.6339],[-8.76,54.7014],[-8.5037,54.7496],[-8.4763,54.8799],[-8.3454,55.0953],[-8.1183,55.1766],[-7.7562,55.2527],[-7.6573,55.1168],[-7.4978,55.0497],[-7.4275,55.0638],[-7.2255,55.1042],[-6.9968,55.172],[-6.6452,55.2064],[-6.4543,55.1865],[-6.2793,55.1397],[-6.1165,55.1602],[-6.0182,55.093],[-5.7849,54.7374],[-5.7637,54.657],[-5.7999,54.5229],[-5.6615,54.3222],[-5.7314,54.1749],[-5.9122,54.0274],[-6.0717,53.9736],[-6.2064,53.9567]]]]}},{"type":"Feature","properties":{"NAME":"Denmark","ABBREVN":"Denmark","SUBJECTO":"Denmark","BORDERPRECISION":1,"PARTOF":"Denmark"},"geometry":{"type":"MultiPolygon","coordinates":[[[[27.6633,58.9561],[26.5463,58.6627],[26.4582,59.1178],[25.3131,59.1517],[24.5204,58.7085],[23.948,59.1689],[24.0321,59.1757],[24.0296,59.2354],[24.2819,59.2841],[24.3416,59.3689],[24.5376,59.3234],[24.5709,59.3743],[24.7138,59.3518],[24.7512,59.4485],[25.2483,59.3618],[25.4488,59.494],[25.49,59.42],[25.7211,59.4598],[26.3433,59.4466],[26.8619,59.3717],[26.999,59.3177],[27.2651,59.338],[27.702,59.2975],[27.6633,58.9561]]],[[[9.3024,57.1658],[9.4487,57.2276],[9.8493,57.5818],[10.2895,57.6719],[10.3901,57.6606],[10.4795,57.7591],[10.5581,57.7451],[10.4012,57.5059],[10.4507,57.458],[10.4628,57.2417],[10.3333,57.1715],[10.2566,57.0059],[9.503,56.9751],[9.3338,57.0227],[9.1412,57.0087],[9.0785,57.0368],[8.9709,57.0003],[8.847,56.9863],[8.7781,56.7985],[8.666,56.7005],[8.5071,56.6473],[8.4709,56.5969],[8.3682,56.6669],[8.1835,56.7985],[8.3589,57.0227],[8.534,57.1406],[8.6613,57.1041],[8.9599,57.1322],[9.3024,57.1658]]],[[[8.214,55.3986],[8.0346,55.4759],[8.1251,55.6358],[8.32,55.7677],[8.317,55.8489],[8.1166,56.0923],[8.1245,56.2075],[8.1834,56.4315],[8.3088,56.4792],[8.4522,56.4116],[8.6749,56.3577],[8.8686,56.6161],[9.0027,56.6572],[9.1359,56.4604],[9.3119,56.4811],[9.3221,56.7189],[9.3701,56.8823],[9.8346,56.8899],[10.2162,56.8498],[10.2297,56.6051],[10.3138,56.4695],[10.8258,56.4433],[10.8887,56.3687],[10.7507,56.0973],[10.4961,56.0336],[10.4425,56.1509],[10.2934,56.1371],[10.1752,56.0759],[10.2299,55.9509],[10.1471,55.7649],[10.0071,55.7304],[9.9757,55.6203],[9.6901,55.6049],[9.7383,55.5344],[9.749,55.54],[9.813,55.547],[9.824,55.547],[9.832,55.545],[9.835,55.54],[9.835,55.527],[9.838,55.522],[9.843,55.519],[9.856,55.512],[9.865,55.51],[9.883,55.506],[9.895,55.506],[9.905,55.506],[9.922,55.51],[9.936,55.515],[10,55.541],[10.074,55.557],[10.125,55.568],[10.149,55.574],[10.165,55.579],[10.178,55.584],[10.213,55.599],[10.29,55.615],[10.299,55.617],[10.31,55.617],[10.327,55.612],[10.399,55.589],[10.406,55.586],[10.485,55.532],[10.474,55.515],[10.452,55.482],[10.445,55.479],[10.428,55.468],[10.422,55.464],[10.416,55.453],[10.418,55.447],[10.42,55.442],[10.426,55.439],[10.437,55.438],[10.469,55.437],[10.479,55.438],[10.6,55.483],[10.606,55.486],[10.609,55.492],[10.614,55.519],[10.617,55.564],[10.613,55.592],[10.607,55.602],[10.603,55.607],[10.611,55.617],[10.614,55.619],[10.619,55.619],[10.627,55.617],[10.634,55.61],[10.658,55.59],[10.662,55.585],[10.744,55.497],[10.747,55.491],[10.745,55.482],[10.791,55.363],[10.828,55.307],[10.835,55.294],[10.834,55.29],[10.816,55.205],[10.812,55.186],[10.786,55.128],[10.783,55.122],[10.779,55.118],[10.74,55.067],[10.733,55.064],[10.726,55.062],[10.666,55.061],[10.627,55.061],[10.616,55.061],[10.599,55.058],[10.584,55.053],[10.529,55.029],[10.519,55.029],[10.498,55.029],[10.153,55.084],[10.135,55.117],[10.151,55.122],[10.154,55.127],[10.153,55.133],[10.15,55.137],[10.119,55.179],[10.108,55.186],[10.099,55.188],[10.006,55.193],[9.897,55.28],[9.897,55.286],[9.888,55.337],[9.887,55.342],[9.811,55.437],[9.768,55.467],[9.729,55.474],[9.7045,55.4835],[9.6302,55.4594],[9.5439,55.3513],[9.5166,55.2231],[9.5178,55.1287],[9.421,54.9765],[9.496,54.9383],[9.6103,54.88],[9.8644,54.7263],[9.9867,54.5924],[9.978,54.4901],[9.8648,54.4114],[10.0649,54.4339],[10.1417,54.3368],[9.8848,54.2541],[9.8267,54.2759],[9.7394,54.2759],[9.674,54.1887],[9.4487,54.1887],[9.4414,54.2468],[9.296,54.2468],[9.2597,54.305],[9.2161,54.2904],[9.1652,54.3195],[9.1361,54.2977],[9.0562,54.3486],[8.9617,54.2759],[8.884,54.2294],[8.5807,54.1937],[8.5539,54.2754],[8.8524,54.3316],[8.9506,54.4186],[8.7421,54.6078],[8.596,54.7614],[8.6161,54.8874],[8.6451,55.069],[8.5596,55.3561],[8.4813,55.3492],[8.319,55.4811],[8.214,55.3986]]],[[[13.2261,57.1017],[13.4324,56.5239],[14.1754,56.8128],[14.485,56.6801],[15.427,56.7657],[16.0632,56.3962],[16.0314,56.3531],[15.7705,56.0332],[15.6962,56.061],[15.497,56.1672],[15.2208,56.0804],[14.6529,56.1206],[14.6052,55.9808],[14.4918,56.018],[14.2589,55.8993],[14.126,55.6666],[14.2864,55.5155],[14.1172,55.3471],[13.9011,55.4052],[13.8233,55.4218],[13.3019,55.3007],[12.8024,55.3529],[12.8019,55.4168],[12.8876,55.4516],[12.8593,55.5329],[12.9859,55.6666],[12.699,55.9051],[12.5134,56.1206],[12.4144,56.243],[12.6524,56.2955],[12.6154,56.4356],[12.8048,56.4012],[12.8716,56.5115],[12.7859,56.6167],[12.6575,56.6108],[12.526,56.7804],[12.2886,56.8799],[12.0051,57.3252],[11.8766,57.3252],[12.318,57.6796],[12.5244,57.3907],[12.7308,57.4319],[12.8959,56.9779],[13.2261,57.1017]]],[[[12.4091,55.5483],[12.3444,55.5077],[12.1584,55.3791],[12.4297,55.2447],[12.3014,55.1703],[12.077,54.9947],[11.9696,54.9542],[11.9073,55.0213],[11.7672,55.176],[11.5848,55.1622],[11.2854,55.1886],[11.2301,55.3368],[11.1019,55.6337],[11.2963,55.6746],[11.5677,55.8848],[11.7281,55.6619],[11.9625,55.5813],[12.0526,55.7031],[12.088,55.967],[12.2377,55.9876],[12.444,55.9677],[12.4692,55.7106],[12.4091,55.5483]]],[[[11.844,54.669],[11.834,54.661],[11.785,54.64],[11.776,54.641],[11.736,54.645],[11.723,54.651],[11.694,54.656],[11.641,54.662],[11.588,54.664],[11.579,54.663],[11.522,54.642],[11.473,54.623],[11.466,54.62],[11.461,54.619],[11.456,54.619],[11.451,54.621],[11.377,54.647],[11.35,54.659],[11.315,54.676],[11.278,54.7],[11.262,54.707],[11.246,54.712],[11.191,54.726],[11.144,54.737],[11.126,54.74],[11.099,54.742],[11.032,54.756],[11.026,54.759],[11.02,54.763],[10.995,54.783],[10.991,54.787],[10.99,54.791],[11.025,54.814],[11.014,54.89],[11.014,54.896],[11.027,54.91],[11.032,54.915],[11.042,54.923],[11.058,54.935],[11.071,54.941],[11.119,54.951],[11.136,54.954],[11.164,54.957],[11.193,54.957],[11.24,54.957],[11.276,54.95],[11.288,54.943],[11.331,54.919],[11.336,54.916],[11.34,54.911],[11.347,54.896],[11.351,54.892],[11.361,54.884],[11.393,54.868],[11.409,54.862],[11.514,54.83],[11.564,54.822],[11.643,54.878],[11.642,54.901],[11.642,54.904],[11.644,54.906],[11.649,54.907],[11.657,54.904],[11.709,54.875],[11.735,54.855],[11.845,54.77],[11.849,54.766],[11.862,54.746],[11.862,54.743],[11.858,54.689],[11.856,54.683],[11.844,54.669]]],[[[12.107,54.8],[12.089,54.794],[12.078,54.789],[12.072,54.786],[12.055,54.775],[11.981,54.71],[11.97,54.699],[11.963,54.685],[11.961,54.676],[11.959,54.663],[11.96,54.648],[11.963,54.63],[11.968,54.609],[11.974,54.587],[11.979,54.576],[11.98,54.57],[11.979,54.567],[11.969,54.562],[11.964,54.562],[11.945,54.567],[11.929,54.573],[11.923,54.576],[11.872,54.651],[11.871,54.667],[11.878,54.688],[11.892,54.701],[11.899,54.719],[11.856,54.774],[11.802,54.839],[11.793,54.845],[11.782,54.849],[11.756,54.855],[11.752,54.859],[11.709,54.937],[11.713,54.942],[11.732,54.954],[11.742,54.959],[11.751,54.961],[11.767,54.962],[11.847,54.956],[11.851,54.955],[11.865,54.948],[11.997,54.904],[12.02,54.896],[12.038,54.892],[12.061,54.891],[12.079,54.894],[12.085,54.894],[12.096,54.892],[12.104,54.89],[12.111,54.887],[12.119,54.882],[12.137,54.869],[12.168,54.842],[12.169,54.839],[12.169,54.836],[12.167,54.834],[12.158,54.829],[12.12,54.806],[12.107,54.8]]],[[[14.799,55.282],[14.806,55.276],[14.813,55.269],[14.82,55.261],[14.825,55.257],[14.839,55.251],[14.887,55.229],[14.997,55.187],[15.065,55.162],[15.074,55.16],[15.091,55.155],[15.123,55.149],[15.134,55.144],[15.141,55.139],[15.149,55.129],[15.15,55.089],[15.148,55.082],[15.107,55.026],[15.103,55.021],[15.077,55.001],[15.061,54.996],[15.052,54.995],[15.043,54.995],[14.942,55.013],[14.882,55.029],[14.747,55.065],[14.729,55.073],[14.68,55.1],[14.678,55.102],[14.699,55.215],[14.744,55.292],[14.746,55.296],[14.76,55.304],[14.764,55.306],[14.77,55.306],[14.799,55.282]]],[[[13.677,54.565],[13.678,54.563],[13.679,54.542],[13.678,54.532],[13.675,54.526],[13.67,54.522],[13.667,54.521],[13.647,54.516],[13.641,54.513],[13.591,54.486],[13.585,54.483],[13.581,54.478],[13.578,54.472],[13.576,54.462],[13.577,54.46],[13.578,54.454],[13.584,54.442],[13.617,54.404],[13.621,54.402],[13.631,54.401],[13.646,54.401],[13.667,54.402],[13.676,54.401],[13.702,54.388],[13.707,54.384],[13.714,54.378],[13.731,54.355],[13.744,54.331],[13.731,54.276],[13.727,54.274],[13.715,54.272],[13.711,54.272],[13.696,54.281],[13.694,54.283],[13.696,54.284],[13.711,54.297],[13.713,54.321],[13.712,54.324],[13.689,54.348],[13.684,54.349],[13.508,54.343],[13.504,54.342],[13.469,54.328],[13.359,54.275],[13.357,54.273],[13.355,54.27],[13.357,54.26],[13.403,54.265],[13.408,54.265],[13.413,54.265],[13.42,54.261],[13.422,54.259],[13.426,54.252],[13.429,54.244],[13.429,54.238],[13.424,54.234],[13.398,54.222],[13.393,54.221],[13.319,54.249],[13.268,54.255],[13.257,54.256],[13.25,54.258],[13.156,54.306],[13.122,54.331],[13.118,54.334],[13.117,54.339],[13.118,54.343],[13.129,54.368],[13.131,54.371],[13.134,54.372],[13.142,54.374],[13.151,54.375],[13.157,54.375],[13.201,54.373],[13.217,54.37],[13.223,54.369],[13.236,54.372],[13.261,54.379],[13.265,54.38],[13.268,54.383],[13.239,54.411],[13.208,54.428],[13.165,54.434],[13.229,54.465],[13.232,54.486],[13.167,54.513],[13.147,54.546],[13.231,54.552],[13.256,54.551],[13.304,54.55],[13.338,54.566],[13.367,54.58],[13.378,54.558],[13.395,54.542],[13.42,54.522],[13.447,54.489],[13.484,54.484],[13.503,54.493],[13.517,54.513],[13.503,54.55],[13.459,54.551],[13.426,54.57],[13.384,54.578],[13.375,54.61],[13.355,54.604],[13.33,54.583],[13.311,54.573],[13.286,54.565],[13.282,54.564],[13.251,54.558],[13.246,54.558],[13.245,54.559],[13.225,54.634],[13.225,54.64],[13.226,54.643],[13.231,54.648],[13.245,54.657],[13.263,54.667],[13.279,54.671],[13.292,54.673],[13.364,54.679],[13.384,54.681],[13.424,54.683],[13.43,54.682],[13.438,54.68],[13.443,54.676],[13.444,54.673],[13.442,54.671],[13.429,54.66],[13.422,54.657],[13.397,54.652],[13.391,54.649],[13.386,54.645],[13.383,54.639],[13.391,54.607],[13.407,54.589],[13.433,54.578],[13.456,54.573],[13.482,54.575],[13.516,54.577],[13.593,54.585],[13.618,54.586],[13.634,54.586],[13.639,54.585],[13.647,54.583],[13.672,54.569],[13.677,54.565]]]]}},{"type":"Feature","properties":{"NAME":"Holy Roman Empire","ABBREVN":"Holy Roman E","SUBJECTO":"Holy Roman Empire","BORDERPRECISION":1,"PARTOF":"Holy Roman Empire"},"geometry":{"type":"MultiPolygon","coordinates":[[[[15.9565,52.1834],[15.1673,51.5279],[14.9691,50.9766],[16.3784,50.5588],[16.5766,50.2359],[16.995,50.3906],[18.4703,49.9392],[18.712,49.5896],[18.5222,49.5611],[18.2504,49.1805],[18.2232,48.9903],[18.1145,48.9903],[18.1145,48.8544],[17.8698,48.8],[17.3534,48.9631],[17.1903,48.4467],[17.2175,48.0662],[17.4621,48.0662],[17.4078,47.8215],[16.7962,47.8433],[16.6223,47.7346],[16.557,47.4954],[16.644,47.2997],[16.557,47.1909],[16.557,47.0605],[16.4483,46.93],[16.4483,46.7778],[16.5135,46.6256],[16.2961,46.4082],[16.5353,46.3647],[16.4483,46.1037],[16.2091,46.1472],[16.0787,45.8863],[16.2091,45.7341],[16.1222,45.5819],[15.4698,45.7341],[15.4236,45.4297],[14.88,45.484],[14.7985,45.8645],[14.5267,45.783],[14.3545,45.3229],[14.2386,45.0624],[14.1746,45.0104],[13.9081,44.9791],[13.7992,45.3056],[13.9516,45.3927],[13.9951,45.458],[13.8,45.5664],[13.6732,45.7145],[13.5646,45.7265],[13.4377,45.6384],[13.3677,45.6945],[13.0809,45.9804],[12.6455,45.9151],[12.1448,45.7628],[11.9707,45.4362],[12.1762,45.2143],[12.3125,45.1783],[12.3221,45.0424],[12.409,44.989],[12.5231,44.8828],[12.476,44.7871],[12.3778,44.7315],[12.2736,44.6726],[12.2807,44.5501],[12.3451,44.301],[12.5081,44.1315],[12.6972,43.9348],[12.3022,43.344],[12.3022,43.2776],[12.2192,43.2278],[12.1528,43.0617],[12.1694,42.9123],[12.186,42.9123],[12.1528,42.6965],[12.1694,42.63],[12.1297,42.596],[12.0531,42.5304],[12.0697,42.298],[12.0033,42.2481],[12.0199,42.0987],[11.9601,42.0074],[11.4974,42.3764],[11.1048,42.5491],[10.7428,42.8505],[10.4877,43.2359],[10.3379,43.5962],[10.2925,43.7054],[10.2614,43.7452],[10.1552,43.8811],[10.1367,43.9048],[9.9093,44.1105],[9.8255,44.1525],[9.6919,44.2196],[9.157,44.3732],[8.8966,44.4372],[8.6717,44.4174],[8.1864,44.1264],[8.0896,44.0508],[7.9795,43.9649],[7.6891,43.887],[7.5528,43.8675],[7.4675,43.8108],[7.3971,43.7641],[7.3552,43.9015],[6.9228,43.815],[6.8857,43.9015],[6.9598,43.9139],[6.9228,43.9756],[6.9969,44.0497],[6.9722,44.0621],[6.9351,44.1362],[6.8857,44.1486],[6.8363,44.1115],[6.7869,44.198],[6.7869,44.2968],[6.8698,44.3492],[6.7829,44.5479],[6.9247,44.715],[7.0035,44.7195],[6.9426,44.8687],[6.6653,44.9545],[6.5073,45.1157],[6.2804,45.1986],[6.2434,45.2974],[6.2681,45.3221],[6.2187,45.3468],[6.1445,45.3221],[6.0828,45.3715],[6.0334,45.3345],[6.0581,45.2233],[5.9469,45.2604],[5.9345,45.3221],[5.8234,45.3962],[5.6071,45.8466],[5.3567,45.876],[5.3567,46.0528],[5.5334,46.0086],[5.5334,46.097],[5.2683,46.318],[5.4156,46.5242],[5.6457,46.4567],[5.7249,46.48],[5.7397,46.5978],[5.6255,46.6491],[5.6464,46.8498],[5.757,46.8867],[5.7939,46.9972],[5.6673,47.1083],[5.7369,47.2336],[5.7786,47.3588],[5.7925,47.5119],[5.9178,47.5954],[5.8204,47.7346],[5.9595,47.8041],[5.9595,47.985],[6.0569,47.9572],[6.0987,48.0268],[6.2518,47.9572],[6.2379,48.2912],[5.9456,48.3469],[6.0152,48.653],[5.8343,48.7783],[6.0013,48.9035],[5.876,49.0705],[5.723,48.9592],[5.6116,49.2097],[5.9039,49.1958],[5.9093,49.2009],[5.3611,49.6968],[4.2552,49.8872],[3.8203,50.0394],[3.4827,49.9205],[2.9073,49.9435],[2.6771,50.1506],[2.4009,50.1967],[2.1477,50.0586],[1.9866,50.0816],[1.9866,50.2197],[1.8255,50.2427],[1.7962,50.9214],[1.8236,50.9346],[2.0303,51.0067],[2.4426,51.048],[2.5221,51.0911],[2.9953,51.3135],[3.2136,51.3536],[3.472,51.3144],[3.6813,51.3214],[3.775,51.3877],[3.7435,51.4605],[3.5203,51.5791],[3.8781,51.7917],[4.2644,52.0709],[4.3872,52.2304],[4.641,52.7557],[4.7188,52.8024],[5.0084,52.8562],[5.1733,52.7434],[5.2346,52.6229],[5.1082,52.5315],[5.0061,52.5569],[5.0357,52.3337],[4.9498,52.2779],[5.4732,52.1766],[5.5744,52.283],[5.7569,52.3337],[5.8171,52.5214],[5.6113,52.5315],[5.5557,52.5873],[5.5469,52.6787],[5.6534,52.7498],[5.5764,52.7599],[5.3257,52.7904],[5.358,52.9377],[5.3428,52.9963],[5.3321,53.0114],[5.3895,53.1386],[5.6473,53.2278],[5.9663,53.335],[6.2607,53.3217],[6.7507,53.3899],[6.861,53.2658],[7.0091,53.2454],[7.0433,53.164],[7.1599,53.164],[7.1897,53.2301],[6.9807,53.3167],[7.0373,53.5101],[7.1656,53.5917],[7.3324,53.6044],[7.8364,53.6321],[7.875,53.6337],[7.9685,53.6375],[8.011,53.5657],[8.0987,53.4439],[8.0291,53.3726],[8.175,53.3217],[8.2419,53.3523],[8.2608,53.4388],[8.189,53.5305],[8.3057,53.5254],[8.5018,53.449],[8.4287,53.612],[8.5162,53.761],[8.5395,53.8007],[8.5856,53.7931],[8.8485,53.7497],[9.125,53.7905],[8.8571,53.867],[8.819,53.969],[8.9463,54.015],[8.8327,54.066],[8.7788,54.1324],[8.8533,54.1682],[8.884,54.2294],[8.9617,54.2759],[9.0562,54.3486],[9.1361,54.2977],[9.1652,54.3195],[9.2161,54.2904],[9.2597,54.305],[9.296,54.2468],[9.4414,54.2468],[9.4487,54.1887],[9.674,54.1887],[9.7394,54.2759],[9.8267,54.2759],[9.8848,54.2541],[10.1417,54.3368],[10.2129,54.3719],[10.3402,54.3623],[10.446,54.292],[10.6486,54.259],[11.0386,54.3133],[11.073,54.2196],[11.0414,54.1527],[11.0159,54.0967],[10.7167,53.9639],[10.7709,53.9309],[10.8589,53.8772],[10.8837,53.8824],[10.8935,53.8844],[10.9604,53.8984],[11.1514,53.9384],[11.2025,53.8568],[11.4078,53.8593],[11.565,54.0354],[12.0411,54.0967],[12.3119,54.2019],[12.4625,54.2548],[12.6525,54.3214],[12.7648,54.2703],[12.9431,54.347],[13.0258,54.2652],[13.0638,54.1937],[13.3492,54.0635],[13.431,54.0302],[13.6676,54.0842],[13.7378,54.0303],[13.7643,53.8772],[13.7805,53.7752],[13.8502,53.7293],[14.0097,53.6732],[14.1769,53.6834],[14.1896,53.6248],[14.2802,53.6134],[14.4332,53.5942],[14.5371,53.5382],[14.4953,53.6248],[14.5653,53.6936],[14.5569,53.7599],[14.4825,53.8185],[14.4729,53.8768],[14.4674,53.9104],[14.5802,53.929],[14.8858,53.9796],[15.0797,54.0025],[15.3117,54.071],[15.8984,54.1284],[16.1147,54.1996],[16.4732,54.415],[16.9759,54.5493],[17.6576,54.6855],[17.7468,54.4325],[17.1114,54.13],[16.9904,54.1905],[16.6878,54.0392],[16.8089,53.8577],[16.8089,53.4643],[16.6576,53.8577],[16.2038,53.7064],[16.4155,53.5249],[16.2038,53.3433],[16.0531,52.7164],[15.8439,52.7103],[15.816,52.5707],[15.7602,52.5707],[15.7645,52.2655],[15.9565,52.1834]]]]}},{"type":"Feature","properties":{"NAME":"Sámi","ABBREVN":"Sámi","SUBJECTO":"Sámi","BORDERPRECISION":1,"PARTOF":"Sámi"},"geometry":{"type":"MultiPolygon","coordinates":[[[[17.2609,64.2061],[17.7312,64.5588],[17.3298,64.8264],[18.534,66.4321],[18.4002,67.2349],[18.9587,68.2937],[19.8212,69.3697],[20.1577,69.7478],[20.2864,69.7859],[20.3583,69.7104],[20.2782,69.5818],[20.1965,69.3177],[20.5527,69.5219],[20.7339,69.7792],[21.1027,69.8177],[21.412,70.0154],[21.6086,69.9625],[21.9081,69.804],[22.1633,70.0931],[22.3064,70.2156],[22.7456,70.1706],[23.2036,69.9428],[23.2925,70.0113],[23.5084,70.2791],[23.8273,70.4788],[23.9549,70.5021],[24.2077,70.4719],[24.3596,70.6103],[24.5705,70.7414],[24.849,70.8266],[25.389,70.9046],[25.8321,70.8978],[25.2307,70.5582],[25.1224,70.4352],[25.0741,70.1444],[25.263,70.1065],[25.574,70.3671],[26.2627,70.7907],[26.6065,70.9146],[26.6191,70.7991],[26.6174,70.392],[26.9344,70.4693],[27.1311,70.5771],[27.516,70.9703],[27.9475,71.0174],[28.2112,71.0179],[28.3084,70.9486],[28.1364,70.8327],[27.9853,70.717],[28.0189,70.6095],[27.8754,70.4251],[28.2897,70.3722],[28.3889,70.5718],[28.7948,70.8648],[28.9843,70.8574],[29.7412,70.605],[30.0414,70.5441],[30.462,70.5373],[30.7542,70.4304],[30.7988,70.308],[30.2519,70.1311],[29.7349,70.1149],[28.7301,70.1359],[28.8171,70.0979],[29.08,69.9612],[29.5559,69.8334],[29.7286,69.6976],[30.0558,69.7209],[30.3613,69.7668],[30.7354,69.7524],[31.0538,69.6396],[31.3313,69.6628],[31.7822,69.777],[32.0716,69.8835],[32.076,69.8154],[32.1906,69.6417],[32.3517,69.5137],[32.5963,69.4236],[33.0096,69.3867],[33.2806,69.342],[33.3156,69.0713],[33.6284,69.2147],[33.818,69.1925],[34.3051,69.1708],[34.6989,69.1641],[34.9341,69.1494],[35.4366,69.1504],[36.0183,69.0237],[37.2459,68.7935],[37.6886,68.6296],[38.4064,68.2427],[38.6685,68.1463],[39.3347,68.0359],[39.9181,67.9404],[40.8261,67.66],[40.9734,67.5344],[40.9508,67.3347],[41.0169,67.2019],[41.2088,67.0695],[41.2553,66.937],[41.147,66.7823],[40.8364,66.5614],[40.3451,66.3186],[39.9775,66.2009],[39.19,66.0387],[38.7821,66.0015],[38.0479,66.0074],[37.4224,66.0938],[36.5052,66.1725],[35.7717,66.2589],[35.1677,66.4115],[34.153,66.6296],[33.6513,66.6801],[33.4375,66.7017],[33.1577,66.9145],[32.991,66.9878],[32.6443,67.0461],[32.2194,66.9937],[32.3578,66.9203],[32.4247,66.891],[32.7535,66.649],[32.9709,66.5834],[33.4697,66.3131],[33.8442,66.1821],[34.2585,66.1098],[34.5437,66.0008],[34.7262,65.797],[34.7256,65.615],[34.6012,65.4839],[34.2934,65.3962],[30.604,64.938],[27.2316,63.3545],[23.1306,63.7834],[23.5803,64.0821],[24.094,64.3766],[24.4701,64.6355],[24.9319,64.816],[25.3251,64.8024],[25.3519,64.9391],[25.2934,65.0039],[25.1326,65.0759],[25.1861,65.2427],[25.2515,65.4169],[25.1036,65.5401],[24.5911,65.5828],[24.2148,65.7859],[23.9477,65.7967],[23.8441,65.7985],[23.4057,65.7248],[23.204,65.6808],[22.7982,65.8548],[22.6456,65.9348],[22.4898,65.8834],[22.2016,65.7153],[21.9575,65.4457],[21.8187,65.3801],[21.5223,65.3723],[21.2773,65.2123],[21.4237,65.1039],[21.4894,65.0172],[21.3294,64.8944],[20.9212,64.7138],[21.0643,64.592],[21.237,64.5205],[21.3858,64.3846],[21.0489,64.2192],[20.8733,64.0328],[17.2609,64.2061]]]]}},{"type":"Feature","properties":{"NAME":null,"ABBREVN":null,"SUBJECTO":null,"BORDERPRECISION":1,"PARTOF":null},"geometry":{"type":"MultiPolygon","coordinates":[[[[19.3344,57.9558],[19.2867,57.9375],[19.2775,57.9403],[19.2744,57.945],[19.2681,57.9486],[19.2567,57.9494],[19.2381,57.9469],[19.1706,57.9294],[19.1628,57.9269],[19.1508,57.9186],[19.1458,57.9136],[19.1417,57.9078],[19.14,57.9017],[19.1261,57.8397],[19.0933,57.8519],[19.0778,57.8583],[19.0731,57.8625],[19.0375,57.8964],[19.0344,57.9011],[19.0344,57.9125],[19.0361,57.9186],[19.0889,57.9703],[19.0958,57.9736],[19.1047,57.9753],[19.2858,57.9767],[19.2964,57.9767],[19.3075,57.9744],[19.3325,57.9653],[19.3356,57.9605],[19.3344,57.9558]]]]}},{"type":"Feature","properties":{"NAME":"Abdelouadides","ABBREVN":"Abdelouadides","SUBJECTO":"Abdelouadides","BORDERPRECISION":1,"PARTOF":"Abdelouadides"},"geometry":{"type":"MultiPolygon","coordinates":[[[[-4.8104,31.65],[-5.0307,35.3444],[-4.593,35.1512],[-4.2954,35.1518],[-4.0279,35.1332],[-3.4408,35.1663],[-3.2058,35.2686],[-3.009,35.39],[-2.8299,35.1421],[-2.7148,35.0977],[-2.3557,35.0539],[-2.3259,35.054],[-2.193,35.0542],[-2.0766,34.8257],[-1.8233,34.7],[-1.7382,34.6051],[-1.664,34.2051],[-1.6739,33.83],[-1.6811,33.2578],[-1.6102,33.0485],[-1.8022,32.4272],[-4.8104,31.65]]]]}},{"type":"Feature","properties":{"NAME":"Touareg","ABBREVN":"Touareg","SUBJECTO":"Touareg","BORDERPRECISION":1,"PARTOF":"Touareg"},"geometry":{"type":"MultiPolygon","coordinates":[[[[10.5432,31.5713],[12.6399,20.9981],[12.4287,21.0059],[11.9864,20.3426],[11.7653,16.2149],[10.8071,14.5933],[10.07,14.2248],[10.4619,12.4738],[8.2658,12.3673],[2.8788,13.203],[-1.36,10.8186],[4.2856,13.9942],[5.1677,15.0528],[5.3441,17.1699],[4.2856,18.052],[0.7571,18.7577],[-0.4779,18.7577],[-7.7112,17.8755],[-16.0411,17.6699],[-15.9827,18.1784],[-16.0557,18.6739],[-16.1907,19.0295],[-16.4716,19.3657],[-16.3513,19.4931],[-16.2696,19.6839],[-16.2396,20.1225],[-16.269,20.3639],[-16.3473,20.5226],[-16.7109,20.8904],[-16.8445,20.941],[-17.0213,20.7436],[-17.0462,20.8325],[-17.0519,21.0041],[-17.0161,21.3141],[-16.9837,21.5953],[-16.806,21.9897],[-16.5719,22.238],[-16.3525,22.4927],[-16.2425,22.7217],[-15.714,23.8731],[-15.607,23.9813],[-14.9752,24.5101],[-14.82,24.7329],[-14.7972,25.146],[-14.6712,25.596],[-14.6601,25.6356],[-14.3673,26.1192],[-14.1878,26.2721],[-14.0058,26.3615],[-13.6287,26.5911],[-13.4663,26.8138],[-13.316,27.1637],[-13.1236,27.5463],[-13.0601,27.6726],[-12.8662,27.8573],[-12.6741,27.8959],[-12.0906,28.0242],[-11.5765,28.2286],[-11.3727,28.3689],[-10.8562,28.7512],[-10.3393,29.1463],[-9.8696,29.643],[-9.6626,29.9548],[-9.6027,30.1837],[-9.625,30.4061],[-4.8104,31.65],[-1.8022,32.4272],[-1.0813,32.4539],[2.4531,32.6687],[5.6813,32.8154],[6.5029,32.7326],[7.8923,32.5926],[10.5432,31.5713]]]]}},{"type":"Feature","properties":{"NAME":"Britany","ABBREVN":"Britany","SUBJECTO":"Britany","BORDERPRECISION":1,"PARTOF":"Britany"},"geometry":{"type":"MultiPolygon","coordinates":[[[[-1.9991,48.677],[-1.752,48.1782],[-2.0104,47.7457],[-2.5755,47.324],[-2.5765,47.3249],[-2.4655,47.4944],[-2.6137,47.5722],[-2.8425,47.4919],[-3.0627,47.6039],[-3.4335,47.7168],[-3.7119,47.7981],[-3.8581,47.7918],[-3.9548,47.9043],[-4.3644,47.8293],[-4.3909,47.9418],[-4.5101,47.9981],[-4.6754,48.0169],[-4.7003,48.0638],[-4.3129,48.1013],[-4.351,48.2046],[-4.588,48.2515],[-4.3889,48.2984],[-4.3502,48.3905],[-4.4738,48.3829],[-4.592,48.3923],[-4.7796,48.3548],[-4.762,48.552],[-4.6257,48.5467],[-4.4883,48.6123],[-4.2515,48.6519],[-3.9989,48.7305],[-3.9022,48.646],[-3.8213,48.7211],[-3.6079,48.693],[-3.5577,48.8101],[-3.4351,48.8365],[-3.0912,48.8716],[-2.9145,48.7068],[-2.7905,48.5896],[-2.6364,48.552],[-2.3429,48.6741],[-2.2001,48.599],[-2.076,48.6562],[-1.9991,48.677]]]]}},{"type":"Feature","properties":{"NAME":null,"ABBREVN":null,"SUBJECTO":null,"BORDERPRECISION":1,"PARTOF":null},"geometry":{"type":"MultiPolygon","coordinates":[[[[-4.1533,53.2256],[-4.2181,53.2003],[-4.3256,53.145],[-4.3514,53.1244],[-4.4022,53.1258],[-4.4789,53.1767],[-4.4944,53.1894],[-4.5675,53.2733],[-4.5692,53.3881],[-4.5669,53.3914],[-4.56,53.3967],[-4.4747,53.4186],[-4.4292,53.4244],[-4.4231,53.425],[-4.4161,53.425],[-4.3139,53.4119],[-4.2925,53.4075],[-4.2836,53.4033],[-4.2769,53.3983],[-4.27,53.3886],[-4.2222,53.3217],[-4.1269,53.3106],[-4.1222,53.3119],[-4.1158,53.3125],[-4.11,53.3122],[-4.06,53.3055],[-4.0467,53.3033],[-4.0464,53.2997],[-4.09,53.255],[-4.1014,53.2478],[-4.1533,53.2256]]]]}},{"type":"Feature","properties":{"NAME":null,"ABBREVN":null,"SUBJECTO":null,"BORDERPRECISION":1,"PARTOF":null},"geometry":{"type":"MultiPolygon","coordinates":[[[[-5.1036,55.4386],[-5.1719,55.4294],[-5.2236,55.43],[-5.2317,55.4303],[-5.2369,55.4319],[-5.2833,55.4469],[-5.2928,55.4511],[-5.3403,55.475],[-5.3422,55.4772],[-5.3572,55.5042],[-5.4003,55.6006],[-5.4008,55.6089],[-5.4003,55.6178],[-5.3964,55.6289],[-5.3811,55.6686],[-5.3781,55.6717],[-5.3708,55.6769],[-5.33,55.6997],[-5.3256,55.7019],[-5.2953,55.7167],[-5.2656,55.7172],[-5.2519,55.7161],[-5.2392,55.7136],[-5.2283,55.7103],[-5.1983,55.6992],[-5.1853,55.6928],[-5.1681,55.6842],[-5.1603,55.6792],[-5.1547,55.6733],[-5.0853,55.5567],[-5.0839,55.5531],[-5.0747,55.4633],[-5.0744,55.4592],[-5.0758,55.4553],[-5.0789,55.4522],[-5.0933,55.4417],[-5.1036,55.4386]]]]}},{"type":"Feature","properties":{"NAME":null,"ABBREVN":null,"SUBJECTO":null,"BORDERPRECISION":1,"PARTOF":null},"geometry":{"type":"MultiPolygon","coordinates":[[[[-6.1217,55.8789],[-6.1031,55.8111],[-6.1019,55.8072],[-6.0975,55.7967],[-6.0933,55.79],[-6.0883,55.7839],[-6.0756,55.7775],[-6.0594,55.7722],[-6.0522,55.7672],[-6.05,55.7642],[-6.0303,55.7206],[-6.0247,55.6808],[-6.0275,55.6778],[-6.0383,55.67],[-6.0767,55.65],[-6.2289,55.5922],[-6.2744,55.5728],[-6.3006,55.5769],[-6.3172,55.5817],[-6.3256,55.5867],[-6.3275,55.5894],[-6.3219,55.6153],[-6.3208,55.6189],[-6.2858,55.7072],[-6.2531,55.7636],[-6.2511,55.7672],[-6.2514,55.7714],[-6.2544,55.7747],[-6.2592,55.7767],[-6.2653,55.7778],[-6.3253,55.7814],[-6.3317,55.7814],[-6.3378,55.7803],[-6.3456,55.775],[-6.3483,55.7714],[-6.3525,55.7647],[-6.3564,55.758],[-6.3606,55.7503],[-6.3675,55.7408],[-6.3797,55.7281],[-6.3931,55.7172],[-6.4108,55.7039],[-6.4494,55.6803],[-6.4625,55.6739],[-6.4733,55.67],[-6.485,55.6686],[-6.4914,55.6694],[-6.5014,55.6733],[-6.505,55.6767],[-6.5092,55.6822],[-6.51,55.6906],[-6.5,55.7214],[-6.4953,55.7336],[-6.4497,55.8486],[-6.4417,55.8536],[-6.3697,55.8694],[-6.3097,55.8636],[-6.1922,55.9164],[-6.1631,55.9275],[-6.1419,55.9336],[-6.1367,55.9344],[-6.1294,55.9336],[-6.1219,55.9289],[-6.1186,55.9217],[-6.1228,55.895],[-6.1217,55.8789]]]]}},{"type":"Feature","properties":{"NAME":null,"ABBREVN":null,"SUBJECTO":null,"BORDERPRECISION":1,"PARTOF":null},"geometry":{"type":"MultiPolygon","coordinates":[[[[-5.9469,55.83],[-5.9719,55.7883],[-6.0272,55.7917],[-6.0325,55.7931],[-6.0531,55.8003],[-6.0631,55.8039],[-6.0706,55.8083],[-6.0736,55.8117],[-6.0756,55.8156],[-6.0792,55.8267],[-6.0881,55.8775],[-6.0878,55.8817],[-6.0844,55.8942],[-6.0789,55.9055],[-5.9681,56.0236],[-5.9558,56.0305],[-5.9064,56.0583],[-5.9017,56.0608],[-5.8092,56.1097],[-5.755,56.1333],[-5.745,56.1375],[-5.7114,56.1503],[-5.7056,56.1508],[-5.6944,56.1472],[-5.685,56.1258],[-5.6844,56.1219],[-5.6844,56.1175],[-5.6861,56.1131],[-5.6908,56.1067],[-5.7025,56.0989],[-5.7081,56.0961],[-5.7169,56.0894],[-5.7303,56.078],[-5.7461,56.0636],[-5.7519,56.0569],[-5.8458,55.9494],[-5.9042,55.8825],[-5.9469,55.83]]]]}},{"type":"Feature","properties":{"NAME":null,"ABBREVN":null,"SUBJECTO":null,"BORDERPRECISION":1,"PARTOF":null},"geometry":{"type":"MultiPolygon","coordinates":[[[[-7.4669,56.9408],[-7.4753,56.9408],[-7.5153,56.9431],[-7.5306,56.9442],[-7.5503,56.9475],[-7.5594,56.9514],[-7.5606,56.9556],[-7.56,56.9603],[-7.5536,56.9664],[-7.4456,57.0555],[-7.4397,57.0544],[-7.4186,57.0439],[-7.4147,57.0414],[-7.3781,56.9822],[-7.3761,56.9786],[-7.4347,56.945],[-7.4392,56.9428],[-7.4669,56.9408]]]]}},{"type":"Feature","properties":{"NAME":null,"ABBREVN":null,"SUBJECTO":null,"BORDERPRECISION":1,"PARTOF":null},"geometry":{"type":"MultiPolygon","coordinates":[[[[-7.2231,57.3375],[-7.2311,57.3328],[-7.2461,57.3278],[-7.2522,57.3267],[-7.2589,57.3272],[-7.2853,57.3361],[-7.2881,57.3225],[-7.2592,57.1525],[-7.2147,57.1144],[-7.2153,57.1103],[-7.2258,57.0969],[-7.2303,57.0947],[-7.2656,57.1036],[-7.2872,57.1061],[-7.3033,57.1061],[-7.3336,57.1],[-7.3561,57.0992],[-7.3631,57.1],[-7.3814,57.1086],[-7.3867,57.1147],[-7.3925,57.125],[-7.3961,57.1319],[-7.4175,57.1825],[-7.4189,57.1867],[-7.4208,57.2183],[-7.425,57.3822],[-7.4222,57.3853],[-7.4122,57.3897],[-7.3681,57.4014],[-7.3356,57.3958],[-7.2858,57.3811],[-7.2719,57.3753],[-7.2672,57.3722],[-7.2244,57.3417],[-7.2231,57.3375]]]]}},{"type":"Feature","properties":{"NAME":null,"ABBREVN":null,"SUBJECTO":null,"BORDERPRECISION":1,"PARTOF":null},"geometry":{"type":"MultiPolygon","coordinates":[[[[-7.2689,57.3989],[-7.2833,57.3975],[-7.3136,57.3997],[-7.3203,57.4014],[-7.3781,57.4203],[-7.3881,57.4239],[-7.4047,57.4419],[-7.4094,57.4483],[-7.41,57.4522],[-7.4064,57.4642],[-7.4042,57.4678],[-7.4003,57.4703],[-7.3578,57.4883],[-7.3511,57.4894],[-7.3006,57.4836],[-7.2761,57.4806],[-7.2442,57.4764],[-7.2047,57.4608],[-7.2025,57.4575],[-7.2022,57.4189],[-7.2044,57.415],[-7.2394,57.4036],[-7.2447,57.4022],[-7.2689,57.3989]]]]}},{"type":"Feature","properties":{"NAME":null,"ABBREVN":null,"SUBJECTO":null,"BORDERPRECISION":1,"PARTOF":null},"geometry":{"type":"MultiPolygon","coordinates":[[[[-7.1886,57.6872],[-7.0753,57.6422],[-7.0675,57.6375],[-7.0658,57.6333],[-7.1475,57.515],[-7.1539,57.5094],[-7.1683,57.508],[-7.2336,57.5036],[-7.3147,57.5042],[-7.3214,57.5053],[-7.3261,57.5078],[-7.3275,57.5275],[-7.3253,57.5442],[-7.3478,57.5508],[-7.4117,57.5681],[-7.4556,57.5639],[-7.4678,57.5619],[-7.4769,57.5625],[-7.4861,57.5661],[-7.5364,57.5861],[-7.5403,57.5881],[-7.5433,57.5908],[-7.5433,57.5956],[-7.4914,57.6464],[-7.4839,57.6519],[-7.4728,57.655],[-7.4325,57.6533],[-7.275,57.6564],[-7.2711,57.6594],[-7.2447,57.6769],[-7.1972,57.6869],[-7.1886,57.6872]]]]}},{"type":"Feature","properties":{"NAME":null,"ABBREVN":null,"SUBJECTO":null,"BORDERPRECISION":1,"PARTOF":null},"geometry":{"type":"MultiPolygon","coordinates":[[[[-7.0064,57.8814],[-7.0736,57.8778],[-7.0778,57.88],[-7.0767,57.8928],[-7.0736,57.8961],[-7.0328,57.9156],[-7.0275,57.9169],[-7.0072,57.9197],[-6.9994,57.92],[-6.9936,57.9186],[-6.9942,57.9139],[-6.9975,57.8908],[-6.9989,57.8872],[-7.0064,57.8814]]]]}},{"type":"Feature","properties":{"NAME":null,"ABBREVN":null,"SUBJECTO":null,"BORDERPRECISION":1,"PARTOF":null},"geometry":{"type":"MultiPolygon","coordinates":[[[[-6.8022,58.203],[-6.8389,58.2019],[-6.8692,58.2039],[-6.8731,58.2064],[-6.8889,58.2444],[-6.89,58.2486],[-6.8897,58.2525],[-6.8817,58.2542],[-6.8603,58.2511],[-6.8542,58.25],[-6.8097,58.2286],[-6.7944,58.218],[-6.7914,58.2069],[-6.7944,58.2033],[-6.8022,58.203]]]]}},{"type":"Feature","properties":{"NAME":null,"ABBREVN":null,"SUBJECTO":null,"BORDERPRECISION":1,"PARTOF":null},"geometry":{"type":"MultiPolygon","coordinates":[[[[-6.2042,58.3561],[-6.2325,58.3178],[-6.2797,58.2878],[-6.3239,58.2636],[-6.3283,58.2379],[-6.3284,58.2354],[-6.3276,58.2334],[-6.3253,58.2318],[-6.3218,58.2308],[-6.2851,58.2229],[-6.2813,58.2223],[-6.2769,58.2228],[-6.2736,58.2236],[-6.2654,58.2274],[-6.2208,58.2336],[-6.2086,58.2408],[-6.1725,58.2583],[-6.1678,58.2606],[-6.16,58.2597],[-6.1481,58.2561],[-6.1469,58.2528],[-6.1583,58.2183],[-6.1644,58.2122],[-6.1722,58.2069],[-6.2247,58.1836],[-6.2638,58.1766],[-6.3291,58.1828],[-6.3667,58.1586],[-6.3747,58.1356],[-6.3769,58.1319],[-6.3822,58.1297],[-6.4972,58.0975],[-6.5481,58.0919],[-6.6011,58.085],[-6.6203,58.0819],[-6.6192,58.0783],[-6.5947,58.0783],[-6.4969,58.0875],[-6.4203,58.1022],[-6.4103,58.1056],[-6.4025,58.1058],[-6.3961,58.1047],[-6.3906,58.0986],[-6.3539,58.0331],[-6.3567,58.03],[-6.3861,58.0092],[-6.4578,57.968],[-6.4739,57.9483],[-6.4728,57.9442],[-6.4739,57.9403],[-6.5381,57.9164],[-6.5442,57.915],[-6.5706,57.9114],[-6.5775,57.9108],[-6.6211,57.9144],[-6.6281,57.9153],[-6.6531,57.92],[-6.6622,57.9242],[-6.6664,57.9269],[-6.6919,57.9581],[-6.6986,57.9675],[-6.7047,57.9867],[-6.7069,57.9989],[-6.7061,58.0075],[-6.6975,58.0214],[-6.6944,58.0244],[-6.6628,58.0444],[-6.6592,58.0467],[-6.6528,58.0483],[-6.6294,58.0483],[-6.6219,58.0478],[-6.615,58.0461],[-6.5986,58.0453],[-6.5936,58.0464],[-6.5903,58.05],[-6.5953,58.0525],[-6.6003,58.0539],[-6.6078,58.0547],[-6.67,58.0581],[-6.6783,58.0583],[-6.6844,58.0575],[-6.6892,58.055],[-6.7614,57.9983],[-6.7258,57.9544],[-6.7228,57.9511],[-6.7189,57.9492],[-6.7053,57.9469],[-6.6964,57.9425],[-6.685,57.9344],[-6.6797,57.9283],[-6.6775,57.9256],[-6.6647,57.9006],[-6.6606,57.8847],[-6.6622,57.8806],[-6.7353,57.8258],[-6.9608,57.7275],[-6.9656,57.7256],[-6.9725,57.7247],[-6.9783,57.7258],[-6.9839,57.7283],[-7.12,57.8142],[-7.1231,57.8175],[-7.1244,57.8208],[-7.1267,57.8333],[-7.1253,57.8378],[-7.1183,57.8381],[-7.1039,57.8367],[-7.0922,57.8328],[-7.0836,57.8247],[-7.0658,57.8208],[-7.0289,57.8322],[-6.8303,57.9008],[-6.8342,57.9036],[-6.8794,57.9325],[-6.935,57.9497],[-6.9461,57.9528],[-6.985,57.9594],[-6.9928,57.9592],[-7.0219,57.9519],[-7.0297,57.9522],[-7.0356,57.9533],[-7.0753,57.9625],[-7.1128,57.9839],[-7.1139,57.9872],[-7.0842,58.008],[-7.0556,58.0203],[-7.0578,58.0364],[-7.0939,58.0705],[-7.1267,58.1233],[-7.1283,58.1303],[-7.1281,58.1347],[-7.0944,58.1819],[-7.0592,58.2203],[-7.0556,58.2233],[-7.0406,58.2333],[-7.0319,58.2381],[-7.0081,58.2353],[-7.0011,58.2344],[-6.9197,58.2161],[-6.9081,58.2128],[-6.9058,58.2097],[-6.9081,58.2061],[-6.9203,58.2036],[-6.9361,58.188],[-6.8742,58.1111],[-6.8681,58.1061],[-6.8619,58.1039],[-6.86,58.1081],[-6.8733,58.1786],[-6.8052,58.1959],[-6.7504,58.1852],[-6.7447,58.1972],[-6.7866,58.2294],[-6.8081,58.2597],[-6.8178,58.28],[-6.8156,58.2847],[-6.7978,58.3022],[-6.6731,58.3492],[-6.6583,58.3494],[-6.6522,58.3486],[-6.6469,58.3419],[-6.5603,58.3597],[-6.5503,58.3633],[-6.3553,58.4575],[-6.3106,58.4792],[-6.2928,58.4883],[-6.2769,58.5083],[-6.2722,58.5106],[-6.2669,58.5125],[-6.2597,58.5128],[-6.2531,58.5117],[-6.2444,58.5086],[-6.2347,58.5042],[-6.2233,58.4964],[-6.1661,58.4253],[-6.1658,58.4206],[-6.2042,58.3561]]]]}},{"type":"Feature","properties":{"NAME":null,"ABBREVN":null,"SUBJECTO":null,"BORDERPRECISION":1,"PARTOF":null},"geometry":{"type":"MultiPolygon","coordinates":[[[[-2.9183,58.7319],[-2.9394,58.73],[-2.9481,58.7306],[-2.9578,58.7347],[-2.9706,58.7419],[-2.98,58.7503],[-3.0369,58.8181],[-3.0336,58.8208],[-3.0289,58.8231],[-3.01,58.8317],[-3.0044,58.8331],[-2.9747,58.8353],[-2.9161,58.8389],[-2.8992,58.8383],[-2.8942,58.8369],[-2.8864,58.8319],[-2.8778,58.8242],[-2.8767,58.8203],[-2.9139,58.7339],[-2.9183,58.7319]]]]}},{"type":"Feature","properties":{"NAME":null,"ABBREVN":null,"SUBJECTO":null,"BORDERPRECISION":1,"PARTOF":null},"geometry":{"type":"MultiPolygon","coordinates":[[[[-3.2314,58.7756],[-3.2889,58.7756],[-3.2958,58.7761],[-3.3008,58.7781],[-3.4311,58.8714],[-3.4331,58.8747],[-3.4331,58.8789],[-3.4181,58.9042],[-3.4122,58.9106],[-3.3981,58.9172],[-3.3492,58.9269],[-3.3356,58.9275],[-3.2331,58.8872],[-3.2283,58.885],[-3.2147,58.8742],[-3.1364,58.8042],[-3.1347,58.8008],[-3.1369,58.7867],[-3.1417,58.7847],[-3.1603,58.7811],[-3.1808,58.7792],[-3.2314,58.7756]]]]}},{"type":"Feature","properties":{"NAME":null,"ABBREVN":null,"SUBJECTO":null,"BORDERPRECISION":1,"PARTOF":null},"geometry":{"type":"MultiPolygon","coordinates":[[[[-2.7931,58.9514],[-2.7558,58.9178],[-2.8244,58.8789],[-2.8692,58.8933],[-2.97,58.9394],[-3.0083,58.94],[-3.0572,58.9358],[-3.1106,58.9281],[-3.1197,58.9233],[-3.1197,58.9192],[-3.1722,58.9108],[-3.1883,58.91],[-3.195,58.9111],[-3.3033,58.9458],[-3.3133,58.95],[-3.3456,58.9658],[-3.3611,58.9922],[-3.3631,58.9956],[-3.3681,59.01],[-3.3681,59.0142],[-3.3514,59.1064],[-3.3503,59.11],[-3.3175,59.1294],[-3.2778,59.14],[-3.2722,59.1414],[-3.2389,59.1461],[-3.2189,59.1486],[-3.2025,59.1486],[-3.1958,59.1472],[-3.0769,59.1217],[-3.0731,59.1192],[-2.9983,59.0697],[-2.9953,59.0667],[-2.9958,59.0558],[-2.9472,58.9983],[-2.8522,58.9756],[-2.7931,58.9514]]]]}},{"type":"Feature","properties":{"NAME":null,"ABBREVN":null,"SUBJECTO":null,"BORDERPRECISION":1,"PARTOF":null},"geometry":{"type":"MultiPolygon","coordinates":[[[[-2.6814,59.1958],[-2.6858,59.1842],[-2.6897,59.1867],[-2.6917,59.19],[-2.6936,59.1975],[-2.6925,59.2103],[-2.6906,59.2144],[-2.6844,59.2208],[-2.5928,59.2906],[-2.5556,59.3031],[-2.5344,59.305],[-2.4144,59.3136],[-2.4072,59.3139],[-2.4022,59.3128],[-2.4,59.3103],[-2.3972,59.3033],[-2.3903,59.2831],[-2.39,59.2797],[-2.4956,59.245],[-2.5708,59.2422],[-2.5772,59.2422],[-2.6206,59.2361],[-2.625,59.2336],[-2.6814,59.1958]]]]}},{"type":"Feature","properties":{"NAME":null,"ABBREVN":null,"SUBJECTO":null,"BORDERPRECISION":1,"PARTOF":null},"geometry":{"type":"MultiPolygon","coordinates":[[[[-2.89,59.2953],[-2.8497,59.2681],[-2.8531,59.2494],[-2.8775,59.2286],[-2.8731,59.2519],[-2.8731,59.2561],[-2.8769,59.2586],[-2.9367,59.2836],[-2.9586,59.2878],[-2.9656,59.2881],[-2.9719,59.2872],[-2.9764,59.2847],[-2.9742,59.2814],[-2.9769,59.2728],[-2.9881,59.2642],[-2.9922,59.2617],[-2.9992,59.2611],[-3.0033,59.2636],[-3.0283,59.285],[-3.0736,59.3242],[-3.0756,59.3275],[-3.0764,59.3314],[-3.0717,59.3314],[-3.0489,59.3292],[-2.8972,59.2997],[-2.89,59.2953]]]]}},{"type":"Feature","properties":{"NAME":null,"ABBREVN":null,"SUBJECTO":null,"BORDERPRECISION":1,"PARTOF":null},"geometry":{"type":"MultiPolygon","coordinates":[[[[-1.2961,60.4911],[-1.2867,60.4711],[-1.1639,60.4544],[-1.0414,60.4469],[-1.0372,60.4442],[-1.0378,60.44],[-1.0661,60.3581],[-1.1011,60.2758],[-1.1642,60.2583],[-1.1658,60.2619],[-1.1869,60.2697],[-1.195,60.2708],[-1.1989,60.2678],[-1.2006,60.2633],[-1.1981,60.2558],[-1.1856,60.2306],[-1.1806,60.225],[-1.1575,60.1947],[-1.1261,60.1517],[-1.1256,60.1478],[-1.1286,60.1442],[-1.1467,60.1319],[-1.1531,60.133],[-1.1631,60.1375],[-1.1706,60.1372],[-1.1872,60.1272],[-1.2122,60.1028],[-1.2206,60.0225],[-1.2603,59.8622],[-1.2625,59.8583],[-1.2686,59.8511],[-1.3069,59.8575],[-1.3719,59.8917],[-1.3781,59.9022],[-1.3778,59.9064],[-1.3317,59.9969],[-1.33,60],[-1.3264,60.0044],[-1.3225,60.0075],[-1.3164,60.0089],[-1.3114,60.0067],[-1.3081,60.0089],[-1.3058,60.0128],[-1.2683,60.0936],[-1.2631,60.1069],[-1.2611,60.1158],[-1.2603,60.1242],[-1.2617,60.1308],[-1.285,60.22],[-1.2914,60.2414],[-1.4033,60.2558],[-1.4103,60.255],[-1.4142,60.2519],[-1.4103,60.2494],[-1.3875,60.2372],[-1.3636,60.2297],[-1.3531,60.2089],[-1.3583,60.1925],[-1.4486,60.1511],[-1.4536,60.1525],[-1.4906,60.1678],[-1.5203,60.1814],[-1.5272,60.1869],[-1.5278,60.1908],[-1.5267,60.1944],[-1.5197,60.2011],[-1.5889,60.2158],[-1.6478,60.2247],[-1.655,60.2261],[-1.6647,60.2308],[-1.6744,60.2394],[-1.6781,60.2464],[-1.6931,60.2797],[-1.6928,60.2839],[-1.6914,60.2883],[-1.6669,60.2997],[-1.6553,60.3031],[-1.6283,60.3072],[-1.5967,60.3081],[-1.5897,60.3064],[-1.4747,60.315],[-1.4458,60.3186],[-1.4269,60.3214],[-1.3458,60.34],[-1.3203,60.3564],[-1.4458,60.4605],[-1.5022,60.4697],[-1.5536,60.4756],[-1.5583,60.4731],[-1.565,60.4731],[-1.6097,60.4742],[-1.6117,60.4767],[-1.61,60.4814],[-1.5931,60.5078],[-1.5469,60.5358],[-1.4161,60.605],[-1.4106,60.6069],[-1.3019,60.6367],[-1.2958,60.6347],[-1.2942,60.6311],[-1.2875,60.6133],[-1.2961,60.4911]]]]}},{"type":"Feature","properties":{"NAME":null,"ABBREVN":null,"SUBJECTO":null,"BORDERPRECISION":1,"PARTOF":null},"geometry":{"type":"MultiPolygon","coordinates":[[[[-1.0294,60.4958],[-1.1047,60.4856],[-1.1275,60.4864],[-1.14,60.4894],[-1.1428,60.4925],[-1.1703,60.5272],[-1.1825,60.595],[-1.1836,60.6028],[-1.1814,60.6236],[-1.1794,60.6325],[-1.1772,60.6367],[-1.11,60.7258],[-1.0986,60.73],[-1.0925,60.7314],[-1.0847,60.7317],[-1.0569,60.7308],[-0.9967,60.7247],[-0.9911,60.72],[-0.9825,60.6555],[-0.9828,60.6514],[-1.0178,60.5194],[-1.0192,60.515],[-1.0233,60.5031],[-1.0256,60.4989],[-1.0294,60.4958]]]]}},{"type":"Feature","properties":{"NAME":null,"ABBREVN":null,"SUBJECTO":null,"BORDERPRECISION":1,"PARTOF":null},"geometry":{"type":"MultiPolygon","coordinates":[[[[-0.8197,60.6889],[-0.835,60.6733],[-0.9356,60.6744],[-0.9586,60.6825],[-0.9656,60.688],[-0.9597,60.7114],[-0.9389,60.7944],[-0.8831,60.8422],[-0.8783,60.8444],[-0.8061,60.8406],[-0.7728,60.8311],[-0.7678,60.8289],[-0.7581,60.8178],[-0.7572,60.8139],[-0.7636,60.7933],[-0.8197,60.6889]]]]}},{"type":"Feature","properties":{"NAME":null,"ABBREVN":null,"SUBJECTO":null,"BORDERPRECISION":1,"PARTOF":null},"geometry":{"type":"MultiPolygon","coordinates":[[[[-6.6553,61.3894],[-6.6603,61.3883],[-6.6681,61.3894],[-6.7192,61.4075],[-6.8458,61.468],[-6.9583,61.5986],[-6.9628,61.6192],[-6.96,61.6228],[-6.9447,61.6367],[-6.9264,61.6414],[-6.9122,61.6436],[-6.8894,61.645],[-6.7289,61.5758],[-6.7244,61.5733],[-6.7094,61.5583],[-6.6553,61.4331],[-6.6417,61.4008],[-6.6422,61.3972],[-6.6553,61.3894]]],[[[-6.6042,61.8217],[-6.63,61.7611],[-6.6389,61.7505],[-6.6522,61.7428],[-6.7047,61.7775],[-6.8361,61.8178],[-6.8411,61.8175],[-6.8661,61.8375],[-6.9089,61.9011],[-6.9083,61.9047],[-6.9047,61.9078],[-6.8644,61.9075],[-6.8558,61.9069],[-6.7833,61.8969],[-6.7769,61.8953],[-6.6614,61.8589],[-6.6522,61.8539],[-6.6042,61.8261],[-6.6042,61.8217]]],[[[-7.0497,62.0678],[-7.055,62.0603],[-7.0628,62.0494],[-7.1653,62.0236],[-7.1858,62.0197],[-7.2017,62.0186],[-7.1917,62.0311],[-7.1922,62.0397],[-7.1936,62.0433],[-7.1983,62.05],[-7.2119,62.0575],[-7.2267,62.0644],[-7.2325,62.0647],[-7.2333,62.0603],[-7.2511,62.0428],[-7.3456,62.0522],[-7.3522,62.0539],[-7.3781,62.065],[-7.3817,62.0681],[-7.4311,62.1161],[-7.4339,62.1236],[-7.4344,62.1278],[-7.435,62.1403],[-7.4336,62.1436],[-7.4264,62.1447],[-7.2311,62.16],[-7.2233,62.1594],[-7.1631,62.1288],[-7.0561,62.0986],[-7.045,62.0944],[-7.0414,62.0914],[-7.0403,62.0878],[-7.0411,62.0831],[-7.0497,62.0678]]],[[[-6.7069,61.9375],[-6.7178,61.9333],[-6.7253,61.9344],[-6.7731,61.95],[-6.8692,61.9975],[-6.9611,62.0467],[-7.0346,62.1121],[-7.1303,62.1256],[-7.2322,62.1725],[-7.2347,62.1758],[-7.235,62.18],[-7.2336,62.1933],[-7.2328,62.1981],[-7.2108,62.2847],[-7.1956,62.3047],[-7.1922,62.3078],[-7.135,62.3039],[-7.1281,62.3022],[-7.0875,62.2908],[-7.0706,62.2847],[-7.0658,62.2822],[-7.0625,62.2792],[-7.0575,62.2725],[-7.0522,62.2575],[-7.045,62.2433],[-7.0425,62.24],[-7.0367,62.2336],[-6.9908,62.1931],[-6.9739,62.1825],[-6.9458,62.1681],[-6.9164,62.1539],[-6.8414,62.1244],[-6.735,62.0436],[-6.7247,62.035],[-6.7189,62.0286],[-6.6964,61.9794],[-6.6961,61.9753],[-6.7025,61.9403],[-6.7069,61.9375]]],[[[-6.62,62.2297],[-6.6236,62.2267],[-6.6322,62.2275],[-6.6581,62.2344],[-6.6814,62.2425],[-6.6858,62.245],[-6.7117,62.2939],[-6.7208,62.3314],[-6.6322,62.2592],[-6.6256,62.2533],[-6.6203,62.2381],[-6.6192,62.2344],[-6.62,62.2297]]],[[[-6.6575,62.0925],[-6.6575,62.0558],[-6.6697,62.0586],[-6.7528,62.0928],[-6.9219,62.1672],[-6.9481,62.1825],[-6.9642,62.1933],[-7.0111,62.2264],[-7.025,62.2378],[-7.0294,62.2444],[-7.0625,62.2958],[-7.0603,62.3136],[-6.9581,62.3392],[-6.9503,62.3381],[-6.9381,62.3342],[-6.8072,62.2903],[-6.735,62.26],[-6.6011,62.1969],[-6.5978,62.1942],[-6.5881,62.1342],[-6.6497,62.1025],[-6.6542,62.0997],[-6.6569,62.0961],[-6.6575,62.0925]]],[[[-6.4186,62.1839],[-6.5181,62.1689],[-6.5272,62.1739],[-6.5556,62.1969],[-6.5725,62.2117],[-6.5819,62.225],[-6.5881,62.2397],[-6.5509,62.251],[-6.549,62.3009],[-6.5744,62.3499],[-6.5417,62.3575],[-6.5367,62.3425],[-6.5222,62.3181],[-6.4928,62.2914],[-6.4889,62.2883],[-6.43,62.2689],[-6.3978,62.26],[-6.3922,62.258],[-6.3889,62.255],[-6.3886,62.2508],[-6.3897,62.2461],[-6.4072,62.1917],[-6.4086,62.1886],[-6.4122,62.1853],[-6.4186,62.1839]]],[[[-6.5858,62.2564],[-6.595,62.2561],[-6.6083,62.2586],[-6.6131,62.2611],[-6.62,62.2669],[-6.6644,62.3225],[-6.6681,62.3297],[-6.6683,62.3339],[-6.6667,62.3472],[-6.6658,62.3519],[-6.6608,62.3725],[-6.6547,62.3742],[-6.6458,62.3742],[-6.6381,62.3731],[-6.6322,62.3708],[-6.5736,62.3064],[-6.5664,62.2964],[-6.5614,62.2814],[-6.5611,62.2769],[-6.5617,62.2733],[-6.5656,62.2653],[-6.5725,62.2589],[-6.5858,62.2564]]],[[[-6.4061,62.2844],[-6.415,62.2844],[-6.4228,62.2856],[-6.4803,62.2978],[-6.4886,62.3075],[-6.5469,62.3836],[-6.5453,62.3869],[-6.5308,62.3942],[-6.5253,62.3961],[-6.5192,62.3969],[-6.4983,62.3864],[-6.4892,62.3814],[-6.3917,62.2969],[-6.4061,62.2844]]]]}},{"type":"Feature","properties":{"NAME":null,"ABBREVN":null,"SUBJECTO":null,"BORDERPRECISION":1,"PARTOF":null},"geometry":{"type":"MultiPolygon","coordinates":[[[[-4.7778,54.0555],[-4.7839,54.0569],[-4.7875,54.0594],[-4.7886,54.063],[-4.7886,54.0672],[-4.7139,54.2144],[-4.7103,54.2172],[-4.6989,54.2192],[-4.6458,54.2381],[-4.6414,54.24],[-4.625,54.2489],[-4.6181,54.2542],[-4.6019,54.2678],[-4.5958,54.2739],[-4.5881,54.2836],[-4.5781,54.2969],[-4.5547,54.3311],[-4.5533,54.3353],[-4.5528,54.3439],[-4.5414,54.3561],[-4.5275,54.3672],[-4.485,54.3872],[-4.4431,54.398],[-4.3681,54.4167],[-4.3603,54.4161],[-4.3542,54.4108],[-4.3528,54.4092],[-4.3083,54.3006],[-4.3075,54.2969],[-4.3094,54.2933],[-4.3217,54.2767],[-4.3861,54.1955],[-4.3944,54.1864],[-4.4706,54.1375],[-4.4911,54.1267],[-4.5506,54.0978],[-4.6239,54.0686],[-4.6844,54.0769],[-4.6906,54.0783],[-4.7047,54.0797],[-4.7208,54.0761],[-4.7778,54.0555]]]]}},{"type":"Feature","properties":{"NAME":"Sweden","ABBREVN":"Sweden","SUBJECTO":"Sweden","BORDERPRECISION":1,"PARTOF":"Sweden"},"geometry":{"type":"MultiPolygon","coordinates":[[[[19.3182,63.4448],[19.0759,63.2025],[18.785,63.138],[18.4866,62.9812],[18.3889,62.8534],[18.3032,62.7894],[17.9674,62.7746],[17.8682,62.7886],[17.9363,62.548],[17.7181,62.3567],[17.2902,62.4407],[17.3874,62.2008],[17.4968,62.0881],[17.387,61.6584],[17.1626,61.6299],[17.0652,61.5384],[17.1502,61.1977],[17.1462,60.9528],[17.3176,60.7531],[17.1885,60.6743],[17.605,60.6375],[17.7065,60.5536],[17.9307,60.5903],[18.2244,60.323],[18.4169,60.1816],[18.8041,60.1084],[18.8931,59.9257],[19.0373,59.8632],[19.0436,59.7124],[18.8679,59.7124],[18.6393,59.5669],[18.2514,59.4319],[18.0301,59.3593],[17.7953,59.3645],[17.73,59.4164],[17.368,59.4683],[17.0706,59.5461],[16.7855,59.5773],[16.7241,59.5306],[16.5232,59.5825],[16.4076,59.4475],[16.7765,59.4787],[16.9998,59.3593],[17.2658,59.3385],[17.3581,59.2452],[17.5749,59.2141],[17.5844,59.2711],[17.8617,59.24],[17.9776,59.3282],[18.1114,59.323],[18.3282,59.3697],[18.4296,59.3333],[18.4414,59.4008],[18.5155,59.4008],[18.6113,59.3333],[18.5982,59.297],[18.2734,59.2867],[18.372,59.1571],[18.0157,59.0379],[17.9401,58.9085],[17.7665,58.8723],[17.7264,58.9137],[17.7452,58.9861],[17.7391,59.1104],[17.6232,59.1001],[17.5822,58.893],[17.3567,58.743],[17.2454,58.7171],[17.083,58.7481],[17.0807,58.6499],[16.4429,58.6344],[16.5132,58.4281],[16.744,58.312],[16.7735,58.0379],[16.7246,57.8893],[16.5978,57.8665],[16.4595,57.8952],[16.4765,57.7021],[16.6072,57.6658],[16.5505,57.5452],[16.6587,57.443],[16.4942,57.2789],[16.3945,57.0743],[16.3762,56.8224],[16.0632,56.3962],[15.427,56.7657],[14.485,56.6801],[14.1754,56.8128],[13.4324,56.5239],[13.2261,57.1017],[12.8959,56.9779],[12.7308,57.4319],[12.5244,57.3907],[12.318,57.6796],[11.8766,57.3252],[11.8811,57.509],[11.7661,57.6727],[11.7364,57.6982],[12.4879,58.5629],[12.4228,60.0388],[12.4359,60.2781],[12.548,60.4339],[12.431,60.6258],[12.174,60.9564],[12.5974,61.0286],[12.7917,61.3299],[13.1549,62.0242],[15.0497,63.5258],[16.6607,63.7559],[17.2609,64.2061],[20.8733,64.0328],[20.8665,64.0256],[20.7007,63.8181],[19.9849,63.5173],[19.6703,63.3885],[19.465,63.4807],[19.3182,63.4448]]],[[[29.5107,60.1446],[28.969,60.1088],[28.6916,60.15],[28.5694,60.1984],[28.4352,60.3373],[28.5512,60.5326],[28.5215,60.6233],[28.4318,60.6035],[28.0114,60.5107],[27.4736,60.4261],[27.4062,60.3448],[27.1785,60.4424],[26.9456,60.3763],[26.9223,60.3161],[26.6131,60.3478],[26.5259,60.3965],[26.5516,60.5707],[26.4428,60.3333],[26.3227,60.2702],[26.0377,60.2493],[25.8901,60.2358],[25.8455,60.1155],[25.5805,60.2623],[25.4499,60.1384],[25.1458,60.1097],[24.993,60.0296],[24.9695,60.0868],[24.743,60.0382],[24.516,59.9895],[24.4211,59.8698],[24.2814,59.9381],[23.9789,59.8811],[23.9611,59.9325],[23.6647,59.8356],[23.4189,59.8298],[23.2014,59.8185],[22.9821,59.9325],[22.882,60.0556],[23.0052,60.2088],[22.6246,60.2011],[22.3921,60.1212],[22.4215,60.2932],[22.2207,60.2588],[21.931,60.3808],[21.7468,60.4083],[21.5602,60.5125],[21.4432,60.6936],[21.4273,61.0151],[21.4983,61.1833],[21.5208,61.3796],[21.561,61.4849],[21.4052,61.7024],[21.2112,61.8709],[21.3464,62.1671],[21.3376,62.3436],[21.2001,62.4352],[21.0337,62.4773],[21.0618,62.6117],[21.1948,62.7607],[21.4813,62.8888],[21.546,62.9741],[21.4947,63.123],[21.6665,63.1873],[21.9513,63.131],[22.075,63.1028],[22.2924,63.2027],[22.4288,63.395],[22.4758,63.6016],[22.569,63.723],[22.7042,63.5806],[22.8255,63.5809],[23.1306,63.7834],[27.2316,63.3545],[28.6657,62.2087],[29.6873,60.131],[29.5107,60.1446]]],[[[18.1689,56.91],[18.1478,56.9119],[18.1403,56.915],[18.1425,56.9203],[18.1583,56.9417],[18.2092,56.9892],[18.2567,57.0322],[18.2544,57.0792],[18.1733,57.1419],[18.1483,57.2353],[18.1581,57.3158],[18.1425,57.4094],[18.1153,57.4808],[18.1103,57.4961],[18.11,57.5131],[18.1114,57.5194],[18.1192,57.5311],[18.1386,57.5511],[18.1792,57.5883],[18.1914,57.5961],[18.2119,57.6058],[18.2278,57.6114],[18.2422,57.6175],[18.2492,57.6208],[18.2761,57.6342],[18.2947,57.6458],[18.3389,57.6817],[18.3558,57.6958],[18.3819,57.7186],[18.4017,57.7386],[18.4197,57.7603],[18.4564,57.8028],[18.4614,57.8078],[18.4672,57.8119],[18.4811,57.8186],[18.6819,57.9136],[18.69,57.9161],[18.7161,57.9211],[18.725,57.9228],[18.8819,57.9197],[18.9025,57.9183],[18.9142,57.9175],[19.0047,57.9086],[19.0061,57.9036],[19.0039,57.8989],[19.0333,57.8269],[18.9294,57.7397],[18.8489,57.7211],[18.8092,57.7036],[18.7933,57.6592],[18.7597,57.508],[18.7681,57.4722],[18.7694,57.4672],[18.7883,57.4483],[18.7144,57.2469],[18.7119,57.2417],[18.6581,57.2208],[18.5519,57.1828],[18.5147,57.1694],[18.4983,57.1653],[18.4556,57.1569],[18.4394,57.1528],[18.4172,57.1442],[18.3972,57.1342],[18.3914,57.13],[18.3867,57.125],[18.3456,57.0797],[18.3414,57.0739],[18.3392,57.0686],[18.3356,57.0233],[18.3358,57.0175],[18.3433,57.0144],[18.3467,56.9986],[18.3025,56.9375],[18.295,56.9347],[18.2156,56.9131],[18.2061,56.9119],[18.1689,56.91]]]]}},{"type":"Feature","properties":{"NAME":null,"ABBREVN":null,"SUBJECTO":null,"BORDERPRECISION":1,"PARTOF":null},"geometry":{"type":"MultiPolygon","coordinates":[[[[16.57,56.377],[16.572,56.372],[16.575,56.367],[16.576,56.361],[16.572,56.355],[16.553,56.326],[16.496,56.241],[16.486,56.231],[16.474,56.224],[16.437,56.211],[16.43,56.209],[16.421,56.211],[16.416,56.215],[16.411,56.225],[16.403,56.274],[16.392,56.465],[16.393,56.529],[16.396,56.536],[16.42,56.586],[16.543,56.776],[16.612,56.868],[16.617,56.874],[16.629,56.879],[16.645,56.884],[16.749,56.94],[16.848,57.064],[16.9,57.135],[16.959,57.224],[16.963,57.229],[16.966,57.242],[16.96,57.257],[16.959,57.274],[16.961,57.28],[16.966,57.294],[16.973,57.305],[16.983,57.316],[16.993,57.325],[17.01,57.337],[17.022,57.345],[17.036,57.352],[17.057,57.359],[17.099,57.351],[17.106,57.348],[17.124,57.321],[17.051,57.187],[17.009,57.132],[16.961,57.075],[16.927,57.038],[16.88,56.93],[16.848,56.844],[16.841,56.832],[16.837,56.827],[16.828,56.825],[16.817,56.826],[16.808,56.824],[16.785,56.81],[16.779,56.806],[16.77,56.796],[16.727,56.702],[16.636,56.519],[16.577,56.407],[16.571,56.394],[16.569,56.388],[16.57,56.377]]]]}},{"type":"Feature","properties":{"NAME":null,"ABBREVN":null,"SUBJECTO":null,"BORDERPRECISION":1,"PARTOF":null},"geometry":{"type":"MultiPolygon","coordinates":[[[[23.206,58.445],[23.198,58.45],[23.142,58.444],[23.077,58.414],[23.064,58.386],[23.029,58.358],[22.757,58.24],[22.649,58.23],[22.582,58.241],[22.521,58.242],[22.487,58.242],[22.475,58.242],[22.378,58.223],[22.367,58.22],[22.289,58.188],[22.279,58.184],[22.272,58.179],[22.267,58.171],[22.266,58.164],[22.269,58.156],[22.274,58.15],[22.276,58.142],[22.265,58.102],[22.262,58.094],[22.202,57.986],[22.099,57.931],[22.073,57.917],[22.052,57.91],[22.038,57.908],[22.022,57.91],[22.01,57.913],[22.001,57.917],[21.994,57.923],[21.981,57.958],[21.986,57.976],[22.082,58.077],[22.09,58.082],[22.101,58.085],[22.112,58.084],[22.151,58.086],[22.197,58.137],[22.201,58.145],[22.197,58.151],[22.189,58.156],[22.177,58.159],[22.145,58.159],[22.132,58.161],[22.079,58.171],[22.069,58.175],[21.884,58.252],[21.87,58.262],[21.849,58.279],[21.844,58.286],[21.841,58.293],[21.844,58.299],[21.874,58.34],[21.885,58.343],[21.899,58.343],[21.956,58.343],[22.008,58.353],[22.006,58.36],[21.996,58.381],[21.917,58.457],[21.91,58.463],[21.902,58.468],[21.878,58.474],[21.868,58.478],[21.851,58.488],[21.832,58.505],[21.843,58.508],[21.925,58.517],[21.985,58.516],[22.001,58.515],[22.112,58.492],[22.189,58.545],[22.198,58.549],[22.327,58.577],[22.502,58.602],[22.624,58.593],[22.768,58.6],[22.776,58.606],[22.808,58.616],[22.824,58.617],[22.872,58.618],[22.905,58.617],[22.917,58.616],[22.979,58.601],[22.991,58.598],[23.091,58.564],[23.263,58.496],[23.273,58.492],[23.289,58.482],[23.32,58.462],[23.332,58.45],[23.333,58.442],[23.328,58.434],[23.267,58.429],[23.25,58.43],[23.226,58.437],[23.206,58.445]]]]}},{"type":"Feature","properties":{"NAME":null,"ABBREVN":null,"SUBJECTO":null,"BORDERPRECISION":1,"PARTOF":null},"geometry":{"type":"MultiPolygon","coordinates":[[[[22.948,58.844],[22.884,58.833],[22.866,58.824],[22.868,58.819],[22.882,58.817],[22.889,58.811],[22.887,58.788],[22.884,58.78],[22.848,58.774],[22.816,58.773],[22.798,58.774],[22.784,58.776],[22.778,58.782],[22.777,58.79],[22.783,58.796],[22.793,58.8],[22.804,58.804],[22.823,58.812],[22.829,58.818],[22.826,58.824],[22.812,58.826],[22.798,58.825],[22.776,58.819],[22.747,58.806],[22.739,58.8],[22.721,58.782],[22.701,58.754],[22.692,58.739],[22.69,58.731],[22.681,58.717],[22.675,58.711],[22.667,58.705],[22.646,58.698],[22.624,58.691],[22.596,58.688],[22.565,58.687],[22.547,58.687],[22.532,58.689],[22.518,58.691],[22.48,58.7],[22.47,58.704],[22.465,58.71],[22.469,58.716],[22.472,58.764],[22.45,58.831],[22.446,58.838],[22.426,58.855],[22.405,58.872],[22.39,58.882],[22.382,58.887],[22.37,58.89],[22.336,58.892],[22.277,58.889],[22.246,58.879],[22.229,58.878],[22.177,58.889],[22.165,58.892],[22.064,58.924],[22.053,58.928],[22.045,58.932],[22.042,58.94],[22.046,58.945],[22.052,58.95],[22.065,58.952],[22.191,58.947],[22.376,58.952],[22.434,58.966],[22.468,58.978],[22.488,58.992],[22.524,59.022],[22.576,59.069],[22.699,59.051],[22.695,59.044],[22.699,59.02],[22.703,59.014],[22.72,59.004],[22.734,59.001],[22.75,59],[22.801,58.997],[22.843,59.002],[22.861,59.002],[22.93,58.982],[22.952,58.967],[23.044,58.851],[23.048,58.844],[23.045,58.836],[23.022,58.821],[23.005,58.831],[22.961,58.845],[22.948,58.844]]]]}},{"type":"Feature","properties":{"NAME":null,"ABBREVN":null,"SUBJECTO":null,"BORDERPRECISION":1,"PARTOF":null},"geometry":{"type":"MultiPolygon","coordinates":[[[[20.123,60.081],[20.164,60.069],[20.193,60.065],[20.205,60.064],[20.212,60.06],[20.227,60.003],[20.226,60],[20.211,59.98],[20.203,59.977],[20.137,59.992],[20.129,59.995],[20.004,60.051],[19.999,60.055],[20.003,60.062],[20.008,60.067],[20.094,60.093],[20.103,60.096],[20.109,60.092],[20.11,60.088],[20.123,60.081]]]]}},{"type":"Feature","properties":{"NAME":null,"ABBREVN":null,"SUBJECTO":null,"BORDERPRECISION":1,"PARTOF":null},"geometry":{"type":"MultiPolygon","coordinates":[[[[20.295,60.121],[20.298,60.11],[20.298,60.104],[20.271,60.057],[20.263,60.054],[20.205,60.081],[20.2,60.086],[20.199,60.091],[20.205,60.109],[20.216,60.139],[20.223,60.142],[20.269,60.141],[20.276,60.137],[20.287,60.129],[20.292,60.125],[20.295,60.121]]]]}},{"type":"Feature","properties":{"NAME":null,"ABBREVN":null,"SUBJECTO":null,"BORDERPRECISION":1,"PARTOF":null},"geometry":{"type":"MultiPolygon","coordinates":[[[[19.565,60.249],[19.572,60.252],[19.58,60.255],[19.589,60.257],[19.602,60.256],[19.612,60.253],[19.627,60.244],[19.666,60.193],[19.669,60.189],[19.674,60.173],[19.677,60.157],[19.673,60.15],[19.604,60.153],[19.575,60.122],[19.563,60.123],[19.551,60.125],[19.543,60.128],[19.523,60.151],[19.511,60.175],[19.512,60.181],[19.536,60.225],[19.541,60.23],[19.565,60.249]]]]}},{"type":"Feature","properties":{"NAME":null,"ABBREVN":null,"SUBJECTO":null,"BORDERPRECISION":1,"PARTOF":null},"geometry":{"type":"MultiPolygon","coordinates":[[[[20.067,60.296],[20.062,60.301],[20.047,60.308],[20.037,60.311],[20.025,60.311],[19.914,60.217],[19.914,60.212],[19.927,60.193],[19.931,60.188],[19.937,60.184],[19.946,60.181],[19.987,60.17],[20.026,60.154],[20.051,60.101],[20.053,60.096],[20.051,60.09],[20.044,60.086],[20.022,60.086],[19.999,60.089],[19.968,60.09],[19.958,60.089],[19.951,60.085],[19.948,60.079],[19.944,60.043],[19.939,60.059],[19.928,60.084],[19.925,60.089],[19.918,60.093],[19.908,60.095],[19.895,60.097],[19.875,60.095],[19.869,60.091],[19.87,60.086],[19.873,60.081],[19.868,60.077],[19.859,60.076],[19.848,60.076],[19.772,60.081],[19.751,60.095],[19.722,60.126],[19.699,60.159],[19.696,60.164],[19.648,60.257],[19.649,60.262],[19.749,60.305],[19.783,60.293],[19.777,60.261],[19.768,60.249],[19.762,60.244],[19.761,60.238],[19.793,60.191],[19.796,60.187],[19.809,60.185],[19.817,60.188],[19.931,60.277],[19.935,60.283],[19.937,60.289],[19.937,60.295],[19.931,60.304],[19.899,60.34],[19.892,60.343],[19.883,60.342],[19.878,60.336],[19.874,60.329],[19.872,60.323],[19.868,60.317],[19.862,60.312],[19.839,60.32],[19.834,60.322],[19.78,60.349],[19.783,60.354],[19.808,60.377],[19.825,60.392],[19.857,60.404],[19.869,60.404],[19.906,60.4],[20.085,60.35],[20.277,60.274],[20.218,60.208],[20.172,60.164],[20.162,60.162],[20.092,60.17],[20.086,60.174],[20.082,60.179],[20.101,60.216],[20.106,60.221],[20.123,60.226],[20.12,60.24],[20.067,60.296]]]]}},{"type":"Feature","properties":{"NAME":null,"ABBREVN":null,"SUBJECTO":null,"BORDERPRECISION":1,"PARTOF":null},"geometry":{"type":"MultiPolygon","coordinates":[[[[20.442,60.248],[20.441,60.243],[20.409,60.204],[20.397,60.195],[20.387,60.193],[20.345,60.231],[20.342,60.235],[20.341,60.241],[20.343,60.247],[20.348,60.252],[20.366,60.266],[20.376,60.267],[20.394,60.267],[20.436,60.258],[20.441,60.253],[20.442,60.248]]]]}},{"type":"Feature","properties":{"NAME":"Holy Roman Empire","ABBREVN":"Holy Roman E","SUBJECTO":"Holy Roman Empire","BORDERPRECISION":1,"PARTOF":"Holy Roman Empire"},"geometry":{"type":"MultiPolygon","coordinates":[[[[14.0699,53.9178],[14.1742,53.9068],[14.2054,53.8132],[14.1454,53.8265],[14.0684,53.8435],[14.0287,53.8655],[13.8278,53.8297],[13.7774,53.9486],[13.7784,54.0444],[14.0699,53.9178]]],[[[14.4729,53.8768],[14.4591,53.8187],[14.3339,53.8297],[14.2479,53.816],[14.2272,53.9095],[14.3053,53.915],[14.4248,53.915],[14.4729,53.8768]]]]}},{"type":"Feature","properties":{"NAME":null,"ABBREVN":null,"SUBJECTO":null,"BORDERPRECISION":1,"PARTOF":null},"geometry":{"type":"MultiPolygon","coordinates":[[[[24.2991,37.6611],[24.398,37.6671],[24.3827,37.5707],[24.2611,37.5406],[24.2991,37.6611]]]]}},{"type":"Feature","properties":{"NAME":null,"ABBREVN":null,"SUBJECTO":null,"BORDERPRECISION":1,"PARTOF":null},"geometry":{"type":"MultiPolygon","coordinates":[[[[25.1506,37.172],[25.3102,37.1962],[25.3102,37.0022],[25.1126,36.9415],[24.9377,36.9597],[25.1506,37.172]]]]}},{"type":"Feature","properties":{"NAME":null,"ABBREVN":null,"SUBJECTO":null,"BORDERPRECISION":1,"PARTOF":null},"geometry":{"type":"MultiPolygon","coordinates":[[[[25.3786,37.1175],[25.5383,37.2204],[25.6067,37.1235],[25.5991,37.0265],[25.5459,36.9597],[25.4547,36.9232],[25.3634,37.0083],[25.3406,37.0871],[25.3786,37.1175]]]]}},{"type":"Feature","properties":{"NAME":"Seljuk Caliphate","ABBREVN":"Seljuk Turks","SUBJECTO":"Mongol Empire","BORDERPRECISION":1,"PARTOF":"Mongol Empire"},"geometry":{"type":"MultiPolygon","coordinates":[[[[34.6619,41.8702],[35.4039,41.4006],[36.1583,41.3576],[36.1614,41.3525],[36.3829,41.2375],[36.6412,41.315],[36.817,41.2897],[37.2528,41.0277],[37.7661,40.2901],[38.8111,40.1508],[40.2044,40.3598],[40.7618,40.5688],[41.484,41.4365],[41.2118,40.2438],[39.1479,38.6222],[38.6097,38.368],[36.4944,37.3692],[36.7893,37.0006],[35.8909,36.7711],[35.6717,36.6058],[35.5676,36.5874],[35.5062,36.5586],[35.5476,36.5402],[35.4946,36.4431],[35.4171,36.4326],[35.3887,36.4536],[35.3542,36.4142],[35.2205,36.388],[35.0714,36.4877],[34.8699,36.5769],[34.6624,36.6478],[34.4851,36.6268],[34.1032,36.3803],[33.9517,36.2516],[33.9541,36.1598],[33.891,36.1388],[33.8359,36.1073],[33.8337,36.0706],[33.7532,36.1466],[33.4817,36.0543],[33.1713,35.9709],[32.9041,35.9767],[32.6403,36.008],[32.335,36.1284],[31.902,36.4969],[31.3707,36.7123],[30.9053,36.7942],[30.5936,36.7617],[30.5401,36.647],[30.4967,36.373],[30.4728,36.1883],[30.3949,36.118],[30.2799,36.1178],[30.1661,36.1876],[29.662,36.0783],[29.4719,36.0907],[29.2982,36.1731],[29.0023,36.6948],[30.5906,37.7821],[30.7299,39.6631],[31.9839,39.6631],[34.4919,40.9171],[34.6619,41.8702]]]]}},{"type":"Feature","properties":{"NAME":"Aragón","ABBREVN":"Aragón","SUBJECTO":"Aragón","BORDERPRECISION":1,"PARTOF":"Aragón"},"geometry":{"type":"MultiPolygon","coordinates":[[[[-1.6643,42.1254],[-0.9074,42.8813],[-0.84,42.9087],[-0.612,42.7309],[-0.5868,42.7651],[-0.4688,42.7514],[-0.4099,42.7856],[-0.2161,42.7172],[-0.2037,42.7003],[-0.1656,42.6488],[0.1796,42.6625],[0.1963,42.6078],[0.3478,42.6352],[0.5919,42.6283],[0.5841,42.7719],[0.7442,42.7719],[1.3075,42.6352],[1.3205,42.605],[1.4563,42.619],[1.5772,42.6479],[1.7554,42.5967],[1.7917,42.5789],[1.7313,42.5455],[1.7282,42.501],[2.1029,42.6145],[2.2721,42.6901],[2.4806,42.6856],[2.4896,42.7189],[2.7011,42.73],[2.825,42.8498],[2.9489,42.883],[3.0393,42.8692],[3.0019,42.7708],[3.0459,42.5395],[3.0871,42.3686],[3.0865,42.3291],[3.0863,42.1207],[3.1566,42.0757],[3.1289,41.8572],[2.6283,41.6195],[2.2006,41.4461],[2.0807,41.2985],[1.6098,41.2092],[1.3112,41.1573],[0.8792,41.0217],[0.7338,40.875],[0.7098,40.7851],[0.8271,40.7274],[0.7876,40.6569],[0.5051,40.5928],[0.2379,40.2402],[-0.1606,39.886],[-0.2037,39.7994],[-0.2845,39.6368],[-0.3948,39.4345],[-0.2359,39.0624],[-0.2037,39.0127],[-0.1657,38.9541],[0.1261,38.8214],[0.1726,38.7383],[-0.107,38.5915],[-0.2037,38.544],[-0.4352,38.4303],[-0.5641,38.2149],[-0.6647,38.1766],[-0.8723,37.7598],[-0.8026,37.615],[-0.9183,37.5703],[-1.3646,37.5484],[-1.6257,37.4395],[-1.8169,37.2925],[-1.9405,36.9516],[-2.1493,37.233],[-1.921,37.6514],[-2.0352,37.8416],[-1.883,37.9557],[-1.6548,37.9177],[-1.6548,38.1839],[-1.8069,38.26],[-1.8069,38.5262],[-2.0352,38.6023],[-2.0352,39.2489],[-1.8069,39.1729],[-1.8069,39.4772],[-1.9971,39.5913],[-1.9971,39.7434],[-1.8069,39.8575],[-1.9971,39.9716],[-1.9971,40.0857],[-2.3014,40.2379],[-2.3014,40.39],[-1.921,40.6182],[-2.0352,41.2268],[-2.3014,41.2649],[-2.3014,41.4931],[-2.1493,41.4931],[-2.13,41.8166],[-1.6049,41.7688],[-1.6643,42.1254]]]]}},{"type":"Feature","properties":{"NAME":"Norway","ABBREVN":"Norway","SUBJECTO":"Norway","BORDERPRECISION":1,"PARTOF":"Norway"},"geometry":{"type":"MultiPolygon","coordinates":[[[[-24.1615,65.6066],[-23.9726,65.6871],[-23.5705,65.6806],[-23.267,65.7249],[-23.4261,65.8267],[-23.6083,65.9796],[-23.4656,66.1334],[-23.3411,66.1337],[-22.9109,65.9444],[-22.6093,65.9231],[-22.4741,65.9964],[-22.5601,66.1132],[-22.8411,66.281],[-22.6764,66.3913],[-22.2098,66.2896],[-21.7791,66.2537],[-21.4432,66.1299],[-21.2425,65.8818],[-21.2962,65.6994],[-21.4947,65.568],[-21.0797,65.2054],[-20.8306,65.3656],[-20.6725,65.424],[-20.3889,65.4755],[-20.1684,65.5559],[-20.1413,65.6506],[-20.2174,66.0006],[-19.9733,66.1107],[-19.7477,65.9065],[-19.556,65.7683],[-19.336,65.6739],[-19.2392,65.6668],[-19.1559,65.7253],[-19.2745,65.9293],[-19.1654,66.0026],[-19.0441,66.0174],[-18.6763,66.0912],[-18.369,65.8945],[-18.1279,65.7855],[-17.8838,65.7568],[-17.861,65.8371],[-18.0225,66.0778],[-17.5697,66.0129],[-16.9221,65.9776],[-16.568,66.0293],[-16.3757,66.1321],[-16.3852,66.4544],[-15.8599,66.4187],[-15.574,66.2068],[-15.0708,66.0614],[-14.7633,66.0547],[-14.6407,65.9453],[-14.7541,65.6971],[-14.4001,65.5667],[-13.6469,65.4953],[-13.5898,65.43],[-13.5256,65.1833],[-13.5574,65.0094],[-13.6258,64.8939],[-13.6942,64.7786],[-13.8934,64.7207],[-14.2603,64.7128],[-14.3481,64.6695],[-14.3659,64.4756],[-14.5975,64.2671],[-14.8212,64.195],[-15.0768,64.2089],[-15.2665,64.2802],[-15.6341,64.0575],[-15.8765,63.9927],[-16.5338,63.7841],[-16.9175,63.7334],[-17.2444,63.7328],[-17.5915,63.6893],[-17.9441,63.4248],[-18.1569,63.3675],[-18.6419,63.3238],[-18.9608,63.3375],[-19.5531,63.4147],[-19.8267,63.4783],[-20.4039,63.6983],[-20.8799,63.7403],[-21.0791,63.7113],[-21.5475,63.7176],[-22.3729,63.7732],[-22.5066,63.8658],[-22.3113,63.952],[-21.8041,64.1104],[-21.4885,64.3761],[-21.8567,64.3826],[-22.0862,64.4396],[-22.2786,64.6188],[-22.3924,64.6617],[-22.5536,64.6255],[-23.2575,64.5738],[-23.5083,64.559],[-23.6746,64.6593],[-23.6112,64.7457],[-23.4367,64.8036],[-23.1356,64.8473],[-22.7784,64.8552],[-22.4503,64.9062],[-21.9783,64.9503],[-21.8092,65.0374],[-21.7289,65.1825],[-21.7938,65.2985],[-21.9548,65.378],[-22.1465,65.3849],[-22.3616,65.4499],[-22.8137,65.4709],[-23.1832,65.4266],[-23.3742,65.3536],[-23.6785,65.3167],[-24.1469,65.4393],[-24.2189,65.5337],[-24.1615,65.6066]]],[[[11.1121,59.1651],[10.8292,59.1058],[10.7689,59.1177],[10.6568,59.2244],[10.5493,59.3786],[10.6336,59.4499],[10.5697,59.5805],[10.4071,59.4973],[10.3786,59.3667],[10.4296,59.26],[10.3633,59.2125],[10.2111,59.0703],[10.1723,58.9874],[9.9376,58.94],[9.6976,58.9992],[9.3462,58.8453],[9.3716,58.7861],[9.1459,58.6561],[8.9217,58.5379],[8.1752,58.172],[8.1537,58.0895],[8.0302,58.066],[7.9084,58.066],[6.9586,57.9717],[6.8742,58.0778],[6.7257,58.1367],[6.6437,58.0424],[6.4791,58.0895],[6.6517,58.172],[6.2313,58.2782],[5.8738,58.4316],[5.6155,58.4552],[5.3997,58.7152],[5.531,58.8808],[5.4746,58.9755],[5.6275,58.9637],[5.6658,58.8216],[5.7937,58.9163],[6.0936,58.798],[5.9837,58.8867],[6.0412,58.9518],[6.2661,58.9933],[6.0505,58.9814],[5.9404,58.9341],[5.8223,59.017],[5.7719,59.0762],[6.0326,59.2007],[6.2375,59.2837],[6.0203,59.254],[5.8775,59.3134],[6.0763,59.4202],[6.1134,59.527],[5.8159,59.3134],[5.7995,59.432],[5.6805,59.5092],[5.6829,59.4142],[5.7171,59.3371],[5.5285,59.2659],[5.3438,59.2659],[5.3503,59.3905],[5.2826,59.2718],[5.1766,59.3074],[5.0866,59.5092],[5.3826,59.7113],[5.4186,59.5152],[5.4493,59.6578],[5.6462,59.5865],[5.7411,59.628],[5.6666,59.6756],[5.9699,59.7113],[6.1854,59.8243],[5.9105,59.7529],[5.694,59.7529],[5.5433,59.8243],[5.6317,59.8838],[5.8058,59.9493],[5.8941,60.1613],[5.5246,60.1675],[5.2791,60.1253],[5.0962,60.2641],[5.2618,60.3271],[5.5511,60.5089],[5.4558,60.5924],[5.2552,60.5641],[5.0755,60.5917],[4.9804,60.6892],[5.1085,60.9061],[5.387,61.0256],[5.1196,61.1371],[5.0183,61.3051],[5.141,61.3896],[5.1011,61.6986],[5.149,61.7409],[5.416,61.7695],[5.5924,61.7897],[5.7971,61.7699],[5.8339,61.8194],[5.7195,61.8795],[5.5282,61.9326],[5.4257,62.0093],[5.4697,62.0937],[5.5646,62.1503],[5.8236,62.179],[6.0535,62.3348],[6.3084,62.2858],[6.5325,62.3357],[6.613,62.5833],[6.9887,62.5416],[7.2893,62.4856],[7.5467,62.5993],[7.1016,62.7046],[6.9819,62.8461],[7.0882,62.9102],[7.6065,62.9041],[7.9892,62.9403],[8.2313,62.8414],[8.258,63.0543],[8.4723,63.1755],[8.6059,63.3251],[8.9572,63.404],[9.1542,63.319],[9.2161,63.2836],[9.4409,63.4975],[9.8321,63.6836],[9.8701,63.8764],[10.0662,64.0555],[10.7398,64.3862],[10.8906,64.4725],[10.9966,64.4942],[11.2135,64.4157],[11.3641,64.416],[11.5077,64.5167],[11.4065,64.617],[11.4699,64.6746],[11.6897,64.7757],[11.8956,64.9127],[12.1121,65.1299],[12.2222,65.1011],[12.5265,65.109],[12.4962,65.3845],[12.2841,65.4349],[12.4792,65.617],[12.7091,65.9089],[13.0874,65.8804],[13.1088,66.0337],[13.1519,66.1361],[13.581,66.1881],[13.4028,66.3488],[13.2554,66.3925],[13.1686,66.4583],[13.2421,66.5685],[13.3832,66.679],[13.592,66.6573],[13.9916,66.6875],[13.7472,66.9224],[13.8591,66.9594],[14.0547,66.9746],[14.3731,67.0931],[14.6393,67.1231],[14.7777,67.2165],[14.6165,67.2453],[14.5692,67.3293],[14.6991,67.3744],[14.9762,67.5229],[15.2267,67.5086],[15.3845,67.4644],[15.5799,67.5833],[15.7457,67.5973],[15.7618,67.6763],[15.5722,67.8207],[15.8542,67.9252],[15.9197,68.049],[16.0711,68.0447],[16.2327,67.9111],[16.4116,67.8742],[16.6485,68.0457],[16.5219,68.3409],[16.7191,68.3114],[17.0333,68.3376],[17.1264,68.4161],[16.8548,68.5578],[17.0397,68.6585],[17.4069,68.7715],[17.4489,68.887],[17.5659,68.9744],[17.8947,69.0351],[17.9281,69.0051],[18.0515,69.0279],[18.0974,69.058],[18.3191,69.3594],[18.5532,69.2469],[18.9848,69.3154],[19.1702,69.2555],[19.2892,69.2106],[19.58,69.1811],[19.8212,69.3697],[18.9587,68.2937],[18.4002,67.2349],[18.534,66.4321],[17.3298,64.8264],[17.7312,64.5588],[17.2609,64.2061],[16.6607,63.7559],[15.0497,63.5258],[13.1549,62.0242],[12.7917,61.3299],[12.5974,61.0286],[12.174,60.9564],[12.431,60.6258],[12.548,60.4339],[12.4359,60.2781],[12.4228,60.0388],[12.4879,58.5629],[11.7364,57.6982],[11.6098,57.8069],[11.7091,58.0247],[11.8019,58.1779],[11.6139,58.2473],[11.4311,58.2015],[11.4067,58.3313],[11.2214,58.3083],[11.1404,58.8512],[11.0392,58.9104],[11.1789,59.0703],[11.1121,59.1651]]],[[[13.283,79.4871],[13.3967,79.4337],[14.1589,79.3638],[14.2581,79.5336],[14.3166,79.7219],[14.5747,79.7853],[14.8101,79.8037],[15.2372,79.5892],[15.7741,79.2423],[16.1332,79.1364],[16.3888,79.2346],[16.2892,79.3679],[16.082,79.5282],[15.935,79.7429],[15.9166,79.8418],[16.3263,80.0251],[16.7766,79.9786],[16.9953,79.8978],[17.5706,79.8899],[17.8341,79.8095],[17.7982,79.6209],[17.7222,79.4866],[17.769,79.4153],[18.016,79.3623],[18.3505,79.5146],[18.5487,79.5597],[18.8465,79.3817],[19.1516,79.2309],[19.5049,79.1606],[19.9319,79.1082],[20.6842,78.9149],[20.9081,78.8094],[20.3212,78.685],[19.4291,78.5866],[19.1158,78.4545],[18.7868,77.9398],[18.3886,77.5416],[17.8294,77.4889],[17.4849,77.2481],[17.2799,76.983],[17.267,76.8129],[16.913,76.7189],[16.6629,76.7269],[15.9461,76.8868],[15.0989,77.1153],[14.4846,77.3709],[14.7779,77.5348],[15.4821,77.5533],[16.2868,77.6152],[16.7116,77.7886],[16.418,77.9006],[15.5981,77.8384],[14.8934,77.7852],[14.131,77.7664],[13.9051,77.9999],[14.3365,78.0268],[14.9534,78.1236],[15.9209,78.2649],[16.617,78.4673],[15.4803,78.6494],[15.0839,78.7807],[14.819,78.7185],[14.3528,78.4279],[13.8718,78.2959],[13.6184,78.2692],[13.0621,78.3468],[12.9101,78.4252],[12.4375,78.5909],[12.0746,78.6957],[11.7603,78.8802],[12.5248,79.0586],[12.157,79.3154],[11.5452,79.172],[11.3352,79.2071],[10.9194,79.5452],[11.2843,79.7071],[11.5165,79.7165],[12.0003,79.7714],[12.4577,79.7543],[12.7174,79.7817],[13.2522,79.8007],[13.283,79.4871]]],[[[21.2526,79.789],[20.3442,79.7963],[19.5617,79.7678],[19.2181,79.7402],[18.3306,79.8824],[18.6958,80.0874],[19.0676,80.165],[19.3988,80.3686],[19.9154,80.6334],[20.5245,80.3224],[20.9737,80.275],[21.4759,80.3147],[21.8812,80.2768],[22.1977,80.1233],[22.5874,80.2686],[22.826,80.473],[23.2164,80.6108],[23.0768,80.2406],[23.1154,80.0963],[23.4983,80.0971],[23.9442,80.3198],[24.4214,80.4373],[24.7829,80.3797],[25.034,80.1675],[25.3513,80.1489],[26.2544,80.1989],[26.9486,80.1137],[27.1968,79.9444],[26.9686,79.8539],[26.067,79.5741],[25.3367,79.403],[24.8552,79.3753],[24.4163,79.3122],[23.8205,79.1475],[20.9983,79.1911],[20.9833,79.3609],[21.6549,79.4781],[21.9708,79.7829],[21.2526,79.789]]]]}},{"type":"Feature","properties":{"NAME":"Byzantine Empire","ABBREVN":"Byzantine E.","SUBJECTO":"Byzantine Empire","BORDERPRECISION":1,"PARTOF":"Byzantine Empire"},"geometry":{"type":"MultiPolygon","coordinates":[[[[34.6629,41.8756],[34.6619,41.8702],[34.4919,40.9171],[31.9839,39.6631],[30.7299,39.6631],[30.5906,37.7821],[29.0023,36.6948],[28.8135,36.5352],[28.4698,36.7383],[28.2669,36.7124],[28.0142,36.5272],[27.9119,36.6989],[27.9419,36.7563],[28.051,36.833],[27.9988,36.9094],[27.5535,36.9148],[27.3081,36.9207],[27.2686,37.0417],[27.5256,37.1314],[27.4925,37.2397],[27.3646,37.3286],[27.1604,37.3601],[27.1226,37.4939],[27.1411,37.6469],[27.1798,37.7744],[27.1398,37.8891],[26.9614,37.9461],[26.6793,38.1049],[26.5123,38.0663],[26.3932,38.1044],[26.3916,38.2191],[26.4687,38.4448],[26.5274,38.4182],[26.7425,38.2784],[26.9974,38.4001],[26.8197,38.5273],[26.8288,38.583],[26.6957,38.6408],[26.7095,38.6986],[26.9664,38.7699],[27.0349,38.8211],[27.0042,38.8848],[26.9368,38.9246],[26.7853,38.9403],[26.7898,39.0244],[26.8708,39.056],[26.7971,39.1296],[26.7079,39.1821],[26.7041,39.2505],[26.6022,39.2557],[26.7202,39.3372],[26.8535,39.4608],[26.9262,39.4765],[26.9575,39.5483],[26.8043,39.5672],[26.5462,39.5133],[26.139,39.4397],[26.0641,39.4555],[26.0849,39.604],[26.1419,39.6606],[26.1407,39.75],[26.1276,39.8786],[26.186,39.9972],[26.3203,39.9919],[26.4031,40.1765],[26.4817,40.187],[26.7653,40.3769],[26.9965,40.3717],[27.0561,40.4297],[27.2718,40.4508],[27.3292,40.3558],[27.4496,40.3098],[27.526,40.2971],[27.7639,40.2873],[27.8302,40.3453],[27.7998,40.4033],[27.6793,40.4614],[27.8078,40.5036],[27.9538,40.4877],[28.0065,40.4508],[27.9082,40.3506],[28.004,40.3621],[28.4777,40.3951],[28.7564,40.3765],[28.9268,40.3558],[29.0524,40.3347],[29.1223,40.4139],[29.0835,40.4561],[28.8732,40.4719],[28.778,40.5247],[28.9016,40.6201],[29.5252,40.6883],[29.7131,40.6936],[29.8827,40.7464],[29.6834,40.7516],[29.4172,40.7411],[29.3204,40.7411],[29.2896,40.8067],[29.0145,40.9787],[29.1612,41.2164],[29.5778,41.1534],[30.1376,41.1318],[30.2561,41.1847],[30.7448,41.0403],[31.0354,41.0488],[31.2972,40.9365],[32.8056,41.5491],[33.1899,41.9524],[33.5555,41.9825],[33.8967,41.9511],[34.3039,41.8941],[34.6526,41.8761],[34.6629,41.8756]]],[[[25.7664,36.3376],[25.7131,36.3498],[25.7359,36.3865],[25.7892,36.4049],[25.8728,36.3559],[25.7664,36.3376]]],[[[28.0698,41.625],[28.1044,41.593],[28.3715,41.4331],[28.7402,41.3248],[29.0124,41.2548],[29.0811,41.2005],[28.9645,40.9892],[28.8278,40.9147],[28.5962,40.947],[28.1733,41.0579],[28.0264,41.0262],[27.9322,40.9575],[27.4742,40.9628],[27.313,40.7899],[27.2638,40.6672],[26.8889,40.5247],[26.6136,40.398],[26.5139,40.282],[26.3759,40.2134],[26.2552,40.0816],[26.1409,40.0447],[26.2143,40.1607],[26.2228,40.224],[26.1948,40.3031],[26.4575,40.435],[26.5565,40.4983],[26.4548,40.5843],[26.4181,40.5778],[26.124,40.6028],[26.0207,40.6693],[25.9929,40.8525],[25.6357,40.8774],[25.3011,40.8959],[25.0463,40.9523],[25.0189,41.0171],[24.8121,40.9334],[24.7007,40.8783],[24.5191,40.8731],[24.505,40.9841],[24.3543,40.971],[24.2191,40.8297],[24.0252,40.7464],[23.886,40.7329],[23.7484,40.8044],[23.6347,40.7728],[23.633,40.7132],[23.7091,40.63],[23.7852,40.4772],[23.9237,40.4508],[24.2954,40.1765],[24.2206,40.1448],[24.0548,40.2609],[24.0478,40.3084],[23.9235,40.3453],[23.7748,40.3928],[23.7222,40.3482],[23.6272,40.3453],[23.6588,40.2873],[23.6517,40.2292],[23.8037,40.1554],[23.8687,40.1607],[23.9201,40.0552],[23.9066,39.9972],[23.796,39.9867],[23.5958,40.1923],[23.4425,40.2556],[23.3491,40.282],[23.2918,40.2873],[23.2931,40.2451],[23.2591,40.2292],[23.321,40.1554],[23.3668,40.1079],[23.4365,40.0447],[23.5233,40.0183],[23.5922,40.0025],[23.6386,39.9603],[23.5969,39.9341],[23.3744,39.9551],[23.2605,39.9709],[23.2763,40.0499],[23.2148,40.1818],[23.1411,40.2662],[22.9602,40.3147],[22.7481,40.4825],[22.8639,40.5352],[22.8755,40.5963],[22.8519,40.6513],[22.77,40.6672],[22.7013,40.5774],[22.4921,40.4983],[22.6023,40.3972],[22.4896,40.2305],[22.4674,40.1185],[22.5256,40.0642],[22.5551,39.9867],[22.6951,39.8345],[22.7545,39.8183],[22.8134,39.6027],[23.0742,39.4135],[23.2361,39.2032],[23.1585,39.1401],[23.0519,39.1033],[23.0998,39.1874],[23.0453,39.2715],[22.9813,39.3293],[22.919,39.3451],[22.8509,39.3661],[22.7203,39.2873],[22.7661,39.2028],[22.8349,39.1664],[22.8711,39.0243],[22.7842,38.9403],[22.4905,38.8769],[22.6023,38.8562],[22.7233,38.7932],[22.8994,38.7669],[22.9842,38.667],[23.0998,38.6723],[23.1695,38.667],[23.191,38.6103],[23.3562,38.4895],[23.4938,38.4831],[23.5558,38.3518],[23.6828,38.3465],[23.8039,38.3465],[23.9607,38.2099],[23.967,38.1521],[23.88,38.1154],[23.9873,37.7634],[23.9182,37.6846],[23.8355,37.6846],[23.7337,37.8579],[23.6341,37.879],[23.5407,38.0041],[23.4957,38.0681],[23.4193,38.0681],[23.1958,38.005],[22.9806,37.9578],[22.8981,37.9],[23.04,37.858],[23.0454,37.7736],[23.0489,37.6426],[23.1514,37.5901],[23.2205,37.6018],[23.3217,37.6374],[23.3122,37.5481],[23.4181,37.4693],[23.185,37.4273],[23.1858,37.3748],[23.1096,37.3466],[22.971,37.3853],[23.0253,37.4798],[22.9421,37.5184],[22.7133,37.5434],[22.6423,37.5849],[22.6387,37.4923],[22.7262,37.2885],[22.8133,37.2121],[22.7931,37.1386],[22.8869,37.0467],[22.9826,36.6148],[22.6736,36.7543],[22.5244,36.7221],[22.3903,36.5244],[22.1914,36.8552],[21.9842,37.0205],[21.7809,36.8225],[21.5882,36.9814],[21.5314,37.1151],[21.6265,37.3065],[21.6137,37.4148],[21.5173,37.5358],[21.2963,37.7265],[21.2211,37.8284],[21.2284,37.9049],[21.4405,38.1795],[21.7145,38.1354],[21.9058,38.2697],[21.9967,38.2508],[22.7472,37.9526],[22.8987,37.9976],[23.1163,38.1574],[22.9967,38.1793],[22.8756,38.2046],[22.3337,38.4267],[21.8265,38.464],[21.6613,38.4381],[21.3645,38.412],[21.1724,38.3478],[20.7718,38.8509],[20.8926,38.8958],[21.0065,38.8705],[21.1047,38.9218],[21.1595,39.0048],[21.0072,39.113],[20.9011,39.0617],[20.6778,39.0804],[20.2118,39.4049],[20.1224,39.551],[20.0908,39.6025],[20.0286,39.8138],[19.8036,40.017],[19.3691,40.2603],[19.3802,40.3236],[19.4837,40.2959],[19.4945,40.4027],[19.3392,40.5887],[19.5273,40.8659],[19.4454,40.9649],[19.53,41.2184],[19.417,41.3453],[19.4989,41.5236],[19.6194,41.5593],[19.607,41.7615],[20.7053,42.8138],[21.489,42.8791],[24.2971,42.0301],[26.0603,42.0954],[26.5828,41.8342],[26.6481,42.5526],[27.8873,43.0635],[27.8699,42.7999],[27.8362,42.7355],[27.654,42.6837],[27.502,42.5163],[27.4947,42.4009],[27.6079,42.4168],[27.7225,42.3162],[27.7377,42.247],[27.9134,42.0781],[27.918,41.9777],[28.0262,41.8824],[28.0182,41.7532],[28.0698,41.625]]],[[[25.333,36.4599],[25.371,36.4966],[25.4927,36.4232],[25.4927,36.3314],[25.3862,36.3192],[25.3178,36.3988],[25.333,36.4599]]],[[[26.0248,36.9597],[26.0856,36.8989],[25.9564,36.8442],[25.8348,36.7833],[25.7511,36.7833],[25.7511,36.8138],[25.8576,36.8381],[25.9488,36.9111],[26.0248,36.9597]]],[[[24.2991,36.7529],[24.4284,36.7955],[24.588,36.8685],[24.6792,36.759],[24.4664,36.6493],[24.2991,36.7529]]],[[[24.9453,36.5699],[24.8237,36.6371],[24.8237,36.6614],[24.8769,36.6797],[24.9757,36.6371],[24.9453,36.5699]]],[[[25.105,36.6371],[25.0593,36.6187],[25.0441,36.6614],[25.1658,36.7407],[25.1962,36.6736],[25.105,36.6371]]],[[[25.2494,36.759],[25.295,36.8077],[25.4319,36.698],[25.3862,36.6371],[25.2646,36.7041],[25.2418,36.7529],[25.2494,36.759]]],[[[24.4284,37.2083],[24.5348,37.1175],[24.4436,37.0993],[24.4284,37.2083]]],[[[24.4892,37.3958],[24.3599,37.3052],[24.3599,37.3958],[24.398,37.4682],[24.4892,37.3958]]],[[[24.8617,37.5286],[24.9453,37.5105],[25.0441,37.3777],[24.8465,37.3656],[24.8617,37.5286]]],[[[24.6792,36.905],[24.6488,37.0143],[24.7172,37.0508],[24.7857,36.9475],[24.6792,36.905]]]]}}]}