{"type":"FeatureCollection","name":"world_bc200","crs":{"type":"name","properties":{"name":"urn:ogc:def:crs:OGC:1.3:CRS84"}},"features":[{"type":"Feature","properties":{"NAME":null,"ABBREVN":null,"SUBJECTO":null,"BORDERPRECISION":1,"PARTOF":null},"geometry":{"type":"MultiPolygon","coordinates":[[[[-24.2189,65.5337],[-24.1615,65.6066],[-23.9726,65.6871],[-23.5705,65.6806],[-23.267,65.7249],[-23.4261,65.8267],[-23.6083,65.9796],[-23.4656,66.1334],[-23.3411,66.1337],[-22.9109,65.9444],[-22.6093,65.9231],[-22.4741,65.9964],[-22.5601,66.1132],[-22.8411,66.281],[-22.6764,66.3913],[-22.2098,66.2896],[-21.7791,66.2537],[-21.4432,66.1299],[-21.2425,65.8818],[-21.2962,65.6994],[-21.4947,65.568],[-21.0797,65.2054],[-20.8306,65.3656],[-20.6725,65.424],[-20.3889,65.4755],[-20.1684,65.5559],[-20.1413,65.6506],[-20.2174,66.0006],[-19.9733,66.1107],[-19.7477,65.9065],[-19.556,65.7683],[-19.336,65.6739],[-19.2392,65.6668],[-19.1559,65.7253],[-19.2745,65.9293],[-19.1654,66.0026],[-19.0441,66.0174],[-18.6763,66.0912],[-18.369,65.8945],[-18.1279,65.7855],[-17.8838,65.7568],[-17.861,65.8371],[-18.0225,66.0778],[-17.5697,66.0129],[-16.9221,65.9776],[-16.568,66.0293],[-16.3757,66.1321],[-16.3852,66.4544],[-15.8599,66.4187],[-15.574,66.2068],[-15.0708,66.0614],[-14.7633,66.0547],[-14.6407,65.9453],[-14.7541,65.6971],[-14.4001,65.5667],[-13.6469,65.4953],[-13.5898,65.43],[-13.5256,65.1833],[-13.5574,65.0094],[-13.6258,64.8939],[-13.6942,64.7786],[-13.8934,64.7207],[-14.2603,64.7128],[-14.3481,64.6695],[-14.3659,64.4756],[-14.5975,64.2671],[-14.8212,64.195],[-15.0768,64.2089],[-15.2665,64.2802],[-15.6341,64.0575],[-15.8765,63.9927],[-16.5338,63.7841],[-16.9175,63.7334],[-17.2444,63.7328],[-17.5915,63.6893],[-17.9441,63.4248],[-18.1569,63.3675],[-18.6419,63.3238],[-18.9608,63.3375],[-19.5531,63.4147],[-19.8267,63.4783],[-20.4039,63.6983],[-20.8799,63.7403],[-21.0791,63.7113],[-21.5475,63.7176],[-22.3729,63.7732],[-22.5066,63.8658],[-22.3113,63.952],[-21.8041,64.1104],[-21.4885,64.3761],[-21.8567,64.3826],[-22.0862,64.4396],[-22.2786,64.6188],[-22.3924,64.6617],[-22.5536,64.6255],[-23.2575,64.5738],[-23.5083,64.559],[-23.6746,64.6593],[-23.6112,64.7457],[-23.4367,64.8036],[-23.1356,64.8473],[-22.7784,64.8552],[-22.4503,64.9062],[-21.9783,64.9503],[-21.8092,65.0374],[-21.7289,65.1825],[-21.7938,65.2985],[-21.9548,65.378],[-22.1465,65.3849],[-22.3616,65.4499],[-22.8137,65.4709],[-23.1832,65.4266],[-23.3742,65.3536],[-23.6785,65.3167],[-24.1469,65.4393],[-24.2189,65.5337]]]]}},{"type":"Feature","properties":{"NAME":null,"ABBREVN":null,"SUBJECTO":null,"BORDERPRECISION":1,"PARTOF":null},"geometry":{"type":"MultiPolygon","coordinates":[[[[-25.8496,71.4357],[-25.6949,71.273],[-26.086,71.1948],[-26.3294,71.1324],[-27.0844,71.0846],[-27.6061,71.0682],[-27.9162,70.998],[-28.0835,70.8973],[-28.2218,70.6273],[-28.3845,70.458],[-27.912,70.2825],[-27.4749,70.2068],[-26.5226,70.1779],[-26.252,70.1784],[-25.4533,70.2871],[-24.5847,70.304],[-24.1952,70.2435],[-23.7753,70.1448],[-23.5874,70.084],[-23.4595,70.0919],[-23.0089,70.0927],[-22.434,70.0785],[-22.1575,70.0561],[-22.7323,69.7741],[-23.4444,69.5685],[-24.3333,69.3328],[-24.5835,69.3399],[-24.8966,69.3921],[-25.3244,69.0899],[-25.8016,68.8636],[-26.3621,68.66],[-26.8687,68.5267],[-26.9636,68.5017],[-27.9591,68.4774],[-28.1953,68.4171],[-28.4212,68.4167],[-28.8631,68.3262],[-29.1621,68.251],[-29.3997,68.2281],[-29.8254,68.4141],[-29.9945,68.3914],[-30.305,67.9805],[-30.7365,67.9276],[-31.0203,67.9568],[-31.3547,68.0456],[-31.6346,68.2538],[-32.0188,68.4474],[-32.3099,68.5441],[-32.3591,68.544],[-32.3555,68.4542],[-32.0372,67.9847],[-32.1238,67.8729],[-32.2675,67.8652],[-32.578,67.7531],[-32.956,67.641],[-33.214,67.47],[-33.6642,67.0624],[-33.9601,66.7669],[-34.4331,66.384],[-34.7823,66.266],[-35.2477,66.2285],[-35.708,66.3522],[-35.7745,66.1031],[-35.9719,65.8469],[-36.3244,65.7223],[-36.7705,65.7652],[-37.0479,65.7428],[-37.5789,65.5451],[-37.1548,66.3202],[-37.2094,66.3128],[-37.5673,66.3194],[-38.0418,66.3992],[-37.9249,66.2088],[-37.9367,66.004],[-38.1103,65.821],[-38.4674,65.6454],[-38.9894,65.5716],[-39.4271,65.5707],[-39.992,65.5333],[-39.7818,65.3519],[-39.6949,65.187],[-42.7934,65.4031],[-43.848,64.2061],[-44.2581,61.8699],[-43.848,61.0583],[-43.7197,60.0037],[-43.5788,59.9357],[-44.0523,60.1642],[-44.2761,60.0316],[-44.4674,59.7609],[-44.7531,60.0307],[-44.6822,60.2884],[-44.8562,60.3787],[-45.362,60.4615],[-45.6217,60.6006],[-45.6041,60.6845],[-45.4899,60.7966],[-45.4603,60.8946],[-45.6065,61.0204],[-45.7709,61.1041],[-46.0719,60.9424],[-46.1581,60.9374],[-46.1329,61.7592],[-47.6563,62.7948],[-49.0624,64.7863],[-49.4725,67.0327],[-50.5391,67.4881],[-50.4771,67.4822],[-50.4911,67.6454],[-50.3567,67.8909],[-50.491,67.9726],[-50.9499,68.091],[-51.5605,68.2316],[-51.9667,68.3055],[-52.6834,68.4537],[-52.8425,68.5058],[-52.6912,68.6634],[-52.3369,68.6641],[-51.6787,68.5005],[-51.2137,68.4789],[-51.0052,68.5092],[-50.9538,68.5393],[-50.9138,68.8093],[-50.8744,68.9446],[-50.6066,68.9601],[-50.3688,68.9079],[-50.2665,68.9532],[-50.2788,69.1112],[-50.3665,69.1939],[-50.7674,69.3364],[-50.6944,69.5329],[-50.4566,69.7376],[-50.5726,69.8663],[-51.1171,69.9411],[-51.6365,69.9402],[-52.1668,70.0688],[-52.9091,70.2894],[-53.2599,70.3347],[-53.6663,70.357],[-54.0085,70.5099],[-54.3735,70.7247],[-54.3032,70.7402],[-54.158,70.8099],[-53.8855,70.8104],[-53.6281,70.8186],[-52.6898,70.6817],[-52.3675,70.6669],[-51.8057,70.5294],[-51.1528,70.3233],[-50.8245,70.2473],[-50.7995,70.3854],[-50.9392,70.5772],[-51.3264,70.823],[-51.4038,71.0236],[-51.6754,71.2244],[-51.8934,71.2473],[-52.198,71.3554],[-52.0356,71.48],[-51.7914,71.5427],[-51.7201,71.5896],[-52.0368,71.698],[-52.532,71.7049],[-52.8134,71.7434],[-53.3229,71.8908],[-53.7187,71.617],[-53.8646,71.5466],[-53.9882,71.4141],[-54.3816,71.3047],[-55.0124,71.3346],[-55.4766,71.4891],[-55.6143,71.5979],[-55.6264,71.7304],[-55.4296,71.8713],[-55.2976,72.1612],[-55.3661,72.7278],[-55.104,72.752],[-54.7931,72.6657],[-54.6261,72.7213],[-54.5582,72.8716],[-54.7304,73.0376],[-55.15,73.283],[-55.3535,73.3463],[-55.7793,73.7045],[-56.1822,74.1206],[-56.6795,74.7006],[-56.9394,74.919],[-57.7743,75.0895],[-58.0746,75.2045],[-58.2053,75.2952],[-58.2285,75.6106],[-58.6357,75.7933],[-59.0683,75.8425],[-59.7835,75.9165],[-60.6511,76.1077],[-61.5075,76.2575],[-62.4487,76.3384],[-63.3582,78.2356],[-62.8114,81.156],[-62.7748,81.1587],[-62.2513,81.1195],[-61.7053,81.1509],[-61.1118,81.1824],[-60.9567,81.2637],[-60.9517,81.3655],[-61.1122,81.7042],[-61.1224,81.7976],[-60.8873,81.8606],[-60.0387,81.8833],[-59.3519,81.791],[-58.3887,81.6066],[-57.8053,81.505],[-57.4442,81.4239],[-57.074,81.5477],[-57.8196,81.7838],[-58.1333,82.0132],[-58.0578,82.0344],[-57.0681,82.0892],[-56.5433,82.1432],[-55.7092,82.2404],[-54.5752,82.3281],[-54.2467,82.2968],[-53.7679,82.2446],[-53.6635,81.4626],[-53.2527,81.5352],[-53.0104,81.68],[-52.816,82.1301],[-52.3643,82.1205],[-51.4623,81.975],[-50.6261,81.7888],[-49.938,81.6762],[-49.846,81.8113],[-50.1359,81.9464],[-50.503,82.188],[-50.9054,82.3681],[-50.7724,82.4971],[-50.4385,82.4871],[-49.6476,82.4781],[-49.1365,82.3826],[-47.897,82.2148],[-47.3192,82.0891],[-46.3703,81.944],[-45.5252,81.8205],[-44.683,81.7289],[-44.3228,81.8231],[-43.9554,82.4905],[-44.102,82.5764],[-44.6835,82.727],[-45.2129,82.9667],[-44.8941,83.0779],[-43.8125,83.0803],[-42.4794,83.2279],[-41.8811,83.2628],[-41.194,83.1862],[-40.1946,82.9668],[-39.4894,82.8915],[-38.5872,82.8277],[-38.4521,83.17],[-38.5872,83.3824],[-37.3966,83.4753],[-36.4871,83.5113],[-35.322,83.4687],[-34.4269,83.403],[-33.5784,83.4839],[-32.5132,83.577],[-31.5937,83.5791],[-30.7572,83.479],[-29.936,83.5035],[-29.344,83.4709],[-29.0653,83.4264],[-28.8177,83.4721],[-27.9419,83.4064],[-27.1738,83.3856],[-26.4208,83.3423],[-25.3236,82.9999],[-24.7079,82.8913],[-24.1026,82.9255],[-23.5996,82.8499],[-22.4324,82.7433],[-22.2319,82.5596],[-22.3688,82.5055],[-22.59,82.4191],[-23.3474,82.3533],[-24.3837,82.2977],[-24.9023,82.2434],[-25.4572,82.221],[-26.1184,82.2514],[-27.3924,82.2806],[-28.3914,82.3104],[-29.0164,82.2345],[-29.7428,82.2224],[-30.6127,82.2099],[-31.1347,82.1981],[-31.8031,82.1226],[-32.0028,82.0695],[-32.5981,81.9736],[-32.7487,81.7647],[-32.4145,81.6516],[-31.2665,81.7783],[-30.6513,81.8107],[-28.8907,81.7937],[-27.8905,81.8479],[-26.8417,81.8501],[-26.3933,81.8615],[-25.9747,81.8311],[-25.1785,81.636],[-24.8766,81.5954],[-24.3873,81.679],[-23.6388,81.7738],[-22.9476,81.9002],[-22.0636,81.9648],[-21.7979,81.757],[-22.0529,81.5398],[-23.0953,81.2521],[-23.5329,81.0999],[-24.1096,80.7694],[-24.0554,80.6313],[-23.9117,80.5628],[-23.5533,80.6028],[-23.3388,80.623],[-22.6119,80.8718],[-21.8173,81.1135],[-21.1817,81.2866],[-20.4141,81.4307],[-20.0654,81.5235],[-19.3174,81.597],[-18.5894,81.5471],[-17.9635,81.5177],[-17.2897,81.6528],[-16.9734,81.7984],[-16.4654,81.9036],[-15.4988,81.9057],[-14.7463,81.8552],[-14.2525,81.8354],[-13.714,81.7742],[-13.2033,81.6718],[-12.7051,81.6213],[-12.5631,81.5086],[-12.6445,81.3858],[-13.531,81.2723],[-14.2019,81.2101],[-14.7622,80.9879],[-15.0126,80.8577],[-15.7344,80.6978],[-16.4409,80.451],[-16.9196,80.411],[-17.3327,80.4297],[-18.0492,80.4087],[-19.045,80.4262],[-19.7158,80.3373],[-20.0447,80.2397],[-20.2674,79.9989],[-20.193,79.8538],[-19.3159,79.9912],[-18.6046,80.0118],[-17.7692,79.9666],[-17.7677,79.7774],[-18.1023,79.6689],[-19.1768,79.613],[-19.3854,79.5499],[-19.4813,79.4603],[-19.5515,79.1926],[-19.7632,78.8731],[-20.0682,78.8018],[-20.545,78.8362],[-20.8788,78.8179],[-21.2557,78.4126],[-21.7,77.9235],[-21.7676,77.7673],[-21.5635,77.6294],[-21.382,77.5866],[-21.1112,77.8032],[-20.7767,77.9686],[-20.3913,77.9867],[-19.3358,77.8672],[-19.1773,77.8242],[-19.0592,77.6946],[-19.0857,77.5996],[-19.6409,77.6331],[-19.9437,77.6411],[-20.1743,77.5975],[-20.2351,77.5112],[-20.1049,77.3825],[-19.3147,77.2981],[-19.0644,77.2386],[-18.2534,77.3001],[-18.0164,77.2063],[-17.9201,77.0611],[-17.942,76.8651],[-18.057,76.8053],[-18.8829,76.8888],[-19.6266,76.913],[-19.9779,76.9463],[-20.5606,76.9112],[-21.1827,76.6975],[-21.553,76.7562],[-21.7733,76.8238],[-22.2502,76.8058],[-22.3777,76.6359],[-21.751,76.3666],[-21.217,76.2666],[-20.6328,76.2088],[-19.8835,76.1766],[-19.5702,76.11],[-19.3222,75.8927],[-19.1998,75.6928],[-19.1935,75.4435],[-19.3888,75.2611],[-19.5616,75.2277],[-20.143,75.3093],[-20.5118,75.3582],[-20.6792,75.3082],[-20.6689,75.0608],[-20.6158,74.9543],[-20.424,74.8816],[-20.146,74.8416],[-19.8206,74.745],[-19.4092,74.6811],[-19.0709,74.6089],[-18.8987,74.4398],[-19.051,74.3347],[-19.4251,74.2696],[-19.7162,74.2128],[-20.5022,74.2274],[-21.0315,74.2666],[-21.7623,74.3055],[-22.0288,74.104],[-21.7809,74.0162],[-21.1525,73.9933],[-20.6794,73.9221],[-20.3536,73.8106],[-20.3138,73.6668],[-20.3296,73.4196],[-20.3881,73.4221],[-20.8796,73.4425],[-21.4405,73.3937],[-21.7085,73.2739],[-22.2692,73.2649],[-22.8203,73.3275],[-23.4938,73.5093],[-23.9086,73.724],[-24.0764,73.7557],[-24.5689,73.6269],[-25.0099,73.4746],[-25.498,73.4339],[-25.7629,73.3538],[-26.4156,73.3685],[-26.8266,73.4075],[-27.2628,73.343],[-27.4406,73.287],[-27.5189,73.1598],[-27.5164,73.0963],[-27.3572,72.8591],[-27.0377,72.7491],[-26.4601,72.7265],[-25.7782,72.6095],[-25.073,72.6344],[-24.4778,72.3915],[-24.1365,72.2901],[-23.9196,72.1885],[-23.3813,72.0407],[-22.8178,71.8697],[-22.6485,71.7452],[-22.4309,71.3412],[-22.0297,71.4351],[-21.9044,71.4975],[-21.726,71.4046],[-21.5918,71.211],[-21.5601,71.0562],[-21.4708,70.5323],[-21.5471,70.4401],[-21.7138,70.3861],[-21.9573,70.4316],[-22.2032,70.4849],[-22.6157,70.4841],[-23.0842,70.4679],[-23.7537,70.5896],[-24.0402,70.7737],[-24.227,71.059],[-24.3864,71.1825],[-24.913,71.4374],[-25.2913,71.5689],[-25.6276,71.6306],[-26.1202,71.6686],[-26.3545,71.6058],[-26.7875,71.5583],[-25.8496,71.4357]]],[[[-50.5391,67.4881],[-50.9394,67.5258],[-50.5391,67.4881],[-50.5391,67.4881]]],[[[-22.8328,72.269],[-23.2649,72.3702],[-23.5854,72.4404],[-23.657,72.4717],[-23.7984,72.6605],[-23.131,72.6775],[-22.7294,72.6152],[-22.2505,72.498],[-21.8821,72.365],[-21.8095,72.1454],[-21.9061,72.0512],[-22.1457,72.0273],[-22.8328,72.269]]]]}},{"type":"Feature","properties":{"NAME":null,"ABBREVN":null,"SUBJECTO":null,"BORDERPRECISION":1,"PARTOF":null},"geometry":{"type":"MultiPolygon","coordinates":[[[[56.9604,73.3571],[56.6951,73.4201],[56.265,73.5147],[55.7574,73.5774],[55.4249,73.5529],[54.9936,73.5362],[54.6636,73.472],[54.4787,73.5194],[54.0176,73.7336],[54.3492,73.8699],[54.8936,74.0629],[55.1879,74.1035],[55.8852,74.1048],[55.9456,74.2654],[55.6185,74.4175],[55.7759,74.5385],[55.9645,74.6034],[56.2688,74.612],[56.652,74.6934],[56.5392,74.7659],[56.3026,74.8706],[56.995,75.2731],[57.2261,75.3313],[57.3273,75.2985],[57.7287,75.291],[58.1701,75.5316],[58.5585,75.6816],[59.0176,75.7989],[59.4559,75.8664],[60.043,75.9175],[60.6167,75.8936],[60.949,75.961],[61.3026,76.2379],[61.4255,76.2297],[61.8187,76.2892],[62.5933,76.1648],[62.8053,76.182],[63.6733,76.3263],[64.1046,76.3439],[65.0873,76.4552],[65.9261,76.5074],[66.2733,76.7615],[66.4423,76.8296],[67.5723,76.8912],[68.4567,76.9268],[68.6683,76.8678],[68.8672,76.7664],[68.9368,76.6058],[68.5715,76.3944],[68.3283,76.3183],[67.7225,76.1745],[66.5482,75.9799],[64.6005,75.7595],[63.6165,75.6331],[62.6615,75.4986],[61.8326,75.3565],[60.887,75.2475],[60.4633,75.1561],[60.3337,75.0326],[60.6234,74.9353],[60.4335,74.8378],[60.0088,74.6754],[59.7716,74.6588],[58.8506,74.6894],[58.6564,74.6084],[58.6025,74.5035],[58.8819,74.3914],[58.7331,74.2866],[58.1905,74.0851],[58.0093,74.1489],[57.6712,74.1883],[57.4047,74.0516],[57.7994,73.9243],[57.8228,73.7806],[57.3304,73.4849],[56.9604,73.3571]]],[[[52.6111,72.74],[53.0797,72.9065],[53.3098,73.0413],[53.5023,73.1366],[54.1441,73.1457],[54.7362,73.2577],[55.1807,73.2665],[55.8162,73.3073],[56.0641,73.2761],[56.5085,73.1739],[56.4801,73.0946],[56.2716,72.8572],[56.1359,72.786],[55.8221,72.7539],[55.6227,72.6511],[55.5176,72.478],[55.5204,72.1098],[55.7207,71.6424],[56.1515,71.271],[56.3788,71.1323],[56.7275,70.994],[57.2507,70.8178],[57.2378,70.691],[56.0586,70.731],[55.6788,70.7072],[55.2663,70.5605],[54.9983,70.5217],[54.6941,70.7438],[54.5225,70.7589],[54.0316,70.7195],[53.7286,70.7651],[53.7147,70.9267],[54.3207,71.0898],[54.3535,71.198],[54.3079,71.2057],[53.8831,71.3287],[53.2338,71.5135],[52.5505,71.5899],[52.4019,71.5197],[52.121,71.4649],[51.8149,71.4798],[51.5335,71.6579],[51.4821,71.8447],[51.5851,71.9852],[51.7605,72.0793],[51.9149,72.0952],[52.0583,72.0486],[52.3511,72.0413],[52.584,72.1277],[53.0885,72.4735],[53.1978,72.6309],[53.0529,72.6306],[52.6111,72.74]]],[[[8.1835,56.7985],[8.3589,57.0227],[8.534,57.1406],[8.6613,57.1041],[8.9599,57.1322],[9.3024,57.1658],[9.4487,57.2276],[9.8493,57.5818],[10.2895,57.6719],[10.3901,57.6606],[10.4795,57.7591],[10.5581,57.7451],[10.4012,57.5059],[10.4507,57.458],[10.4628,57.2417],[10.3333,57.1715],[10.2566,57.0059],[9.503,56.9751],[9.3338,57.0227],[9.1412,57.0087],[9.0785,57.0368],[8.9709,57.0003],[8.847,56.9863],[8.7781,56.7985],[8.666,56.7005],[8.5071,56.6473],[8.4709,56.5969],[8.3682,56.6669],[8.1835,56.7985]]],[[[12.0526,55.7031],[12.088,55.967],[12.2377,55.9876],[12.444,55.9677],[12.4692,55.7106],[12.4091,55.5483],[12.3444,55.5077],[12.1584,55.3791],[12.4297,55.2447],[12.3014,55.1703],[12.077,54.9947],[11.9696,54.9542],[11.9073,55.0213],[11.7672,55.176],[11.5848,55.1622],[11.2854,55.1886],[11.2301,55.3368],[11.1019,55.6337],[11.2963,55.6746],[11.5677,55.8848],[11.7281,55.6619],[11.9625,55.5813],[12.0526,55.7031]]],[[[14.0699,53.9178],[14.1742,53.9068],[14.2054,53.8132],[14.1454,53.8265],[14.0684,53.8435],[14.0287,53.8655],[13.8278,53.8297],[13.7774,53.9486],[13.7784,54.0444],[14.0699,53.9178]]],[[[14.2479,53.816],[14.2272,53.9095],[14.3053,53.915],[14.4248,53.915],[14.4729,53.8768],[14.4591,53.8187],[14.3339,53.8297],[14.2479,53.816]]]]}},{"type":"Feature","properties":{"NAME":"Kingdom of Syphax","ABBREVN":"Kingdom of Syphax","SUBJECTO":"Kingdom of Syphax","BORDERPRECISION":1,"PARTOF":"Numidia"},"geometry":{"type":"MultiPolygon","coordinates":[[[[6.5538,35.979],[5.7986,35.4462],[4.9988,33.3439],[-1.1269,32.193],[-1.9581,32.0369],[-3.2063,33.8521],[-2.4625,35.067],[-2.3557,35.0539],[-2.3259,35.054],[-2.193,35.0542],[-2.0353,35.0546],[-1.7383,35.1188],[-1.4951,35.2339],[-1.3291,35.4889],[-1.1467,35.6294],[-0.9175,35.668],[-0.7343,35.7385],[-0.4288,35.8601],[-0.283,35.7585],[-0.2037,35.7507],[-0.0917,35.7398],[0.0153,35.8037],[0.1987,36.0333],[0.4744,36.225],[0.7812,36.3849],[1.0576,36.4619],[1.5797,36.5139],[2.2938,36.5408],[2.5244,36.5732],[2.8099,36.7139],[3.07,36.6189],[3.3238,36.6512],[3.5869,36.792],[3.7412,36.8369],[4.1639,36.8314],[4.3946,36.8382],[4.5326,36.813],[4.6321,36.7941],[4.7772,36.7434],[5.1445,36.6677],[5.3827,36.6745],[5.7302,36.7517],[5.8395,36.7827],[6.5538,35.979]]]]}},{"type":"Feature","properties":{"NAME":"?","ABBREVN":"?","SUBJECTO":"?","BORDERPRECISION":1,"PARTOF":"?"},"geometry":{"type":"MultiPolygon","coordinates":[[[[28.0366,44.3753],[27.9442,44.9297],[28.2214,45.4841],[29.6159,45.4102],[29.6832,45.3748],[29.7108,45.2583],[29.579,45.0575],[29.4575,44.9151],[29.2616,44.8954],[29.0897,44.8757],[28.9182,44.7658],[28.6862,44.4881],[28.5731,44.1978],[28.5299,43.8435],[28.5101,43.7431],[28.4805,43.5923],[28.4457,43.4764],[28.3281,43.4375],[28.1871,43.4501],[28.0346,43.3919],[27.8873,43.0635],[27.8699,42.7999],[27.8362,42.7355],[27.654,42.6837],[27.502,42.5163],[27.4947,42.4009],[27.6079,42.4168],[27.7225,42.3162],[27.7377,42.247],[27.9134,42.0781],[27.918,41.9777],[28.0262,41.8824],[28.0182,41.7532],[28.0698,41.625],[28.1044,41.593],[28.3715,41.4331],[28.7402,41.3248],[29.0124,41.2548],[29.0811,41.2005],[28.9645,40.9892],[28.8278,40.9147],[28.5962,40.947],[28.1733,41.0579],[28.0264,41.0262],[27.9322,40.9575],[26.8046,41.3419],[27.1852,43.2804],[28.0366,44.3753]]]]}},{"type":"Feature","properties":{"NAME":"minor states","ABBREVN":"minor states","SUBJECTO":"minor states","BORDERPRECISION":1,"PARTOF":"minor states"},"geometry":{"type":"MultiPolygon","coordinates":[[[[41.6805,41.7933],[42.7657,41.8692],[43.7671,41.8103],[44.7891,41.7501],[47.0109,41.3931],[48.5583,40.5599],[48.955,40.3218],[49.669,40.2403],[49.5733,40.1765],[49.552,40.0914],[49.5414,39.8786],[49.4882,39.7616],[49.4456,39.6553],[49.4031,39.4851],[49.4988,39.3787],[49.4882,39.2936],[49.3818,39.3255],[49.3393,39.283],[49.3074,39.134],[49.2754,39.017],[49.2223,39.0383],[49.1797,39.1447],[49.1159,39.1872],[49.0414,39.1447],[49.0201,39.0064],[49.0521,38.9319],[48.9989,38.8787],[48.9457,38.8362],[48.9882,38.7192],[48.825,38.3096],[48.8315,38.3063],[48.8092,37.9886],[48.7448,37.727],[48.8372,37.511],[49.0595,37.3976],[49.4758,37.2916],[49.848,37.2682],[50.0387,37.2247],[50.1113,37.0978],[50.2522,36.8948],[50.561,36.6864],[51.417,36.4557],[50.9393,36.1887],[47.9199,36.6004],[46.2044,36.3945],[44.6947,36.669],[43.9956,37.6239],[43.3909,39.3453],[41.4008,38.4532],[39.2742,38.219],[37.009,37.4925],[34.0582,37.4925],[32.9484,37.3831],[32.6804,38.0533],[32.0102,38.1873],[31.6081,39.3936],[29.9998,39.5276],[28.4777,40.3951],[28.7564,40.3765],[28.9268,40.3558],[29.0524,40.3347],[29.1223,40.4139],[29.0835,40.4561],[28.8732,40.4719],[28.778,40.5247],[28.9016,40.6201],[29.5252,40.6883],[29.7131,40.6936],[29.8827,40.7464],[29.6834,40.7516],[29.4172,40.7411],[29.3204,40.7411],[29.2896,40.8067],[29.0145,40.9787],[29.1612,41.2164],[29.5778,41.1534],[30.1376,41.1318],[30.2561,41.1847],[30.7448,41.0403],[31.2177,41.0541],[31.4041,41.1635],[31.3857,41.285],[31.6664,41.3948],[31.8713,41.4914],[32.419,41.7492],[32.6879,41.846],[33.1555,41.9496],[33.5555,41.9825],[33.8967,41.9511],[34.3039,41.8941],[34.6629,41.8756],[35.0019,42.0432],[35.0988,41.8059],[35.2861,41.6715],[35.4114,41.6268],[35.6779,41.6209],[35.9578,41.6856],[36.1614,41.3525],[36.3829,41.2375],[36.6412,41.315],[36.817,41.2897],[37.2528,41.0277],[37.8218,41.0096],[38.314,40.9209],[38.6512,40.9216],[39.1386,41.0443],[39.3702,41.064],[39.663,41.0005],[40.0067,40.9563],[40.361,40.9634],[40.6099,41.028],[41.2778,41.28],[41.2931,41.2858],[41.484,41.4365],[41.5211,41.4658],[41.6661,41.7292],[41.6805,41.7933]]]]}},{"type":"Feature","properties":{"NAME":"Parthia","ABBREVN":"Parthia","SUBJECTO":"Parthia","BORDERPRECISION":1,"PARTOF":"Parthia"},"geometry":{"type":"MultiPolygon","coordinates":[[[[61.1641,37.6984],[60.3406,35.9828],[60.5465,35.0907],[60.9582,34.6103],[61.3013,32.8262],[60.6151,31.3165],[57.5957,30.9733],[55.4684,31.1792],[54.9194,31.5909],[54.0674,36.9415],[54.0087,37.3487],[54.0151,37.3483],[53.9852,37.5177],[56.0174,38.0415],[56.8409,39.1394],[57.2526,39.2767],[58.2133,39.0022],[59.5928,38.3927],[61.1641,37.6984]]]]}},{"type":"Feature","properties":{"NAME":"Nabatean Kingdom","ABBREVN":"Nabatean K.","SUBJECTO":"Nabatean Kingdom","BORDERPRECISION":1,"PARTOF":"Nabatean Kingdom"},"geometry":{"type":"MultiPolygon","coordinates":[[[[37.0053,25.5347],[36.6693,26.0168],[36.3298,26.4028],[36.3122,26.4227],[35.8311,27.0952],[35.5948,27.514],[35.4365,27.7297],[35.1116,28.0721],[34.8756,28.097],[34.7639,28.0967],[34.7989,28.2302],[34.8856,28.3575],[35.0257,28.9486],[35.0721,29.2114],[35.0955,29.3427],[35.0734,29.4189],[34.9847,29.4672],[34.9543,29.4368],[34.9355,29.4181],[34.7643,29.2467],[34.5489,28.7316],[34.3988,28.096],[34.322,27.829],[34.2412,27.7589],[34.058,27.7903],[33.856,28.025],[33.5041,28.3292],[33.3307,28.5512],[33.1785,28.9956],[32.9438,29.1984],[32.8136,29.4777],[35.0875,30.4244],[35.7711,31.6396],[36.8059,30.3166],[39.151,26.2469],[37.2183,25.1666],[37.0053,25.5347]]]]}},{"type":"Feature","properties":{"NAME":"Arabs","ABBREVN":"Arabs","SUBJECTO":"Arabs","BORDERPRECISION":1,"PARTOF":"Arabs"},"geometry":{"type":"MultiPolygon","coordinates":[[[[47.8036,29.1849],[47.9915,29.2775],[48.1291,29.2682],[48.4435,28.4402],[48.4627,28.3859],[48.5875,28.0939],[48.7517,27.8719],[48.8318,27.5735],[48.855,27.5227],[49.1319,27.536],[49.2435,27.479],[49.1519,27.3725],[49.2392,27.2885],[49.3216,27.1616],[49.4273,27.131],[49.5325,27.0095],[49.9314,26.9341],[50.1218,26.7376],[50.0902,26.6115],[49.984,26.5957],[49.9342,26.4831],[50.0762,26.3118],[49.992,26.0448],[49.9369,25.9558],[50.0114,25.8352],[50.1469,25.5356],[50.2143,25.5881],[50.3819,25.4612],[50.4292,25.184],[50.6189,24.8709],[50.6065,24.6802],[50.7059,24.5597],[50.7783,24.4709],[50.9074,24.4331],[50.9683,24.4362],[50.9649,24.7127],[50.8962,24.9096],[50.8473,25.2652],[50.9311,25.5386],[51.0154,25.5881],[50.989,25.6721],[51.0688,25.9455],[51.217,26.0665],[51.3577,26.029],[51.3888,25.8873],[51.5059,25.8453],[51.5345,25.7558],[51.5867,25.6091],[51.5391,25.4202],[51.5529,25.1015],[51.6062,24.9873],[51.5589,24.8157],[51.412,24.6057],[51.2878,24.4108],[51.2914,24.2814],[51.4542,24.2182],[51.5229,24.1607],[51.6064,24.2026],[51.5859,24.0032],[51.7646,24.0029],[51.9456,23.9455],[52.2546,23.9875],[52.301,24.0819],[52.383,24.1082],[52.4812,24.0557],[52.6716,24.0747],[52.9394,24.0244],[53.0402,24.04],[53.0757,24.0872],[53.6868,23.9875],[54.0165,24.0505],[54.0063,24.1817],[54.1075,24.1029],[54.276,24.1098],[54.3471,24.1545],[54.4874,24.3443],[54.5922,24.3773],[54.7121,24.5999],[54.7708,24.7335],[55.0908,25.02],[55.4572,25.4202],[55.5305,25.373],[55.6335,25.4532],[56.0155,25.7716],[56.1567,25.9665],[56.2973,26.1597],[56.3671,26.2361],[56.405,25.8614],[56.2148,25.5433],[56.1613,25.4733],[56.2816,25.4624],[56.366,25.4547],[56.4063,25.3087],[56.4065,25.08],[56.4053,24.9187],[56.4054,24.8195],[56.6108,24.4769],[56.7942,24.2676],[57.1462,23.9825],[57.3594,23.8585],[57.3963,23.837],[57.451,23.8052],[57.9042,23.5711],[58.0807,23.5016],[58.2053,23.4955],[58.4647,23.5088],[58.6285,23.4583],[59.0216,23.0208],[59.2543,22.729],[59.4614,22.5389],[59.8257,22.3745],[59.8373,22.2792],[59.5357,21.8021],[59.2588,21.4774],[58.8614,21.1145],[58.7741,20.9412],[58.512,20.4212],[58.4031,20.3575],[58.1504,20.3951],[58.0444,20.433],[57.9313,20.4009],[57.8061,20.172],[57.7776,19.67],[57.7784,19.3142],[57.8386,19.0348],[57.657,18.9709],[57.1862,18.9381],[56.9043,18.8168],[56.7389,18.6894],[56.6086,18.4667],[56.5494,18.2188],[56.4576,18.0916],[56.2576,17.9768],[56.0128,17.9318],[55.8815,17.9315],[55.7081,17.9502],[55.5611,17.9372],[55.3895,17.8097],[55.2904,17.6761],[53.6156,18.1409],[51.4535,17.9493],[48.9973,17.6066],[47.7015,17.4258],[45.4329,17.7748],[43.7947,18.6598],[43.4663,19.1793],[42.3378,20.7164],[39.151,26.2469],[36.8059,30.3166],[35.7711,31.6396],[37.2148,32.6889],[37.9082,32.7794],[38.7931,32.8948],[41.0577,32.8948],[41.9498,32.2086],[47.614,29.2722],[47.8036,29.1849]]]]}},{"type":"Feature","properties":{"NAME":"Bactria","ABBREVN":"Bactria","SUBJECTO":"Scythians","BORDERPRECISION":1,"PARTOF":"Bactria"},"geometry":{"type":"MultiPolygon","coordinates":[[[[72.281,40.9922],[72.4868,40.2374],[73.5848,40.0315],[77.7708,40.0315],[77.8038,39.8335],[77.8394,39.6198],[76.6042,38.7277],[75.5997,37.5372],[74.7514,36.5318],[74.2272,34.1789],[74.7508,33.6553],[74.14,32.6083],[70.2875,31.2877],[67.3873,28.2264],[66.4323,25.4886],[66.3001,25.4947],[65.7688,25.3093],[65.2157,25.2701],[64.8512,25.2058],[64.425,25.1731],[64.2383,25.2108],[64.1201,25.3122],[64.0592,25.401],[63.6503,25.3366],[63.4035,25.1646],[63.0181,25.1574],[62.4496,25.1626],[62.1383,25.1048],[61.8133,25.0533],[61.57,25.0396],[61.344,25.0269],[60.8583,25.0957],[60.7522,25.1844],[60.4796,25.2982],[60.2982,25.3232],[59.6546,25.3219],[59.3021,25.3402],[59.0315,25.3079],[58.818,25.4789],[58.7444,25.536],[58.3506,27.1991],[58.4192,27.7481],[59.8159,27.8478],[60.3406,27.8853],[60.6837,28.6402],[60.4331,29.249],[60.2034,29.8068],[60.6151,31.3165],[61.3013,32.8262],[60.9582,34.6103],[60.5465,35.0907],[60.3406,35.9828],[61.1641,37.6984],[66.3108,39.757],[72.281,40.9922]]]]}},{"type":"Feature","properties":{"NAME":"Bosporan Kingdom","ABBREVN":"Bosporan K.","SUBJECTO":"Scythians","BORDERPRECISION":1,"PARTOF":"Bosporan Kingdom"},"geometry":{"type":"MultiPolygon","coordinates":[[[[37.7741,44.7445],[37.6217,44.6733],[37.4739,44.6924],[37.3179,44.9242],[36.9599,45.2274],[37.2277,45.312],[37.461,45.3125],[37.6613,45.3452],[37.7061,45.5784],[37.8679,45.7925],[37.9899,46.0067],[38.2272,46.0201],[38.459,46.0789],[38.2649,46.3186],[37.9702,46.4413],[37.7571,46.6032],[37.8666,46.6554],[38.0319,46.6687],[38.4011,46.7214],[38.7227,46.8779],[39.2824,47.074],[39.1941,47.243],[39.1599,47.2689],[38.8002,47.2292],[38.2097,47.1505],[37.8593,47.1037],[37.4221,47.0769],[37.1926,46.8944],[36.8646,46.8093],[36.354,46.7758],[35.8506,46.6644],[35.6243,46.5211],[35.4161,46.4947],[35.2124,46.6371],[37.7735,48.6415],[38.4436,48.7755],[39.7839,48.7755],[40.32,48.2394],[39.2478,45.9609],[37.7741,44.7445]]],[[[35.0319,45.5343],[34.99,45.45],[35.0634,45.3401],[35.3167,45.3212],[35.5462,45.3799],[35.8498,45.4452],[36.3232,45.4397],[36.521,45.3883],[36.4151,45.2716],[36.3671,45.1615],[36.2648,45.0966],[36.0047,45.0443],[35.8655,45.0311],[35.5996,45.1017],[35.3867,45.0819],[35.0673,44.8617],[34.6142,44.8415],[34.3722,44.7572],[34.135,44.5375],[34.0137,44.4921],[33.6602,44.5237],[33.3955,44.6005],[33.5594,44.9361],[35.0319,45.5343]]]]}},{"type":"Feature","properties":{"NAME":"Mauretania","ABBREVN":"Mauretania","SUBJECTO":"Mauretania","BORDERPRECISION":1,"PARTOF":"Mauretania"},"geometry":{"type":"MultiPolygon","coordinates":[[[[-2.4625,35.067],[-3.2063,33.8521],[-1.9581,32.0369],[-4.1775,31.6199],[-9.625,30.4061],[-9.817,30.7552],[-9.8578,31.0602],[-9.8133,31.2891],[-9.6353,31.5754],[-9.3176,31.9637],[-9.2223,32.2562],[-9.2508,32.4214],[-9.2187,32.5804],[-8.6403,33.1217],[-8.3144,33.3385],[-7.9024,33.4855],[-7.3326,33.6964],[-7.004,33.875],[-6.753,34.1234],[-6.5115,34.4543],[-6.472,34.5309],[-6.3277,34.8116],[-6.302,34.8614],[-5.9288,35.7279],[-5.8079,35.7854],[-5.565,35.8623],[-5.4794,35.8052],[-5.1718,35.4238],[-5.1096,35.3793],[-4.593,35.1512],[-4.2954,35.1518],[-4.0279,35.1332],[-3.4408,35.1663],[-3.2058,35.2686],[-3.009,35.39],[-2.8299,35.1421],[-2.7148,35.0977],[-2.4625,35.067]]]]}},{"type":"Feature","properties":{"NAME":"Ptolemaic Kingdom","ABBREVN":"Ptolemaic Ki","SUBJECTO":"Ptolemaic Kingdom","BORDERPRECISION":1,"PARTOF":"Ptolemaic Kingdom"},"geometry":{"type":"MultiPolygon","coordinates":[[[[35.0875,30.4244],[32.8136,29.4777],[32.7373,29.6935],[32.648,29.8522],[32.4384,29.7755],[32.3185,29.5402],[32.5906,28.9372],[32.6493,28.7658],[32.9347,28.3788],[33.3542,27.9095],[33.5669,27.37],[33.8041,26.9321],[33.9288,26.5638],[34.1042,26.3545],[34.5148,25.5739],[34.9974,24.7172],[35.1899,24.3999],[33.6572,24.018],[33.6901,23.5495],[33.3453,23.354],[32.6053,22.8158],[31.9998,22.6813],[31.0579,22.6813],[31.2061,24.2483],[29.9316,25.8392],[28.4062,27.7434],[26.743,28.575],[25.4548,28.9775],[25.4428,30.6817],[22.0921,31.7539],[20.1168,30.9571],[20.1167,31.0715],[19.9921,31.3508],[19.9416,31.6112],[19.9615,31.7955],[20.0684,32.0371],[20.3657,32.2982],[20.5155,32.3875],[20.7651,32.496],[21.0545,32.6301],[21.6734,32.8156],[22.216,32.7913],[22.5431,32.7221],[22.9228,32.5577],[23.0073,32.4816],[23.0267,32.2529],[23.1533,32.1388],[23.2886,32.1327],[23.714,32.0764],[23.7424,32.0641],[24.0344,31.9373],[24.2369,31.925],[24.8159,31.9072],[24.9515,31.8185],[24.9822,31.647],[25.1066,31.5138],[25.2582,31.4379],[25.5072,31.4448],[25.7895,31.4898],[26.1433,31.4906],[26.824,31.3586],[27.0881,31.3067],[27.4388,31.2518],[27.7633,31.1826],[27.9194,30.9987],[28.0998,30.9991],[28.5172,30.9618],[28.9664,30.7848],[29.2488,30.7537],[29.3594,30.8111],[29.6831,31.0532],[30.0991,31.2319],[30.4761,31.3153],[30.8271,31.4367],[30.996,31.4689],[31.1514,31.4437],[31.3923,31.4443],[31.7174,31.3878],[31.8081,31.1783],[32.0765,31.0137],[32.3094,31.084],[32.5972,30.9639],[32.7687,30.9516],[33.0214,31.1321],[33.1296,31.0517],[33.2546,31.0265],[33.5576,30.9677],[33.7096,30.9957],[33.917,31.0701],[34.1463,31.2086],[34.1953,31.2381],[34.5007,31.6211],[34.5991,31.8179],[34.6813,32.046],[34.7585,32.3007],[34.8429,32.6707],[34.895,32.6628],[34.9566,32.7048],[34.9591,32.7967],[34.972,32.9384],[35.089,33.0693],[35.1323,33.2315],[35.2084,33.3336],[35.3561,33.6398],[35.3486,33.7445],[35.4299,33.7445],[35.4919,33.8308],[35.5244,33.9748],[35.5321,34.1187],[35.7162,34.3124],[35.821,34.3438],[36.3913,33.581],[36.3227,32.6203],[35.7711,31.6396],[35.0875,30.4244]]],[[[33.7492,35.3972],[33.7569,35.3997],[33.775,35.4022],[33.8072,35.4003],[33.8536,35.4031],[33.8711,35.4064],[33.9697,35.4361],[34.2922,35.5667],[34.3142,35.5756],[34.3367,35.5894],[34.3425,35.5992],[34.35,35.6069],[34.3603,35.6119],[34.3894,35.6239],[34.5494,35.6808],[34.5569,35.6833],[34.5817,35.6886],[34.5903,35.6903],[34.5906,35.6869],[34.5697,35.6436],[34.3867,35.5353],[34.2808,35.4769],[34.2594,35.4675],[34.2253,35.4556],[34.12,35.4008],[33.9581,35.3128],[33.9483,35.3072],[33.9406,35.2994],[33.9214,35.2728],[33.9106,35.2531],[33.9058,35.2422],[33.9019,35.2158],[33.9003,35.1981],[33.9017,35.1644],[33.9025,35.1617],[33.9739,35.0881],[34.0305,35.0464],[34.0356,35.0414],[34.0544,35.0206],[34.0672,35.0039],[34.0772,34.99],[34.0792,34.9869],[34.0872,34.9639],[34.0833,34.9594],[34.0672,34.9603],[34.0628,34.9617],[34.0347,34.9719],[34.0261,34.9786],[34.0217,34.98],[33.9769,34.9814],[33.9558,34.9781],[33.9294,34.9736],[33.9133,34.9694],[33.9031,34.9642],[33.8992,34.9597],[33.8964,34.9556],[33.8853,34.9461],[33.8822,34.9442],[33.868,34.9378],[33.8642,34.9367],[33.8589,34.9367],[33.8483,34.9425],[33.8347,34.9542],[33.8303,34.9594],[33.8144,34.9658],[33.7903,34.9703],[33.7631,34.9728],[33.71,34.9742],[33.7053,34.9736],[33.6853,34.968],[33.6775,34.9656],[33.6675,34.9603],[33.6619,34.9556],[33.6497,34.9422],[33.6461,34.9356],[33.6405,34.9208],[33.6386,34.9128],[33.6361,34.9],[33.6328,34.8739],[33.6378,34.865],[33.6381,34.8608],[33.6361,34.8578],[33.6067,34.8203],[33.6,34.8167],[33.5164,34.7836],[33.3728,34.7278],[33.3653,34.7253],[33.3264,34.7161],[33.3172,34.7147],[33.2723,34.7095],[33.2172,34.6994],[33.1531,34.7025],[33.1336,34.7017],[33.1169,34.6986],[33.105,34.6953],[33.0667,34.6822],[33.0597,34.6792],[33.03,34.6578],[33.007,34.6324],[33.007,34.5959],[33.0308,34.5626],[32.9816,34.5721],[32.9419,34.5626],[32.9419,34.5943],[32.9181,34.6292],[32.8991,34.6514],[32.8594,34.6661],[32.8311,34.6675],[32.7692,34.6569],[32.7611,34.6547],[32.7517,34.6489],[32.7444,34.6458],[32.74,34.645],[32.7139,34.6403],[32.6983,34.6422],[32.6547,34.6536],[32.6417,34.6572],[32.4919,34.7022],[32.4711,34.7131],[32.4075,34.7489],[32.4042,34.7508],[32.3428,34.86],[32.34,34.8667],[32.3233,34.9094],[32.2764,35.0369],[32.2742,35.0439],[32.2703,35.0625],[32.2692,35.0744],[32.2706,35.0833],[32.2753,35.0936],[32.2819,35.0972],[32.2919,35.0967],[32.2983,35.0925],[32.3047,35.0842],[32.3125,35.0769],[32.3267,35.0656],[32.3414,35.0544],[32.3542,35.0464],[32.3692,35.0397],[32.3736,35.0386],[32.3786,35.0378],[32.3978,35.0394],[32.42,35.0431],[32.4281,35.0453],[32.4386,35.0503],[32.4603,35.0644],[32.4917,35.0942],[32.4961,35.0997],[32.5019,35.1092],[32.5158,35.1358],[32.5222,35.1444],[32.5492,35.1736],[32.5536,35.1733],[32.5656,35.1689],[32.6222,35.1842],[32.6514,35.1892],[32.6606,35.1903],[32.7219,35.1808],[32.7697,35.1639],[32.8086,35.1483],[32.8205,35.1439],[32.8306,35.1422],[32.8397,35.1436],[32.8583,35.1506],[32.8828,35.1622],[32.8958,35.1697],[32.9019,35.1742],[32.9069,35.1794],[32.9128,35.1886],[32.9169,35.2],[32.9321,35.2636],[32.9392,35.3275],[32.9229,35.3583],[32.9213,35.3932],[32.9388,35.394],[33.0028,35.3656],[33.2719,35.3397],[33.3544,35.3303],[33.3694,35.3286],[33.3853,35.3283],[33.4275,35.328],[33.468,35.328],[33.4772,35.3292],[33.6317,35.3503],[33.6526,35.3541],[33.7131,35.3819],[33.7492,35.3972]]],[[[25.8053,35.1085],[25.8081,35.1081],[25.8158,35.11],[25.8281,35.1183],[25.8669,35.1522],[25.8961,35.1769],[26.0267,35.2244],[26.0306,35.2256],[26.04,35.2253],[26.0931,35.2167],[26.1119,35.2053],[26.2178,35.2406],[26.3011,35.2831],[26.2906,35.1311],[26.275,35.0875],[26.2419,35.0397],[26.2375,35.0336],[26.2056,35.0217],[26.1425,34.9992],[26.1386,34.9981],[26.1197,34.9928],[26.1108,34.9922],[26.1061,34.9933],[26.1028,34.9956],[26.1011,35.0022],[26.1011,35.0061],[26.0997,35.0092],[26.095,35.0142],[26.0867,35.0175],[25.9875,35.0331],[25.804,35.0221],[25.8053,35.1085]]]]}},{"type":"Feature","properties":{"NAME":"Carthage","ABBREVN":"Carthage","SUBJECTO":"Carthage","BORDERPRECISION":1,"PARTOF":"Carthage"},"geometry":{"type":"MultiPolygon","coordinates":[[[[8.145,36.8139],[8.6367,36.8853],[8.8655,36.9684],[9.1503,37.1729],[9.4161,37.2754],[9.7322,37.2824],[10.0214,37.2001],[10.1327,37.1047],[10.1589,36.9965],[10.2715,36.7546],[10.3928,36.7166],[10.5806,36.7934],[10.8433,36.9915],[11.0238,37.0683],[11.0394,36.909],[10.9201,36.6539],[10.6334,36.424],[10.5092,36.2136],[10.5115,36.0862],[10.6026,35.8889],[10.8308,35.6793],[10.989,35.6223],[11.1251,35.2406],[11.0828,35.145],[10.8394,34.8012],[10.574,34.6481],[10.1164,34.2342],[10.0195,34.0815],[10.1487,33.8784],[10.4126,33.6311],[10.6502,33.4982],[10.7781,33.473],[10.9565,33.5751],[9.8339,32.9178],[8.6327,34.0265],[7.9132,36.7752],[8.145,36.8139]]]]}},{"type":"Feature","properties":{"NAME":"Rome","ABBREVN":"Rome","SUBJECTO":"Rome","BORDERPRECISION":1,"PARTOF":"Rome"},"geometry":{"type":"MultiPolygon","coordinates":[[[[16.1984,41.7457],[15.9891,41.6346],[15.8733,41.5021],[15.991,41.4061],[16.4203,41.2787],[16.946,41.0938],[17.2586,40.956],[17.3193,40.9293],[18.0339,40.5967],[18.0599,40.5135],[18.3836,40.3078],[18.5226,40.0941],[18.4337,39.8984],[18.3649,39.7467],[18.1601,39.8731],[18.0171,39.9479],[17.9677,40.1669],[17.8496,40.2435],[17.6191,40.2878],[17.4017,40.2919],[17.2042,40.3979],[17.2428,40.4958],[17.0841,40.5251],[16.9487,40.4811],[16.8441,40.3631],[16.7276,40.1836],[16.6044,40.0899],[16.6239,39.9678],[16.535,39.8316],[16.5321,39.6975],[16.874,39.5437],[17.1491,39.4218],[17.1074,39.2805],[17.121,39.086],[17.1807,39.0222],[17.0947,38.915],[16.7977,38.9259],[16.6133,38.8273],[16.5222,38.725],[16.572,38.4571],[16.3307,38.3207],[16.0529,37.9312],[15.7852,37.9097],[15.7102,37.9414],[15.6275,38.0042],[15.6266,38.2331],[15.7909,38.2964],[15.9335,38.5399],[15.8273,38.6227],[15.9898,38.7348],[16.1522,38.7013],[16.2122,38.778],[16.1772,38.931],[16.0826,39.0125],[15.9896,39.4284],[15.8465,39.6299],[15.8247,39.6606],[15.757,39.9336],[15.6662,40.0919],[15.5159,40.0659],[15.432,39.989],[15.0273,40.2122],[14.8987,40.2415],[14.9923,40.3722],[14.951,40.5515],[14.7433,40.7048],[14.3341,40.5936],[14.3498,40.6425],[14.4946,40.73],[14.3703,40.8515],[14.24,40.8529],[14.0509,40.7675],[13.9419,40.998],[13.8525,41.091],[13.797,41.1934],[13.7605,41.2067],[13.4984,41.3019],[13.3291,41.3111],[13.2714,41.3142],[12.9768,41.3714],[12.6415,41.5311],[12.3948,41.7295],[11.9634,42.0047],[11.9601,42.0074],[11.4974,42.3764],[11.1048,42.5491],[10.7428,42.8505],[10.4877,43.2359],[10.3379,43.5962],[10.2925,43.7054],[10.2614,43.7452],[10.1552,43.8811],[10.1367,43.9048],[9.9093,44.1105],[9.8255,44.1525],[9.6919,44.2196],[9.157,44.3732],[8.8966,44.4372],[8.6717,44.4174],[8.3428,44.2202],[8.1864,44.1264],[8.0896,44.0508],[8.0481,44.0184],[7.9795,43.9649],[7.6891,43.887],[7.5528,43.8675],[7.4675,43.8108],[7.3971,43.7641],[7.2976,43.6673],[6.8129,45.1568],[6.8129,45.8269],[7.349,46.4971],[10.0296,46.4971],[10.9678,46.8991],[11.7719,46.8991],[13.7824,46.7651],[13.6732,45.7145],[13.5646,45.7265],[13.4377,45.6384],[13.3677,45.6945],[13.1562,45.7265],[13.1046,45.5824],[12.8987,45.5584],[12.4482,45.3943],[12.4832,45.4623],[12.2797,45.4023],[12.2514,45.2903],[12.1804,45.2703],[12.1762,45.2143],[12.3125,45.1783],[12.3221,45.0424],[12.409,44.989],[12.5231,44.8828],[12.476,44.7871],[12.3778,44.7315],[12.2736,44.6726],[12.2807,44.5501],[12.3451,44.301],[12.5081,44.1315],[12.6972,43.9348],[13.6009,43.5348],[13.7316,43.3742],[13.7916,43.1233],[13.9151,42.8728],[14.0764,42.6338],[14.0928,42.6095],[14.4049,42.3531],[14.4294,42.3267],[14.5193,42.2297],[14.72,42.1418],[14.7385,42.0472],[14.9224,41.9718],[15.4486,41.8567],[16.0128,41.9043],[16.1874,41.8409],[16.1984,41.7457]]],[[[20.0286,39.8138],[19.8036,40.017],[19.3691,40.2603],[19.3802,40.3236],[19.4837,40.2959],[19.4945,40.4027],[19.3392,40.5887],[19.5273,40.8659],[19.4454,40.9649],[19.53,41.2184],[19.417,41.3453],[19.4989,41.5236],[19.6194,41.5593],[19.607,41.7615],[20.8834,41.8443],[20.2118,39.4049],[20.1224,39.551],[20.0908,39.6025],[20.0286,39.8138]]],[[[8.4172,39.2122],[8.3742,39.3078],[8.465,39.6399],[8.5085,39.9465],[8.488,40.2088],[8.4282,40.4649],[8.2016,40.663],[8.1595,40.7847],[8.2407,40.8553],[8.4056,40.8621],[8.7661,40.8628],[8.9184,40.94],[9.3062,41.1844],[9.5909,40.9029],[9.7937,40.5637],[9.7878,40.442],[9.6957,40.3137],[9.6308,40.0959],[9.698,39.6935],[9.6483,39.4572],[9.4789,39.1442],[9.2963,39.2331],[9.0625,39.2199],[8.9985,39.1751],[8.9314,39.0537],[8.8196,38.9769],[8.6961,38.9958],[8.5824,39.0658],[8.4172,39.2122]]],[[[9.4867,42.4064],[9.4525,42.0483],[9.3575,41.9012],[9.3045,41.5753],[9.173,41.3499],[9.0389,41.3695],[9.0133,41.4577],[8.8288,41.492],[8.7269,41.5606],[8.8546,41.6537],[8.8233,41.688],[8.6269,41.7321],[8.7424,41.8816],[8.6928,41.9135],[8.5619,41.8816],[8.5379,41.9478],[8.5896,41.9576],[8.6683,42.0287],[8.6265,42.0973],[8.5107,42.1341],[8.5172,42.2077],[8.6284,42.2617],[8.5004,42.3598],[8.6093,42.4873],[8.879,42.6248],[9.0004,42.6346],[9.0184,42.691],[9.1495,42.7107],[9.2377,42.664],[9.2804,42.7279],[9.2705,42.8825],[9.3032,42.9832],[9.3671,42.9881],[9.4142,42.9095],[9.4322,42.7941],[9.4055,42.5806],[9.4586,42.5561],[9.4867,42.4064]]],[[[3.0863,42.1207],[3.1566,42.0757],[3.1289,41.8572],[2.6283,41.6195],[2.2006,41.4461],[2.0807,41.2985],[2.0655,41.2956],[1.6098,41.2092],[1.4421,41.18],[1.3112,41.1573],[0.8792,41.0217],[0.7338,40.875],[0.7098,40.7851],[0.8271,40.7274],[0.7876,40.6569],[0.5051,40.5928],[0.2379,40.2402],[-0.1606,39.886],[-0.2037,39.7994],[-0.2845,39.6368],[-0.3948,39.4345],[-0.2359,39.0624],[-0.2037,39.0127],[-0.1657,38.9541],[0.1261,38.8214],[0.1726,38.7383],[-0.107,38.5915],[-0.2037,38.544],[-0.4352,38.4303],[-0.5641,38.2149],[-0.6647,38.1766],[-0.8723,37.7598],[-0.8026,37.615],[-0.9183,37.5703],[-1.3646,37.5484],[-1.6257,37.4395],[-1.8169,37.2925],[-1.9405,36.9516],[-2.2388,36.7284],[-2.3551,36.8241],[-2.6243,36.8113],[-2.7615,36.6901],[-2.9153,36.6901],[-2.9698,36.7411],[-4.4466,36.722],[-4.7573,36.4861],[-5.2167,36.4096],[-5.3742,36.2375],[-5.3867,36.11],[-5.4243,36.0717],[-5.4571,36.1674],[-5.4879,36.1737],[-5.4855,36.0654],[-5.6606,36.008],[-5.85,36.0717],[-6.2045,36.2821],[-6.305,36.4542],[-6.2889,36.5722],[-6.444,36.6232],[-6.5005,36.7188],[-6.4217,36.7922],[-6.6322,37.0218],[-6.948,37.1493],[-7.0101,37.1653],[-6.0539,37.5172],[-4.5796,37.9192],[-3.9094,38.8574],[-1.6309,39.2595],[-1.0948,39.6616],[-1.765,41.9401],[-1.3629,42.2081],[3.0685,42.4459],[3.0871,42.3686],[3.0865,42.3291],[3.0863,42.1207]]],[[[13.8684,37.157],[13.0116,37.5249],[12.6369,37.5815],[12.532,37.6387],[12.4541,37.766],[12.5166,37.9192],[12.6643,38.0725],[12.7828,38.1174],[13.066,38.0669],[13.3225,38.2205],[13.628,38.0298],[13.8095,37.9664],[14.1345,37.9735],[14.7659,38.0576],[15.3867,38.2055],[15.4537,38.1674],[15.4729,38.1101],[15.4225,38.0526],[15.181,37.6823],[15.1122,37.459],[15.1162,37.2869],[15.3013,37.0579],[15.2206,37.0004],[15.0273,36.7451],[14.9424,36.7386],[14.622,36.7761],[14.2159,37.0493],[13.8684,37.157]]],[[[19.9506,39.7744],[19.9506,39.7622],[19.9428,39.7442],[19.9292,39.7311],[19.9264,39.7286],[19.9161,39.7228],[19.9122,39.7214],[19.8756,39.7161],[19.8489,39.7058],[19.8425,39.7028],[19.84,39.7],[19.8386,39.6958],[19.8394,39.6764],[19.8467,39.6492],[19.9278,39.4772],[19.9319,39.4717],[20.0181,39.4344],[20.0278,39.4319],[20.0328,39.4322],[20.0481,39.4369],[20.0575,39.4422],[20.0633,39.4472],[20.0675,39.4536],[20.0717,39.4536],[20.0747,39.4514],[20.1217,39.3778],[20.1222,39.3739],[20.1203,39.3706],[20.115,39.365],[20.1117,39.3631],[20.0797,39.3683],[19.8842,39.4444],[19.8803,39.4464],[19.8753,39.4517],[19.8547,39.4839],[19.8531,39.4869],[19.8508,39.4939],[19.8469,39.5197],[19.8472,39.5358],[19.8497,39.5428],[19.8442,39.5519],[19.8233,39.5761],[19.8183,39.5814],[19.8064,39.5906],[19.7403,39.6247],[19.6758,39.6747],[19.6733,39.6772],[19.6414,39.7444],[19.64,39.7567],[19.6508,39.7725],[19.6731,39.7931],[19.6922,39.795],[19.6969,39.7944],[19.7917,39.7903],[19.7967,39.7906],[19.8039,39.7939],[19.855,39.8183],[19.865,39.8169],[19.9261,39.7944],[19.9469,39.7836],[19.9506,39.7744]]]]}},{"type":"Feature","properties":{"NAME":"Macedon and Hellenic League","ABBREVN":"Macedon","SUBJECTO":"Macedon and Hellenic League","BORDERPRECISION":1,"PARTOF":"Macedon and Hellenic League"},"geometry":{"type":"MultiPolygon","coordinates":[[[[23.6605,38.4036],[23.5997,38.4572],[23.6377,38.5226],[23.4629,38.6237],[23.1208,38.8668],[22.8699,38.8372],[23.0143,38.9614],[23.2424,39.0441],[23.4097,38.9437],[23.7898,38.7186],[24.1319,38.6534],[24.2079,38.5524],[24.2915,38.1948],[24.588,38.1529],[24.5272,37.9674],[24.3143,37.9853],[24.1927,38.1529],[24.0254,38.3857],[23.6605,38.4036]]],[[[25.7664,36.3376],[25.7131,36.3498],[25.7359,36.3865],[25.7892,36.4049],[25.8728,36.3559],[25.7664,36.3376]]],[[[25.371,36.4966],[25.4927,36.4232],[25.4927,36.3314],[25.3862,36.3192],[25.3178,36.3988],[25.333,36.4599],[25.371,36.4966]]],[[[25.9564,36.8442],[25.8348,36.7833],[25.7511,36.7833],[25.7511,36.8138],[25.8576,36.8381],[25.9488,36.9111],[26.0248,36.9597],[26.0856,36.8989],[25.9564,36.8442]]],[[[24.6792,36.759],[24.4664,36.6493],[24.2991,36.7529],[24.4284,36.7955],[24.588,36.8685],[24.6792,36.759]]],[[[24.9757,36.6371],[24.9453,36.5699],[24.8237,36.6371],[24.8237,36.6614],[24.8769,36.6797],[24.9757,36.6371]]],[[[25.105,36.6371],[25.0593,36.6187],[25.0441,36.6614],[25.1658,36.7407],[25.1962,36.6736],[25.105,36.6371]]],[[[25.2494,36.759],[25.295,36.8077],[25.4319,36.698],[25.3862,36.6371],[25.2646,36.7041],[25.2418,36.7529],[25.2494,36.759]]],[[[24.5348,37.1175],[24.4436,37.0993],[24.4284,37.2083],[24.5348,37.1175]]],[[[24.398,37.6671],[24.3827,37.5707],[24.2611,37.5406],[24.2991,37.6611],[24.398,37.6671]]],[[[24.4892,37.3958],[24.3599,37.3052],[24.3599,37.3958],[24.398,37.4682],[24.4892,37.3958]]],[[[24.9453,37.5105],[25.0441,37.3777],[24.8465,37.3656],[24.8617,37.5286],[24.9453,37.5105]]],[[[24.7629,38.0033],[25.2722,37.5647],[25.4699,37.4381],[25.3178,37.4018],[24.9225,37.6912],[24.6564,37.9014],[24.7629,38.0033]]],[[[24.7172,37.0508],[24.7857,36.9475],[24.6792,36.905],[24.6488,37.0143],[24.7172,37.0508]]],[[[25.1126,36.9415],[24.9377,36.9597],[25.1506,37.172],[25.3102,37.1962],[25.3102,37.0022],[25.1126,36.9415]]],[[[25.4547,36.9232],[25.3634,37.0083],[25.3406,37.0871],[25.3786,37.1175],[25.5383,37.2204],[25.6067,37.1235],[25.5991,37.0265],[25.5459,36.9597],[25.4547,36.9232]]],[[[23.7852,40.4772],[23.9237,40.4508],[24.2954,40.1765],[24.2206,40.1448],[24.0548,40.2609],[24.0478,40.3084],[23.9235,40.3453],[23.7748,40.3928],[23.7222,40.3482],[23.6272,40.3453],[23.6588,40.2873],[23.6517,40.2292],[23.8037,40.1554],[23.8687,40.1607],[23.9201,40.0552],[23.9066,39.9972],[23.796,39.9867],[23.5958,40.1923],[23.4425,40.2556],[23.3491,40.282],[23.2918,40.2873],[23.2931,40.2451],[23.2591,40.2292],[23.321,40.1554],[23.3668,40.1079],[23.4365,40.0447],[23.5233,40.0183],[23.5922,40.0025],[23.6386,39.9603],[23.5969,39.9341],[23.3744,39.9551],[23.2605,39.9709],[23.2763,40.0499],[23.2148,40.1818],[23.1411,40.2662],[22.9602,40.3147],[22.7481,40.4825],[22.8639,40.5352],[22.8755,40.5963],[22.8519,40.6513],[22.77,40.6672],[22.7013,40.5774],[22.4921,40.4983],[22.6023,40.3972],[22.4896,40.2305],[22.4674,40.1185],[22.5256,40.0642],[22.5551,39.9867],[22.6951,39.8345],[22.7545,39.8183],[22.8134,39.6027],[23.0742,39.4135],[23.2361,39.2032],[23.1585,39.1401],[23.0519,39.1033],[23.0998,39.1874],[23.0453,39.2715],[22.9813,39.3293],[22.919,39.3451],[22.8509,39.3661],[22.7203,39.2873],[22.7661,39.2028],[22.8349,39.1664],[22.8711,39.0243],[22.7842,38.9403],[22.4905,38.8769],[22.6023,38.8562],[22.7233,38.7932],[22.8994,38.7669],[22.9842,38.667],[23.0998,38.6723],[23.1695,38.667],[23.191,38.6103],[23.3562,38.4895],[23.4938,38.4831],[23.5558,38.3518],[23.6828,38.3465],[23.8039,38.3465],[23.9607,38.2099],[23.967,38.1521],[23.88,38.1154],[23.9873,37.7634],[23.9182,37.6846],[23.8355,37.6846],[23.7337,37.8579],[23.6341,37.879],[23.5407,38.0041],[23.4957,38.0681],[23.4193,38.0681],[23.1958,38.005],[22.9806,37.9578],[22.8981,37.9],[23.04,37.858],[23.0454,37.7736],[23.0489,37.6426],[23.1514,37.5901],[23.2205,37.6018],[23.3217,37.6374],[23.3122,37.5481],[23.4181,37.4693],[23.185,37.4273],[23.1858,37.3748],[23.1096,37.3466],[22.971,37.3853],[23.0253,37.4798],[22.9421,37.5184],[22.7133,37.5434],[22.6423,37.5849],[22.6387,37.4923],[22.7262,37.2885],[22.8133,37.2121],[22.7931,37.1386],[22.8869,37.0467],[22.9826,36.6148],[22.6736,36.7543],[22.5244,36.7221],[22.3903,36.5244],[22.1914,36.8552],[21.9842,37.0205],[21.7809,36.8225],[21.5882,36.9814],[21.5314,37.1151],[21.6265,37.3065],[21.6137,37.4148],[21.5173,37.5358],[21.2963,37.7265],[21.2211,37.8284],[21.2284,37.9049],[21.4405,38.1795],[21.7145,38.1354],[21.9058,38.2697],[21.9967,38.2508],[22.7472,37.9526],[22.8987,37.9976],[23.1163,38.1574],[22.9967,38.1793],[22.8756,38.2046],[22.3337,38.4267],[21.8265,38.464],[21.6613,38.4381],[21.3645,38.412],[21.1724,38.3478],[20.7718,38.8509],[20.8926,38.8958],[21.0065,38.8705],[21.1047,38.9218],[21.1595,39.0048],[21.0072,39.113],[20.9011,39.0617],[20.6778,39.0804],[20.2118,39.4049],[20.8834,41.8443],[21.5785,41.2397],[22.9295,41.7121],[23.0148,41.9116],[24.7681,41.8354],[25.4428,41.8061],[26.8046,41.3419],[27.9322,40.9575],[27.4742,40.9628],[27.313,40.7899],[27.2638,40.6672],[26.8889,40.5247],[26.6136,40.398],[26.5139,40.282],[26.3759,40.2134],[26.2552,40.0816],[26.1409,40.0447],[26.2143,40.1607],[26.2228,40.224],[26.1948,40.3031],[26.4575,40.435],[26.5565,40.4983],[26.4548,40.5843],[26.4181,40.5778],[26.124,40.6028],[26.0207,40.6693],[25.9929,40.8525],[25.6357,40.8774],[25.3011,40.8959],[25.0463,40.9523],[25.0189,41.0171],[24.8121,40.9334],[24.7007,40.8783],[24.5191,40.8731],[24.505,40.9841],[24.3543,40.971],[24.2191,40.8297],[24.0252,40.7464],[23.886,40.7329],[23.7484,40.8044],[23.6347,40.7728],[23.633,40.7132],[23.7091,40.63],[23.7852,40.4772]]],[[[25.5044,34.9814],[25.3353,34.985],[25.1881,34.9522],[25.0169,34.9308],[24.9281,34.9305],[24.8211,34.9375],[24.7528,34.9422],[24.7558,34.9503],[24.7628,35.0158],[24.7592,35.0331],[24.7561,35.0467],[24.7442,35.0711],[24.74,35.0764],[24.7231,35.0906],[24.6986,35.0967],[24.6936,35.0969],[24.6858,35.095],[24.6769,35.0942],[24.6386,35.0953],[24.5886,35.0969],[24.5656,35.0981],[24.5608,35.1033],[24.5478,35.1194],[24.5356,35.1358],[24.5267,35.1425],[24.3994,35.1869],[24.3856,35.1908],[24.1967,35.2003],[24.1922,35.2003],[24.1397,35.1997],[24.1008,35.1978],[24.0706,35.1908],[24.0533,35.19],[24.0489,35.19],[24.0383,35.1911],[24.0294,35.1942],[24.0261,35.1961],[23.9467,35.2211],[23.8903,35.2339],[23.8242,35.2467],[23.8194,35.2464],[23.7022,35.2336],[23.6944,35.2311],[23.6819,35.2244],[23.5983,35.2306],[23.5936,35.2319],[23.5867,35.2358],[23.5211,35.2881],[23.52,35.3019],[23.5692,35.5267],[23.5825,35.5692],[23.5839,35.5731],[23.5939,35.5922],[23.6064,35.6133],[23.6086,35.6108],[23.6094,35.6072],[23.6097,35.6036],[23.61,35.5675],[23.6136,35.5269],[23.6161,35.5206],[23.6183,35.5178],[23.6492,35.4997],[23.6569,35.4964],[23.6667,35.4961],[23.7044,35.5019],[23.7189,35.5075],[23.725,35.5117],[23.7275,35.5144],[23.7319,35.5461],[23.7303,35.5632],[23.7269,35.5747],[23.7114,35.6042],[23.7081,35.6442],[23.7083,35.6483],[23.7094,35.6519],[23.7172,35.6656],[23.7386,35.6856],[23.7417,35.6878],[23.7486,35.6864],[23.7706,35.6711],[23.7756,35.6661],[23.7753,35.6619],[23.7728,35.6592],[23.7669,35.6489],[23.7669,35.6453],[23.7722,35.6133],[23.7819,35.5644],[23.7844,35.5544],[23.7875,35.5483],[23.7925,35.5433],[23.7997,35.5403],[23.8436,35.5239],[23.8483,35.5225],[23.8586,35.5217],[23.9714,35.5147],[23.9956,35.5155],[24.0386,35.5287],[24.0429,35.5305],[24.0696,35.5481],[24.0713,35.5496],[24.0718,35.5516],[24.0833,35.5681],[24.0789,35.5736],[24.0775,35.5767],[24.0778,35.5806],[24.0792,35.5836],[24.085,35.5883],[24.1181,35.6],[24.1261,35.6019],[24.1353,35.6],[24.1722,35.5906],[24.1806,35.5872],[24.2053,35.5428],[24.2053,35.5389],[24.2039,35.535],[24.1872,35.51],[24.1839,35.5083],[24.1694,35.5028],[24.1619,35.5003],[24.1406,35.5033],[24.1288,35.4974],[24.1139,35.4982],[24.1114,35.4977],[24.1094,35.4967],[24.1061,35.4939],[24.1031,35.4905],[24.1026,35.4884],[24.1039,35.4867],[24.1059,35.4856],[24.1742,35.4536],[24.1839,35.4511],[24.2661,35.3672],[24.2719,35.3625],[24.285,35.3586],[24.3197,35.3517],[24.3344,35.3511],[24.3481,35.3517],[24.3661,35.3531],[24.4647,35.3619],[24.4842,35.3647],[24.4967,35.3667],[24.5886,35.3811],[24.6006,35.3836],[24.6081,35.3861],[24.6181,35.3914],[24.6294,35.4006],[24.7889,35.4089],[24.9633,35.4044],[25.0464,35.3839],[25.0447,35.3797],[25.0453,35.3694],[25.0486,35.3558],[25.05,35.3528],[25.055,35.3478],[25.0639,35.3447],[25.2014,35.3344],[25.2806,35.3339],[25.3025,35.3355],[25.3631,35.3358],[25.3772,35.3355],[25.3875,35.3333],[25.3903,35.3308],[25.3969,35.3153],[25.4047,35.3078],[25.43,35.2944],[25.4453,35.2917],[25.4633,35.2925],[25.4911,35.2986],[25.5644,35.3186],[25.6181,35.3333],[25.6581,35.3425],[25.6628,35.3425],[25.7667,35.3347],[25.7689,35.3319],[25.7672,35.328],[25.7653,35.3247],[25.7578,35.3161],[25.7461,35.3072],[25.7328,35.3003],[25.73,35.2981],[25.7283,35.2942],[25.7228,35.2639],[25.7283,35.2592],[25.7331,35.2578],[25.7372,35.2586],[25.7394,35.2619],[25.7414,35.2697],[25.7414,35.2736],[25.7428,35.2864],[25.7541,35.2826],[25.7562,35.2712],[25.7552,35.2536],[25.7393,35.2319],[25.7183,35.2192],[25.7172,35.2147],[25.7103,35.1744],[25.7108,35.1711],[25.7175,35.1592],[25.7281,35.1419],[25.7567,35.1264],[25.78,35.1156],[25.7881,35.1122],[25.7975,35.1097],[25.8053,35.1085],[25.804,35.0221],[25.5969,35.0097],[25.5894,35.0072],[25.5822,35.0044],[25.5608,34.9961],[25.5575,34.9944],[25.5522,34.9894],[25.5133,34.9819],[25.5044,34.9814]]],[[[26.0469,37.6164],[26.0644,37.63],[26.068,37.6319],[26.0808,37.6355],[26.3125,37.68],[26.3514,37.6864],[26.3611,37.6867],[26.3617,37.6833],[26.3606,37.6794],[26.3569,37.6725],[26.3233,37.6347],[26.3083,37.6189],[26.3025,37.6144],[26.2675,37.5911],[26.215,37.5589],[26.0208,37.5144],[25.9842,37.5069],[25.9808,37.5089],[25.9769,37.515],[25.9756,37.5186],[25.9747,37.5269],[25.9747,37.5314],[25.9819,37.5442],[25.9842,37.5469],[26.0469,37.6164]]],[[[26.7114,37.7083],[26.7056,37.7083],[26.6869,37.705],[26.6497,37.6983],[26.6411,37.6961],[26.6233,37.6872],[26.6205,37.685],[26.6133,37.6803],[26.5972,37.675],[26.5936,37.6769],[26.5817,37.6858],[26.5806,37.6886],[26.5717,37.7306],[26.5728,37.7342],[26.5958,37.7572],[26.5989,37.7594],[26.6655,37.7905],[26.6697,37.7919],[26.7297,37.808],[26.7433,37.8111],[26.7486,37.8114],[26.9889,37.7819],[27.0286,37.7717],[27.0669,37.7272],[27.0694,37.7119],[27.0642,37.7069],[27.0606,37.7053],[27.0397,37.7028],[26.8956,37.6653],[26.818,37.6367],[26.7539,37.6914],[26.7464,37.6944],[26.7114,37.7083]]],[[[25.3397,39.8478],[25.3489,39.8369],[25.3519,39.8344],[25.3556,39.8325],[25.3653,39.8256],[25.3736,39.8144],[25.3725,39.8108],[25.3558,39.7864],[25.3389,39.7889],[25.3178,39.7939],[25.3083,39.7969],[25.3008,39.8008],[25.2942,39.8053],[25.2919,39.808],[25.2669,39.868],[25.2783,39.8889],[25.2794,39.8925],[25.2792,39.8964],[25.2678,39.91],[25.265,39.9122],[25.2597,39.9136],[25.2397,39.9139],[25.2353,39.913],[25.2286,39.9092],[25.2136,39.8969],[25.2078,39.8892],[25.1819,39.8547],[25.1786,39.8467],[25.1786,39.843],[25.2017,39.8275],[25.2219,39.8106],[25.2272,39.8053],[25.2267,39.8014],[25.2231,39.7994],[25.1683,39.7997],[25.1625,39.8008],[25.0669,39.8425],[25.0608,39.8481],[25.0544,39.8606],[25.0431,39.9633],[25.0453,39.9836],[25.05,39.9897],[25.1325,40.0053],[25.1403,40.0067],[25.2267,40.0031],[25.2319,40.0025],[25.2719,39.9883],[25.3686,40.0058],[25.4478,40.0336],[25.4514,40.0339],[25.4536,40.0314],[25.4456,40.0097],[25.4417,40.0047],[25.3919,39.9522],[25.3567,39.9106],[25.3517,39.9042],[25.3381,39.88],[25.3364,39.8761],[25.3383,39.8508],[25.3397,39.8478]]],[[[25.4608,40.4578],[25.4439,40.4758],[25.4942,40.4964],[25.5256,40.5069],[25.5428,40.5105],[25.5558,40.5117],[25.5714,40.5114],[25.5794,40.51],[25.6572,40.493],[25.6903,40.4714],[25.6947,40.4661],[25.6956,40.4625],[25.6961,40.4283],[25.695,40.4247],[25.6919,40.4225],[25.66,40.4125],[25.6061,40.3986],[25.6017,40.398],[25.5664,40.3978],[25.5575,40.4014],[25.5158,40.4225],[25.4903,40.4369],[25.4642,40.455],[25.4608,40.4578]]],[[[24.6389,40.58],[24.6017,40.6103],[24.5911,40.6167],[24.5753,40.6242],[24.5694,40.6253],[24.5336,40.6206],[24.5297,40.6217],[24.5136,40.6369],[24.5119,40.64],[24.5094,40.6581],[24.5217,40.6928],[24.5336,40.7142],[24.5408,40.7239],[24.5656,40.7505],[24.5969,40.7769],[24.6006,40.7789],[24.6214,40.79],[24.6411,40.7967],[24.6453,40.7978],[24.6547,40.7964],[24.6967,40.7805],[24.7333,40.7655],[24.7614,40.7492],[24.7639,40.7319],[24.7733,40.6317],[24.7664,40.6114],[24.6711,40.5789],[24.6436,40.5708],[24.6428,40.5742],[24.6389,40.58]]],[[[25.6639,40.1264],[25.6708,40.1514],[25.6736,40.1536],[25.6889,40.165],[25.7153,40.1814],[25.7767,40.2122],[25.9344,40.2411],[25.9406,40.2411],[25.9436,40.2389],[26.0114,40.1603],[26.0136,40.1575],[26.0136,40.1536],[26.0111,40.1447],[25.99,40.1289],[25.9581,40.1211],[25.8244,40.1003],[25.7317,40.093],[25.6711,40.118],[25.6644,40.1222],[25.6639,40.1264]]],[[[24.6592,38.7675],[24.6469,38.7642],[24.6264,38.7653],[24.6206,38.7664],[24.6169,38.7683],[24.6125,38.7736],[24.6047,38.7853],[24.5981,38.7897],[24.5928,38.79],[24.5711,38.7805],[24.5669,38.7736],[24.5669,38.77],[24.5689,38.7608],[24.5533,38.7683],[24.5347,38.7836],[24.4567,38.8808],[24.4503,38.8969],[24.4497,38.9469],[24.4508,38.9506],[24.4528,38.9539],[24.4583,38.9628],[24.4608,38.9656],[24.4772,38.9756],[24.4808,38.9772],[24.4847,38.9786],[24.49,38.9781],[24.5025,38.9728],[24.5061,38.9708],[24.5775,38.9261],[24.6656,38.8242],[24.6792,38.8075],[24.6814,38.8047],[24.6831,38.7981],[24.6836,38.7797],[24.6808,38.7769],[24.6592,38.7675]]],[[[20.9986,37.7139],[20.9944,37.6986],[20.9433,37.7197],[20.9242,37.7286],[20.9153,37.7317],[20.8958,37.7311],[20.8783,37.7283],[20.8703,37.7261],[20.8669,37.7242],[20.8411,37.6872],[20.8397,37.6833],[20.8361,37.6464],[20.8311,37.6464],[20.8122,37.6517],[20.8086,37.6536],[20.7136,37.7228],[20.7033,37.7328],[20.63,37.8089],[20.6272,37.8175],[20.62,37.8475],[20.6219,37.8608],[20.6286,37.8755],[20.6433,37.8983],[20.6783,37.9206],[20.6997,37.9303],[20.7028,37.9281],[20.7942,37.8489],[20.8633,37.8292],[20.8864,37.8144],[20.8981,37.8053],[20.9925,37.7253],[20.9986,37.7139]]],[[[20.5436,38.5644],[20.5428,38.5678],[20.5422,38.5883],[20.5578,38.6839],[20.5592,38.688],[20.6017,38.7789],[20.6431,38.8269],[20.6483,38.8322],[20.6556,38.8355],[20.7014,38.8347],[20.7097,38.8322],[20.7158,38.8278],[20.7294,38.8075],[20.73,38.8039],[20.7242,38.635],[20.7231,38.6264],[20.7206,38.6236],[20.6436,38.5811],[20.5436,38.5644]]]]}},{"type":"Feature","properties":{"NAME":"Dardania","ABBREVN":"Dardania","SUBJECTO":"Dardania","BORDERPRECISION":1,"PARTOF":"Dardania"},"geometry":{"type":"MultiPolygon","coordinates":[[[[20.948,42.9438],[21.9838,43.5017],[23.4699,42.9768],[22.9295,41.7121],[21.5785,41.2397],[20.8834,41.8443],[20.948,42.9438]]]]}},{"type":"Feature","properties":{"NAME":"Pergamon","ABBREVN":"Pergamon","SUBJECTO":"Pergamon","BORDERPRECISION":1,"PARTOF":"Pergamon"},"geometry":{"type":"MultiPolygon","coordinates":[[[[27.5735,40.2952],[27.9605,39.4132],[27.999,38.9561],[26.8699,39.0568],[26.7971,39.1296],[26.7079,39.1821],[26.7041,39.2505],[26.6022,39.2557],[26.7202,39.3372],[26.8535,39.4608],[26.9262,39.4765],[26.9575,39.5483],[26.8043,39.5672],[26.5462,39.5133],[26.139,39.4397],[26.0641,39.4555],[26.0849,39.604],[26.1419,39.6606],[26.1407,39.75],[26.1276,39.8786],[26.186,39.9972],[26.3203,39.9919],[26.4031,40.1765],[26.4817,40.187],[26.7653,40.3769],[26.9965,40.3717],[27.0561,40.4297],[27.2718,40.4508],[27.3292,40.3558],[27.4496,40.3098],[27.526,40.2971],[27.5735,40.2952]]]]}},{"type":"Feature","properties":{"NAME":"Saami","ABBREVN":"Saami","SUBJECTO":"Saami","BORDERPRECISION":1,"PARTOF":"Saami"},"geometry":{"type":"MultiPolygon","coordinates":[[[[25.1956,65.268],[25.2515,65.4169],[25.1036,65.5401],[24.5911,65.5828],[24.2148,65.7859],[23.9477,65.7967],[23.8441,65.7985],[23.4057,65.7248],[23.204,65.6808],[22.7982,65.8548],[22.6456,65.9348],[22.4898,65.8834],[22.2016,65.7153],[21.9575,65.4457],[21.8187,65.3801],[21.5223,65.3723],[21.2773,65.2123],[21.4237,65.1039],[21.4894,65.0172],[21.3294,64.8944],[20.9212,64.7138],[21.0643,64.592],[21.237,64.5205],[21.3858,64.3846],[21.0489,64.2192],[20.8733,64.0328],[20.8665,64.0256],[20.7007,63.8181],[19.9849,63.5173],[19.6703,63.3885],[19.465,63.4807],[19.3182,63.4448],[19.0759,63.2025],[18.785,63.138],[18.4866,62.9812],[18.3889,62.8534],[18.3032,62.7894],[17.9674,62.7746],[17.8682,62.7886],[17.9363,62.548],[17.8319,62.4565],[16.5737,62.525],[15.4301,61.8661],[11.5284,61.8978],[10.1554,64.0993],[10.7398,64.3862],[10.8906,64.4725],[10.9966,64.4942],[11.2135,64.4157],[11.3641,64.416],[11.5077,64.5167],[11.4065,64.617],[11.4699,64.6746],[11.6897,64.7757],[11.8956,64.9127],[12.1121,65.1299],[12.2222,65.1011],[12.5265,65.109],[12.4962,65.3845],[12.2841,65.4349],[12.4792,65.617],[12.7091,65.9089],[13.0874,65.8804],[13.1088,66.0337],[13.1519,66.1361],[13.581,66.1881],[13.4028,66.3488],[13.2554,66.3925],[13.1686,66.4583],[13.2421,66.5685],[13.3832,66.679],[13.592,66.6573],[13.9916,66.6875],[13.7472,66.9224],[13.8591,66.9594],[14.0547,66.9746],[14.3731,67.0931],[14.6393,67.1231],[14.7777,67.2165],[14.6165,67.2453],[14.5692,67.3293],[14.6991,67.3744],[14.9762,67.5229],[15.2267,67.5086],[15.3845,67.4644],[15.5799,67.5833],[15.7457,67.5973],[15.7618,67.6763],[15.5722,67.8207],[15.8542,67.9252],[15.9197,68.049],[16.0711,68.0447],[16.2327,67.9111],[16.4116,67.8742],[16.6485,68.0457],[16.5219,68.3409],[16.7191,68.3114],[17.0333,68.3376],[17.1264,68.4161],[16.8548,68.5578],[17.0397,68.6585],[17.4069,68.7715],[17.4489,68.887],[17.5659,68.9744],[17.8947,69.0351],[17.9281,69.0051],[18.0515,69.0279],[18.0974,69.058],[18.3191,69.3594],[18.5532,69.2469],[18.9848,69.3154],[19.1702,69.2555],[19.2892,69.2106],[19.58,69.1811],[19.8212,69.3697],[20.1577,69.7478],[20.2864,69.7859],[20.3583,69.7104],[20.2782,69.5818],[20.1965,69.3177],[20.5527,69.5219],[20.7339,69.7792],[21.1027,69.8177],[21.412,70.0154],[21.6086,69.9625],[21.9081,69.804],[22.1633,70.0931],[22.3064,70.2156],[22.7456,70.1706],[23.2036,69.9428],[23.2925,70.0113],[23.5084,70.2791],[23.8273,70.4788],[23.9549,70.5021],[24.2077,70.4719],[24.3596,70.6103],[24.5705,70.7414],[24.849,70.8266],[25.389,70.9046],[25.8321,70.8978],[25.2307,70.5582],[25.1224,70.4352],[25.0741,70.1444],[25.263,70.1065],[25.574,70.3671],[26.2627,70.7907],[26.6065,70.9146],[26.6191,70.7991],[26.6174,70.392],[26.9344,70.4693],[27.1311,70.5771],[27.516,70.9703],[27.9475,71.0174],[28.2112,71.0179],[28.3084,70.9486],[28.1364,70.8327],[27.9853,70.717],[28.0189,70.6095],[27.8754,70.4251],[28.2897,70.3722],[28.3889,70.5718],[28.7948,70.8648],[28.9843,70.8574],[29.7412,70.605],[30.0414,70.5441],[30.462,70.5373],[30.7542,70.4304],[30.7988,70.308],[30.2519,70.1311],[29.7349,70.1149],[28.7301,70.1359],[28.8171,70.0979],[29.08,69.9612],[29.5559,69.8334],[29.7286,69.6976],[30.0558,69.7209],[30.3613,69.7668],[30.7354,69.7524],[31.0538,69.6396],[31.3313,69.6628],[31.7822,69.777],[32.0716,69.8835],[32.076,69.8154],[32.1906,69.6417],[32.3517,69.5137],[32.5963,69.4236],[33.0096,69.3867],[33.2806,69.342],[33.3156,69.0713],[33.6284,69.2147],[33.818,69.1925],[34.3051,69.1708],[34.6989,69.1641],[34.9341,69.1494],[35.4366,69.1504],[36.0183,69.0237],[37.2459,68.7935],[37.6886,68.6296],[38.4064,68.2427],[38.6685,68.1463],[39.3347,68.0359],[39.9181,67.9404],[40.8261,67.66],[40.9734,67.5344],[40.9508,67.3347],[41.0169,67.2019],[41.2088,67.0695],[41.2553,66.937],[41.147,66.7823],[40.8364,66.5614],[40.3451,66.3186],[39.9775,66.2009],[39.19,66.0387],[38.7821,66.0015],[38.0479,66.0074],[37.4224,66.0938],[36.5052,66.1725],[35.7717,66.2589],[35.1677,66.4115],[34.153,66.6296],[33.6513,66.6801],[33.4375,66.7017],[33.1577,66.9145],[32.991,66.9878],[32.6443,67.0461],[32.2194,66.9937],[32.3578,66.9203],[32.4247,66.891],[32.7535,66.649],[32.9709,66.5834],[33.4697,66.3131],[33.8442,66.1821],[34.2585,66.1098],[34.5437,66.0008],[34.7262,65.797],[34.7261,65.7803],[25.1956,65.268]]]]}},{"type":"Feature","properties":{"NAME":"Finno-Ugric taiga hunter-gatherers","ABBREVN":"Finno-Ugric taiga hunter-gatherers","SUBJECTO":"Finno-Ugric taiga hunter-gatherers","BORDERPRECISION":1,"PARTOF":"Finno-Ugric taiga hunter-gatherers"},"geometry":{"type":"MultiPolygon","coordinates":[[[[34.2934,65.3962],[34.332,65.3455],[34.4257,65.1065],[34.7729,64.6822],[34.8148,64.4598],[34.8846,64.3668],[35.0818,64.2883],[35.6233,64.2536],[36.0155,64.197],[36.24,63.9186],[36.4206,63.8761],[36.9875,63.8415],[37.2465,63.7849],[37.4105,63.7495],[37.5915,63.8069],[37.9449,63.8504],[38.0541,63.9863],[38.0539,64.1293],[37.8799,64.3079],[37.6681,64.3433],[37.4633,64.3],[37.262,64.3139],[36.9967,64.4066],[36.5685,64.7646],[36.8839,65.0677],[37.1019,65.0681],[37.6041,64.8528],[38.2529,64.7031],[39.1934,64.511],[39.6216,64.476],[39.9971,64.5412],[40.3222,64.4629],[40.4398,64.5636],[40.4621,64.7503],[40.366,64.8579],[39.9794,65.1531],[39.8231,65.4356],[39.9513,65.5812],[40.0369,65.6031],[40.6814,65.7936],[41.3542,65.9552],[41.6233,66.0652],[42.1334,66.3879],[42.2108,66.41],[42.4185,66.3811],[43.2414,66.2509],[43.8762,66.011],[44.0294,66.0112],[44.0528,66.0405],[44.1221,66.2672],[44.3836,66.612],[44.362,66.906],[44.2192,67.0898],[43.8381,67.1629],[43.7036,67.2659],[44.2158,67.7183],[44.2611,67.8296],[44.1687,68.097],[43.8222,68.3273],[43.8532,68.4692],[44.012,68.4919],[44.6678,68.3886],[45.5796,68.4425],[45.8634,68.3833],[46.162,68.1082],[46.4394,67.9079],[46.6341,67.7005],[46.1641,67.6774],[45.4626,67.6391],[45.0925,67.5421],[44.8712,67.3124],[44.9571,67.2314],[45.3856,67.0994],[45.7154,66.8496],[46.0768,66.7621],[46.4021,66.7186],[46.9726,66.7785],[47.5712,66.8163],[47.7062,66.8901],[47.8221,67.1113],[47.9529,67.3773],[48.0807,67.5625],[48.6353,67.6524],[49.1856,67.8388],[49.6301,67.9362],[50.4959,68.1535],[51.139,68.2664],[51.8308,68.4094],[52.2449,68.5446],[52.3374,68.3357],[52.4627,68.2987],[52.7197,68.3514],[52.9388,68.4712],[53.0058,68.6806],[53.1794,68.7557],[53.5024,68.8163],[53.8891,68.787],[53.8084,68.6073],[53.7821,68.3384],[53.3959,68.3004],[53.3162,68.2332],[53.3168,68.1364],[53.6257,68.0477],[53.854,68.0853],[54.3797,68.1607],[54.576,68.1611],[54.6485,68.0719],[54.7523,68.0498],[54.8772,68.1095],[54.996,68.2065],[55.1265,68.4006],[55.3354,68.4831],[55.7229,68.5361],[56.1951,68.5669],[56.5403,68.5526],[57.0242,68.4489],[57.3637,68.457],[57.5259,68.4946],[57.9592,68.7048],[58.4093,68.8329],[58.7704,68.856],[59.199,68.7744],[59.3459,68.6999],[59.062,68.4975],[59.1198,68.3931],[59.2177,68.3485],[59.5019,68.2894],[59.7623,68.2974],[59.892,68.402],[59.9254,68.5813],[60.0791,68.619],[60.5121,68.5899],[60.7563,68.6725],[60.9341,68.8151],[60.986,69.0026],[60.3692,69.4677],[60.5517,69.5434],[60.8487,69.71],[61.03,69.7406],[61.3043,69.7335],[62.2813,69.7051],[62.8539,69.6156],[63.4123,69.5487],[63.9232,69.4592],[64.873,69.2277],[65.3554,69.1834],[66.1255,68.9972],[66.5843,68.8855],[67.1717,68.6471],[67.6455,68.4481],[67.8265,68.3721],[68.2154,68.2014],[68.3846,68.1793],[68.4879,68.2242],[69.0026,68.6954],[69.109,68.8303],[68.6918,68.8145],[68.5118,68.8367],[68.2577,68.9411],[68.0935,69.1359],[68.1059,69.4293],[67.7787,69.5569],[66.8844,69.6231],[66.799,69.7437],[66.828,69.8194],[66.9649,69.9558],[67.2772,70.0706],[67.3833,70.1394],[67.4218,70.2234],[67.3982,70.5985],[67.2853,70.7058],[66.7748,70.7356],[66.6702,70.8661],[66.818,71.1054],[66.9796,71.2138],[67.1555,71.2296],[67.8225,71.4167],[68.3162,71.6349],[68.5508,71.822],[68.8121,72.0955],[69.0567,72.6447],[69.3431,72.8343],[69.5116,72.803],[70.2144,72.7335],[70.9403,72.79],[71.6629,72.8307],[71.9758,72.7998],[72.4553,72.8243],[72.714,72.7696],[72.8527,72.6439],[72.8448,72.4946],[72.6546,72.1183],[72.4983,71.9618],[71.8978,71.5872],[71.7976,71.4318],[72.1362,71.2776],[72.555,70.9772],[72.6797,70.8235],[72.7742,70.4552],[72.6959,70.3556],[72.4369,70.187],[72.5515,69.6563],[72.5255,69.0691],[72.6435,68.8069],[72.8462,68.6352],[73.3086,68.5166],[73.3941,68.4421],[73.3936,68.3824],[73.1752,68.1659],[72.9878,67.7941],[72.8377,67.6456],[72.485,67.4378],[71.9305,67.1563],[71.6471,67.0673],[71.3995,66.9491],[71.5441,66.7141],[71.3495,66.6624],[70.8399,66.5514],[70.1207,66.7188],[69.7915,66.7549],[69.3554,66.7394],[69.0848,66.6875],[69.1726,66.5483],[69.4351,66.4242],[69.7673,66.3297],[70.4736,66.236],[70.9834,66.2004],[71.2595,66.2228],[71.7943,66.1581],[72.2088,66.1735],[72.4211,66.3347],[72.5574,66.496],[73.1655,66.6438],[73.6902,66.8651],[73.8108,66.9904],[73.9845,67.2634],[74.3525,67.4044],[74.7417,67.6862],[74.7706,67.8494],[74.6694,68.1017],[74.3951,68.347],[74.505,68.5935],[74.6121,68.6385],[74.9163,68.7064],[75.5372,68.7749],[76.3278,68.7763],[76.6609,68.6722],[77.0398,68.4638],[77.1079,68.1138],[76.9549,67.6533],[77.0907,67.5277],[77.5048,67.4324],[78.089,67.4113],[78.4779,67.4785],[78.5357,67.6118],[78.3046,67.6929],[77.946,67.7737],[77.6889,67.7584],[77.4832,67.8025],[77.5142,67.9733],[77.9775,68.1451],[78.0072,68.2568],[77.9091,68.3237],[77.8342,68.4727],[77.6358,68.8162],[77.406,68.9356],[77.0299,68.9799],[76.538,69.0841],[76.1775,69.1359],[75.598,69.21],[75.1886,69.1266],[74.9017,69.081],[74.318,69.1625],[73.9145,69.1543],[73.9079,69.2745],[73.6541,69.7565],[73.791,70.0522],[74.1222,70.3659],[74.2496,70.5729],[74.1892,70.6726],[73.698,71.1414],[73.2707,71.3726],[73.2169,71.4577],[73.5914,71.7069],[74.1372,71.7545],[74.5866,71.8722],[74.9212,72.0287],[74.9987,72.1304],[75.0746,72.4203],[75.0161,72.7188],[75.1199,72.6875],[75.4076,72.6644],[75.6173,72.6255],[75.6662,72.4135],[75.5825,72.1706],[75.2966,71.8969],[75.2213,71.6477],[75.2843,71.4461],[75.452,71.3225],[75.6706,71.1991],[76.2932,71.1385],[77.0016,71.0626],[77.7362,71.0255],[78.1047,70.8413],[78.2492,70.8339],[78.6085,70.8499],[78.3716,71.2505],[78.1369,71.3739],[77.2849,71.4188],[76.8661,71.449],[76.6072,71.5183],[76.3329,71.7197],[76.4567,71.8679],[77.0749,71.8924],[77.2749,71.8149],[77.7899,71.7769],[78.1264,71.8476],[78.0857,72.1753],[78.2696,72.2147],[78.6473,72.2624],[79.2226,72.2713],[79.7032,72.1783],[80.3387,72.0076],[80.8283,71.767],[81.4253,71.6127],[81.6714,71.5743],[82.4914,71.5681],[82.8184,71.6463],[82.8801,71.4913],[82.5289,71.3202],[82.2153,71.2036],[82.1036,70.8564],[82.0456,70.4189],[82.1957,70.358],[82.5015,70.7111],[82.6755,70.8421],[82.8037,70.8193],[83.0759,70.5818],[83.0363,70.2449],[83.3707,70.3373],[83.677,70.4603],[83.6571,70.5982],[83.5709,70.6517],[83.5047,70.8129],[83.168,71.1822],[83.2526,71.2829],[83.5611,71.6244],[83.2024,71.8259],[82.8546,71.9421],[82.4363,72.0506],[82.3206,72.2223],[82.026,72.2452],[81.5853,72.354],[80.9823,72.447],[80.8442,72.5802],[80.8717,72.84],[80.8289,73.0135],[80.464,73.3136],[80.5005,73.4247],[80.6201,73.4965],[80.8382,73.5526],[81.8775,73.6022],[83.0204,73.6123],[83.9766,73.6698],[84.6161,73.7427],[84.8295,73.5997],[85.0015,73.5762],[85.3812,73.6963],[85.8562,73.8248],[86.4921,73.8738],[86.7569,73.7866],[86.3264,73.6344],[86.1235,73.4511],[86.905,73.5559],[87.1397,73.6041],[87.5696,73.7721],[87.6908,73.9],[87.5406,74.0997],[87.394,74.1795],[86.9776,74.299],[86.8135,74.4353],[86.8126,74.5399],[86.9583,74.7821],[87.4875,74.9609],[87.9223,75.0599],[89.2847,75.4661],[89.6846,75.5082],[89.7963,75.5244],[90.0313,75.5585],[90.8862,75.6015],[91.6347,75.6527],[92.6705,75.7626],[93.5921,75.8808],[94.3096,76.0741],[94.6943,76.1836],[95.4877,76.1683],[95.9673,76.1692],[96.1394,76.0859],[95.9818,75.902],[96.6582,75.8533],[97.1164,75.8708],[97.6837,75.9552],[98.2887,76.0565],[98.7162,76.074],[99.1586,75.9997],[99.4672,75.9669],[99.7794,76.0593],[99.8334,76.21],[99.7736,76.2854],[99.9832,76.437],[100.4074,76.4714],[100.8303,76.4554],[101.3895,76.625],[101.1115,76.8529],[101.1665,77.0058],[101.6905,77.2026],[102.3897,77.3748],[103.3933,77.5578],[103.9466,77.5922],[104.3937,77.5672],[105.0625,77.5685],[105.4495,77.4491],[105.4697,77.3293],[104.7823,77.1488],[104.4851,76.995],[104.7046,76.9275],[105.5281,76.98],[106.2429,76.9135],[107.1603,76.9491],[107.2401,76.8984],[107.0714,76.771],[106.5374,76.5672],[106.404,76.4323],[107.2908,76.4339],[107.666,76.4431],[107.7715,76.4012],[108.2445,76.6464],[108.8595,76.6475],[109.6564,76.6913],[109.9402,76.6327],[110.5477,76.6423],[111.4273,76.5681],[112.0572,76.4514],[112.5885,76.2592],[112.8223,76.0589],[113.1489,76.0595],[113.533,76.0937],[113.723,75.8688],[113.1134,75.4944],[113.2216,75.4368],[113.625,75.2727],[112.5771,74.8862],[112.1113,74.7804],[111.5866,74.731],[110.0547,74.2537],[108.6969,73.8194],[108.3399,73.6912],[107.2655,73.5222],[106.2083,73.2585],[105.2788,72.7515],[105.4031,72.7487],[98.4595,69.7909],[75.8564,61.4268],[62.8058,56.9552],[59.0943,56.4318],[53.9245,57.6014],[53.9765,57.7086],[51.3434,57.7086],[48.8547,57.7086],[46.1057,57.7086],[32.7763,60.8707],[32.7654,60.886],[32.6407,60.9691],[32.6334,60.9867],[32.5926,60.9976],[32.5806,61.0139],[32.5812,61.0449],[32.5634,61.0794],[32.5269,61.1175],[32.3596,61.1805],[31.8986,61.324],[31.8707,61.3474],[31.7623,61.3837],[31.6979,61.4155],[31.6369,61.4627],[31.6204,61.4611],[31.6165,61.4425],[31.6197,61.427],[31.6036,61.4226],[31.5758,61.4372],[31.5332,61.4974],[31.4861,61.5508],[31.3648,61.6274],[31.3341,61.6274],[31.3278,61.6167],[31.3081,61.605],[31.2859,61.6152],[31.2575,61.6411],[31.2382,61.643],[31.1723,61.6298],[31.1606,61.6187],[31.0984,61.6204],[31.0711,61.6451],[31.0567,61.6892],[31.0259,61.7144],[30.9057,61.7422],[30.8959,61.7544],[30.8882,61.7648],[30.852,61.775],[30.7575,61.7334],[30.5943,61.6058],[30.5934,61.5795],[30.6167,61.5603],[30.6059,61.5413],[30.5508,61.5354],[30.5127,61.5252],[30.4863,61.5149],[30.4807,61.49],[30.4662,61.4872],[30.2852,61.5166],[30.2388,61.5148],[30.2349,61.4926],[30.2488,61.4759],[29.0189,61.7707],[21.226,62.418],[21.2001,62.4352],[21.0337,62.4773],[21.0618,62.6117],[21.1948,62.7607],[21.4813,62.8888],[21.546,62.9741],[21.4947,63.123],[21.6665,63.1873],[21.9513,63.131],[22.075,63.1028],[22.2924,63.2027],[22.4288,63.395],[22.4758,63.6016],[22.569,63.723],[22.7042,63.5806],[22.8255,63.5809],[23.1306,63.7834],[23.5803,64.0821],[24.094,64.3766],[24.4701,64.6355],[24.9319,64.816],[25.3251,64.8024],[25.3519,64.9391],[25.2934,65.0039],[25.1326,65.0759],[25.1861,65.2427],[25.1956,65.268],[34.7261,65.7803],[34.7256,65.615],[34.6012,65.4839],[34.2934,65.3962]],[[36.312,61.4595],[36.3715,61.4323],[36.4056,61.4107],[36.4189,61.3924],[36.4279,61.3731],[36.4249,61.3491],[36.4084,61.3191],[36.3956,61.3021],[36.3827,61.285],[36.3801,61.281],[36.3736,61.2711],[36.3712,61.2568],[36.3781,61.2419],[36.3885,61.225],[36.3946,61.2062],[36.3869,61.1841],[36.3639,61.1597],[36.325,61.1355],[36.2793,61.1138],[36.2241,61.0965],[36.1628,61.0828],[36.0987,61.0626],[36.0368,61.0297],[35.9763,60.9939],[35.9148,60.9668],[35.8803,60.9478],[35.8842,60.9311],[35.9045,60.9166],[35.9099,60.9025],[35.899,60.8898],[35.8803,60.8783],[35.8551,60.8705],[35.8287,60.8665],[35.8008,60.8718],[35.7716,60.8864],[35.719,60.9045],[35.6346,60.9185],[35.5506,60.938],[35.4994,60.9698],[35.4733,61.0021],[35.4498,61.023],[35.4262,61.0332],[35.3996,61.0399],[35.3633,61.0382],[35.3161,61.0281],[35.2549,61.0146],[35.1845,61.0049],[35.1329,61.0071],[35.1168,61.0222],[35.0929,61.0447],[35.0224,61.0645],[34.9425,61.0704],[34.8963,61.0469],[34.869,61.027],[34.8464,61.0267],[34.8285,61.0386],[34.8149,61.055],[34.8024,61.0735],[34.7955,61.0965],[34.7967,61.1228],[34.804,61.1496],[34.8188,61.1736],[34.8381,61.1937],[34.8873,61.2061],[34.9742,61.212],[35.0747,61.2071],[35.1566,61.1937],[35.2069,61.1772],[35.2311,61.1652],[35.2077,61.1588],[35.1432,61.1558],[35.0777,61.1513],[35.0526,61.1411],[35.062,61.1256],[35.08,61.1083],[35.1081,61.0916],[35.142,61.0773],[35.1921,61.0689],[35.2593,61.0666],[35.3453,61.0726],[35.4406,61.0626],[35.5273,61.0228],[35.5834,61.0342],[35.6146,61.0761],[35.6322,61.1078],[35.6294,61.15],[35.6114,61.1974],[35.5777,61.2464],[35.5369,61.2922],[35.4946,61.329],[35.4574,61.3559],[35.3984,61.3858],[35.3039,61.4296],[35.1539,61.4852],[34.9616,61.5434],[34.7725,61.6009],[34.63,61.6544],[34.5314,61.7043],[34.4482,61.7533],[34.388,61.7961],[34.3445,61.8312],[34.3227,61.8545],[34.3146,61.8687],[34.3356,61.8644],[34.3847,61.843],[34.4453,61.8188],[34.4944,61.8076],[34.5312,61.8116],[34.5624,61.8238],[34.5829,61.846],[34.5943,61.874],[34.5938,61.906],[34.5859,61.9378],[34.5663,61.9689],[34.5373,61.999],[34.4768,62.0385],[34.381,62.0926],[34.294,62.1415],[34.2552,62.1686],[34.2552,62.1857],[34.2621,62.2105],[34.2654,62.2382],[34.2565,62.2623],[34.2226,62.2937],[34.1649,62.3392],[34.0983,62.3789],[34.0424,62.3965],[34.0033,62.4008],[33.9775,62.408],[33.9618,62.4251],[33.9473,62.453],[33.9406,62.4816],[33.944,62.5005],[33.9586,62.51],[33.9787,62.5159],[34.0029,62.5161],[34.0271,62.5118],[34.0539,62.4945],[34.0842,62.4635],[34.1369,62.414],[34.2177,62.3523],[34.2916,62.2973],[34.3275,62.264],[34.3295,62.2457],[34.3212,62.227],[34.3429,62.1989],[34.417,62.1582],[34.5142,62.1196],[34.5914,62.0965],[34.6356,62.095],[34.6532,62.1085],[34.644,62.1361],[34.6324,62.1819],[34.647,62.2126],[34.6581,62.2452],[34.6148,62.3043],[34.609,62.3388],[34.6332,62.3483],[34.6815,62.3388],[34.6956,62.3646],[34.6596,62.4063],[34.5922,62.458],[34.547,62.4978],[34.527,62.5236],[34.5202,62.5417],[34.532,62.5463],[34.5566,62.5399],[34.5953,62.5191],[34.6406,62.4891],[34.6959,62.4427],[34.7585,62.3826],[34.8105,62.3323],[34.8405,62.3101],[34.852,62.2944],[34.8593,62.2604],[34.8708,62.2194],[34.8925,62.1871],[34.928,62.1597],[34.9757,62.1176],[35.0286,62.0779],[35.0749,62.0536],[35.1146,62.0536],[35.1496,62.071],[35.165,62.0807],[35.1678,62.0967],[35.1436,62.1272],[35.0938,62.1722],[35.0518,62.2116],[35.0459,62.2288],[35.0959,62.2181],[35.1884,62.1902],[35.284,62.1616],[35.3413,62.149],[35.3872,62.1578],[35.455,62.1807],[35.5183,62.2105],[35.5535,62.2359],[35.5639,62.2602],[35.5672,62.2871],[35.5586,62.3188],[35.5402,62.3542],[35.4983,62.4036],[35.4331,62.4686],[35.3518,62.5227],[35.2709,62.5454],[35.2014,62.5497],[35.1472,62.5592],[35.093,62.5805],[35.0237,62.6133],[34.967,62.639],[34.9434,62.6428],[34.868,62.6105],[34.8386,62.5912],[34.7761,62.6223],[34.7393,62.6213],[34.7037,62.6434],[34.6582,62.6799],[34.6211,62.7124],[34.5831,62.7557],[34.5355,62.8185],[34.4796,62.8738],[34.4895,62.9036],[34.5325,62.9157],[34.6054,62.8728],[34.7033,62.8442],[34.7879,62.8311],[34.8549,62.8256],[34.9104,62.8154],[34.9581,62.7974],[35.0058,62.773],[35.083,62.7412],[35.202,62.7053],[35.326,62.6662],[35.4157,62.6267],[35.4639,62.6042],[35.4876,62.6059],[35.495,62.6192],[35.5037,62.6247],[35.5194,62.6173],[35.5436,62.5994],[35.5846,62.576],[35.6412,62.5556],[35.698,62.5376],[35.7398,62.5202],[35.7712,62.4959],[35.8029,62.4611],[35.8219,62.4118],[35.8227,62.3522],[35.8004,62.2814],[35.7643,62.2052],[35.7302,62.1392],[35.6744,62.0794],[35.6894,62.0402],[35.7495,61.9991],[35.8184,61.9511],[35.843,61.9019],[35.8707,61.8548],[35.9256,61.8064],[35.9854,61.7559],[36.0256,61.7036],[36.0606,61.6544],[36.1087,61.6111],[36.1591,61.5715],[36.2002,61.5312],[36.2473,61.4933],[36.312,61.4595]],[[34.9841,63.5641],[34.9525,63.5402],[35.0128,63.5056],[35.1446,63.4823],[35.2492,63.4917],[35.3736,63.4923],[35.4132,63.4479],[35.3817,63.4341],[35.1928,63.404],[35.1724,63.3805],[35.0994,63.3831],[35.0494,63.3989],[34.9769,63.4291],[34.8716,63.4638],[34.8288,63.4337],[34.8851,63.2939],[34.953,63.1811],[34.9573,63.119],[34.9459,63.0333],[34.9104,62.9508],[34.8631,62.919],[34.861,62.9412],[34.8675,62.9761],[34.864,63.0104],[34.8734,63.0403],[34.8986,63.0547],[34.8907,63.1065],[34.8585,63.1723],[34.8529,63.2252],[34.8354,63.2764],[34.804,63.3256],[34.702,63.3988],[34.5521,63.459],[34.5168,63.4839],[34.5254,63.5024],[34.4533,63.6234],[34.3581,63.6967],[34.3078,63.6919],[34.2664,63.6562],[34.2154,63.613],[34.2144,63.676],[34.2844,63.777],[34.3473,63.8512],[34.4284,63.8482],[34.5626,63.8164],[34.644,63.7892],[34.6158,63.7662],[34.8567,63.7208],[34.8614,63.6882],[34.9896,63.5851],[34.9841,63.5641]],[[33.3553,63.424],[33.4414,63.4438],[33.5862,63.4874],[33.6371,63.4763],[33.6566,63.4332],[33.6969,63.4093],[33.8471,63.4385],[33.9328,63.4181],[33.9912,63.2968],[34.066,63.2288],[34.0171,63.2007],[33.8969,63.1886],[33.7033,63.1902],[33.5722,63.2027],[33.4992,63.2163],[33.3068,63.2837],[33.2738,63.3164],[33.2738,63.3414],[33.2829,63.3817],[33.2574,63.4234],[33.3553,63.424]]],[[[35.1604,61.8586],[35.1707,61.9057],[35.1956,61.9879],[35.2518,62.0797],[35.308,62.0766],[35.3393,62.0328],[35.3471,61.9978],[35.3258,61.9354],[35.2736,61.8703],[35.2018,61.8391],[35.1604,61.8586]]]]}},{"type":"Feature","properties":{"NAME":"Blemmyes","ABBREVN":"Blemmyes","SUBJECTO":"Blemmyes","BORDERPRECISION":1,"PARTOF":"Blemmyes"},"geometry":{"type":"MultiPolygon","coordinates":[[[[35.4535,24.1527],[35.6566,23.9943],[35.7247,23.9118],[35.6163,23.8353],[35.4879,23.7906],[35.4685,23.7207],[35.5759,23.2317],[35.6893,23.0213],[35.7463,22.9143],[36.1114,22.6483],[36.2902,22.5724],[36.4732,22.3377],[36.6604,22.1665],[36.8001,21.9149],[36.9035,21.7286],[37.1278,21.2272],[37.1357,21.1281],[34.5513,20.1833],[34.5278,20.1748],[34.4218,20.506],[34.4121,20.5362],[33.7653,22.4766],[33.3453,23.354],[33.6901,23.5495],[33.6572,24.018],[35.1899,24.3999],[35.4535,24.1527]]]]}},{"type":"Feature","properties":{"NAME":null,"ABBREVN":null,"SUBJECTO":null,"BORDERPRECISION":1,"PARTOF":null},"geometry":{"type":"MultiPolygon","coordinates":[[[[25.2515,65.4169],[25.1956,65.268],[25.1861,65.2427],[25.2515,65.4169]]]]}},{"type":"Feature","properties":{"NAME":null,"ABBREVN":null,"SUBJECTO":null,"BORDERPRECISION":1,"PARTOF":null},"geometry":{"type":"MultiPolygon","coordinates":[[[[34.7262,65.797],[34.7256,65.615],[34.7261,65.7803],[34.7262,65.797]]]]}},{"type":"Feature","properties":{"NAME":"Norsemen","ABBREVN":"Norsemen","SUBJECTO":"Norsemen","BORDERPRECISION":1,"PARTOF":"Norsemen"},"geometry":{"type":"MultiPolygon","coordinates":[[[[17.0652,61.5384],[17.1502,61.1977],[17.1462,60.9528],[17.3176,60.7531],[17.1885,60.6743],[17.605,60.6375],[17.7065,60.5536],[17.9307,60.5903],[18.2244,60.323],[18.4169,60.1816],[18.8041,60.1084],[18.8931,59.9257],[19.0373,59.8632],[19.0436,59.7124],[18.8679,59.7124],[18.6393,59.5669],[18.2514,59.4319],[18.0301,59.3593],[17.7953,59.3645],[17.73,59.4164],[17.368,59.4683],[17.0706,59.5461],[16.7855,59.5773],[16.7241,59.5306],[16.5232,59.5825],[16.4076,59.4475],[16.7765,59.4787],[16.9998,59.3593],[17.2658,59.3385],[17.3581,59.2452],[17.5749,59.2141],[17.5844,59.2711],[17.8617,59.24],[17.9776,59.3282],[18.1114,59.323],[18.3282,59.3697],[18.4296,59.3333],[18.4414,59.4008],[18.5155,59.4008],[18.6113,59.3333],[18.5982,59.297],[18.2734,59.2867],[18.372,59.1571],[18.0157,59.0379],[17.9401,58.9085],[17.7665,58.8723],[17.7264,58.9137],[17.7452,58.9861],[17.7391,59.1104],[17.6232,59.1001],[17.5822,58.893],[17.3567,58.743],[17.2454,58.7171],[17.083,58.7481],[17.0807,58.6499],[16.4429,58.6344],[16.5132,58.4281],[16.744,58.312],[16.7735,58.0379],[16.7246,57.8893],[16.5978,57.8665],[16.4595,57.8952],[16.4765,57.7021],[16.6072,57.6658],[16.5505,57.5452],[16.6587,57.443],[16.4942,57.2789],[16.3945,57.0743],[16.3762,56.8224],[16.0632,56.3962],[16.0314,56.3531],[15.7705,56.0332],[15.6962,56.061],[15.497,56.1672],[15.2208,56.0804],[14.6529,56.1206],[14.6052,55.9808],[14.4918,56.018],[14.2589,55.8993],[14.126,55.6666],[14.2864,55.5155],[14.1172,55.3471],[13.9011,55.4052],[13.8233,55.4218],[13.3019,55.3007],[12.8024,55.3529],[12.8019,55.4168],[12.8876,55.4516],[12.8593,55.5329],[12.9859,55.6666],[12.699,55.9051],[12.5134,56.1206],[12.4144,56.243],[12.6524,56.2955],[12.6154,56.4356],[12.8048,56.4012],[12.8716,56.5115],[12.7859,56.6167],[12.6575,56.6108],[12.526,56.7804],[12.2886,56.8799],[12.0051,57.3252],[11.8766,57.3252],[11.8811,57.509],[11.7661,57.6727],[11.7364,57.6982],[11.6098,57.8069],[11.7091,58.0247],[11.8019,58.1779],[11.6139,58.2473],[11.4311,58.2015],[11.4067,58.3313],[11.2214,58.3083],[11.1404,58.8512],[11.0392,58.9104],[11.1789,59.0703],[11.1121,59.1651],[10.8292,59.1058],[10.7689,59.1177],[10.6568,59.2244],[10.5493,59.3786],[10.6336,59.4499],[10.5697,59.5805],[10.4071,59.4973],[10.3786,59.3667],[10.4296,59.26],[10.3633,59.2125],[10.2111,59.0703],[10.1723,58.9874],[9.9376,58.94],[9.6976,58.9992],[9.3462,58.8453],[9.3716,58.7861],[9.1459,58.6561],[8.9217,58.5379],[8.1752,58.172],[8.1537,58.0895],[8.0302,58.066],[7.9084,58.066],[6.9586,57.9717],[6.8742,58.0778],[6.7257,58.1367],[6.6437,58.0424],[6.4791,58.0895],[6.6517,58.172],[6.2313,58.2782],[5.8738,58.4316],[5.6155,58.4552],[5.3997,58.7152],[5.531,58.8808],[5.4746,58.9755],[5.6275,58.9637],[5.6658,58.8216],[5.7937,58.9163],[6.0936,58.798],[5.9837,58.8867],[6.0412,58.9518],[6.2661,58.9933],[6.0505,58.9814],[5.9404,58.9341],[5.8223,59.017],[5.7719,59.0762],[6.0326,59.2007],[6.2375,59.2837],[6.0203,59.254],[5.8775,59.3134],[6.0763,59.4202],[6.1134,59.527],[5.8159,59.3134],[5.7995,59.432],[5.6805,59.5092],[5.6829,59.4142],[5.7171,59.3371],[5.5285,59.2659],[5.3438,59.2659],[5.3503,59.3905],[5.2826,59.2718],[5.1766,59.3074],[5.0866,59.5092],[5.3826,59.7113],[5.4186,59.5152],[5.4493,59.6578],[5.6462,59.5865],[5.7411,59.628],[5.6666,59.6756],[5.9699,59.7113],[6.1854,59.8243],[5.9105,59.7529],[5.694,59.7529],[5.5433,59.8243],[5.6317,59.8838],[5.8058,59.9493],[5.8941,60.1613],[5.5246,60.1675],[5.2791,60.1253],[5.0962,60.2641],[5.2618,60.3271],[5.5511,60.5089],[5.4558,60.5924],[5.2552,60.5641],[5.0755,60.5917],[4.9804,60.6892],[5.1085,60.9061],[5.387,61.0256],[5.1196,61.1371],[5.0183,61.3051],[5.141,61.3896],[5.1011,61.6986],[5.149,61.7409],[5.416,61.7695],[5.5924,61.7897],[5.7971,61.7699],[5.8339,61.8194],[5.7195,61.8795],[5.5282,61.9326],[5.4257,62.0093],[5.4697,62.0937],[5.5646,62.1503],[5.8236,62.179],[6.0535,62.3348],[6.3084,62.2858],[6.5325,62.3357],[6.613,62.5833],[6.9887,62.5416],[7.2893,62.4856],[7.5467,62.5993],[7.1016,62.7046],[6.9819,62.8461],[7.0882,62.9102],[7.6065,62.9041],[7.9892,62.9403],[8.2313,62.8414],[8.258,63.0543],[8.4723,63.1755],[8.6059,63.3251],[8.9572,63.404],[9.1542,63.319],[9.2161,63.2836],[9.4409,63.4975],[9.8321,63.6836],[9.8701,63.8764],[10.0662,64.0555],[10.1554,64.0993],[11.5284,61.8978],[15.4301,61.8661],[16.5737,62.525],[17.8319,62.4565],[17.9363,62.548],[17.7181,62.3567],[17.2902,62.4407],[17.3874,62.2008],[17.4968,62.0881],[17.387,61.6584],[17.1626,61.6299],[17.0652,61.5384]],[[13.9734,59.0658],[14.005,59.0682],[14.0384,59.0827],[14.0658,59.0972],[14.083,59.0999],[14.0895,59.0916],[14.0908,59.0794],[14.083,59.0643],[14.0717,59.0283],[14.0563,59.0169],[14.0499,59.0122],[14.0387,59.0044],[14.0121,59.0037],[13.9926,58.9864],[13.9952,58.9448],[13.9872,58.8981],[13.9752,58.8654],[13.9541,58.8437],[13.9241,58.8234],[13.8901,58.8005],[13.8593,58.7722],[13.8299,58.7443],[13.7995,58.7224],[13.7373,58.7039],[13.6311,58.6841],[13.5173,58.6633],[13.4366,58.642],[13.3581,58.6171],[13.3003,58.5614],[13.2402,58.5148],[13.1946,58.511],[13.1722,58.5119],[13.1476,58.5214],[13.1365,58.5413],[13.1494,58.5585],[13.1489,58.5734],[13.1482,58.5972],[13.1151,58.6083],[13.0406,58.6043],[12.9521,58.5716],[12.9128,58.5458],[12.8687,58.5038],[12.7983,58.4857],[12.7275,58.4521],[12.6792,58.4205],[12.6497,58.3969],[12.6243,58.3823],[12.602,58.376],[12.5796,58.3721],[12.5619,58.3732],[12.5506,58.3789],[12.5543,58.3944],[12.5727,58.4192],[12.5711,58.4322],[12.5543,58.4298],[12.507,58.3969],[12.375,58.3829],[12.3347,58.3738],[12.3133,58.3953],[12.3293,58.4339],[12.4877,58.5132],[12.6069,58.6171],[12.6113,58.6413],[12.5628,58.6502],[12.5252,58.6612],[12.5037,58.6946],[12.5009,58.7275],[12.4997,58.7645],[12.4713,58.7828],[12.4476,58.7828],[12.4255,58.8015],[12.4321,58.8125],[12.459,58.8174],[12.4738,58.8397],[12.4718,58.8769],[12.464,58.9207],[12.4686,58.9349],[12.4819,58.9306],[12.4973,58.92],[12.5103,58.9012],[12.5199,58.8674],[12.5264,58.8456],[12.5353,58.8321],[12.5571,58.8189],[12.5758,58.8257],[12.5997,58.8456],[12.6184,58.8869],[12.6469,58.9315],[12.6758,58.9867],[12.7084,59.0355],[12.7459,59.0648],[12.7841,59.0762],[12.8184,59.082],[12.8686,59.0727],[12.9453,59.0477],[13.0406,59.0143],[13.0617,58.9773],[13.0881,58.9466],[13.1221,58.9208],[13.1598,58.9051],[13.1951,58.8986],[13.2357,58.9051],[13.2436,58.9305],[13.2211,58.9927],[13.1773,59.0969],[13.1231,59.1975],[13.1033,59.2546],[13.103,59.274],[13.1081,59.2838],[13.1182,59.2955],[13.1301,59.319],[13.1427,59.3423],[13.1549,59.3529],[13.1731,59.3475],[13.1914,59.3246],[13.2179,59.3105],[13.2457,59.3103],[13.2517,59.315],[13.251,59.3245],[13.2489,59.3357],[13.2512,59.345],[13.2611,59.3518],[13.2775,59.3573],[13.3157,59.3612],[13.3782,59.3641],[13.4611,59.37],[13.5483,59.3813],[13.6283,59.3899],[13.6797,59.3897],[13.7197,59.378],[13.7385,59.3595],[13.7439,59.3415],[13.752,59.3312],[13.766,59.3309],[13.8003,59.3371],[13.8301,59.3409],[13.8674,59.3346],[13.9043,59.3277],[13.9333,59.3305],[13.9617,59.334],[13.9971,59.3291],[14.028,59.3201],[14.0455,59.3136],[14.0518,59.3048],[14.0557,59.29],[14.0543,59.2678],[14.0475,59.2412],[14.0273,59.2043],[13.9938,59.1572],[13.9463,59.1129],[13.9306,59.0898],[13.9454,59.0674],[13.9734,59.0658]],[[14.9621,58.8355],[14.933,58.7839],[14.9409,58.7562],[14.929,58.6999],[14.8997,58.635],[14.8914,58.5917],[14.9625,58.5393],[14.9462,58.5109],[14.8273,58.4615],[14.6864,58.3947],[14.6225,58.2989],[14.5824,58.2017],[14.5435,58.1381],[14.4994,58.0855],[14.3393,57.9333],[14.245,57.8095],[14.1593,57.7963],[14.1211,57.9245],[14.2132,58.1502],[14.3905,58.4063],[14.5066,58.5607],[14.6316,58.6798],[14.7257,58.7313],[14.8169,58.7911],[14.9321,58.8541],[14.9681,58.8488],[14.9621,58.8355]]]]}},{"type":"Feature","properties":{"NAME":null,"ABBREVN":null,"SUBJECTO":null,"BORDERPRECISION":1,"PARTOF":null},"geometry":{"type":"MultiPolygon","coordinates":[[[[33.3453,23.354],[33.3453,23.354],[33.6901,23.5495],[33.6901,23.5495],[33.3453,23.354]]]]}},{"type":"Feature","properties":{"NAME":null,"ABBREVN":null,"SUBJECTO":null,"BORDERPRECISION":1,"PARTOF":null},"geometry":{"type":"MultiPolygon","coordinates":[[[[35.1899,24.3999],[35.1899,24.3999],[35.1899,24.3999],[35.1899,24.3999]]]]}},{"type":"Feature","properties":{"NAME":"Saharan Pastoral Nomads","ABBREVN":"Saharan Pastoral Nomads","SUBJECTO":"Saharan Pastoral Nomads","BORDERPRECISION":1,"PARTOF":"Saharan Pastoral Nomads"},"geometry":{"type":"MultiPolygon","coordinates":[[[[-16.8704,14.3635],[-17.0501,14.5856],[-17.2205,14.725],[-17.4332,14.8072],[-17.1902,14.9602],[-16.8648,15.2977],[-16.6003,15.7495],[-16.4501,16.1184],[-16.4057,16.49],[-16.3788,16.7159],[-16.1255,17.3011],[-16.0411,17.6699],[-15.9827,18.1784],[-16.0557,18.6739],[-16.1907,19.0295],[-16.4716,19.3657],[-16.3513,19.4931],[-16.2696,19.6839],[-16.2396,20.1225],[-16.269,20.3639],[-16.3473,20.5226],[-16.7109,20.8904],[-16.8445,20.941],[-17.0213,20.7436],[-17.0462,20.8325],[-17.0519,21.0041],[-17.0161,21.3141],[-16.9837,21.5953],[-16.806,21.9897],[-16.5719,22.238],[-16.3525,22.4927],[-16.2425,22.7217],[-15.714,23.8731],[-15.607,23.9813],[-14.9752,24.5101],[-14.82,24.7329],[-14.7972,25.146],[-14.6712,25.596],[-14.6601,25.6356],[-14.632,25.6821],[-14.3673,26.1192],[-14.1878,26.2721],[-14.0058,26.3615],[-13.6287,26.5911],[-13.4663,26.8138],[-13.316,27.1637],[-13.1236,27.5463],[-13.0601,27.6726],[-12.8662,27.8573],[-12.6741,27.8959],[-12.0906,28.0242],[-11.5765,28.2286],[-11.3727,28.3689],[-10.8562,28.7512],[-10.3393,29.1463],[-9.8696,29.643],[-9.6626,29.9548],[-9.6027,30.1837],[-9.625,30.4061],[-4.1775,31.6199],[-1.9581,32.0369],[-1.1269,32.193],[4.9988,33.3439],[8.1422,33.9344],[8.6327,34.0265],[9.8339,32.9178],[10.9565,33.5751],[11.0991,33.5372],[11.2089,33.2515],[11.4707,33.1441],[12.117,32.8785],[12.5648,32.7396],[12.7989,32.7338],[13.1871,32.7918],[13.4588,32.7796],[14.157,32.6794],[14.4334,32.4639],[14.7908,32.363],[15.0098,32.3634],[15.1637,32.2748],[15.2414,32.1733],[15.3581,31.805],[15.5334,31.5512],[15.8433,31.285],[16.0134,31.2282],[16.3184,31.1653],[16.7825,31.1281],[16.9838,31.0967],[17.4216,30.996],[17.709,30.8949],[17.9572,30.7684],[18.5372,30.4137],[18.6083,30.3745],[18.8854,30.2212],[18.915,30.2049],[19.1245,30.1989],[19.3188,30.2554],[19.3228,30.2565],[19.6639,30.4415],[19.9815,30.7217],[20.1168,30.9571],[22.0921,31.7539],[25.4428,30.6817],[25.4548,28.9775],[26.743,28.575],[28.4062,27.7434],[29.9316,25.8392],[31.2061,24.2483],[31.0579,22.6813],[30.7887,21.9412],[29.8468,20.1247],[29.9998,17.4129],[30.2679,15.5365],[31.0579,13.1277],[31.7979,12.5222],[32.879,12.4706],[30.5998,11.116],[24.0745,11.182],[23.1999,11.7753],[20.4418,11.9728],[17.751,12.8269],[8.2658,12.3673],[2.3459,13.2856],[-6.2648,13.3511],[-13.3955,14.9167],[-17.0333,14.5648],[-16.8704,14.3635]]]]}},{"type":"Feature","properties":{"NAME":"Celts","ABBREVN":"Celts","SUBJECTO":"Celts","BORDERPRECISION":1,"PARTOF":"Celts"},"geometry":{"type":"MultiPolygon","coordinates":[[[[-2.5382,43.4164],[-4.73,42.4805],[-8.8524,41.4453],[-8.8548,41.5969],[-8.9207,41.767],[-8.8061,41.8892],[-8.8605,42.0145],[-8.7986,42.1945],[-8.6441,42.4197],[-8.805,42.6316],[-8.9417,42.8242],[-9.1731,42.8559],[-9.2469,42.9008],[-9.2708,43.0487],[-9.1975,43.1582],[-9.0136,43.2809],[-8.8492,43.3262],[-8.5957,43.3396],[-8.3104,43.353],[-8.2507,43.4304],[-8.2202,43.6172],[-7.9795,43.7401],[-7.6363,43.7214],[-7.1513,43.5549],[-6.808,43.5234],[-6.4676,43.5627],[-6.208,43.6405],[-5.9797,43.7054],[-5.8205,43.7057],[-5.5374,43.5775],[-5.2249,43.5072],[-4.8023,43.4694],[-4.1102,43.4515],[-3.8476,43.4392],[-3.417,43.3757],[-3.196,43.4469],[-3.0072,43.5503],[-2.7684,43.5379],[-2.5382,43.4164]]],[[[-7.4275,55.0638],[-7.2255,55.1042],[-6.9968,55.172],[-6.6452,55.2064],[-6.4543,55.1865],[-6.2793,55.1397],[-6.1165,55.1602],[-6.0182,55.093],[-5.7849,54.7374],[-5.7637,54.657],[-5.7999,54.5229],[-5.6615,54.3222],[-5.7314,54.1749],[-5.9122,54.0274],[-6.0717,53.9736],[-6.2064,53.9567],[-6.3431,53.9396],[-6.4434,53.8994],[-6.335,53.786],[-6.1722,53.4392],[-6.0431,52.8931],[-6.0707,52.7666],[-6.2321,52.6133],[-6.3409,52.4271],[-6.406,52.2144],[-6.4892,52.1944],[-6.6168,52.2207],[-6.8939,52.2066],[-6.9617,52.1112],[-7.3724,52.0921],[-7.7506,52.0327],[-7.8616,51.9681],[-8.1588,51.8396],[-8.5652,51.6155],[-8.8478,51.5998],[-9.2433,51.4726],[-9.8191,51.4346],[-9.7952,51.6046],[-9.8354,51.8033],[-10.2169,51.7583],[-10.294,51.9776],[-9.9638,52.0921],[-10.4973,52.1017],[-10.4692,52.2066],[-9.8906,52.1944],[-9.8016,52.2411],[-9.784,52.3407],[-9.7357,52.4803],[-9.504,52.5405],[-9.1926,52.5545],[-9.1343,52.6809],[-9.6157,52.6366],[-9.4416,52.8333],[-9.5258,52.9046],[-9.3093,53.1153],[-8.997,53.1204],[-8.9236,53.1606],[-9.0017,53.3004],[-9.1582,53.2207],[-9.2974,53.2798],[-9.4407,53.2662],[-9.6167,53.3459],[-9.8029,53.3454],[-9.8848,53.2974],[-10.1598,53.3741],[-10.0211,53.5119],[-10.1514,53.5756],[-9.8096,53.6324],[-9.8724,53.7677],[-9.6965,53.8734],[-9.9129,53.9696],[-10.1785,53.9119],[-10.1597,54.1331],[-9.9888,54.2537],[-9.892,54.3256],[-9.4743,54.2413],[-9.3229,54.2751],[-9.0858,54.2582],[-8.5901,54.2028],[-8.6867,54.3641],[-8.3006,54.4893],[-8.2115,54.6339],[-8.8294,54.6339],[-8.76,54.7014],[-8.5037,54.7496],[-8.4763,54.8799],[-8.3454,55.0953],[-8.1183,55.1766],[-7.7562,55.2527],[-7.6573,55.1168],[-7.4978,55.0497],[-7.4275,55.0638]]],[[[-5.6982,55.3307],[-5.7557,55.4773],[-5.6887,55.6281],[-5.5178,55.668],[-5.4824,55.4427],[-5.6203,55.3295],[-5.6982,55.3307]]],[[[-0.2037,53.5233],[0.081,53.3862],[0.1745,53.2931],[0.2678,53.1267],[0.2509,53.0401],[0.0055,52.7867],[0.3268,52.7075],[0.5047,52.8475],[0.7418,52.9012],[1.0127,52.8884],[1.3759,52.8092],[1.5857,52.65],[1.6917,52.3114],[1.6569,52.2118],[1.5119,52.0258],[1.0313,51.8127],[0.6862,51.5604],[0.2542,51.4536],[0.8043,51.3783],[1.0301,51.3588],[1.1894,51.4055],[1.3647,51.3529],[1.335,51.1207],[0.886,50.9819],[0.8883,50.8927],[0.6726,50.9307],[0.1918,50.7313],[-0.2037,50.7953],[-0.3357,50.8167],[-0.839,50.7218],[-1.1034,50.8167],[-1.3725,50.7663],[-2.0854,50.7028],[-2.0237,50.57],[-2.432,50.6459],[-2.5505,50.57],[-2.9606,50.7218],[-3.1109,50.6574],[-3.5215,50.6174],[-3.5632,50.3614],[-3.715,50.2193],[-3.8817,50.2004],[-4.0042,50.3141],[-4.2426,50.3915],[-4.3033,50.3235],[-4.5406,50.358],[-4.967,50.2122],[-5.2823,49.9638],[-5.4292,50.0679],[-5.7778,50.1341],[-5.2378,50.3463],[-5.0166,50.5605],[-4.8153,50.6042],[-4.6046,50.7787],[-4.5515,50.9972],[-4.4426,50.9687],[-4.2773,51.0637],[-4.281,51.1872],[-3.8252,51.2348],[-3.483,51.1811],[-3.066,51.1777],[-3.0331,51.3299],[-2.8947,51.3938],[-2.7502,51.644],[-3.1728,51.4669],[-3.4991,51.4597],[-4.1593,51.6768],[-4.999,51.7017],[-5.1786,51.7875],[-5.2488,51.8602],[-5.0615,52.0064],[-4.6191,52.0935],[-4.2947,52.2003],[-4.1236,52.3733],[-4.0939,52.7455],[-4.1475,52.8319],[-4.4683,52.8113],[-4.6214,52.831],[-4.4919,52.991],[-4.3175,53.0912],[-3.9567,53.2052],[-3.3295,53.233],[-2.9145,53.2671],[-3.0567,53.5136],[-2.9795,53.8209],[-2.8653,54.0283],[-2.8859,54.1687],[-3.2615,54.1412],[-3.4793,54.2746],[-3.5692,54.415],[-3.4304,54.6431],[-3.1525,54.8381],[-3.3087,54.8847],[-3.5767,54.9245],[-3.9077,54.7897],[-4.1216,54.7624],[-4.4607,54.8624],[-4.5003,54.7751],[-4.5999,54.6878],[-4.9025,54.7341],[-5.1114,54.7941],[-5.0667,54.9485],[-4.91,55.1103],[-4.6384,55.4279],[-4.7705,55.4884],[-4.9078,55.6639],[-4.8951,55.7721],[-4.7584,55.8197],[-4.6233,55.908],[-4.7107,56.1313],[-4.8484,56.0972],[-5.1346,55.8934],[-5.3336,55.8795],[-5.5702,55.7505],[-5.6331,55.9399],[-5.497,56.1773],[-5.3001,56.4287],[-5.2707,56.5441],[-5.4583,56.6321],[-5.5466,56.6524],[-5.6445,56.5163],[-5.8217,56.4005],[-6.0435,56.4748],[-5.909,56.7333],[-5.6659,56.9378],[-5.6253,56.9992],[-5.7263,57.258],[-5.5616,57.2993],[-5.4606,57.3881],[-5.763,57.6198],[-5.5685,57.7774],[-5.23,57.7096],[-5.0556,57.751],[-5.3459,58.0927],[-4.9071,58.169],[-5.1127,58.3949],[-4.9256,58.567],[-4.5099,58.4029],[-4.1389,58.4448],[-3.8305,58.5072],[-3.4405,58.5285],[-3.165,58.5222],[-3.0284,58.4057],[-3.1664,58.2751],[-3.9432,57.9584],[-4.1505,57.8348],[-4.2485,57.6363],[-4.1484,57.5545],[-3.7958,57.5415],[-3.4008,57.5764],[-3.0926,57.577],[-2.854,57.5433],[-2.1504,57.572],[-1.9446,57.4017],[-2.1078,57.2103],[-2.2032,57.0648],[-2.1589,57.0143],[-2.4131,56.7173],[-2.5148,56.6673],[-2.6671,56.471],[-2.9805,56.3536],[-3.1524,56.3368],[-2.9494,56.253],[-2.7209,56.1782],[-2.7729,56.1713],[-2.8953,56.0855],[-3.1698,56.0621],[-3.2935,55.9739],[-3.895,55.9851],[-3.713,55.8847],[-3.5772,55.8847],[-3.3559,55.8427],[-3.1615,55.8457],[-2.9279,55.946],[-2.7421,55.9572],[-2.5403,55.8847],[-2.245,55.811],[-1.942,55.5561],[-1.719,55.4537],[-1.666,55.3796],[-1.696,55.2725],[-1.5556,54.9216],[-1.3889,54.6805],[-1.1921,54.5954],[-0.8706,54.5472],[-0.6048,54.3002],[-0.2955,54.0332],[-0.2349,53.7994],[-0.3192,53.5789],[-0.2037,53.5233]]]]}},{"type":"Feature","properties":{"NAME":"Seleucid Kingdom","ABBREVN":"Seleucid Kin","SUBJECTO":"Seleucid Kingdom","BORDERPRECISION":1,"PARTOF":"Seleucid Kingdom"},"geometry":{"type":"MultiPolygon","coordinates":[[[[30.5936,36.7617],[30.5401,36.647],[30.4967,36.373],[30.4728,36.1883],[30.3949,36.118],[30.2799,36.1178],[30.1661,36.1876],[29.662,36.0783],[29.4719,36.0907],[29.2982,36.1731],[29.0023,36.6948],[28.8135,36.5352],[28.4698,36.7383],[28.2669,36.7124],[28.0142,36.5272],[27.9119,36.6989],[27.9419,36.7563],[28.051,36.833],[27.9988,36.9094],[27.5535,36.9148],[27.3081,36.9207],[27.2686,37.0417],[27.5256,37.1314],[27.4925,37.2397],[27.3646,37.3286],[27.1604,37.3601],[27.1226,37.4939],[27.1411,37.6469],[27.1798,37.7744],[27.1398,37.8891],[26.9614,37.9461],[26.6793,38.1049],[26.5123,38.0663],[26.3932,38.1044],[26.3916,38.2191],[26.4687,38.4448],[26.5274,38.4182],[26.7425,38.2784],[26.9974,38.4001],[26.8197,38.5273],[26.8288,38.583],[26.6957,38.6408],[26.7095,38.6986],[26.9664,38.7699],[27.0349,38.8211],[27.0042,38.8848],[26.9368,38.9246],[26.7853,38.9403],[26.7898,39.0244],[26.8708,39.056],[26.7971,39.1296],[26.8699,39.0568],[27.999,38.9561],[27.9605,39.4132],[27.5735,40.2952],[27.526,40.2971],[27.7639,40.2873],[27.8302,40.3453],[27.7998,40.4033],[27.6793,40.4614],[27.8078,40.5036],[27.9538,40.4877],[28.0065,40.4508],[27.9082,40.3506],[28.004,40.3621],[28.4777,40.3951],[29.9998,39.5276],[31.6081,39.3936],[32.0102,38.1873],[32.6804,38.0533],[32.9484,37.3831],[34.0582,37.4925],[37.009,37.4925],[39.2742,38.219],[41.4008,38.4532],[43.3909,39.3453],[43.9956,37.6239],[44.6947,36.669],[46.2044,36.3945],[47.9199,36.6004],[50.9393,36.1887],[51.417,36.4557],[51.7955,36.4323],[51.9931,36.4589],[52.6022,36.5769],[53.139,36.6435],[53.7997,36.679],[53.9845,36.7819],[54.0674,36.9415],[54.9194,31.5909],[55.4684,31.1792],[57.5957,30.9733],[60.6151,31.3165],[60.2034,29.8068],[60.4331,29.249],[60.6837,28.6402],[60.3406,27.8853],[59.8159,27.8478],[58.4192,27.7481],[58.3506,27.1991],[58.7444,25.536],[58.3687,25.5479],[58.1096,25.5473],[57.9005,25.5409],[57.8051,25.6483],[57.4649,25.7048],[57.328,25.7871],[57.2548,25.7933],[57.2451,26.0185],[57.1124,26.0762],[57.0663,26.3075],[56.935,26.4645],[56.9291,26.7519],[56.7904,26.9739],[56.6836,26.9684],[56.6678,27.0499],[56.4309,27.1066],[56.0678,27.1122],[55.8997,27.1048],[55.8053,27.0051],[55.6576,26.9969],[55.4249,26.9631],[55.3401,26.7994],[55.0981,26.7374],[54.9255,26.538],[54.7599,26.4106],[54.6461,26.3913],[54.0649,26.7014],[53.6339,26.7479],[53.3807,26.9096],[52.8908,27.0523],[52.7799,27.1878],[52.6338,27.3146],[52.4104,27.581],[51.9616,27.7769],[51.6989,27.8145],[51.6113,27.827],[51.3501,28.0361],[51.0823,28.512],[50.7968,29.0133],[50.7025,29.1338],[50.7047,29.4006],[50.3598,29.7429],[50.1324,30.0664],[49.7178,30.0021],[49.511,30.0207],[49.4524,30.0777],[49.3214,30.1029],[49.2351,30.2234],[49.2222,30.4775],[49.0202,30.4326],[48.9457,30.3879],[48.8013,30.0827],[48.7138,30],[48.5536,29.9946],[48.5106,29.9932],[48.2118,29.9481],[48.0283,29.9731],[47.9572,29.9476],[47.9114,29.8903],[47.9359,29.8014],[47.996,29.4903],[47.8449,29.5032],[47.614,29.2722],[41.9498,32.2086],[41.0577,32.8948],[38.7931,32.8948],[37.9082,32.7794],[37.2148,32.6889],[35.7711,31.6396],[36.3227,32.6203],[36.3913,33.581],[35.821,34.3438],[35.8731,34.4223],[35.8519,34.4929],[35.7508,34.7468],[35.8089,35.0138],[35.8414,35.0426],[35.7964,35.2707],[35.6073,35.4175],[35.664,35.4595],[35.6804,35.5277],[35.7332,35.5854],[35.6914,35.685],[35.7395,35.6903],[35.8559,35.8345],[35.8291,35.8848],[35.7185,36.0916],[35.6649,36.1335],[35.7086,36.2122],[35.8141,36.2985],[35.8172,36.301],[36.0953,36.4825],[36.1045,36.5612],[36.0824,36.6215],[35.9568,36.7475],[35.8909,36.7711],[35.6717,36.6058],[35.5676,36.5874],[35.5062,36.5586],[35.5476,36.5402],[35.4946,36.4431],[35.4171,36.4326],[35.3887,36.4536],[35.3542,36.4142],[35.2205,36.388],[35.0714,36.4877],[34.8699,36.5769],[34.6624,36.6478],[34.4851,36.6268],[34.1032,36.3803],[33.9517,36.2516],[33.9541,36.1598],[33.891,36.1388],[33.8359,36.1073],[33.8337,36.0706],[33.7532,36.1466],[33.4817,36.0543],[33.1713,35.9709],[32.9041,35.9767],[32.6403,36.008],[32.335,36.1284],[31.902,36.4969],[31.3707,36.7123],[30.9053,36.7942],[30.5936,36.7617]]]]}},{"type":"Feature","properties":{"NAME":null,"ABBREVN":null,"SUBJECTO":null,"BORDERPRECISION":1,"PARTOF":null},"geometry":{"type":"MultiPolygon","coordinates":[[[[-4.1533,53.2256],[-4.2181,53.2003],[-4.3256,53.145],[-4.3514,53.1244],[-4.4022,53.1258],[-4.4789,53.1767],[-4.4944,53.1894],[-4.5675,53.2733],[-4.5692,53.3881],[-4.5669,53.3914],[-4.56,53.3967],[-4.4747,53.4186],[-4.4292,53.4244],[-4.4231,53.425],[-4.4161,53.425],[-4.3139,53.4119],[-4.2925,53.4075],[-4.2836,53.4033],[-4.2769,53.3983],[-4.27,53.3886],[-4.2222,53.3217],[-4.1269,53.3106],[-4.1222,53.3119],[-4.1158,53.3125],[-4.11,53.3122],[-4.06,53.3055],[-4.0467,53.3033],[-4.0464,53.2997],[-4.09,53.255],[-4.1014,53.2478],[-4.1533,53.2256]]]]}},{"type":"Feature","properties":{"NAME":null,"ABBREVN":null,"SUBJECTO":null,"BORDERPRECISION":1,"PARTOF":null},"geometry":{"type":"MultiPolygon","coordinates":[[[[-5.1036,55.4386],[-5.1719,55.4294],[-5.2236,55.43],[-5.2317,55.4303],[-5.2369,55.4319],[-5.2833,55.4469],[-5.2928,55.4511],[-5.3403,55.475],[-5.3422,55.4772],[-5.3572,55.5042],[-5.4003,55.6006],[-5.4008,55.6089],[-5.4003,55.6178],[-5.3964,55.6289],[-5.3811,55.6686],[-5.3781,55.6717],[-5.3708,55.6769],[-5.33,55.6997],[-5.3256,55.7019],[-5.2953,55.7167],[-5.2656,55.7172],[-5.2519,55.7161],[-5.2392,55.7136],[-5.2283,55.7103],[-5.1983,55.6992],[-5.1853,55.6928],[-5.1681,55.6842],[-5.1603,55.6792],[-5.1547,55.6733],[-5.0853,55.5567],[-5.0839,55.5531],[-5.0747,55.4633],[-5.0744,55.4592],[-5.0758,55.4553],[-5.0789,55.4522],[-5.0933,55.4417],[-5.1036,55.4386]]]]}},{"type":"Feature","properties":{"NAME":null,"ABBREVN":null,"SUBJECTO":null,"BORDERPRECISION":1,"PARTOF":null},"geometry":{"type":"MultiPolygon","coordinates":[[[[-6.1217,55.8789],[-6.1031,55.8111],[-6.1019,55.8072],[-6.0975,55.7967],[-6.0933,55.79],[-6.0883,55.7839],[-6.0756,55.7775],[-6.0594,55.7722],[-6.0522,55.7672],[-6.05,55.7642],[-6.0303,55.7206],[-6.0247,55.6808],[-6.0275,55.6778],[-6.0383,55.67],[-6.0767,55.65],[-6.2289,55.5922],[-6.2744,55.5728],[-6.3006,55.5769],[-6.3172,55.5817],[-6.3256,55.5867],[-6.3275,55.5894],[-6.3219,55.6153],[-6.3208,55.6189],[-6.2858,55.7072],[-6.2531,55.7636],[-6.2511,55.7672],[-6.2514,55.7714],[-6.2544,55.7747],[-6.2592,55.7767],[-6.2653,55.7778],[-6.3253,55.7814],[-6.3317,55.7814],[-6.3378,55.7803],[-6.3456,55.775],[-6.3483,55.7714],[-6.3525,55.7647],[-6.3564,55.758],[-6.3606,55.7503],[-6.3675,55.7408],[-6.3797,55.7281],[-6.3931,55.7172],[-6.4108,55.7039],[-6.4494,55.6803],[-6.4625,55.6739],[-6.4733,55.67],[-6.485,55.6686],[-6.4914,55.6694],[-6.5014,55.6733],[-6.505,55.6767],[-6.5092,55.6822],[-6.51,55.6906],[-6.5,55.7214],[-6.4953,55.7336],[-6.4497,55.8486],[-6.4417,55.8536],[-6.3697,55.8694],[-6.3097,55.8636],[-6.1922,55.9164],[-6.1631,55.9275],[-6.1419,55.9336],[-6.1367,55.9344],[-6.1294,55.9336],[-6.1219,55.9289],[-6.1186,55.9217],[-6.1228,55.895],[-6.1217,55.8789]]]]}},{"type":"Feature","properties":{"NAME":null,"ABBREVN":null,"SUBJECTO":null,"BORDERPRECISION":1,"PARTOF":null},"geometry":{"type":"MultiPolygon","coordinates":[[[[-5.9469,55.83],[-5.9719,55.7883],[-6.0272,55.7917],[-6.0325,55.7931],[-6.0531,55.8003],[-6.0631,55.8039],[-6.0706,55.8083],[-6.0736,55.8117],[-6.0756,55.8156],[-6.0792,55.8267],[-6.0881,55.8775],[-6.0878,55.8817],[-6.0844,55.8942],[-6.0789,55.9055],[-5.9681,56.0236],[-5.9558,56.0305],[-5.9064,56.0583],[-5.9017,56.0608],[-5.8092,56.1097],[-5.755,56.1333],[-5.745,56.1375],[-5.7114,56.1503],[-5.7056,56.1508],[-5.6944,56.1472],[-5.685,56.1258],[-5.6844,56.1219],[-5.6844,56.1175],[-5.6861,56.1131],[-5.6908,56.1067],[-5.7025,56.0989],[-5.7081,56.0961],[-5.7169,56.0894],[-5.7303,56.078],[-5.7461,56.0636],[-5.7519,56.0569],[-5.8458,55.9494],[-5.9042,55.8825],[-5.9469,55.83]]]]}},{"type":"Feature","properties":{"NAME":null,"ABBREVN":null,"SUBJECTO":null,"BORDERPRECISION":1,"PARTOF":null},"geometry":{"type":"MultiPolygon","coordinates":[[[[-7.4669,56.9408],[-7.4753,56.9408],[-7.5153,56.9431],[-7.5306,56.9442],[-7.5503,56.9475],[-7.5594,56.9514],[-7.5606,56.9556],[-7.56,56.9603],[-7.5536,56.9664],[-7.4456,57.0555],[-7.4397,57.0544],[-7.4186,57.0439],[-7.4147,57.0414],[-7.3781,56.9822],[-7.3761,56.9786],[-7.4347,56.945],[-7.4392,56.9428],[-7.4669,56.9408]]]]}},{"type":"Feature","properties":{"NAME":null,"ABBREVN":null,"SUBJECTO":null,"BORDERPRECISION":1,"PARTOF":null},"geometry":{"type":"MultiPolygon","coordinates":[[[[-7.2231,57.3375],[-7.2311,57.3328],[-7.2461,57.3278],[-7.2522,57.3267],[-7.2589,57.3272],[-7.2853,57.3361],[-7.2881,57.3225],[-7.2592,57.1525],[-7.2147,57.1144],[-7.2153,57.1103],[-7.2258,57.0969],[-7.2303,57.0947],[-7.2656,57.1036],[-7.2872,57.1061],[-7.3033,57.1061],[-7.3336,57.1],[-7.3561,57.0992],[-7.3631,57.1],[-7.3814,57.1086],[-7.3867,57.1147],[-7.3925,57.125],[-7.3961,57.1319],[-7.4175,57.1825],[-7.4189,57.1867],[-7.4208,57.2183],[-7.425,57.3822],[-7.4222,57.3853],[-7.4122,57.3897],[-7.3681,57.4014],[-7.3356,57.3958],[-7.2858,57.3811],[-7.2719,57.3753],[-7.2672,57.3722],[-7.2244,57.3417],[-7.2231,57.3375]]]]}},{"type":"Feature","properties":{"NAME":null,"ABBREVN":null,"SUBJECTO":null,"BORDERPRECISION":1,"PARTOF":null},"geometry":{"type":"MultiPolygon","coordinates":[[[[-7.2689,57.3989],[-7.2833,57.3975],[-7.3136,57.3997],[-7.3203,57.4014],[-7.3781,57.4203],[-7.3881,57.4239],[-7.4047,57.4419],[-7.4094,57.4483],[-7.41,57.4522],[-7.4064,57.4642],[-7.4042,57.4678],[-7.4003,57.4703],[-7.3578,57.4883],[-7.3511,57.4894],[-7.3006,57.4836],[-7.2761,57.4806],[-7.2442,57.4764],[-7.2047,57.4608],[-7.2025,57.4575],[-7.2022,57.4189],[-7.2044,57.415],[-7.2394,57.4036],[-7.2447,57.4022],[-7.2689,57.3989]]]]}},{"type":"Feature","properties":{"NAME":null,"ABBREVN":null,"SUBJECTO":null,"BORDERPRECISION":1,"PARTOF":null},"geometry":{"type":"MultiPolygon","coordinates":[[[[-7.1886,57.6872],[-7.0753,57.6422],[-7.0675,57.6375],[-7.0658,57.6333],[-7.1475,57.515],[-7.1539,57.5094],[-7.1683,57.508],[-7.2336,57.5036],[-7.3147,57.5042],[-7.3214,57.5053],[-7.3261,57.5078],[-7.3275,57.5275],[-7.3253,57.5442],[-7.3478,57.5508],[-7.4117,57.5681],[-7.4556,57.5639],[-7.4678,57.5619],[-7.4769,57.5625],[-7.4861,57.5661],[-7.5364,57.5861],[-7.5403,57.5881],[-7.5433,57.5908],[-7.5433,57.5956],[-7.4914,57.6464],[-7.4839,57.6519],[-7.4728,57.655],[-7.4325,57.6533],[-7.275,57.6564],[-7.2711,57.6594],[-7.2447,57.6769],[-7.1972,57.6869],[-7.1886,57.6872]]]]}},{"type":"Feature","properties":{"NAME":null,"ABBREVN":null,"SUBJECTO":null,"BORDERPRECISION":1,"PARTOF":null},"geometry":{"type":"MultiPolygon","coordinates":[[[[-7.0064,57.8814],[-7.0736,57.8778],[-7.0778,57.88],[-7.0767,57.8928],[-7.0736,57.8961],[-7.0328,57.9156],[-7.0275,57.9169],[-7.0072,57.9197],[-6.9994,57.92],[-6.9936,57.9186],[-6.9942,57.9139],[-6.9975,57.8908],[-6.9989,57.8872],[-7.0064,57.8814]]]]}},{"type":"Feature","properties":{"NAME":null,"ABBREVN":null,"SUBJECTO":null,"BORDERPRECISION":1,"PARTOF":null},"geometry":{"type":"MultiPolygon","coordinates":[[[[-6.8022,58.203],[-6.8389,58.2019],[-6.8692,58.2039],[-6.8731,58.2064],[-6.8889,58.2444],[-6.89,58.2486],[-6.8897,58.2525],[-6.8817,58.2542],[-6.8603,58.2511],[-6.8542,58.25],[-6.8097,58.2286],[-6.7944,58.218],[-6.7914,58.2069],[-6.7944,58.2033],[-6.8022,58.203]]]]}},{"type":"Feature","properties":{"NAME":null,"ABBREVN":null,"SUBJECTO":null,"BORDERPRECISION":1,"PARTOF":null},"geometry":{"type":"MultiPolygon","coordinates":[[[[-6.2042,58.3561],[-6.2325,58.3178],[-6.2797,58.2878],[-6.3239,58.2636],[-6.3283,58.2379],[-6.3284,58.2354],[-6.3276,58.2334],[-6.3253,58.2318],[-6.3218,58.2308],[-6.2851,58.2229],[-6.2813,58.2223],[-6.2769,58.2228],[-6.2736,58.2236],[-6.2654,58.2274],[-6.2208,58.2336],[-6.2086,58.2408],[-6.1725,58.2583],[-6.1678,58.2606],[-6.16,58.2597],[-6.1481,58.2561],[-6.1469,58.2528],[-6.1583,58.2183],[-6.1644,58.2122],[-6.1722,58.2069],[-6.2247,58.1836],[-6.2638,58.1766],[-6.3291,58.1828],[-6.3667,58.1586],[-6.3747,58.1356],[-6.3769,58.1319],[-6.3822,58.1297],[-6.4972,58.0975],[-6.5481,58.0919],[-6.6011,58.085],[-6.6203,58.0819],[-6.6192,58.0783],[-6.5947,58.0783],[-6.4969,58.0875],[-6.4203,58.1022],[-6.4103,58.1056],[-6.4025,58.1058],[-6.3961,58.1047],[-6.3906,58.0986],[-6.3539,58.0331],[-6.3567,58.03],[-6.3861,58.0092],[-6.4578,57.968],[-6.4739,57.9483],[-6.4728,57.9442],[-6.4739,57.9403],[-6.5381,57.9164],[-6.5442,57.915],[-6.5706,57.9114],[-6.5775,57.9108],[-6.6211,57.9144],[-6.6281,57.9153],[-6.6531,57.92],[-6.6622,57.9242],[-6.6664,57.9269],[-6.6919,57.9581],[-6.6986,57.9675],[-6.7047,57.9867],[-6.7069,57.9989],[-6.7061,58.0075],[-6.6975,58.0214],[-6.6944,58.0244],[-6.6628,58.0444],[-6.6592,58.0467],[-6.6528,58.0483],[-6.6294,58.0483],[-6.6219,58.0478],[-6.615,58.0461],[-6.5986,58.0453],[-6.5936,58.0464],[-6.5903,58.05],[-6.5953,58.0525],[-6.6003,58.0539],[-6.6078,58.0547],[-6.67,58.0581],[-6.6783,58.0583],[-6.6844,58.0575],[-6.6892,58.055],[-6.7614,57.9983],[-6.7258,57.9544],[-6.7228,57.9511],[-6.7189,57.9492],[-6.7053,57.9469],[-6.6964,57.9425],[-6.685,57.9344],[-6.6797,57.9283],[-6.6775,57.9256],[-6.6647,57.9006],[-6.6606,57.8847],[-6.6622,57.8806],[-6.7353,57.8258],[-6.9608,57.7275],[-6.9656,57.7256],[-6.9725,57.7247],[-6.9783,57.7258],[-6.9839,57.7283],[-7.12,57.8142],[-7.1231,57.8175],[-7.1244,57.8208],[-7.1267,57.8333],[-7.1253,57.8378],[-7.1183,57.8381],[-7.1039,57.8367],[-7.0922,57.8328],[-7.0836,57.8247],[-7.0658,57.8208],[-7.0289,57.8322],[-6.8303,57.9008],[-6.8342,57.9036],[-6.8794,57.9325],[-6.935,57.9497],[-6.9461,57.9528],[-6.985,57.9594],[-6.9928,57.9592],[-7.0219,57.9519],[-7.0297,57.9522],[-7.0356,57.9533],[-7.0753,57.9625],[-7.1128,57.9839],[-7.1139,57.9872],[-7.0842,58.008],[-7.0556,58.0203],[-7.0578,58.0364],[-7.0939,58.0705],[-7.1267,58.1233],[-7.1283,58.1303],[-7.1281,58.1347],[-7.0944,58.1819],[-7.0592,58.2203],[-7.0556,58.2233],[-7.0406,58.2333],[-7.0319,58.2381],[-7.0081,58.2353],[-7.0011,58.2344],[-6.9197,58.2161],[-6.9081,58.2128],[-6.9058,58.2097],[-6.9081,58.2061],[-6.9203,58.2036],[-6.9361,58.188],[-6.8742,58.1111],[-6.8681,58.1061],[-6.8619,58.1039],[-6.86,58.1081],[-6.8733,58.1786],[-6.8052,58.1959],[-6.7504,58.1852],[-6.7447,58.1972],[-6.7866,58.2294],[-6.8081,58.2597],[-6.8178,58.28],[-6.8156,58.2847],[-6.7978,58.3022],[-6.6731,58.3492],[-6.6583,58.3494],[-6.6522,58.3486],[-6.6469,58.3419],[-6.5603,58.3597],[-6.5503,58.3633],[-6.3553,58.4575],[-6.3106,58.4792],[-6.2928,58.4883],[-6.2769,58.5083],[-6.2722,58.5106],[-6.2669,58.5125],[-6.2597,58.5128],[-6.2531,58.5117],[-6.2444,58.5086],[-6.2347,58.5042],[-6.2233,58.4964],[-6.1661,58.4253],[-6.1658,58.4206],[-6.2042,58.3561]]]]}},{"type":"Feature","properties":{"NAME":null,"ABBREVN":null,"SUBJECTO":null,"BORDERPRECISION":1,"PARTOF":null},"geometry":{"type":"MultiPolygon","coordinates":[[[[-2.9183,58.7319],[-2.9394,58.73],[-2.9481,58.7306],[-2.9578,58.7347],[-2.9706,58.7419],[-2.98,58.7503],[-3.0369,58.8181],[-3.0336,58.8208],[-3.0289,58.8231],[-3.01,58.8317],[-3.0044,58.8331],[-2.9747,58.8353],[-2.9161,58.8389],[-2.8992,58.8383],[-2.8942,58.8369],[-2.8864,58.8319],[-2.8778,58.8242],[-2.8767,58.8203],[-2.9139,58.7339],[-2.9183,58.7319]]]]}},{"type":"Feature","properties":{"NAME":null,"ABBREVN":null,"SUBJECTO":null,"BORDERPRECISION":1,"PARTOF":null},"geometry":{"type":"MultiPolygon","coordinates":[[[[-3.2314,58.7756],[-3.2889,58.7756],[-3.2958,58.7761],[-3.3008,58.7781],[-3.4311,58.8714],[-3.4331,58.8747],[-3.4331,58.8789],[-3.4181,58.9042],[-3.4122,58.9106],[-3.3981,58.9172],[-3.3492,58.9269],[-3.3356,58.9275],[-3.2331,58.8872],[-3.2283,58.885],[-3.2147,58.8742],[-3.1364,58.8042],[-3.1347,58.8008],[-3.1369,58.7867],[-3.1417,58.7847],[-3.1603,58.7811],[-3.1808,58.7792],[-3.2314,58.7756]]]]}},{"type":"Feature","properties":{"NAME":null,"ABBREVN":null,"SUBJECTO":null,"BORDERPRECISION":1,"PARTOF":null},"geometry":{"type":"MultiPolygon","coordinates":[[[[-2.7931,58.9514],[-2.7558,58.9178],[-2.8244,58.8789],[-2.8692,58.8933],[-2.97,58.9394],[-3.0083,58.94],[-3.0572,58.9358],[-3.1106,58.9281],[-3.1197,58.9233],[-3.1197,58.9192],[-3.1722,58.9108],[-3.1883,58.91],[-3.195,58.9111],[-3.3033,58.9458],[-3.3133,58.95],[-3.3456,58.9658],[-3.3611,58.9922],[-3.3631,58.9956],[-3.3681,59.01],[-3.3681,59.0142],[-3.3514,59.1064],[-3.3503,59.11],[-3.3175,59.1294],[-3.2778,59.14],[-3.2722,59.1414],[-3.2389,59.1461],[-3.2189,59.1486],[-3.2025,59.1486],[-3.1958,59.1472],[-3.0769,59.1217],[-3.0731,59.1192],[-2.9983,59.0697],[-2.9953,59.0667],[-2.9958,59.0558],[-2.9472,58.9983],[-2.8522,58.9756],[-2.7931,58.9514]]]]}},{"type":"Feature","properties":{"NAME":null,"ABBREVN":null,"SUBJECTO":null,"BORDERPRECISION":1,"PARTOF":null},"geometry":{"type":"MultiPolygon","coordinates":[[[[-2.6814,59.1958],[-2.6858,59.1842],[-2.6897,59.1867],[-2.6917,59.19],[-2.6936,59.1975],[-2.6925,59.2103],[-2.6906,59.2144],[-2.6844,59.2208],[-2.5928,59.2906],[-2.5556,59.3031],[-2.5344,59.305],[-2.4144,59.3136],[-2.4072,59.3139],[-2.4022,59.3128],[-2.4,59.3103],[-2.3972,59.3033],[-2.3903,59.2831],[-2.39,59.2797],[-2.4956,59.245],[-2.5708,59.2422],[-2.5772,59.2422],[-2.6206,59.2361],[-2.625,59.2336],[-2.6814,59.1958]]]]}},{"type":"Feature","properties":{"NAME":null,"ABBREVN":null,"SUBJECTO":null,"BORDERPRECISION":1,"PARTOF":null},"geometry":{"type":"MultiPolygon","coordinates":[[[[-2.89,59.2953],[-2.8497,59.2681],[-2.8531,59.2494],[-2.8775,59.2286],[-2.8731,59.2519],[-2.8731,59.2561],[-2.8769,59.2586],[-2.9367,59.2836],[-2.9586,59.2878],[-2.9656,59.2881],[-2.9719,59.2872],[-2.9764,59.2847],[-2.9742,59.2814],[-2.9769,59.2728],[-2.9881,59.2642],[-2.9922,59.2617],[-2.9992,59.2611],[-3.0033,59.2636],[-3.0283,59.285],[-3.0736,59.3242],[-3.0756,59.3275],[-3.0764,59.3314],[-3.0717,59.3314],[-3.0489,59.3292],[-2.8972,59.2997],[-2.89,59.2953]]]]}},{"type":"Feature","properties":{"NAME":null,"ABBREVN":null,"SUBJECTO":null,"BORDERPRECISION":1,"PARTOF":null},"geometry":{"type":"MultiPolygon","coordinates":[[[[-1.2961,60.4911],[-1.2867,60.4711],[-1.1639,60.4544],[-1.0414,60.4469],[-1.0372,60.4442],[-1.0378,60.44],[-1.0661,60.3581],[-1.1011,60.2758],[-1.1642,60.2583],[-1.1658,60.2619],[-1.1869,60.2697],[-1.195,60.2708],[-1.1989,60.2678],[-1.2006,60.2633],[-1.1981,60.2558],[-1.1856,60.2306],[-1.1806,60.225],[-1.1575,60.1947],[-1.1261,60.1517],[-1.1256,60.1478],[-1.1286,60.1442],[-1.1467,60.1319],[-1.1531,60.133],[-1.1631,60.1375],[-1.1706,60.1372],[-1.1872,60.1272],[-1.2122,60.1028],[-1.2206,60.0225],[-1.2603,59.8622],[-1.2625,59.8583],[-1.2686,59.8511],[-1.3069,59.8575],[-1.3719,59.8917],[-1.3781,59.9022],[-1.3778,59.9064],[-1.3317,59.9969],[-1.33,60],[-1.3264,60.0044],[-1.3225,60.0075],[-1.3164,60.0089],[-1.3114,60.0067],[-1.3081,60.0089],[-1.3058,60.0128],[-1.2683,60.0936],[-1.2631,60.1069],[-1.2611,60.1158],[-1.2603,60.1242],[-1.2617,60.1308],[-1.285,60.22],[-1.2914,60.2414],[-1.4033,60.2558],[-1.4103,60.255],[-1.4142,60.2519],[-1.4103,60.2494],[-1.3875,60.2372],[-1.3636,60.2297],[-1.3531,60.2089],[-1.3583,60.1925],[-1.4486,60.1511],[-1.4536,60.1525],[-1.4906,60.1678],[-1.5203,60.1814],[-1.5272,60.1869],[-1.5278,60.1908],[-1.5267,60.1944],[-1.5197,60.2011],[-1.5889,60.2158],[-1.6478,60.2247],[-1.655,60.2261],[-1.6647,60.2308],[-1.6744,60.2394],[-1.6781,60.2464],[-1.6931,60.2797],[-1.6928,60.2839],[-1.6914,60.2883],[-1.6669,60.2997],[-1.6553,60.3031],[-1.6283,60.3072],[-1.5967,60.3081],[-1.5897,60.3064],[-1.4747,60.315],[-1.4458,60.3186],[-1.4269,60.3214],[-1.3458,60.34],[-1.3203,60.3564],[-1.4458,60.4605],[-1.5022,60.4697],[-1.5536,60.4756],[-1.5583,60.4731],[-1.565,60.4731],[-1.6097,60.4742],[-1.6117,60.4767],[-1.61,60.4814],[-1.5931,60.5078],[-1.5469,60.5358],[-1.4161,60.605],[-1.4106,60.6069],[-1.3019,60.6367],[-1.2958,60.6347],[-1.2942,60.6311],[-1.2875,60.6133],[-1.2961,60.4911]]]]}},{"type":"Feature","properties":{"NAME":null,"ABBREVN":null,"SUBJECTO":null,"BORDERPRECISION":1,"PARTOF":null},"geometry":{"type":"MultiPolygon","coordinates":[[[[-1.0294,60.4958],[-1.1047,60.4856],[-1.1275,60.4864],[-1.14,60.4894],[-1.1428,60.4925],[-1.1703,60.5272],[-1.1825,60.595],[-1.1836,60.6028],[-1.1814,60.6236],[-1.1794,60.6325],[-1.1772,60.6367],[-1.11,60.7258],[-1.0986,60.73],[-1.0925,60.7314],[-1.0847,60.7317],[-1.0569,60.7308],[-0.9967,60.7247],[-0.9911,60.72],[-0.9825,60.6555],[-0.9828,60.6514],[-1.0178,60.5194],[-1.0192,60.515],[-1.0233,60.5031],[-1.0256,60.4989],[-1.0294,60.4958]]]]}},{"type":"Feature","properties":{"NAME":null,"ABBREVN":null,"SUBJECTO":null,"BORDERPRECISION":1,"PARTOF":null},"geometry":{"type":"MultiPolygon","coordinates":[[[[-0.8197,60.6889],[-0.835,60.6733],[-0.9356,60.6744],[-0.9586,60.6825],[-0.9656,60.688],[-0.9597,60.7114],[-0.9389,60.7944],[-0.8831,60.8422],[-0.8783,60.8444],[-0.8061,60.8406],[-0.7728,60.8311],[-0.7678,60.8289],[-0.7581,60.8178],[-0.7572,60.8139],[-0.7636,60.7933],[-0.8197,60.6889]]]]}},{"type":"Feature","properties":{"NAME":null,"ABBREVN":null,"SUBJECTO":null,"BORDERPRECISION":1,"PARTOF":null},"geometry":{"type":"MultiPolygon","coordinates":[[[[-6.6553,61.3894],[-6.6603,61.3883],[-6.6681,61.3894],[-6.7192,61.4075],[-6.8458,61.468],[-6.9583,61.5986],[-6.9628,61.6192],[-6.96,61.6228],[-6.9447,61.6367],[-6.9264,61.6414],[-6.9122,61.6436],[-6.8894,61.645],[-6.7289,61.5758],[-6.7244,61.5733],[-6.7094,61.5583],[-6.6553,61.4331],[-6.6417,61.4008],[-6.6422,61.3972],[-6.6553,61.3894]]],[[[-6.6042,61.8217],[-6.63,61.7611],[-6.6389,61.7505],[-6.6522,61.7428],[-6.7047,61.7775],[-6.8361,61.8178],[-6.8411,61.8175],[-6.8661,61.8375],[-6.9089,61.9011],[-6.9083,61.9047],[-6.9047,61.9078],[-6.8644,61.9075],[-6.8558,61.9069],[-6.7833,61.8969],[-6.7769,61.8953],[-6.6614,61.8589],[-6.6522,61.8539],[-6.6042,61.8261],[-6.6042,61.8217]]],[[[-7.0497,62.0678],[-7.055,62.0603],[-7.0628,62.0494],[-7.1653,62.0236],[-7.1858,62.0197],[-7.2017,62.0186],[-7.1917,62.0311],[-7.1922,62.0397],[-7.1936,62.0433],[-7.1983,62.05],[-7.2119,62.0575],[-7.2267,62.0644],[-7.2325,62.0647],[-7.2333,62.0603],[-7.2511,62.0428],[-7.3456,62.0522],[-7.3522,62.0539],[-7.3781,62.065],[-7.3817,62.0681],[-7.4311,62.1161],[-7.4339,62.1236],[-7.4344,62.1278],[-7.435,62.1403],[-7.4336,62.1436],[-7.4264,62.1447],[-7.2311,62.16],[-7.2233,62.1594],[-7.1631,62.1288],[-7.0561,62.0986],[-7.045,62.0944],[-7.0414,62.0914],[-7.0403,62.0878],[-7.0411,62.0831],[-7.0497,62.0678]]],[[[-6.7069,61.9375],[-6.7178,61.9333],[-6.7253,61.9344],[-6.7731,61.95],[-6.8692,61.9975],[-6.9611,62.0467],[-7.0346,62.1121],[-7.1303,62.1256],[-7.2322,62.1725],[-7.2347,62.1758],[-7.235,62.18],[-7.2336,62.1933],[-7.2328,62.1981],[-7.2108,62.2847],[-7.1956,62.3047],[-7.1922,62.3078],[-7.135,62.3039],[-7.1281,62.3022],[-7.0875,62.2908],[-7.0706,62.2847],[-7.0658,62.2822],[-7.0625,62.2792],[-7.0575,62.2725],[-7.0522,62.2575],[-7.045,62.2433],[-7.0425,62.24],[-7.0367,62.2336],[-6.9908,62.1931],[-6.9739,62.1825],[-6.9458,62.1681],[-6.9164,62.1539],[-6.8414,62.1244],[-6.735,62.0436],[-6.7247,62.035],[-6.7189,62.0286],[-6.6964,61.9794],[-6.6961,61.9753],[-6.7025,61.9403],[-6.7069,61.9375]]],[[[-6.62,62.2297],[-6.6236,62.2267],[-6.6322,62.2275],[-6.6581,62.2344],[-6.6814,62.2425],[-6.6858,62.245],[-6.7117,62.2939],[-6.7208,62.3314],[-6.6322,62.2592],[-6.6256,62.2533],[-6.6203,62.2381],[-6.6192,62.2344],[-6.62,62.2297]]],[[[-6.6575,62.0925],[-6.6575,62.0558],[-6.6697,62.0586],[-6.7528,62.0928],[-6.9219,62.1672],[-6.9481,62.1825],[-6.9642,62.1933],[-7.0111,62.2264],[-7.025,62.2378],[-7.0294,62.2444],[-7.0625,62.2958],[-7.0603,62.3136],[-6.9581,62.3392],[-6.9503,62.3381],[-6.9381,62.3342],[-6.8072,62.2903],[-6.735,62.26],[-6.6011,62.1969],[-6.5978,62.1942],[-6.5881,62.1342],[-6.6497,62.1025],[-6.6542,62.0997],[-6.6569,62.0961],[-6.6575,62.0925]]],[[[-6.4186,62.1839],[-6.5181,62.1689],[-6.5272,62.1739],[-6.5556,62.1969],[-6.5725,62.2117],[-6.5819,62.225],[-6.5881,62.2397],[-6.5509,62.251],[-6.549,62.3009],[-6.5744,62.3499],[-6.5417,62.3575],[-6.5367,62.3425],[-6.5222,62.3181],[-6.4928,62.2914],[-6.4889,62.2883],[-6.43,62.2689],[-6.3978,62.26],[-6.3922,62.258],[-6.3889,62.255],[-6.3886,62.2508],[-6.3897,62.2461],[-6.4072,62.1917],[-6.4086,62.1886],[-6.4122,62.1853],[-6.4186,62.1839]]],[[[-6.5858,62.2564],[-6.595,62.2561],[-6.6083,62.2586],[-6.6131,62.2611],[-6.62,62.2669],[-6.6644,62.3225],[-6.6681,62.3297],[-6.6683,62.3339],[-6.6667,62.3472],[-6.6658,62.3519],[-6.6608,62.3725],[-6.6547,62.3742],[-6.6458,62.3742],[-6.6381,62.3731],[-6.6322,62.3708],[-6.5736,62.3064],[-6.5664,62.2964],[-6.5614,62.2814],[-6.5611,62.2769],[-6.5617,62.2733],[-6.5656,62.2653],[-6.5725,62.2589],[-6.5858,62.2564]]],[[[-6.4061,62.2844],[-6.415,62.2844],[-6.4228,62.2856],[-6.4803,62.2978],[-6.4886,62.3075],[-6.5469,62.3836],[-6.5453,62.3869],[-6.5308,62.3942],[-6.5253,62.3961],[-6.5192,62.3969],[-6.4983,62.3864],[-6.4892,62.3814],[-6.3917,62.2969],[-6.4061,62.2844]]]]}},{"type":"Feature","properties":{"NAME":null,"ABBREVN":null,"SUBJECTO":null,"BORDERPRECISION":1,"PARTOF":null},"geometry":{"type":"MultiPolygon","coordinates":[[[[-4.7778,54.0555],[-4.7839,54.0569],[-4.7875,54.0594],[-4.7886,54.063],[-4.7886,54.0672],[-4.7139,54.2144],[-4.7103,54.2172],[-4.6989,54.2192],[-4.6458,54.2381],[-4.6414,54.24],[-4.625,54.2489],[-4.6181,54.2542],[-4.6019,54.2678],[-4.5958,54.2739],[-4.5881,54.2836],[-4.5781,54.2969],[-4.5547,54.3311],[-4.5533,54.3353],[-4.5528,54.3439],[-4.5414,54.3561],[-4.5275,54.3672],[-4.485,54.3872],[-4.4431,54.398],[-4.3681,54.4167],[-4.3603,54.4161],[-4.3542,54.4108],[-4.3528,54.4092],[-4.3083,54.3006],[-4.3075,54.2969],[-4.3094,54.2933],[-4.3217,54.2767],[-4.3861,54.1955],[-4.3944,54.1864],[-4.4706,54.1375],[-4.4911,54.1267],[-4.5506,54.0978],[-4.6239,54.0686],[-4.6844,54.0769],[-4.6906,54.0783],[-4.7047,54.0797],[-4.7208,54.0761],[-4.7778,54.0555]]]]}},{"type":"Feature","properties":{"NAME":null,"ABBREVN":null,"SUBJECTO":null,"BORDERPRECISION":1,"PARTOF":null},"geometry":{"type":"MultiPolygon","coordinates":[[[[18.2061,56.9119],[18.1689,56.91],[18.1478,56.9119],[18.1403,56.915],[18.1425,56.9203],[18.1583,56.9417],[18.2092,56.9892],[18.2567,57.0322],[18.2544,57.0792],[18.1733,57.1419],[18.1483,57.2353],[18.1581,57.3158],[18.1425,57.4094],[18.1153,57.4808],[18.1103,57.4961],[18.11,57.5131],[18.1114,57.5194],[18.1192,57.5311],[18.1386,57.5511],[18.1792,57.5883],[18.1914,57.5961],[18.2119,57.6058],[18.2278,57.6114],[18.2422,57.6175],[18.2492,57.6208],[18.2761,57.6342],[18.2947,57.6458],[18.3389,57.6817],[18.3558,57.6958],[18.3819,57.7186],[18.4017,57.7386],[18.4197,57.7603],[18.4564,57.8028],[18.4614,57.8078],[18.4672,57.8119],[18.4811,57.8186],[18.6819,57.9136],[18.69,57.9161],[18.7161,57.9211],[18.725,57.9228],[18.8819,57.9197],[18.9025,57.9183],[18.9142,57.9175],[19.0047,57.9086],[19.0061,57.9036],[19.0039,57.8989],[19.0333,57.8269],[18.9294,57.7397],[18.8489,57.7211],[18.8092,57.7036],[18.7933,57.6592],[18.7597,57.508],[18.7681,57.4722],[18.7694,57.4672],[18.7883,57.4483],[18.7144,57.2469],[18.7119,57.2417],[18.6581,57.2208],[18.5519,57.1828],[18.5147,57.1694],[18.4983,57.1653],[18.4556,57.1569],[18.4394,57.1528],[18.4172,57.1442],[18.3972,57.1342],[18.3914,57.13],[18.3867,57.125],[18.3456,57.0797],[18.3414,57.0739],[18.3392,57.0686],[18.3356,57.0233],[18.3358,57.0175],[18.3433,57.0144],[18.3467,56.9986],[18.3025,56.9375],[18.295,56.9347],[18.2156,56.9131],[18.2061,56.9119]]]]}},{"type":"Feature","properties":{"NAME":"Kingdom of Gala","ABBREVN":"Kingdom of Gala","SUBJECTO":"Kingdom of Gala","BORDERPRECISION":1,"PARTOF":"Numidia"},"geometry":{"type":"MultiPolygon","coordinates":[[[[4.9988,33.3439],[5.7986,35.4462],[6.5538,35.979],[5.8395,36.7827],[6.0474,36.8416],[6.3229,37.0906],[6.7705,36.8621],[6.923,36.8178],[7.0632,36.8819],[7.2049,36.9905],[7.307,37.0608],[7.5449,37.0421],[7.719,36.9533],[7.792,36.8324],[7.9132,36.7752],[8.6327,34.0265],[8.1422,33.9344],[4.9988,33.3439]]]]}},{"type":"Feature","properties":{"NAME":"Pomeranian culture ","ABBREVN":"Pomeranian culture ","SUBJECTO":"Pomeranian culture ","BORDERPRECISION":1,"PARTOF":"Baltic archeological cultures"},"geometry":{"type":"MultiPolygon","coordinates":[[[[19.3882,54.1872],[19.5664,53.7993],[19.1116,53.495],[18.7302,53.2981],[18.6495,53.0299],[19.0456,52.7643],[18.9738,52.7365],[18.5981,52.5909],[17.5638,52.5909],[16.5735,52.8663],[16.2434,53.1136],[16.2287,53.6344],[15.6419,53.8253],[15.4705,53.796],[15.0856,54.0043],[15.3108,54.1494],[15.8333,54.24],[16.0478,54.2617],[16.4082,54.4615],[16.5436,54.5447],[16.8842,54.5897],[17.2472,54.7292],[17.5306,54.7622],[18.0336,54.8336],[18.35,54.8336],[18.7747,54.6664],[18.8364,54.6119],[18.8156,54.595],[18.7508,54.6628],[18.4803,54.758],[18.4669,54.7368],[18.4053,54.743],[18.4683,54.6658],[18.5114,54.6311],[18.5725,54.4861],[18.5767,54.4417],[18.7083,54.3828],[18.8364,54.3533],[18.9731,54.3447],[19.1389,54.3467],[19.4175,54.3806],[19.6273,54.4633],[19.8702,54.6386],[19.8982,54.626],[19.8125,54.5512],[19.6511,54.4558],[19.4397,54.369],[19.2275,54.3319],[19.2561,54.2775],[19.3711,54.2686],[19.4003,54.2809],[19.3882,54.1872]]]]}},{"type":"Feature","properties":{"NAME":"Sambian-Nothangian culture","ABBREVN":"Sambian-Nothangian culture","SUBJECTO":"Sambian-Nothangian culture","BORDERPRECISION":1,"PARTOF":"Baltic archeological cultures"},"geometry":{"type":"MultiPolygon","coordinates":[[[[21.1631,54.8994],[21.327,54.8009],[21.4817,54.4357],[21.5251,54.3331],[21.1216,54.0111],[20.2193,54.1445],[19.9137,54.3942],[19.9146,54.3947],[19.8175,54.462],[19.8327,54.4695],[19.9352,54.4939],[19.9618,54.5295],[20.0418,54.5597],[20.405,54.6828],[20.0843,54.6731],[19.9814,54.7055],[19.9008,54.6283],[19.8728,54.6422],[19.9594,54.7642],[19.9426,54.8499],[19.9694,54.9575],[20.7853,54.9417],[20.8703,54.9008],[20.9844,54.8925],[21.0903,54.895],[21.1631,54.8994]]]]}},{"type":"Feature","properties":{"NAME":"Bell-shaped burials culture","ABBREVN":"Bell-shaped burials culture","SUBJECTO":"Bell-shaped burials culture","BORDERPRECISION":1,"PARTOF":"Baltic archeological cultures"},"geometry":{"type":"MultiPolygon","coordinates":[[[[20.9855,52.6157],[22.0092,51.8449],[23.315,51.2059],[24.4887,51.3848],[24.606,51.1645],[25.7211,49.6119],[25.1049,48.8261],[24.0779,49.3832],[22.4347,50.5347],[21.1436,49.7638],[18.4147,49.5548],[17.8866,50.6278],[16.4488,51.2748],[16.3314,52.0393],[15.099,53.0916],[15.4805,53.7907],[15.4705,53.796],[15.6419,53.8253],[16.2287,53.6344],[16.2434,53.1136],[16.5735,52.8663],[17.5638,52.5909],[18.5981,52.5909],[18.9738,52.7365],[19.4931,52.5329],[20.2633,52.4793],[20.9855,52.6157]]]]}},{"type":"Feature","properties":{"NAME":"Western Masurian culture","ABBREVN":"Western Masurian culture","SUBJECTO":"Western Masurian culture","BORDERPRECISION":1,"PARTOF":"Baltic archeological cultures"},"geometry":{"type":"MultiPolygon","coordinates":[[[[21.4817,54.4357],[21.6278,54.4357],[22.1266,54.3289],[21.9799,54.0929],[21.7231,53.7169],[21.7745,53.4819],[21.8625,53.0695],[21.349,52.6844],[20.9855,52.6157],[20.2633,52.4793],[19.4931,52.5329],[18.9738,52.7365],[19.0456,52.7643],[18.6495,53.0299],[18.7302,53.2981],[19.1116,53.495],[19.5664,53.7993],[19.3882,54.1872],[19.4003,54.2809],[19.4809,54.3004],[19.5814,54.3464],[19.6236,54.3489],[19.7136,54.3833],[19.797,54.4376],[19.8175,54.462],[19.9137,54.3942],[20.2193,54.1445],[21.1216,54.0111],[21.5251,54.3331],[21.4817,54.4357]]]]}},{"type":"Feature","properties":{"NAME":"Eastern Masurian culture","ABBREVN":"Eastern Masurian culture","SUBJECTO":"Eastern Masurian culture","BORDERPRECISION":1,"PARTOF":"Baltic archeological cultures"},"geometry":{"type":"MultiPolygon","coordinates":[[[[24.4887,51.3848],[23.315,51.2059],[22.0092,51.8449],[20.9855,52.6157],[21.349,52.6844],[21.8625,53.0695],[21.7745,53.4819],[21.7231,53.7169],[21.9799,54.0929],[22.1266,54.3289],[21.6278,54.4357],[21.4817,54.4357],[21.327,54.8009],[21.1631,54.8994],[21.1725,54.919],[21.9796,54.9915],[23.0949,55.0917],[23.9165,54.8812],[23.9605,54.2346],[24.1366,53.6648],[24.7674,53.3244],[24.6354,52.6977],[25.1195,52.0799],[25.0557,51.9761],[24.7821,51.5311],[24.4887,51.3848]]]]}},{"type":"Feature","properties":{"NAME":"Curonians","ABBREVN":"Curonians","SUBJECTO":"Curonians","BORDERPRECISION":1,"PARTOF":"Baltic archeological cultures"},"geometry":{"type":"MultiPolygon","coordinates":[[[[21.8631,57.5967],[21.9252,57.4971],[22.3173,56.8082],[22.8161,56.1438],[22.4494,55.4511],[21.9796,54.9915],[21.1725,54.919],[21.2422,54.9436],[21.2278,54.9844],[21.1748,55.0675],[21.1908,55.1492],[21.2242,55.2],[21.2661,55.2056],[21.2767,55.3228],[21.2163,55.3437],[21.0185,55.634],[21.0148,55.6971],[21.0672,55.9914],[21.0464,56.1092],[20.9753,56.23],[20.9955,56.5083],[21.0267,56.6142],[21.0494,56.6719],[21.07,56.8458],[21.2614,56.9228],[21.4155,57.0694],[21.4206,57.2894],[21.4825,57.3339],[21.5961,57.4433],[21.7247,57.5725],[21.8631,57.5967]]]]}},{"type":"Feature","properties":{"NAME":"Brushed Pottery culture","ABBREVN":"Brushed Pottery culture","SUBJECTO":"Brushed Pottery culture","BORDERPRECISION":1,"PARTOF":"Baltic archeological cultures"},"geometry":{"type":"MultiPolygon","coordinates":[[[[29.6995,55.6574],[29.8877,55.1755],[28.9781,54.6187],[29.7073,53.2972],[29.7117,53.2894],[27.7751,52.3137],[25.6624,52.0077],[25.0557,51.9761],[25.1195,52.0799],[24.6354,52.6977],[24.7674,53.3244],[24.1366,53.6648],[23.9605,54.2346],[23.9165,54.8812],[23.0949,55.0917],[21.9796,54.9915],[22.4494,55.4511],[22.8161,56.1438],[22.3173,56.8082],[21.9252,57.4971],[21.8631,57.5967],[21.9308,57.5905],[21.9819,57.5939],[22.0492,57.6167],[22.0983,57.6339],[22.4744,57.738],[22.6036,57.7575],[22.6372,57.5889],[22.9428,57.4294],[23.1342,57.3658],[23.2592,57.098],[23.3514,57.0522],[23.5861,56.9767],[23.6686,56.9647],[23.7858,56.9703],[23.9553,57.0114],[24.3097,57.1003],[25.7211,57.0044],[28.1272,56.0988],[29.6995,55.6574]]]]}},{"type":"Feature","properties":{"NAME":"Milograd culture","ABBREVN":"Milograd culture","SUBJECTO":"Milograd culture","BORDERPRECISION":1,"PARTOF":"Baltic archeological cultures"},"geometry":{"type":"MultiPolygon","coordinates":[[[[29.7073,53.2972],[30.6653,53.1224],[31.795,52.8752],[32.0591,52.116],[31.6923,51.1139],[31.556,50.9029],[30.592,50.1602],[30.1605,50.2785],[27.8044,50.9247],[26.2199,50.9432],[24.7821,51.5311],[25.0557,51.9761],[25.6624,52.0077],[27.7751,52.3137],[29.7117,53.2894],[29.7073,53.2972]]]]}},{"type":"Feature","properties":{"NAME":"Plain-Pottery culture","ABBREVN":"Plain-Pottery culture","SUBJECTO":"Plain-Pottery culture","BORDERPRECISION":1,"PARTOF":"Baltic archeological cultures"},"geometry":{"type":"MultiPolygon","coordinates":[[[[31.556,50.9029],[31.6923,51.1139],[32.0591,52.116],[31.795,52.8752],[30.6653,53.1224],[29.7073,53.2972],[28.9781,54.6187],[29.8877,55.1755],[29.6995,55.6574],[29.9464,55.5881],[31.6483,56.311],[33.7316,56.7318],[36.7246,56.6835],[38.4558,55.9348],[38.0156,55.4552],[36.9593,54.2903],[37.1199,54.2144],[38.3091,53.6518],[38.2797,53.1972],[36.93,52.7199],[34.9053,51.4763],[31.5603,50.9062],[31.556,50.9029]]]]}},{"type":"Feature","properties":{"NAME":null,"ABBREVN":null,"SUBJECTO":null,"BORDERPRECISION":1,"PARTOF":null},"geometry":{"type":"MultiPolygon","coordinates":[[[[30.1605,50.2785],[30.6255,46.3607],[30.5205,46.2514],[30.4328,46.1757],[30.0688,45.8614],[29.7297,45.77],[29.6295,45.7504],[29.5004,45.5234],[29.5361,45.4522],[29.6159,45.4102],[28.2214,45.4841],[27.9442,44.9297],[28.0366,44.3753],[27.1852,43.2804],[26.8046,41.3419],[25.4428,41.8061],[24.7681,41.8354],[23.0148,41.9116],[23.4699,42.9768],[21.9838,43.5017],[20.948,42.9438],[20.8834,41.8443],[19.607,41.7615],[19.4579,41.7981],[19.3677,41.8464],[19.3385,41.862],[19.143,41.9321],[19.1355,41.9995],[18.9099,42.2178],[18.8431,42.2414],[18.5286,42.3527],[18.5136,42.3621],[18.2487,42.5274],[18.0014,42.6945],[17.6464,42.8646],[17.5957,42.8889],[17.548,42.9201],[17.3041,43.0762],[17.0751,43.2227],[16.9923,43.3227],[16.6398,43.3897],[16.5485,43.4613],[16.3667,43.513],[16.0594,43.4335],[15.9128,43.6522],[15.4944,43.8884],[15.4123,43.9348],[15.1495,44.2399],[15.2744,44.2366],[15.5482,44.2293],[15.2859,44.3289],[14.9891,44.54],[14.907,44.7233],[14.9455,44.9266],[14.8154,45.0779],[14.5246,45.2663],[14.3545,45.3229],[14.2386,45.0624],[14.1746,45.0104],[14.1885,44.9425],[14.0604,44.8947],[13.9913,44.7831],[13.8951,44.7592],[13.6721,45.0504],[13.6436,45.1791],[13.5269,45.4543],[13.5563,45.4596],[13.7491,45.4943],[13.8,45.5664],[13.6732,45.7145],[13.7824,46.7651],[11.7719,46.8991],[10.9678,46.8991],[10.0296,46.4971],[7.349,46.4971],[6.8129,45.8269],[6.8129,45.1568],[7.2976,43.6673],[6.9231,43.4477],[6.523,43.1509],[6.3312,43.1119],[6.1878,43.0923],[5.8286,43.0208],[5.6466,43.0333],[5.4345,43.1037],[5.0518,43.3281],[4.9098,43.3664],[4.7506,43.3533],[4.6465,43.3209],[4.4168,43.3461],[4.0782,43.4871],[3.8075,43.4672],[3.4787,43.3121],[3.3179,43.196],[3.0679,42.9446],[3.0019,42.7708],[3.0459,42.5395],[3.0685,42.4459],[-1.3629,42.2081],[-1.765,41.9401],[-1.0948,39.6616],[-1.6309,39.2595],[-3.9094,38.8574],[-4.5796,37.9192],[-6.0539,37.5172],[-7.0101,37.1653],[-7.2278,37.2259],[-7.4915,37.2082],[-7.6034,37.163],[-7.836,37.0323],[-8.0336,37.0088],[-8.2802,37.0886],[-8.5411,37.0886],[-8.6671,37.1214],[-8.9908,36.99],[-9.0166,37.0698],[-8.8415,37.5251],[-8.8487,37.8168],[-8.851,37.9102],[-8.9328,37.9618],[-8.823,38.2061],[-8.8473,38.3846],[-8.7889,38.436],[-8.8537,38.4996],[-9.0223,38.461],[-9.2366,38.4174],[-9.2852,38.6195],[-9.0692,38.643],[-8.9419,38.7419],[-8.9608,38.8185],[-9.0408,38.9202],[-9.1758,38.7322],[-9.3616,38.6711],[-9.5224,38.6899],[-9.549,38.7745],[-9.4598,38.9531],[-9.3977,39.2304],[-9.4153,39.3667],[-9.2993,39.4177],[-9.1179,39.644],[-8.9156,40.1381],[-8.9697,40.19],[-8.6941,40.9922],[-8.8518,41.4078],[-8.8524,41.4453],[-4.73,42.4805],[-2.5382,43.4164],[-2.3674,43.3262],[-2.1429,43.3315],[-2.0656,43.3333],[-1.9146,43.3054],[-1.7461,43.3602],[-1.5614,43.5244],[-1.3144,44.559],[-1.1358,44.6001],[-1.2303,44.7304],[-1.3318,44.6138],[-1.2755,45.1287],[-1.1752,45.5005],[-1.1234,45.4316],[-0.9004,45.2939],[-0.8142,45.1218],[-0.7285,45.0186],[-0.8547,45.3214],[-1.1384,45.5832],[-1.2474,45.6881],[-1.2365,45.8],[-1.0752,46.0146],[-1.166,46.1837],[-1.2561,46.3068],[-1.4027,46.4039],[-1.7107,46.4488],[-1.9425,46.7058],[-2.1297,46.8508],[-2.0046,47.0425],[-2.1095,47.124],[-2.2637,47.1829],[-2.4937,47.2469],[-2.5765,47.3249],[-2.4655,47.4944],[-2.6137,47.5722],[-2.8425,47.4919],[-3.0627,47.6039],[-3.4335,47.7168],[-3.7119,47.7981],[-3.8581,47.7918],[-3.9548,47.9043],[-4.3644,47.8293],[-4.3909,47.9418],[-4.5101,47.9981],[-4.6754,48.0169],[-4.7003,48.0638],[-4.3129,48.1013],[-4.351,48.2046],[-4.588,48.2515],[-4.3889,48.2984],[-4.3502,48.3905],[-4.4738,48.3829],[-4.592,48.3923],[-4.7796,48.3548],[-4.762,48.552],[-4.6257,48.5467],[-4.4883,48.6123],[-4.2515,48.6519],[-3.9989,48.7305],[-3.9022,48.646],[-3.8213,48.7211],[-3.6079,48.693],[-3.5577,48.8101],[-3.4351,48.8365],[-3.0912,48.8716],[-2.9145,48.7068],[-2.7905,48.5896],[-2.6364,48.552],[-2.3429,48.6741],[-2.2001,48.599],[-2.076,48.6562],[-1.8706,48.7117],[-1.8576,48.6084],[-1.5914,48.6375],[-1.4566,48.6836],[-1.5755,48.7681],[-1.5884,48.881],[-1.5634,49.0362],[-1.5798,49.229],[-1.639,49.2196],[-1.8915,49.5264],[-1.9413,49.7093],[-1.5242,49.6528],[-1.251,49.6999],[-1.2887,49.521],[-1.1771,49.3325],[-1.0232,49.3985],[-0.4649,49.3514],[-0.2394,49.2855],[-0.2037,49.2918],[0.0329,49.3337],[0.3308,49.455],[0.0904,49.5106],[0.1151,49.6023],[0.1894,49.681],[0.5286,49.8258],[0.8688,49.9072],[1.2745,50.0043],[1.4162,50.1098],[1.552,50.2288],[1.5283,50.5777],[1.5889,50.8219],[1.7962,50.9214],[1.8236,50.9346],[2.0303,51.0067],[2.4426,51.048],[2.5221,51.0911],[2.9953,51.3135],[3.2136,51.3536],[3.472,51.3144],[3.6813,51.3214],[3.775,51.3877],[3.7435,51.4605],[3.5203,51.5791],[3.8781,51.7917],[4.2644,52.0709],[4.3872,52.2304],[4.641,52.7557],[4.7188,52.8024],[5.0084,52.8562],[5.1733,52.7434],[5.2346,52.6229],[5.1082,52.5315],[5.0061,52.5569],[5.0357,52.3337],[4.9498,52.2779],[5.4732,52.1766],[5.5744,52.283],[5.7569,52.3337],[5.8171,52.5214],[5.6113,52.5315],[5.5557,52.5873],[5.5469,52.6787],[5.6534,52.7498],[5.5764,52.7599],[5.3257,52.7904],[5.358,52.9377],[5.3428,52.9963],[5.3321,53.0114],[5.3895,53.1386],[5.6473,53.2278],[5.9663,53.335],[6.2607,53.3217],[6.7507,53.3899],[6.861,53.2658],[7.0091,53.2454],[7.0433,53.164],[7.1599,53.164],[7.1897,53.2301],[6.9807,53.3167],[7.0373,53.5101],[7.1656,53.5917],[7.3324,53.6044],[7.8364,53.6321],[7.875,53.6337],[7.9685,53.6375],[8.011,53.5657],[8.0987,53.4439],[8.0291,53.3726],[8.175,53.3217],[8.2419,53.3523],[8.2608,53.4388],[8.189,53.5305],[8.3057,53.5254],[8.5018,53.449],[8.4287,53.612],[8.5162,53.761],[8.5395,53.8007],[8.5856,53.7931],[8.8485,53.7497],[9.125,53.7905],[8.8571,53.867],[8.819,53.969],[8.9463,54.015],[8.8327,54.066],[8.7788,54.1324],[8.8533,54.1682],[8.884,54.2294],[8.5807,54.1937],[8.5539,54.2754],[8.8524,54.3316],[8.9506,54.4186],[8.7421,54.6078],[8.596,54.7614],[8.6161,54.8874],[8.6451,55.069],[8.5596,55.3561],[8.4813,55.3492],[8.319,55.4811],[8.214,55.3986],[8.0346,55.4759],[8.1251,55.6358],[8.32,55.7677],[8.317,55.8489],[8.1166,56.0923],[8.1245,56.2075],[8.1834,56.4315],[8.3088,56.4792],[8.4522,56.4116],[8.6749,56.3577],[8.8686,56.6161],[9.0027,56.6572],[9.1359,56.4604],[9.3119,56.4811],[9.3221,56.7189],[9.3701,56.8823],[9.8346,56.8899],[10.2162,56.8498],[10.2297,56.6051],[10.3138,56.4695],[10.8258,56.4433],[10.8887,56.3687],[10.7507,56.0973],[10.4961,56.0336],[10.4425,56.1509],[10.2934,56.1371],[10.1752,56.0759],[10.2299,55.9509],[10.1471,55.7649],[10.0071,55.7304],[9.9757,55.6203],[9.6901,55.6049],[9.7607,55.5017],[9.6302,55.4594],[9.5439,55.3513],[9.5166,55.2231],[9.5178,55.1287],[9.421,54.9765],[9.496,54.9383],[9.6103,54.88],[9.8644,54.7263],[9.9867,54.5924],[9.978,54.4901],[9.8648,54.4114],[10.0649,54.4339],[10.1417,54.3368],[10.2129,54.3719],[10.3402,54.3623],[10.446,54.292],[10.6486,54.259],[11.0386,54.3133],[11.073,54.2196],[11.0414,54.1527],[11.0159,54.0967],[10.7167,53.9639],[10.7709,53.9309],[10.8589,53.8772],[10.8837,53.8824],[10.8935,53.8844],[10.9604,53.8984],[11.1514,53.9384],[11.2025,53.8568],[11.4078,53.8593],[11.565,54.0354],[12.0411,54.0967],[12.3119,54.2019],[12.4625,54.2548],[12.6525,54.3214],[12.7648,54.2703],[12.9431,54.347],[13.0258,54.2652],[13.0638,54.1937],[13.3492,54.0635],[13.431,54.0302],[13.6676,54.0842],[13.7378,54.0303],[13.7643,53.8772],[13.7805,53.7752],[13.8502,53.7293],[14.0097,53.6732],[14.1769,53.6834],[14.1896,53.6248],[14.2802,53.6134],[14.4332,53.5942],[14.5371,53.5382],[14.4953,53.6248],[14.5653,53.6936],[14.5569,53.7599],[14.4825,53.8185],[14.4729,53.8768],[14.4674,53.9104],[14.5802,53.929],[14.8858,53.9796],[15.0797,54.0025],[15.0856,54.0043],[15.4705,53.796],[15.4805,53.7907],[15.099,53.0916],[16.3314,52.0393],[16.4488,51.2748],[17.8866,50.6278],[18.4147,49.5548],[21.1436,49.7638],[22.4347,50.5347],[24.0779,49.3832],[25.1049,48.8261],[25.7211,49.6119],[24.606,51.1645],[24.4887,51.3848],[24.7821,51.5311],[26.2199,50.9432],[27.8044,50.9247],[30.1605,50.2785]]]]}},{"type":"Feature","properties":{"NAME":null,"ABBREVN":null,"SUBJECTO":null,"BORDERPRECISION":1,"PARTOF":null},"geometry":{"type":"MultiPolygon","coordinates":[[[[48.8547,57.7086],[37.1199,54.2144],[36.9593,54.2903],[38.0156,55.4552],[38.4558,55.9348],[36.7246,56.6835],[33.7316,56.7318],[31.6483,56.311],[29.9464,55.5881],[29.6995,55.6574],[28.1272,56.0988],[25.7211,57.0044],[24.3097,57.1003],[24.3465,57.1597],[24.3229,57.3369],[24.2362,57.7282],[24.3254,57.8375],[24.3456,57.8622],[24.4156,57.9479],[24.4144,58.1059],[24.4968,58.2132],[24.3311,58.3079],[24.0584,58.1115],[23.9081,58.2244],[23.6709,58.2414],[23.6905,58.6655],[23.5119,58.5809],[23.3608,58.7674],[23.432,58.8581],[23.3379,58.9724],[23.457,59.0055],[23.4158,59.119],[23.5702,59.1381],[24.0321,59.1757],[24.0296,59.2354],[24.2819,59.2841],[24.3416,59.3689],[24.5376,59.3234],[24.5709,59.3743],[24.7138,59.3518],[24.7512,59.4485],[25.2483,59.3618],[25.4488,59.494],[25.49,59.42],[25.7211,59.4598],[26.3433,59.4466],[26.8619,59.3717],[26.999,59.3177],[27.2651,59.338],[27.702,59.2975],[27.8936,59.3461],[28.0159,59.4542],[28.0131,59.4582],[27.9734,59.5167],[27.8967,59.5338],[27.9417,59.6476],[28.0942,59.6647],[28.1631,59.5907],[28.2663,59.5622],[28.351,59.6021],[28.3091,59.6644],[28.4444,59.7337],[28.6627,59.6443],[28.7959,59.6722],[28.9363,59.8246],[29.0761,59.9078],[29.4136,59.86],[29.7655,59.7362],[29.9632,59.7366],[30.1266,59.806],[29.9529,59.9856],[29.6873,60.131],[29.5107,60.1446],[28.969,60.1088],[28.6916,60.15],[28.5694,60.1984],[28.4352,60.3373],[28.5512,60.5326],[28.5215,60.6233],[28.4318,60.6035],[28.0114,60.5107],[27.4736,60.4261],[27.4062,60.3448],[27.1785,60.4424],[26.9456,60.3763],[26.9223,60.3161],[26.6131,60.3478],[26.5259,60.3965],[26.5516,60.5707],[26.4428,60.3333],[26.3227,60.2702],[26.0377,60.2493],[25.8901,60.2358],[25.8455,60.1155],[25.5805,60.2623],[25.4499,60.1384],[25.1458,60.1097],[24.993,60.0296],[24.9695,60.0868],[24.743,60.0382],[24.516,59.9895],[24.4211,59.8698],[24.2814,59.9381],[23.9789,59.8811],[23.9611,59.9325],[23.6647,59.8356],[23.4189,59.8298],[23.2014,59.8185],[22.9821,59.9325],[22.882,60.0556],[23.0052,60.2088],[22.6246,60.2011],[22.3921,60.1212],[22.4215,60.2932],[22.2207,60.2588],[21.931,60.3808],[21.7468,60.4083],[21.5602,60.5125],[21.4432,60.6936],[21.4273,61.0151],[21.4983,61.1833],[21.5208,61.3796],[21.561,61.4849],[21.4052,61.7024],[21.2112,61.8709],[21.3464,62.1671],[21.3376,62.3436],[21.2001,62.4352],[21.226,62.418],[29.0189,61.7707],[30.2488,61.4759],[30.2516,61.4727],[30.2521,61.4586],[30.2373,61.4463],[30.2169,61.4313],[30.21,61.418],[30.2009,61.389],[30.1793,61.3727],[30.1826,61.3611],[30.196,61.3478],[30.193,61.3272],[30.1739,61.3141],[30.13,61.3126],[30.09,61.2993],[30.0895,61.2706],[30.0941,61.2585],[30.0793,61.2426],[30.0291,61.2545],[29.9494,61.2894],[29.8913,61.295],[29.8551,61.2712],[29.8646,61.251],[29.8602,61.2393],[29.8367,61.2261],[29.825,61.2156],[29.8572,61.188],[30.1249,61.0874],[30.2927,61.0051],[30.4087,60.928],[30.4358,60.9027],[30.4412,60.8736],[30.4559,60.86],[30.5021,60.8432],[30.5279,60.8117],[30.5332,60.7655],[30.5254,60.7389],[30.5045,60.7316],[30.504,60.7036],[30.5239,60.6546],[30.5339,60.6301],[30.6633,60.5928],[30.7237,60.5618],[30.7586,60.5245],[30.7742,60.4921],[30.776,60.4481],[30.8033,60.4466],[30.8169,60.4588],[30.8321,60.4575],[30.8491,60.4426],[30.9568,60.2636],[31.0189,60.1929],[31.109,60.1464],[31.1149,60.1349],[31.0951,60.0837],[31.106,60.0563],[31.1429,60.0317],[31.1453,60.0055],[31.0632,59.9629],[31.0428,59.951],[31.064,59.9432],[31.1062,59.9277],[31.1764,59.9258],[31.2744,59.9376],[31.3493,59.9328],[31.4014,59.9113],[31.4548,59.9072],[31.5098,59.9204],[31.5472,59.9401],[31.5672,59.9666],[31.565,59.998],[31.5409,60.0345],[31.5482,60.0719],[31.6064,60.1336],[31.6059,60.1423],[31.5969,60.1438],[31.5906,60.1556],[31.5989,60.1696],[31.6994,60.2356],[31.8433,60.2479],[32.0571,60.2265],[32.1961,60.1954],[32.2602,60.1543],[32.3615,60.1481],[32.5004,60.1765],[32.5839,60.2089],[32.6123,60.2454],[32.6144,60.2858],[32.5902,60.3302],[32.5949,60.3546],[32.6559,60.3717],[32.6767,60.3924],[32.664,60.4271],[32.6179,60.4756],[32.5965,60.5111],[32.5999,60.5335],[32.6417,60.5369],[32.7221,60.5211],[32.7818,60.4882],[32.8157,60.4819],[32.8414,60.497],[32.9069,60.5859],[32.9443,60.6426],[32.9365,60.6703],[32.903,60.6935],[32.8436,60.7122],[32.8119,60.7565],[32.8078,60.8264],[32.7763,60.8707],[46.1057,57.7086],[48.8547,57.7086]],[[38.6917,58.207],[38.6383,58.2203],[38.6192,58.2013],[38.6979,58.133],[38.704,58.1131],[38.681,58.1082],[38.6117,58.1131],[38.3831,58.1219],[38.357,58.1001],[38.4369,58.0356],[38.4371,58.0175],[38.4153,58.0156],[38.3692,58.0316],[38.3102,58.0406],[38.2811,58.0539],[38.2592,58.0709],[38.2496,58.1027],[38.251,58.1987],[38.2205,58.2373],[38.1487,58.2486],[37.944,58.3009],[37.8972,58.2918],[37.5071,58.5354],[37.4169,58.6131],[37.3168,58.6574],[37.1553,58.695],[37.1546,58.7065],[37.1692,58.7256],[37.1508,58.8487],[37.3079,58.76],[37.3723,58.7314],[37.4229,58.7266],[37.4104,58.6891],[37.4104,58.67],[37.4592,58.6339],[37.5377,58.6127],[37.5646,58.5528],[37.6087,58.5453],[37.6611,58.5575],[37.6666,58.5725],[37.6209,58.6262],[37.6323,58.6362],[37.7148,58.6175],[37.7678,58.6176],[37.9949,58.5504],[38.0739,58.5419],[38.0738,58.5916],[38.1031,58.6195],[38.0955,58.6345],[37.9877,58.6722],[37.9842,58.6924],[37.9453,58.7203],[37.9417,58.7355],[37.9613,58.7436],[38.0239,58.7459],[37.9959,58.8617],[37.9176,58.8583],[37.8694,58.8971],[37.8283,58.9141],[37.7772,58.9262],[37.7137,58.9277],[37.6424,58.9189],[37.5812,58.8988],[37.5014,58.8448],[37.4713,58.8571],[37.4658,58.8746],[37.4844,58.9272],[37.4991,58.9442],[37.6089,58.989],[37.6732,59.0252],[37.6956,59.064],[37.6763,59.1023],[37.64,59.1377],[37.6449,59.1568],[37.8429,59.1553],[37.94,59.1741],[37.9873,59.1768],[38.0016,59.1598],[38.0074,59.1437],[38.0272,59.1281],[38.1162,59.1026],[38.1594,59.1016],[38.1797,59.1133],[38.1805,59.1321],[38.1764,59.1482],[38.124,59.2029],[38.1433,59.2098],[38.1829,59.2031],[38.294,59.1613],[38.4146,59.1734],[38.4073,59.1523],[38.3315,59.0926],[38.2395,59.0627],[38.1705,59.065],[37.9102,59.1027],[37.8664,59.0941],[37.8577,59.0751],[37.9199,59.0421],[38.047,58.9942],[38.1194,58.9546],[38.4273,58.747],[38.61,58.6366],[38.7528,58.5469],[38.9893,58.4956],[39.0037,58.4756],[38.9703,58.4408],[39.0004,58.3868],[39.0053,58.3581],[38.8709,58.3311],[38.8305,58.2956],[38.8121,58.2507],[38.8188,58.1348],[38.8052,58.122],[38.7795,58.1348],[38.6917,58.207]],[[27.8816,57.937],[27.8027,57.9902],[27.6783,58.0185],[27.6238,58.0143],[27.4971,58.1841],[27.4727,58.2167],[27.4255,58.3031],[27.3239,58.4019],[27.2366,58.4522],[27.1567,58.6479],[26.9664,58.8056],[26.9741,58.8843],[27.1073,58.9542],[27.2981,58.9949],[27.5237,59.0069],[27.683,58.9796],[27.7484,58.9121],[27.8137,58.5713],[27.8205,58.4849],[27.7981,58.4468],[27.7479,58.4299],[27.5827,58.3064],[27.5613,58.2574],[27.5686,58.2148],[27.5918,58.1746],[27.7144,58.1643],[27.8651,58.1735],[27.973,58.1326],[28.097,58.0444],[28.1492,57.9747],[28.1692,57.9145],[28.1018,57.86],[27.9921,57.8681],[27.9109,57.8958],[27.8754,57.9204],[27.8816,57.937]],[[31.6306,58.2073],[31.531,58.2302],[31.4465,58.2059],[31.394,58.142],[31.1562,58.1713],[30.8762,58.2141],[30.857,58.2391],[30.9549,58.2844],[31.0194,58.3197],[31.08,58.3316],[31.1702,58.3595],[31.2517,58.4254],[31.2983,58.4766],[31.3743,58.4292],[31.4302,58.4166],[31.5107,58.3889],[31.5182,58.3726],[31.6371,58.388],[31.6534,58.3687],[31.6457,58.3514],[31.647,58.3084],[31.6883,58.2023],[31.6306,58.2073]]]]}},{"type":"Feature","properties":{"NAME":"Scythians","ABBREVN":"Scythians","SUBJECTO":"Scythians","BORDERPRECISION":1,"PARTOF":"Scythians"},"geometry":{"type":"MultiPolygon","coordinates":[[[[59.9131,45.5979],[59.7927,45.5896],[59.7631,45.6324],[59.7769,45.7014],[59.9012,45.6959],[60.0671,45.7138],[60.1145,45.689],[60.0177,45.6587],[59.9131,45.5979]]],[[[59.1333,45.1945],[59.2853,45.2752],[59.4472,45.1876],[59.461,45.0552],[59.2379,44.7966],[59.0464,44.9547],[59.1333,45.1945]]],[[[53.9245,57.6014],[59.0943,56.4318],[59.19,56.4102],[64.8626,55.1466],[64.7459,54.7756],[64.3402,54.8672],[82.4484,50.779],[84.3419,48.4084],[85.5584,46.8855],[81.8464,43.311],[75.9776,42.0945],[72.281,40.9922],[66.3108,39.757],[61.1641,37.6984],[59.5928,38.3927],[58.2133,39.0022],[57.2526,39.2767],[56.8409,39.1394],[56.0174,38.0415],[53.9852,37.5177],[53.9278,37.8242],[53.8799,38.0254],[53.9373,38.1594],[53.9373,38.3318],[53.9373,38.5713],[53.9852,38.6575],[54.0331,38.7916],[54.0714,38.8969],[54.0331,38.9927],[53.9182,39.0502],[53.7745,39.1364],[53.6787,39.2513],[53.6596,39.3184],[53.5829,39.3184],[53.4967,39.3375],[53.3339,39.3854],[53.2477,39.2992],[53.2094,39.4046],[53.2477,39.4525],[53.3148,39.5674],[53.3722,39.5195],[53.5446,39.5387],[53.7362,39.5004],[53.7937,39.4908],[53.8128,39.5482],[53.6691,39.644],[53.5542,39.6536],[53.5159,39.7781],[53.5925,39.893],[53.6883,39.9792],[53.5063,39.9984],[53.3627,39.9601],[53.1903,39.9601],[53.0466,39.9984],[52.9891,39.9314],[52.9125,40.0463],[52.8455,40.1804],[52.8455,40.3336],[52.8263,40.4677],[52.9029,40.5635],[52.9508,40.7072],[52.97,40.8221],[53.0179,40.9466],[53.0562,41.052],[53.1519,40.8987],[53.1807,40.8413],[53.2573,40.7646],[53.4393,40.8029],[53.6117,40.7455],[53.6596,40.8125],[53.65,40.8796],[53.6979,40.8796],[53.7649,40.87],[53.7937,40.7263],[53.8416,40.6401],[53.9756,40.6497],[54.1097,40.6784],[54.2247,40.7263],[54.33,40.688],[54.4162,40.6593],[54.4545,40.7167],[54.3875,40.8029],[54.3683,40.8987],[54.4545,40.9179],[54.5024,40.8508],[54.6078,40.8125],[54.7227,40.8508],[54.8185,40.8796],[54.8281,40.9849],[54.7514,41.1382],[54.5982,41.2435],[54.3588,41.3872],[54.1672,41.483],[54.1385,41.6266],[54.1193,41.7799],[54.0235,41.8565],[54.0235,41.9523],[54.0235,42.0481],[53.9852,42.1055],[53.7362,42.1343],[53.4584,42.096],[53.2669,42.0864],[53.0657,42.0289],[52.9795,41.9044],[52.9412,41.7703],[52.9987,41.6841],[52.97,41.5596],[52.9317,41.3776],[52.9604,41.2723],[52.97,41.1382],[52.855,41.3872],[52.6922,41.5309],[52.7114,41.6075],[52.6826,41.6937],[52.5593,41.7578],[52.6007,41.9377],[52.5738,42.0186],[52.5198,42.0726],[52.5828,42.1894],[52.6727,42.2794],[52.7356,42.4232],[52.7536,42.5581],[52.8345,42.648],[52.7626,42.7559],[52.5828,42.8279],[52.3759,42.8009],[52.295,42.8728],[52.1601,42.8459],[52.0702,42.8279],[51.9803,42.9088],[51.8814,43.0527],[51.7375,43.1786],[51.5847,43.1786],[51.4228,43.1696],[51.4228,43.2595],[51.4588,43.3854],[51.3689,43.5562],[51.261,43.6102],[51.171,43.7181],[50.9912,44.0777],[50.9552,44.2036],[50.7035,44.2576],[50.3887,44.2935],[50.3258,44.3655],[50.3348,44.5633],[50.4067,44.6173],[50.5416,44.6442],[50.7214,44.6352],[50.8743,44.6262],[51.0901,44.5633],[51.3329,44.4824],[51.4138,44.5183],[51.5757,44.5543],[51.4858,44.6262],[51.3689,44.6802],[51.189,44.7701],[51.0991,44.878],[51.216,45.0399],[51.3419,45.0579],[51.3778,45.1748],[51.4588,45.3096],[51.5127,45.3726],[51.6296,45.3546],[51.7735,45.3906],[51.8454,45.4355],[51.9983,45.3816],[52.1062,45.3816],[52.6097,45.3996],[53.0593,45.3366],[53.2841,45.3276],[53.2122,45.3636],[53.0593,45.4535],[52.8435,45.5075],[52.8345,45.6423],[52.9245,45.7322],[53.0503,45.8312],[53.1492,45.957],[53.2032,46.1908],[53.2572,46.3167],[53.1852,46.4246],[53.1223,46.4966],[53.1672,46.5865],[53.2841,46.6764],[53.2302,46.7303],[53.1852,46.8652],[53.0234,46.9192],[52.8615,46.9372],[52.5558,46.9821],[52.4659,46.9102],[52.3759,46.8742],[52.1422,46.8382],[51.9353,46.8922],[51.7915,47.0091],[51.6746,47.0361],[51.3689,47.09],[51.1171,47.063],[50.8204,46.9192],[50.6315,46.9102],[50.2718,46.6854],[49.9481,46.5595],[49.7233,46.5325],[49.5345,46.5415],[49.4086,46.4336],[49.3132,46.3527],[49.2378,46.2628],[49.0579,46.1369],[48.8871,46.0829],[48.8331,46.0829],[48.8331,46.02],[48.8331,45.9211],[48.7702,45.8851],[48.6353,45.975],[48.4825,45.8851],[48.3026,45.7682],[48.0149,45.7143],[47.871,45.6783],[47.7541,45.7143],[47.6732,45.7502],[47.6282,45.7322],[47.6013,45.6603],[47.6552,45.5434],[47.5563,45.4535],[47.4754,45.3186],[47.3945,45.1748],[47.2506,44.9859],[47.1697,44.86],[47.0258,44.7881],[46.8729,44.6802],[46.81,44.5363],[46.8459,44.4464],[46.9988,44.3565],[47.1427,44.3385],[47.2236,44.2036],[47.3315,44.1856],[47.4394,44.0328],[47.5653,43.844],[47.5383,43.6731],[47.4934,43.5832],[47.5203,43.5113],[47.5653,43.6012],[47.6103,43.754],[47.6642,43.8529],[47.7361,43.8619],[47.6732,43.6641],[47.5743,43.5023],[47.6013,43.3224],[47.6552,43.2775],[47.5833,43.1875],[47.5653,43.0077],[47.7361,42.8998],[47.7901,42.8548],[47.844,42.6211],[47.9699,42.5941],[48.1318,42.4053],[48.2217,42.2794],[48.2541,42.2484],[48.4195,42.0905],[48.5004,41.9287],[48.6623,41.9017],[48.6832,41.8359],[48.8925,41.687],[48.9989,41.5168],[49.0869,41.4528],[49.1159,41.4317],[49.2435,41.2934],[49.2861,41.0594],[49.3499,40.953],[49.4775,40.836],[49.6052,40.7615],[49.6052,40.6871],[49.8073,40.5807],[50.0201,40.602],[50.1902,40.5701],[50.3179,40.4956],[50.4243,40.4105],[50.4668,40.3254],[50.4668,40.2616],[50.3073,40.3254],[50.1264,40.3467],[50.0307,40.3467],[49.9137,40.3254],[49.8499,40.2722],[49.669,40.2403],[48.955,40.3218],[48.5583,40.5599],[47.0109,41.3931],[44.7891,41.7501],[43.7671,41.8103],[42.7657,41.8692],[41.6805,41.7933],[41.6518,42.1206],[41.5027,42.6085],[41.4097,42.7882],[41.1226,43.0191],[40.9693,43.0767],[40.5571,43.1466],[40.2516,43.2682],[40.0981,43.3776],[39.4587,43.8329],[38.9237,44.2119],[38.911,44.2179],[38.5561,44.3851],[38.277,44.4232],[38.1092,44.4938],[37.8804,44.7189],[37.7741,44.7445],[39.2478,45.9609],[40.32,48.2394],[39.7839,48.7755],[38.4436,48.7755],[37.7735,48.6415],[35.2124,46.6371],[35.0464,46.3577],[34.9068,46.273],[34.6923,46.2531],[34.4957,46.2787],[34.0642,46.2649],[33.8391,46.1931],[34.1273,46.0639],[35.0081,45.6119],[35.0319,45.5343],[33.5594,44.9361],[33.5167,45.1235],[33.3979,45.2527],[33.0135,45.3814],[32.9263,45.3877],[32.6434,45.3806],[32.5753,45.3611],[32.5032,45.4451],[32.9023,45.6726],[33.1916,45.7898],[33.5395,45.8747],[33.6388,45.9268],[33.5279,46.1341],[33.3325,46.1661],[32.9729,46.1459],[32.5164,46.1256],[32.2022,46.1704],[32.1141,46.2156],[31.9259,46.4099],[32.1888,46.5922],[31.9513,46.8646],[31.781,46.7019],[31.5377,46.7014],[31.0872,46.6355],[30.8329,46.5766],[30.6255,46.3607],[30.1605,50.2785],[30.592,50.1602],[31.556,50.9029],[31.5603,50.9062],[34.9053,51.4763],[36.93,52.7199],[38.2797,53.1972],[38.3091,53.6518],[37.1199,54.2144],[48.8547,57.7086],[51.3434,57.7086],[53.9765,57.7086],[53.9245,57.6014]],[[32.7539,49.4848],[32.8606,49.4078],[33.0154,49.2807],[33.1041,49.2001],[33.1943,49.1187],[33.1939,49.0939],[33.1671,49.0193],[33.1625,48.9936],[33.0763,49.0043],[33.0661,49.0214],[33.0435,49.0631],[32.9809,49.0826],[32.8634,49.0873],[32.7695,49.1159],[32.7181,49.1401],[32.6205,49.1986],[32.4082,49.3017],[32.2936,49.3462],[32.1701,49.4044],[31.9005,49.5128],[31.888,49.5544],[31.9554,49.5697],[32.1145,49.5413],[32.1836,49.5209],[32.35,49.4691],[32.4614,49.4261],[32.6318,49.3818],[32.6824,49.401],[32.6595,49.4644],[32.6646,49.537],[32.712,49.5594],[32.7539,49.4848]],[[60.9989,45.9216],[61.0403,45.7386],[61.0206,45.4873],[61.1746,45.1876],[61.68,45.1068],[61.7024,45.0996],[61.8616,45.0483],[61.7274,44.9338],[61.6407,44.9033],[61.1094,44.7167],[60.9436,44.4411],[60.0769,43.6086],[59.7157,43.6693],[59.5054,43.9141],[59.2478,43.854],[59.1264,44.0022],[59.0079,43.9795],[59.0188,43.8611],[58.9102,43.8525],[58.8273,43.844],[58.7799,43.7471],[58.5963,43.7571],[58.3673,43.7371],[58.3446,43.8657],[58.3762,44.0391],[58.3999,44.1667],[58.2419,44.359],[58.2301,44.4521],[58.1985,44.5197],[58.2571,44.5766],[58.2967,44.6384],[58.2946,44.7083],[58.251,44.7864],[58.2321,44.8513],[58.2381,44.9031],[58.2722,44.9817],[58.3783,45.1775],[58.4041,45.253],[58.4492,45.3224],[58.5136,45.3857],[58.5601,45.4572],[58.5887,45.5371],[58.6113,45.5847],[58.6279,45.6002],[58.6553,45.7157],[58.6812,45.7836],[58.7207,45.8477],[58.7716,45.895],[58.8154,45.9312],[58.8806,45.9559],[58.9574,45.9682],[58.9816,45.9746],[59.0701,46.0012],[59.1432,46.0067],[59.1984,46.0231],[59.2636,46.0272],[59.3287,46.0259],[59.3662,45.9902],[59.3603,45.9326],[59.3011,45.8804],[59.2873,45.835],[59.4314,45.8034],[59.5498,45.9943],[59.5459,46.2393],[59.4807,46.3171],[59.5308,46.3427],[59.5488,46.3448],[59.577,46.3335],[59.6988,46.3313],[59.7494,46.3221],[59.7789,46.3015],[59.8008,46.2545],[59.8154,46.1814],[60.0187,46.213],[60.3,46.1638],[60.4787,46.2048],[60.5527,46.1549],[60.605,46.1269],[60.7235,46.1679],[60.7857,46.1518],[60.8241,46.2134],[60.8226,46.2432],[60.5665,46.2652],[60.456,46.2734],[60.2112,46.2871],[60.0787,46.4018],[60.0207,46.4494],[59.9977,46.5024],[60.0092,46.5606],[60.073,46.6188],[60.1891,46.6768],[60.2705,46.6997],[60.3174,46.6875],[60.3594,46.6353],[60.3963,46.5431],[60.4297,46.5289],[60.4596,46.5928],[60.5012,46.6118],[60.5546,46.5856],[60.6045,46.5781],[60.6512,46.5891],[60.7257,46.6258],[60.728,46.676],[60.6378,46.7208],[60.5231,46.7273],[60.5034,46.8057],[60.6574,46.8219],[60.8429,46.7733],[60.8587,46.6975],[60.7831,46.6327],[60.7994,46.569],[60.8462,46.5244],[60.9381,46.4898],[61.1233,46.5653],[61.2496,46.6115],[61.3128,46.6819],[61.4658,46.7669],[61.6543,46.7689],[61.5615,46.5972],[61.3681,46.3552],[61.2891,46.2952],[61.2694,46.2516],[61.218,46.2215],[61.1588,46.1833],[61.1193,46.1039],[60.9989,46.0779],[61.0344,46.0149],[60.9989,45.9216]]]]}},{"type":"Feature","properties":{"NAME":"Turcik tribes","ABBREVN":"Turcik tribes","SUBJECTO":"Turcik tribes","BORDERPRECISION":1,"PARTOF":"Turcik tribes"},"geometry":{"type":"MultiPolygon","coordinates":[[[[85.4802,48.3097],[84.3419,48.4084],[82.4484,50.779],[64.7459,54.7756],[64.8626,55.1466],[65.3116,55.0466],[78.3622,56.4102],[93.7,56.4846],[99.5375,55.2811],[99.4854,55.6585],[107.9615,59.8184],[114.0159,59.5467],[116.7068,54.6594],[119.9358,51.2576],[124.1336,50.5313],[123.9913,50.3357],[107.0738,50.9667],[95.8241,51.1777],[85.4139,48.3591],[85.4802,48.3097]]]]}},{"type":"Feature","properties":{"NAME":null,"ABBREVN":null,"SUBJECTO":null,"BORDERPRECISION":1,"PARTOF":null},"geometry":{"type":"MultiPolygon","coordinates":[[[[27.1575,35.4458],[27.1422,35.3997],[27.1217,35.4286],[27.0675,35.5928],[27.0664,35.5964],[27.0661,35.605],[27.0678,35.6083],[27.1203,35.6669],[27.1583,35.7189],[27.1625,35.7247],[27.1631,35.7289],[27.1586,35.7469],[27.1586,35.7694],[27.16,35.7958],[27.2133,35.8256],[27.2172,35.8269],[27.2281,35.8264],[27.2314,35.8244],[27.2308,35.8111],[27.2156,35.7247],[27.2125,35.718],[27.1775,35.6011],[27.2022,35.4781],[27.1622,35.4511],[27.1575,35.4458]]]]}},{"type":"Feature","properties":{"NAME":null,"ABBREVN":null,"SUBJECTO":null,"BORDERPRECISION":1,"PARTOF":null},"geometry":{"type":"MultiPolygon","coordinates":[[[[27.7867,35.8905],[27.7814,35.8903],[27.7686,35.8936],[27.7331,35.9111],[27.7303,35.9133],[27.7286,35.9167],[27.7222,35.9297],[27.7192,35.9408],[27.7214,35.9494],[27.7308,35.9789],[27.7408,36.1044],[27.7197,36.1661],[27.7889,36.2517],[27.8031,36.2683],[27.8058,36.2706],[27.8761,36.3197],[27.8958,36.3322],[27.9092,36.3397],[28.0683,36.405],[28.1075,36.4186],[28.2072,36.4425],[28.2108,36.4525],[28.2128,36.4555],[28.2158,36.4578],[28.2192,36.4569],[28.2258,36.453],[28.2339,36.4414],[28.238,36.4311],[28.2069,36.3436],[28.1869,36.3],[28.1414,36.2105],[28.1228,36.1858],[28.0636,36.1119],[28.0092,36.0689],[27.9567,36.045],[27.9458,36.0347],[27.9317,36.0186],[27.9061,35.9881],[27.8989,35.9756],[27.8928,35.9608],[27.8656,35.9322],[27.8428,35.9136],[27.8394,35.9117],[27.7997,35.8933],[27.7867,35.8905]]]]}},{"type":"Feature","properties":{"NAME":null,"ABBREVN":null,"SUBJECTO":null,"BORDERPRECISION":1,"PARTOF":null},"geometry":{"type":"MultiPolygon","coordinates":[[[[27.4003,36.3725],[27.3956,36.3717],[27.3178,36.4108],[27.2975,36.4222],[27.2947,36.4244],[27.2958,36.4611],[27.2978,36.4644],[27.3031,36.4692],[27.3544,36.4767],[27.3589,36.4755],[27.3622,36.4736],[27.443,36.4111],[27.4458,36.4086],[27.4475,36.4055],[27.4472,36.4017],[27.4389,36.3914],[27.4175,36.3767],[27.4133,36.3755],[27.4003,36.3725]]]]}},{"type":"Feature","properties":{"NAME":null,"ABBREVN":null,"SUBJECTO":null,"BORDERPRECISION":1,"PARTOF":null},"geometry":{"type":"MultiPolygon","coordinates":[[[[26.3422,36.5064],[26.318,36.5047],[26.3125,36.505],[26.3044,36.5078],[26.2972,36.5111],[26.2886,36.518],[26.2869,36.5211],[26.2706,36.5561],[26.2622,36.5769],[26.26,36.5842],[26.2608,36.5883],[26.2625,36.5917],[26.2653,36.5939],[26.3803,36.6403],[26.3856,36.6405],[26.4061,36.6339],[26.4094,36.6322],[26.4583,36.6008],[26.4605,36.5981],[26.4722,36.58],[26.4711,36.5783],[26.4667,36.5764],[26.4058,36.5653],[26.3542,36.5194],[26.3558,36.5117],[26.3558,36.508],[26.3422,36.5064]]]]}},{"type":"Feature","properties":{"NAME":null,"ABBREVN":null,"SUBJECTO":null,"BORDERPRECISION":1,"PARTOF":null},"geometry":{"type":"MultiPolygon","coordinates":[[[[27.8547,36.5272],[27.8403,36.525],[27.7967,36.5519],[27.7905,36.5561],[27.765,36.575],[27.7689,36.5858],[27.8125,36.6281],[27.8269,36.6414],[27.8344,36.6444],[27.8511,36.6492],[27.8553,36.6503],[27.8597,36.6503],[27.8656,36.6414],[27.8667,36.6378],[27.8728,36.6147],[27.8761,36.5986],[27.8764,36.5944],[27.8753,36.5428],[27.8739,36.5389],[27.8581,36.5289],[27.8547,36.5272]]]]}},{"type":"Feature","properties":{"NAME":null,"ABBREVN":null,"SUBJECTO":null,"BORDERPRECISION":1,"PARTOF":null},"geometry":{"type":"MultiPolygon","coordinates":[[[[26.9658,36.6817],[26.9714,36.6722],[26.9667,36.6725],[26.9531,36.6753],[26.9464,36.6792],[26.9231,36.7061],[26.9208,36.7089],[26.9186,36.7161],[26.9178,36.7553],[26.9219,36.7611],[27.0608,36.8372],[27.0642,36.8389],[27.1525,36.8814],[27.1681,36.8872],[27.1775,36.8889],[27.2844,36.9006],[27.3405,36.8853],[27.3467,36.8811],[27.3528,36.8722],[27.3556,36.8653],[27.3553,36.8589],[27.3442,36.8494],[27.3294,36.8428],[27.3025,36.8375],[27.2794,36.8342],[27.2433,36.8269],[27.2183,36.8197],[27.0361,36.7661],[27.028,36.7636],[26.9922,36.7514],[26.9806,36.7469],[26.9742,36.7428],[26.9719,36.7403],[26.9706,36.7364],[26.9664,36.7036],[26.9658,36.6817]]]]}},{"type":"Feature","properties":{"NAME":null,"ABBREVN":null,"SUBJECTO":null,"BORDERPRECISION":1,"PARTOF":null},"geometry":{"type":"MultiPolygon","coordinates":[[[[26.9756,36.9244],[26.9697,36.9244],[26.9464,36.9281],[26.9356,36.9322],[26.9192,36.9467],[26.8819,37.0689],[26.8867,37.0733],[26.8908,37.0764],[26.9605,37.0561],[26.9858,37.0442],[27.0483,36.9936],[27.05,36.9906],[27.05,36.9492],[27.0494,36.9461],[27.0458,36.9442],[26.9756,36.9244]]]]}},{"type":"Feature","properties":{"NAME":null,"ABBREVN":null,"SUBJECTO":null,"BORDERPRECISION":1,"PARTOF":null},"geometry":{"type":"MultiPolygon","coordinates":[[[[26.8867,37.0967],[26.8639,37.0953],[26.8539,37.0967],[26.8494,37.0978],[26.8206,37.1106],[26.7694,37.1694],[26.7683,37.1733],[26.7692,37.1764],[26.778,37.1878],[26.7808,37.19],[26.7856,37.1908],[26.8206,37.1872],[26.855,37.1828],[26.8583,37.1811],[26.8606,37.1772],[26.8725,37.1506],[26.8889,37.1092],[26.8897,37.1017],[26.8892,37.0986],[26.8867,37.0967]]]]}},{"type":"Feature","properties":{"NAME":null,"ABBREVN":null,"SUBJECTO":null,"BORDERPRECISION":1,"PARTOF":null},"geometry":{"type":"MultiPolygon","coordinates":[[[[20.6125,38.3942],[20.6806,38.2775],[20.8117,38.1214],[20.8133,38.1183],[20.8136,38.1144],[20.8119,38.1056],[20.7967,38.0667],[20.7925,38.0603],[20.7881,38.0594],[20.735,38.0608],[20.5578,38.0906],[20.5172,38.1025],[20.5128,38.1039],[20.3778,38.1567],[20.3444,38.175],[20.3414,38.1772],[20.34,38.1844],[20.3408,38.1969],[20.3422,38.2008],[20.3561,38.2319],[20.3986,38.3256],[20.4408,38.328],[20.4428,38.325],[20.4736,38.3092],[20.4786,38.3081],[20.4836,38.3083],[20.4872,38.3097],[20.5006,38.3172],[20.5072,38.3211],[20.5164,38.3278],[20.5364,38.3447],[20.5447,38.3575],[20.5467,38.3611],[20.5475,38.3647],[20.5506,38.3878],[20.5478,38.3942],[20.5397,38.4094],[20.5344,38.4328],[20.5339,38.4367],[20.5369,38.4678],[20.5392,38.4706],[20.5431,38.4719],[20.5483,38.4719],[20.5622,38.4711],[20.5711,38.468],[20.6125,38.3942]]]]}},{"type":"Feature","properties":{"NAME":null,"ABBREVN":null,"SUBJECTO":null,"BORDERPRECISION":1,"PARTOF":null},"geometry":{"type":"MultiPolygon","coordinates":[[[[26.0256,38.1769],[26.0147,38.1494],[25.9961,38.1553],[25.9717,38.1636],[25.9647,38.1675],[25.925,38.1947],[25.8642,38.2383],[25.8625,38.2414],[25.8625,38.2461],[25.8644,38.2539],[25.8692,38.2639],[25.8739,38.2694],[25.9064,38.2903],[25.9181,38.2947],[25.9367,38.2972],[25.9425,38.2972],[25.9917,38.3439],[25.9897,38.3753],[25.9892,38.3839],[25.988,38.3875],[25.9458,38.4553],[25.9394,38.4594],[25.9167,38.4683],[25.9078,38.4706],[25.8922,38.4719],[25.8881,38.4736],[25.8817,38.4778],[25.8608,38.4939],[25.8519,38.5008],[25.8458,38.5094],[25.8272,38.5361],[25.8256,38.5394],[25.825,38.5436],[25.8436,38.5705],[25.8511,38.578],[25.8617,38.5836],[25.87,38.5864],[25.8847,38.5889],[26.0014,38.6014],[26.1386,38.565],[26.1508,38.5561],[26.1578,38.5478],[26.1594,38.5444],[26.1606,38.538],[26.1389,38.4317],[26.1336,38.4175],[26.1333,38.4083],[26.1461,38.3636],[26.1614,38.3292],[26.1631,38.3261],[26.1611,38.3053],[26.1603,38.3014],[26.1022,38.2469],[26.0356,38.1919],[26.0272,38.1803],[26.0256,38.1769]]]]}},{"type":"Feature","properties":{"NAME":null,"ABBREVN":null,"SUBJECTO":null,"BORDERPRECISION":1,"PARTOF":null},"geometry":{"type":"MultiPolygon","coordinates":[[[[26.3772,39.2736],[26.3778,39.2694],[26.38,39.2667],[26.3833,39.2647],[26.405,39.2539],[26.4747,39.2194],[26.5283,39.1542],[26.6067,39.0533],[26.6122,39.0442],[26.6183,39.0261],[26.6189,39.0219],[26.6169,39.0153],[26.6144,39.0125],[26.5253,38.9742],[26.5183,38.9725],[26.4506,38.9683],[26.3903,38.9711],[26.3239,38.9778],[26.1875,39.0172],[26.1364,39.0403],[26.0892,39.0722],[26.0869,39.075],[26.0886,39.078],[26.1078,39.0908],[26.1125,39.0917],[26.1172,39.0908],[26.1675,39.1028],[26.2769,39.1564],[26.2861,39.1678],[26.2928,39.1764],[26.2933,39.1805],[26.2922,39.1842],[26.2869,39.1894],[26.2617,39.2025],[26.2525,39.2044],[26.2406,39.2044],[26.2353,39.2042],[26.1992,39.2011],[26.1725,39.1947],[26.1653,39.1911],[26.1611,39.185],[26.1578,39.1692],[26.1536,39.1586],[26.1122,39.1122],[26.1097,39.1097],[26.0847,39.0897],[26.0775,39.0861],[26.068,39.0844],[26.0628,39.0847],[26.0453,39.0894],[25.9881,39.1052],[25.89,39.1411],[25.8642,39.1536],[25.8367,39.1781],[25.8339,39.1805],[25.8322,39.1836],[25.8547,39.25],[25.8564,39.2531],[25.8619,39.258],[25.8803,39.2711],[25.9078,39.2869],[25.9239,39.2919],[25.9219,39.2842],[25.9225,39.28],[25.9247,39.2772],[25.9289,39.2758],[25.9503,39.2739],[25.9786,39.2719],[25.9844,39.2717],[26.1692,39.3236],[26.1728,39.3256],[26.1758,39.3278],[26.1764,39.3319],[26.1708,39.3456],[26.165,39.3678],[26.1658,39.3719],[26.1783,39.375],[26.2217,39.383],[26.2275,39.383],[26.3239,39.3744],[26.3961,39.3411],[26.42,39.3258],[26.4147,39.3225],[26.395,39.3058],[26.3925,39.3031],[26.3797,39.2853],[26.3772,39.2736]]]]}}]}