{"type":"FeatureCollection","name":"world_1914","crs":{"type":"name","properties":{"name":"urn:ogc:def:crs:OGC:1.3:CRS84"}},"features":[{"type":"Feature","properties":{"NAME":"Luxembourg","ABBREVN":"Luxembourg","SUBJECTO":"Luxembourg","BORDERPRECISION":3,"PARTOF":"Luxembourg"},"geometry":{"type":"MultiPolygon","coordinates":[[[[5.8235,49.5071],[5.8844,49.6635],[5.7451,49.7553],[5.7379,49.9025],[5.8338,50.0474],[5.9438,50.1138],[6.0074,50.15],[6.1085,50.1175],[6.1366,49.982],[6.3215,49.8416],[6.5309,49.7984],[6.5114,49.6689],[6.3995,49.6042],[6.433,49.4453],[6.368,49.4735],[6.2605,49.4757],[6.1123,49.4787],[5.8235,49.5071]]]]}},{"type":"Feature","properties":{"NAME":"Switzerland","ABBREVN":"Switzerland","SUBJECTO":"Switzerland","BORDERPRECISION":3,"PARTOF":"Switzerland"},"geometry":{"type":"MultiPolygon","coordinates":[[[[9.5843,47.4091],[9.4646,47.2855],[9.5608,47.1559],[9.5208,47.0694],[9.8006,47.0417],[9.8042,46.9769],[10.0515,46.8677],[10.3118,47.017],[10.4086,46.9645],[10.3957,46.8874],[10.3387,46.7483],[10.3892,46.6528],[10.3721,46.5663],[10.2303,46.5893],[10.1512,46.6619],[10.0237,46.6209],[9.9874,46.4981],[10.0971,46.4389],[9.9945,46.2525],[9.885,46.4025],[9.6737,46.3798],[9.642,46.3252],[9.5449,46.3116],[9.441,46.3752],[9.3768,46.5345],[9.2101,46.4981],[9.2183,46.348],[9.027,46.1752],[9.0189,45.9344],[8.8907,45.8662],[8.7176,46.007],[8.7617,46.0888],[8.6219,46.1207],[8.3816,46.2843],[8.3745,46.4708],[8.0248,46.2888],[8.0709,46.1934],[7.9139,45.999],[7.7899,45.927],[7.5068,46.0025],[7.2248,45.9109],[6.9553,45.9389],[6.9099,46.1298],[6.8074,46.394],[6.8569,46.3853],[6.8605,46.3957],[6.9187,46.3952],[6.9309,46.4084],[6.9009,46.4397],[6.8579,46.4495],[6.832,46.4668],[6.7765,46.4734],[6.7691,46.4926],[6.7461,46.4871],[6.7427,46.4886],[6.7209,46.4856],[6.6894,46.5002],[6.592,46.5177],[6.5588,46.5072],[6.5111,46.5159],[6.4486,46.4736],[6.3994,46.4587],[6.3848,46.4643],[6.3469,46.4609],[6.2913,46.4227],[6.2741,46.3901],[6.2589,46.3925],[6.2482,46.3861],[6.1714,46.2958],[6.1478,46.2067],[6.1722,46.2119],[6.1938,46.2384],[6.1991,46.264],[6.2353,46.2891],[6.2778,46.3504],[6.3035,46.366],[6.3435,46.3701],[6.3609,46.3479],[6.3837,46.3416],[6.1079,46.1255],[5.9415,46.1755],[6.049,46.2772],[6.0546,46.4219],[6.0186,46.4835],[6.0584,46.6161],[6.3815,46.8041],[6.3643,46.946],[6.6233,47.054],[6.6287,47.088],[6.8663,47.3102],[6.9442,47.3257],[6.892,47.3658],[6.823,47.3782],[6.9219,47.5141],[7.1229,47.511],[7.1209,47.4678],[7.3334,47.4647],[7.5066,47.6037],[7.6284,47.5635],[7.751,47.6161],[7.8727,47.5728],[8.128,47.6439],[8.2531,47.5944],[8.4123,47.6037],[8.332,47.6933],[8.6508,47.783],[8.6586,47.715],[8.748,47.7212],[8.8154,47.681],[8.9835,47.6796],[8.9357,47.659],[8.8942,47.652],[8.8598,47.6572],[8.9065,47.6447],[8.961,47.6568],[8.9835,47.67],[9.0657,47.6742],[9.0902,47.673],[9.0963,47.666],[9.1779,47.6643],[9.1912,47.648],[9.3001,47.6107],[9.3824,47.5712],[9.3868,47.5443],[9.4374,47.5189],[9.4358,47.5065],[9.4662,47.4963],[9.4819,47.4817],[9.5299,47.4814],[9.5393,47.4872],[9.5843,47.4091]]],[[[9.1986,47.6779],[9.2161,47.671],[9.2179,47.6663],[9.1243,47.6707],[9.1181,47.6785],[9.1986,47.6779]]]]}},{"type":"Feature","properties":{"NAME":"United Kingdom of Great Britain and Ireland","ABBREVN":"UK+Ireland","SUBJECTO":"United Kingdom of Great Britain and Ireland","BORDERPRECISION":3,"PARTOF":"United Kingdom of Great Britain and Ireland"},"geometry":{"type":"MultiPolygon","coordinates":[[[[-77.2908,17.806],[-77.4253,17.8311],[-77.7373,17.9321],[-77.8405,18.0527],[-78.0518,18.2175],[-78.2611,18.2552],[-78.3249,18.3504],[-78.0864,18.478],[-77.7695,18.5105],[-77.1559,18.3974],[-76.7192,18.2394],[-76.4264,18.1193],[-76.3007,17.9924],[-76.3186,17.9034],[-76.4677,17.8713],[-76.8055,18.0041],[-77.0503,17.9781],[-77.1523,17.8635],[-77.2908,17.806]]],[[[-73.0372,21.1394],[-73.1236,21.0089],[-73.1411,20.9833],[-73.1478,20.9756],[-73.1517,20.9722],[-73.1622,20.9689],[-73.3108,20.9361],[-73.4528,20.9247],[-73.4669,20.925],[-73.5247,20.9339],[-73.5567,20.9403],[-73.5886,20.9467],[-73.5958,20.9472],[-73.602,20.9464],[-73.6125,20.9431],[-73.6628,20.9153],[-73.6681,20.9178],[-73.6806,20.9269],[-73.6839,20.9306],[-73.6858,20.9356],[-73.7022,20.9997],[-73.6556,21.0819],[-73.6406,21.1017],[-73.5364,21.1833],[-73.5317,21.1858],[-73.5272,21.1869],[-73.4222,21.1942],[-73.3497,21.1725],[-73.3417,21.1661],[-73.3372,21.1631],[-73.3067,21.1492],[-73.2611,21.1342],[-73.2558,21.1358],[-73.1547,21.1756],[-73.1381,21.1875],[-73.0864,21.2667],[-73.0836,21.2714],[-73.0753,21.2922],[-73.0703,21.3167],[-73.0672,21.3192],[-73.0533,21.3264],[-73.0314,21.3325],[-73.0244,21.3325],[-73.0178,21.3314],[-73.0089,21.3258],[-73.0061,21.3217],[-73.0025,21.3117],[-73.0031,21.3047],[-73.0214,21.175],[-73.0233,21.1694],[-73.0345,21.1439],[-73.0372,21.1394]]],[[[-72.9247,21.4836],[-72.9295,21.4811],[-72.9364,21.4808],[-72.9508,21.4819],[-72.957,21.4811],[-73.0111,21.4581],[-73.0195,21.4525],[-73.0233,21.4492],[-73.0381,21.435],[-73.0475,21.4442],[-73.0675,21.5014],[-73.0675,21.5078],[-73.065,21.5125],[-73.0564,21.5181],[-73.0195,21.5306],[-72.9781,21.5406],[-72.9225,21.5136],[-72.9183,21.5106],[-72.9114,21.5033],[-72.9108,21.4983],[-72.9136,21.4936],[-72.9169,21.4897],[-72.9247,21.4836]]],[[[-72.8292,22.3822],[-72.7622,22.3517],[-72.7406,22.3369],[-72.7386,22.3319],[-72.7375,22.3264],[-72.7403,22.3217],[-72.7503,22.31],[-72.7683,22.2919],[-72.7814,22.2842],[-72.7875,22.2831],[-72.8108,22.3097],[-72.8142,22.3133],[-72.8603,22.3478],[-72.8747,22.3558],[-72.8856,22.3603],[-72.8997,22.3625],[-72.9889,22.3664],[-73.0111,22.3603],[-73.0206,22.3556],[-73.0286,22.3492],[-73.0425,22.3419],[-73.0539,22.3392],[-73.0606,22.3392],[-73.0817,22.3406],[-73.1561,22.3597],[-73.162,22.3617],[-73.1645,22.3658],[-73.1647,22.3708],[-73.1636,22.3769],[-73.14,22.4283],[-73.0817,22.4436],[-73.0675,22.4419],[-73.0231,22.4325],[-72.8292,22.3822]]],[[[-73.6103,22.5797],[-73.6164,22.5786],[-73.6231,22.58],[-73.6206,22.5997],[-73.6044,22.6139],[-73.5983,22.6147],[-73.5942,22.6117],[-73.5933,22.6061],[-73.5958,22.6014],[-73.6044,22.5883],[-73.6103,22.5797]]],[[[-73.4628,22.6019],[-73.4653,22.5972],[-73.4711,22.5975],[-73.5514,22.6122],[-73.5475,22.6153],[-73.5383,22.6189],[-73.5322,22.62],[-73.5189,22.6203],[-73.4978,22.6189],[-73.4847,22.6167],[-73.4722,22.6136],[-73.4644,22.6069],[-73.4628,22.6019]]],[[[-74.3778,22.5389],[-74.3822,22.5367],[-74.3861,22.5375],[-74.3881,22.5486],[-74.3878,22.5556],[-74.3853,22.5678],[-74.3795,22.5764],[-74.3761,22.5803],[-74.2845,22.6656],[-74.28,22.6625],[-74.2756,22.6533],[-74.2775,22.6478],[-74.3161,22.6],[-74.3703,22.5461],[-74.3778,22.5389]]],[[[-73.8472,22.7236],[-73.8369,22.5517],[-73.8589,22.4903],[-73.8675,22.4694],[-73.9772,22.3456],[-73.9947,22.3344],[-74.0131,22.3244],[-74.1042,22.2953],[-74.1517,22.2522],[-74.155,22.2475],[-74.1617,22.2397],[-74.1806,22.2231],[-74.1839,22.2206],[-74.2764,22.1706],[-74.2814,22.1731],[-74.2767,22.2169],[-74.1783,22.2953],[-74.0397,22.3967],[-73.9214,22.4656],[-73.9108,22.4689],[-73.8869,22.4881],[-73.8678,22.5122],[-73.8639,22.5231],[-73.8639,22.5294],[-73.8697,22.5442],[-73.8786,22.5628],[-73.8856,22.5703],[-73.8925,22.5775],[-73.8994,22.5847],[-73.9214,22.5994],[-73.9275,22.5986],[-73.9383,22.595],[-73.9617,22.5903],[-73.9747,22.5892],[-73.9819,22.5897],[-73.9936,22.5933],[-74.0147,22.6022],[-74.0353,22.6181],[-74.0378,22.6225],[-73.9839,22.6719],[-73.972,22.6817],[-73.95,22.6947],[-73.9247,22.7089],[-73.8578,22.7297],[-73.852,22.7314],[-73.8492,22.7286],[-73.8472,22.7236]]],[[[-74.0736,22.6633],[-74.0889,22.6575],[-74.1583,22.6719],[-74.1642,22.6736],[-74.2042,22.6864],[-74.2725,22.7144],[-74.3436,22.8033],[-74.3475,22.8194],[-74.347,22.8264],[-74.3439,22.835],[-74.3053,22.8431],[-74.2995,22.8411],[-74.2189,22.8083],[-74.0228,22.7189],[-74.0178,22.7164],[-74.0244,22.7086],[-74.0736,22.6633]]],[[[-73.7289,23.0706],[-73.7778,23.0664],[-73.7847,23.0675],[-73.8111,23.085],[-73.8153,23.0881],[-73.8136,23.0969],[-73.7833,23.1019],[-73.7706,23.1031],[-73.6964,23.1028],[-73.6886,23.1022],[-73.6828,23.1006],[-73.6728,23.0958],[-73.6683,23.0928],[-73.665,23.0889],[-73.7289,23.0706]]],[[[-75.5511,23.4314],[-75.5286,23.4169],[-75.5253,23.4133],[-75.5231,23.4083],[-75.525,23.4044],[-75.5317,23.4042],[-75.5411,23.4094],[-75.5472,23.4111],[-75.5897,23.4219],[-75.6164,23.42],[-75.6222,23.4217],[-75.6408,23.435],[-75.6445,23.4389],[-75.6492,23.4481],[-75.6511,23.4531],[-75.6508,23.4558],[-75.6381,23.4569],[-75.6239,23.4556],[-75.5656,23.4392],[-75.5603,23.4369],[-75.5511,23.4314]]],[[[-75.0214,23.1064],[-75.0164,23.1042],[-75.0089,23.1036],[-74.9675,23.1047],[-74.9617,23.1028],[-74.9253,23.0869],[-74.8503,23.0042],[-74.8475,23.0],[-74.8411,22.965],[-74.8322,22.9011],[-74.8278,22.8656],[-74.8306,22.8608],[-74.8353,22.8583],[-74.8406,22.8567],[-74.8475,22.8564],[-74.8533,22.8581],[-74.9006,22.9486],[-74.91,22.9672],[-74.9258,23.0061],[-74.9358,23.0239],[-74.9631,23.0603],[-74.9692,23.0681],[-74.9722,23.0711],[-74.9767,23.0742],[-74.9867,23.0789],[-74.9931,23.08],[-75.0356,23.0844],[-75.0506,23.0856],[-75.065,23.0856],[-75.0842,23.0889],[-75.0921,23.0965],[-75.1011,23.1008],[-75.1238,23.1137],[-75.1293,23.1168],[-75.1686,23.1428],[-75.1633,23.1542],[-75.1613,23.1565],[-75.1569,23.1595],[-75.132,23.1502],[-75.1276,23.1458],[-75.1261,23.1432],[-75.1239,23.1373],[-75.1263,23.1353],[-75.1338,23.1362],[-75.1429,23.1405],[-75.1448,23.1407],[-75.1436,23.1377],[-75.1416,23.1355],[-75.1266,23.1238],[-75.1239,23.122],[-75.0905,23.1063],[-75.0828,23.1047],[-75.0731,23.1094],[-75.0683,23.1119],[-75.0858,23.138],[-75.1075,23.1647],[-75.1081,23.2703],[-75.1211,23.3311],[-75.1267,23.3461],[-75.1314,23.3553],[-75.1367,23.3639],[-75.1795,23.3981],[-75.2572,23.4897],[-75.3033,23.6303],[-75.3075,23.6678],[-75.3039,23.665],[-75.2864,23.6467],[-75.2747,23.63],[-75.1095,23.3483],[-75.1,23.33],[-75.0981,23.325],[-75.0847,23.2711],[-75.0825,23.26],[-75.0822,23.2536],[-75.0842,23.2353],[-75.0856,23.2289],[-75.0856,23.2097],[-75.0789,23.1761],[-75.0728,23.155],[-75.0689,23.1453],[-75.0661,23.1408],[-75.055,23.1306],[-75.03,23.1125],[-75.0214,23.1064]]],[[[-75.772,23.4997],[-75.8056,23.4947],[-75.805,23.5003],[-75.9097,23.5681],[-75.9344,23.5803],[-75.9445,23.585],[-75.9558,23.5892],[-75.9911,23.5994],[-76.0325,23.6469],[-76.0331,23.6519],[-76.0286,23.6725],[-76.0203,23.6753],[-75.9961,23.6742],[-75.9186,23.6264],[-75.772,23.4997]]],[[[-74.782,23.6839],[-74.7917,23.6647],[-74.8114,23.645],[-74.8197,23.6394],[-74.8431,23.6519],[-74.8822,23.6619],[-74.9114,23.6669],[-74.9183,23.6667],[-74.9314,23.6586],[-74.937,23.6569],[-74.9395,23.6611],[-74.9453,23.6761],[-74.9486,23.6853],[-74.935,23.6933],[-74.9303,23.6958],[-74.8511,23.7167],[-74.8383,23.7178],[-74.802,23.7183],[-74.797,23.7175],[-74.7781,23.6947],[-74.782,23.6839]]],[[[-76.3639,24.0722],[-76.3217,23.9728],[-76.3278,23.9731],[-76.332,23.9761],[-76.335,23.9803],[-76.3378,23.9847],[-76.3961,24.08],[-76.3986,24.0842],[-76.4,24.0897],[-76.4014,24.1017],[-76.3983,24.1133],[-76.3922,24.1142],[-76.3861,24.1125],[-76.3772,24.1003],[-76.3639,24.0722]]],[[[-74.4903,23.9544],[-74.4969,23.9542],[-74.5278,23.9567],[-74.5414,23.9692],[-74.5372,23.98],[-74.5236,24.0322],[-74.5231,24.0392],[-74.5236,24.0517],[-74.5303,24.0761],[-74.5269,24.1008],[-74.5242,24.1056],[-74.5111,24.1211],[-74.5064,24.1236],[-74.4664,24.1411],[-74.4608,24.1428],[-74.4583,24.1386],[-74.4256,24.0806],[-74.4236,24.0756],[-74.4353,24.0419],[-74.4381,24.0372],[-74.487,23.9583],[-74.4903,23.9544]]],[[[-77.9467,24.15],[-77.9522,24.1481],[-77.9583,24.1483],[-77.9669,24.1542],[-77.9706,24.1578],[-77.9739,24.1814],[-77.9736,24.1881],[-77.9717,24.1936],[-77.8517,24.2525],[-77.8456,24.2539],[-77.8386,24.2542],[-77.8061,24.2547],[-77.8003,24.2533],[-77.7992,24.2489],[-77.8,24.2428],[-77.8089,24.2314],[-77.8858,24.1756],[-77.9467,24.15]]],[[[-77.9367,24.2258],[-77.9417,24.2233],[-77.9958,24.2256],[-78.0172,24.2411],[-78.0197,24.2453],[-78.0195,24.2508],[-78.015,24.2533],[-77.9386,24.2797],[-77.9311,24.2794],[-77.9275,24.2772],[-77.9247,24.2731],[-77.9233,24.2675],[-77.9231,24.2611],[-77.9367,24.2258]]],[[[-76.4689,24.21],[-76.4747,24.2089],[-76.5036,24.2178],[-76.5447,24.2764],[-76.5467,24.2814],[-76.5472,24.2875],[-76.5453,24.2903],[-76.5425,24.2914],[-76.5364,24.2911],[-76.5314,24.2889],[-76.5231,24.2822],[-76.4664,24.2236],[-76.4644,24.2186],[-76.4647,24.2131],[-76.4689,24.21]]],[[[-77.7356,24.0286],[-77.7281,24.0283],[-77.722,24.0292],[-77.7167,24.0311],[-77.7078,24.0403],[-77.7022,24.0492],[-77.6667,24.1206],[-77.6394,24.1931],[-77.6383,24.1992],[-77.6342,24.2094],[-77.63,24.2128],[-77.6194,24.2164],[-77.612,24.2161],[-77.6067,24.2139],[-77.6003,24.2058],[-77.5825,24.1822],[-77.5769,24.1739],[-77.5514,24.1292],[-77.5475,24.1194],[-77.5461,24.1139],[-77.517,23.9278],[-77.5167,23.9217],[-77.5197,23.8611],[-77.5244,23.8297],[-77.5261,23.8242],[-77.5528,23.7536],[-77.5558,23.7497],[-77.567,23.7392],[-77.5717,23.7367],[-77.5822,23.7331],[-77.6053,23.7272],[-77.6128,23.7275],[-77.7731,23.7428],[-77.7744,23.7469],[-77.7486,23.7789],[-77.7447,23.7822],[-77.7389,23.7806],[-77.6818,23.7603],[-77.6696,23.7664],[-77.6686,23.7794],[-77.5889,23.8228],[-77.5736,23.8367],[-77.5728,23.8428],[-77.5756,23.8472],[-77.5817,23.8489],[-77.5889,23.8492],[-77.595,23.8481],[-77.6058,23.8444],[-77.6442,23.8178],[-77.6967,23.7767],[-77.7036,23.7761],[-77.7208,23.7819],[-77.7303,23.7869],[-77.8083,23.8786],[-77.8767,24.0731],[-77.8525,24.1603],[-77.7164,24.2694],[-77.7011,24.2847],[-77.6972,24.2881],[-77.6825,24.295],[-77.6764,24.2961],[-77.6703,24.2944],[-77.6631,24.2872],[-77.6342,24.2522],[-77.6328,24.2481],[-77.6367,24.2303],[-77.64,24.2261],[-77.6528,24.2247],[-77.6628,24.2203],[-77.6708,24.2139],[-77.7333,24.1608],[-77.755,24.1389],[-77.7572,24.1342],[-77.7417,24.0303],[-77.7356,24.0286]]],[[[-77.687,24.3372],[-77.7967,24.3081],[-77.8017,24.3106],[-77.8047,24.3147],[-77.8067,24.3197],[-77.8042,24.3242],[-77.7933,24.3328],[-77.7742,24.3458],[-77.7711,24.3478],[-77.7603,24.3542],[-77.7442,24.3597],[-77.727,24.3644],[-77.7033,24.3697],[-77.6958,24.3692],[-77.6925,24.3656],[-77.6825,24.3472],[-77.6839,24.3411],[-77.687,24.3372]]],[[[-75.3147,24.2139],[-75.2897,24.1497],[-75.29,24.1442],[-75.297,24.1439],[-75.3336,24.1522],[-75.3419,24.1583],[-75.3464,24.16],[-75.4286,24.1508],[-75.4383,24.1458],[-75.4625,24.1225],[-75.5033,24.1294],[-75.5078,24.1325],[-75.515,24.1397],[-75.5258,24.1556],[-75.5167,24.1606],[-75.4728,24.1817],[-75.4631,24.2881],[-75.4675,24.2908],[-75.4708,24.2944],[-75.5064,24.3442],[-75.5181,24.3606],[-75.53,24.3836],[-75.5802,24.4673],[-75.5837,24.4763],[-75.5851,24.4826],[-75.5874,24.4884],[-75.5949,24.5058],[-75.5966,24.5084],[-75.6331,24.5523],[-75.6374,24.5566],[-75.6911,24.6219],[-75.6956,24.625],[-75.7231,24.6425],[-75.7375,24.6439],[-75.7444,24.6458],[-75.7547,24.6503],[-75.7592,24.6533],[-75.7608,24.6583],[-75.7583,24.6631],[-75.7395,24.695],[-75.7347,24.6975],[-75.7286,24.6986],[-75.715,24.6964],[-75.71,24.6942],[-75.6842,24.6822],[-75.6375,24.655],[-75.6331,24.6519],[-75.6267,24.6439],[-75.6236,24.6347],[-75.6007,24.5768],[-75.6013,24.5684],[-75.5965,24.5529],[-75.5935,24.5436],[-75.5239,24.43],[-75.4767,24.3694],[-75.4728,24.3658],[-75.4514,24.3506],[-75.4411,24.3461],[-75.4317,24.3406],[-75.4056,24.3225],[-75.3983,24.3153],[-75.395,24.3117],[-75.3195,24.2231],[-75.3147,24.2139]]],[[[-77.4364,25.0081],[-77.4658,24.9867],[-77.4733,24.9869],[-77.5414,24.9919],[-77.5467,24.995],[-77.5578,25.0119],[-77.5614,25.0211],[-77.5614,25.0275],[-77.5531,25.0333],[-77.5183,25.0564],[-77.5056,25.0628],[-77.4556,25.0756],[-77.4494,25.0769],[-77.4358,25.0775],[-77.3589,25.0797],[-77.33,25.0769],[-77.27,25.0606],[-77.2606,25.0544],[-77.2586,25.0494],[-77.2581,25.0433],[-77.2622,25.04],[-77.3411,25.0169],[-77.4311,25.01],[-77.4364,25.0081]]],[[[-78.192,25.2036],[-78.0447,25.1803],[-78.0389,25.1786],[-78.0283,25.1739],[-77.9908,25.1525],[-77.9864,25.1497],[-77.9828,25.1461],[-77.9456,24.9917],[-77.8864,24.8561],[-77.8817,24.8469],[-77.8733,24.8342],[-77.8428,24.7944],[-77.8292,24.7794],[-77.8147,24.765],[-77.8067,24.7583],[-77.7736,24.7328],[-77.7433,24.62],[-77.7217,24.5289],[-77.7167,24.5067],[-77.7164,24.5003],[-77.7172,24.4942],[-77.7208,24.4833],[-77.7253,24.4733],[-77.7383,24.4564],[-77.7431,24.4539],[-77.7606,24.45],[-77.8047,24.4436],[-77.8533,24.4256],[-77.8578,24.4231],[-77.8614,24.4192],[-77.8639,24.4144],[-77.8667,24.4028],[-77.8658,24.3903],[-77.862,24.3806],[-77.8642,24.3758],[-77.8714,24.3686],[-78.0114,24.2772],[-78.0214,24.2728],[-78.0345,24.2714],[-78.0403,24.2731],[-78.0447,24.2758],[-78.0475,24.2803],[-78.0508,24.2906],[-78.0631,24.3333],[-78.0686,24.3547],[-78.0708,24.3597],[-78.0792,24.3725],[-78.0864,24.3797],[-78.0953,24.3856],[-78.2142,24.4592],[-78.2808,24.4894],[-78.3111,24.5039],[-78.3208,24.5089],[-78.3436,24.5222],[-78.3603,24.5347],[-78.3908,24.5628],[-78.4406,24.6136],[-78.4397,24.6197],[-78.3256,24.7089],[-78.3208,24.7114],[-78.3147,24.7111],[-78.309,24.7067],[-78.2995,24.6975],[-78.2925,24.6836],[-78.2906,24.6786],[-78.2881,24.6675],[-78.2878,24.6558],[-78.2914,24.645],[-78.3047,24.6219],[-78.3283,24.6022],[-78.3325,24.5922],[-78.3314,24.5864],[-78.3275,24.5831],[-78.3217,24.5814],[-78.2486,24.5619],[-78.2356,24.56],[-78.2294,24.5611],[-78.2242,24.5631],[-78.2203,24.5664],[-78.1928,24.5975],[-78.1931,24.6106],[-78.1945,24.6161],[-78.2567,24.7228],[-78.2667,24.7211],[-78.2619,24.705],[-78.2603,24.68],[-78.2619,24.6747],[-78.265,24.6706],[-78.272,24.6703],[-78.2756,24.6739],[-78.3058,24.7211],[-78.295,24.7608],[-78.2914,24.7717],[-78.2889,24.7764],[-78.2753,24.7917],[-78.2358,24.8347],[-78.2106,24.8572],[-78.205,24.8589],[-78.1994,24.8678],[-78.1772,24.9172],[-78.1567,25.0231],[-78.1556,25.0361],[-78.1611,25.0578],[-78.1653,25.0675],[-78.1881,25.1144],[-78.2117,25.1739],[-78.2144,25.185],[-78.2136,25.1975],[-78.2119,25.2028],[-78.205,25.2019],[-78.192,25.2036]]],[[[-76.5333,25.3983],[-76.4103,25.3403],[-76.3497,25.3433],[-76.3288,25.3196],[-76.3232,25.2977],[-76.3131,25.2872],[-76.1322,25.1461],[-76.1217,25.1353],[-76.1189,25.1311],[-76.1131,25.1164],[-76.1106,25.105],[-76.1092,25.0803],[-76.11,25.0667],[-76.1394,24.8461],[-76.1683,24.69],[-76.2161,24.7153],[-76.3203,24.7936],[-76.3275,24.8008],[-76.3358,24.8136],[-76.3378,24.8186],[-76.3381,24.825],[-76.2111,24.8658],[-76.145,25.0092],[-76.1439,25.0153],[-76.1436,25.0647],[-76.145,25.0772],[-76.1519,25.1044],[-76.1633,25.1278],[-76.1717,25.1408],[-76.175,25.1444],[-76.1875,25.1539],[-76.2081,25.1633],[-76.2456,25.1722],[-76.2545,25.1781],[-76.3145,25.2536],[-76.3256,25.2706],[-76.3331,25.2842],[-76.3369,25.2939],[-76.3397,25.2983],[-76.3425,25.3025],[-76.3558,25.3183],[-76.3664,25.3217],[-76.3783,25.325],[-76.3986,25.3281],[-76.507,25.3508],[-76.5131,25.3525],[-76.5228,25.3578],[-76.5314,25.3636],[-76.5395,25.3703],[-76.5431,25.3739],[-76.5522,25.3861],[-76.5594,25.3933],[-76.5756,25.4067],[-76.5878,25.4161],[-76.5964,25.4222],[-76.6069,25.4267],[-76.6189,25.43],[-76.6325,25.4322],[-76.7158,25.4417],[-76.7353,25.5592],[-76.6783,25.5444],[-76.6803,25.4894],[-76.5333,25.3983]]],[[[-77.8219,25.7022],[-77.8283,25.7011],[-77.8383,25.7125],[-77.8881,25.7744],[-77.89,25.7794],[-77.8881,25.785],[-77.875,25.7864],[-77.8645,25.7819],[-77.8564,25.7753],[-77.8195,25.72],[-77.817,25.7158],[-77.8156,25.7103],[-77.8181,25.7056],[-77.8219,25.7022]]],[[[-77.5633,26.2689],[-77.5686,26.2672],[-77.5811,26.3186],[-77.5817,26.3247],[-77.575,26.3356],[-77.5725,26.3361],[-77.5664,26.3358],[-77.5372,26.3069],[-77.537,26.3008],[-77.5395,26.2961],[-77.5592,26.2722],[-77.5633,26.2689]]],[[[-77.9172,26.7453],[-77.9086,26.6894],[-77.9381,26.6425],[-77.9469,26.6483],[-77.9575,26.6528],[-77.9636,26.6544],[-78.0133,26.6586],[-78.0211,26.6589],[-78.2375,26.6353],[-78.2436,26.6342],[-78.2989,26.6239],[-78.3661,26.6108],[-78.5464,26.5567],[-78.6028,26.5306],[-78.6783,26.4961],[-78.6892,26.4925],[-78.7086,26.4897],[-78.7231,26.4897],[-78.73,26.4906],[-78.7533,26.4975],[-78.7589,26.4997],[-78.7722,26.5086],[-78.8192,26.5425],[-78.8272,26.5492],[-78.9686,26.6708],[-78.9789,26.6953],[-78.8745,26.6414],[-78.84,26.6169],[-78.8203,26.6003],[-78.7978,26.5858],[-78.7189,26.5836],[-78.7042,26.5839],[-78.6981,26.585],[-78.6817,26.5906],[-78.6722,26.5956],[-78.657,26.6094],[-78.6536,26.6136],[-78.6028,26.6839],[-78.5997,26.6953],[-78.6003,26.7017],[-78.5189,26.7342],[-78.3761,26.6931],[-78.3639,26.6897],[-78.3495,26.6886],[-78.3272,26.6883],[-78.3108,26.6939],[-78.2461,26.7106],[-78.1986,26.7086],[-78.1272,26.7025],[-78.1203,26.7014],[-78.1064,26.7022],[-77.9836,26.7247],[-77.9667,26.7294],[-77.9619,26.7319],[-77.9578,26.7353],[-77.9506,26.7425],[-77.9445,26.7514],[-77.9172,26.7453]]],[[[-77.735,26.9144],[-77.6969,26.9058],[-77.662,26.9031],[-77.6356,26.9058],[-77.6067,26.9108],[-77.6025,26.9142],[-77.5972,26.9144],[-77.5911,26.9131],[-77.5736,26.9075],[-77.5467,26.8967],[-77.537,26.8914],[-77.5081,26.8689],[-77.5008,26.8629],[-77.4728,26.8364],[-77.4208,26.7858],[-77.3036,26.6681],[-77.3017,26.6631],[-77.2778,26.6233],[-77.275,26.6206],[-77.2695,26.6183],[-77.2264,26.6075],[-77.1564,26.58],[-77.0897,26.5489],[-77.0764,26.54],[-77.0514,26.5208],[-77.0478,26.5172],[-77.0422,26.5089],[-77.0397,26.4978],[-77.0278,26.3597],[-77.05,26.3064],[-77.0536,26.31],[-77.0597,26.3103],[-77.0731,26.3089],[-77.0786,26.3069],[-77.1097,26.2864],[-77.1433,26.2619],[-77.1514,26.2553],[-77.1645,26.2394],[-77.1683,26.2286],[-77.1739,26.1978],[-77.1886,26.0747],[-77.1897,26.0272],[-77.1875,25.9569],[-77.1883,25.9294],[-77.1931,25.8981],[-77.1945,25.8919],[-77.2006,25.8842],[-77.2047,25.8808],[-77.2181,25.8792],[-77.2314,25.8814],[-77.237,25.8836],[-77.2456,25.8894],[-77.2686,25.9167],[-77.2792,25.9344],[-77.2892,25.9589],[-77.2961,25.9731],[-77.3025,25.9808],[-77.3069,25.9839],[-77.3181,25.9878],[-77.3981,26.0264],[-77.3078,26.0761],[-77.2228,26.1436],[-77.2189,26.1469],[-77.2261,26.2478],[-77.2325,26.4061],[-77.2319,26.4158],[-77.2258,26.4417],[-77.2211,26.4442],[-77.2081,26.4456],[-77.2,26.4522],[-77.1544,26.5203],[-77.1481,26.5364],[-77.1478,26.5433],[-77.1489,26.5489],[-77.1519,26.5531],[-77.1564,26.5561],[-77.1817,26.5683],[-77.2025,26.5775],[-77.2147,26.5808],[-77.2278,26.5833],[-77.2731,26.5847],[-77.2928,26.5883],[-77.33,26.5975],[-77.3406,26.6022],[-77.345,26.6053],[-77.3461,26.6108],[-77.3497,26.6406],[-77.4908,26.8172],[-77.5256,26.8564],[-77.53,26.8594],[-77.5397,26.8647],[-77.5458,26.8664],[-77.5533,26.8667],[-77.5606,26.8664],[-77.5958,26.8575],[-77.632,26.8583],[-77.6542,26.86],[-77.6608,26.8611],[-77.6725,26.865],[-77.7239,26.8822],[-77.7897,26.9008],[-77.802,26.9042],[-77.8347,26.9103],[-77.8936,26.9044],[-77.9067,26.9031],[-77.9503,26.8978],[-77.9169,26.9158],[-77.9061,26.9194],[-77.8408,26.9283],[-77.8269,26.9292],[-77.735,26.9144]]],[[[-71.1403,21.4319],[-71.1458,21.4303],[-71.15,21.4333],[-71.1503,21.4458],[-71.1506,21.4708],[-71.14,21.5094],[-71.1356,21.5111],[-71.1314,21.5086],[-71.1297,21.5036],[-71.1278,21.4481],[-71.1281,21.4414],[-71.1317,21.4375],[-71.1358,21.4344],[-71.1403,21.4319]]],[[[-72.4606,21.6297],[-72.4658,21.6281],[-72.4681,21.6453],[-72.4567,21.6997],[-72.4486,21.7061],[-72.4336,21.7133],[-72.4286,21.7108],[-72.4275,21.6989],[-72.4286,21.6928],[-72.4445,21.6497],[-72.4467,21.6444],[-72.4567,21.6328],[-72.4606,21.6297]]],[[[-71.4689,21.655],[-71.4736,21.6528],[-71.4764,21.6633],[-71.4781,21.6683],[-71.4808,21.6728],[-71.4983,21.6969],[-71.505,21.7044],[-71.535,21.7194],[-71.5333,21.7344],[-71.4667,21.7242],[-71.4628,21.7208],[-71.4608,21.7161],[-71.4572,21.6997],[-71.4564,21.6942],[-71.457,21.6872],[-71.4622,21.6628],[-71.4647,21.6583],[-71.4689,21.655]]],[[[-71.6578,21.8233],[-71.6378,21.7817],[-71.6336,21.7722],[-71.6436,21.7442],[-71.6536,21.74],[-71.6589,21.7397],[-71.6742,21.7597],[-71.6808,21.7672],[-71.7131,21.7878],[-71.7189,21.7897],[-71.75,21.7922],[-71.7572,21.7928],[-71.7695,21.7908],[-71.797,21.7836],[-71.8022,21.7819],[-71.8111,21.7764],[-71.8164,21.7747],[-71.8231,21.7744],[-71.8275,21.7764],[-71.8411,21.7975],[-71.8428,21.8025],[-71.8506,21.8397],[-71.8506,21.8458],[-71.8478,21.8547],[-71.695,21.8389],[-71.6817,21.8364],[-71.6703,21.8328],[-71.6653,21.8303],[-71.6611,21.8272],[-71.6578,21.8233]]],[[[-72.2622,21.7511],[-72.2742,21.7417],[-72.2872,21.7442],[-72.3008,21.7589],[-72.3297,21.8269],[-72.3272,21.8558],[-72.2906,21.8322],[-72.2478,21.7956],[-72.2422,21.7744],[-72.2522,21.7628],[-72.2622,21.7511]]],[[[-71.8842,21.8472],[-71.882,21.8236],[-71.8892,21.8242],[-71.9017,21.8272],[-72.0292,21.905],[-72.0358,21.9381],[-72.0333,21.9428],[-72.03,21.9467],[-72.0267,21.9492],[-72.0172,21.9539],[-72.005,21.9578],[-71.9731,21.9572],[-71.9472,21.9531],[-71.9175,21.9458],[-71.9122,21.9433],[-71.9089,21.9397],[-71.9064,21.9353],[-71.8842,21.8472]]],[[[-61.1142,10.8217],[-61.172,10.7206],[-61.224,10.6903],[-61.237,10.6296],[-61.2197,10.5169],[-61.2457,10.4779],[-61.1893,10.3089],[-61.2067,10.1182],[-61.4104,10.0489],[-61.471,10.0532],[-61.536,10.0359],[-61.7527,10.0532],[-61.8394,10.0359],[-61.8784,10.0575],[-62.0388,10.0575],[-62.0474,10.0836],[-62.0301,10.1139],[-61.9391,10.1269],[-61.8394,10.1876],[-61.8307,10.2266],[-61.7831,10.2179],[-61.7137,10.2136],[-61.6531,10.2786],[-61.6964,10.4043],[-61.6747,10.4606],[-61.6617,10.5429],[-61.6921,10.5993],[-61.7354,10.66],[-61.8611,10.6816],[-61.8091,10.725],[-61.7354,10.7336],[-61.6314,10.7466],[-61.5794,10.7856],[-61.406,10.777],[-61.3583,10.7943],[-61.224,10.8246],[-61.1142,10.8217]]],[[[33.7727,35.1293],[33.9247,34.9532],[33.792,34.9574],[33.7326,34.9086],[33.6858,34.9349],[33.5385,34.9442],[33.4839,34.7958],[33.1314,34.6803],[32.9586,34.6593],[32.9145,34.6357],[32.9145,34.5413],[32.8167,34.5386],[32.7841,34.6252],[32.6034,34.6147],[32.3572,34.6803],[32.2711,34.7197],[32.271,34.8142],[32.1985,34.8614],[32.1437,35.0425],[32.1805,35.0583],[32.2345,35.0136],[32.301,35.0163],[32.4831,35.1529],[32.597,35.1556],[32.745,35.1143],[32.7795,35.1529],[32.8191,35.2817],[32.7951,35.3606],[33.0775,35.3186],[33.3737,35.3065],[33.539,35.3317],[33.9073,35.4368],[34.2173,35.5736],[34.4582,35.6446],[34.2447,35.5118],[34.0484,35.4079],[33.7805,35.2081],[33.7727,35.1293]]],[[[0.081,53.3862],[0.1745,53.2931],[0.2678,53.1267],[0.2509,53.0401],[0.0055,52.7867],[0.3268,52.7075],[0.5047,52.8475],[0.7418,52.9012],[1.0127,52.8884],[1.3759,52.8092],[1.5857,52.65],[1.6917,52.3114],[1.6569,52.2118],[1.5119,52.0258],[1.0313,51.8127],[0.6862,51.5604],[0.2542,51.4536],[0.8043,51.3783],[1.0301,51.3588],[1.1894,51.4055],[1.3647,51.3529],[1.335,51.1207],[0.886,50.9819],[0.8883,50.8927],[0.6726,50.9307],[0.1918,50.7313],[-0.2037,50.7953],[-0.3357,50.8167],[-0.839,50.7218],[-1.1034,50.8167],[-1.3725,50.7663],[-2.0854,50.7028],[-2.0237,50.57],[-2.432,50.6459],[-2.5505,50.57],[-2.9606,50.7218],[-3.1109,50.6574],[-3.5215,50.6174],[-3.5632,50.3614],[-3.715,50.2193],[-3.8817,50.2004],[-4.0042,50.3141],[-4.2426,50.3915],[-4.3033,50.3235],[-4.5406,50.358],[-4.967,50.2122],[-5.2823,49.9638],[-5.4292,50.0679],[-5.7778,50.1341],[-5.2378,50.3463],[-5.0166,50.5605],[-4.8153,50.6042],[-4.6046,50.7787],[-4.5515,50.9972],[-4.4426,50.9687],[-4.2773,51.0637],[-4.281,51.1872],[-3.8252,51.2348],[-3.483,51.1811],[-3.066,51.1777],[-3.0331,51.3299],[-2.8947,51.3938],[-2.7502,51.644],[-3.1728,51.4669],[-3.4991,51.4597],[-4.1593,51.6768],[-4.999,51.7017],[-5.1786,51.7875],[-5.2488,51.8602],[-5.0615,52.0064],[-4.6191,52.0935],[-4.2947,52.2003],[-4.1236,52.3733],[-4.0939,52.7455],[-4.1475,52.8319],[-4.4683,52.8113],[-4.6214,52.831],[-4.4919,52.991],[-4.3175,53.0912],[-3.9567,53.2052],[-3.3295,53.233],[-2.9145,53.2671],[-3.0567,53.5136],[-2.9795,53.8209],[-2.8653,54.0283],[-2.8859,54.1687],[-3.2615,54.1412],[-3.4793,54.2746],[-3.5692,54.415],[-3.4304,54.6431],[-3.1525,54.8381],[-3.3087,54.8847],[-3.5767,54.9245],[-3.9077,54.7897],[-4.1216,54.7624],[-4.4607,54.8624],[-4.5003,54.7751],[-4.5999,54.6878],[-4.9025,54.7341],[-5.1114,54.7941],[-5.0667,54.9485],[-4.91,55.1103],[-4.6384,55.4279],[-4.7705,55.4884],[-4.9078,55.6639],[-4.8951,55.7721],[-4.7584,55.8197],[-4.6233,55.908],[-4.7107,56.1313],[-4.8484,56.0972],[-5.1346,55.8934],[-5.3336,55.8795],[-5.5702,55.7505],[-5.6331,55.9399],[-5.497,56.1773],[-5.3001,56.4287],[-5.2707,56.5441],[-5.4583,56.6321],[-5.5466,56.6524],[-5.6445,56.5163],[-5.8217,56.4005],[-6.0435,56.4748],[-5.909,56.7333],[-5.6659,56.9378],[-5.6253,56.9992],[-5.7263,57.258],[-5.5616,57.2993],[-5.4606,57.3881],[-5.763,57.6198],[-5.5685,57.7774],[-5.23,57.7096],[-5.0556,57.751],[-5.3459,58.0927],[-4.9071,58.169],[-5.1127,58.3949],[-4.9256,58.567],[-4.5099,58.4029],[-4.1389,58.4448],[-3.8305,58.5072],[-3.4405,58.5285],[-3.165,58.5222],[-3.0284,58.4057],[-3.1664,58.2751],[-3.9432,57.9584],[-4.1505,57.8348],[-4.2485,57.6363],[-4.1484,57.5545],[-3.7958,57.5415],[-3.4008,57.5764],[-3.0926,57.577],[-2.854,57.5433],[-2.1504,57.572],[-1.9446,57.4017],[-2.1078,57.2103],[-2.2032,57.0648],[-2.1589,57.0143],[-2.4131,56.7173],[-2.5148,56.6673],[-2.6671,56.471],[-2.9805,56.3536],[-3.1524,56.3368],[-2.9494,56.253],[-2.7209,56.1782],[-2.7729,56.1713],[-2.8953,56.0855],[-3.1698,56.0621],[-3.2935,55.9739],[-3.895,55.9851],[-3.713,55.8847],[-3.5772,55.8847],[-3.3559,55.8427],[-3.1615,55.8457],[-2.9279,55.946],[-2.7421,55.9572],[-2.5403,55.8847],[-2.245,55.811],[-1.942,55.5561],[-1.719,55.4537],[-1.666,55.3796],[-1.696,55.2725],[-1.5556,54.9216],[-1.3889,54.6805],[-1.1921,54.5954],[-0.8706,54.5472],[-0.6048,54.3002],[-0.2955,54.0332],[-0.2349,53.7994],[-0.3192,53.5789],[-0.2037,53.5233],[0.081,53.3862]]],[[[-5.7557,55.4773],[-5.6887,55.6281],[-5.5178,55.668],[-5.4824,55.4427],[-5.6203,55.3295],[-5.6982,55.3307],[-5.7557,55.4773]]],[[[-7.2255,55.1042],[-6.9968,55.172],[-6.6452,55.2064],[-6.4543,55.1865],[-6.2793,55.1397],[-6.1165,55.1602],[-6.0182,55.093],[-5.7849,54.7374],[-5.7637,54.657],[-5.7999,54.5229],[-5.6615,54.3222],[-5.7314,54.1749],[-5.9122,54.0274],[-6.0717,53.9736],[-6.2064,53.9567],[-6.3431,53.9396],[-6.4434,53.8994],[-6.335,53.786],[-6.1722,53.4392],[-6.0431,52.8931],[-6.0707,52.7666],[-6.2321,52.6133],[-6.3409,52.4271],[-6.406,52.2144],[-6.4892,52.1944],[-6.6168,52.2207],[-6.8939,52.2066],[-6.9617,52.1112],[-7.3724,52.0921],[-7.7506,52.0327],[-7.8616,51.9681],[-8.1588,51.8396],[-8.5652,51.6155],[-8.8478,51.5998],[-9.2433,51.4726],[-9.8191,51.4346],[-9.7952,51.6046],[-9.8354,51.8033],[-10.2169,51.7583],[-10.294,51.9776],[-9.9638,52.0921],[-10.4973,52.1017],[-10.4692,52.2066],[-9.8906,52.1944],[-9.8016,52.2411],[-9.784,52.3407],[-9.7357,52.4803],[-9.504,52.5405],[-9.1926,52.5545],[-9.1343,52.6809],[-9.6157,52.6366],[-9.4416,52.8333],[-9.5258,52.9046],[-9.3093,53.1153],[-8.997,53.1204],[-8.9236,53.1606],[-9.0017,53.3004],[-9.1582,53.2207],[-9.2974,53.2798],[-9.4407,53.2662],[-9.6167,53.3459],[-9.8029,53.3454],[-9.8848,53.2974],[-10.1598,53.3741],[-10.0211,53.5119],[-10.1514,53.5756],[-9.8096,53.6324],[-9.8724,53.7677],[-9.6965,53.8734],[-9.9129,53.9696],[-10.1785,53.9119],[-10.1597,54.1331],[-9.9888,54.2537],[-9.892,54.3256],[-9.4743,54.2413],[-9.3229,54.2751],[-9.0858,54.2582],[-8.5901,54.2028],[-8.6867,54.3641],[-8.3006,54.4893],[-8.2115,54.6339],[-8.8294,54.6339],[-8.76,54.7014],[-8.5037,54.7496],[-8.4763,54.8799],[-8.3454,55.0953],[-8.1183,55.1766],[-7.7562,55.2527],[-7.6573,55.1168],[-7.4978,55.0497],[-7.4275,55.0638],[-7.2255,55.1042]]]]}},{"type":"Feature","properties":{"NAME":"Qatar","ABBREVN":"Qatar","SUBJECTO":"Qatar","BORDERPRECISION":3,"PARTOF":"Qatar"},"geometry":{"type":"MultiPolygon","coordinates":[[[[51.2878,24.4108],[51.1198,24.3987],[50.9683,24.4362],[50.9649,24.7127],[50.8962,24.9096],[50.8473,25.2652],[50.9311,25.5386],[51.0154,25.5881],[50.989,25.6721],[51.0688,25.9455],[51.217,26.0665],[51.3577,26.029],[51.3888,25.8873],[51.5059,25.8453],[51.5345,25.7558],[51.5867,25.6091],[51.5391,25.4202],[51.5529,25.1015],[51.6062,24.9873],[51.5589,24.8157],[51.412,24.6057],[51.2878,24.4108]]]]}},{"type":"Feature","properties":{"NAME":"Iceland","ABBREVN":"Iceland","SUBJECTO":"Iceland","BORDERPRECISION":3,"PARTOF":"Iceland"},"geometry":{"type":"MultiPolygon","coordinates":[[[[-24.2189,65.5337],[-24.1615,65.6066],[-23.9726,65.6871],[-23.5705,65.6806],[-23.267,65.7249],[-23.4261,65.8267],[-23.6083,65.9796],[-23.4656,66.1334],[-23.3411,66.1337],[-22.9109,65.9444],[-22.6093,65.9231],[-22.4741,65.9964],[-22.5601,66.1132],[-22.8411,66.281],[-22.6764,66.3913],[-22.2098,66.2896],[-21.7791,66.2537],[-21.4432,66.1299],[-21.2425,65.8818],[-21.2962,65.6994],[-21.4947,65.568],[-21.0797,65.2054],[-20.8306,65.3656],[-20.6725,65.424],[-20.3889,65.4755],[-20.1684,65.5559],[-20.1413,65.6506],[-20.2174,66.0006],[-19.9733,66.1107],[-19.7477,65.9065],[-19.556,65.7683],[-19.336,65.6739],[-19.2392,65.6668],[-19.1559,65.7253],[-19.2745,65.9293],[-19.1654,66.0026],[-19.0441,66.0174],[-18.6763,66.0912],[-18.369,65.8945],[-18.1279,65.7855],[-17.8838,65.7568],[-17.861,65.8371],[-18.0225,66.0778],[-17.5697,66.0129],[-16.9221,65.9776],[-16.568,66.0293],[-16.3757,66.1321],[-16.3852,66.4544],[-15.8599,66.4187],[-15.574,66.2068],[-15.0708,66.0614],[-14.7633,66.0547],[-14.6407,65.9453],[-14.7541,65.6971],[-14.4001,65.5667],[-13.6469,65.4953],[-13.5898,65.43],[-13.5256,65.1833],[-13.5574,65.0094],[-13.6258,64.8939],[-13.6942,64.7786],[-13.8934,64.7207],[-14.2603,64.7128],[-14.3481,64.6695],[-14.3659,64.4756],[-14.5975,64.2671],[-14.8212,64.195],[-15.0768,64.2089],[-15.2665,64.2802],[-15.6341,64.0575],[-15.8765,63.9927],[-16.5338,63.7841],[-16.9175,63.7334],[-17.2444,63.7328],[-17.5915,63.6893],[-17.9441,63.4248],[-18.1569,63.3675],[-18.6419,63.3238],[-18.9608,63.3375],[-19.5531,63.4147],[-19.8267,63.4783],[-20.4039,63.6983],[-20.8799,63.7403],[-21.0791,63.7113],[-21.5475,63.7176],[-22.3729,63.7732],[-22.5066,63.8658],[-22.3113,63.952],[-21.8041,64.1104],[-21.4885,64.3761],[-21.8567,64.3826],[-22.0862,64.4396],[-22.2786,64.6188],[-22.3924,64.6617],[-22.5536,64.6255],[-23.2575,64.5738],[-23.5083,64.559],[-23.6746,64.6593],[-23.6112,64.7457],[-23.4367,64.8036],[-23.1356,64.8473],[-22.7784,64.8552],[-22.4503,64.9062],[-21.9783,64.9503],[-21.8092,65.0374],[-21.7289,65.1825],[-21.7938,65.2985],[-21.9548,65.378],[-22.1465,65.3849],[-22.3616,65.4499],[-22.8137,65.4709],[-23.1832,65.4266],[-23.3742,65.3536],[-23.6785,65.3167],[-24.1469,65.4393],[-24.2189,65.5337]]]]}},{"type":"Feature","properties":{"NAME":"Belgium","ABBREVN":"Belgium","SUBJECTO":"Belgium","BORDERPRECISION":3,"PARTOF":"Belgium"},"geometry":{"type":"MultiPolygon","coordinates":[[[[2.5221,51.0911],[2.9953,51.3135],[3.2136,51.3536],[3.472,51.3144],[3.6813,51.3214],[3.775,51.3877],[3.9895,51.3437],[4.173,51.3249],[4.4067,51.3401],[4.3954,51.4109],[4.5331,51.4055],[4.6711,51.4055],[4.7914,51.4872],[4.9321,51.3782],[5.0101,51.4327],[5.1125,51.4055],[5.2437,51.2366],[5.4844,51.2856],[5.8239,51.1168],[5.7742,50.9264],[5.6968,50.8829],[5.6971,50.7307],[5.9996,50.7416],[6.1545,50.6618],[6.2814,50.4976],[6.2984,50.2869],[6.1085,50.1175],[6.0074,50.15],[5.9438,50.1138],[5.8338,50.0474],[5.7379,49.9025],[5.7451,49.7553],[5.8844,49.6635],[5.8235,49.5071],[5.7878,49.5587],[5.4754,49.4801],[5.4181,49.5826],[5.2513,49.6743],[5.0977,49.7607],[4.8599,49.7822],[4.8771,49.8848],[4.8116,49.9658],[4.8654,50.1337],[4.7549,50.1012],[4.6681,49.9604],[4.4675,49.9447],[4.2846,49.911],[4.1563,49.9658],[4.1885,50.0549],[4.1478,50.1337],[4.2196,50.2422],[4.0509,50.3181],[3.7915,50.3398],[3.675,50.3344],[3.6034,50.47],[3.3703,50.4646],[3.2828,50.5243],[3.1919,50.7307],[3.1228,50.8071],[2.9383,50.7138],[2.8751,50.6818],[2.7555,50.7392],[2.6157,50.8902],[2.5221,51.0911]]]]}},{"type":"Feature","properties":{"NAME":"Spain","ABBREVN":"Spain","SUBJECTO":"Spain","BORDERPRECISION":3,"PARTOF":"Spain"},"geometry":{"type":"MultiPolygon","coordinates":[[[[-14.5098,28.05],[-14.147,28.391],[-13.8084,29.0486],[-13.5182,29.4285],[-13.4214,29.0909],[-13.7842,28.8793],[-13.881,28.1994],[-14.5098,28.05]]],[[[-15.574,28.178],[-15.4047,28.1994],[-15.2112,27.9005],[-15.574,27.7294],[-15.9127,27.9005],[-15.574,28.178]]],[[[-17.2913,28.2846],[-16.8801,28.3272],[-16.082,28.5399],[-16.2271,28.3698],[-16.6383,28.05],[-17.3397,28.0287],[-17.2913,28.2846]]],[[[-8.8061,41.8892],[-8.8605,42.0145],[-8.7986,42.1945],[-8.6441,42.4197],[-8.805,42.6316],[-8.9417,42.8242],[-9.1731,42.8559],[-9.2469,42.9008],[-9.2708,43.0487],[-9.1975,43.1582],[-9.0136,43.2809],[-8.8492,43.3262],[-8.5957,43.3396],[-8.3104,43.353],[-8.2507,43.4304],[-8.2202,43.6172],[-7.9795,43.7401],[-7.6363,43.7214],[-7.1513,43.5549],[-6.808,43.5234],[-6.4676,43.5627],[-6.208,43.6405],[-5.9797,43.7054],[-5.8205,43.7057],[-5.5374,43.5775],[-5.2249,43.5072],[-4.8023,43.4694],[-4.1102,43.4515],[-3.8476,43.4392],[-3.417,43.3757],[-3.196,43.4469],[-3.0072,43.5503],[-2.7684,43.5379],[-2.3674,43.3262],[-2.0656,43.3333],[-1.9146,43.3054],[-1.7024,43.1959],[-1.4914,43.2096],[-1.4657,43.1549],[-1.5577,43.0454],[-1.5151,42.9976],[-1.4476,42.9839],[-1.3973,43.0318],[-0.9074,42.8813],[-0.84,42.9087],[-0.612,42.7309],[-0.5868,42.7651],[-0.4688,42.7514],[-0.4099,42.7856],[-0.2161,42.7172],[-0.2037,42.7003],[-0.1656,42.6488],[0.1796,42.6625],[0.1963,42.6078],[0.3478,42.6352],[0.5919,42.6283],[0.5841,42.7719],[0.7442,42.7719],[1.3075,42.6352],[1.3487,42.5395],[1.3644,42.4096],[1.4482,42.3755],[1.6166,42.4096],[1.7092,42.4233],[1.8601,42.3823],[1.8761,42.314],[1.9937,42.3072],[2.1711,42.3823],[2.3632,42.2935],[2.5815,42.2867],[2.5993,42.3481],[2.9365,42.4096],[3.0871,42.3686],[3.0865,42.3291],[3.0863,42.1207],[3.1566,42.0757],[3.1289,41.8572],[2.6283,41.6195],[2.2006,41.4461],[2.0807,41.2985],[1.6098,41.2092],[1.3112,41.1573],[0.8792,41.0217],[0.7338,40.875],[0.7098,40.7851],[0.8271,40.7274],[0.7876,40.6569],[0.5051,40.5928],[0.2379,40.2402],[-0.1606,39.886],[-0.2037,39.7994],[-0.2845,39.6368],[-0.3948,39.4345],[-0.2359,39.0624],[-0.2037,39.0127],[-0.1657,38.9541],[0.1261,38.8214],[0.1726,38.7383],[-0.107,38.5915],[-0.2037,38.544],[-0.4352,38.4303],[-0.5641,38.2149],[-0.6647,38.1766],[-0.8723,37.7598],[-0.8026,37.615],[-0.9183,37.5703],[-1.3646,37.5484],[-1.6257,37.4395],[-1.8169,37.2925],[-1.9405,36.9516],[-2.2388,36.7284],[-2.3551,36.8241],[-2.6243,36.8113],[-2.7615,36.6901],[-2.9153,36.6901],[-2.9698,36.7411],[-4.4466,36.722],[-4.7573,36.4861],[-5.2167,36.4096],[-5.3742,36.2375],[-5.3867,36.11],[-5.4243,36.0717],[-5.4571,36.1674],[-5.4879,36.1737],[-5.4855,36.0654],[-5.6606,36.008],[-5.85,36.0717],[-6.2045,36.2821],[-6.305,36.4542],[-6.2889,36.5722],[-6.444,36.6232],[-6.5005,36.7188],[-6.4217,36.7922],[-6.6322,37.0218],[-6.948,37.1493],[-7.0101,37.1653],[-7.2278,37.2259],[-7.4915,37.2082],[-7.488,37.2164],[-7.3514,37.6444],[-7.2425,37.8109],[-6.8448,38.1002],[-7.0281,38.2396],[-7.3939,38.295],[-7.3173,38.4996],[-7.0894,38.7945],[-6.9334,38.9613],[-7.0069,39.0503],[-7.2114,39.2982],[-7.431,39.5205],[-7.3013,39.5787],[-7.0842,39.5991],[-6.8783,39.7024],[-6.8587,39.7919],[-6.8842,40.214],[-6.8249,40.6566],[-6.8572,40.8616],[-6.8344,41.0605],[-6.7966,41.0928],[-6.2411,41.3205],[-6.1115,41.4175],[-6.1395,41.5264],[-6.5184,41.7491],[-6.5861,41.8579],[-6.7087,41.96],[-6.8595,41.9849],[-7.0984,41.868],[-7.9186,41.8892],[-8.1573,42.087],[-8.405,42.0021],[-8.8061,41.8892]]]]}},{"type":"Feature","properties":{"NAME":"Georgia","ABBREVN":"Georgia","SUBJECTO":"Georgia","BORDERPRECISION":3,"PARTOF":"Georgia"},"geometry":{"type":"MultiPolygon","coordinates":[[[[40.0981,43.3776],[40.1486,43.5166],[40.2656,43.5911],[40.3933,43.5698],[40.4252,43.5485],[40.606,43.5379],[40.8081,43.5272],[40.9358,43.4847],[41.0634,43.4209],[41.1485,43.3783],[41.2336,43.357],[41.3826,43.357],[41.4783,43.357],[41.574,43.2826],[41.691,43.24],[41.8293,43.2081],[41.9889,43.1868],[42.1272,43.1868],[42.3186,43.2294],[42.5633,43.2294],[42.7441,43.1549],[42.8292,43.1549],[42.9569,43.1762],[43.1164,43.1017],[43.159,43.0379],[43.2866,42.9422],[43.5207,42.889],[43.6802,42.8571],[43.7866,42.8039],[43.9249,42.7507],[43.861,42.6975],[43.8398,42.6443],[43.9568,42.5912],[44.0525,42.5592],[44.1695,42.6124],[44.2972,42.6124],[44.3716,42.6869],[44.4142,42.7294],[44.5099,42.7614],[44.6695,42.7614],[44.7865,42.7294],[44.8716,42.6656],[44.9354,42.7401],[44.978,42.772],[45.0312,42.772],[45.1375,42.7188],[45.2014,42.6763],[45.2971,42.6763],[45.3822,42.6231],[45.4779,42.5486],[45.6481,42.5486],[45.8077,42.538],[45.8609,42.4741],[45.8077,42.389],[45.7545,42.2508],[45.9141,42.1231],[46.0417,42.0487],[46.1587,42.0061],[46.2864,41.9848],[46.3927,41.9955],[46.4991,41.9636],[46.5558,41.8785],[46.4353,41.7934],[46.3715,41.7295],[46.3289,41.6976],[46.3927,41.5806],[46.4885,41.4423],[46.765,41.3679],[46.8182,41.2721],[46.7757,41.1232],[46.6693,41.0807],[46.5629,41.0594],[46.4459,41.1445],[46.3821,41.1764],[46.297,41.187],[46.1693,41.1658],[45.8821,41.2509],[45.797,41.3466],[45.6481,41.4317],[45.4354,41.4423],[45.329,41.4423],[45.141,41.304],[45.0099,41.2615],[44.8397,41.2402],[44.5737,41.1977],[44.3078,41.2189],[44.127,41.1658],[43.9355,41.1551],[43.7972,41.1126],[43.6589,41.1232],[43.4893,41.0747],[43.4753,41.0874],[42.8784,41.5455],[42.6938,41.5637],[42.3515,41.4016],[42.2501,41.369],[42.029,41.3998],[41.484,41.4365],[41.5211,41.4658],[41.6661,41.7292],[41.6805,41.7933],[41.6518,42.1206],[41.5027,42.6085],[41.4097,42.7882],[41.1226,43.0191],[40.9693,43.0767],[40.5571,43.1466],[40.2516,43.2682],[40.0981,43.3776]]]]}},{"type":"Feature","properties":{"NAME":"Montenegro","ABBREVN":"Montenegro","SUBJECTO":"Montenegro","BORDERPRECISION":3,"PARTOF":"Montenegro"},"geometry":{"type":"MultiPolygon","coordinates":[[[[19.3677,41.8464],[19.3385,41.862],[19.143,41.9321],[19.1355,41.9995],[18.9099,42.2178],[18.5286,42.3527],[18.5136,42.3621],[18.5143,42.407],[18.5011,42.4482],[18.4643,42.4806],[18.4492,42.5158],[18.4593,42.5559],[18.4574,42.5578],[18.5396,42.6062],[18.5798,42.6463],[18.5597,42.6915],[18.5246,42.7317],[18.4944,42.7819],[18.4894,42.802],[18.4844,42.8673],[18.4794,42.9175],[18.4844,42.9778],[18.5296,43.018],[18.5798,43.028],[18.6401,43.0331],[18.6652,43.0582],[18.6602,43.1034],[18.6451,43.1435],[18.6953,43.1887],[18.7154,43.2289],[18.7355,43.2741],[18.8108,43.3093],[18.8661,43.3344],[18.9213,43.3294],[18.9464,43.3093],[18.9716,43.2691],[19.0117,43.244],[19.062,43.244],[19.0871,43.2892],[19.062,43.3344],[19.0067,43.4097],[18.9665,43.4549],[18.9615,43.4901],[18.9967,43.5152],[19.0469,43.5303],[19.077,43.5102],[19.1272,43.5001],[19.1976,43.5252],[19.2227,43.5102],[19.2227,43.465],[19.3231,43.4399],[19.3934,43.3947],[19.4688,43.3595],[19.519,43.3093],[19.5642,43.244],[19.6395,43.1837],[19.6646,43.1687],[19.6998,43.1586],[19.8253,43.1235],[19.8705,43.0983],[19.9057,43.0933],[19.9358,43.1134],[19.966,43.1034],[20.0011,43.0582],[20.0564,43.013],[20.0714,42.9828],[20.1066,42.9627],[20.1568,42.9728],[20.1819,42.9527],[20.2422,42.9326],[20.3175,42.9025],[20.3627,42.8573],[20.3677,42.8171],[20.3276,42.8121],[20.2673,42.802],[20.2271,42.7819],[20.2171,42.7518],[20.192,42.7367],[20.1166,42.7518],[20.0513,42.7568],[20.0011,42.7418],[19.9911,42.7016],[20.0162,42.6765],[20.0614,42.6765],[20.0965,42.6463],[20.0965,42.6162],[20.0471,42.4875],[19.8846,42.4977],[19.5577,42.5473],[19.4346,42.4246],[19.3088,42.1926],[19.3687,42.0003],[19.3677,41.8464]]]]}},{"type":"Feature","properties":{"NAME":"Albania","ABBREVN":"Albania","SUBJECTO":"Albania","BORDERPRECISION":3,"PARTOF":"Albania"},"geometry":{"type":"MultiPolygon","coordinates":[[[[20.1224,39.551],[20.0908,39.6025],[20.0286,39.8138],[19.8036,40.017],[19.3691,40.2603],[19.3802,40.3236],[19.4837,40.2959],[19.4945,40.4027],[19.3392,40.5887],[19.5273,40.8659],[19.4454,40.9649],[19.53,41.2184],[19.417,41.3453],[19.4989,41.5236],[19.6194,41.5593],[19.607,41.7615],[19.4579,41.7981],[19.3677,41.8464],[19.3687,42.0003],[19.3088,42.1926],[19.4346,42.4246],[19.5577,42.5473],[19.8846,42.4977],[20.0471,42.4875],[20.073,42.4859],[20.2452,42.3198],[20.575,41.9299],[20.583,41.8807],[20.5989,41.7824],[20.5396,41.5896],[20.5728,41.3011],[20.707,41.0006],[21.0316,40.7268],[20.9912,40.7138],[20.7889,40.3348],[20.6079,40.1609],[20.3847,39.9486],[20.1224,39.551]]]]}},{"type":"Feature","properties":{"NAME":"Portugal","ABBREVN":"Portugal","SUBJECTO":"Portugal","BORDERPRECISION":3,"PARTOF":"Portugal"},"geometry":{"type":"MultiPolygon","coordinates":[[[[-7.4915,37.2082],[-7.6034,37.163],[-7.836,37.0323],[-8.0336,37.0088],[-8.2802,37.0886],[-8.5411,37.0886],[-8.6671,37.1214],[-8.9908,36.99],[-9.0166,37.0698],[-8.8415,37.5251],[-8.851,37.9102],[-8.9328,37.9618],[-8.823,38.2061],[-8.8473,38.3846],[-8.7889,38.436],[-8.8537,38.4996],[-9.0223,38.461],[-9.2366,38.4174],[-9.2852,38.6195],[-9.0692,38.643],[-8.9419,38.7419],[-8.9608,38.8185],[-9.0408,38.9202],[-9.1758,38.7322],[-9.3616,38.6711],[-9.5224,38.6899],[-9.549,38.7745],[-9.4598,38.9531],[-9.3977,39.2304],[-9.4153,39.3667],[-9.2993,39.4177],[-9.1179,39.644],[-8.9156,40.1381],[-8.9697,40.19],[-8.6941,40.9922],[-8.8518,41.4078],[-8.8548,41.5969],[-8.9207,41.767],[-8.8061,41.8892],[-8.405,42.0021],[-8.1573,42.087],[-7.9186,41.8892],[-7.0984,41.868],[-6.8595,41.9849],[-6.7087,41.96],[-6.5861,41.8579],[-6.5184,41.7491],[-6.1395,41.5264],[-6.1115,41.4175],[-6.2411,41.3205],[-6.7966,41.0928],[-6.8344,41.0605],[-6.8572,40.8616],[-6.8249,40.6566],[-6.8842,40.214],[-6.8587,39.7919],[-6.8783,39.7024],[-7.0842,39.5991],[-7.3013,39.5787],[-7.431,39.5205],[-7.2114,39.2982],[-7.0069,39.0503],[-6.9334,38.9613],[-7.0894,38.7945],[-7.3173,38.4996],[-7.3939,38.295],[-7.0281,38.2396],[-6.8448,38.1002],[-7.2425,37.8109],[-7.3514,37.6444],[-7.488,37.2164],[-7.4915,37.2082]]]]}},{"type":"Feature","properties":{"NAME":"Azerbaijan","ABBREVN":"Azerbaijan","SUBJECTO":"Azerbaijan","BORDERPRECISION":3,"PARTOF":"Azerbaijan"},"geometry":{"type":"MultiPolygon","coordinates":[[[[48.825,38.3096],[48.501,38.452],[48.3804,38.4448],[48.2202,38.6397],[48.0518,38.6871],[47.9932,38.8505],[48.2329,38.9717],[48.2755,39.0718],[48.0821,39.1509],[48.0698,39.2352],[48.3532,39.2932],[48.3955,39.363],[48.3683,39.4139],[48.1487,39.5083],[47.991,39.635],[47.8538,39.7097],[47.6486,39.6042],[47.1725,39.3828],[47.0044,39.1825],[46.7155,39.0982],[46.6011,38.9833],[46.5948,38.9957],[46.6374,39.0489],[46.5948,39.1447],[46.5097,39.1766],[46.6268,39.2191],[46.7012,39.2404],[46.5842,39.3255],[46.4778,39.4319],[46.5842,39.4851],[46.6268,39.5702],[46.4991,39.5914],[46.3395,39.6021],[46.2119,39.6553],[46.1162,39.751],[46.0098,39.7616],[45.8928,39.9212],[45.7651,39.985],[45.7439,40.0276],[45.8183,40.0276],[45.9885,40.0276],[46.063,40.1339],[46.063,40.2403],[45.9672,40.2509],[45.8821,40.3148],[45.6375,40.4637],[45.5098,40.6233],[45.5311,40.7509],[45.7119,40.8147],[45.6588,40.9211],[45.563,40.9956],[45.3715,41.0275],[45.2439,41.07],[45.2758,41.1126],[45.3077,41.1658],[45.1801,41.2083],[45.141,41.304],[45.329,41.4423],[45.4354,41.4423],[45.6481,41.4317],[45.797,41.3466],[45.8821,41.2509],[46.1693,41.1658],[46.297,41.187],[46.3821,41.1764],[46.4459,41.1445],[46.5629,41.0594],[46.6693,41.0807],[46.7757,41.1232],[46.8182,41.2721],[46.765,41.3679],[46.4885,41.4423],[46.3927,41.5806],[46.3289,41.6976],[46.3715,41.7295],[46.4353,41.7934],[46.5558,41.8785],[46.6587,41.8891],[46.6693,41.8146],[46.765,41.8359],[46.8501,41.8359],[46.914,41.7508],[47.1267,41.6232],[47.1693,41.57],[47.2224,41.57],[47.3501,41.4423],[47.3501,41.304],[47.616,41.2615],[47.8181,41.1977],[47.9883,41.2189],[48.0628,41.3147],[48.2011,41.4636],[48.3287,41.5061],[48.5521,41.6338],[48.6832,41.8359],[48.8925,41.687],[48.9989,41.5168],[49.1159,41.4317],[49.2435,41.2934],[49.2861,41.0594],[49.3499,40.953],[49.4775,40.836],[49.6052,40.7615],[49.6052,40.6871],[49.8073,40.5807],[50.0201,40.602],[50.1902,40.5701],[50.3179,40.4956],[50.4243,40.4105],[50.4668,40.3254],[50.4668,40.2616],[50.3073,40.3254],[50.1264,40.3467],[50.0307,40.3467],[49.9137,40.3254],[49.8499,40.2722],[49.669,40.2403],[49.5733,40.1765],[49.552,40.0914],[49.5414,39.8786],[49.4882,39.7616],[49.4456,39.6553],[49.4031,39.4851],[49.4988,39.3787],[49.4882,39.2936],[49.3818,39.3255],[49.3393,39.283],[49.3074,39.134],[49.2754,39.017],[49.2223,39.0383],[49.1797,39.1447],[49.1159,39.1872],[49.0414,39.1447],[49.0201,39.0064],[49.0521,38.9319],[48.9989,38.8787],[48.9457,38.8362],[48.9882,38.7192],[48.825,38.3096]]],[[[44.6696,39.757],[44.9886,39.7297],[45.0524,39.751],[45.1694,39.7829],[45.2758,39.6765],[45.3077,39.6021],[45.4779,39.5382],[45.5737,39.5063],[45.7119,39.5595],[45.946,39.5595],[45.9141,39.4638],[45.9247,39.3574],[45.9779,39.3468],[46.1268,39.2723],[46.0949,39.1659],[46.2844,38.8225],[46.2805,38.8221],[46.1667,38.8821],[45.9795,38.8651],[45.7492,38.8766],[45.5595,38.9329],[45.4088,39.0277],[45.2765,39.2088],[45.0287,39.309],[44.9021,39.4968],[44.783,39.6683],[44.6696,39.757]]]]}},{"type":"Feature","properties":{"NAME":"Armenia","ABBREVN":"Armenia","SUBJECTO":"Armenia","BORDERPRECISION":3,"PARTOF":"Armenia"},"geometry":{"type":"MultiPolygon","coordinates":[[[[46.6011,38.9833],[46.4541,38.8359],[46.2844,38.8225],[46.0949,39.1659],[46.1268,39.2723],[45.9779,39.3468],[45.9247,39.3574],[45.9141,39.4638],[45.946,39.5595],[45.7119,39.5595],[45.5737,39.5063],[45.4779,39.5382],[45.3077,39.6021],[45.2758,39.6765],[45.1694,39.7829],[45.0524,39.751],[44.9886,39.7297],[44.6696,39.757],[44.4481,39.9599],[43.8124,40.0139],[43.6845,40.1091],[43.6697,40.2946],[43.8589,40.6604],[43.8473,40.75],[43.4893,41.0747],[43.6589,41.1232],[43.7972,41.1126],[43.9355,41.1551],[44.127,41.1658],[44.3078,41.2189],[44.5737,41.1977],[44.8397,41.2402],[45.0099,41.2615],[45.141,41.304],[45.1801,41.2083],[45.3077,41.1658],[45.2758,41.1126],[45.2439,41.07],[45.3715,41.0275],[45.563,40.9956],[45.6588,40.9211],[45.7119,40.8147],[45.5311,40.7509],[45.5098,40.6233],[45.6375,40.4637],[45.8821,40.3148],[45.9672,40.2509],[46.063,40.2403],[46.063,40.1339],[45.9885,40.0276],[45.8183,40.0276],[45.7439,40.0276],[45.7651,39.985],[45.8928,39.9212],[46.0098,39.7616],[46.1162,39.751],[46.2119,39.6553],[46.3395,39.6021],[46.4991,39.5914],[46.6268,39.5702],[46.5842,39.4851],[46.4778,39.4319],[46.5842,39.3255],[46.7012,39.2404],[46.6268,39.2191],[46.5097,39.1766],[46.5948,39.1447],[46.6374,39.0489],[46.5948,38.9957],[46.6011,38.9833]]]]}},{"type":"Feature","properties":{"NAME":"Persia","ABBREVN":"Persia","SUBJECTO":"Persia","BORDERPRECISION":3,"PARTOF":"Persia"},"geometry":{"type":"MultiPolygon","coordinates":[[[[44.7842,37.2704],[44.6601,37.2862],[44.4712,37.4546],[44.4268,37.6442],[44.4918,37.7543],[44.3009,37.8043],[44.2052,37.8674],[44.2319,37.9249],[44.3615,38.1656],[44.4645,38.292],[44.447,38.3849],[44.3176,38.4764],[44.2692,38.4289],[44.2291,38.4816],[44.1283,38.7029],[44.1832,38.8715],[44.0648,39.1733],[44.0821,39.2945],[44.3449,39.4144],[44.3489,39.6095],[44.4529,39.6728],[44.6373,39.6622],[44.6696,39.757],[44.783,39.6683],[44.9021,39.4968],[45.0287,39.309],[45.2765,39.2088],[45.4088,39.0277],[45.5595,38.9329],[45.7492,38.8766],[45.9795,38.8651],[46.1667,38.8821],[46.2805,38.8221],[46.2844,38.8225],[46.4541,38.8359],[46.6011,38.9833],[46.7155,39.0982],[47.0044,39.1825],[47.1725,39.3828],[47.6486,39.6042],[47.8538,39.7097],[47.991,39.635],[48.1487,39.5083],[48.3683,39.4139],[48.3955,39.363],[48.3532,39.2932],[48.0698,39.2352],[48.0821,39.1509],[48.2755,39.0718],[48.2329,38.9717],[47.9932,38.8505],[48.0518,38.6871],[48.2202,38.6397],[48.3804,38.4448],[48.501,38.452],[48.825,38.3096],[48.8315,38.3063],[48.8092,37.9886],[48.7448,37.727],[48.8372,37.511],[49.0595,37.3976],[49.4758,37.2916],[49.848,37.2682],[50.0387,37.2247],[50.1113,37.0978],[50.2522,36.8948],[50.561,36.6864],[51.417,36.4557],[51.7955,36.4323],[51.9931,36.4589],[52.6022,36.5769],[53.139,36.6435],[53.7997,36.679],[53.9845,36.7819],[54.0674,36.9415],[54.0087,37.3487],[54.0151,37.3483],[54.2139,37.3371],[54.4666,37.3958],[54.6761,37.5307],[54.9558,37.8252],[55.1697,37.9729],[55.3557,38.0377],[55.6296,38.0519],[55.9807,38.0347],[56.1309,38.0483],[56.3633,38.2025],[56.5173,38.2607],[56.7508,38.2365],[57.2255,38.1882],[57.4065,37.9917],[57.7249,37.8788],[58.095,37.728],[58.4498,37.6982],[58.6749,37.6739],[58.9716,37.5992],[59.2405,37.4478],[60.0514,36.8349],[60.3463,36.6074],[60.6599,36.6028],[61.014,36.6366],[61.0969,36.5416],[61.1141,36.1599],[61.1187,35.9054],[61.1862,35.5942],[61.2213,35.5816],[61.1563,35.4731],[61.1187,35.3203],[61.0077,34.9573],[60.787,34.3848],[60.6873,34.2509],[60.4192,34.078],[60.4122,34.0145],[60.4658,33.7164],[60.5089,33.6723],[60.8414,33.5662],[60.8531,33.4838],[60.5554,33.0631],[60.5401,32.9932],[60.6542,32.505],[60.7295,31.9277],[60.7938,31.5789],[60.88,31.4842],[60.9741,31.4656],[61.5132,31.3417],[61.6936,31.2666],[61.7582,31.1019],[61.7792,30.9052],[61.5878,30.6565],[61.2043,30.2987],[60.8205,29.8333],[61.1811,29.3462],[61.501,28.8654],[61.6593,28.6568],[61.9724,28.4808],[62.4868,28.3059],[62.671,28.2054],[62.7466,28.0343],[62.7967,27.4314],[62.8798,27.2541],[63.1732,27.2303],[63.257,27.1038],[63.2405,26.6656],[63.1562,26.5508],[63.0623,26.5185],[62.6123,26.4841],[62.2984,26.368],[61.9413,26.1564],[61.8127,25.9841],[61.6735,25.6277],[61.6514,25.4688],[61.57,25.0396],[61.344,25.0269],[60.8583,25.0957],[60.7522,25.1844],[60.4796,25.2982],[60.2982,25.3232],[59.6546,25.3219],[59.3021,25.3402],[59.0315,25.3079],[58.818,25.4789],[58.7444,25.536],[58.3687,25.5479],[58.1096,25.5473],[57.9005,25.5409],[57.8051,25.6483],[57.4649,25.7048],[57.328,25.7871],[57.2548,25.7933],[57.2451,26.0185],[57.1124,26.0762],[57.0663,26.3075],[56.935,26.4645],[56.9291,26.7519],[56.7904,26.9739],[56.6836,26.9684],[56.6678,27.0499],[56.4309,27.1066],[56.0678,27.1122],[55.8997,27.1048],[55.8053,27.0051],[55.6576,26.9969],[55.4249,26.9631],[55.3401,26.7994],[55.0981,26.7374],[54.9255,26.538],[54.7599,26.4106],[54.6461,26.3913],[54.0649,26.7014],[53.6339,26.7479],[53.3807,26.9096],[52.8908,27.0523],[52.7799,27.1878],[52.6338,27.3146],[52.4104,27.581],[51.9616,27.7769],[51.6989,27.8145],[51.6113,27.827],[51.3501,28.0361],[51.0823,28.512],[50.7968,29.0133],[50.7025,29.1338],[50.7047,29.4006],[50.3598,29.7429],[50.1324,30.0664],[49.7178,30.0021],[49.511,30.0207],[49.4524,30.0777],[49.3214,30.1029],[49.2351,30.2234],[49.2222,30.4775],[49.0202,30.4326],[48.9457,30.3879],[48.8013,30.0827],[48.7138,30.0],[48.5536,29.9946],[48.5474,30.0487],[48.3898,30.1494],[48.0813,30.3953],[48.1104,30.4908],[48.107,30.6686],[48.0335,30.8777],[47.9367,30.8835],[47.6887,30.8821],[47.6733,31.0281],[47.6982,31.2886],[47.7869,31.5685],[47.793,31.7972],[47.7424,31.9048],[47.612,32.0311],[47.2636,32.3022],[47.0676,32.3963],[46.5085,32.8123],[46.2684,32.8236],[46.124,32.772],[46.0899,32.8417],[46.1051,33.2101],[45.6464,33.6393],[45.5062,33.7973],[45.505,33.8798],[45.565,34.2738],[45.6709,34.6173],[46.1844,35.0584],[45.9949,35.4009],[46.0007,35.5154],[46.211,35.7838],[45.7304,35.832],[45.3881,35.9256],[45.3587,36.0145],[45.1051,36.5032],[44.7946,37.1318],[44.7842,37.2704]]]]}},{"type":"Feature","properties":{"NAME":"Afghanistan","ABBREVN":"Afghanistan","SUBJECTO":"Afghanistan","BORDERPRECISION":3,"PARTOF":"Afghanistan"},"geometry":{"type":"MultiPolygon","coordinates":[[[[61.5878,30.6565],[61.7792,30.9052],[61.7582,31.1019],[61.6936,31.2666],[61.5132,31.3417],[60.9741,31.4656],[60.88,31.4842],[60.7938,31.5789],[60.7295,31.9277],[60.6542,32.505],[60.5401,32.9932],[60.5554,33.0631],[60.8531,33.4838],[60.8414,33.5662],[60.5089,33.6723],[60.4658,33.7164],[60.4122,34.0145],[60.4192,34.078],[60.6873,34.2509],[60.787,34.3848],[61.0077,34.9573],[61.1187,35.3203],[61.1563,35.4731],[61.2213,35.5816],[61.3082,35.5312],[61.7297,35.4446],[62.1795,35.2881],[62.4375,35.2514],[62.6776,35.2655],[62.9636,35.4006],[63.0627,35.4902],[63.063,35.7001],[63.1166,35.7894],[63.3723,35.8608],[64.2658,36.1711],[64.4945,36.2806],[64.5407,36.3381],[64.6321,36.784],[64.826,37.1479],[65.3369,37.2398],[65.5244,37.33],[65.7247,37.4903],[65.9791,37.358],[66.6338,37.2481],[66.6766,37.2409],[66.9677,37.2362],[67.5153,37.2138],[67.6218,37.1571],[67.7793,36.9408],[67.7972,36.9162],[67.8555,36.8529],[67.9654,36.8344],[68.1842,36.8993],[68.445,37.0535],[68.7065,37.1822],[68.853,37.183],[69.1364,37.0764],[69.3078,37.0837],[69.4022,37.1415],[69.5373,37.2823],[69.5338,37.4223],[69.567,37.5053],[69.6984,37.5315],[69.9624,37.4629],[70.0222,37.4569],[70.2214,37.528],[70.315,37.6304],[70.3124,37.745],[70.3341,37.9361],[70.53,38.1287],[70.5902,38.292],[70.7188,38.3649],[70.8914,38.3722],[70.9606,38.3471],[71.2198,38.1448],[71.1494,37.8759],[71.3674,37.918],[71.4441,37.834],[71.4306,37.7194],[71.3865,37.3704],[71.3032,37.1704],[71.3929,36.9362],[71.467,36.7521],[71.5245,36.7143],[71.6898,36.7025],[71.8476,36.7161],[72.1829,36.9388],[72.4482,36.9676],[72.7142,37.1861],[73.0472,37.3283],[73.352,37.3417],[73.4412,37.3072],[73.3833,37.2283],[73.4447,37.2019],[73.8826,37.2683],[74.1371,37.3704],[74.2555,37.3022],[74.4786,37.278],[74.7333,37.2094],[74.6468,37.144],[74.3884,37.1704],[74.3927,37.0493],[74.4991,37.044],[74.5205,37.0046],[74.4538,36.9406],[74.2926,36.9388],[74.0876,36.8049],[73.9382,36.8072],[73.7863,36.7269],[73.4949,36.7914],[72.8899,36.7861],[72.3727,36.7177],[72.1343,36.5862],[72.0119,36.5007],[71.7603,36.3231],[71.6495,36.3336],[71.5334,36.2372],[71.3248,36.0516],[71.329,35.9075],[71.5142,35.7855],[71.5184,35.634],[71.6232,35.5572],[71.5695,35.3396],[71.6589,35.1251],[71.5128,34.9337],[71.2768,34.7737],[71.0967,34.6204],[71.0384,34.4931],[71.1386,34.2779],[71.1535,34.1384],[71.0235,34.0234],[70.7925,33.9269],[70.4783,33.9442],[70.0297,33.9988],[69.87,33.9408],[70.0272,33.7893],[70.1914,33.6062],[70.2493,33.4796],[70.2892,33.2831],[70.1991,33.1683],[70.0573,33.1167],[69.8267,33.1028],[69.6396,33.0509],[69.5079,32.9486],[69.4074,32.7576],[69.2777,32.3824],[69.2153,31.8362],[69.2064,31.798],[69.0533,31.6258],[68.9466,31.5871],[68.4962,31.7559],[68.2427,31.7672],[67.9918,31.6578],[67.8287,31.5363],[67.6837,31.2244],[67.5699,31.1857],[67.3375,31.2225],[67.0481,31.2399],[66.9208,31.2074],[66.6523,31.0091],[66.4666,30.843],[66.3817,30.6901],[66.2773,30.2959],[66.2328,29.8893],[66.2016,29.8066],[66.0906,29.7361],[65.6105,29.6128],[65.0783,29.5272],[64.6449,29.4485],[64.0893,29.3945],[63.6371,29.4554],[63.48,29.4546],[62.9464,29.3563],[62.6121,29.367],[62.3686,29.3847],[61.984,29.4904],[61.5031,29.602],[61.2195,29.6893],[60.8205,29.8333],[61.2043,30.2987],[61.5878,30.6565]]]]}},{"type":"Feature","properties":{"NAME":"Tunisia","ABBREVN":"Tunisia","SUBJECTO":"Tunisia","BORDERPRECISION":3,"PARTOF":"Tunisia"},"geometry":{"type":"MultiPolygon","coordinates":[[[[11.4707,33.1441],[11.4292,32.7027],[11.4583,32.4487],[11.4164,32.3277],[11.0556,32.1351],[10.7949,31.9938],[10.1324,31.4816],[10.0755,31.3224],[10.1991,30.8846],[10.1328,30.6427],[10.0626,30.5406],[9.6738,30.2715],[9.5749,30.2074],[9.3209,30.8987],[9.0065,31.9073],[8.8607,32.1162],[8.6975,32.2297],[8.5033,32.3112],[8.2853,32.685],[8.1843,32.8941],[8.0208,33.0203],[7.8174,33.0636],[7.666,33.4123],[7.5306,33.8119],[7.5812,34.041],[8.031,34.4249],[8.2177,34.5848],[8.291,34.7695],[8.3126,35.0112],[8.2892,35.2784],[8.2771,35.6795],[8.272,36.3228],[8.3237,36.5206],[8.6315,36.8027],[8.6367,36.8853],[8.8655,36.9684],[9.1503,37.1729],[9.4161,37.2754],[9.7322,37.2824],[10.0214,37.2001],[10.1327,37.1047],[10.1589,36.9965],[10.2715,36.7546],[10.3928,36.7166],[10.5806,36.7934],[10.8433,36.9915],[11.0238,37.0683],[11.0394,36.909],[10.9201,36.6539],[10.6334,36.424],[10.5092,36.2136],[10.5115,36.0862],[10.6026,35.8889],[10.8308,35.6793],[10.989,35.6223],[11.1251,35.2406],[11.0828,35.145],[10.8394,34.8012],[10.574,34.6481],[10.1164,34.2342],[10.0195,34.0815],[10.1487,33.8784],[10.4126,33.6311],[10.6502,33.4982],[10.7781,33.473],[10.9565,33.5751],[11.0991,33.5372],[11.2089,33.2515],[11.4707,33.1441]]]]}},{"type":"Feature","properties":{"NAME":"Kuwait","ABBREVN":"Kuwait","SUBJECTO":"Kuwait","BORDERPRECISION":3,"PARTOF":"Kuwait"},"geometry":{"type":"MultiPolygon","coordinates":[[[[47.9114,29.8903],[47.9359,29.8014],[47.996,29.4903],[47.8449,29.5032],[47.614,29.2722],[47.8036,29.1849],[47.9915,29.2775],[48.1291,29.2682],[48.4435,28.4402],[48.1536,28.4206],[47.6721,28.4432],[47.589,28.5507],[47.4386,28.8293],[47.2553,28.8536],[46.5092,28.9701],[46.744,29.2254],[46.9051,29.4376],[46.9522,29.4997],[47.1067,29.8118],[47.3393,29.8703],[47.9114,29.8903]]]]}},{"type":"Feature","properties":{"NAME":"Netherlands","ABBREVN":"Netherlands","SUBJECTO":"Netherlands","BORDERPRECISION":3,"PARTOF":"Netherlands"},"geometry":{"type":"MultiPolygon","coordinates":[[[[7.1599,53.164],[7.228,52.9667],[7.0729,52.8043],[7.0348,52.6235],[6.7781,52.6399],[6.7268,52.5583],[6.7136,52.4757],[6.9119,52.4155],[6.9969,52.4429],[7.069,52.3663],[7.0677,52.2186],[6.8822,52.1257],[6.8246,51.9564],[6.6804,51.8878],[6.3814,51.8199],[6.2114,51.8799],[6.1327,51.8384],[5.9794,51.8035],[5.9479,51.7217],[6.1169,51.6399],[6.1538,51.5207],[6.2223,51.3891],[6.1796,51.3223],[6.0892,51.1985],[6.1762,51.1441],[6.0702,51.0842],[5.9642,51.0243],[5.9279,50.9808],[6.0097,50.9645],[6.0739,50.8666],[5.9996,50.7416],[5.6971,50.7307],[5.6968,50.8829],[5.7742,50.9264],[5.8239,51.1168],[5.4844,51.2856],[5.2437,51.2366],[5.1125,51.4055],[5.0101,51.4327],[4.9321,51.3782],[4.7914,51.4872],[4.6711,51.4055],[4.5331,51.4055],[4.3954,51.4109],[4.4067,51.3401],[4.173,51.3249],[3.9895,51.3437],[3.775,51.3877],[3.7435,51.4605],[3.5203,51.5791],[3.8781,51.7917],[4.2644,52.0709],[4.3872,52.2304],[4.641,52.7557],[4.7188,52.8024],[5.0084,52.8562],[5.1733,52.7434],[5.2346,52.6229],[5.1082,52.5315],[5.0061,52.5569],[5.0357,52.3337],[4.9498,52.2779],[5.4732,52.1766],[5.5744,52.283],[5.7569,52.3337],[5.8171,52.5214],[5.6113,52.5315],[5.5557,52.5873],[5.5469,52.6787],[5.6534,52.7498],[5.5764,52.7599],[5.3257,52.7904],[5.358,52.9377],[5.3428,52.9963],[5.3321,53.0114],[5.3895,53.1386],[5.6473,53.2278],[5.9663,53.335],[6.2607,53.3217],[6.7507,53.3899],[6.861,53.2658],[7.0091,53.2454],[7.0433,53.164],[7.1599,53.164]]]]}},{"type":"Feature","properties":{"NAME":"Norway","ABBREVN":"Norway","SUBJECTO":"Norway","BORDERPRECISION":3,"PARTOF":"Norway"},"geometry":{"type":"MultiPolygon","coordinates":[[[[21.9708,79.7829],[21.2526,79.789],[20.3442,79.7963],[19.5617,79.7678],[19.2181,79.7402],[18.3306,79.8824],[18.6958,80.0874],[19.0676,80.165],[19.3988,80.3686],[19.9154,80.6334],[20.5245,80.3224],[20.9737,80.275],[21.4759,80.3147],[21.8812,80.2768],[22.1977,80.1233],[22.5874,80.2686],[22.826,80.473],[23.2164,80.6108],[23.0768,80.2406],[23.1154,80.0963],[23.4983,80.0971],[23.9442,80.3198],[24.4214,80.4373],[24.7829,80.3797],[25.034,80.1675],[25.3513,80.1489],[26.2544,80.1989],[26.9486,80.1137],[27.1968,79.9444],[26.9686,79.8539],[26.067,79.5741],[25.3367,79.403],[24.8552,79.3753],[24.4163,79.3122],[23.8205,79.1475],[20.9983,79.1911],[20.9833,79.3609],[21.6549,79.4781],[21.9708,79.7829]]],[[[13.2522,79.8007],[13.283,79.4871],[13.3967,79.4337],[14.1589,79.3638],[14.2581,79.5336],[14.3166,79.7219],[14.5747,79.7853],[14.8101,79.8037],[15.2372,79.5892],[15.7741,79.2423],[16.1332,79.1364],[16.3888,79.2346],[16.2892,79.3679],[16.082,79.5282],[15.935,79.7429],[15.9166,79.8418],[16.3263,80.0251],[16.7766,79.9786],[16.9953,79.8978],[17.5706,79.8899],[17.8341,79.8095],[17.7982,79.6209],[17.7222,79.4866],[17.769,79.4153],[18.016,79.3623],[18.3505,79.5146],[18.5487,79.5597],[18.8465,79.3817],[19.1516,79.2309],[19.5049,79.1606],[19.9319,79.1082],[20.6842,78.9149],[20.9081,78.8094],[20.3212,78.685],[19.4291,78.5866],[19.1158,78.4545],[18.7868,77.9398],[18.3886,77.5416],[17.8294,77.4889],[17.4849,77.2481],[17.2799,76.983],[17.267,76.8129],[16.913,76.7189],[16.6629,76.7269],[15.9461,76.8868],[15.0989,77.1153],[14.4846,77.3709],[14.7779,77.5348],[15.4821,77.5533],[16.2868,77.6152],[16.7116,77.7886],[16.418,77.9006],[15.5981,77.8384],[14.8934,77.7852],[14.131,77.7664],[13.9051,77.9999],[14.3365,78.0268],[14.9534,78.1236],[15.9209,78.2649],[16.617,78.4673],[15.4803,78.6494],[15.0839,78.7807],[14.819,78.7185],[14.3528,78.4279],[13.8718,78.2959],[13.6184,78.2692],[13.0621,78.3468],[12.9101,78.4252],[12.4375,78.5909],[12.0746,78.6957],[11.7603,78.8802],[12.5248,79.0586],[12.157,79.3154],[11.5452,79.172],[11.3352,79.2071],[10.9194,79.5452],[11.2843,79.7071],[11.5165,79.7165],[12.0003,79.7714],[12.4577,79.7543],[12.7174,79.7817],[13.2522,79.8007]]],[[[11.1789,59.0703],[11.1121,59.1651],[10.8292,59.1058],[10.7689,59.1177],[10.6568,59.2244],[10.5493,59.3786],[10.6336,59.4499],[10.5697,59.5805],[10.4071,59.4973],[10.3786,59.3667],[10.4296,59.26],[10.3633,59.2125],[10.2111,59.0703],[10.1723,58.9874],[9.9376,58.94],[9.6976,58.9992],[9.3462,58.8453],[9.3716,58.7861],[9.1459,58.6561],[8.9217,58.5379],[8.1752,58.172],[8.1537,58.0895],[8.0302,58.066],[7.9084,58.066],[6.9586,57.9717],[6.8742,58.0778],[6.7257,58.1367],[6.6437,58.0424],[6.4791,58.0895],[6.6517,58.172],[6.2313,58.2782],[5.8738,58.4316],[5.6155,58.4552],[5.3997,58.7152],[5.531,58.8808],[5.4746,58.9755],[5.6275,58.9637],[5.6658,58.8216],[5.7937,58.9163],[6.0936,58.798],[5.9837,58.8867],[6.0412,58.9518],[6.2661,58.9933],[6.0505,58.9814],[5.9404,58.9341],[5.8223,59.017],[5.7719,59.0762],[6.0326,59.2007],[6.2375,59.2837],[6.0203,59.254],[5.8775,59.3134],[6.0763,59.4202],[6.1134,59.527],[5.8159,59.3134],[5.7995,59.432],[5.6805,59.5092],[5.6829,59.4142],[5.7171,59.3371],[5.5285,59.2659],[5.3438,59.2659],[5.3503,59.3905],[5.2826,59.2718],[5.1766,59.3074],[5.0866,59.5092],[5.3826,59.7113],[5.4186,59.5152],[5.4493,59.6578],[5.6462,59.5865],[5.7411,59.628],[5.6666,59.6756],[5.9699,59.7113],[6.1854,59.8243],[5.9105,59.7529],[5.694,59.7529],[5.5433,59.8243],[5.6317,59.8838],[5.8058,59.9493],[5.8941,60.1613],[5.5246,60.1675],[5.2791,60.1253],[5.0962,60.2641],[5.2618,60.3271],[5.5511,60.5089],[5.4558,60.5924],[5.2552,60.5641],[5.0755,60.5917],[4.9804,60.6892],[5.1085,60.9061],[5.387,61.0256],[5.1196,61.1371],[5.0183,61.3051],[5.141,61.3896],[5.1011,61.6986],[5.149,61.7409],[5.416,61.7695],[5.5924,61.7897],[5.7971,61.7699],[5.8339,61.8194],[5.7195,61.8795],[5.5282,61.9326],[5.4257,62.0093],[5.4697,62.0937],[5.5646,62.1503],[5.8236,62.179],[6.0535,62.3348],[6.3084,62.2858],[6.5325,62.3357],[6.613,62.5833],[6.9887,62.5416],[7.2893,62.4856],[7.5467,62.5993],[7.1016,62.7046],[6.9819,62.8461],[7.0882,62.9102],[7.6065,62.9041],[7.9892,62.9403],[8.2313,62.8414],[8.258,63.0543],[8.4723,63.1755],[8.6059,63.3251],[8.9572,63.404],[9.1542,63.319],[9.2161,63.2836],[9.4409,63.4975],[9.8321,63.6836],[9.8701,63.8764],[10.0662,64.0555],[10.7398,64.3862],[10.8906,64.4725],[10.9966,64.4942],[11.2135,64.4157],[11.3641,64.416],[11.5077,64.5167],[11.4065,64.617],[11.4699,64.6746],[11.6897,64.7757],[11.8956,64.9127],[12.1121,65.1299],[12.2222,65.1011],[12.5265,65.109],[12.4962,65.3845],[12.2841,65.4349],[12.4792,65.617],[12.7091,65.9089],[13.0874,65.8804],[13.1088,66.0337],[13.1519,66.1361],[13.581,66.1881],[13.4028,66.3488],[13.2554,66.3925],[13.1686,66.4583],[13.2421,66.5685],[13.3832,66.679],[13.592,66.6573],[13.9916,66.6875],[13.7472,66.9224],[13.8591,66.9594],[14.0547,66.9746],[14.3731,67.0931],[14.6393,67.1231],[14.7777,67.2165],[14.6165,67.2453],[14.5692,67.3293],[14.6991,67.3744],[14.9762,67.5229],[15.2267,67.5086],[15.3845,67.4644],[15.5799,67.5833],[15.7457,67.5973],[15.7618,67.6763],[15.5722,67.8207],[15.8542,67.9252],[15.9197,68.049],[16.0711,68.0447],[16.2327,67.9111],[16.4116,67.8742],[16.6485,68.0457],[16.5219,68.3409],[16.7191,68.3114],[17.0333,68.3376],[17.1264,68.4161],[16.8548,68.5578],[17.0397,68.6585],[17.4069,68.7715],[17.4489,68.887],[17.5659,68.9744],[17.8947,69.0351],[17.9281,69.0051],[18.0515,69.0279],[18.0974,69.058],[18.3191,69.3594],[18.5532,69.2469],[18.9848,69.3154],[19.1702,69.2555],[19.2892,69.2106],[19.58,69.1811],[19.8212,69.3697],[20.1577,69.7478],[20.2864,69.7859],[20.3583,69.7104],[20.2782,69.5818],[20.1965,69.3177],[20.5527,69.5219],[20.7339,69.7792],[21.1027,69.8177],[21.412,70.0154],[21.6086,69.9625],[21.9081,69.804],[22.1633,70.0931],[22.3064,70.2156],[22.7456,70.1706],[23.2036,69.9428],[23.2925,70.0113],[23.5084,70.2791],[23.8273,70.4788],[23.9549,70.5021],[24.2077,70.4719],[24.3596,70.6103],[24.5705,70.7414],[24.849,70.8266],[25.389,70.9046],[25.8321,70.8978],[25.2307,70.5582],[25.1224,70.4352],[25.0741,70.1444],[25.263,70.1065],[25.574,70.3671],[26.2627,70.7907],[26.6065,70.9146],[26.6191,70.7991],[26.6174,70.392],[26.9344,70.4693],[27.1311,70.5771],[27.516,70.9703],[27.9475,71.0174],[28.2112,71.0179],[28.3084,70.9486],[28.1364,70.8327],[27.9853,70.717],[28.0189,70.6095],[27.8754,70.4251],[28.2897,70.3722],[28.3889,70.5718],[28.7948,70.8648],[28.9843,70.8574],[29.7412,70.605],[30.0414,70.5441],[30.462,70.5373],[30.7542,70.4304],[30.7988,70.308],[30.2519,70.1311],[29.7349,70.1149],[28.7301,70.1359],[28.8171,70.0979],[29.08,69.9612],[29.5559,69.8334],[29.7286,69.6976],[30.0558,69.7209],[30.3613,69.7668],[30.7354,69.7524],[31.0538,69.6396],[30.8717,69.5101],[30.6408,69.4185],[30.2699,69.4091],[29.9236,69.3546],[29.4628,69.1342],[29.0074,68.8318],[28.6972,68.6955],[28.6964,68.7853],[28.7397,68.9504],[29.133,69.3656],[29.1133,69.486],[28.717,69.6424],[28.4149,69.6937],[27.9087,69.8877],[27.6585,69.8864],[27.4089,69.8549],[26.5073,69.8125],[26.1177,69.6442],[25.8625,69.4544],[25.7456,69.258],[25.7099,69.0324],[25.6254,68.8071],[25.0628,68.5947],[24.8007,68.429],[24.6617,68.4955],[24.0818,68.7168],[23.3362,68.6158],[22.7012,68.6349],[22.4598,68.6935],[22.0723,68.9613],[21.6251,69.237],[21.4058,69.2735],[21.246,69.2275],[20.7906,68.9323],[20.7394,68.961],[20.5549,68.9751],[20.1656,68.9581],[20.039,68.4783],[19.9651,68.2765],[19.8427,68.1641],[19.6972,68.1708],[19.3961,68.2288],[18.9587,68.2937],[18.1795,68.4688],[18.1041,68.3863],[18.0942,68.0881],[18.057,67.9987],[17.9136,67.8642],[17.6009,67.8626],[17.2087,67.9051],[17.083,67.9119],[16.8739,67.8366],[16.206,67.3073],[16.2283,67.2113],[16.3051,66.9832],[16.2205,66.8281],[15.9435,66.6724],[15.3474,66.2587],[15.0384,66.0598],[14.5967,66.0502],[14.542,65.9404],[14.5153,65.5034],[14.3714,65.2341],[14.1989,65.0232],[13.9404,64.7986],[13.7179,64.5533],[13.8702,64.4967],[14.0416,64.3757],[14.155,64.1113],[14.0784,64.0322],[13.8802,63.9526],[13.5505,63.9366],[13.131,63.9487],[12.8531,63.8973],[12.5771,63.7816],[12.2992,63.5662],[12.1242,63.3446],[12.0896,63.046],[11.9327,62.554],[12.2256,62.2257],[12.0746,61.6985],[12.3366,61.5231],[12.658,61.4395],[12.7917,61.3299],[12.5974,61.0286],[12.174,60.9564],[12.431,60.6258],[12.548,60.4339],[12.4359,60.2781],[12.4228,60.0388],[12.077,59.8659],[11.8906,59.86],[11.8379,59.6696],[11.6103,59.5686],[11.7089,59.1949],[11.5633,58.8631],[11.3786,58.8571],[11.3108,59.0111],[11.1789,59.0703]]]]}},{"type":"Feature","properties":{"NAME":"Finland","ABBREVN":"Finland","SUBJECTO":"Finland","BORDERPRECISION":3,"PARTOF":"Finland"},"geometry":{"type":"MultiPolygon","coordinates":[[[[28.6972,68.6955],[28.686,68.5683],[28.5701,68.3588],[28.6222,68.1207],[28.8757,68.0253],[29.2681,67.9382],[29.7018,67.7104],[29.9461,67.5339],[29.757,67.3703],[29.1709,67.0206],[29.0229,66.8874],[29.6543,66.26],[30.0017,65.7221],[29.9134,65.5617],[29.7153,65.3212],[29.6312,65.1398],[29.6182,64.9734],[29.7844,64.7443],[30.3635,64.1168],[30.4315,64.0029],[30.4058,63.8885],[30.1622,63.7018],[30.0149,63.6156],[30.2126,63.4671],[30.8236,63.2428],[31.14,63.1237],[31.3359,62.9474],[31.4083,62.792],[31.3609,62.6078],[31.1675,62.3666],[30.9018,62.1255],[30.2786,61.7845],[29.3861,61.2466],[28.51,60.7318],[28.4318,60.6035],[28.0114,60.5107],[27.4736,60.4261],[27.4062,60.3448],[27.1785,60.4424],[26.9456,60.3763],[26.9223,60.3161],[26.6131,60.3478],[26.5259,60.3965],[26.5516,60.5707],[26.4428,60.3333],[26.3227,60.2702],[26.0377,60.2493],[25.8901,60.2358],[25.8455,60.1155],[25.5805,60.2623],[25.4499,60.1384],[25.1458,60.1097],[24.993,60.0296],[24.9695,60.0868],[24.743,60.0382],[24.516,59.9895],[24.4211,59.8698],[24.2814,59.9381],[23.9789,59.8811],[23.9611,59.9325],[23.6647,59.8356],[23.4189,59.8298],[23.2014,59.8185],[22.9821,59.9325],[22.882,60.0556],[23.0052,60.2088],[22.6246,60.2011],[22.3921,60.1212],[22.4215,60.2932],[22.2207,60.2588],[21.931,60.3808],[21.7468,60.4083],[21.5602,60.5125],[21.4432,60.6936],[21.4273,61.0151],[21.4983,61.1833],[21.5208,61.3796],[21.561,61.4849],[21.4052,61.7024],[21.2112,61.8709],[21.3464,62.1671],[21.3376,62.3436],[21.2001,62.4352],[21.0337,62.4773],[21.0618,62.6117],[21.1948,62.7607],[21.4813,62.8888],[21.546,62.9741],[21.4947,63.123],[21.6665,63.1873],[21.9513,63.131],[22.075,63.1028],[22.2924,63.2027],[22.4288,63.395],[22.4758,63.6016],[22.569,63.723],[22.7042,63.5806],[22.8255,63.5809],[23.5803,64.0821],[24.094,64.3766],[24.4701,64.6355],[24.9319,64.816],[25.3251,64.8024],[25.3519,64.9391],[25.2934,65.0039],[25.1326,65.0759],[25.1861,65.2427],[25.2515,65.4169],[25.1036,65.5401],[24.5911,65.5828],[24.2148,65.7859],[23.9477,65.7967],[23.8967,65.902],[23.7495,66.0398],[23.6561,66.2804],[23.8812,66.6406],[23.8682,66.8169],[23.6857,67.1251],[23.4579,67.4119],[23.4597,67.6488],[23.4877,67.8343],[23.1412,68.0852],[22.9127,68.1882],[22.2007,68.2815],[21.7125,68.4132],[21.1333,68.7092],[20.8564,68.9176],[20.7906,68.9323],[21.246,69.2275],[21.4058,69.2735],[21.6251,69.237],[22.0723,68.9613],[22.4598,68.6935],[22.7012,68.6349],[23.3362,68.6158],[24.0818,68.7168],[24.6617,68.4955],[24.8007,68.429],[25.0628,68.5947],[25.6254,68.8071],[25.7099,69.0324],[25.7456,69.258],[25.8625,69.4544],[26.1177,69.6442],[26.5073,69.8125],[27.4089,69.8549],[27.6585,69.8864],[27.9087,69.8877],[28.4149,69.6937],[28.717,69.6424],[29.1133,69.486],[29.133,69.3656],[28.7397,68.9504],[28.6964,68.7853],[28.6972,68.6955]]]]}},{"type":"Feature","properties":{"NAME":"Serbia","ABBREVN":"Serbia","SUBJECTO":"Serbia","BORDERPRECISION":3,"PARTOF":"Serbia"},"geometry":{"type":"MultiPolygon","coordinates":[[[[22.4526,41.0486],[22.1729,41.0727],[22.0102,41.0911],[21.8457,41.0196],[21.6684,40.8264],[21.3953,40.7608],[21.0316,40.7268],[20.707,41.0006],[20.5728,41.3011],[20.5396,41.5896],[20.5989,41.7824],[20.583,41.8807],[20.575,41.9299],[20.2452,42.3198],[20.073,42.4859],[20.0471,42.4875],[20.0965,42.6162],[20.0965,42.6463],[20.0614,42.6765],[20.0162,42.6765],[19.9911,42.7016],[20.0011,42.7418],[20.0513,42.7568],[20.1166,42.7518],[20.192,42.7367],[20.2171,42.7518],[20.2271,42.7819],[20.2673,42.802],[20.3276,42.8121],[20.3677,42.8171],[20.3627,42.8573],[20.3175,42.9025],[20.2422,42.9326],[20.1819,42.9527],[20.1568,42.9728],[20.1066,42.9627],[20.0714,42.9828],[20.0564,43.013],[20.0011,43.0582],[19.966,43.1034],[19.9358,43.1134],[19.9057,43.0933],[19.8705,43.0983],[19.8253,43.1235],[19.6998,43.1586],[19.6646,43.1687],[19.6395,43.1837],[19.5642,43.244],[19.519,43.3093],[19.4688,43.3595],[19.3934,43.3947],[19.3231,43.4399],[19.2227,43.465],[19.2227,43.5102],[19.303,43.5554],[19.3432,43.6056],[19.3784,43.6106],[19.4085,43.5955],[19.4436,43.5755],[19.4888,43.5654],[19.5089,43.5755],[19.514,43.6357],[19.519,43.7211],[19.4587,43.7864],[19.3784,43.8718],[19.2829,43.932],[19.2377,43.9973],[19.2829,43.9873],[19.3281,43.9823],[19.3934,43.9571],[19.4939,43.9371],[19.5541,43.9722],[19.5943,43.9973],[19.6245,44.0325],[19.5843,44.0526],[19.524,44.0626],[19.4838,44.1028],[19.4286,44.138],[19.3583,44.1781],[19.3432,44.2233],[19.3231,44.2685],[19.2277,44.2635],[19.1524,44.2886],[19.1172,44.3338],[19.1072,44.3941],[19.1423,44.4242],[19.1423,44.4644],[19.1272,44.5096],[19.1524,44.5347],[19.1825,44.5699],[19.2528,44.6402],[19.3231,44.7406],[19.3382,44.816],[19.3633,44.8612],[19.3532,44.8913],[19.298,44.9013],[19.2176,44.9064],[19.1473,44.9064],[19.0519,44.8561],[19.0168,44.8963],[19.0419,44.9265],[19.082,44.9114],[19.1222,44.9265],[19.1172,44.9616],[19.1072,44.9968],[19.1222,45.0319],[19.1021,45.0621],[19.1021,45.1324],[19.1373,45.1324],[19.1825,45.1725],[19.1674,45.2027],[19.1875,45.2077],[19.2126,45.2027],[19.2428,45.1826],[19.2779,45.1776],[19.308,45.1876],[19.3482,45.1725],[19.4085,45.1675],[19.4236,45.1926],[19.4191,45.224],[19.5435,45.2526],[19.587,45.2105],[19.8534,45.236],[19.8724,45.2643],[20.0242,45.1727],[20.1962,45.1806],[20.2406,45.1548],[20.3187,44.9987],[20.2881,44.9709],[20.334,44.9152],[20.4053,44.8552],[20.5255,44.83],[20.5706,44.8474],[20.5926,44.8368],[20.643,44.8125],[20.6329,44.7567],[20.7692,44.6603],[20.9222,44.6709],[21.0151,44.7205],[21.1492,44.7392],[21.33,44.8204],[21.3639,44.8203],[21.3675,44.8087],[21.4777,44.7928],[21.5833,44.7928],[21.5919,44.7078],[21.8589,44.6812],[21.9465,44.6188],[22.1329,44.5112],[22.1994,44.5643],[22.2959,44.6919],[22.4095,44.7503],[22.6911,44.6387],[22.7424,44.5803],[22.5848,44.5856],[22.4406,44.4953],[22.506,44.3466],[22.694,44.2631],[22.5465,44.1077],[22.3739,43.9393],[22.2934,43.8036],[22.3181,43.6815],[22.9152,43.1764],[22.9278,43.0864],[22.7923,42.9507],[22.4495,42.8009],[22.3384,42.6654],[22.3349,42.434],[22.3292,42.3403],[22.3264,42.2927],[22.3862,42.1967],[22.6862,42.0635],[22.8472,41.891],[22.9485,41.6798],[22.946,41.4553],[22.8991,41.3203],[22.9202,41.2307],[22.6924,41.1589],[22.4526,41.0486]]]]}},{"type":"Feature","properties":{"NAME":"Kingfom of Italy","ABBREVN":"Italy","SUBJECTO":"Italy","BORDERPRECISION":3,"PARTOF":"Italy"},"geometry":{"type":"MultiPolygon","coordinates":[[[[9.4055,42.5806],[9.4586,42.5561],[9.4867,42.4064],[9.4525,42.0483],[9.3575,41.9012],[9.3045,41.5753],[9.173,41.3499],[9.0389,41.3695],[9.0133,41.4577],[8.8288,41.492],[8.7269,41.5606],[8.8546,41.6537],[8.8233,41.688],[8.6269,41.7321],[8.7424,41.8816],[8.6928,41.9135],[8.5619,41.8816],[8.5379,41.9478],[8.5896,41.9576],[8.6683,42.0287],[8.6265,42.0973],[8.5107,42.1341],[8.5172,42.2077],[8.6284,42.2617],[8.5004,42.3598],[8.6093,42.4873],[8.879,42.6248],[9.0004,42.6346],[9.0184,42.691],[9.1495,42.7107],[9.2377,42.664],[9.2804,42.7279],[9.2705,42.8825],[9.3032,42.9832],[9.3671,42.9881],[9.4142,42.9095],[9.4322,42.7941],[9.4055,42.5806]]],[[[13.6732,45.7145],[13.5646,45.7265],[13.4377,45.6384],[13.3677,45.6945],[13.1562,45.7265],[13.1046,45.5824],[12.8987,45.5584],[12.4482,45.3943],[12.4832,45.4623],[12.2797,45.4023],[12.2514,45.2903],[12.1804,45.2703],[12.1762,45.2143],[12.3125,45.1783],[12.3221,45.0424],[12.409,44.989],[12.5231,44.8828],[12.476,44.7871],[12.2736,44.6726],[12.2807,44.5501],[12.3451,44.301],[12.6972,43.9348],[13.6009,43.5348],[13.7316,43.3742],[13.7916,43.1233],[13.9151,42.8728],[14.0928,42.6095],[14.4049,42.3531],[14.5193,42.2297],[14.72,42.1418],[14.7385,42.0472],[14.9224,41.9718],[15.4486,41.8567],[16.0128,41.9043],[16.1874,41.8409],[16.1984,41.7457],[15.9891,41.6346],[15.8733,41.5021],[15.991,41.4061],[16.4203,41.2787],[16.946,41.0938],[17.3193,40.9293],[18.0339,40.5967],[18.0599,40.5135],[18.3836,40.3078],[18.5226,40.0941],[18.4337,39.8984],[18.3649,39.7467],[18.1601,39.8731],[18.0171,39.9479],[17.9677,40.1669],[17.8496,40.2435],[17.6191,40.2878],[17.4017,40.2919],[17.2042,40.3979],[17.2428,40.4958],[17.0841,40.5251],[16.9487,40.4811],[16.8441,40.3631],[16.7276,40.1836],[16.6044,40.0899],[16.6239,39.9678],[16.535,39.8316],[16.5321,39.6975],[16.874,39.5437],[17.1491,39.4218],[17.1074,39.2805],[17.121,39.086],[17.1807,39.0222],[17.0947,38.915],[16.7977,38.9259],[16.6133,38.8273],[16.5222,38.725],[16.572,38.4571],[16.3307,38.3207],[16.0529,37.9312],[15.7852,37.9097],[15.7102,37.9414],[15.6275,38.0042],[15.6266,38.2331],[15.7909,38.2964],[15.9335,38.5399],[15.8273,38.6227],[15.9898,38.7348],[16.1522,38.7013],[16.2122,38.778],[16.1772,38.931],[16.0826,39.0125],[15.9896,39.4284],[15.8247,39.6606],[15.757,39.9336],[15.6662,40.0919],[15.5159,40.0659],[15.432,39.989],[15.0273,40.2122],[14.8987,40.2415],[14.9923,40.3722],[14.951,40.5515],[14.7433,40.7048],[14.3341,40.5936],[14.3498,40.6425],[14.4946,40.73],[14.3703,40.8515],[14.24,40.8529],[14.0509,40.7675],[13.9419,40.998],[13.8525,41.091],[13.797,41.1934],[13.4984,41.3019],[13.2714,41.3142],[12.9768,41.3714],[12.6415,41.5311],[12.3948,41.7295],[11.9634,42.0047],[11.4974,42.3764],[11.1048,42.5491],[10.7428,42.8505],[10.4877,43.2359],[10.2925,43.7054],[10.1367,43.9048],[9.9093,44.1105],[9.6919,44.2196],[9.157,44.3732],[8.8966,44.4372],[8.6717,44.4174],[8.1864,44.1264],[7.9795,43.9649],[7.6891,43.887],[7.5528,43.8675],[7.6188,44.0783],[7.5911,44.2047],[7.2092,44.1731],[6.8698,44.3492],[6.7829,44.5479],[6.9247,44.715],[7.0035,44.7195],[6.9426,44.8687],[6.6653,44.9545],[6.5073,45.1157],[6.7036,45.1992],[6.7859,45.1493],[7.0292,45.308],[7.1191,45.4305],[6.9255,45.5167],[6.9143,45.6483],[6.6745,45.8033],[6.9553,45.9389],[7.2248,45.9109],[7.5068,46.0025],[7.7899,45.927],[7.9139,45.999],[8.0709,46.1934],[8.0248,46.2888],[8.3745,46.4708],[8.3816,46.2843],[8.6219,46.1207],[8.7617,46.0888],[8.7176,46.007],[8.8907,45.8662],[9.0189,45.9344],[9.027,46.1752],[9.2183,46.348],[9.2101,46.4981],[9.3768,46.5345],[9.441,46.3752],[9.5449,46.3116],[9.642,46.3252],[9.6737,46.3798],[9.885,46.4025],[9.9945,46.2525],[10.0971,46.4389],[9.9874,46.4981],[10.0237,46.6209],[10.1512,46.6619],[10.2303,46.5893],[10.3721,46.5663],[10.3892,46.6528],[10.3387,46.7483],[10.3957,46.8874],[10.5583,46.7179],[10.5583,46.3129],[10.4571,46.2116],[10.5246,45.7391],[10.6596,45.8066],[10.7946,45.6378],[10.9296,45.8403],[11.1659,45.7391],[11.2334,46.0091],[11.3346,46.0091],[11.5709,45.9754],[11.5709,46.2454],[11.9084,46.4141],[11.7397,46.7517],[12.0748,46.9275],[12.2178,46.8843],[12.3619,46.7085],[12.9519,46.5975],[13.354,46.5607],[13.5689,46.5104],[13.6211,46.4209],[13.3445,46.2845],[13.3887,46.2163],[13.522,46.2156],[13.6063,46.1321],[13.4407,46.0039],[13.592,45.9638],[13.5351,45.8013],[13.6971,45.7518],[13.825,45.6627],[13.8,45.5664],[13.6732,45.7145]]],[[[14.622,36.7761],[14.2159,37.0493],[13.8684,37.157],[13.0116,37.5249],[12.6369,37.5815],[12.532,37.6387],[12.4541,37.766],[12.5166,37.9192],[12.6643,38.0725],[12.7828,38.1174],[13.066,38.0669],[13.3225,38.2205],[13.628,38.0298],[13.8095,37.9664],[14.1345,37.9735],[14.7659,38.0576],[15.3867,38.2055],[15.4537,38.1674],[15.4729,38.1101],[15.4225,38.0526],[15.181,37.6823],[15.1122,37.459],[15.1162,37.2869],[15.3013,37.0579],[15.2206,37.0004],[15.0273,36.7451],[14.9424,36.7386],[14.622,36.7761]]],[[[8.6961,38.9958],[8.5824,39.0658],[8.4172,39.2122],[8.3742,39.3078],[8.465,39.6399],[8.5085,39.9465],[8.488,40.2088],[8.4282,40.4649],[8.2016,40.663],[8.1595,40.7847],[8.2407,40.8553],[8.4056,40.8621],[8.7661,40.8628],[8.9184,40.94],[9.3062,41.1844],[9.5909,40.9029],[9.7937,40.5637],[9.7878,40.442],[9.6957,40.3137],[9.6308,40.0959],[9.698,39.6935],[9.6483,39.4572],[9.4789,39.1442],[9.2963,39.2331],[9.0625,39.2199],[8.9985,39.1751],[8.9314,39.0537],[8.8196,38.9769],[8.6961,38.9958]]]]}},{"type":"Feature","properties":{"NAME":"Romania","ABBREVN":"Romania","SUBJECTO":"Romania","BORDERPRECISION":3,"PARTOF":"Romania"},"geometry":{"type":"MultiPolygon","coordinates":[[[[27.1077,48.6436],[27.1077,48.8326],[27.4858,48.6706],[27.4858,48.7516],[27.6478,48.7516],[27.7061,48.4397],[27.7231,48.434],[27.8196,48.3943],[27.882,48.3376],[27.9444,48.3149],[28.0125,48.3092],[28.0579,48.2808],[28.0806,48.2524],[28.1147,48.2184],[28.1601,48.2241],[28.2168,48.2127],[28.2963,48.2297],[28.3473,48.2297],[28.3587,48.2014],[28.319,48.156],[28.3019,48.1333],[28.3473,48.1503],[28.387,48.139],[28.387,48.1049],[28.4154,48.0822],[28.4268,48.0974],[28.9082,47.8184],[29.1156,47.2827],[29.4267,46.8161],[29.8068,46.505],[29.9643,46.3685],[30.0661,46.2804],[30.4328,46.1757],[30.0688,45.8614],[29.7297,45.77],[29.6295,45.7504],[29.5004,45.5234],[29.5361,45.4522],[29.6159,45.4102],[29.6832,45.3748],[29.7108,45.2583],[29.579,45.0575],[29.4575,44.9151],[29.2616,44.8954],[29.0897,44.8757],[28.9182,44.7658],[28.6862,44.4881],[28.5731,44.1978],[28.5299,43.8435],[28.5101,43.7431],[28.2083,43.7972],[27.6027,43.9484],[27.3714,44.0502],[27.2387,44.0688],[26.9371,44.2346],[26.6844,44.2526],[26.5729,44.2132],[26.4062,44.1544],[25.5491,43.8073],[25.3781,43.7806],[24.755,43.9382],[24.6203,43.9439],[24.3095,43.8263],[24.1564,43.8126],[23.6383,43.9901],[23.4109,43.9909],[23.0641,43.906],[22.9444,43.8954],[22.9231,43.9803],[23.0283,44.1236],[22.8704,44.1714],[22.694,44.2631],[22.506,44.3466],[22.4406,44.4953],[22.5848,44.5856],[22.7424,44.5803],[22.6911,44.6387],[22.4095,44.7503],[22.3432,44.986],[22.3953,45.2727],[22.4782,45.7285],[23.0182,45.8635],[23.2545,46.0661],[23.5583,45.8973],[23.7946,46.0661],[24.0646,46.0998],[24.4021,45.8973],[24.9421,45.9648],[25.5159,45.796],[25.4484,46.3023],[25.6509,46.4036],[25.8534,46.6736],[26.0248,46.8321],[25.8428,46.9683],[25.6477,47.1425],[25.2273,47.2486],[25.5697,47.4219],[25.7865,47.3426],[25.9512,47.4951],[26.5276,47.5332],[26.4409,47.5975],[26.2242,47.9616],[26.0378,48.2164],[26.1289,48.2684],[26.2546,48.303],[26.0899,48.6077],[26.4799,48.5858],[26.9894,48.6808],[27.1077,48.6436]]]]}},{"type":"Feature","properties":{"NAME":"Austro-Hungarian Empire","ABBREVN":"Austria Hung","SUBJECTO":"Austro-Hungarian Empire","BORDERPRECISION":3,"PARTOF":"Austro-Hungarian Empire"},"geometry":{"type":"MultiPolygon","coordinates":[[[[22.3432,44.986],[22.4095,44.7503],[22.2959,44.6919],[22.1994,44.5643],[22.1329,44.5112],[21.9465,44.6188],[21.8589,44.6812],[21.5919,44.7078],[21.5833,44.7928],[21.4777,44.7928],[21.3675,44.8087],[21.3639,44.8203],[21.33,44.8204],[21.1492,44.7392],[21.0151,44.7205],[20.9222,44.6709],[20.7692,44.6603],[20.6329,44.7567],[20.643,44.8125],[20.5706,44.8474],[20.5255,44.83],[20.4053,44.8552],[20.334,44.9152],[20.2881,44.9709],[20.3187,44.9987],[20.2406,45.1548],[20.1962,45.1806],[20.0242,45.1727],[19.8724,45.2643],[19.8534,45.236],[19.587,45.2105],[19.5435,45.2526],[19.4191,45.224],[19.4236,45.1926],[19.4085,45.1675],[19.3482,45.1725],[19.308,45.1876],[19.2779,45.1776],[19.2428,45.1826],[19.2126,45.2027],[19.1875,45.2077],[19.1674,45.2027],[19.1825,45.1725],[19.1373,45.1324],[19.1021,45.1324],[19.1021,45.0621],[19.1222,45.0319],[19.1072,44.9968],[19.1172,44.9616],[19.1222,44.9265],[19.082,44.9114],[19.0419,44.9265],[19.0168,44.8963],[19.0519,44.8561],[19.1473,44.9064],[19.2176,44.9064],[19.298,44.9013],[19.3532,44.8913],[19.3633,44.8612],[19.3382,44.816],[19.3231,44.7406],[19.2528,44.6402],[19.1825,44.5699],[19.1524,44.5347],[19.1272,44.5096],[19.1423,44.4644],[19.1423,44.4242],[19.1072,44.3941],[19.1172,44.3338],[19.1524,44.2886],[19.2277,44.2635],[19.3231,44.2685],[19.3432,44.2233],[19.3583,44.1781],[19.4286,44.138],[19.4838,44.1028],[19.524,44.0626],[19.5843,44.0526],[19.6245,44.0325],[19.5943,43.9973],[19.5541,43.9722],[19.4939,43.9371],[19.3934,43.9571],[19.3281,43.9823],[19.2829,43.9873],[19.2377,43.9973],[19.2829,43.932],[19.3784,43.8718],[19.4587,43.7864],[19.519,43.7211],[19.514,43.6357],[19.5089,43.5755],[19.4888,43.5654],[19.4436,43.5755],[19.4085,43.5955],[19.3784,43.6106],[19.3432,43.6056],[19.303,43.5554],[19.2227,43.5102],[19.1976,43.5252],[19.1272,43.5001],[19.077,43.5102],[19.0469,43.5303],[18.9967,43.5152],[18.9615,43.4901],[18.9665,43.4549],[19.0067,43.4097],[19.062,43.3344],[19.0871,43.2892],[19.062,43.244],[19.0117,43.244],[18.9716,43.2691],[18.9464,43.3093],[18.9213,43.3294],[18.8661,43.3344],[18.8108,43.3093],[18.7355,43.2741],[18.7154,43.2289],[18.6953,43.1887],[18.6451,43.1435],[18.6602,43.1034],[18.6652,43.0582],[18.6401,43.0331],[18.5798,43.028],[18.5296,43.018],[18.4844,42.9778],[18.4794,42.9175],[18.4844,42.8673],[18.4894,42.802],[18.4944,42.7819],[18.5246,42.7317],[18.5597,42.6915],[18.5798,42.6463],[18.5396,42.6062],[18.4574,42.5578],[18.4593,42.5559],[18.4492,42.5158],[18.4643,42.4806],[18.5011,42.4482],[18.5143,42.407],[18.5136,42.3621],[18.2487,42.5274],[18.0014,42.6945],[17.6464,42.8646],[17.5957,42.8889],[17.548,42.9201],[17.0751,43.2227],[16.9923,43.3227],[16.6398,43.3897],[16.5485,43.4613],[16.3667,43.513],[16.0594,43.4335],[15.9128,43.6522],[15.4123,43.9348],[15.1495,44.2399],[15.2744,44.2366],[15.5482,44.2293],[15.2859,44.3289],[14.9891,44.54],[14.907,44.7233],[14.9455,44.9266],[14.8154,45.0779],[14.5246,45.2663],[14.3545,45.3229],[14.2386,45.0624],[14.1746,45.0104],[14.1885,44.9425],[14.0604,44.8947],[13.9913,44.7831],[13.8951,44.7592],[13.6721,45.0504],[13.6436,45.1791],[13.5269,45.4543],[13.5563,45.4596],[13.7491,45.4943],[13.8,45.5664],[13.825,45.6627],[13.6971,45.7518],[13.5351,45.8013],[13.592,45.9638],[13.4407,46.0039],[13.6063,46.1321],[13.522,46.2156],[13.3887,46.2163],[13.3445,46.2845],[13.6211,46.4209],[13.5689,46.5104],[13.354,46.5607],[12.9519,46.5975],[12.3619,46.7085],[12.2178,46.8843],[12.0748,46.9275],[11.7397,46.7517],[11.9084,46.4141],[11.5709,46.2454],[11.5709,45.9754],[11.3346,46.0091],[11.2334,46.0091],[11.1659,45.7391],[10.9296,45.8403],[10.7946,45.6378],[10.6596,45.8066],[10.5246,45.7391],[10.4571,46.2116],[10.5583,46.3129],[10.5583,46.7179],[10.3957,46.8874],[10.4086,46.9645],[10.3118,47.017],[10.0515,46.8677],[9.8042,46.9769],[9.8006,47.0417],[9.5208,47.0694],[9.5608,47.1559],[9.4646,47.2855],[9.5843,47.4091],[9.5393,47.4872],[9.561,47.5005],[9.5984,47.4873],[9.6413,47.5071],[9.6478,47.4881],[9.6658,47.496],[9.6781,47.4888],[9.6992,47.5063],[9.7428,47.5046],[9.7524,47.5108],[9.7124,47.5506],[9.6803,47.5427],[9.6802,47.5563],[9.6655,47.5562],[9.7367,47.6161],[9.78,47.5666],[9.892,47.5635],[9.9383,47.5017],[10.0258,47.4801],[10.021,47.406],[10.138,47.3887],[10.1029,47.301],[10.1995,47.301],[10.4031,47.4554],[10.3883,47.579],[10.4954,47.5604],[10.6132,47.5852],[10.8348,47.545],[10.8766,47.4801],[10.9029,47.4152],[11.1703,47.4245],[11.34,47.4708],[11.3598,47.5295],[11.5034,47.5357],[11.5596,47.613],[12.122,47.6284],[12.1633,47.7088],[12.3582,47.7243],[12.4461,47.6624],[12.7001,47.6902],[12.7654,47.6377],[12.7437,47.5635],[12.942,47.4832],[12.9789,47.5079],[13.023,47.6624],[12.9981,47.7335],[12.8475,47.7397],[12.9363,47.8727],[12.6942,48.1294],[12.8582,48.2316],[13.2936,48.3647],[13.3667,48.4421],[13.3841,48.5939],[13.4437,48.6063],[13.64,48.5382],[13.9467,48.6551],[13.7455,48.9399],[13.6521,48.9561],[13.5782,49.0369],[13.4797,48.9992],[13.3969,49.0895],[13.2031,49.1662],[12.9453,49.3979],[12.8608,49.3656],[12.6458,49.4846],[12.5363,49.5626],[12.5197,49.6676],[12.4483,49.7061],[12.4844,49.8888],[12.5542,50.0016],[12.3684,50.0456],[12.2523,50.2159],[12.2354,50.2408],[12.3448,50.3167],[12.4616,50.3981],[12.5939,50.3836],[12.7837,50.4741],[12.9823,50.4741],[13.0175,50.5555],[13.1894,50.561],[13.233,50.6638],[13.3942,50.6913],[13.4733,50.6587],[13.5242,50.7565],[13.8548,50.7674],[13.9107,50.8435],[14.1465,50.8653],[14.2747,50.9088],[14.3888,50.9468],[14.2617,51.0447],[14.4578,51.0774],[14.5964,51.023],[14.6103,50.8979],[14.7648,50.8653],[14.8289,50.9169],[14.9973,50.9169],[15.0083,50.9849],[14.981,51.0175],[15.0093,51.0556],[15.1719,51.0638],[15.267,51.023],[15.3088,50.906],[15.4722,50.8326],[15.5628,50.8213],[15.8183,50.7973],[15.8775,50.7158],[16.0029,50.7321],[16.0009,50.656],[16.2102,50.6859],[16.2378,50.7158],[16.3531,50.7049],[16.4428,50.6234],[16.3986,50.5691],[16.3047,50.5583],[16.2044,50.4632],[16.4514,50.352],[16.585,50.1812],[16.728,50.1486],[16.8271,50.2327],[17.0115,50.2869],[16.8844,50.4225],[16.8856,50.4877],[17.0144,50.4768],[17.2433,50.39],[17.3597,50.3357],[17.6788,50.3383],[17.5971,50.211],[17.7456,50.2489],[17.7447,50.1351],[17.7507,50.036],[17.8825,50.0301],[18.048,50.1026],[18.1878,50.0213],[18.5487,49.9617],[18.6045,49.939],[18.7482,50.0461],[18.8921,50.0641],[19.3112,50.2684],[19.9234,50.1852],[20.2706,50.1042],[20.8112,50.3611],[21.1574,50.3765],[21.3981,50.5185],[21.9078,50.8122],[22.3944,50.6803],[22.4828,50.3717],[23.1162,50.3854],[24.0628,50.6207],[24.4044,50.6343],[24.9524,50.4171],[25.1516,50.3354],[25.2026,50.1552],[25.3801,50.0466],[25.5052,49.8441],[25.6711,49.7596],[26.2547,49.7504],[26.2194,49.1343],[26.4799,48.5858],[26.0899,48.6077],[26.2546,48.303],[26.1289,48.2684],[26.0378,48.2164],[26.2242,47.9616],[26.4409,47.5975],[26.5276,47.5332],[25.9512,47.4951],[25.7865,47.3426],[25.5697,47.4219],[25.2273,47.2486],[25.6477,47.1425],[25.8428,46.9683],[26.0248,46.8321],[25.8534,46.6736],[25.6509,46.4036],[25.4484,46.3023],[25.5159,45.796],[24.9421,45.9648],[24.4021,45.8973],[24.0646,46.0998],[23.7946,46.0661],[23.5583,45.8973],[23.2545,46.0661],[23.0182,45.8635],[22.4782,45.7285],[22.3953,45.2727],[22.3432,44.986]]]]}},{"type":"Feature","properties":{"NAME":"Algeria","ABBREVN":"Algeria","SUBJECTO":"France","BORDERPRECISION":3,"PARTOF":"France"},"geometry":{"type":"MultiPolygon","coordinates":[[[[14.9677,22.968],[14.2844,22.6399],[14.1801,22.5694],[13.6436,22.9794],[13.5274,23.0613],[13.0738,23.2112],[12.3336,23.4103],[11.959,23.4717],[11.8399,23.3884],[11.1057,23.0091],[9.3003,22.0008],[8.5771,21.5707],[7.5384,20.9164],[7.1631,20.6218],[5.7755,19.4442],[4.9565,19.2805],[4.2038,19.1363],[3.2252,18.9526],[3.1589,19.2064],[3.2314,19.5119],[3.1871,19.7469],[3.0624,19.905],[2.9233,19.9551],[2.5867,19.9658],[2.4181,20.0411],[2.1537,20.2938],[1.942,20.1527],[1.8395,20.1648],[1.3393,20.6323],[1.1628,20.7584],[1.1257,20.8408],[1.1687,21.019],[1.0874,21.133],[-0.0249,21.7939],[-0.2037,21.9079],[-0.7854,22.2789],[-1.6512,22.8459],[-3.1287,23.8544],[-3.4936,24.1129],[-4.4179,24.7178],[-4.8208,24.957],[-4.8658,24.9949],[-5.502,25.4044],[-7.356,26.4934],[-8.6292,27.1727],[-8.6412,27.5668],[-8.6101,28.4697],[-8.5932,28.6414],[-8.2845,28.783],[-7.6041,29.232],[-7.1705,29.476],[-6.6014,29.4411],[-6.4227,29.4676],[-6.3414,29.7795],[-5.9527,29.7945],[-5.603,29.8728],[-5.366,29.9758],[-5.1302,30.1361],[-4.9123,30.4298],[-4.4133,30.5788],[-3.7294,30.8942],[-3.6713,30.9962],[-3.8047,31.2752],[-3.8159,31.4531],[-3.7803,31.555],[-3.661,31.6066],[-3.1275,31.6604],[-2.9559,31.7441],[-2.8171,31.9928],[-2.3572,31.9827],[-2.0558,31.9907],[-1.2343,31.989],[-1.0813,32.4539],[-1.1126,32.5491],[-1.3409,32.694],[-1.6102,33.0485],[-1.6811,33.2578],[-1.6739,33.83],[-1.664,34.2051],[-1.7382,34.6051],[-1.8233,34.7],[-2.0766,34.8257],[-2.193,35.0542],[-2.0353,35.0546],[-1.7383,35.1188],[-1.4951,35.2339],[-1.3291,35.4889],[-1.1467,35.6294],[-0.9175,35.668],[-0.7343,35.7385],[-0.4288,35.8601],[-0.283,35.7585],[-0.2037,35.7507],[-0.0917,35.7398],[0.0153,35.8037],[0.1987,36.0333],[0.4744,36.225],[0.7812,36.3849],[1.0576,36.4619],[1.5797,36.5139],[2.2938,36.5408],[2.5244,36.5732],[2.8099,36.7139],[3.07,36.6189],[3.3238,36.6512],[3.5869,36.792],[3.7412,36.8369],[4.1639,36.8314],[4.3946,36.8382],[4.5326,36.813],[4.6321,36.7941],[4.7772,36.7434],[5.1445,36.6677],[5.3827,36.6745],[5.7302,36.7517],[6.0474,36.8416],[6.3229,37.0906],[6.7705,36.8621],[6.923,36.8178],[7.0632,36.8819],[7.2049,36.9905],[7.307,37.0608],[7.5449,37.0421],[7.719,36.9533],[7.792,36.8324],[7.9132,36.7752],[8.145,36.8139],[8.6367,36.8853],[8.6315,36.8027],[8.3237,36.5206],[8.272,36.3228],[8.2771,35.6795],[8.2892,35.2784],[8.3126,35.0112],[8.291,34.7695],[8.2177,34.5848],[8.031,34.4249],[7.5812,34.041],[7.5306,33.8119],[7.666,33.4123],[7.8174,33.0636],[8.0208,33.0203],[8.1843,32.8941],[8.2853,32.685],[8.5033,32.3112],[8.6975,32.2297],[8.8607,32.1162],[9.0065,31.9073],[9.3209,30.8987],[9.5749,30.2074],[13.2485,27.4744],[9.9493,25.2714],[10.0615,24.8589],[10.3147,24.4663],[10.4245,24.3971],[10.6692,24.4874],[14.9166,24.6148],[14.9677,22.968]]]]}},{"type":"Feature","properties":{"NAME":"Egypt","ABBREVN":"Egypt","SUBJECTO":"United Kingdom of Great Britain and Ireland","BORDERPRECISION":3,"PARTOF":"Egypt"},"geometry":{"type":"MultiPolygon","coordinates":[[[[34.1463,31.2086],[34.2019,31.0784],[34.5603,30.2039],[34.9355,29.4181],[34.7643,29.2467],[34.5489,28.7316],[34.3988,28.096],[34.322,27.829],[34.2412,27.7589],[34.058,27.7903],[33.856,28.025],[33.5041,28.3292],[33.3307,28.5512],[33.1785,28.9956],[32.9438,29.1984],[32.8136,29.4777],[32.7373,29.6935],[32.648,29.8522],[32.4384,29.7755],[32.3185,29.5402],[32.5906,28.9372],[32.6493,28.7658],[32.9347,28.3788],[33.3542,27.9095],[33.5669,27.37],[33.8041,26.9321],[33.9288,26.5638],[34.1042,26.3545],[34.5148,25.5739],[34.9974,24.7172],[35.1899,24.3999],[35.4535,24.1527],[35.6566,23.9943],[35.7247,23.9118],[35.6163,23.8353],[35.4879,23.7906],[35.4685,23.7207],[35.5759,23.2317],[35.6893,23.0213],[35.7463,22.9143],[36.1114,22.6483],[36.2902,22.5724],[36.4732,22.3377],[36.6604,22.1665],[36.8001,21.9149],[32.1281,21.9177],[31.1663,21.9184],[29.918,21.9175],[28.7869,21.9109],[27.7668,21.9241],[27.0177,21.9197],[26.4595,21.9164],[25.7329,21.9249],[25.3216,21.9225],[24.9529,21.8822],[24.9469,21.611],[24.6868,21.6063],[24.6757,25.5233],[24.9402,25.819],[25.3087,26.2308],[25.2342,27.0871],[24.9501,27.148],[24.7129,27.1988],[24.6608,31.4882],[24.9822,31.647],[25.1066,31.5138],[25.2582,31.4379],[25.5072,31.4448],[25.7895,31.4898],[26.1433,31.4906],[26.824,31.3586],[27.0881,31.3067],[27.4388,31.2518],[27.7633,31.1826],[27.9194,30.9987],[28.0998,30.9991],[28.5172,30.9618],[28.9664,30.7848],[29.2488,30.7537],[29.3594,30.8111],[29.6831,31.0532],[30.0991,31.2319],[30.4761,31.3153],[30.8271,31.4367],[30.996,31.4689],[31.1514,31.4437],[31.3923,31.4443],[31.7174,31.3878],[31.8081,31.1783],[32.0765,31.0137],[32.3094,31.084],[32.5972,30.9639],[32.7687,30.9516],[33.0214,31.1321],[33.1296,31.0517],[33.2546,31.0265],[33.5576,30.9677],[33.7096,30.9957],[33.917,31.0701],[34.1463,31.2086]]]]}},{"type":"Feature","properties":{"NAME":"Libya","ABBREVN":"Libya","SUBJECTO":"Italy","BORDERPRECISION":3,"PARTOF":"Libya"},"geometry":{"type":"MultiPolygon","coordinates":[[[[24.9501,27.148],[25.2342,27.0871],[25.3087,26.2308],[24.9402,25.819],[24.6757,25.5233],[24.6868,21.6063],[19.6353,21.6021],[18.3247,22.2313],[15.9705,23.3806],[15.7858,23.3541],[14.9677,22.968],[14.9166,24.6148],[10.6692,24.4874],[10.4245,24.3971],[10.3147,24.4663],[10.0615,24.8589],[9.9493,25.2714],[13.2485,27.4744],[9.5749,30.2074],[9.6738,30.2715],[10.0626,30.5406],[10.1328,30.6427],[10.1991,30.8846],[10.0755,31.3224],[10.1324,31.4816],[10.7949,31.9938],[11.0556,32.1351],[11.4164,32.3277],[11.4583,32.4487],[11.4292,32.7027],[11.4707,33.1441],[12.117,32.8785],[12.5648,32.7396],[12.7989,32.7338],[13.1871,32.7918],[13.4588,32.7796],[14.157,32.6794],[14.4334,32.4639],[14.7908,32.363],[15.0098,32.3634],[15.1637,32.2748],[15.2414,32.1733],[15.3581,31.805],[15.5334,31.5512],[15.8433,31.285],[16.0134,31.2282],[16.3184,31.1653],[16.7825,31.1281],[16.9838,31.0967],[17.4216,30.996],[17.709,30.8949],[17.9572,30.7684],[18.5372,30.4137],[18.915,30.2049],[19.1245,30.1989],[19.3228,30.2565],[19.6639,30.4415],[19.9815,30.7217],[20.1168,30.9571],[20.1167,31.0715],[19.9921,31.3508],[19.9416,31.6112],[19.9615,31.7955],[20.0684,32.0371],[20.3657,32.2982],[20.5155,32.3875],[20.7651,32.496],[21.0545,32.6301],[21.6734,32.8156],[22.216,32.7913],[22.5431,32.7221],[22.9228,32.5577],[23.0073,32.4816],[23.0267,32.2529],[23.1533,32.1388],[23.2886,32.1327],[23.714,32.0764],[24.0344,31.9373],[24.2369,31.925],[24.8159,31.9072],[24.9515,31.8185],[24.9822,31.647],[24.6608,31.4882],[24.7129,27.1988],[24.9501,27.148]]]]}},{"type":"Feature","properties":{"NAME":"Morocco","ABBREVN":"Morocco","SUBJECTO":"Morocco","BORDERPRECISION":3,"PARTOF":"Morocco"},"geometry":{"type":"MultiPolygon","coordinates":[[[[-2.193,35.0542],[-2.0766,34.8257],[-1.8233,34.7],[-1.7382,34.6051],[-1.664,34.2051],[-1.6739,33.83],[-1.6811,33.2578],[-1.6102,33.0485],[-1.3409,32.694],[-1.1126,32.5491],[-1.0813,32.4539],[-1.2343,31.989],[-2.0558,31.9907],[-2.3572,31.9827],[-2.8171,31.9928],[-2.9559,31.7441],[-3.1275,31.6604],[-3.661,31.6066],[-3.7803,31.555],[-3.8159,31.4531],[-3.8047,31.2752],[-3.6713,30.9962],[-3.7294,30.8942],[-4.4133,30.5788],[-4.9123,30.4298],[-5.1302,30.1361],[-5.366,29.9758],[-5.603,29.8728],[-5.9527,29.7945],[-6.3414,29.7795],[-6.4227,29.4676],[-6.6014,29.4411],[-7.1705,29.476],[-7.6041,29.232],[-8.2845,28.783],[-8.5932,28.6414],[-8.6101,28.4697],[-8.6412,27.5668],[-9.2805,27.5631],[-10.0537,27.565],[-11.258,27.5644],[-12.3881,27.5643],[-13.1236,27.5463],[-13.0601,27.6726],[-12.8662,27.8573],[-12.6741,27.8959],[-12.0906,28.0242],[-11.5765,28.2286],[-11.3727,28.3689],[-10.8562,28.7512],[-10.3393,29.1463],[-9.8696,29.643],[-9.6626,29.9548],[-9.6027,30.1837],[-9.625,30.4061],[-9.817,30.7552],[-9.8578,31.0602],[-9.8133,31.2891],[-9.6353,31.5754],[-9.3176,31.9637],[-9.2223,32.2562],[-9.2508,32.4214],[-9.2187,32.5804],[-8.6403,33.1217],[-8.3144,33.3385],[-7.9024,33.4855],[-7.3326,33.6964],[-7.004,33.875],[-6.753,34.1234],[-6.5115,34.4543],[-6.472,34.5309],[-2.7385,34.2185],[-2.3259,35.054],[-2.193,35.0542]]]]}},{"type":"Feature","properties":{"NAME":"Spanish Morocco","ABBREVN":"Sp Morocco","SUBJECTO":"Spanish Morocco","BORDERPRECISION":3,"PARTOF":"Spanish Morocco"},"geometry":{"type":"MultiPolygon","coordinates":[[[[-6.472,34.5309],[-6.302,34.8614],[-5.9288,35.7279],[-5.8079,35.7854],[-5.565,35.8623],[-5.4794,35.8052],[-5.1718,35.4238],[-5.1096,35.3793],[-4.593,35.1512],[-4.2954,35.1518],[-4.0279,35.1332],[-3.4408,35.1663],[-3.2058,35.2686],[-3.009,35.39],[-2.8299,35.1421],[-2.7148,35.0977],[-2.3557,35.0539],[-2.3259,35.054],[-2.7385,34.2185],[-6.472,34.5309]]]]}},{"type":"Feature","properties":{"NAME":"France","ABBREVN":"France","SUBJECTO":"France","BORDERPRECISION":3,"PARTOF":"France"},"geometry":{"type":"MultiPolygon","coordinates":[[[[-1.7461,43.3602],[-1.5614,43.5244],[-1.3144,44.559],[-1.1358,44.6001],[-1.2303,44.7304],[-1.3318,44.6138],[-1.2755,45.1287],[-1.1752,45.5005],[-1.1234,45.4316],[-0.9004,45.2939],[-0.8142,45.1218],[-0.7285,45.0186],[-0.8547,45.3214],[-1.1384,45.5832],[-1.2474,45.6881],[-1.2365,45.8],[-1.0752,46.0146],[-1.166,46.1837],[-1.2561,46.3068],[-1.4027,46.4039],[-1.7107,46.4488],[-1.9425,46.7058],[-2.1297,46.8508],[-2.0046,47.0425],[-2.1095,47.124],[-2.2637,47.1829],[-2.4937,47.2469],[-2.5765,47.3249],[-2.4655,47.4944],[-2.6137,47.5722],[-2.8425,47.4919],[-3.0627,47.6039],[-3.4335,47.7168],[-3.7119,47.7981],[-3.8581,47.7918],[-3.9548,47.9043],[-4.3644,47.8293],[-4.3909,47.9418],[-4.5101,47.9981],[-4.6754,48.0169],[-4.7003,48.0638],[-4.3129,48.1013],[-4.351,48.2046],[-4.588,48.2515],[-4.3889,48.2984],[-4.3502,48.3905],[-4.4738,48.3829],[-4.592,48.3923],[-4.7796,48.3548],[-4.762,48.552],[-4.6257,48.5467],[-4.4883,48.6123],[-4.2515,48.6519],[-3.9989,48.7305],[-3.9022,48.646],[-3.8213,48.7211],[-3.6079,48.693],[-3.5577,48.8101],[-3.4351,48.8365],[-3.0912,48.8716],[-2.9145,48.7068],[-2.7905,48.5896],[-2.6364,48.552],[-2.3429,48.6741],[-2.2001,48.599],[-2.076,48.6562],[-1.8706,48.7117],[-1.8576,48.6084],[-1.5914,48.6375],[-1.4566,48.6836],[-1.5755,48.7681],[-1.5884,48.881],[-1.5634,49.0362],[-1.5798,49.229],[-1.639,49.2196],[-1.8915,49.5264],[-1.9413,49.7093],[-1.5242,49.6528],[-1.251,49.6999],[-1.2887,49.521],[-1.1771,49.3325],[-1.0232,49.3985],[-0.4649,49.3514],[-0.2394,49.2855],[-0.2037,49.2918],[0.0329,49.3337],[0.3308,49.455],[0.0904,49.5106],[0.1151,49.6023],[0.1894,49.681],[0.5286,49.8258],[0.8688,49.9072],[1.2745,50.0043],[1.4162,50.1098],[1.552,50.2288],[1.5283,50.5777],[1.5889,50.8219],[1.8236,50.9346],[2.0303,51.0067],[2.4426,51.048],[2.5221,51.0911],[2.6157,50.8902],[2.7555,50.7392],[2.8751,50.6818],[2.9383,50.7138],[3.1228,50.8071],[3.1919,50.7307],[3.2828,50.5243],[3.3703,50.4646],[3.6034,50.47],[3.675,50.3344],[3.7915,50.3398],[4.0509,50.3181],[4.2196,50.2422],[4.1478,50.1337],[4.1885,50.0549],[4.1563,49.9658],[4.2846,49.911],[4.4675,49.9447],[4.6681,49.9604],[4.7549,50.1012],[4.8654,50.1337],[4.8116,49.9658],[4.8771,49.8848],[4.8599,49.7822],[5.0977,49.7607],[5.2513,49.6743],[5.4181,49.5826],[5.4754,49.4801],[5.7878,49.5587],[5.8235,49.5071],[6.1123,49.4787],[6.2605,49.4757],[6.2585,49.2749],[6.385,49.0471],[6.5115,49.0218],[6.4862,48.9459],[6.891,48.6676],[7.1188,48.5158],[7.0935,48.4399],[7.1188,48.3134],[6.9922,48.3134],[6.8404,48.1362],[6.9669,47.9844],[6.9416,47.782],[6.8657,47.7061],[6.9219,47.5141],[6.823,47.3782],[6.892,47.3658],[6.9442,47.3257],[6.8663,47.3102],[6.6287,47.088],[6.6233,47.054],[6.3643,46.946],[6.3815,46.8041],[6.0584,46.6161],[6.0186,46.4835],[6.0546,46.4219],[6.049,46.2772],[5.9415,46.1755],[6.1079,46.1255],[6.3837,46.3416],[6.3892,46.34],[6.4135,46.36],[6.4773,46.3756],[6.4843,46.3934],[6.5149,46.4049],[6.5451,46.3948],[6.6368,46.4067],[6.7255,46.4083],[6.8074,46.394],[6.9099,46.1298],[6.9553,45.9389],[6.6745,45.8033],[6.9143,45.6483],[6.9255,45.5167],[7.1191,45.4305],[7.0292,45.308],[6.7859,45.1493],[6.7036,45.1992],[6.5073,45.1157],[6.6653,44.9545],[6.9426,44.8687],[7.0035,44.7195],[6.9247,44.715],[6.7829,44.5479],[6.8698,44.3492],[7.2092,44.1731],[7.5911,44.2047],[7.6188,44.0783],[7.5528,43.8675],[7.3971,43.7641],[7.2976,43.6673],[6.9231,43.4477],[6.523,43.1509],[6.3312,43.1119],[6.1878,43.0923],[5.8286,43.0208],[5.6466,43.0333],[5.4345,43.1037],[5.0518,43.3281],[4.9098,43.3664],[4.7506,43.3533],[4.6465,43.3209],[4.4168,43.3461],[4.0782,43.4871],[3.8075,43.4672],[3.4787,43.3121],[3.3179,43.196],[3.0679,42.9446],[3.0019,42.7708],[3.0459,42.5395],[3.0871,42.3686],[2.9365,42.4096],[2.5993,42.3481],[2.5815,42.2867],[2.3632,42.2935],[2.1711,42.3823],[1.9937,42.3072],[1.8761,42.314],[1.8601,42.3823],[1.7092,42.4233],[1.6166,42.4096],[1.4482,42.3755],[1.3644,42.4096],[1.3487,42.5395],[1.3075,42.6352],[0.7442,42.7719],[0.5841,42.7719],[0.5919,42.6283],[0.3478,42.6352],[0.1963,42.6078],[0.1796,42.6625],[-0.1656,42.6488],[-0.2037,42.7003],[-0.2161,42.7172],[-0.4099,42.7856],[-0.4688,42.7514],[-0.5868,42.7651],[-0.612,42.7309],[-0.84,42.9087],[-0.9074,42.8813],[-1.3973,43.0318],[-1.4476,42.9839],[-1.5151,42.9976],[-1.5577,43.0454],[-1.4657,43.1549],[-1.4914,43.2096],[-1.7024,43.1959],[-1.9146,43.3054],[-1.7461,43.3602]]],[[[6.7691,46.4926],[6.7765,46.4734],[6.7461,46.4871],[6.7691,46.4926]]]]}},{"type":"Feature","properties":{"NAME":"Arabia (Nejd)","ABBREVN":"Arabia","SUBJECTO":"Arabia (Nejd)","BORDERPRECISION":3,"PARTOF":"Arabia (Nejd)"},"geometry":{"type":"MultiPolygon","coordinates":[[[[56.2973,26.1597],[56.405,25.8614],[56.2148,25.5433],[56.1613,25.4733],[56.1069,25.4624],[56.0626,25.4911],[56.0642,25.5704],[56.1125,25.7048],[56.2242,25.8941],[56.1567,25.9665],[56.2973,26.1597]]]]}},{"type":"Feature","properties":{"NAME":"Ottoman Empire","ABBREVN":"Ottoman Empire","SUBJECTO":"Ottoman Empire","BORDERPRECISION":3,"PARTOF":"Ottoman Empire"},"geometry":{"type":"MultiPolygon","coordinates":[[[[43.4836,12.93],[43.3408,13.1267],[43.3028,13.241],[43.384,13.5652],[43.3476,13.851],[43.2069,14.0795],[43.0533,14.6065],[42.7959,15.4701],[42.7635,15.667],[42.8839,15.9849],[42.828,16.3215],[42.8144,16.4041],[42.7637,16.6455],[42.5353,17.0707],[42.2065,17.5147],[42.0094,17.7367],[41.6286,18.0472],[41.3992,18.4406],[41.033,19.2849],[40.8198,19.6847],[40.6938,19.8687],[40.3363,20.0967],[39.7641,20.4068],[39.5269,20.6922],[39.1667,21.2188],[39.1304,21.6508],[39.1033,22.0002],[39.1022,22.4004],[39.0556,22.5719],[38.9151,22.8702],[38.4901,23.6127],[38.3294,23.8347],[37.9884,24.1136],[37.7818,24.2148],[37.5572,24.2715],[37.4188,24.3983],[37.2015,24.6583],[37.2685,24.9698],[37.2183,25.1666],[37.0053,25.5347],[36.6693,26.0168],[36.3122,26.4227],[35.8311,27.0952],[35.5948,27.514],[35.4365,27.7297],[35.1116,28.0721],[34.8756,28.097],[34.7639,28.0967],[34.7989,28.2302],[34.8856,28.3575],[35.0257,28.9486],[35.0721,29.2114],[35.0955,29.3427],[35.0734,29.4189],[34.9847,29.4672],[34.9543,29.4368],[34.9355,29.4181],[34.5603,30.2039],[34.2019,31.0784],[34.1463,31.2086],[34.1953,31.2381],[34.5007,31.6211],[34.5991,31.8179],[34.6813,32.046],[34.7585,32.3007],[34.8429,32.6707],[34.895,32.6628],[34.9566,32.7048],[34.9591,32.7967],[34.972,32.9384],[35.089,33.0693],[35.1323,33.2315],[35.2084,33.3336],[35.3561,33.6398],[35.3486,33.7445],[35.4299,33.7445],[35.4919,33.8308],[35.5244,33.9748],[35.5321,34.1187],[35.7162,34.3124],[35.821,34.3438],[35.8731,34.4223],[35.8519,34.4929],[35.7508,34.7468],[35.8089,35.0138],[35.8414,35.0426],[35.7964,35.2707],[35.6073,35.4175],[35.664,35.4595],[35.6804,35.5277],[35.7332,35.5854],[35.6914,35.685],[35.7395,35.6903],[35.8559,35.8345],[35.8291,35.8848],[35.7185,36.0916],[35.6649,36.1335],[35.7086,36.2122],[35.8172,36.301],[36.0953,36.4825],[36.1045,36.5612],[36.0824,36.6215],[35.9568,36.7475],[35.8909,36.7711],[35.6717,36.6058],[35.5676,36.5874],[35.5062,36.5586],[35.5476,36.5402],[35.4946,36.4431],[35.4171,36.4326],[35.3887,36.4536],[35.3542,36.4142],[35.2205,36.388],[35.0714,36.4877],[34.8699,36.5769],[34.6624,36.6478],[34.4851,36.6268],[34.1032,36.3803],[33.9517,36.2516],[33.9541,36.1598],[33.891,36.1388],[33.8359,36.1073],[33.8337,36.0706],[33.7532,36.1466],[33.4817,36.0543],[33.1713,35.9709],[32.9041,35.9767],[32.6403,36.008],[32.335,36.1284],[31.902,36.4969],[31.3707,36.7123],[30.9053,36.7942],[30.5936,36.7617],[30.5401,36.647],[30.4967,36.373],[30.4728,36.1883],[30.3949,36.118],[30.2799,36.1178],[30.1661,36.1876],[29.662,36.0783],[29.4719,36.0907],[29.2982,36.1731],[29.0023,36.6948],[28.8135,36.5352],[28.4698,36.7383],[28.2669,36.7124],[28.0142,36.5272],[27.9119,36.6989],[27.9419,36.7563],[28.051,36.833],[27.9988,36.9094],[27.5535,36.9148],[27.3081,36.9207],[27.2686,37.0417],[27.5256,37.1314],[27.4925,37.2397],[27.3646,37.3286],[27.1604,37.3601],[27.1226,37.4939],[27.1411,37.6469],[27.1798,37.7744],[27.1398,37.8891],[26.9614,37.9461],[26.6793,38.1049],[26.5123,38.0663],[26.3932,38.1044],[26.3916,38.2191],[26.4687,38.4448],[26.5274,38.4182],[26.7425,38.2784],[26.9974,38.4001],[26.8197,38.5273],[26.8288,38.583],[26.6957,38.6408],[26.7095,38.6986],[26.9664,38.7699],[27.0349,38.8211],[27.0042,38.8848],[26.9368,38.9246],[26.7853,38.9403],[26.7898,39.0244],[26.8708,39.056],[26.7971,39.1296],[26.7079,39.1821],[26.7041,39.2505],[26.6022,39.2557],[26.7202,39.3372],[26.8535,39.4608],[26.9262,39.4765],[26.9575,39.5483],[26.8043,39.5672],[26.5462,39.5133],[26.139,39.4397],[26.0641,39.4555],[26.0849,39.604],[26.1419,39.6606],[26.1407,39.75],[26.1276,39.8786],[26.186,39.9972],[26.3203,39.9919],[26.4031,40.1765],[26.4817,40.187],[26.7653,40.3769],[26.9965,40.3717],[27.0561,40.4297],[27.2718,40.4508],[27.3292,40.3558],[27.4496,40.3098],[27.526,40.2971],[27.7639,40.2873],[27.8302,40.3453],[27.7998,40.4033],[27.6793,40.4614],[27.8078,40.5036],[27.9538,40.4877],[28.0065,40.4508],[27.9082,40.3506],[28.004,40.3621],[28.4777,40.3951],[28.7564,40.3765],[28.9268,40.3558],[29.0524,40.3347],[29.1223,40.4139],[29.0835,40.4561],[28.8732,40.4719],[28.778,40.5247],[28.9016,40.6201],[29.5252,40.6883],[29.7131,40.6936],[29.8827,40.7464],[29.6834,40.7516],[29.4172,40.7411],[29.3204,40.7411],[29.2896,40.8067],[29.0145,40.9787],[29.1612,41.2164],[29.5778,41.1534],[30.1376,41.1318],[30.2561,41.1847],[30.7448,41.0403],[31.2177,41.0541],[31.4041,41.1635],[31.3857,41.285],[31.6664,41.3948],[31.8713,41.4914],[32.419,41.7492],[32.6879,41.846],[33.1555,41.9496],[33.5555,41.9825],[33.8967,41.9511],[34.3039,41.8941],[34.6629,41.8756],[35.0019,42.0432],[35.0988,41.8059],[35.2861,41.6715],[35.4114,41.6268],[35.6779,41.6209],[35.9578,41.6856],[36.1614,41.3525],[36.3829,41.2375],[36.6412,41.315],[36.817,41.2897],[37.2528,41.0277],[37.8218,41.0096],[38.314,40.9209],[38.6512,40.9216],[39.1386,41.0443],[39.3702,41.064],[39.663,41.0005],[40.0067,40.9563],[40.361,40.9634],[40.6099,41.028],[41.2931,41.2858],[41.484,41.4365],[42.029,41.3998],[42.2501,41.369],[42.3515,41.4016],[42.6938,41.5637],[42.8784,41.5455],[43.4753,41.0874],[43.4893,41.0747],[43.8473,40.75],[43.8589,40.6604],[43.6697,40.2946],[43.6845,40.1091],[43.8124,40.0139],[44.4481,39.9599],[44.6696,39.757],[44.6373,39.6622],[44.4529,39.6728],[44.3489,39.6095],[44.3449,39.4144],[44.0821,39.2945],[44.0648,39.1733],[44.1832,38.8715],[44.1283,38.7029],[44.2291,38.4816],[44.2692,38.4289],[44.3176,38.4764],[44.447,38.3849],[44.4645,38.292],[44.3615,38.1656],[44.2319,37.9249],[44.2052,37.8674],[44.3009,37.8043],[44.4918,37.7543],[44.4268,37.6442],[44.4712,37.4546],[44.6601,37.2862],[44.7842,37.2704],[44.7946,37.1318],[45.1051,36.5032],[45.3587,36.0145],[45.3881,35.9256],[45.7304,35.832],[46.211,35.7838],[46.0007,35.5154],[45.9949,35.4009],[46.1844,35.0584],[45.6709,34.6173],[45.565,34.2738],[45.505,33.8798],[45.5062,33.7973],[45.6464,33.6393],[46.1051,33.2101],[46.0899,32.8417],[46.124,32.772],[46.2684,32.8236],[46.5085,32.8123],[47.0676,32.3963],[47.2636,32.3022],[47.612,32.0311],[47.7424,31.9048],[47.793,31.7972],[47.7869,31.5685],[47.6982,31.2886],[47.6733,31.0281],[47.6887,30.8821],[47.9367,30.8835],[48.0335,30.8777],[48.107,30.6686],[48.1104,30.4908],[48.0813,30.3953],[48.3898,30.1494],[48.5474,30.0487],[48.5536,29.9946],[48.5106,29.9932],[48.2118,29.9481],[48.0283,29.9731],[47.9572,29.9476],[47.9114,29.8903],[47.3393,29.8703],[47.1067,29.8118],[46.9522,29.4997],[46.9051,29.4376],[45.8697,29.856],[44.839,29.9934],[44.0832,30.337],[40.0291,34.391],[39.342,34.5972],[38.0364,34.5972],[37.2119,33.5665],[36.5248,31.1615],[36.5935,29.7873],[37.7616,28.8253],[40.6475,24.1528],[40.8537,22.3663],[42.3654,21.3356],[44.4252,17.3767],[44.9701,16.2743],[45.5207,15.1306],[45.5558,15.0578],[43.6049,12.8289],[43.5601,12.8603],[43.4836,12.93]]]]}},{"type":"Feature","properties":{"NAME":"Sweden","ABBREVN":"Sweden","SUBJECTO":"Sweden","BORDERPRECISION":3,"PARTOF":"Sweden"},"geometry":{"type":"MultiPolygon","coordinates":[[[[19.2867,57.9375],[19.2775,57.9403],[19.2744,57.945],[19.2681,57.9486],[19.2567,57.9494],[19.2381,57.9469],[19.1706,57.9294],[19.1628,57.9269],[19.1508,57.9186],[19.1458,57.9136],[19.1417,57.9078],[19.14,57.9017],[19.1261,57.8397],[19.0933,57.8519],[19.0778,57.8583],[19.0731,57.8625],[19.0375,57.8964],[19.0344,57.9011],[19.0344,57.9125],[19.0361,57.9186],[19.0889,57.9703],[19.0958,57.9736],[19.1047,57.9753],[19.2858,57.9767],[19.2964,57.9767],[19.3075,57.9744],[19.3325,57.9653],[19.3356,57.9605],[19.3344,57.9558],[19.2867,57.9375]]],[[[23.204,65.6808],[22.7982,65.8548],[22.6456,65.9348],[22.4898,65.8834],[22.2016,65.7153],[21.9575,65.4457],[21.8187,65.3801],[21.5223,65.3723],[21.2773,65.2123],[21.4237,65.1039],[21.4894,65.0172],[21.3294,64.8944],[20.9212,64.7138],[21.0643,64.592],[21.237,64.5205],[21.3858,64.3846],[21.0489,64.2192],[20.8665,64.0256],[20.7007,63.8181],[19.9849,63.5173],[19.6703,63.3885],[19.465,63.4807],[19.3182,63.4448],[19.0759,63.2025],[18.785,63.138],[18.4866,62.9812],[18.3889,62.8534],[18.3032,62.7894],[17.9674,62.7746],[17.8682,62.7886],[17.9363,62.548],[17.7181,62.3567],[17.2902,62.4407],[17.3874,62.2008],[17.4968,62.0881],[17.387,61.6584],[17.1626,61.6299],[17.0652,61.5384],[17.1502,61.1977],[17.1462,60.9528],[17.3176,60.7531],[17.1885,60.6743],[17.605,60.6375],[17.7065,60.5536],[17.9307,60.5903],[18.2244,60.323],[18.4169,60.1816],[18.8041,60.1084],[18.8931,59.9257],[19.0373,59.8632],[19.0436,59.7124],[18.8679,59.7124],[18.6393,59.5669],[18.2514,59.4319],[18.0301,59.3593],[17.7953,59.3645],[17.73,59.4164],[17.368,59.4683],[17.0706,59.5461],[16.7855,59.5773],[16.7241,59.5306],[16.5232,59.5825],[16.4076,59.4475],[16.7765,59.4787],[16.9998,59.3593],[17.2658,59.3385],[17.3581,59.2452],[17.5749,59.2141],[17.5844,59.2711],[17.8617,59.24],[17.9776,59.3282],[18.1114,59.323],[18.3282,59.3697],[18.4296,59.3333],[18.4414,59.4008],[18.5155,59.4008],[18.6113,59.3333],[18.5982,59.297],[18.2734,59.2867],[18.372,59.1571],[18.0157,59.0379],[17.9401,58.9085],[17.7665,58.8723],[17.7264,58.9137],[17.7452,58.9861],[17.7391,59.1104],[17.6232,59.1001],[17.5822,58.893],[17.3567,58.743],[17.2454,58.7171],[17.083,58.7481],[17.0807,58.6499],[16.4429,58.6344],[16.5132,58.4281],[16.744,58.312],[16.7735,58.0379],[16.7246,57.8893],[16.5978,57.8665],[16.4595,57.8952],[16.4765,57.7021],[16.6072,57.6658],[16.5505,57.5452],[16.6587,57.443],[16.4942,57.2789],[16.3945,57.0743],[16.3762,56.8224],[16.0314,56.3531],[15.7705,56.0332],[15.6962,56.061],[15.497,56.1672],[15.2208,56.0804],[14.6529,56.1206],[14.6052,55.9808],[14.4918,56.018],[14.2589,55.8993],[14.126,55.6666],[14.2864,55.5155],[14.1172,55.3471],[13.9011,55.4052],[13.8233,55.4218],[13.3019,55.3007],[12.8024,55.3529],[12.8019,55.4168],[12.8876,55.4516],[12.8593,55.5329],[12.9859,55.6666],[12.699,55.9051],[12.5982,56.0221],[12.606,56.0295],[12.5814,56.0417],[12.5134,56.1206],[12.4144,56.243],[12.6524,56.2955],[12.6154,56.4356],[12.8048,56.4012],[12.8716,56.5115],[12.7859,56.6167],[12.6575,56.6108],[12.526,56.7804],[12.2886,56.8799],[12.0051,57.3252],[11.8766,57.3252],[11.8811,57.509],[11.7661,57.6727],[11.6098,57.8069],[11.7091,58.0247],[11.8019,58.1779],[11.6139,58.2473],[11.4311,58.2015],[11.4067,58.3313],[11.2214,58.3083],[11.1404,58.8512],[11.0392,58.9104],[11.1789,59.0703],[11.3108,59.0111],[11.3786,58.8571],[11.5633,58.8631],[11.7089,59.1949],[11.6103,59.5686],[11.8379,59.6696],[11.8906,59.86],[12.077,59.8659],[12.4228,60.0388],[12.4359,60.2781],[12.548,60.4339],[12.431,60.6258],[12.174,60.9564],[12.5974,61.0286],[12.7917,61.3299],[12.658,61.4395],[12.3366,61.5231],[12.0746,61.6985],[12.2256,62.2257],[11.9327,62.554],[12.0896,63.046],[12.1242,63.3446],[12.2992,63.5662],[12.5771,63.7816],[12.8531,63.8973],[13.131,63.9487],[13.5505,63.9366],[13.8802,63.9526],[14.0784,64.0322],[14.155,64.1113],[14.0416,64.3757],[13.8702,64.4967],[13.7179,64.5533],[13.9404,64.7986],[14.1989,65.0232],[14.3714,65.2341],[14.5153,65.5034],[14.542,65.9404],[14.5967,66.0502],[15.0384,66.0598],[15.3474,66.2587],[15.9435,66.6724],[16.2205,66.8281],[16.3051,66.9832],[16.2283,67.2113],[16.206,67.3073],[16.8739,67.8366],[17.083,67.9119],[17.2087,67.9051],[17.6009,67.8626],[17.9136,67.8642],[18.057,67.9987],[18.0942,68.0881],[18.1041,68.3863],[18.1795,68.4688],[18.9587,68.2937],[19.3961,68.2288],[19.6972,68.1708],[19.8427,68.1641],[19.9651,68.2765],[20.039,68.4783],[20.1656,68.9581],[20.5549,68.9751],[20.7394,68.961],[20.7906,68.9323],[20.8564,68.9176],[21.1333,68.7092],[21.7125,68.4132],[22.2007,68.2815],[22.9127,68.1882],[23.1412,68.0852],[23.4877,67.8343],[23.4597,67.6488],[23.4579,67.4119],[23.6857,67.1251],[23.8682,66.8169],[23.8812,66.6406],[23.6561,66.2804],[23.7495,66.0398],[23.8967,65.902],[23.9477,65.7967],[23.8441,65.7985],[23.4057,65.7248],[23.204,65.6808]]],[[[18.1478,56.9119],[18.1403,56.915],[18.1425,56.9203],[18.1583,56.9417],[18.2092,56.9892],[18.2567,57.0322],[18.2544,57.0792],[18.1733,57.1419],[18.1483,57.2353],[18.1581,57.3158],[18.1425,57.4094],[18.1153,57.4808],[18.1103,57.4961],[18.11,57.5131],[18.1114,57.5194],[18.1192,57.5311],[18.1386,57.5511],[18.1792,57.5883],[18.1914,57.5961],[18.2119,57.6058],[18.2278,57.6114],[18.2422,57.6175],[18.2492,57.6208],[18.2761,57.6342],[18.2947,57.6458],[18.3389,57.6817],[18.3558,57.6958],[18.3819,57.7186],[18.4017,57.7386],[18.4197,57.7603],[18.4564,57.8028],[18.4614,57.8078],[18.4672,57.8119],[18.4811,57.8186],[18.6819,57.9136],[18.69,57.9161],[18.7161,57.9211],[18.725,57.9228],[18.8819,57.9197],[18.9025,57.9183],[18.9142,57.9175],[19.0047,57.9086],[19.0061,57.9036],[19.0039,57.8989],[19.0333,57.8269],[18.9294,57.7397],[18.8489,57.7211],[18.8092,57.7036],[18.7933,57.6592],[18.7597,57.508],[18.7681,57.4722],[18.7694,57.4672],[18.7883,57.4483],[18.7144,57.2469],[18.7119,57.2417],[18.6581,57.2208],[18.5519,57.1828],[18.5147,57.1694],[18.4983,57.1653],[18.4556,57.1569],[18.4394,57.1528],[18.4172,57.1442],[18.3972,57.1342],[18.3914,57.13],[18.3867,57.125],[18.3456,57.0797],[18.3414,57.0739],[18.3392,57.0686],[18.3356,57.0233],[18.3358,57.0175],[18.3433,57.0144],[18.3467,56.9986],[18.3025,56.9375],[18.295,56.9347],[18.2156,56.9131],[18.2061,56.9119],[18.1689,56.91],[18.1478,56.9119]]]]}},{"type":"Feature","properties":{"NAME":"Denmark","ABBREVN":"Denmark","SUBJECTO":"Denmark","BORDERPRECISION":3,"PARTOF":"Denmark"},"geometry":{"type":"MultiPolygon","coordinates":[[[[-25.6949,71.273],[-26.086,71.1948],[-26.3294,71.1324],[-27.0844,71.0846],[-27.6061,71.0682],[-27.9162,70.998],[-28.0835,70.8973],[-28.2218,70.6273],[-28.3845,70.458],[-27.912,70.2825],[-27.4749,70.2068],[-26.5226,70.1779],[-26.252,70.1784],[-25.4533,70.2871],[-24.5847,70.304],[-24.1952,70.2435],[-23.7753,70.1448],[-23.5874,70.084],[-23.4595,70.0919],[-23.0089,70.0927],[-22.434,70.0785],[-22.1575,70.0561],[-22.7323,69.7741],[-23.4444,69.5685],[-24.3333,69.3328],[-24.5835,69.3399],[-24.8966,69.3921],[-25.3244,69.0899],[-25.8016,68.8636],[-26.3621,68.66],[-26.8687,68.5267],[-26.9636,68.5017],[-27.9591,68.4774],[-28.1953,68.4171],[-28.4212,68.4167],[-28.8631,68.3262],[-29.1621,68.251],[-29.3997,68.2281],[-29.8254,68.4141],[-29.9945,68.3914],[-30.305,67.9805],[-30.7365,67.9276],[-31.0203,67.9568],[-31.3547,68.0456],[-31.6346,68.2538],[-32.0188,68.4474],[-32.3099,68.5441],[-32.3591,68.544],[-32.3555,68.4542],[-32.0372,67.9847],[-32.1238,67.8729],[-32.2675,67.8652],[-32.578,67.7531],[-32.956,67.641],[-33.214,67.47],[-33.6642,67.0624],[-33.9601,66.7669],[-34.4331,66.384],[-34.7823,66.266],[-35.2477,66.2285],[-35.708,66.3522],[-35.7745,66.1031],[-35.9719,65.8469],[-36.3244,65.7223],[-36.7705,65.7652],[-37.0479,65.7428],[-37.5789,65.5451],[-37.1548,66.3202],[-37.2094,66.3128],[-37.5673,66.3194],[-38.0418,66.3992],[-37.9249,66.2088],[-37.9367,66.004],[-38.1103,65.821],[-38.4674,65.6454],[-38.9894,65.5716],[-39.4271,65.5707],[-39.992,65.5333],[-39.7818,65.3519],[-39.6863,65.1706],[-39.7269,64.9965],[-39.8978,64.9529],[-40.0424,64.9815],[-40.2537,64.9667],[-41.0603,65.0375],[-40.8277,64.8935],[-40.4836,64.6854],[-40.3507,64.5275],[-40.3553,64.427],[-40.4724,64.3478],[-41.0111,64.3324],[-41.4841,64.2742],[-41.1042,64.0886],[-40.8926,64.0317],[-40.6912,63.9319],[-40.5162,63.7821],[-40.7657,63.5745],[-40.8939,63.5244],[-41.1634,63.5667],[-41.3782,63.5234],[-41.223,63.3099],[-41.227,63.253],[-41.4345,63.0392],[-41.6531,63.0957],[-41.9156,63.1236],[-41.9039,63.0525],[-41.7891,62.8468],[-41.8344,62.6906],[-41.9637,62.6904],[-42.2589,62.7324],[-42.2988,62.7394],[-42.7395,62.6889],[-43.226,62.6809],[-42.9191,62.4619],[-42.4204,62.286],[-42.2714,62.1944],[-42.3062,61.7289],[-42.4783,61.3068],[-42.6703,61.2643],[-43.0373,61.2917],[-42.8171,61.0256],[-42.8244,60.8016],[-42.7541,60.6969],[-42.7849,60.5292],[-42.9272,60.501],[-43.1499,60.5145],[-43.4971,60.479],[-43.1541,60.3053],[-42.962,60.0341],[-43.0145,59.8329],[-43.1436,59.8188],[-43.5788,59.9357],[-44.0523,60.1642],[-44.2761,60.0316],[-44.4674,59.7609],[-44.7531,60.0307],[-44.6822,60.2884],[-44.8562,60.3787],[-45.362,60.4615],[-45.6217,60.6006],[-45.6041,60.6845],[-45.4899,60.7966],[-45.4603,60.8946],[-45.6065,61.0204],[-45.7709,61.1041],[-46.0719,60.9424],[-46.1959,60.9352],[-46.3311,60.8719],[-46.531,60.8926],[-46.9721,60.8637],[-47.1594,60.8564],[-47.4162,60.723],[-47.6305,60.5968],[-47.8224,60.7782],[-47.8694,60.939],[-47.9692,61.0369],[-48.2,61.1416],[-48.5679,61.2461],[-48.9155,61.421],[-49.1483,61.7723],[-49.1164,62.1038],[-49.206,62.1743],[-49.4013,62.2163],[-49.6115,62.1947],[-50.0479,62.3141],[-50.0967,62.3564],[-50.1589,62.4624],[-50.0959,62.668],[-49.8893,62.8457],[-49.8575,62.9665],[-49.9737,62.9947],[-50.2217,63.0085],[-50.4658,63.0507],[-50.5909,63.15],[-50.6167,63.4348],[-50.8231,63.4915],[-51.1005,63.4695],[-51.3658,63.726],[-51.355,63.8118],[-51.266,63.9264],[-50.9879,64.0915],[-50.439,64.2431],[-50.2569,64.3797],[-50.0426,64.4376],[-50.0199,64.6101],[-50.1445,64.7393],[-50.3574,64.6957],[-50.7718,64.659],[-50.9937,64.6154],[-51.2797,64.4281],[-51.5214,64.3702],[-51.8048,64.2333],[-51.9574,64.3766],[-51.9402,64.6568],[-51.9917,65.0097],[-52.0843,65.2126],[-52.0777,65.3724],[-52.1869,65.5177],[-52.4138,65.4809],[-52.536,65.4952],[-52.8354,65.6549],[-53.1025,65.8732],[-53.1084,66.034],[-52.7297,66.2764],[-52.6105,66.268],[-52.8604,66.3532],[-53.3481,66.3243],[-53.3943,66.4518],[-53.2217,66.5309],[-52.9169,66.5445],[-52.6532,66.5678],[-52.448,66.6073],[-52.3032,66.9095],[-52.8468,66.9306],[-53.1042,66.908],[-53.2673,66.9224],[-53.3974,66.9959],[-53.4496,67.0844],[-53.3494,67.2103],[-53.2512,67.2139],[-53.1703,67.2858],[-52.9781,67.3103],[-53.1467,67.3951],[-53.395,67.3623],[-53.4941,67.4735],[-53.4684,67.5582],[-53.4358,67.6176],[-53.319,67.6178],[-53.1801,67.6626],[-52.8079,67.7748],[-52.26,67.7386],[-51.876,67.6651],[-51.5268,67.6509],[-51.3565,67.5918],[-50.9394,67.5258],[-50.4771,67.4822],[-50.4911,67.6454],[-50.3567,67.8909],[-50.491,67.9726],[-50.9499,68.091],[-51.5605,68.2316],[-51.9667,68.3055],[-52.6834,68.4537],[-52.8425,68.5058],[-52.6912,68.6634],[-52.3369,68.6641],[-51.6787,68.5005],[-51.2137,68.4789],[-51.0052,68.5092],[-50.9538,68.5393],[-50.9138,68.8093],[-50.8744,68.9446],[-50.6066,68.9601],[-50.3688,68.9079],[-50.2665,68.9532],[-50.2788,69.1112],[-50.3665,69.1939],[-50.7674,69.3364],[-50.6944,69.5329],[-50.4566,69.7376],[-50.5726,69.8663],[-51.1171,69.9411],[-51.6365,69.9402],[-52.1668,70.0688],[-52.9091,70.2894],[-53.2599,70.3347],[-53.6663,70.357],[-54.0085,70.5099],[-54.3735,70.7247],[-54.3032,70.7402],[-54.158,70.8099],[-53.8855,70.8104],[-53.6281,70.8186],[-52.6898,70.6817],[-52.3675,70.6669],[-51.8057,70.5294],[-51.1528,70.3233],[-50.8245,70.2473],[-50.7995,70.3854],[-50.9392,70.5772],[-51.3264,70.823],[-51.4038,71.0236],[-51.6754,71.2244],[-51.8934,71.2473],[-52.198,71.3554],[-52.0356,71.48],[-51.7914,71.5427],[-51.7201,71.5896],[-52.0368,71.698],[-52.532,71.7049],[-52.8134,71.7434],[-53.3229,71.8908],[-53.7187,71.617],[-53.8646,71.5466],[-53.9882,71.4141],[-54.3816,71.3047],[-55.0124,71.3346],[-55.4766,71.4891],[-55.6143,71.5979],[-55.6264,71.7304],[-55.4296,71.8713],[-55.2976,72.1612],[-55.3661,72.7278],[-55.104,72.752],[-54.7931,72.6657],[-54.6261,72.7213],[-54.5582,72.8716],[-54.7304,73.0376],[-55.15,73.283],[-55.3535,73.3463],[-55.7793,73.7045],[-56.1822,74.1206],[-56.6795,74.7006],[-56.9394,74.919],[-57.7743,75.0895],[-58.0746,75.2045],[-58.2053,75.2952],[-58.2285,75.6106],[-58.6357,75.7933],[-59.0683,75.8425],[-59.7835,75.9165],[-60.6511,76.1077],[-61.5075,76.2575],[-62.4676,76.34],[-62.9162,76.3645],[-63.6508,76.3799],[-64.0038,76.2949],[-64.4734,76.2519],[-64.8359,76.167],[-65.4745,76.0986],[-66.0268,76.1732],[-66.6839,76.3067],[-66.5404,75.9707],[-66.5634,75.9287],[-67.0367,75.9362],[-67.6191,76.019],[-69.0448,76.2938],[-68.353,76.5486],[-68.1444,76.5998],[-68.1859,76.7016],[-68.3763,76.7778],[-68.8562,76.7854],[-69.851,76.792],[-70.2167,76.8253],[-70.5,76.8333],[-71.057,77.0285],[-71.4483,77.1219],[-71.1839,77.2595],[-70.6184,77.2778],[-69.2521,77.2117],[-68.3406,77.1963],[-67.7363,77.1889],[-66.7838,77.2593],[-66.3093,77.3547],[-66.1778,77.398],[-66.1534,77.5532],[-66.4356,77.6822],[-66.8047,77.7768],[-67.3523,77.7065],[-67.8518,77.5931],[-68.4412,77.5833],[-68.9532,77.6342],[-69.2921,77.599],[-69.6875,77.5551],[-69.9936,77.5804],[-70.3795,77.6661],[-70.678,77.8301],[-71.0452,77.9163],[-71.343,77.9418],[-71.6695,77.9151],[-71.8884,77.9494],[-72.5254,78.1661],[-72.5453,78.3235],[-72.3832,78.5257],[-72.0188,78.5792],[-71.4628,78.6243],[-70.7802,78.6873],[-69.8468,78.7598],[-69.2663,78.7962],[-68.8385,78.9741],[-68.3485,79.0905],[-67.9691,79.1268],[-66.8543,79.1289],[-66.3587,79.1744],[-65.4849,79.1582],[-65.3041,79.2209],[-65.1645,79.3104],[-64.8905,79.3824],[-64.7995,79.6784],[-64.6755,79.9039],[-64.6232,79.9492],[-65.0237,80.0518],[-65.8996,80.0692],[-66.4194,79.9819],[-66.8512,80.0385],[-67.4103,80.2107],[-67.1428,80.5621],[-66.5217,80.7113],[-65.2413,80.8728],[-64.6083,80.9739],[-63.7254,81.0862],[-62.7748,81.1587],[-62.2513,81.1195],[-61.7053,81.1509],[-61.1118,81.1824],[-60.9567,81.2637],[-60.9517,81.3655],[-61.1122,81.7042],[-61.1224,81.7976],[-60.8873,81.8606],[-60.0387,81.8833],[-59.3519,81.791],[-58.3887,81.6066],[-57.8053,81.505],[-57.4442,81.4239],[-57.074,81.5477],[-57.8196,81.7838],[-58.1333,82.0132],[-58.0578,82.0344],[-57.0681,82.0892],[-56.5433,82.1432],[-55.7092,82.2404],[-54.5752,82.3281],[-54.2467,82.2968],[-53.7679,82.2446],[-53.6635,81.4626],[-53.2527,81.5352],[-53.0104,81.68],[-52.816,82.1301],[-52.3643,82.1205],[-51.4623,81.975],[-50.6261,81.7888],[-49.938,81.6762],[-49.846,81.8113],[-50.1359,81.9464],[-50.503,82.188],[-50.9054,82.3681],[-50.7724,82.4971],[-50.4385,82.4871],[-49.6476,82.4781],[-49.1365,82.3826],[-47.897,82.2148],[-47.3192,82.0891],[-46.3703,81.944],[-45.5252,81.8205],[-44.683,81.7289],[-44.3228,81.8231],[-43.9554,82.4905],[-44.102,82.5764],[-44.6835,82.727],[-45.2129,82.9667],[-44.8941,83.0779],[-43.8125,83.0803],[-42.4794,83.2279],[-41.8811,83.2628],[-41.194,83.1862],[-40.1946,82.9668],[-39.4894,82.8915],[-38.5872,82.8277],[-38.4521,83.17],[-38.5872,83.3824],[-37.3966,83.4753],[-36.4871,83.5113],[-35.322,83.4687],[-34.4269,83.403],[-33.5784,83.4839],[-32.5132,83.577],[-31.5937,83.5791],[-30.7572,83.479],[-29.936,83.5035],[-29.344,83.4709],[-29.0653,83.4264],[-28.8177,83.4721],[-27.9419,83.4064],[-27.1738,83.3856],[-26.4208,83.3423],[-25.3236,82.9999],[-24.7079,82.8913],[-24.1026,82.9255],[-23.5996,82.8499],[-22.4324,82.7433],[-22.2319,82.5596],[-22.3688,82.5055],[-22.59,82.4191],[-23.3474,82.3533],[-24.3837,82.2977],[-24.9023,82.2434],[-25.4572,82.221],[-26.1184,82.2514],[-27.3924,82.2806],[-28.3914,82.3104],[-29.0164,82.2345],[-29.7428,82.2224],[-30.6127,82.2099],[-31.1347,82.1981],[-31.8031,82.1226],[-32.0028,82.0695],[-32.5981,81.9736],[-32.7487,81.7647],[-32.4145,81.6516],[-31.2665,81.7783],[-30.6513,81.8107],[-28.8907,81.7937],[-27.8905,81.8479],[-26.8417,81.8501],[-26.3933,81.8615],[-25.9747,81.8311],[-25.1785,81.636],[-24.8766,81.5954],[-24.3873,81.679],[-23.6388,81.7738],[-22.9476,81.9002],[-22.0636,81.9648],[-21.7979,81.757],[-22.0529,81.5398],[-23.0953,81.2521],[-23.5329,81.0999],[-24.1096,80.7694],[-24.0554,80.6313],[-23.9117,80.5628],[-23.5533,80.6028],[-23.3388,80.623],[-22.6119,80.8718],[-21.8173,81.1135],[-21.1817,81.2866],[-20.4141,81.4307],[-20.0654,81.5235],[-19.3174,81.597],[-18.5894,81.5471],[-17.9635,81.5177],[-17.2897,81.6528],[-16.9734,81.7984],[-16.4654,81.9036],[-15.4988,81.9057],[-14.7463,81.8552],[-14.2525,81.8354],[-13.714,81.7742],[-13.2033,81.6718],[-12.7051,81.6213],[-12.5631,81.5086],[-12.6445,81.3858],[-13.531,81.2723],[-14.2019,81.2101],[-14.7622,80.9879],[-15.0126,80.8577],[-15.7344,80.6978],[-16.4409,80.451],[-16.9196,80.411],[-17.3327,80.4297],[-18.0492,80.4087],[-19.045,80.4262],[-19.7158,80.3373],[-20.0447,80.2397],[-20.2674,79.9989],[-20.193,79.8538],[-19.3159,79.9912],[-18.6046,80.0118],[-17.7692,79.9666],[-17.7677,79.7774],[-18.1023,79.6689],[-19.1768,79.613],[-19.3854,79.5499],[-19.4813,79.4603],[-19.5515,79.1926],[-19.7632,78.8731],[-20.0682,78.8018],[-20.545,78.8362],[-20.8788,78.8179],[-21.2557,78.4126],[-21.7,77.9235],[-21.7676,77.7673],[-21.5635,77.6294],[-21.382,77.5866],[-21.1112,77.8032],[-20.7767,77.9686],[-20.3913,77.9867],[-19.3358,77.8672],[-19.1773,77.8242],[-19.0592,77.6946],[-19.0857,77.5996],[-19.6409,77.6331],[-19.9437,77.6411],[-20.1743,77.5975],[-20.2351,77.5112],[-20.1049,77.3825],[-19.3147,77.2981],[-19.0644,77.2386],[-18.2534,77.3001],[-18.0164,77.2063],[-17.9201,77.0611],[-17.942,76.8651],[-18.057,76.8053],[-18.8829,76.8888],[-19.6266,76.913],[-19.9779,76.9463],[-20.5606,76.9112],[-21.1827,76.6975],[-21.553,76.7562],[-21.7733,76.8238],[-22.2502,76.8058],[-22.3777,76.6359],[-21.751,76.3666],[-21.217,76.2666],[-20.6328,76.2088],[-19.8835,76.1766],[-19.5702,76.11],[-19.3222,75.8927],[-19.1998,75.6928],[-19.1935,75.4435],[-19.3888,75.2611],[-19.5616,75.2277],[-20.143,75.3093],[-20.5118,75.3582],[-20.6792,75.3082],[-20.6689,75.0608],[-20.6158,74.9543],[-20.424,74.8816],[-20.146,74.8416],[-19.8206,74.745],[-19.4092,74.6811],[-19.0709,74.6089],[-18.8987,74.4398],[-19.051,74.3347],[-19.4251,74.2696],[-19.7162,74.2128],[-20.5022,74.2274],[-21.0315,74.2666],[-21.7623,74.3055],[-22.0288,74.104],[-21.7809,74.0162],[-21.1525,73.9933],[-20.6794,73.9221],[-20.3536,73.8106],[-20.3138,73.6668],[-20.3296,73.4196],[-20.3881,73.4221],[-20.8796,73.4425],[-21.4405,73.3937],[-21.7085,73.2739],[-22.2692,73.2649],[-22.8203,73.3275],[-23.4938,73.5093],[-23.9086,73.724],[-24.0764,73.7557],[-24.5689,73.6269],[-25.0099,73.4746],[-25.498,73.4339],[-25.7629,73.3538],[-26.4156,73.3685],[-26.8266,73.4075],[-27.2628,73.343],[-27.4406,73.287],[-27.5189,73.1598],[-27.5164,73.0963],[-27.3572,72.8591],[-27.0377,72.7491],[-26.4601,72.7265],[-25.7782,72.6095],[-25.073,72.6344],[-24.4778,72.3915],[-24.1365,72.2901],[-23.9196,72.1885],[-23.3813,72.0407],[-22.8178,71.8697],[-22.6485,71.7452],[-22.4309,71.3412],[-22.0297,71.4351],[-21.9044,71.4975],[-21.726,71.4046],[-21.5918,71.211],[-21.5601,71.0562],[-21.4708,70.5323],[-21.5471,70.4401],[-21.7138,70.3861],[-21.9573,70.4316],[-22.2032,70.4849],[-22.6157,70.4841],[-23.0842,70.4679],[-23.7537,70.5896],[-24.0402,70.7737],[-24.227,71.059],[-24.3864,71.1825],[-24.913,71.4374],[-25.2913,71.5689],[-25.6276,71.6306],[-26.1202,71.6686],[-26.3545,71.6058],[-26.7875,71.5583],[-25.8496,71.4357],[-25.6949,71.273]]],[[[14.6964,55.1487],[14.7297,55.2466],[14.8451,55.2563],[15.0424,55.1778],[15.1187,55.1027],[15.074,55.0309],[14.9587,55.0212],[14.7727,55.0735],[14.6964,55.1487]]],[[[8.7025,56.703],[8.5736,56.7247],[8.5444,56.774],[8.6148,56.851],[8.7187,56.8967],[8.856,56.9113],[8.8853,56.862],[8.8064,56.7488],[8.7025,56.703]]],[[[11.5395,56.7117],[11.6119,56.7194],[11.6482,56.7225],[11.6485,56.7208],[11.6279,56.7077],[11.5865,56.6831],[11.5502,56.6801],[11.519,56.6985],[11.5395,56.7117]]],[[[11.8159,55.0376],[11.7474,55.0844],[11.781,55.132],[11.781,55.1678],[11.7476,55.1917],[11.6098,55.2026],[11.3677,55.2007],[11.2073,55.3155],[11.1285,55.547],[11.0353,55.6802],[10.9275,55.7151],[10.958,55.7241],[11.1267,55.7073],[11.2849,55.741],[11.4326,55.8251],[11.4481,55.8983],[11.3316,55.9606],[11.396,55.9849],[11.6412,55.9715],[11.7406,55.9271],[11.6939,55.8518],[11.7015,55.776],[11.7635,55.6998],[11.8244,55.7287],[11.8842,55.8627],[11.9499,55.8828],[12.0212,55.7891],[12.0267,55.72],[11.9661,55.6756],[11.9662,55.6533],[12.0269,55.6533],[12.0664,55.6678],[12.0847,55.6967],[12.0803,55.7644],[12.0533,55.8709],[11.9947,55.9348],[11.9045,55.956],[11.9672,56.0072],[12.1828,56.0883],[12.3726,56.1071],[12.5368,56.0637],[12.606,56.0295],[12.5801,56.0046],[12.5543,55.974],[12.5285,55.9376],[12.5367,55.8656],[12.5791,55.758],[12.4979,55.6478],[12.2932,55.535],[12.2585,55.4306],[12.394,55.3344],[12.35,55.2551],[12.1267,55.1926],[12.0565,55.1503],[12.1396,55.1283],[12.1787,55.0876],[12.174,55.0285],[12.1467,54.9913],[12.0969,54.9762],[11.9866,54.9916],[11.8159,55.0376]]],[[[10.6264,55.84],[10.6181,55.7889],[10.5923,55.764],[10.5491,55.7652],[10.5265,55.8197],[10.5246,55.9275],[10.5503,55.9524],[10.6038,55.8945],[10.6264,55.84]]],[[[8.5475,56.6841],[8.5823,56.6602],[8.5641,56.6084],[8.4763,56.6137],[8.319,56.676],[8.2462,56.7386],[8.2582,56.8014],[8.3524,56.905],[8.529,57.0494],[8.8104,57.129],[9.1968,57.1437],[9.5299,57.2592],[9.8098,57.4755],[10.1238,57.6218],[10.4719,57.6981],[10.5926,57.7003],[10.4859,57.6282],[10.4599,57.5017],[10.5148,57.3206],[10.4908,57.1704],[10.388,57.0512],[10.2541,57.0162],[10.0892,57.0654],[9.816,57.0664],[9.4346,57.0192],[9.2118,57.0099],[9.1476,57.0385],[9.0044,57.0259],[8.782,56.9721],[8.6071,56.8785],[8.4796,56.7449],[8.4597,56.6801],[8.5475,56.6841]]],[[[11.0683,57.3179],[11.1533,57.3132],[11.1462,57.289],[11.0471,57.2452],[10.9617,57.2333],[10.8902,57.2531],[10.8973,57.2774],[10.983,57.306],[11.0683,57.3179]]],[[[10.1956,56.4897],[10.218,56.496],[10.2784,56.5508],[10.4282,56.5672],[10.6674,56.5452],[10.8304,56.5119],[10.9174,56.4673],[10.951,56.4197],[10.9313,56.369],[10.8773,56.2987],[10.7891,56.2088],[10.7115,56.1788],[10.6446,56.2087],[10.5948,56.1924],[10.5622,56.1301],[10.4976,56.123],[10.4012,56.1712],[10.3919,56.2127],[10.4695,56.2476],[10.4814,56.2715],[10.4275,56.2844],[10.3544,56.2547],[10.2622,56.1823],[10.232,56.1143],[10.2638,56.0507],[10.2571,55.9712],[10.2118,55.8758],[10.1083,55.8326],[9.9465,55.8418],[9.9113,55.8384],[10.0028,55.8224],[10.0347,55.7871],[10.0067,55.7324],[9.8821,55.7052],[9.6607,55.7056],[9.6173,55.6805],[9.7519,55.63],[9.7615,55.559],[9.646,55.4674],[9.6134,55.3655],[9.6635,55.2531],[9.6312,55.1787],[9.5165,55.1421],[9.5262,55.0903],[9.6604,55.0231],[9.7299,54.949],[9.7348,54.8682],[9.7081,54.8346],[9.6708,54.8434],[9.6497,54.8484],[9.6186,54.8735],[9.6184,54.8751],[9.6147,54.9101],[9.5671,54.9021],[9.5453,54.8984],[9.4103,54.8385],[9.1786,54.8312],[8.8503,54.8763],[8.8186,54.8908],[8.6836,54.9527],[8.6786,55.0603],[8.631,55.1007],[8.5409,55.0737],[8.4861,55.0762],[8.4667,55.108],[8.4693,55.1423],[8.494,55.1791],[8.552,55.1822],[8.6433,55.1517],[8.6726,55.2092],[8.6401,55.3547],[8.5448,55.459],[8.3866,55.5219],[8.2949,55.5378],[8.2696,55.5067],[8.2145,55.5055],[8.1297,55.5344],[8.1118,55.5974],[8.161,55.6945],[8.171,55.8037],[8.1418,55.9249],[8.142,55.9417],[8.1716,55.8539],[8.2391,55.8319],[8.3445,55.8756],[8.3617,55.9438],[8.2906,56.0365],[8.2256,56.0898],[8.1669,56.1038],[8.1302,56.0876],[8.1156,56.041],[8.1226,56.1767],[8.151,56.4944],[8.1792,56.6674],[8.2072,56.6954],[8.2283,56.6833],[8.2426,56.6311],[8.3694,56.5743],[8.6087,56.5129],[8.7374,56.5028],[8.7554,56.5439],[8.7436,56.5783],[8.7019,56.6061],[8.749,56.6662],[8.8847,56.7585],[8.9833,56.8054],[9.0448,56.8068],[9.0948,56.7816],[9.1333,56.7298],[9.129,56.6697],[9.0821,56.6012],[9.1125,56.5827],[9.2203,56.6142],[9.286,56.6039],[9.3098,56.5517],[9.3353,56.5354],[9.3627,56.5551],[9.3584,56.5987],[9.3224,56.6662],[9.2699,56.6945],[9.2007,56.6835],[9.1691,56.7375],[9.1752,56.8565],[9.211,56.9375],[9.2766,56.9805],[9.4757,57.0194],[9.8081,57.0543],[10.0587,57.0491],[10.2275,57.0039],[10.3102,56.923],[10.3069,56.8064],[10.1956,56.7236],[9.9761,56.6747],[9.9844,56.6615],[10.2206,56.684],[10.3449,56.6812],[10.3574,56.653],[10.3274,56.6174],[10.2551,56.5745],[10.2111,56.5319],[10.1956,56.4897]]],[[[10.2483,54.9462],[10.3767,54.8913],[10.4388,54.8583],[10.4348,54.8472],[10.3867,54.8573],[10.2944,54.8885],[10.2323,54.9215],[10.2002,54.9562],[10.2483,54.9462]]],[[[11.3391,54.6623],[11.1063,54.748],[11.0004,54.8218],[11.0214,54.8838],[11.0651,54.9252],[11.1313,54.9462],[11.2518,54.9249],[11.4265,54.8615],[11.5497,54.8483],[11.6212,54.8853],[11.7051,54.8694],[11.8013,54.8003],[11.8025,54.799],[11.7726,54.8429],[11.791,54.9256],[11.9557,54.9035],[12.0709,54.8792],[12.1366,54.8525],[12.1195,54.8042],[12.0197,54.7344],[11.9684,54.665],[11.9658,54.5961],[11.9005,54.6554],[11.8527,54.7254],[11.8544,54.704],[11.756,54.6674],[11.5557,54.6354],[11.3391,54.6623]]],[[[10.6955,54.7597],[10.6767,54.7926],[10.6802,54.8699],[10.7487,54.9717],[10.8824,55.098],[10.9011,55.0651],[10.805,54.8732],[10.7365,54.7714],[10.6955,54.7597]]],[[[9.7815,54.9714],[9.8233,54.9519],[9.8328,54.9594],[9.8102,54.9939],[9.7568,55.0207],[9.6726,55.0399],[9.671,55.0558],[9.752,55.0686],[9.8374,55.0585],[9.9271,55.0254],[9.9967,54.9753],[10.0463,54.9083],[9.9998,54.8826],[9.8572,54.8983],[9.7795,54.9249],[9.7669,54.9624],[9.7815,54.9714]]],[[[10.6659,55.0029],[10.6617,54.9796],[10.6306,54.9601],[10.5985,54.9502],[10.5656,54.9501],[10.5365,54.9641],[10.5112,54.9923],[10.5319,55.0156],[10.5986,55.0341],[10.6433,55.0299],[10.6659,55.0029]]],[[[12.3733,55.0175],[12.4961,54.9819],[12.464,54.9432],[12.2771,54.9012],[12.1667,54.8862],[12.1328,54.8982],[12.1649,54.9369],[12.2629,55.0025],[12.3733,55.0175]]],[[[12.6605,55.6169],[12.6538,55.5808],[12.6042,55.5612],[12.5626,55.566],[12.5288,55.5951],[12.5355,55.6313],[12.5826,55.6745],[12.6242,55.6697],[12.6605,55.6169]]],[[[10.7115,55.0991],[10.569,55.0523],[10.4115,55.0428],[10.239,55.0706],[10.0335,55.1881],[9.7949,55.3955],[9.8341,55.5286],[10.1512,55.5875],[10.3535,55.5958],[10.441,55.5536],[10.4676,55.5126],[10.4333,55.4727],[10.4317,55.4491],[10.463,55.4417],[10.5105,55.4501],[10.5742,55.4743],[10.6094,55.5196],[10.6159,55.586],[10.6507,55.5849],[10.7137,55.5165],[10.7676,55.4351],[10.8124,55.341],[10.8217,55.251],[10.7958,55.1653],[10.7115,55.0991]]],[[[8.371,55.4382],[8.3848,55.4499],[8.4338,55.4342],[8.4597,55.4033],[8.4623,55.3572],[8.4485,55.3455],[8.4182,55.3681],[8.3924,55.399],[8.371,55.4382]]],[[[-54.1253,69.4812],[-54.4859,69.5636],[-54.5744,69.6089],[-54.6869,69.707],[-54.7227,70.0869],[-54.5937,70.2402],[-54.4283,70.2482],[-54.1375,70.1875],[-53.6167,70.1578],[-53.0375,70.0366],[-52.7012,69.9154],[-52.4336,69.8704],[-52.084,69.7725],[-51.8129,69.6216],[-51.8774,69.5307],[-51.9279,69.5155],[-52.1726,69.4923],[-52.5211,69.4766],[-52.8674,69.3928],[-53.3217,69.3241],[-53.5515,69.2784],[-53.8071,69.3383],[-54.1253,69.4812]]],[[[-22.8328,72.269],[-23.2649,72.3702],[-23.5854,72.4404],[-23.657,72.4717],[-23.7984,72.6605],[-23.131,72.6775],[-22.7294,72.6152],[-22.2505,72.498],[-21.8821,72.365],[-21.8095,72.1454],[-21.9061,72.0512],[-22.1457,72.0273],[-22.8328,72.269]]]]}},{"type":"Feature","properties":{"NAME":"Arabia (Nejd)","ABBREVN":"Arabia","SUBJECTO":"Arabia (Nejd)","BORDERPRECISION":3,"PARTOF":"Arabia (Nejd)"},"geometry":{"type":"MultiPolygon","coordinates":[[[[55.3183,22.072],[55.1952,21.1185],[49.8192,17.6467],[45.5207,15.1306],[44.9701,16.2743],[44.4252,17.3767],[42.3654,21.3356],[40.8537,22.3663],[40.6475,24.1528],[37.7616,28.8253],[36.5935,29.7873],[36.5248,31.1615],[37.2119,33.5665],[38.0364,34.5972],[39.342,34.5972],[40.0291,34.391],[44.0832,30.337],[44.839,29.9934],[45.8697,29.856],[46.9051,29.4376],[46.744,29.2254],[46.5092,28.9701],[47.2553,28.8536],[47.4386,28.8293],[47.589,28.5507],[47.6721,28.4432],[48.1536,28.4206],[48.4435,28.4402],[48.4627,28.3859],[48.5875,28.0939],[48.7517,27.8719],[48.8318,27.5735],[48.855,27.5227],[49.1319,27.536],[49.2435,27.479],[49.1519,27.3725],[49.2392,27.2885],[49.3216,27.1616],[49.4273,27.131],[49.5325,27.0095],[49.9314,26.9341],[50.1218,26.7376],[50.0902,26.6115],[49.984,26.5957],[49.9342,26.4831],[50.0762,26.3118],[49.992,26.0448],[49.9369,25.9558],[50.0114,25.8352],[50.1469,25.5356],[50.2143,25.5881],[50.3819,25.4612],[50.4292,25.184],[50.6189,24.8709],[50.6065,24.6802],[50.7059,24.5597],[50.7783,24.4709],[50.9074,24.4331],[50.9683,24.4362],[51.1198,24.3987],[51.5889,23.4096],[51.8355,22.8901],[51.9529,22.4842],[53.4661,22.3151],[54.9901,22.1144],[55.3183,22.072]]]]}},{"type":"Feature","properties":{"NAME":"Greece","ABBREVN":"Greece","SUBJECTO":"Greece","BORDERPRECISION":3,"PARTOF":"Greece"},"geometry":{"type":"MultiPolygon","coordinates":[[[[20.7889,40.3348],[20.9912,40.7138],[21.0316,40.7268],[21.3953,40.7608],[21.6684,40.8264],[21.8457,41.0196],[22.0102,41.0911],[22.1729,41.0727],[22.4526,41.0486],[22.6924,41.1589],[22.9202,41.2307],[22.961,41.2437],[23.7956,41.3317],[24.1554,41.4491],[24.4181,41.4762],[24.6987,41.38],[24.5641,41.1403],[24.5191,40.8731],[24.505,40.9841],[24.3543,40.971],[24.2191,40.8297],[24.0252,40.7464],[23.886,40.7329],[23.7484,40.8044],[23.6347,40.7728],[23.633,40.7132],[23.7091,40.63],[23.7852,40.4772],[23.9237,40.4508],[24.2954,40.1765],[24.2206,40.1448],[24.0548,40.2609],[24.0478,40.3084],[23.9235,40.3453],[23.7748,40.3928],[23.7222,40.3482],[23.6272,40.3453],[23.6588,40.2873],[23.6517,40.2292],[23.8037,40.1554],[23.8687,40.1607],[23.9201,40.0552],[23.9066,39.9972],[23.796,39.9867],[23.5958,40.1923],[23.4425,40.2556],[23.3491,40.282],[23.2918,40.2873],[23.2931,40.2451],[23.2591,40.2292],[23.321,40.1554],[23.3668,40.1079],[23.4365,40.0447],[23.5233,40.0183],[23.5922,40.0025],[23.6386,39.9603],[23.5969,39.9341],[23.3744,39.9551],[23.2605,39.9709],[23.2763,40.0499],[23.2148,40.1818],[23.1411,40.2662],[22.9602,40.3147],[22.7481,40.4825],[22.8639,40.5352],[22.8755,40.5963],[22.8519,40.6513],[22.77,40.6672],[22.7013,40.5774],[22.4921,40.4983],[22.6023,40.3972],[22.4896,40.2305],[22.4674,40.1185],[22.5256,40.0642],[22.5551,39.9867],[22.6951,39.8345],[22.7545,39.8183],[22.8134,39.6027],[23.0742,39.4135],[23.2361,39.2032],[23.1585,39.1401],[23.0519,39.1033],[23.0998,39.1874],[23.0453,39.2715],[22.9813,39.3293],[22.919,39.3451],[22.8509,39.3661],[22.7203,39.2873],[22.7661,39.2028],[22.8349,39.1664],[22.8711,39.0243],[22.7842,38.9403],[22.4905,38.8769],[22.6023,38.8562],[22.7233,38.7932],[22.8994,38.7669],[22.9842,38.667],[23.0998,38.6723],[23.1695,38.667],[23.191,38.6103],[23.3562,38.4895],[23.4938,38.4831],[23.5558,38.3518],[23.6828,38.3465],[23.8039,38.3465],[23.9607,38.2099],[23.967,38.1521],[23.88,38.1154],[23.9873,37.7634],[23.9182,37.6846],[23.8355,37.6846],[23.7337,37.8579],[23.6341,37.879],[23.5407,38.0041],[23.4957,38.0681],[23.4193,38.0681],[23.1958,38.005],[22.9806,37.9578],[22.8981,37.9],[23.04,37.858],[23.0454,37.7736],[23.0489,37.6426],[23.1514,37.5901],[23.2205,37.6018],[23.3217,37.6374],[23.3122,37.5481],[23.4181,37.4693],[23.185,37.4273],[23.1858,37.3748],[23.1096,37.3466],[22.971,37.3853],[23.0253,37.4798],[22.9421,37.5184],[22.7133,37.5434],[22.6423,37.5849],[22.6387,37.4923],[22.7262,37.2885],[22.8133,37.2121],[22.7931,37.1386],[22.8869,37.0467],[22.9826,36.6148],[22.6736,36.7543],[22.5244,36.7221],[22.3903,36.5244],[22.1914,36.8552],[21.9842,37.0205],[21.7809,36.8225],[21.5882,36.9814],[21.5314,37.1151],[21.6265,37.3065],[21.6137,37.4148],[21.5173,37.5358],[21.2963,37.7265],[21.2211,37.8284],[21.2284,37.9049],[21.4405,38.1795],[21.7145,38.1354],[21.9058,38.2697],[21.9967,38.2508],[22.7472,37.9526],[22.8987,37.9976],[23.1163,38.1574],[22.9967,38.1793],[22.8756,38.2046],[22.3337,38.4267],[21.8265,38.464],[21.6613,38.4381],[21.3645,38.412],[21.1724,38.3478],[20.7718,38.8509],[20.8926,38.8958],[21.0065,38.8705],[21.1047,38.9218],[21.1595,39.0048],[21.0072,39.113],[20.9011,39.0617],[20.6778,39.0804],[20.2118,39.4049],[20.1224,39.551],[20.3847,39.9486],[20.6079,40.1609],[20.7889,40.3348]]],[[[23.2424,39.0441],[23.4097,38.9437],[23.7898,38.7186],[24.1319,38.6534],[24.2079,38.5524],[24.2915,38.1948],[24.588,38.1529],[24.5272,37.9674],[24.3143,37.9853],[24.1927,38.1529],[24.0254,38.3857],[23.6605,38.4036],[23.5997,38.4572],[23.6377,38.5226],[23.4629,38.6237],[23.1208,38.8668],[22.8699,38.8372],[23.0143,38.9614],[23.2424,39.0441]]],[[[25.7892,36.4049],[25.8728,36.3559],[25.7664,36.3376],[25.7131,36.3498],[25.7359,36.3865],[25.7892,36.4049]]],[[[25.371,36.4966],[25.4927,36.4232],[25.4927,36.3314],[25.3862,36.3192],[25.3178,36.3988],[25.333,36.4599],[25.371,36.4966]]],[[[25.8576,36.8381],[25.9488,36.9111],[26.0248,36.9597],[26.0856,36.8989],[25.9564,36.8442],[25.8348,36.7833],[25.7511,36.7833],[25.7511,36.8138],[25.8576,36.8381]]],[[[24.4284,36.7955],[24.588,36.8685],[24.6792,36.759],[24.4664,36.6493],[24.2991,36.7529],[24.4284,36.7955]]],[[[24.8237,36.6614],[24.8769,36.6797],[24.9757,36.6371],[24.9453,36.5699],[24.8237,36.6371],[24.8237,36.6614]]],[[[25.1658,36.7407],[25.1962,36.6736],[25.105,36.6371],[25.0593,36.6187],[25.0441,36.6614],[25.1658,36.7407]]],[[[25.2494,36.759],[25.295,36.8077],[25.4319,36.698],[25.3862,36.6371],[25.2646,36.7041],[25.2418,36.7529],[25.2494,36.759]]],[[[24.5348,37.1175],[24.4436,37.0993],[24.4284,37.2083],[24.5348,37.1175]]],[[[24.398,37.6671],[24.3827,37.5707],[24.2611,37.5406],[24.2991,37.6611],[24.398,37.6671]]],[[[24.4892,37.3958],[24.3599,37.3052],[24.3599,37.3958],[24.398,37.4682],[24.4892,37.3958]]],[[[24.9453,37.5105],[25.0441,37.3777],[24.8465,37.3656],[24.8617,37.5286],[24.9453,37.5105]]],[[[24.7629,38.0033],[25.2722,37.5647],[25.4699,37.4381],[25.3178,37.4018],[24.9225,37.6912],[24.6564,37.9014],[24.7629,38.0033]]],[[[24.7172,37.0508],[24.7857,36.9475],[24.6792,36.905],[24.6488,37.0143],[24.7172,37.0508]]],[[[25.3102,37.1962],[25.3102,37.0022],[25.1126,36.9415],[24.9377,36.9597],[25.1506,37.172],[25.3102,37.1962]]],[[[25.5383,37.2204],[25.6067,37.1235],[25.5991,37.0265],[25.5459,36.9597],[25.4547,36.9232],[25.3634,37.0083],[25.3406,37.0871],[25.3786,37.1175],[25.5383,37.2204]]]]}},{"type":"Feature","properties":{"NAME":null,"ABBREVN":null,"SUBJECTO":null,"BORDERPRECISION":3,"PARTOF":null},"geometry":{"type":"MultiPolygon","coordinates":[[[[27.7814,35.8903],[27.7686,35.8936],[27.7331,35.9111],[27.7303,35.9133],[27.7286,35.9167],[27.7222,35.9297],[27.7192,35.9408],[27.7214,35.9494],[27.7308,35.9789],[27.7408,36.1044],[27.7197,36.1661],[27.7889,36.2517],[27.8031,36.2683],[27.8058,36.2706],[27.8761,36.3197],[27.8958,36.3322],[27.9092,36.3397],[28.0683,36.405],[28.1075,36.4186],[28.2072,36.4425],[28.2108,36.4525],[28.2128,36.4555],[28.2158,36.4578],[28.2192,36.4569],[28.2258,36.453],[28.2339,36.4414],[28.238,36.4311],[28.2069,36.3436],[28.1869,36.3],[28.1414,36.2105],[28.1228,36.1858],[28.0636,36.1119],[28.0092,36.0689],[27.9567,36.045],[27.9458,36.0347],[27.9317,36.0186],[27.9061,35.9881],[27.8989,35.9756],[27.8928,35.9608],[27.8656,35.9322],[27.8428,35.9136],[27.8394,35.9117],[27.7997,35.8933],[27.7867,35.8905],[27.7814,35.8903]]],[[[26.9697,36.9244],[26.9464,36.9281],[26.9356,36.9322],[26.9192,36.9467],[26.8819,37.0689],[26.8867,37.0733],[26.8908,37.0764],[26.9605,37.0561],[26.9858,37.0442],[27.0483,36.9936],[27.05,36.9906],[27.05,36.9492],[27.0494,36.9461],[27.0458,36.9442],[26.9756,36.9244],[26.9697,36.9244]]],[[[26.9714,36.6722],[26.9667,36.6725],[26.9531,36.6753],[26.9464,36.6792],[26.9231,36.7061],[26.9208,36.7089],[26.9186,36.7161],[26.9178,36.7553],[26.9219,36.7611],[27.0608,36.8372],[27.0642,36.8389],[27.1525,36.8814],[27.1681,36.8872],[27.1775,36.8889],[27.2844,36.9006],[27.3405,36.8853],[27.3467,36.8811],[27.3528,36.8722],[27.3556,36.8653],[27.3553,36.8589],[27.3442,36.8494],[27.3294,36.8428],[27.3025,36.8375],[27.2794,36.8342],[27.2433,36.8269],[27.2183,36.8197],[27.0361,36.7661],[27.028,36.7636],[26.9922,36.7514],[26.9806,36.7469],[26.9742,36.7428],[26.9719,36.7403],[26.9706,36.7364],[26.9664,36.7036],[26.9658,36.6817],[26.9714,36.6722]]],[[[26.8867,37.0967],[26.8639,37.0953],[26.8539,37.0967],[26.8494,37.0978],[26.8206,37.1106],[26.7694,37.1694],[26.7683,37.1733],[26.7692,37.1764],[26.778,37.1878],[26.7808,37.19],[26.7856,37.1908],[26.8206,37.1872],[26.855,37.1828],[26.8583,37.1811],[26.8606,37.1772],[26.8725,37.1506],[26.8889,37.1092],[26.8897,37.1017],[26.8892,37.0986],[26.8867,37.0967]]]]}},{"type":"Feature","properties":{"NAME":"Malta","ABBREVN":"Malta","SUBJECTO":"Malta","BORDERPRECISION":3,"PARTOF":"Malta"},"geometry":{"type":"MultiPolygon","coordinates":[[[[14.5622,35.8203],[14.5197,35.8],[14.4239,35.8186],[14.3797,35.8444],[14.375,35.8475],[14.3669,35.8547],[14.3472,35.8725],[14.3394,35.8797],[14.3364,35.8839],[14.3331,35.895],[14.325,35.9728],[14.3264,35.9789],[14.3325,35.9811],[14.3617,35.9914],[14.3683,35.9925],[14.375,35.9908],[14.4433,35.9603],[14.5103,35.9253],[14.5483,35.8922],[14.5639,35.8778],[14.57,35.8694],[14.5681,35.8294],[14.5658,35.8242],[14.5622,35.8203]]],[[[14.2675,36.0114],[14.2514,36.0114],[14.2372,36.0128],[14.1969,36.0219],[14.1911,36.0244],[14.1858,36.0333],[14.1808,36.0553],[14.1811,36.0608],[14.1908,36.0664],[14.2089,36.0717],[14.2292,36.075],[14.2458,36.0742],[14.2533,36.0731],[14.315,36.0533],[14.3206,36.0511],[14.3411,36.0339],[14.3408,36.0297],[14.3358,36.0272],[14.275,36.0117],[14.2675,36.0114]]]]}},{"type":"Feature","properties":{"NAME":null,"ABBREVN":null,"SUBJECTO":null,"BORDERPRECISION":3,"PARTOF":null},"geometry":{"type":"MultiPolygon","coordinates":[[[[-4.1533,53.2256],[-4.2181,53.2003],[-4.3256,53.145],[-4.3514,53.1244],[-4.4022,53.1258],[-4.4789,53.1767],[-4.4944,53.1894],[-4.5675,53.2733],[-4.5692,53.3881],[-4.5669,53.3914],[-4.56,53.3967],[-4.4747,53.4186],[-4.4292,53.4244],[-4.4231,53.425],[-4.4161,53.425],[-4.3139,53.4119],[-4.2925,53.4075],[-4.2836,53.4033],[-4.2769,53.3983],[-4.27,53.3886],[-4.2222,53.3217],[-4.1269,53.3106],[-4.1222,53.3119],[-4.1158,53.3125],[-4.11,53.3122],[-4.06,53.3055],[-4.0467,53.3033],[-4.0464,53.2997],[-4.09,53.255],[-4.1014,53.2478],[-4.1533,53.2256]]]]}},{"type":"Feature","properties":{"NAME":null,"ABBREVN":null,"SUBJECTO":null,"BORDERPRECISION":3,"PARTOF":null},"geometry":{"type":"MultiPolygon","coordinates":[[[[-5.1036,55.4386],[-5.1719,55.4294],[-5.2236,55.43],[-5.2317,55.4303],[-5.2369,55.4319],[-5.2833,55.4469],[-5.2928,55.4511],[-5.3403,55.475],[-5.3422,55.4772],[-5.3572,55.5042],[-5.4003,55.6006],[-5.4008,55.6089],[-5.4003,55.6178],[-5.3964,55.6289],[-5.3811,55.6686],[-5.3781,55.6717],[-5.3708,55.6769],[-5.33,55.6997],[-5.3256,55.7019],[-5.2953,55.7167],[-5.2656,55.7172],[-5.2519,55.7161],[-5.2392,55.7136],[-5.2283,55.7103],[-5.1983,55.6992],[-5.1853,55.6928],[-5.1681,55.6842],[-5.1603,55.6792],[-5.1547,55.6733],[-5.0853,55.5567],[-5.0839,55.5531],[-5.0747,55.4633],[-5.0744,55.4592],[-5.0758,55.4553],[-5.0789,55.4522],[-5.0933,55.4417],[-5.1036,55.4386]]]]}},{"type":"Feature","properties":{"NAME":null,"ABBREVN":null,"SUBJECTO":null,"BORDERPRECISION":3,"PARTOF":null},"geometry":{"type":"MultiPolygon","coordinates":[[[[-6.1217,55.8789],[-6.1031,55.8111],[-6.1019,55.8072],[-6.0975,55.7967],[-6.0933,55.79],[-6.0883,55.7839],[-6.0756,55.7775],[-6.0594,55.7722],[-6.0522,55.7672],[-6.05,55.7642],[-6.0303,55.7206],[-6.0247,55.6808],[-6.0275,55.6778],[-6.0383,55.67],[-6.0767,55.65],[-6.2289,55.5922],[-6.2744,55.5728],[-6.3006,55.5769],[-6.3172,55.5817],[-6.3256,55.5867],[-6.3275,55.5894],[-6.3219,55.6153],[-6.3208,55.6189],[-6.2858,55.7072],[-6.2531,55.7636],[-6.2511,55.7672],[-6.2514,55.7714],[-6.2544,55.7747],[-6.2592,55.7767],[-6.2653,55.7778],[-6.3253,55.7814],[-6.3317,55.7814],[-6.3378,55.7803],[-6.3456,55.775],[-6.3483,55.7714],[-6.3525,55.7647],[-6.3564,55.758],[-6.3606,55.7503],[-6.3675,55.7408],[-6.3797,55.7281],[-6.3931,55.7172],[-6.4108,55.7039],[-6.4494,55.6803],[-6.4625,55.6739],[-6.4733,55.67],[-6.485,55.6686],[-6.4914,55.6694],[-6.5014,55.6733],[-6.505,55.6767],[-6.5092,55.6822],[-6.51,55.6906],[-6.5,55.7214],[-6.4953,55.7336],[-6.4497,55.8486],[-6.4417,55.8536],[-6.3697,55.8694],[-6.3097,55.8636],[-6.1922,55.9164],[-6.1631,55.9275],[-6.1419,55.9336],[-6.1367,55.9344],[-6.1294,55.9336],[-6.1219,55.9289],[-6.1186,55.9217],[-6.1228,55.895],[-6.1217,55.8789]]]]}},{"type":"Feature","properties":{"NAME":null,"ABBREVN":null,"SUBJECTO":null,"BORDERPRECISION":3,"PARTOF":null},"geometry":{"type":"MultiPolygon","coordinates":[[[[-5.9469,55.83],[-5.9719,55.7883],[-6.0272,55.7917],[-6.0325,55.7931],[-6.0531,55.8003],[-6.0631,55.8039],[-6.0706,55.8083],[-6.0736,55.8117],[-6.0756,55.8156],[-6.0792,55.8267],[-6.0881,55.8775],[-6.0878,55.8817],[-6.0844,55.8942],[-6.0789,55.9055],[-5.9681,56.0236],[-5.9558,56.0305],[-5.9064,56.0583],[-5.9017,56.0608],[-5.8092,56.1097],[-5.755,56.1333],[-5.745,56.1375],[-5.7114,56.1503],[-5.7056,56.1508],[-5.6944,56.1472],[-5.685,56.1258],[-5.6844,56.1219],[-5.6844,56.1175],[-5.6861,56.1131],[-5.6908,56.1067],[-5.7025,56.0989],[-5.7081,56.0961],[-5.7169,56.0894],[-5.7303,56.078],[-5.7461,56.0636],[-5.7519,56.0569],[-5.8458,55.9494],[-5.9042,55.8825],[-5.9469,55.83]]]]}},{"type":"Feature","properties":{"NAME":null,"ABBREVN":null,"SUBJECTO":null,"BORDERPRECISION":3,"PARTOF":null},"geometry":{"type":"MultiPolygon","coordinates":[[[[-7.4669,56.9408],[-7.4753,56.9408],[-7.5153,56.9431],[-7.5306,56.9442],[-7.5503,56.9475],[-7.5594,56.9514],[-7.5606,56.9556],[-7.56,56.9603],[-7.5536,56.9664],[-7.4456,57.0555],[-7.4397,57.0544],[-7.4186,57.0439],[-7.4147,57.0414],[-7.3781,56.9822],[-7.3761,56.9786],[-7.4347,56.945],[-7.4392,56.9428],[-7.4669,56.9408]]]]}},{"type":"Feature","properties":{"NAME":null,"ABBREVN":null,"SUBJECTO":null,"BORDERPRECISION":3,"PARTOF":null},"geometry":{"type":"MultiPolygon","coordinates":[[[[-7.2231,57.3375],[-7.2311,57.3328],[-7.2461,57.3278],[-7.2522,57.3267],[-7.2589,57.3272],[-7.2853,57.3361],[-7.2881,57.3225],[-7.2592,57.1525],[-7.2147,57.1144],[-7.2153,57.1103],[-7.2258,57.0969],[-7.2303,57.0947],[-7.2656,57.1036],[-7.2872,57.1061],[-7.3033,57.1061],[-7.3336,57.1],[-7.3561,57.0992],[-7.3631,57.1],[-7.3814,57.1086],[-7.3867,57.1147],[-7.3925,57.125],[-7.3961,57.1319],[-7.4175,57.1825],[-7.4189,57.1867],[-7.4208,57.2183],[-7.425,57.3822],[-7.4222,57.3853],[-7.4122,57.3897],[-7.3681,57.4014],[-7.3356,57.3958],[-7.2858,57.3811],[-7.2719,57.3753],[-7.2672,57.3722],[-7.2244,57.3417],[-7.2231,57.3375]]]]}},{"type":"Feature","properties":{"NAME":null,"ABBREVN":null,"SUBJECTO":null,"BORDERPRECISION":3,"PARTOF":null},"geometry":{"type":"MultiPolygon","coordinates":[[[[-7.2689,57.3989],[-7.2833,57.3975],[-7.3136,57.3997],[-7.3203,57.4014],[-7.3781,57.4203],[-7.3881,57.4239],[-7.4047,57.4419],[-7.4094,57.4483],[-7.41,57.4522],[-7.4064,57.4642],[-7.4042,57.4678],[-7.4003,57.4703],[-7.3578,57.4883],[-7.3511,57.4894],[-7.3006,57.4836],[-7.2761,57.4806],[-7.2442,57.4764],[-7.2047,57.4608],[-7.2025,57.4575],[-7.2022,57.4189],[-7.2044,57.415],[-7.2394,57.4036],[-7.2447,57.4022],[-7.2689,57.3989]]]]}},{"type":"Feature","properties":{"NAME":null,"ABBREVN":null,"SUBJECTO":null,"BORDERPRECISION":3,"PARTOF":null},"geometry":{"type":"MultiPolygon","coordinates":[[[[-7.1886,57.6872],[-7.0753,57.6422],[-7.0675,57.6375],[-7.0658,57.6333],[-7.1475,57.515],[-7.1539,57.5094],[-7.1683,57.508],[-7.2336,57.5036],[-7.3147,57.5042],[-7.3214,57.5053],[-7.3261,57.5078],[-7.3275,57.5275],[-7.3253,57.5442],[-7.3478,57.5508],[-7.4117,57.5681],[-7.4556,57.5639],[-7.4678,57.5619],[-7.4769,57.5625],[-7.4861,57.5661],[-7.5364,57.5861],[-7.5403,57.5881],[-7.5433,57.5908],[-7.5433,57.5956],[-7.4914,57.6464],[-7.4839,57.6519],[-7.4728,57.655],[-7.4325,57.6533],[-7.275,57.6564],[-7.2711,57.6594],[-7.2447,57.6769],[-7.1972,57.6869],[-7.1886,57.6872]]]]}},{"type":"Feature","properties":{"NAME":null,"ABBREVN":null,"SUBJECTO":null,"BORDERPRECISION":3,"PARTOF":null},"geometry":{"type":"MultiPolygon","coordinates":[[[[-7.0064,57.8814],[-7.0736,57.8778],[-7.0778,57.88],[-7.0767,57.8928],[-7.0736,57.8961],[-7.0328,57.9156],[-7.0275,57.9169],[-7.0072,57.9197],[-6.9994,57.92],[-6.9936,57.9186],[-6.9942,57.9139],[-6.9975,57.8908],[-6.9989,57.8872],[-7.0064,57.8814]]]]}},{"type":"Feature","properties":{"NAME":null,"ABBREVN":null,"SUBJECTO":null,"BORDERPRECISION":3,"PARTOF":null},"geometry":{"type":"MultiPolygon","coordinates":[[[[-6.8022,58.203],[-6.8389,58.2019],[-6.8692,58.2039],[-6.8731,58.2064],[-6.8889,58.2444],[-6.89,58.2486],[-6.8897,58.2525],[-6.8817,58.2542],[-6.8603,58.2511],[-6.8542,58.25],[-6.8097,58.2286],[-6.7944,58.218],[-6.7914,58.2069],[-6.7944,58.2033],[-6.8022,58.203]]]]}},{"type":"Feature","properties":{"NAME":null,"ABBREVN":null,"SUBJECTO":null,"BORDERPRECISION":3,"PARTOF":null},"geometry":{"type":"MultiPolygon","coordinates":[[[[-6.2042,58.3561],[-6.2325,58.3178],[-6.2797,58.2878],[-6.3239,58.2636],[-6.3283,58.2379],[-6.3284,58.2354],[-6.3276,58.2334],[-6.3253,58.2318],[-6.3218,58.2308],[-6.2851,58.2229],[-6.2813,58.2223],[-6.2769,58.2228],[-6.2736,58.2236],[-6.2654,58.2274],[-6.2208,58.2336],[-6.2086,58.2408],[-6.1725,58.2583],[-6.1678,58.2606],[-6.16,58.2597],[-6.1481,58.2561],[-6.1469,58.2528],[-6.1583,58.2183],[-6.1644,58.2122],[-6.1722,58.2069],[-6.2247,58.1836],[-6.2638,58.1766],[-6.3291,58.1828],[-6.3667,58.1586],[-6.3747,58.1356],[-6.3769,58.1319],[-6.3822,58.1297],[-6.4972,58.0975],[-6.5481,58.0919],[-6.6011,58.085],[-6.6203,58.0819],[-6.6192,58.0783],[-6.5947,58.0783],[-6.4969,58.0875],[-6.4203,58.1022],[-6.4103,58.1056],[-6.4025,58.1058],[-6.3961,58.1047],[-6.3906,58.0986],[-6.3539,58.0331],[-6.3567,58.03],[-6.3861,58.0092],[-6.4578,57.968],[-6.4739,57.9483],[-6.4728,57.9442],[-6.4739,57.9403],[-6.5381,57.9164],[-6.5442,57.915],[-6.5706,57.9114],[-6.5775,57.9108],[-6.6211,57.9144],[-6.6281,57.9153],[-6.6531,57.92],[-6.6622,57.9242],[-6.6664,57.9269],[-6.6919,57.9581],[-6.6986,57.9675],[-6.7047,57.9867],[-6.7069,57.9989],[-6.7061,58.0075],[-6.6975,58.0214],[-6.6944,58.0244],[-6.6628,58.0444],[-6.6592,58.0467],[-6.6528,58.0483],[-6.6294,58.0483],[-6.6219,58.0478],[-6.615,58.0461],[-6.5986,58.0453],[-6.5936,58.0464],[-6.5903,58.05],[-6.5953,58.0525],[-6.6003,58.0539],[-6.6078,58.0547],[-6.67,58.0581],[-6.6783,58.0583],[-6.6844,58.0575],[-6.6892,58.055],[-6.7614,57.9983],[-6.7258,57.9544],[-6.7228,57.9511],[-6.7189,57.9492],[-6.7053,57.9469],[-6.6964,57.9425],[-6.685,57.9344],[-6.6797,57.9283],[-6.6775,57.9256],[-6.6647,57.9006],[-6.6606,57.8847],[-6.6622,57.8806],[-6.7353,57.8258],[-6.9608,57.7275],[-6.9656,57.7256],[-6.9725,57.7247],[-6.9783,57.7258],[-6.9839,57.7283],[-7.12,57.8142],[-7.1231,57.8175],[-7.1244,57.8208],[-7.1267,57.8333],[-7.1253,57.8378],[-7.1183,57.8381],[-7.1039,57.8367],[-7.0922,57.8328],[-7.0836,57.8247],[-7.0658,57.8208],[-7.0289,57.8322],[-6.8303,57.9008],[-6.8342,57.9036],[-6.8794,57.9325],[-6.935,57.9497],[-6.9461,57.9528],[-6.985,57.9594],[-6.9928,57.9592],[-7.0219,57.9519],[-7.0297,57.9522],[-7.0356,57.9533],[-7.0753,57.9625],[-7.1128,57.9839],[-7.1139,57.9872],[-7.0842,58.008],[-7.0556,58.0203],[-7.0578,58.0364],[-7.0939,58.0705],[-7.1267,58.1233],[-7.1283,58.1303],[-7.1281,58.1347],[-7.0944,58.1819],[-7.0592,58.2203],[-7.0556,58.2233],[-7.0406,58.2333],[-7.0319,58.2381],[-7.0081,58.2353],[-7.0011,58.2344],[-6.9197,58.2161],[-6.9081,58.2128],[-6.9058,58.2097],[-6.9081,58.2061],[-6.9203,58.2036],[-6.9361,58.188],[-6.8742,58.1111],[-6.8681,58.1061],[-6.8619,58.1039],[-6.86,58.1081],[-6.8733,58.1786],[-6.8052,58.1959],[-6.7504,58.1852],[-6.7447,58.1972],[-6.7866,58.2294],[-6.8081,58.2597],[-6.8178,58.28],[-6.8156,58.2847],[-6.7978,58.3022],[-6.6731,58.3492],[-6.6583,58.3494],[-6.6522,58.3486],[-6.6469,58.3419],[-6.5603,58.3597],[-6.5503,58.3633],[-6.3553,58.4575],[-6.3106,58.4792],[-6.2928,58.4883],[-6.2769,58.5083],[-6.2722,58.5106],[-6.2669,58.5125],[-6.2597,58.5128],[-6.2531,58.5117],[-6.2444,58.5086],[-6.2347,58.5042],[-6.2233,58.4964],[-6.1661,58.4253],[-6.1658,58.4206],[-6.2042,58.3561]]]]}},{"type":"Feature","properties":{"NAME":null,"ABBREVN":null,"SUBJECTO":null,"BORDERPRECISION":3,"PARTOF":null},"geometry":{"type":"MultiPolygon","coordinates":[[[[-2.9183,58.7319],[-2.9394,58.73],[-2.9481,58.7306],[-2.9578,58.7347],[-2.9706,58.7419],[-2.98,58.7503],[-3.0369,58.8181],[-3.0336,58.8208],[-3.0289,58.8231],[-3.01,58.8317],[-3.0044,58.8331],[-2.9747,58.8353],[-2.9161,58.8389],[-2.8992,58.8383],[-2.8942,58.8369],[-2.8864,58.8319],[-2.8778,58.8242],[-2.8767,58.8203],[-2.9139,58.7339],[-2.9183,58.7319]]]]}},{"type":"Feature","properties":{"NAME":null,"ABBREVN":null,"SUBJECTO":null,"BORDERPRECISION":3,"PARTOF":null},"geometry":{"type":"MultiPolygon","coordinates":[[[[-3.2314,58.7756],[-3.2889,58.7756],[-3.2958,58.7761],[-3.3008,58.7781],[-3.4311,58.8714],[-3.4331,58.8747],[-3.4331,58.8789],[-3.4181,58.9042],[-3.4122,58.9106],[-3.3981,58.9172],[-3.3492,58.9269],[-3.3356,58.9275],[-3.2331,58.8872],[-3.2283,58.885],[-3.2147,58.8742],[-3.1364,58.8042],[-3.1347,58.8008],[-3.1369,58.7867],[-3.1417,58.7847],[-3.1603,58.7811],[-3.1808,58.7792],[-3.2314,58.7756]]]]}},{"type":"Feature","properties":{"NAME":null,"ABBREVN":null,"SUBJECTO":null,"BORDERPRECISION":3,"PARTOF":null},"geometry":{"type":"MultiPolygon","coordinates":[[[[-2.7931,58.9514],[-2.7558,58.9178],[-2.8244,58.8789],[-2.8692,58.8933],[-2.97,58.9394],[-3.0083,58.94],[-3.0572,58.9358],[-3.1106,58.9281],[-3.1197,58.9233],[-3.1197,58.9192],[-3.1722,58.9108],[-3.1883,58.91],[-3.195,58.9111],[-3.3033,58.9458],[-3.3133,58.95],[-3.3456,58.9658],[-3.3611,58.9922],[-3.3631,58.9956],[-3.3681,59.01],[-3.3681,59.0142],[-3.3514,59.1064],[-3.3503,59.11],[-3.3175,59.1294],[-3.2778,59.14],[-3.2722,59.1414],[-3.2389,59.1461],[-3.2189,59.1486],[-3.2025,59.1486],[-3.1958,59.1472],[-3.0769,59.1217],[-3.0731,59.1192],[-2.9983,59.0697],[-2.9953,59.0667],[-2.9958,59.0558],[-2.9472,58.9983],[-2.8522,58.9756],[-2.7931,58.9514]]]]}},{"type":"Feature","properties":{"NAME":null,"ABBREVN":null,"SUBJECTO":null,"BORDERPRECISION":3,"PARTOF":null},"geometry":{"type":"MultiPolygon","coordinates":[[[[-2.6814,59.1958],[-2.6858,59.1842],[-2.6897,59.1867],[-2.6917,59.19],[-2.6936,59.1975],[-2.6925,59.2103],[-2.6906,59.2144],[-2.6844,59.2208],[-2.5928,59.2906],[-2.5556,59.3031],[-2.5344,59.305],[-2.4144,59.3136],[-2.4072,59.3139],[-2.4022,59.3128],[-2.4,59.3103],[-2.3972,59.3033],[-2.3903,59.2831],[-2.39,59.2797],[-2.4956,59.245],[-2.5708,59.2422],[-2.5772,59.2422],[-2.6206,59.2361],[-2.625,59.2336],[-2.6814,59.1958]]]]}},{"type":"Feature","properties":{"NAME":null,"ABBREVN":null,"SUBJECTO":null,"BORDERPRECISION":3,"PARTOF":null},"geometry":{"type":"MultiPolygon","coordinates":[[[[-2.89,59.2953],[-2.8497,59.2681],[-2.8531,59.2494],[-2.8775,59.2286],[-2.8731,59.2519],[-2.8731,59.2561],[-2.8769,59.2586],[-2.9367,59.2836],[-2.9586,59.2878],[-2.9656,59.2881],[-2.9719,59.2872],[-2.9764,59.2847],[-2.9742,59.2814],[-2.9769,59.2728],[-2.9881,59.2642],[-2.9922,59.2617],[-2.9992,59.2611],[-3.0033,59.2636],[-3.0283,59.285],[-3.0736,59.3242],[-3.0756,59.3275],[-3.0764,59.3314],[-3.0717,59.3314],[-3.0489,59.3292],[-2.8972,59.2997],[-2.89,59.2953]]]]}},{"type":"Feature","properties":{"NAME":null,"ABBREVN":null,"SUBJECTO":null,"BORDERPRECISION":3,"PARTOF":null},"geometry":{"type":"MultiPolygon","coordinates":[[[[-1.2961,60.4911],[-1.2867,60.4711],[-1.1639,60.4544],[-1.0414,60.4469],[-1.0372,60.4442],[-1.0378,60.44],[-1.0661,60.3581],[-1.1011,60.2758],[-1.1642,60.2583],[-1.1658,60.2619],[-1.1869,60.2697],[-1.195,60.2708],[-1.1989,60.2678],[-1.2006,60.2633],[-1.1981,60.2558],[-1.1856,60.2306],[-1.1806,60.225],[-1.1575,60.1947],[-1.1261,60.1517],[-1.1256,60.1478],[-1.1286,60.1442],[-1.1467,60.1319],[-1.1531,60.133],[-1.1631,60.1375],[-1.1706,60.1372],[-1.1872,60.1272],[-1.2122,60.1028],[-1.2206,60.0225],[-1.2603,59.8622],[-1.2625,59.8583],[-1.2686,59.8511],[-1.3069,59.8575],[-1.3719,59.8917],[-1.3781,59.9022],[-1.3778,59.9064],[-1.3317,59.9969],[-1.33,60.0],[-1.3264,60.0044],[-1.3225,60.0075],[-1.3164,60.0089],[-1.3114,60.0067],[-1.3081,60.0089],[-1.3058,60.0128],[-1.2683,60.0936],[-1.2631,60.1069],[-1.2611,60.1158],[-1.2603,60.1242],[-1.2617,60.1308],[-1.285,60.22],[-1.2914,60.2414],[-1.4033,60.2558],[-1.4103,60.255],[-1.4142,60.2519],[-1.4103,60.2494],[-1.3875,60.2372],[-1.3636,60.2297],[-1.3531,60.2089],[-1.3583,60.1925],[-1.4486,60.1511],[-1.4536,60.1525],[-1.4906,60.1678],[-1.5203,60.1814],[-1.5272,60.1869],[-1.5278,60.1908],[-1.5267,60.1944],[-1.5197,60.2011],[-1.5889,60.2158],[-1.6478,60.2247],[-1.655,60.2261],[-1.6647,60.2308],[-1.6744,60.2394],[-1.6781,60.2464],[-1.6931,60.2797],[-1.6928,60.2839],[-1.6914,60.2883],[-1.6669,60.2997],[-1.6553,60.3031],[-1.6283,60.3072],[-1.5967,60.3081],[-1.5897,60.3064],[-1.4747,60.315],[-1.4458,60.3186],[-1.4269,60.3214],[-1.3458,60.34],[-1.3203,60.3564],[-1.4458,60.4605],[-1.5022,60.4697],[-1.5536,60.4756],[-1.5583,60.4731],[-1.565,60.4731],[-1.6097,60.4742],[-1.6117,60.4767],[-1.61,60.4814],[-1.5931,60.5078],[-1.5469,60.5358],[-1.4161,60.605],[-1.4106,60.6069],[-1.3019,60.6367],[-1.2958,60.6347],[-1.2942,60.6311],[-1.2875,60.6133],[-1.2961,60.4911]]]]}},{"type":"Feature","properties":{"NAME":null,"ABBREVN":null,"SUBJECTO":null,"BORDERPRECISION":3,"PARTOF":null},"geometry":{"type":"MultiPolygon","coordinates":[[[[-1.0294,60.4958],[-1.1047,60.4856],[-1.1275,60.4864],[-1.14,60.4894],[-1.1428,60.4925],[-1.1703,60.5272],[-1.1825,60.595],[-1.1836,60.6028],[-1.1814,60.6236],[-1.1794,60.6325],[-1.1772,60.6367],[-1.11,60.7258],[-1.0986,60.73],[-1.0925,60.7314],[-1.0847,60.7317],[-1.0569,60.7308],[-0.9967,60.7247],[-0.9911,60.72],[-0.9825,60.6555],[-0.9828,60.6514],[-1.0178,60.5194],[-1.0192,60.515],[-1.0233,60.5031],[-1.0256,60.4989],[-1.0294,60.4958]]]]}},{"type":"Feature","properties":{"NAME":null,"ABBREVN":null,"SUBJECTO":null,"BORDERPRECISION":3,"PARTOF":null},"geometry":{"type":"MultiPolygon","coordinates":[[[[-0.8197,60.6889],[-0.835,60.6733],[-0.9356,60.6744],[-0.9586,60.6825],[-0.9656,60.688],[-0.9597,60.7114],[-0.9389,60.7944],[-0.8831,60.8422],[-0.8783,60.8444],[-0.8061,60.8406],[-0.7728,60.8311],[-0.7678,60.8289],[-0.7581,60.8178],[-0.7572,60.8139],[-0.7636,60.7933],[-0.8197,60.6889]]]]}},{"type":"Feature","properties":{"NAME":null,"ABBREVN":null,"SUBJECTO":null,"BORDERPRECISION":3,"PARTOF":null},"geometry":{"type":"MultiPolygon","coordinates":[[[[-6.6553,61.3894],[-6.6603,61.3883],[-6.6681,61.3894],[-6.7192,61.4075],[-6.8458,61.468],[-6.9583,61.5986],[-6.9628,61.6192],[-6.96,61.6228],[-6.9447,61.6367],[-6.9264,61.6414],[-6.9122,61.6436],[-6.8894,61.645],[-6.7289,61.5758],[-6.7244,61.5733],[-6.7094,61.5583],[-6.6553,61.4331],[-6.6417,61.4008],[-6.6422,61.3972],[-6.6553,61.3894]]],[[[-6.6042,61.8217],[-6.63,61.7611],[-6.6389,61.7505],[-6.6522,61.7428],[-6.7047,61.7775],[-6.8361,61.8178],[-6.8411,61.8175],[-6.8661,61.8375],[-6.9089,61.9011],[-6.9083,61.9047],[-6.9047,61.9078],[-6.8644,61.9075],[-6.8558,61.9069],[-6.7833,61.8969],[-6.7769,61.8953],[-6.6614,61.8589],[-6.6522,61.8539],[-6.6042,61.8261],[-6.6042,61.8217]]],[[[-7.0497,62.0678],[-7.055,62.0603],[-7.0628,62.0494],[-7.1653,62.0236],[-7.1858,62.0197],[-7.2017,62.0186],[-7.1917,62.0311],[-7.1922,62.0397],[-7.1936,62.0433],[-7.1983,62.05],[-7.2119,62.0575],[-7.2267,62.0644],[-7.2325,62.0647],[-7.2333,62.0603],[-7.2511,62.0428],[-7.3456,62.0522],[-7.3522,62.0539],[-7.3781,62.065],[-7.3817,62.0681],[-7.4311,62.1161],[-7.4339,62.1236],[-7.4344,62.1278],[-7.435,62.1403],[-7.4336,62.1436],[-7.4264,62.1447],[-7.2311,62.16],[-7.2233,62.1594],[-7.1631,62.1288],[-7.0561,62.0986],[-7.045,62.0944],[-7.0414,62.0914],[-7.0403,62.0878],[-7.0411,62.0831],[-7.0497,62.0678]]],[[[-6.7069,61.9375],[-6.7178,61.9333],[-6.7253,61.9344],[-6.7731,61.95],[-6.8692,61.9975],[-6.9611,62.0467],[-7.0346,62.1121],[-7.1303,62.1256],[-7.2322,62.1725],[-7.2347,62.1758],[-7.235,62.18],[-7.2336,62.1933],[-7.2328,62.1981],[-7.2108,62.2847],[-7.1956,62.3047],[-7.1922,62.3078],[-7.135,62.3039],[-7.1281,62.3022],[-7.0875,62.2908],[-7.0706,62.2847],[-7.0658,62.2822],[-7.0625,62.2792],[-7.0575,62.2725],[-7.0522,62.2575],[-7.045,62.2433],[-7.0425,62.24],[-7.0367,62.2336],[-6.9908,62.1931],[-6.9739,62.1825],[-6.9458,62.1681],[-6.9164,62.1539],[-6.8414,62.1244],[-6.735,62.0436],[-6.7247,62.035],[-6.7189,62.0286],[-6.6964,61.9794],[-6.6961,61.9753],[-6.7025,61.9403],[-6.7069,61.9375]]],[[[-6.62,62.2297],[-6.6236,62.2267],[-6.6322,62.2275],[-6.6581,62.2344],[-6.6814,62.2425],[-6.6858,62.245],[-6.7117,62.2939],[-6.7208,62.3314],[-6.6322,62.2592],[-6.6256,62.2533],[-6.6203,62.2381],[-6.6192,62.2344],[-6.62,62.2297]]],[[[-6.6575,62.0925],[-6.6575,62.0558],[-6.6697,62.0586],[-6.7528,62.0928],[-6.9219,62.1672],[-6.9481,62.1825],[-6.9642,62.1933],[-7.0111,62.2264],[-7.025,62.2378],[-7.0294,62.2444],[-7.0625,62.2958],[-7.0603,62.3136],[-6.9581,62.3392],[-6.9503,62.3381],[-6.9381,62.3342],[-6.8072,62.2903],[-6.735,62.26],[-6.6011,62.1969],[-6.5978,62.1942],[-6.5881,62.1342],[-6.6497,62.1025],[-6.6542,62.0997],[-6.6569,62.0961],[-6.6575,62.0925]]],[[[-6.4186,62.1839],[-6.5181,62.1689],[-6.5272,62.1739],[-6.5556,62.1969],[-6.5725,62.2117],[-6.5819,62.225],[-6.5881,62.2397],[-6.5509,62.251],[-6.549,62.3009],[-6.5744,62.3499],[-6.5417,62.3575],[-6.5367,62.3425],[-6.5222,62.3181],[-6.4928,62.2914],[-6.4889,62.2883],[-6.43,62.2689],[-6.3978,62.26],[-6.3922,62.258],[-6.3889,62.255],[-6.3886,62.2508],[-6.3897,62.2461],[-6.4072,62.1917],[-6.4086,62.1886],[-6.4122,62.1853],[-6.4186,62.1839]]],[[[-6.5858,62.2564],[-6.595,62.2561],[-6.6083,62.2586],[-6.6131,62.2611],[-6.62,62.2669],[-6.6644,62.3225],[-6.6681,62.3297],[-6.6683,62.3339],[-6.6667,62.3472],[-6.6658,62.3519],[-6.6608,62.3725],[-6.6547,62.3742],[-6.6458,62.3742],[-6.6381,62.3731],[-6.6322,62.3708],[-6.5736,62.3064],[-6.5664,62.2964],[-6.5614,62.2814],[-6.5611,62.2769],[-6.5617,62.2733],[-6.5656,62.2653],[-6.5725,62.2589],[-6.5858,62.2564]]],[[[-6.4061,62.2844],[-6.415,62.2844],[-6.4228,62.2856],[-6.4803,62.2978],[-6.4886,62.3075],[-6.5469,62.3836],[-6.5453,62.3869],[-6.5308,62.3942],[-6.5253,62.3961],[-6.5192,62.3969],[-6.4983,62.3864],[-6.4892,62.3814],[-6.3917,62.2969],[-6.4061,62.2844]]]]}},{"type":"Feature","properties":{"NAME":null,"ABBREVN":null,"SUBJECTO":null,"BORDERPRECISION":3,"PARTOF":null},"geometry":{"type":"MultiPolygon","coordinates":[[[[-4.7778,54.0555],[-4.7839,54.0569],[-4.7875,54.0594],[-4.7886,54.063],[-4.7886,54.0672],[-4.7139,54.2144],[-4.7103,54.2172],[-4.6989,54.2192],[-4.6458,54.2381],[-4.6414,54.24],[-4.625,54.2489],[-4.6181,54.2542],[-4.6019,54.2678],[-4.5958,54.2739],[-4.5881,54.2836],[-4.5781,54.2969],[-4.5547,54.3311],[-4.5533,54.3353],[-4.5528,54.3439],[-4.5414,54.3561],[-4.5275,54.3672],[-4.485,54.3872],[-4.4431,54.398],[-4.3681,54.4167],[-4.3603,54.4161],[-4.3542,54.4108],[-4.3528,54.4092],[-4.3083,54.3006],[-4.3075,54.2969],[-4.3094,54.2933],[-4.3217,54.2767],[-4.3861,54.1955],[-4.3944,54.1864],[-4.4706,54.1375],[-4.4911,54.1267],[-4.5506,54.0978],[-4.6239,54.0686],[-4.6844,54.0769],[-4.6906,54.0783],[-4.7047,54.0797],[-4.7208,54.0761],[-4.7778,54.0555]]]]}},{"type":"Feature","properties":{"NAME":"Russian Empire","ABBREVN":"Russian Empire","SUBJECTO":"Russia","BORDERPRECISION":3,"PARTOF":"Russian Empire"},"geometry":{"type":"MultiPolygon","coordinates":[[[[26.2326,49.3736],[26.2547,49.7504],[25.6711,49.7596],[25.5052,49.8441],[25.3801,50.0466],[25.2026,50.1552],[25.1516,50.3354],[24.9524,50.4171],[24.4044,50.6343],[24.0628,50.6207],[23.1162,50.3854],[22.4828,50.3717],[22.3944,50.6803],[21.9078,50.8122],[21.3981,50.5185],[21.1574,50.3765],[20.8112,50.3611],[20.2706,50.1042],[19.9234,50.1852],[19.3112,50.2684],[18.7691,50.177],[18.646,50.6445],[18.1401,50.9877],[18.1131,51.7707],[18.1401,51.8247],[18.0051,51.8787],[17.897,52.1757],[18.0861,52.3918],[18.4641,52.3918],[18.5991,52.4998],[18.5181,52.5538],[18.5181,52.6618],[18.6531,52.7158],[18.5721,52.8238],[18.7611,52.9318],[18.8421,53.0668],[18.9501,53.0398],[18.9912,53.1305],[19.2849,53.1651],[19.4232,53.1133],[19.4923,53.1651],[19.5787,53.0787],[20.0108,53.0441],[20.0972,53.1824],[20.4774,53.1305],[20.702,53.3206],[21.1168,53.2688],[22.8066,53.8076],[22.7397,53.9499],[22.699,54.4149],[22.6702,54.4939],[22.6625,54.5709],[22.7241,54.7328],[22.8243,54.7868],[22.7935,54.9024],[22.6316,54.9487],[22.5839,55.0094],[21.684,55.3535],[21.2755,55.8611],[20.9454,56.07],[20.916,56.0967],[20.949,56.4732],[20.9648,56.609],[21.0221,56.6839],[21.3244,56.8544],[21.3397,57.1771],[21.4596,57.2496],[21.5795,57.3726],[21.6773,57.4637],[21.8103,57.4754],[22.2854,57.565],[22.3599,57.5857],[22.433,57.6156],[22.5636,57.6156],[22.5854,57.5087],[22.8814,57.3341],[23.0709,57.2613],[23.1747,57.0485],[23.2154,56.9807],[23.4145,56.8924],[23.7678,56.8659],[24.1584,56.9755],[24.2663,57.0301],[24.3465,57.1597],[24.3229,57.3369],[24.2362,57.7282],[24.3254,57.8375],[24.3456,57.8622],[24.4156,57.9479],[24.4144,58.1059],[24.4968,58.2132],[24.3311,58.3079],[24.0584,58.1115],[23.9081,58.2244],[23.6709,58.2414],[23.6905,58.6655],[23.5119,58.5809],[23.3608,58.7674],[23.432,58.8581],[23.3379,58.9724],[23.457,59.0055],[23.4158,59.119],[23.5702,59.1381],[24.0321,59.1757],[24.0296,59.2354],[24.2819,59.2841],[24.3416,59.3689],[24.5376,59.3234],[24.5709,59.3743],[24.7138,59.3518],[24.7512,59.4485],[25.2483,59.3618],[25.4488,59.494],[25.49,59.42],[25.7211,59.4598],[26.3433,59.4466],[26.8619,59.3717],[26.999,59.3177],[27.2651,59.338],[27.702,59.2975],[27.8936,59.3461],[28.0159,59.4542],[28.0131,59.4582],[27.9734,59.5167],[27.8967,59.5338],[27.9417,59.6476],[28.0942,59.6647],[28.1631,59.5907],[28.2663,59.5622],[28.351,59.6021],[28.3091,59.6644],[28.4444,59.7337],[28.6627,59.6443],[28.7959,59.6722],[28.9363,59.8246],[29.0761,59.9078],[29.4136,59.86],[29.7655,59.7362],[29.9632,59.7366],[30.1266,59.806],[29.9529,59.9856],[29.6873,60.131],[29.5107,60.1446],[28.969,60.1088],[28.6916,60.15],[28.5694,60.1984],[28.4352,60.3373],[28.5512,60.5326],[28.5215,60.6233],[28.4318,60.6035],[28.51,60.7318],[29.3861,61.2466],[30.2786,61.7845],[30.9018,62.1255],[31.1675,62.3666],[31.3609,62.6078],[31.4083,62.792],[31.3359,62.9474],[31.14,63.1237],[30.8236,63.2428],[30.2126,63.4671],[30.0149,63.6156],[30.1622,63.7018],[30.4058,63.8885],[30.4315,64.0029],[30.3635,64.1168],[29.7844,64.7443],[29.6182,64.9734],[29.6312,65.1398],[29.7153,65.3212],[29.9134,65.5617],[30.0017,65.7221],[29.6543,66.26],[29.0229,66.8874],[29.1709,67.0206],[29.757,67.3703],[29.9461,67.5339],[29.7018,67.7104],[29.2681,67.9382],[28.8757,68.0253],[28.6222,68.1207],[28.5701,68.3588],[28.686,68.5683],[28.6972,68.6955],[29.0074,68.8318],[29.4628,69.1342],[29.9236,69.3546],[30.2699,69.4091],[30.6408,69.4185],[30.8717,69.5101],[31.0538,69.6396],[31.3313,69.6628],[31.7822,69.777],[32.0716,69.8835],[32.076,69.8154],[32.1906,69.6417],[32.3517,69.5137],[32.5963,69.4236],[33.0096,69.3867],[33.2806,69.342],[33.3156,69.0713],[33.6284,69.2147],[33.818,69.1925],[34.3051,69.1708],[34.6989,69.1641],[34.9341,69.1494],[35.4366,69.1504],[36.0183,69.0237],[37.2459,68.7935],[37.6886,68.6296],[38.4064,68.2427],[38.6685,68.1463],[39.3347,68.0359],[39.9181,67.9404],[40.8261,67.66],[40.9734,67.5344],[40.9508,67.3347],[41.0169,67.2019],[41.2088,67.0695],[41.2553,66.937],[41.147,66.7823],[40.8364,66.5614],[40.3451,66.3186],[39.9775,66.2009],[39.19,66.0387],[38.7821,66.0015],[38.0479,66.0074],[37.4224,66.0938],[36.5052,66.1725],[35.7717,66.2589],[35.1677,66.4115],[34.153,66.6296],[33.6513,66.6801],[33.4375,66.7017],[33.1577,66.9145],[32.991,66.9878],[32.6443,67.0461],[32.2194,66.9937],[32.3578,66.9203],[32.4247,66.891],[32.7535,66.649],[32.9709,66.5834],[33.4697,66.3131],[33.8442,66.1821],[34.2585,66.1098],[34.5437,66.0008],[34.7262,65.797],[34.7256,65.615],[34.6012,65.4839],[34.2934,65.3962],[34.332,65.3455],[34.4257,65.1065],[34.7729,64.6822],[34.8148,64.4598],[34.8846,64.3668],[35.0818,64.2883],[35.6233,64.2536],[36.0155,64.197],[36.24,63.9186],[36.4206,63.8761],[36.9875,63.8415],[37.2465,63.7849],[37.4105,63.7495],[37.5915,63.8069],[37.9449,63.8504],[38.0541,63.9863],[38.0539,64.1293],[37.8799,64.3079],[37.6681,64.3433],[37.4633,64.3],[37.262,64.3139],[36.9967,64.4066],[36.5685,64.7646],[36.8839,65.0677],[37.1019,65.0681],[37.6041,64.8528],[38.2529,64.7031],[39.1934,64.511],[39.6216,64.476],[39.9971,64.5412],[40.3222,64.4629],[40.4398,64.5636],[40.4621,64.7503],[40.366,64.8579],[39.9794,65.1531],[39.8231,65.4356],[39.9513,65.5812],[40.0369,65.6031],[40.6814,65.7936],[41.3542,65.9552],[41.6233,66.0652],[42.1334,66.3879],[42.2108,66.41],[42.4185,66.3811],[43.2414,66.2509],[43.8762,66.011],[44.0294,66.0112],[44.0528,66.0405],[44.1221,66.2672],[44.3836,66.612],[44.362,66.906],[44.2192,67.0898],[43.8381,67.1629],[43.7036,67.2659],[44.2158,67.7183],[44.2611,67.8296],[44.1687,68.097],[43.8222,68.3273],[43.8532,68.4692],[44.012,68.4919],[44.6678,68.3886],[45.5796,68.4425],[45.8634,68.3833],[46.162,68.1082],[46.4394,67.9079],[46.6341,67.7005],[46.1641,67.6774],[45.4626,67.6391],[45.0925,67.5421],[44.8712,67.3124],[44.9571,67.2314],[45.3856,67.0994],[45.7154,66.8496],[46.0768,66.7621],[46.4021,66.7186],[46.9726,66.7785],[47.5712,66.8163],[47.7062,66.8901],[47.8221,67.1113],[47.9529,67.3773],[48.0807,67.5625],[48.6353,67.6524],[49.1856,67.8388],[49.6301,67.9362],[50.4959,68.1535],[51.139,68.2664],[51.8308,68.4094],[52.2449,68.5446],[52.3374,68.3357],[52.4627,68.2987],[52.7197,68.3514],[52.9388,68.4712],[53.0058,68.6806],[53.1794,68.7557],[53.5024,68.8163],[53.8891,68.787],[53.8084,68.6073],[53.7821,68.3384],[53.3959,68.3004],[53.3162,68.2332],[53.3168,68.1364],[53.6257,68.0477],[53.854,68.0853],[54.3797,68.1607],[54.576,68.1611],[54.6485,68.0719],[54.7523,68.0498],[54.8772,68.1095],[54.996,68.2065],[55.1265,68.4006],[55.3354,68.4831],[55.7229,68.5361],[56.1951,68.5669],[56.5403,68.5526],[57.0242,68.4489],[57.3637,68.457],[57.5259,68.4946],[57.9592,68.7048],[58.4093,68.8329],[58.7704,68.856],[59.199,68.7744],[59.3459,68.6999],[59.062,68.4975],[59.1198,68.3931],[59.2177,68.3485],[59.5019,68.2894],[59.7623,68.2974],[59.892,68.402],[59.9254,68.5813],[60.0791,68.619],[60.5121,68.5899],[60.7563,68.6725],[60.9341,68.8151],[60.986,69.0026],[60.3692,69.4677],[60.5517,69.5434],[60.8487,69.71],[61.03,69.7406],[61.3043,69.7335],[62.2813,69.7051],[62.8539,69.6156],[63.4123,69.5487],[63.9232,69.4592],[64.873,69.2277],[65.3554,69.1834],[66.1255,68.9972],[66.5843,68.8855],[67.1717,68.6471],[67.8265,68.3721],[68.2154,68.2014],[68.3846,68.1793],[68.4879,68.2242],[69.0026,68.6954],[69.109,68.8303],[68.6918,68.8145],[68.5118,68.8367],[68.2577,68.9411],[68.0935,69.1359],[68.1059,69.4293],[67.7787,69.5569],[66.8844,69.6231],[66.799,69.7437],[66.828,69.8194],[66.9649,69.9558],[67.2772,70.0706],[67.3833,70.1394],[67.4218,70.2234],[67.3982,70.5985],[67.2853,70.7058],[66.7748,70.7356],[66.6702,70.8661],[66.818,71.1054],[66.9796,71.2138],[67.1555,71.2296],[67.8225,71.4167],[68.3162,71.6349],[68.5508,71.822],[68.8121,72.0955],[69.0567,72.6447],[69.3431,72.8343],[69.5116,72.803],[70.2144,72.7335],[70.9403,72.79],[71.6629,72.8307],[71.9758,72.7998],[72.4553,72.8243],[72.714,72.7696],[72.8527,72.6439],[72.8448,72.4946],[72.6546,72.1183],[72.4983,71.9618],[71.8978,71.5872],[71.7976,71.4318],[72.1362,71.2776],[72.555,70.9772],[72.6797,70.8235],[72.7742,70.4552],[72.6959,70.3556],[72.4369,70.187],[72.5515,69.6563],[72.5255,69.0691],[72.6435,68.8069],[72.8462,68.6352],[73.3086,68.5166],[73.3941,68.4421],[73.3936,68.3824],[73.1752,68.1659],[72.9878,67.7941],[72.8377,67.6456],[72.485,67.4378],[71.9305,67.1563],[71.6471,67.0673],[71.3995,66.9491],[71.5441,66.7141],[71.3495,66.6624],[70.8399,66.5514],[70.1207,66.7188],[69.7915,66.7549],[69.3554,66.7394],[69.0848,66.6875],[69.1726,66.5483],[69.4351,66.4242],[69.7673,66.3297],[70.4736,66.236],[70.9834,66.2004],[71.2595,66.2228],[71.7943,66.1581],[72.2088,66.1735],[72.4211,66.3347],[72.5574,66.496],[73.1655,66.6438],[73.6902,66.8651],[73.8108,66.9904],[73.9845,67.2634],[74.3525,67.4044],[74.7417,67.6862],[74.7706,67.8494],[74.6694,68.1017],[74.3951,68.347],[74.505,68.5935],[74.6121,68.6385],[74.9163,68.7064],[75.5372,68.7749],[76.3278,68.7763],[76.6609,68.6722],[77.0398,68.4638],[77.1079,68.1138],[76.9549,67.6533],[77.0907,67.5277],[77.5048,67.4324],[78.089,67.4113],[78.4779,67.4785],[78.5357,67.6118],[78.3046,67.6929],[77.946,67.7737],[77.6889,67.7584],[77.4832,67.8025],[77.5142,67.9733],[77.9775,68.1451],[78.0072,68.2568],[77.9091,68.3237],[77.8342,68.4727],[77.6358,68.8162],[77.406,68.9356],[77.0299,68.9799],[76.538,69.0841],[76.1775,69.1359],[75.598,69.21],[75.1886,69.1266],[74.9017,69.081],[74.318,69.1625],[73.9145,69.1543],[73.9079,69.2745],[73.6541,69.7565],[73.791,70.0522],[74.1222,70.3659],[74.2496,70.5729],[74.1892,70.6726],[73.698,71.1414],[73.2707,71.3726],[73.2169,71.4577],[73.5914,71.7069],[74.1372,71.7545],[74.5866,71.8722],[74.9212,72.0287],[74.9987,72.1304],[75.0746,72.4203],[75.0161,72.7188],[75.1199,72.6875],[75.4076,72.6644],[75.6173,72.6255],[75.6662,72.4135],[75.5825,72.1706],[75.2966,71.8969],[75.2213,71.6477],[75.2843,71.4461],[75.452,71.3225],[75.6706,71.1991],[76.2932,71.1385],[77.0016,71.0626],[77.7362,71.0255],[78.1047,70.8413],[78.2492,70.8339],[78.6085,70.8499],[78.3716,71.2505],[78.1369,71.3739],[77.2849,71.4188],[76.8661,71.449],[76.6072,71.5183],[76.3329,71.7197],[76.4567,71.8679],[77.0749,71.8924],[77.2749,71.8149],[77.7899,71.7769],[78.1264,71.8476],[78.0857,72.1753],[78.2696,72.2147],[78.6473,72.2624],[79.2226,72.2713],[79.7032,72.1783],[80.3387,72.0076],[80.8283,71.767],[81.4253,71.6127],[81.6714,71.5743],[82.4914,71.5681],[82.8184,71.6463],[82.8801,71.4913],[82.5289,71.3202],[82.2153,71.2036],[82.1036,70.8564],[82.0456,70.4189],[82.1957,70.358],[82.5015,70.7111],[82.6755,70.8421],[82.8037,70.8193],[83.0759,70.5818],[83.0363,70.2449],[83.3707,70.3373],[83.677,70.4603],[83.6571,70.5982],[83.5709,70.6517],[83.5047,70.8129],[83.168,71.1822],[83.2526,71.2829],[83.5611,71.6244],[83.2024,71.8259],[82.8546,71.9421],[82.4363,72.0506],[82.3206,72.2223],[82.026,72.2452],[81.5853,72.354],[80.9823,72.447],[80.8442,72.5802],[80.8717,72.84],[80.8289,73.0135],[80.464,73.3136],[80.5005,73.4247],[80.6201,73.4965],[80.8382,73.5526],[81.8775,73.6022],[83.0204,73.6123],[83.9766,73.6698],[84.6161,73.7427],[84.8295,73.5997],[85.0015,73.5762],[85.3812,73.6963],[85.8562,73.8248],[86.4921,73.8738],[86.7569,73.7866],[86.3264,73.6344],[86.1235,73.4511],[86.905,73.5559],[87.1397,73.6041],[87.5696,73.7721],[87.6908,73.9],[87.5406,74.0997],[87.394,74.1795],[86.9776,74.299],[86.8135,74.4353],[86.8126,74.5399],[86.9583,74.7821],[87.4875,74.9609],[87.9223,75.0599],[89.2847,75.4661],[89.6846,75.5082],[89.7963,75.5244],[90.0,75.5585],[90.0,75.6015],[91.6347,75.6527],[92.6705,75.7626],[93.5921,75.8808],[94.3096,76.0741],[94.6943,76.1836],[95.4877,76.1683],[95.9673,76.1692],[96.1394,76.0859],[95.9818,75.902],[96.6582,75.8533],[97.1164,75.8708],[97.6837,75.9552],[98.2887,76.0565],[98.7162,76.074],[99.1586,75.9997],[99.4672,75.9669],[99.7794,76.0593],[99.8334,76.21],[99.7736,76.2854],[99.9832,76.437],[100.4074,76.4714],[100.8303,76.4554],[101.3895,76.625],[101.1115,76.8529],[101.1665,77.0058],[101.6905,77.2026],[102.3897,77.3748],[103.3933,77.5578],[103.9466,77.5922],[104.3937,77.5672],[105.0625,77.5685],[105.4495,77.4491],[105.4697,77.3293],[104.7823,77.1488],[104.4851,76.995],[104.7046,76.9275],[105.5281,76.98],[106.2429,76.9135],[107.1603,76.9491],[107.2401,76.8984],[107.0714,76.771],[106.5374,76.5672],[106.404,76.4323],[107.2908,76.4339],[107.666,76.4431],[107.7715,76.4012],[108.2445,76.6464],[108.8595,76.6475],[109.6564,76.6913],[109.9402,76.6327],[110.5477,76.6423],[111.4273,76.5681],[112.0572,76.4514],[112.5885,76.2592],[112.8223,76.0589],[113.1489,76.0595],[113.533,76.0937],[113.723,75.8688],[113.1134,75.4944],[113.2216,75.4368],[113.625,75.2727],[112.5771,74.8862],[112.1113,74.7804],[111.5866,74.731],[110.0547,74.2537],[108.6969,73.8194],[108.3399,73.6912],[107.2655,73.5222],[106.2083,73.2585],[105.2788,72.7515],[105.6002,72.7443],[106.087,72.8554],[106.5015,73.0613],[107.2499,73.1338],[107.8043,73.1428],[108.7496,73.2632],[109.5952,73.3916],[109.9906,73.44],[110.4423,73.5679],[110.4,73.7429],[110.1784,73.7982],[110.1632,73.8301],[110.2896,73.9421],[110.5513,74.0384],[110.9441,73.9433],[111.2153,73.7683],[111.4949,73.7449],[111.7617,73.6578],[112.0934,73.6346],[112.4768,73.6591],[112.997,73.7796],[113.2216,73.7481],[113.3077,73.613],[113.3117,73.3827],[113.547,73.2009],[114.1867,73.551],[114.9341,73.5603],[115.6115,73.6252],[116.6711,73.6192],[117.5346,73.5493],[117.9188,73.5341],[118.4604,73.5192],[118.3385,73.1861],[118.4978,73.0362],[119.4174,72.9669],[119.7986,72.9125],[120.1128,72.8815],[120.5785,72.8351],[121.6995,72.9002],[122.2433,72.9091],[122.8824,72.7528],[123.5148,73.172],[123.4422,73.3302],[123.425,73.4332],[123.4099,73.4808],[124.2222,73.6969],[124.4567,73.7053],[124.8177,73.6582],[125.3346,73.5241],[125.7173,73.3978],[126.487,73.3834],[127.0968,73.4163],[127.7196,73.4015],[128.3148,73.2075],[128.4989,73.1259],[128.5249,72.9523],[128.291,72.9125],[128.1706,72.8965],[127.3135,72.7139],[126.2164,72.3823],[126.1113,72.2804],[126.2253,72.2493],[126.69,72.2189],[127.1209,72.2119],[127.4175,72.1422],[127.7141,72.0101],[128.1701,71.8319],[128.4325,71.7546],[128.7835,71.538],[129.3552,71.1757],[130.1717,70.8153],[130.7793,70.6783],[131.0548,70.6865],[131.4127,70.8638],[131.7917,71.1879],[132.2836,71.6609],[132.5538,71.809],[132.6843,71.8014],[132.7906,71.592],[133.1384,71.4532],[133.7439,71.3228],[134.2414,71.2619],[134.6229,71.3013],[135.5106,71.5118],[135.8606,71.5434],[136.2266,71.5132],[136.765,71.4058],[137.6297,71.0754],[137.7713,71.0988],[137.8549,71.1298],[138.0758,71.246],[138.1754,71.362],[138.1138,71.3851],[138.1194,71.4702],[138.4461,71.6103],[138.6749,71.6184],[138.8999,71.5026],[139.1588,71.418],[139.7445,71.4036],[139.8257,71.6284],[139.7386,71.8379],[139.806,72.0015],[139.8479,72.2356],[139.3388,72.1644],[139.05,72.1638],[138.9693,72.2105],[139.1683,72.3438],[139.3118,72.3832],[139.7556,72.4232],[140.215,72.4319],[140.5891,72.4952],[141.294,72.7871],[141.4084,72.7873],[142.2002,72.6787],[142.9025,72.6172],[143.8188,72.5326],[144.2674,72.5021],[144.5618,72.4556],[145.6,72.4262],[144.8204,72.1433],[145.2096,72.1207],[145.6646,72.1605],[145.815,72.0984],[145.6782,71.9267],[145.2614,71.8404],[144.8808,71.7231],[144.8013,71.5911],[145.1004,71.5762],[145.3338,71.6309],[145.7462,71.6937],[146.1861,71.8421],[146.9151,72.2019],[148.1595,72.1964],[148.698,72.1662],[149.1045,72.0889],[149.5303,72.0274],[149.6225,71.9419],[149.722,71.8952],[148.7109,71.6294],[148.9622,71.5679],[149.7154,71.4376],[150.6937,71.3467],[151.1195,71.2548],[151.48,71.0858],[151.6448,70.8938],[151.8991,70.733],[152.134,70.6644],[152.7906,70.681],[153.4044,70.7282],[153.9165,70.7905],[155.0492,70.9385],[156.0432,70.9866],[157.3964,70.9275],[158.078,70.8673],[158.4087,70.8142],[158.9341,70.6235],[159.2292,70.5475],[159.4656,70.395],[159.6279,70.2198],[159.5727,69.999],[159.4438,69.7646],[159.673,69.6519],[160.0166,69.6224],[160.3924,69.6156],[160.6816,69.5785],[160.674,69.2703],[160.8623,69.0831],[161.1708,69.1586],[161.4161,69.3542],[161.961,69.5282],[162.1178,69.5586],[162.2749,69.5363],[163.0382,69.5452],[163.7224,69.6745],[164.0537,69.66],[164.3182,69.4649],[164.6365,69.4128],[165.3301,69.4066],[166.3092,69.3783],[166.7004,69.4317],[167.3201,69.6586],[167.5032,69.5686],[167.9216,69.3287],[168.1,69.2315],[168.5924,69.1125],[168.9861,68.9634],[169.1132,68.7842],[169.3886,68.7175],[170.0889,68.7785],[170.8328,68.9219],[170.9049,69.0343],[170.7932,69.184],[170.4313,69.5589],[170.0563,69.6109],[170.2363,69.762],[170.4517,70.0192],[171.3022,69.9752],[171.8484,69.9385],[172.3592,69.9092],[172.9082,69.8348],[173.0083,69.6917],[173.6367,69.7607],[174.5745,69.7851],[175.611,69.7794],[176.1922,69.7127],[176.546,69.6229],[177.0792,69.5336],[177.705,69.4896],[178.0428,69.4076],[178.6289,69.2585],[178.965,69.2291],[179.2815,69.1473],[180.0,68.9199],[180.0,67.9631],[180.0,66.9631],[180.0,65.9631],[180.0,65.3816],[180.0,65.311],[180.0,65.0519],[180.0,64.9535],[179.3091,64.7865],[179.016,64.7729],[178.726,64.6063],[178.4738,64.5772],[178.0044,64.5477],[177.8441,64.5832],[177.4267,64.6067],[177.3735,64.7614],[177.2515,64.8561],[177.0263,64.8442],[177.1347,64.9274],[176.7125,64.7817],[176.3317,64.7729],[176.1802,64.868],[175.9651,64.9037],[176.156,64.6779],[175.8998,64.5474],[176.044,64.5012],[176.4678,64.409],[176.7532,64.5711],[176.9305,64.5529],[177.0816,64.5174],[177.0816,64.303],[177.1932,64.2104],[177.5347,64.0897],[178.0111,64.1921],[177.8134,64.0474],[178.1473,64.1566],[178.1765,64.0053],[178.2878,63.9129],[178.3716,63.7494],[178.4026,63.6641],[178.0777,63.4291],[178.3444,63.458],[178.5011,63.3802],[178.714,63.1537],[178.9395,63.0833],[179.0043,62.9702],[178.9316,62.7651],[179.2877,62.8151],[179.2318,62.6385],[179.2422,62.5257],[179.0488,62.3914],[178.7377,62.2993],[178.4519,62.3199],[178.2503,62.3829],[177.691,62.4523],[177.2908,62.4868],[177.1349,62.55],[177.1903,62.67],[176.9683,62.6908],[176.832,62.6764],[176.5805,62.4291],[176.5491,62.3797],[175.1726,61.9691],[174.6527,61.8909],[174.5423,61.8907],[174.3487,61.799],[174.2504,61.7147],[173.9268,61.616],[173.4809,61.6011],[173.3426,61.5518],[173.1263,61.3694],[172.9183,61.2781],[172.4924,61.2633],[172.1082,60.9833],[172.0001,60.8576],[171.2484,60.6542],[171.0724,60.4521],[170.5197,60.3399],[170.3368,60.2771],[170.2684,60.1451],[170.2731,60.0134],[170.0601,59.8818],[169.8775,59.8746],[169.6136,60.0122],[169.5316,60.1299],[169.4557,60.2963],[169.1541,60.4346],[168.6708,60.4546],[168.2109,60.4329],[167.6896,60.3554],[167.104,60.271],[166.8684,60.1734],[166.2685,59.8333],[166.0272,59.7087],[165.945,59.7706],[166.2034,60.3526],[165.9563,60.3105],[165.78,60.3541],[165.4154,60.1152],[165.1136,60.0314],[164.933,59.9619],[164.8816,59.7341],[164.5846,59.6647],[164.4419,59.7402],[164.3281,59.9607],[164.1105,60.0782],[163.6497,59.792],[163.7668,59.8838],[163.5163,59.8557],[163.3887,59.8141],[163.1064,59.5792],[163.0429,59.462],[163.0998,59.3589],[163.2545,59.2904],[162.8352,59.0559],[162.7534,58.9665],[162.9074,58.8913],[162.6159,58.733],[162.22,58.4855],[161.9384,58.2592],[161.8044,58.1017],[161.7999,57.8627],[161.9892,57.7199],[162.2037,57.6794],[162.8257,57.701],[163.0784,57.6265],[163.1278,57.5516],[162.932,57.3742],[162.5933,57.1695],[162.5124,57.0335],[162.6128,56.8029],[162.7443,56.5997],[163.098,56.5597],[163.1723,56.3838],[163.166,56.1065],[163.0091,55.9441],[162.7713,55.9166],[162.5546,56.0107],[162.5472,56.1053],[162.7219,56.3423],[162.5218,56.3487],[162.3176,56.2401],[161.8613,55.8609],[161.6094,55.5569],[161.5027,55.2874],[161.6474,54.9851],[161.9385,54.8451],[162.0082,54.7382],[161.8759,54.5641],[161.5666,54.4232],[161.1364,54.4091],[160.8376,54.4486],[160.6829,54.4483],[160.4043,54.3676],[160.0274,54.1533],[159.9311,54.0864],[159.6951,53.8592],[159.6332,53.7058],[159.6835,53.5794],[159.9048,53.4002],[159.9221,53.3005],[159.8969,53.2406],[159.5918,53.1336],[159.3198,53.1265],[158.7881,52.9594],[158.4614,52.826],[158.4317,52.7131],[158.4624,52.5871],[158.3895,52.2027],[158.258,52.0171],[157.8978,51.666],[157.2095,51.229],[156.8246,51.0041],[156.6964,50.9577],[156.5637,51.2344],[156.4747,51.6038],[156.3619,51.9142],[156.3332,52.2716],[156.1752,52.6093],[156.0381,52.7815],[155.9418,53.1931],[155.7108,53.8049],[155.7075,54.065],[155.6381,54.3184],[155.6302,54.4654],[155.5831,54.5521],[155.4652,54.9198],[155.4535,55.2758],[155.5057,55.6396],[155.6276,56.2679],[155.703,56.3696],[156.2358,56.7568],[156.5579,56.9475],[156.8147,57.2606],[156.8777,57.3627],[156.8395,57.5057],[156.7769,57.5805],[157.5112,57.7455],[157.9617,57.8828],[158.3263,58.0268],[159.1043,58.4249],[159.3927,58.6104],[159.5863,58.8027],[159.6491,58.9537],[160.4519,59.3539],[160.8442,59.5542],[161.5352,59.9417],[161.7008,60.0735],[161.8179,60.268],[162.3811,60.4636],[163.3293,60.6949],[163.4448,60.8903],[163.7927,61.1282],[163.8314,61.2331],[163.5757,61.3305],[163.9423,61.7374],[163.9259,61.955],[164.0083,62.1309],[164.2772,62.2229],[165.0548,62.2595],[165.2857,62.2881],[165.0672,62.4357],[164.1377,62.5327],[163.8184,62.4897],[163.3403,62.4113],[162.9902,62.3261],[163.0092,62.1783],[162.7106,61.7632],[162.7669,61.6721],[162.7488,61.609],[162.4506,61.5594],[162.2352,61.5099],[161.5358,61.1868],[160.645,60.7178],[160.1188,60.5636],[160.0071,60.5913],[160.077,60.7376],[160.2356,60.947],[159.8155,60.9811],[159.7435,61.0996],[159.8569,61.3025],[160.0562,61.5129],[160.1493,61.6602],[160.1183,61.7513],[159.9658,61.765],[159.4546,61.5608],[159.2311,61.5463],[159.1064,61.7073],[158.8413,61.784],[158.1184,61.7195],[157.5283,61.6693],[157.098,61.6334],[156.8252,61.5628],[156.4232,61.401],[156.3812,61.2051],[156.4184,61.1213],[155.8508,60.883],[155.6667,60.778],[155.7339,60.5554],[155.1518,60.3944],[154.6933,60.199],[154.3157,59.9833],[154.0922,59.7759],[153.943,59.5688],[153.9445,59.3967],[154.1818,59.3008],[154.7528,59.2812],[154.878,59.1577],[154.9059,59.1028],[154.3871,59.04],[153.9244,58.9223],[153.4541,58.9489],[153.1399,59.0101],[152.9682,58.9961],[152.8283,58.9477],[152.5042,58.7687],[152.1912,58.9259],[151.6907,58.7535],[151.3545,58.6911],[151.1354,58.7318],[151.0075,58.7933],[151.0562,58.9238],[151.3927,58.9794],[151.7833,59.035],[151.8573,59.0558],[151.5236,59.3439],[151.1402,59.4396],[150.6634,59.4318],[150.2787,59.3622],[150.1201,59.3895],[149.7296,59.5953],[149.3803,59.6085],[149.0453,59.5872],[148.7284,59.4763],[148.7472,59.2974],[148.6303,59.194],[148.4161,59.0974],[148.1028,59.2068],[147.9192,59.2615],[147.3522,59.2329],[146.9996,59.191],[146.7064,59.2248],[146.3074,59.286],[146.054,59.2511],[146.0235,59.196],[145.957,58.9829],[145.6526,58.9754],[145.5128,59.0369],[145.4957,59.2088],[145.4041,59.3255],[144.8457,59.2832],[144.3898,59.3099],[143.8241,59.295],[143.3029,59.2665],[142.9268,59.2796],[142.8459,59.2725],[142.3578,59.141],[141.9238,58.9409],[141.5908,58.7275],[141.3496,58.5009],[140.9943,58.3906],[140.5874,58.2393],[140.4998,58.1708],[140.0287,57.6441],[139.2938,57.3362],[138.8668,57.1245],[138.3459,56.8042],[137.6019,56.2403],[137.2291,55.9827],[136.5213,55.5899],[136.1194,55.4206],[135.2695,55.0287],[134.9852,54.8539],[134.8937,54.7199],[134.902,54.5594],[135.0945,54.4328],[135.3126,54.4132],[135.7258,54.4073],[136.1964,54.475],[136.4916,54.4555],[136.3435,53.8878],[136.3507,53.7012],[136.4871,53.6548],[136.7702,53.6954],[137.0407,53.8625],[137.3829,53.8098],[137.3258,53.7431],[137.1217,53.5894],[137.0713,53.4895],[137.2392,53.4565],[137.9794,53.4646],[138.234,53.5716],[138.4095,53.8051],[138.4168,54.0919],[138.7604,54.0859],[139.0517,54.0865],[139.378,54.0804],[139.8059,53.9611],[140.1025,53.8017],[140.3213,53.5356],[140.7023,53.2769],[140.8937,53.1974],[141.1212,53.0516],[141.0897,52.9851],[140.8282,52.8252],[141.032,52.7261],[141.0905,52.5869],[140.9395,52.2618],[141.1606,52.2092],[141.2571,52.1035],[141.1263,51.8716],[140.9699,51.6928],[140.7303,51.4413],[140.4045,50.8274],[140.3235,50.5178],[140.3488,50.4192],[140.457,50.104],[140.3722,49.6913],[140.3282,49.3579],[140.1466,48.7244],[140.081,48.5026],[139.2137,47.8106],[139.0467,47.6152],[138.9493,47.3224],[138.685,47.1335],[138.3516,46.8732],[138.2429,46.7107],[137.9846,46.2693],[137.7205,45.9967],[137.2969,45.6463],[136.4941,44.966],[136.2851,44.753],[136.1792,44.5468],[136.034,44.3984],[135.6928,44.224],[135.4148,44.0368],[135.1561,43.7212],[134.9624,43.515],[134.5686,43.2122],[134.1389,42.993],[133.312,42.7794],[132.9528,42.6695],[132.8274,42.8619],[132.5944,42.9],[132.4847,42.8805],[132.3331,42.9637],[132.1818,43.1946],[131.8831,43.072],[131.6746,43.0266],[131.8652,43.2904],[131.5842,43.2127],[131.3568,42.9939],[131.0646,42.7492],[130.4676,42.2988],[130.4351,42.2768],[130.3599,42.4535],[130.2259,42.6513],[130.2763,42.6772],[130.8397,42.8853],[131.0695,43.0788],[131.1396,43.2266],[131.0892,43.3609],[131.1327,43.4189],[131.144,43.5921],[131.1467,43.868],[131.1184,44.163],[130.9692,44.5668],[130.9905,44.8174],[131.7395,45.2593],[131.9178,45.2409],[132.2262,45.133],[132.5314,45.0315],[132.7776,44.9877],[132.989,45.1436],[133.2367,45.4544],[133.3848,45.6488],[133.6667,46.1347],[133.909,46.6144],[134.0344,47.0164],[134.1653,47.3346],[134.4624,47.5112],[134.7174,47.6942],[134.7097,47.9213],[134.6575,48.0963],[134.6284,48.2131],[134.5178,48.2644],[134.1117,48.2493],[133.5803,48.1555],[132.9694,48.0159],[132.5405,47.8772],[132.2687,47.7784],[131.5228,47.755],[131.2305,47.7469],[130.9245,47.7323],[130.8074,47.9329],[130.6094,48.51],[130.4758,48.8996],[130.3836,48.9642],[129.1866,49.3421],[128.5012,49.4557],[127.94,49.6092],[127.712,49.6993],[127.5159,49.8744],[127.099,50.7306],[126.6756,51.4451],[126.1864,52.5181],[125.8527,52.9465],[125.5092,53.1568],[125.2666,53.1688],[124.6432,53.1125],[124.336,53.197],[123.8694,53.4134],[123.3526,53.5103],[122.9398,53.4882],[122.3987,53.4389],[122.0224,53.3838],[121.1878,53.3197],[120.9171,53.2586],[120.7022,53.1845],[120.1653,52.8305],[119.9965,52.7038],[119.9427,52.591],[120.3129,52.6261],[120.5636,52.6142],[120.7731,52.4763],[120.8211,52.3642],[120.746,52.0071],[120.129,51.7334],[119.8598,51.4881],[119.5595,51.1376],[119.3722,50.8933],[119.1823,50.7017],[119.1366,50.5899],[119.1639,50.5244],[119.3217,50.3677],[119.3465,50.2301],[119.2912,50.125],[118.9403,49.9725],[117.842,49.6338],[117.645,49.5936],[117.4905,49.5863],[116.9841,49.8446],[116.7805,49.9218],[116.7598,49.9299],[116.566,50.0056],[116.2862,49.9976],[115.7337,49.864],[115.3466,49.9403],[115.1937,49.9983],[114.8555,50.2259],[114.5226,50.2963],[114.2483,50.2751],[114.0983,50.2743],[113.5744,50.0552],[113.2347,49.8312],[113.0331,49.6539],[112.7612,49.535],[112.5245,49.462],[112.0081,49.4006],[111.6178,49.3529],[111.3783,49.319],[110.9203,49.2905],[110.1999,49.241],[109.8669,49.2588],[109.424,49.2955],[109.0169,49.4042],[108.4235,49.5185],[108.0583,49.6862],[107.5491,49.8271],[107.2684,49.9758],[106.6685,50.3135],[106.3229,50.4167],[105.6824,50.4264],[105.1551,50.4433],[104.7969,50.4086],[103.6808,50.1664],[103.3779,50.2173],[102.639,50.4562],[102.4496,50.6062],[102.2657,50.809],[102.1842,51.0256],[102.1822,51.2692],[102.1174,51.3611],[101.7724,51.4252],[101.327,51.5678],[101.0112,51.6717],[100.2246,51.8193],[99.7582,51.9027],[99.2954,51.9465],[98.9176,52.037],[98.3469,51.6048],[97.9396,51.2269],[97.8954,51.095],[98.0795,50.7079],[98.2577,50.5708],[98.3099,50.4791],[98.2363,50.2424],[97.9016,49.9849],[97.7623,49.9122],[97.4228,49.7863],[97.1696,49.7784],[96.91,49.862],[96.77,49.9135],[96.3761,49.9441],[95.994,49.942],[95.6706,49.9795],[95.0143,49.976],[94.7,50.0268],[94.5229,50.2095],[94.2105,50.5493],[93.8365,50.5867],[93.008,50.6415],[92.5886,50.7115],[92.1597,50.7553],[91.7817,50.6744],[91.1017,50.4605],[90.0,50.3067],[90.0,50.1276],[89.7963,49.8164],[89.7888,49.8111],[89.4621,49.6395],[89.1909,49.5728],[88.5667,49.5368],[88.2973,49.444],[87.9377,49.2528],[87.8684,49.2329],[87.7584,49.1997],[87.5023,49.1983],[87.3999,49.192],[87.1522,49.1769],[86.9081,49.1104],[86.7827,48.9923],[86.7777,48.8684],[86.7621,48.6533],[86.6243,48.5549],[86.4945,48.5281],[85.9544,48.4862],[85.7619,48.3614],[85.6092,48.1003],[85.6526,47.7625],[85.7486,47.4446],[85.678,47.269],[85.4776,47.0927],[85.2904,47.0462],[84.9671,47.0185],[84.3362,47.0541],[84.0691,47.1175],[83.7447,47.1807],[83.2517,47.2949],[83.0595,47.0667],[82.8275,46.5532],[82.63,46.1959],[82.5013,45.9234],[82.4399,45.7355],[82.7197,45.5043],[82.7765,45.3754],[82.7062,45.2652],[82.6019,45.2],[82.4251,45.1668],[81.9152,45.2738],[81.6903,45.3566],[81.5327,45.3299],[81.0459,45.2368],[80.2366,45.1226],[80.06,45.0378],[79.9629,44.9019],[79.9324,44.8052],[80.0368,44.7221],[80.2017,44.7487],[80.4195,44.6855],[80.4329,44.0746],[80.5879,43.7926],[80.7186,43.5941],[80.7721,43.3825],[80.6725,43.2342],[80.3551,42.9885],[80.2109,42.8081],[80.2023,42.6284],[80.2647,42.2414],[80.2788,42.1543],[80.256,42.0837],[80.1093,41.9996],[79.6731,41.9011],[79.0711,41.744],[78.8706,41.6788],[78.6883,41.5433],[78.4013,41.228],[78.1107,41.0728],[77.8961,41.0268],[77.6892,41.0193],[77.1277,41.125],[77.0204,41.1116],[76.8107,40.8993],[76.6021,40.5463],[76.4816,40.437],[76.0836,40.3772],[75.8556,40.3121],[75.7009,40.3368],[75.6186,40.5921],[75.5917,40.6239],[75.43,40.6102],[74.6484,40.2798],[74.0087,39.9632],[73.8849,39.8797],[73.8271,39.7837],[73.7646,39.4511],[73.7599,39.4201],[73.7702,38.9559],[73.677,38.8557],[73.712,38.7187],[73.8583,38.5415],[74.0666,38.5618],[74.1692,38.6344],[74.2682,38.6075],[74.5798,38.5901],[74.7029,38.5207],[74.8355,38.2985],[74.8318,38.1708],[74.8443,38.0602],[74.9128,38.055],[74.9347,37.9998],[74.8782,37.8074],[74.9884,37.7009],[74.9201,37.5389],[75.0102,37.4655],[74.9287,37.3823],[74.8928,37.2704],[74.7333,37.2094],[74.4786,37.278],[74.2555,37.3022],[74.1371,37.3704],[73.8826,37.2683],[73.4447,37.2019],[73.3833,37.2283],[73.4412,37.3072],[73.352,37.3417],[73.0472,37.3283],[72.7142,37.1861],[72.4482,36.9676],[72.1829,36.9388],[71.8476,36.7161],[71.6898,36.7025],[71.5245,36.7143],[71.467,36.7521],[71.3929,36.9362],[71.3032,37.1704],[71.3865,37.3704],[71.4306,37.7194],[71.4441,37.834],[71.3674,37.918],[71.1494,37.8759],[71.2198,38.1448],[70.9606,38.3471],[70.8914,38.3722],[70.7188,38.3649],[70.5902,38.292],[70.53,38.1287],[70.3341,37.9361],[70.3124,37.745],[70.315,37.6304],[70.2214,37.528],[70.0222,37.4569],[69.9624,37.4629],[69.6984,37.5315],[69.567,37.5053],[69.5338,37.4223],[69.5373,37.2823],[69.4022,37.1415],[69.3078,37.0837],[69.1364,37.0764],[68.853,37.183],[68.7065,37.1822],[68.445,37.0535],[68.1842,36.8993],[67.9654,36.8344],[67.8555,36.8529],[67.7972,36.9162],[67.7793,36.9408],[67.6218,37.1571],[67.5153,37.2138],[66.9677,37.2362],[66.6766,37.2409],[66.6338,37.2481],[65.9791,37.358],[65.7247,37.4903],[65.5244,37.33],[65.3369,37.2398],[64.826,37.1479],[64.6321,36.784],[64.5407,36.3381],[64.4945,36.2806],[64.2658,36.1711],[63.3723,35.8608],[63.1166,35.7894],[63.063,35.7001],[63.0627,35.4902],[62.9636,35.4006],[62.6776,35.2655],[62.4375,35.2514],[62.1795,35.2881],[61.7297,35.4446],[61.3082,35.5312],[61.2213,35.5816],[61.1862,35.5942],[61.1187,35.9054],[61.1141,36.1599],[61.0969,36.5416],[61.014,36.6366],[60.6599,36.6028],[60.3463,36.6074],[60.0514,36.8349],[59.2405,37.4478],[58.9716,37.5992],[58.6749,37.6739],[58.4498,37.6982],[58.095,37.728],[57.7249,37.8788],[57.4065,37.9917],[57.2255,38.1882],[56.7508,38.2365],[56.5173,38.2607],[56.3633,38.2025],[56.1309,38.0483],[55.9807,38.0347],[55.6296,38.0519],[55.3557,38.0377],[55.1697,37.9729],[54.9558,37.8252],[54.6761,37.5307],[54.4666,37.3958],[54.2139,37.3371],[54.0151,37.3483],[53.9852,37.5177],[53.9278,37.8242],[53.8799,38.0254],[53.9373,38.1594],[53.9373,38.3318],[53.9373,38.5713],[53.9852,38.6575],[54.0331,38.7916],[54.0714,38.8969],[54.0331,38.9927],[53.9182,39.0502],[53.7745,39.1364],[53.6787,39.2513],[53.6596,39.3184],[53.5829,39.3184],[53.4967,39.3375],[53.3339,39.3854],[53.2477,39.2992],[53.2094,39.4046],[53.2477,39.4525],[53.3148,39.5674],[53.3722,39.5195],[53.5446,39.5387],[53.7362,39.5004],[53.7937,39.4908],[53.8128,39.5482],[53.6691,39.644],[53.5542,39.6536],[53.5159,39.7781],[53.5925,39.893],[53.6883,39.9792],[53.5063,39.9984],[53.3627,39.9601],[53.1903,39.9601],[53.0466,39.9984],[52.9891,39.9314],[52.9125,40.0463],[52.8455,40.1804],[52.8455,40.3336],[52.8263,40.4677],[52.9029,40.5635],[52.9508,40.7072],[52.97,40.8221],[53.0179,40.9466],[53.0562,41.052],[53.1519,40.8987],[53.1807,40.8413],[53.2573,40.7646],[53.4393,40.8029],[53.6117,40.7455],[53.6596,40.8125],[53.65,40.8796],[53.6979,40.8796],[53.7649,40.87],[53.7937,40.7263],[53.8416,40.6401],[53.9756,40.6497],[54.1097,40.6784],[54.2247,40.7263],[54.33,40.688],[54.4162,40.6593],[54.4545,40.7167],[54.3875,40.8029],[54.3683,40.8987],[54.4545,40.9179],[54.5024,40.8508],[54.6078,40.8125],[54.7227,40.8508],[54.8185,40.8796],[54.8281,40.9849],[54.7514,41.1382],[54.5982,41.2435],[54.3588,41.3872],[54.1672,41.483],[54.1385,41.6266],[54.1193,41.7799],[54.0235,41.8565],[54.0235,41.9523],[54.0235,42.0481],[53.9852,42.1055],[53.7362,42.1343],[53.4584,42.096],[53.2669,42.0864],[53.0657,42.0289],[52.9795,41.9044],[52.9412,41.7703],[52.9987,41.6841],[52.97,41.5596],[52.9317,41.3776],[52.9604,41.2723],[52.97,41.1382],[52.855,41.3872],[52.6922,41.5309],[52.7114,41.6075],[52.6826,41.6937],[52.5593,41.7578],[52.6007,41.9377],[52.5738,42.0186],[52.5198,42.0726],[52.5828,42.1894],[52.6727,42.2794],[52.7356,42.4232],[52.7536,42.5581],[52.8345,42.648],[52.7626,42.7559],[52.5828,42.8279],[52.3759,42.8009],[52.295,42.8728],[52.1601,42.8459],[52.0702,42.8279],[51.9803,42.9088],[51.8814,43.0527],[51.7375,43.1786],[51.5847,43.1786],[51.4228,43.1696],[51.4228,43.2595],[51.4588,43.3854],[51.3689,43.5562],[51.261,43.6102],[51.171,43.7181],[50.9912,44.0777],[50.9552,44.2036],[50.7035,44.2576],[50.3887,44.2935],[50.3258,44.3655],[50.3348,44.5633],[50.4067,44.6173],[50.5416,44.6442],[50.7214,44.6352],[50.8743,44.6262],[51.0901,44.5633],[51.3329,44.4824],[51.4138,44.5183],[51.5757,44.5543],[51.4858,44.6262],[51.3689,44.6802],[51.189,44.7701],[51.0991,44.878],[51.216,45.0399],[51.3419,45.0579],[51.3778,45.1748],[51.4588,45.3096],[51.5127,45.3726],[51.6296,45.3546],[51.7735,45.3906],[51.8454,45.4355],[51.9983,45.3816],[52.1062,45.3816],[52.6097,45.3996],[53.0593,45.3366],[53.2841,45.3276],[53.2122,45.3636],[53.0593,45.4535],[52.8435,45.5075],[52.8345,45.6423],[52.9245,45.7322],[53.0503,45.8312],[53.1492,45.957],[53.2032,46.1908],[53.2572,46.3167],[53.1852,46.4246],[53.1223,46.4966],[53.1672,46.5865],[53.2841,46.6764],[53.2302,46.7303],[53.1852,46.8652],[53.0234,46.9192],[52.8615,46.9372],[52.5558,46.9821],[52.4659,46.9102],[52.3759,46.8742],[52.1422,46.8382],[51.9353,46.8922],[51.7915,47.0091],[51.6746,47.0361],[51.3689,47.09],[51.1171,47.063],[50.8204,46.9192],[50.6315,46.9102],[50.2718,46.6854],[49.9481,46.5595],[49.7233,46.5325],[49.5345,46.5415],[49.4086,46.4336],[49.3132,46.3527],[49.2378,46.2628],[49.0579,46.1369],[48.8871,46.0829],[48.8331,46.0829],[48.8331,46.02],[48.8331,45.9211],[48.7702,45.8851],[48.6353,45.975],[48.4825,45.8851],[48.3026,45.7682],[48.0149,45.7143],[47.871,45.6783],[47.7541,45.7143],[47.6732,45.7502],[47.6282,45.7322],[47.6013,45.6603],[47.6552,45.5434],[47.5563,45.4535],[47.4754,45.3186],[47.3945,45.1748],[47.2506,44.9859],[47.1697,44.86],[47.0258,44.7881],[46.8729,44.6802],[46.81,44.5363],[46.8459,44.4464],[46.9988,44.3565],[47.1427,44.3385],[47.2236,44.2036],[47.3315,44.1856],[47.4394,44.0328],[47.5653,43.844],[47.5383,43.6731],[47.4934,43.5832],[47.5203,43.5113],[47.5653,43.6012],[47.6103,43.754],[47.6642,43.8529],[47.7361,43.8619],[47.6732,43.6641],[47.5743,43.5023],[47.6013,43.3224],[47.6552,43.2775],[47.5833,43.1875],[47.5653,43.0077],[47.7361,42.8998],[47.7901,42.8548],[47.844,42.6211],[47.9699,42.5941],[48.1318,42.4053],[48.2217,42.2794],[48.4195,42.0905],[48.5004,41.9287],[48.6623,41.9017],[48.6832,41.8359],[48.5521,41.6338],[48.3287,41.5061],[48.2011,41.4636],[48.0628,41.3147],[47.9883,41.2189],[47.8181,41.1977],[47.616,41.2615],[47.3501,41.304],[47.3501,41.4423],[47.2224,41.57],[47.1693,41.57],[47.1267,41.6232],[46.914,41.7508],[46.8501,41.8359],[46.765,41.8359],[46.6693,41.8146],[46.6587,41.8891],[46.5558,41.8785],[46.4991,41.9636],[46.3927,41.9955],[46.2864,41.9848],[46.1587,42.0061],[46.0417,42.0487],[45.9141,42.1231],[45.7545,42.2508],[45.8077,42.389],[45.8609,42.4741],[45.8077,42.538],[45.6481,42.5486],[45.4779,42.5486],[45.3822,42.6231],[45.2971,42.6763],[45.2014,42.6763],[45.1375,42.7188],[45.0312,42.772],[44.978,42.772],[44.9354,42.7401],[44.8716,42.6656],[44.7865,42.7294],[44.6695,42.7614],[44.5099,42.7614],[44.4142,42.7294],[44.3716,42.6869],[44.2972,42.6124],[44.1695,42.6124],[44.0525,42.5592],[43.9568,42.5912],[43.8398,42.6443],[43.861,42.6975],[43.9249,42.7507],[43.7866,42.8039],[43.6802,42.8571],[43.5207,42.889],[43.2866,42.9422],[43.159,43.0379],[43.1164,43.1017],[42.9569,43.1762],[42.8292,43.1549],[42.7441,43.1549],[42.5633,43.2294],[42.3186,43.2294],[42.1272,43.1868],[41.9889,43.1868],[41.8293,43.2081],[41.691,43.24],[41.574,43.2826],[41.4783,43.357],[41.3826,43.357],[41.2336,43.357],[41.1485,43.3783],[41.0634,43.4209],[40.9358,43.4847],[40.8081,43.5272],[40.606,43.5379],[40.4252,43.5485],[40.3933,43.5698],[40.2656,43.5911],[40.1486,43.5166],[40.0981,43.3776],[39.4587,43.8329],[38.9237,44.2119],[38.5561,44.3851],[38.277,44.4232],[38.1092,44.4938],[37.8804,44.7189],[37.7741,44.7445],[37.6217,44.6733],[37.4739,44.6924],[37.3179,44.9242],[36.9599,45.2274],[37.2277,45.312],[37.461,45.3125],[37.6613,45.3452],[37.7061,45.5784],[37.8679,45.7925],[37.9899,46.0067],[38.2272,46.0201],[38.459,46.0789],[38.2649,46.3186],[37.9702,46.4413],[37.7571,46.6032],[37.8666,46.6554],[38.0319,46.6687],[38.4011,46.7214],[38.7227,46.8779],[39.2824,47.074],[39.1941,47.243],[39.1599,47.2689],[38.8002,47.2292],[38.2097,47.1505],[37.8593,47.1037],[37.4221,47.0769],[37.1926,46.8944],[36.8646,46.8093],[36.354,46.7758],[35.8506,46.6644],[35.6243,46.5211],[35.4161,46.4947],[35.2124,46.6371],[35.0464,46.3577],[34.9068,46.273],[34.6923,46.2531],[34.4957,46.2787],[34.0642,46.2649],[33.8391,46.1931],[34.1273,46.0639],[35.0081,45.6119],[35.0319,45.5343],[34.99,45.45],[35.0634,45.3401],[35.3167,45.3212],[35.5462,45.3799],[35.8498,45.4452],[36.3232,45.4397],[36.521,45.3883],[36.4151,45.2716],[36.3671,45.1615],[36.2648,45.0966],[36.0047,45.0443],[35.8655,45.0311],[35.5996,45.1017],[35.3867,45.0819],[35.0673,44.8617],[34.6142,44.8415],[34.3722,44.7572],[34.135,44.5375],[34.0137,44.4921],[33.6602,44.5237],[33.3955,44.6005],[33.5594,44.9361],[33.5167,45.1235],[33.3979,45.2527],[33.0135,45.3814],[32.9263,45.3877],[32.6434,45.3806],[32.5753,45.3611],[32.5032,45.4451],[32.9023,45.6726],[33.1916,45.7898],[33.5395,45.8747],[33.6388,45.9268],[33.5279,46.1341],[33.3325,46.1661],[32.9729,46.1459],[32.5164,46.1256],[32.2022,46.1704],[32.1141,46.2156],[31.9259,46.4099],[32.1888,46.5922],[31.9513,46.8646],[31.781,46.7019],[31.5377,46.7014],[31.0872,46.6355],[30.8329,46.5766],[30.5205,46.2514],[30.4328,46.1757],[30.0661,46.2804],[29.9643,46.3685],[29.8068,46.505],[29.4267,46.8161],[29.1156,47.2827],[28.9082,47.8184],[28.4268,48.0974],[28.4154,48.0822],[28.387,48.1049],[28.387,48.139],[28.3473,48.1503],[28.3019,48.1333],[28.319,48.156],[28.3587,48.2014],[28.3473,48.2297],[28.2963,48.2297],[28.2168,48.2127],[28.1601,48.2241],[28.1147,48.2184],[28.0806,48.2524],[28.0579,48.2808],[28.0125,48.3092],[27.9444,48.3149],[27.882,48.3376],[27.8196,48.3943],[27.7231,48.434],[27.7061,48.4397],[27.6478,48.7516],[27.4858,48.7516],[27.4858,48.6706],[27.1077,48.8326],[27.1077,48.6436],[26.9894,48.6808],[26.4799,48.5858],[26.2194,49.1343],[26.2326,49.3736]]]]}},{"type":"Feature","properties":{"NAME":"Bulgaria","ABBREVN":"Bulgaria","SUBJECTO":"Bulgaria","BORDERPRECISION":3,"PARTOF":"Bulgaria"},"geometry":{"type":"MultiPolygon","coordinates":[[[[22.3349,42.434],[22.3384,42.6654],[22.4495,42.8009],[22.7923,42.9507],[22.9278,43.0864],[22.9152,43.1764],[22.3181,43.6815],[22.2934,43.8036],[22.3739,43.9393],[22.5465,44.1077],[22.694,44.2631],[22.8704,44.1714],[23.0283,44.1236],[22.9231,43.9803],[22.9444,43.8954],[23.0641,43.906],[23.4109,43.9909],[23.6383,43.9901],[24.1564,43.8126],[24.3095,43.8263],[24.6203,43.9439],[24.755,43.9382],[25.3781,43.7806],[25.5491,43.8073],[26.4062,44.1544],[26.5729,44.2132],[26.6844,44.2526],[26.9371,44.2346],[27.2387,44.0688],[27.3714,44.0502],[27.6027,43.9484],[28.2083,43.7972],[28.5101,43.7431],[28.4805,43.5923],[28.4457,43.4764],[28.3281,43.4375],[28.1871,43.4501],[28.0346,43.3919],[27.8873,43.0635],[27.8699,42.7999],[27.8362,42.7355],[27.654,42.6837],[27.502,42.5163],[27.4968,42.435],[27.506,42.431],[27.511,42.431],[27.514,42.433],[27.53,42.445],[27.554,42.449],[27.617,42.447],[27.679,42.418],[27.704,42.4],[27.7,42.398],[27.698,42.395],[27.699,42.388],[27.704,42.369],[27.751,42.262],[27.76,42.246],[27.781,42.227],[27.857,42.164],[27.899,42.134],[27.939,42.103],[27.969,42.072],[27.997,42.041],[28.004,42.033],[28.022,41.998],[28.021,41.99],[28.013,41.982],[28.028,41.937],[28.032,41.909],[28.008,41.892],[27.997,41.894],[27.992,41.894],[27.988,41.893],[27.981,41.889],[27.978,41.886],[27.971,41.876],[27.965,41.865],[27.963,41.857],[27.967,41.832],[27.968,41.825],[28.077,41.648],[28.091,41.631],[28.132,41.594],[28.193,41.542],[28.202,41.534],[28.217,41.524],[28.243,41.509],[28.261,41.502],[28.285,41.49],[28.301,41.482],[28.332,41.469],[28.458,41.419],[28.793,41.297],[28.835,41.282],[28.938,41.256],[29.017,41.241],[29.028,41.241],[29.031,41.242],[29.039,41.252],[29.046,41.255],[29.051,41.256],[29.084,41.248],[29.093,41.244],[29.104,41.238],[29.108,41.232],[29.109,41.229],[29.109,41.225],[29.108,41.214],[29.107,41.21],[29.071,41.174],[29.039,41.155],[29.068,41.123],[29.056,41.082],[29.039,41.057],[29.033,41.052],[28.902,40.978],[28.839,40.958],[28.83,40.956],[28.824,40.955],[28.816,40.955],[28.628,40.961],[28.605,40.965],[28.6,40.967],[28.597,40.977],[28.597,40.979],[28.598,40.982],[28.599,40.987],[28.599,41.004],[28.597,41.01],[28.584,41.043],[28.582,41.046],[28.571,41.064],[28.567,41.07],[28.56,41.074],[28.551,41.078],[28.529,41.08],[28.525,41.079],[28.537,41.062],[28.543,41.061],[28.552,41.061],[28.557,41.06],[28.559,41.057],[28.568,41.023],[28.568,41.019],[28.551,40.996],[28.549,40.994],[28.539,40.986],[28.528,40.987],[28.523,40.988],[28.515,40.992],[28.474,41.015],[28.462,41.025],[28.452,41.032],[28.444,41.036],[28.431,41.041],[28.416,41.046],[28.376,41.054],[28.243,41.079],[28.213,41.08],[28.167,41.078],[28.149,41.077],[28.132,41.072],[28.117,41.065],[28.085,41.062],[28.068,41.057],[28.011,41.036],[28.0,41.031],[27.99,41.024],[27.987,41.021],[27.981,41.009],[27.98,41.001],[27.978,40.997],[27.958,40.972],[27.943,40.968],[27.934,40.967],[27.888,40.968],[27.867,40.97],[27.857,40.973],[27.853,40.979],[27.844,40.986],[27.828,40.994],[27.779,41.009],[27.774,41.011],[27.741,41.013],[27.723,41.012],[27.686,41.007],[27.514,40.984],[27.51,40.984],[27.502,40.981],[27.496,40.976],[27.487,40.967],[27.483,40.961],[27.461,40.914],[27.452,40.892],[27.448,40.86],[27.446,40.852],[27.444,40.849],[27.298,40.704],[27.285,40.696],[27.177,40.632],[27.137,40.618],[27.02,40.592],[26.971,40.555],[26.878,40.533],[26.731,40.481],[26.72,40.476],[26.682,40.454],[26.68,40.451],[26.678,40.447],[26.68,40.441],[26.685,40.432],[26.686,40.428],[26.684,40.424],[26.615,40.356],[26.583,40.327],[26.58,40.325],[26.551,40.306],[26.44,40.237],[26.348,40.138],[26.322,40.109],[26.222,40.054],[26.214,40.052],[26.181,40.045],[26.176,40.045],[26.165,40.047],[26.16,40.049],[26.158,40.052],[26.157,40.055],[26.158,40.059],[26.16,40.063],[26.237,40.167],[26.249,40.177],[26.259,40.195],[26.261,40.199],[26.267,40.216],[26.268,40.221],[26.273,40.25],[26.27,40.256],[26.263,40.265],[26.232,40.302],[26.21,40.317],[26.208,40.32],[26.214,40.326],[26.242,40.34],[26.418,40.426],[26.543,40.483],[26.598,40.506],[26.611,40.509],[26.625,40.51],[26.647,40.508],[26.676,40.509],[26.689,40.511],[26.777,40.556],[26.797,40.568],[26.824,40.584],[26.827,40.587],[26.827,40.594],[26.825,40.601],[26.805,40.637],[26.794,40.651],[26.788,40.656],[26.784,40.658],[26.779,40.659],[26.768,40.661],[26.764,40.66],[26.698,40.641],[26.686,40.638],[26.671,40.637],[26.637,40.636],[26.58,40.632],[26.438,40.617],[26.359,40.608],[26.346,40.607],[26.321,40.595],[26.308,40.593],[26.289,40.592],[26.149,40.592],[26.127,40.594],[26.11,40.597],[26.087,40.604],[26.077,40.611],[26.07,40.619],[26.058,40.652],[26.057,40.655],[26.0481,40.7151],[26.0207,40.6693],[25.9956,40.8344],[25.912,40.848],[25.831,40.8511],[25.836,40.8634],[25.6357,40.8774],[25.3011,40.8959],[25.0463,40.9523],[25.0189,41.0171],[24.8121,40.9334],[24.7007,40.8783],[24.5191,40.8731],[24.5641,41.1403],[24.6987,41.38],[24.4181,41.4762],[24.1554,41.4491],[23.7956,41.3317],[22.961,41.2437],[22.9202,41.2307],[22.8991,41.3203],[22.946,41.4553],[22.9485,41.6798],[22.8472,41.891],[22.6862,42.0635],[22.3862,42.1967],[22.3264,42.2927],[22.3292,42.3403],[22.3349,42.434]]]]}},{"type":"Feature","properties":{"NAME":null,"ABBREVN":null,"SUBJECTO":null,"BORDERPRECISION":3,"PARTOF":null},"geometry":{"type":"MultiPolygon","coordinates":[[[[24.079,35.584],[24.085,35.588],[24.118,35.6],[24.126,35.602],[24.135,35.6],[24.172,35.591],[24.181,35.587],[24.205,35.543],[24.205,35.539],[24.204,35.535],[24.187,35.51],[24.184,35.508],[24.169,35.503],[24.162,35.5],[24.141,35.503],[24.129,35.497],[24.114,35.498],[24.111,35.498],[24.109,35.497],[24.106,35.494],[24.103,35.491],[24.103,35.488],[24.104,35.487],[24.106,35.486],[24.174,35.454],[24.184,35.451],[24.266,35.367],[24.272,35.362],[24.285,35.359],[24.32,35.352],[24.334,35.351],[24.348,35.352],[24.366,35.353],[24.465,35.362],[24.484,35.365],[24.497,35.367],[24.589,35.381],[24.601,35.384],[24.608,35.386],[24.618,35.391],[24.629,35.401],[24.789,35.409],[24.963,35.404],[25.046,35.384],[25.045,35.38],[25.045,35.369],[25.049,35.356],[25.05,35.353],[25.055,35.348],[25.064,35.345],[25.201,35.334],[25.281,35.334],[25.302,35.336],[25.363,35.336],[25.377,35.336],[25.387,35.333],[25.39,35.331],[25.397,35.315],[25.405,35.308],[25.43,35.294],[25.445,35.292],[25.463,35.292],[25.491,35.299],[25.564,35.319],[25.618,35.333],[25.658,35.342],[25.663,35.342],[25.767,35.335],[25.769,35.332],[25.767,35.328],[25.765,35.325],[25.758,35.316],[25.746,35.307],[25.733,35.3],[25.73,35.298],[25.728,35.294],[25.723,35.264],[25.728,35.259],[25.733,35.258],[25.737,35.259],[25.739,35.262],[25.741,35.27],[25.741,35.274],[25.743,35.286],[25.754,35.283],[25.756,35.271],[25.755,35.254],[25.739,35.232],[25.718,35.219],[25.717,35.215],[25.71,35.174],[25.711,35.171],[25.717,35.159],[25.728,35.142],[25.757,35.126],[25.78,35.116],[25.788,35.112],[25.797,35.11],[25.808,35.108],[25.816,35.11],[25.828,35.118],[25.867,35.152],[25.896,35.177],[26.027,35.224],[26.031,35.226],[26.04,35.225],[26.093,35.217],[26.112,35.205],[26.218,35.241],[26.301,35.283],[26.291,35.131],[26.275,35.087],[26.242,35.04],[26.237,35.034],[26.206,35.022],[26.142,34.999],[26.139,34.998],[26.12,34.993],[26.111,34.992],[26.106,34.993],[26.103,34.996],[26.101,35.002],[26.101,35.006],[26.1,35.009],[26.095,35.014],[26.087,35.017],[25.987,35.033],[25.597,35.01],[25.589,35.007],[25.582,35.004],[25.561,34.996],[25.557,34.994],[25.552,34.989],[25.513,34.982],[25.504,34.981],[25.335,34.985],[25.188,34.952],[25.017,34.931],[24.928,34.931],[24.821,34.937],[24.753,34.942],[24.756,34.95],[24.763,35.016],[24.759,35.033],[24.756,35.047],[24.744,35.071],[24.74,35.076],[24.723,35.091],[24.699,35.097],[24.694,35.097],[24.686,35.095],[24.677,35.094],[24.639,35.095],[24.589,35.097],[24.566,35.098],[24.561,35.103],[24.548,35.119],[24.536,35.136],[24.527,35.142],[24.399,35.187],[24.386,35.191],[24.197,35.2],[24.192,35.2],[24.14,35.2],[24.101,35.198],[24.071,35.191],[24.053,35.19],[24.049,35.19],[24.038,35.191],[24.029,35.194],[24.026,35.196],[23.947,35.221],[23.89,35.234],[23.824,35.247],[23.819,35.246],[23.702,35.234],[23.694,35.231],[23.682,35.224],[23.598,35.231],[23.594,35.232],[23.587,35.236],[23.521,35.288],[23.52,35.302],[23.569,35.527],[23.582,35.569],[23.584,35.573],[23.594,35.592],[23.606,35.613],[23.609,35.611],[23.609,35.607],[23.61,35.604],[23.61,35.567],[23.614,35.527],[23.616,35.521],[23.618,35.518],[23.649,35.5],[23.657,35.496],[23.667,35.496],[23.704,35.502],[23.719,35.508],[23.725,35.512],[23.727,35.514],[23.732,35.546],[23.73,35.563],[23.727,35.575],[23.711,35.604],[23.708,35.644],[23.708,35.648],[23.709,35.652],[23.717,35.666],[23.739,35.686],[23.742,35.688],[23.749,35.686],[23.771,35.671],[23.776,35.666],[23.775,35.662],[23.773,35.659],[23.767,35.649],[23.767,35.645],[23.772,35.613],[23.782,35.564],[23.784,35.554],[23.787,35.548],[23.793,35.543],[23.8,35.54],[23.844,35.524],[23.848,35.522],[23.859,35.522],[23.971,35.515],[23.996,35.516],[24.039,35.529],[24.043,35.531],[24.07,35.548],[24.071,35.55],[24.072,35.552],[24.083,35.568],[24.079,35.574],[24.077,35.577],[24.078,35.581],[24.079,35.584]]]]}},{"type":"Feature","properties":{"NAME":null,"ABBREVN":null,"SUBJECTO":null,"BORDERPRECISION":3,"PARTOF":null},"geometry":{"type":"MultiPolygon","coordinates":[[[[22.926,36.377],[22.929,36.379],[22.952,36.386],[22.958,36.382],[22.959,36.379],[22.957,36.377],[22.97,36.354],[22.988,36.325],[22.99,36.322],[23.006,36.307],[23.01,36.306],[23.02,36.304],[23.086,36.259],[23.101,36.249],[23.107,36.244],[23.108,36.237],[23.057,36.145],[23.049,36.137],[23.046,36.136],[23.041,36.136],[22.997,36.142],[22.988,36.146],[22.93,36.178],[22.923,36.186],[22.912,36.199],[22.911,36.203],[22.906,36.226],[22.896,36.318],[22.895,36.326],[22.926,36.377]]]]}},{"type":"Feature","properties":{"NAME":null,"ABBREVN":null,"SUBJECTO":null,"BORDERPRECISION":3,"PARTOF":null},"geometry":{"type":"MultiPolygon","coordinates":[[[[26.081,37.636],[26.312,37.68],[26.351,37.686],[26.361,37.687],[26.362,37.683],[26.361,37.679],[26.357,37.672],[26.323,37.635],[26.308,37.619],[26.302,37.614],[26.267,37.591],[26.215,37.559],[26.021,37.514],[25.984,37.507],[25.981,37.509],[25.977,37.515],[25.976,37.519],[25.975,37.527],[25.975,37.531],[25.982,37.544],[25.984,37.547],[26.047,37.616],[26.064,37.63],[26.068,37.632],[26.081,37.636]]]]}},{"type":"Feature","properties":{"NAME":null,"ABBREVN":null,"SUBJECTO":null,"BORDERPRECISION":3,"PARTOF":null},"geometry":{"type":"MultiPolygon","coordinates":[[[[20.84,37.683],[20.836,37.646],[20.831,37.646],[20.812,37.652],[20.809,37.654],[20.714,37.723],[20.703,37.733],[20.63,37.809],[20.627,37.817],[20.62,37.847],[20.622,37.861],[20.629,37.876],[20.643,37.898],[20.678,37.921],[20.7,37.93],[20.703,37.928],[20.794,37.849],[20.863,37.829],[20.886,37.814],[20.898,37.805],[20.992,37.725],[20.999,37.714],[20.994,37.699],[20.943,37.72],[20.924,37.729],[20.915,37.732],[20.896,37.731],[20.878,37.728],[20.87,37.726],[20.867,37.724],[20.841,37.687],[20.84,37.683]]]]}},{"type":"Feature","properties":{"NAME":null,"ABBREVN":null,"SUBJECTO":null,"BORDERPRECISION":3,"PARTOF":null},"geometry":{"type":"MultiPolygon","coordinates":[[[[20.513,38.104],[20.378,38.157],[20.344,38.175],[20.341,38.177],[20.34,38.184],[20.341,38.197],[20.342,38.201],[20.356,38.232],[20.399,38.326],[20.441,38.328],[20.443,38.325],[20.474,38.309],[20.479,38.308],[20.484,38.308],[20.487,38.31],[20.501,38.317],[20.507,38.321],[20.516,38.328],[20.536,38.345],[20.545,38.357],[20.547,38.361],[20.547,38.365],[20.551,38.388],[20.548,38.394],[20.54,38.409],[20.534,38.433],[20.534,38.437],[20.537,38.468],[20.539,38.471],[20.543,38.472],[20.548,38.472],[20.562,38.471],[20.571,38.468],[20.612,38.394],[20.681,38.277],[20.812,38.121],[20.813,38.118],[20.814,38.114],[20.812,38.106],[20.797,38.067],[20.793,38.06],[20.788,38.059],[20.735,38.061],[20.558,38.091],[20.517,38.102],[20.513,38.104]]]]}},{"type":"Feature","properties":{"NAME":null,"ABBREVN":null,"SUBJECTO":null,"BORDERPRECISION":3,"PARTOF":null},"geometry":{"type":"MultiPolygon","coordinates":[[[[26.641,37.696],[26.623,37.687],[26.621,37.685],[26.613,37.68],[26.597,37.675],[26.594,37.677],[26.582,37.686],[26.581,37.689],[26.572,37.731],[26.573,37.734],[26.596,37.757],[26.599,37.759],[26.666,37.791],[26.67,37.792],[26.73,37.808],[26.743,37.811],[26.749,37.811],[26.989,37.782],[27.029,37.772],[27.067,37.727],[27.069,37.712],[27.064,37.707],[27.061,37.705],[27.04,37.703],[26.896,37.665],[26.818,37.637],[26.754,37.691],[26.746,37.694],[26.711,37.708],[26.706,37.708],[26.687,37.705],[26.65,37.698],[26.641,37.696]]]]}},{"type":"Feature","properties":{"NAME":null,"ABBREVN":null,"SUBJECTO":null,"BORDERPRECISION":3,"PARTOF":null},"geometry":{"type":"MultiPolygon","coordinates":[[[[25.906,38.29],[25.918,38.295],[25.937,38.297],[25.942,38.297],[25.992,38.344],[25.99,38.375],[25.989,38.384],[25.988,38.387],[25.946,38.455],[25.939,38.459],[25.917,38.468],[25.908,38.471],[25.892,38.472],[25.888,38.474],[25.882,38.478],[25.861,38.494],[25.852,38.501],[25.846,38.509],[25.827,38.536],[25.826,38.539],[25.825,38.544],[25.844,38.571],[25.851,38.578],[25.862,38.584],[25.87,38.586],[25.885,38.589],[26.001,38.601],[26.139,38.565],[26.151,38.556],[26.158,38.548],[26.159,38.544],[26.161,38.538],[26.139,38.432],[26.134,38.417],[26.133,38.408],[26.146,38.364],[26.161,38.329],[26.163,38.326],[26.161,38.305],[26.16,38.301],[26.102,38.247],[26.036,38.192],[26.027,38.18],[26.026,38.177],[26.015,38.149],[25.996,38.155],[25.972,38.164],[25.965,38.167],[25.925,38.195],[25.864,38.238],[25.862,38.241],[25.862,38.246],[25.864,38.254],[25.869,38.264],[25.874,38.269],[25.906,38.29]]]]}},{"type":"Feature","properties":{"NAME":null,"ABBREVN":null,"SUBJECTO":null,"BORDERPRECISION":3,"PARTOF":null},"geometry":{"type":"MultiPolygon","coordinates":[[[[20.716,38.828],[20.729,38.807],[20.73,38.804],[20.724,38.635],[20.723,38.626],[20.721,38.624],[20.644,38.581],[20.544,38.564],[20.543,38.568],[20.542,38.588],[20.558,38.684],[20.559,38.688],[20.602,38.779],[20.643,38.827],[20.648,38.832],[20.656,38.836],[20.701,38.835],[20.71,38.832],[20.716,38.828]]]]}},{"type":"Feature","properties":{"NAME":null,"ABBREVN":null,"SUBJECTO":null,"BORDERPRECISION":3,"PARTOF":null},"geometry":{"type":"MultiPolygon","coordinates":[[[[19.84,39.7],[19.839,39.696],[19.839,39.676],[19.847,39.649],[19.928,39.477],[19.932,39.472],[20.018,39.434],[20.028,39.432],[20.033,39.432],[20.048,39.437],[20.057,39.442],[20.063,39.447],[20.067,39.454],[20.072,39.454],[20.075,39.451],[20.122,39.378],[20.122,39.374],[20.12,39.371],[20.115,39.365],[20.112,39.363],[20.08,39.368],[19.884,39.444],[19.88,39.446],[19.875,39.452],[19.855,39.484],[19.853,39.487],[19.851,39.494],[19.847,39.52],[19.847,39.536],[19.85,39.543],[19.844,39.552],[19.823,39.576],[19.818,39.581],[19.806,39.591],[19.74,39.625],[19.676,39.675],[19.673,39.677],[19.641,39.744],[19.64,39.757],[19.651,39.772],[19.673,39.793],[19.692,39.795],[19.697,39.794],[19.792,39.79],[19.797,39.791],[19.804,39.794],[19.855,39.818],[19.865,39.817],[19.926,39.794],[19.947,39.784],[19.951,39.774],[19.951,39.762],[19.943,39.744],[19.929,39.731],[19.926,39.729],[19.916,39.723],[19.912,39.721],[19.876,39.716],[19.849,39.706],[19.842,39.703],[19.84,39.7]]]]}},{"type":"Feature","properties":{"NAME":null,"ABBREVN":null,"SUBJECTO":null,"BORDERPRECISION":3,"PARTOF":null},"geometry":{"type":"MultiPolygon","coordinates":[[[[26.614,39.012],[26.525,38.974],[26.518,38.972],[26.451,38.968],[26.39,38.971],[26.324,38.978],[26.187,39.017],[26.136,39.04],[26.089,39.072],[26.087,39.075],[26.089,39.078],[26.108,39.091],[26.112,39.092],[26.117,39.091],[26.168,39.103],[26.277,39.156],[26.286,39.168],[26.293,39.176],[26.293,39.181],[26.292,39.184],[26.287,39.189],[26.262,39.202],[26.252,39.204],[26.241,39.204],[26.235,39.204],[26.199,39.201],[26.172,39.195],[26.165,39.191],[26.161,39.185],[26.158,39.169],[26.154,39.159],[26.112,39.112],[26.11,39.11],[26.085,39.09],[26.077,39.086],[26.068,39.084],[26.063,39.085],[26.045,39.089],[25.988,39.105],[25.89,39.141],[25.864,39.154],[25.837,39.178],[25.834,39.181],[25.832,39.184],[25.855,39.25],[25.856,39.253],[25.862,39.258],[25.88,39.271],[25.908,39.287],[25.924,39.292],[25.922,39.284],[25.922,39.28],[25.925,39.277],[25.929,39.276],[25.95,39.274],[25.979,39.272],[25.984,39.272],[26.169,39.324],[26.173,39.326],[26.176,39.328],[26.176,39.332],[26.171,39.346],[26.165,39.368],[26.166,39.372],[26.178,39.375],[26.222,39.383],[26.227,39.383],[26.324,39.374],[26.396,39.341],[26.42,39.326],[26.415,39.322],[26.395,39.306],[26.392,39.303],[26.38,39.285],[26.377,39.274],[26.378,39.269],[26.38,39.267],[26.383,39.265],[26.405,39.254],[26.475,39.219],[26.528,39.154],[26.607,39.053],[26.612,39.044],[26.618,39.026],[26.619,39.022],[26.617,39.015],[26.614,39.012]]]]}},{"type":"Feature","properties":{"NAME":"German Empire","ABBREVN":"Germany","SUBJECTO":"German Empire","BORDERPRECISION":3,"PARTOF":"German Empire"},"geometry":{"type":"MultiPolygon","coordinates":[[[[14.2272,53.9095],[14.3053,53.915],[14.4248,53.915],[14.4729,53.8768],[14.4591,53.8187],[14.3339,53.8297],[14.2479,53.816],[14.2272,53.9095]]],[[[18.6045,49.939],[18.5487,49.9617],[18.1878,50.0213],[18.048,50.1026],[17.8825,50.0301],[17.7507,50.036],[17.7447,50.1351],[17.7456,50.2489],[17.5971,50.211],[17.6788,50.3383],[17.3597,50.3357],[17.2433,50.39],[17.0144,50.4768],[16.8856,50.4877],[16.8844,50.4225],[17.0115,50.2869],[16.8271,50.2327],[16.728,50.1486],[16.585,50.1812],[16.4514,50.352],[16.2044,50.4632],[16.3047,50.5583],[16.3986,50.5691],[16.4428,50.6234],[16.3531,50.7049],[16.2378,50.7158],[16.2102,50.6859],[16.0009,50.656],[16.0029,50.7321],[15.8775,50.7158],[15.8183,50.7973],[15.5628,50.8213],[15.4722,50.8326],[15.3088,50.906],[15.267,51.023],[15.1719,51.0638],[15.0093,51.0556],[14.981,51.0175],[15.0083,50.9849],[14.9973,50.9169],[14.8289,50.9169],[14.7648,50.8653],[14.6103,50.8979],[14.5964,51.023],[14.4578,51.0774],[14.2617,51.0447],[14.3888,50.9468],[14.2747,50.9088],[14.1465,50.8653],[13.9107,50.8435],[13.8548,50.7674],[13.5242,50.7565],[13.4733,50.6587],[13.3942,50.6913],[13.233,50.6638],[13.1894,50.561],[13.0175,50.5555],[12.9823,50.4741],[12.7837,50.4741],[12.5939,50.3836],[12.4616,50.3981],[12.3448,50.3167],[12.2354,50.2408],[12.2523,50.2159],[12.3684,50.0456],[12.5542,50.0016],[12.4844,49.8888],[12.4483,49.7061],[12.5197,49.6676],[12.5363,49.5626],[12.6458,49.4846],[12.8608,49.3656],[12.9453,49.3979],[13.2031,49.1662],[13.3969,49.0895],[13.4797,48.9992],[13.5782,49.0369],[13.6521,48.9561],[13.7455,48.9399],[13.9467,48.6551],[13.64,48.5382],[13.4437,48.6063],[13.3841,48.5939],[13.3667,48.4421],[13.2936,48.3647],[12.8582,48.2316],[12.6942,48.1294],[12.9363,47.8727],[12.8475,47.7397],[12.9981,47.7335],[13.023,47.6624],[12.9789,47.5079],[12.942,47.4832],[12.7437,47.5635],[12.7654,47.6377],[12.7001,47.6902],[12.4461,47.6624],[12.3582,47.7243],[12.1633,47.7088],[12.122,47.6284],[11.5596,47.613],[11.5034,47.5357],[11.3598,47.5295],[11.34,47.4708],[11.1703,47.4245],[10.9029,47.4152],[10.8766,47.4801],[10.8348,47.545],[10.6132,47.5852],[10.4954,47.5604],[10.3883,47.579],[10.4031,47.4554],[10.1995,47.301],[10.1029,47.301],[10.138,47.3887],[10.021,47.406],[10.0258,47.4801],[9.9383,47.5017],[9.892,47.5635],[9.78,47.5666],[9.7367,47.6161],[9.6655,47.5562],[9.6532,47.5562],[9.6282,47.5704],[9.6067,47.5725],[9.6009,47.5853],[9.5634,47.5847],[9.5339,47.5968],[9.5023,47.6464],[9.4882,47.6515],[9.4661,47.648],[9.4212,47.6659],[9.3476,47.6609],[9.2878,47.6838],[9.2372,47.7115],[9.2258,47.7393],[9.1324,47.7723],[9.1057,47.7924],[9.043,47.8176],[9.0306,47.805],[9.0669,47.7795],[9.1736,47.7344],[9.1798,47.7046],[9.2013,47.7074],[9.188,47.6993],[9.2115,47.6828],[9.2161,47.671],[9.1986,47.6779],[9.1181,47.6785],[9.1125,47.6857],[9.0814,47.6832],[9.0433,47.6935],[9.0482,47.7083],[9.0845,47.6897],[9.109,47.6902],[9.1009,47.7024],[8.9872,47.7434],[9.014,47.7196],[8.9592,47.7374],[8.94,47.7262],[8.9943,47.7067],[9.0064,47.6948],[8.9946,47.6844],[8.9835,47.6796],[8.8154,47.681],[8.748,47.7212],[8.6586,47.715],[8.6508,47.783],[8.332,47.6933],[8.4123,47.6037],[8.2531,47.5944],[8.128,47.6439],[7.8727,47.5728],[7.751,47.6161],[7.6284,47.5635],[7.5066,47.6037],[7.3334,47.4647],[7.1209,47.4678],[7.1229,47.511],[6.9219,47.5141],[6.8657,47.7061],[6.9416,47.782],[6.9669,47.9844],[6.8404,48.1362],[6.9922,48.3134],[7.1188,48.3134],[7.0935,48.4399],[7.1188,48.5158],[6.891,48.6676],[6.4862,48.9459],[6.5115,49.0218],[6.385,49.0471],[6.2585,49.2749],[6.2605,49.4757],[6.368,49.4735],[6.433,49.4453],[6.3995,49.6042],[6.5114,49.6689],[6.5309,49.7984],[6.3215,49.8416],[6.1366,49.982],[6.1085,50.1175],[6.2984,50.2869],[6.2814,50.4976],[6.1545,50.6618],[5.9996,50.7416],[6.0739,50.8666],[6.0097,50.9645],[5.9279,50.9808],[5.9642,51.0243],[6.0702,51.0842],[6.1762,51.1441],[6.0892,51.1985],[6.1796,51.3223],[6.2223,51.3891],[6.1538,51.5207],[6.1169,51.6399],[5.9479,51.7217],[5.9794,51.8035],[6.1327,51.8384],[6.2114,51.8799],[6.3814,51.8199],[6.6804,51.8878],[6.8246,51.9564],[6.8822,52.1257],[7.0677,52.2186],[7.069,52.3663],[6.9969,52.4429],[6.9119,52.4155],[6.7136,52.4757],[6.7268,52.5583],[6.7781,52.6399],[7.0348,52.6235],[7.0729,52.8043],[7.228,52.9667],[7.1599,53.164],[7.1897,53.2301],[6.9807,53.3167],[7.0373,53.5101],[7.1656,53.5917],[7.3324,53.6044],[7.8364,53.6321],[7.9685,53.6375],[8.011,53.5657],[8.0987,53.4439],[8.0291,53.3726],[8.175,53.3217],[8.2419,53.3523],[8.2608,53.4388],[8.189,53.5305],[8.3057,53.5254],[8.5018,53.449],[8.4287,53.612],[8.5395,53.8007],[8.8485,53.7497],[9.125,53.7905],[8.8571,53.867],[8.819,53.969],[8.9463,54.015],[8.8327,54.066],[8.7788,54.1324],[8.8533,54.1682],[8.884,54.2294],[8.5807,54.1937],[8.5539,54.2754],[8.8524,54.3316],[8.9506,54.4186],[8.7421,54.6078],[8.596,54.7614],[8.6161,54.8874],[8.6686,54.8803],[8.8186,54.8908],[8.8503,54.8763],[9.1786,54.8312],[9.4103,54.8385],[9.5453,54.8984],[9.5671,54.9021],[9.6103,54.88],[9.6184,54.8751],[9.6186,54.8735],[9.6497,54.8484],[9.6708,54.8434],[9.8644,54.7263],[9.9867,54.5924],[9.978,54.4901],[9.8648,54.4114],[10.0649,54.4339],[10.1417,54.3368],[10.2129,54.3719],[10.3402,54.3623],[10.446,54.292],[10.6486,54.259],[11.0386,54.3133],[11.073,54.2196],[11.0414,54.1527],[11.0159,54.0967],[10.7167,53.9639],[10.8589,53.8772],[11.1514,53.9384],[11.2025,53.8568],[11.4078,53.8593],[11.565,54.0354],[12.0411,54.0967],[12.3119,54.2019],[12.6525,54.3214],[12.7648,54.2703],[12.9431,54.347],[13.0258,54.2652],[13.0638,54.1937],[13.3492,54.0635],[13.431,54.0302],[13.6676,54.0842],[13.7378,54.0303],[13.7643,53.8772],[13.7805,53.7752],[13.8502,53.7293],[14.0097,53.6732],[14.1769,53.6834],[14.1896,53.6248],[14.2802,53.6134],[14.4332,53.5942],[14.5371,53.5382],[14.4953,53.6248],[14.5653,53.6936],[14.5569,53.7599],[14.4825,53.8185],[14.4729,53.8768],[14.4674,53.9104],[14.8858,53.9796],[15.0797,54.0025],[15.3117,54.071],[15.8984,54.1284],[16.1147,54.1996],[16.4732,54.415],[16.9759,54.5493],[17.6576,54.6855],[18.2794,54.7241],[18.7595,54.5364],[18.3629,54.6689],[18.3385,54.6026],[18.4538,54.5254],[18.5132,54.3158],[18.6731,54.2551],[18.965,54.2276],[19.255,54.2772],[19.7336,54.4612],[19.7577,54.4592],[19.3176,54.2717],[19.2321,54.2221],[19.2303,54.167],[19.3281,54.1615],[19.4568,54.2166],[19.7331,54.3103],[19.9775,54.4239],[20.1886,54.522],[20.3267,54.564],[20.1942,54.575],[20.0057,54.5475],[19.9381,54.6082],[19.8818,54.5254],[19.8332,54.5309],[19.8632,54.7517],[19.9426,54.8499],[20.1271,54.8456],[20.7972,54.818],[20.9852,54.8116],[21.1373,54.8455],[21.1919,54.9596],[21.1133,55.0892],[21.2239,55.1114],[21.1931,55.1664],[21.1623,55.2214],[21.143,55.2558],[21.2009,55.2614],[21.2163,55.3437],[21.0185,55.634],[21.0148,55.6971],[20.996,56.0241],[20.9454,56.07],[21.2755,55.8611],[21.684,55.3535],[22.5839,55.0094],[22.6316,54.9487],[22.7935,54.9024],[22.8243,54.7868],[22.7241,54.7328],[22.6625,54.5709],[22.6702,54.4939],[22.699,54.4149],[22.7397,53.9499],[22.8066,53.8076],[21.1168,53.2688],[20.702,53.3206],[20.4774,53.1305],[20.0972,53.1824],[20.0108,53.0441],[19.5787,53.0787],[19.4923,53.1651],[19.4232,53.1133],[19.2849,53.1651],[18.9912,53.1305],[18.9501,53.0398],[18.8421,53.0668],[18.7611,52.9318],[18.5721,52.8238],[18.6531,52.7158],[18.5181,52.6618],[18.5181,52.5538],[18.5991,52.4998],[18.4641,52.3918],[18.0861,52.3918],[17.897,52.1757],[18.0051,51.8787],[18.1401,51.8247],[18.1131,51.7707],[18.1401,50.9877],[18.646,50.6445],[18.7691,50.177],[19.3112,50.2684],[18.8921,50.0641],[18.7482,50.0461],[18.6045,49.939]]],[[[14.1454,53.8265],[14.0684,53.8435],[14.0287,53.8655],[13.8278,53.8297],[13.7774,53.9486],[13.7784,54.0444],[14.0699,53.9178],[14.1742,53.9068],[14.2054,53.8132],[14.1454,53.8265]]]]}}]}