{"type":"FeatureCollection","name":"world_1920","crs":{"type":"name","properties":{"name":"urn:ogc:def:crs:OGC:1.3:CRS84"}},"features":[{"type":"Feature","properties":{"NAME":"Luxembourg","ABBREVN":"Luxembourg","SUBJECTO":"Luxembourg","BORDERPRECISION":3,"PARTOF":"Luxembourg"},"geometry":{"type":"MultiPolygon","coordinates":[[[[5.8235,49.5071],[5.8844,49.6635],[5.7451,49.7553],[5.7379,49.9025],[5.8338,50.0474],[5.9438,50.1138],[6.0074,50.15],[6.1085,50.1175],[6.1366,49.982],[6.3215,49.8416],[6.5309,49.7984],[6.5114,49.6689],[6.3995,49.6042],[6.433,49.4453],[6.368,49.4735],[6.1123,49.4787],[5.8235,49.5071]]]]}},{"type":"Feature","properties":{"NAME":"Switzerland","ABBREVN":"Switzerland","SUBJECTO":"Switzerland","BORDERPRECISION":3,"PARTOF":"Switzerland"},"geometry":{"type":"MultiPolygon","coordinates":[[[[9.5843,47.4091],[9.4646,47.2855],[9.5608,47.1559],[9.5208,47.0694],[9.8006,47.0417],[9.8042,46.9769],[10.0515,46.8677],[10.3118,47.017],[10.4086,46.9645],[10.3957,46.8874],[10.3387,46.7483],[10.3892,46.6528],[10.3721,46.5663],[10.2303,46.5893],[10.1512,46.6619],[10.0237,46.6209],[9.9874,46.4981],[10.0971,46.4389],[9.9945,46.2525],[9.885,46.4025],[9.6737,46.3798],[9.642,46.3252],[9.5449,46.3116],[9.441,46.3752],[9.3768,46.5345],[9.2101,46.4981],[9.2183,46.348],[9.027,46.1752],[9.0189,45.9344],[8.8907,45.8662],[8.7176,46.007],[8.7617,46.0888],[8.6219,46.1207],[8.3816,46.2843],[8.3745,46.4708],[8.0248,46.2888],[8.0709,46.1934],[7.9139,45.999],[7.7899,45.927],[7.5068,46.0025],[7.2248,45.9109],[6.9553,45.9389],[6.9099,46.1298],[6.8074,46.394],[6.8569,46.3853],[6.8605,46.3957],[6.9187,46.3952],[6.9309,46.4084],[6.9009,46.4397],[6.8579,46.4495],[6.832,46.4668],[6.7765,46.4734],[6.7691,46.4926],[6.7461,46.4871],[6.7427,46.4886],[6.7209,46.4856],[6.6894,46.5002],[6.592,46.5177],[6.5588,46.5072],[6.5111,46.5159],[6.4486,46.4736],[6.3994,46.4587],[6.3848,46.4643],[6.3469,46.4609],[6.2913,46.4227],[6.2741,46.3901],[6.2589,46.3925],[6.2482,46.3861],[6.1714,46.2958],[6.1478,46.2067],[6.1722,46.2119],[6.1938,46.2384],[6.1991,46.264],[6.2353,46.2891],[6.2778,46.3504],[6.3035,46.366],[6.3435,46.3701],[6.3609,46.3479],[6.3837,46.3416],[6.1079,46.1255],[5.9415,46.1755],[6.049,46.2772],[6.0546,46.4219],[6.0186,46.4835],[6.0584,46.6161],[6.3815,46.8041],[6.3643,46.946],[6.6233,47.054],[6.6287,47.088],[6.8663,47.3102],[6.9442,47.3257],[6.892,47.3658],[6.823,47.3782],[6.9219,47.5141],[7.1229,47.511],[7.1209,47.4678],[7.3334,47.4647],[7.5066,47.6037],[7.6284,47.5635],[7.751,47.6161],[7.8727,47.5728],[8.128,47.6439],[8.2531,47.5944],[8.4123,47.6037],[8.332,47.6933],[8.6508,47.783],[8.6586,47.715],[8.748,47.7212],[8.8154,47.681],[8.9835,47.6796],[8.9357,47.659],[8.8942,47.652],[8.8598,47.6572],[8.9065,47.6447],[8.961,47.6568],[8.9835,47.67],[9.0657,47.6742],[9.0902,47.673],[9.0963,47.666],[9.1779,47.6643],[9.1912,47.648],[9.3001,47.6107],[9.3824,47.5712],[9.3868,47.5443],[9.4374,47.5189],[9.4358,47.5065],[9.4662,47.4963],[9.4819,47.4817],[9.5299,47.4814],[9.5393,47.4872],[9.5843,47.4091]]],[[[9.1986,47.6779],[9.2161,47.671],[9.2179,47.6663],[9.1243,47.6707],[9.1181,47.6785],[9.1986,47.6779]]]]}},{"type":"Feature","properties":{"NAME":"France","ABBREVN":"France","SUBJECTO":"France","BORDERPRECISION":3,"PARTOF":"France"},"geometry":{"type":"MultiPolygon","coordinates":[[[[9.4142,42.9095],[9.4322,42.7941],[9.4055,42.5806],[9.4586,42.5561],[9.4867,42.4064],[9.4525,42.0483],[9.3575,41.9012],[9.3045,41.5753],[9.173,41.3499],[9.0389,41.3695],[9.0133,41.4577],[8.8288,41.492],[8.7269,41.5606],[8.8546,41.6537],[8.8233,41.688],[8.6269,41.7321],[8.7424,41.8816],[8.6928,41.9135],[8.5619,41.8816],[8.5379,41.9478],[8.5896,41.9576],[8.6683,42.0287],[8.6265,42.0973],[8.5107,42.1341],[8.5172,42.2077],[8.6284,42.2617],[8.5004,42.3598],[8.6093,42.4873],[8.879,42.6248],[9.0004,42.6346],[9.0184,42.691],[9.1495,42.7107],[9.2377,42.664],[9.2804,42.7279],[9.2705,42.8825],[9.3032,42.9832],[9.3671,42.9881],[9.4142,42.9095]]],[[[-1.7461,43.3602],[-1.5614,43.5244],[-1.3144,44.559],[-1.1358,44.6001],[-1.2303,44.7304],[-1.3318,44.6138],[-1.2755,45.1287],[-1.1752,45.5005],[-1.1234,45.4316],[-0.9004,45.2939],[-0.8142,45.1218],[-0.7285,45.0186],[-0.8547,45.3214],[-1.1384,45.5832],[-1.2474,45.6881],[-1.2365,45.8],[-1.0752,46.0146],[-1.166,46.1837],[-1.2561,46.3068],[-1.4027,46.4039],[-1.7107,46.4488],[-1.9425,46.7058],[-2.1297,46.8508],[-2.0046,47.0425],[-2.1095,47.124],[-2.2637,47.1829],[-2.4937,47.2469],[-2.5765,47.3249],[-2.4655,47.4944],[-2.6137,47.5722],[-2.8425,47.4919],[-3.0627,47.6039],[-3.4335,47.7168],[-3.7119,47.7981],[-3.8581,47.7918],[-3.9548,47.9043],[-4.3644,47.8293],[-4.3909,47.9418],[-4.5101,47.9981],[-4.6754,48.0169],[-4.7003,48.0638],[-4.3129,48.1013],[-4.351,48.2046],[-4.588,48.2515],[-4.3889,48.2984],[-4.3502,48.3905],[-4.4738,48.3829],[-4.592,48.3923],[-4.7796,48.3548],[-4.762,48.552],[-4.6257,48.5467],[-4.4883,48.6123],[-4.2515,48.6519],[-3.9989,48.7305],[-3.9022,48.646],[-3.8213,48.7211],[-3.6079,48.693],[-3.5577,48.8101],[-3.4351,48.8365],[-3.0912,48.8716],[-2.9145,48.7068],[-2.7905,48.5896],[-2.6364,48.552],[-2.3429,48.6741],[-2.2001,48.599],[-2.076,48.6562],[-1.8706,48.7117],[-1.8576,48.6084],[-1.5914,48.6375],[-1.4566,48.6836],[-1.5755,48.7681],[-1.5884,48.881],[-1.5634,49.0362],[-1.5798,49.229],[-1.639,49.2196],[-1.8915,49.5264],[-1.9413,49.7093],[-1.5242,49.6528],[-1.251,49.6999],[-1.2887,49.521],[-1.1771,49.3325],[-1.0232,49.3985],[-0.4649,49.3514],[-0.2394,49.2855],[-0.2037,49.2918],[0.0329,49.3337],[0.3308,49.455],[0.0904,49.5106],[0.1151,49.6023],[0.1894,49.681],[0.5286,49.8258],[0.8688,49.9072],[1.2745,50.0043],[1.4162,50.1098],[1.552,50.2288],[1.5283,50.5777],[1.5889,50.8219],[1.8236,50.9346],[2.0303,51.0067],[2.4426,51.048],[2.5221,51.0911],[2.6157,50.8902],[2.7555,50.7392],[2.8751,50.6818],[2.9383,50.7138],[3.1228,50.8071],[3.1919,50.7307],[3.2828,50.5243],[3.3703,50.4646],[3.6034,50.47],[3.675,50.3344],[3.7915,50.3398],[4.0509,50.3181],[4.2196,50.2422],[4.1478,50.1337],[4.1885,50.0549],[4.1563,49.9658],[4.2846,49.911],[4.4675,49.9447],[4.6681,49.9604],[4.7549,50.1012],[4.8654,50.1337],[4.8116,49.9658],[4.8771,49.8848],[4.8599,49.7822],[5.0977,49.7607],[5.2513,49.6743],[5.4181,49.5826],[5.4754,49.4801],[5.7878,49.5587],[5.8235,49.5071],[6.1123,49.4787],[6.368,49.4735],[6.433,49.4453],[6.6255,49.3018],[6.7772,49.1769],[6.9544,49.2017],[6.9747,49.1366],[7.285,49.1645],[7.3174,49.1862],[7.4228,49.1831],[7.4654,49.0993],[7.6705,49.059],[7.8857,49.0652],[8.1583,48.9783],[7.7291,48.6156],[7.7046,48.5196],[7.6806,48.3585],[7.536,48.1913],[7.5021,48.0583],[7.5431,48.0242],[7.446,47.7088],[7.5066,47.6037],[7.3334,47.4647],[7.1209,47.4678],[7.1229,47.511],[6.9219,47.5141],[6.823,47.3782],[6.892,47.3658],[6.9442,47.3257],[6.8663,47.3102],[6.6287,47.088],[6.6233,47.054],[6.3643,46.946],[6.3815,46.8041],[6.0584,46.6161],[6.0186,46.4835],[6.0546,46.4219],[6.049,46.2772],[5.9415,46.1755],[6.1079,46.1255],[6.3837,46.3416],[6.3892,46.34],[6.4135,46.36],[6.4773,46.3756],[6.4843,46.3934],[6.5149,46.4049],[6.5451,46.3948],[6.6368,46.4067],[6.7255,46.4083],[6.8074,46.394],[6.9099,46.1298],[6.9553,45.9389],[6.6745,45.8033],[6.9143,45.6483],[6.9255,45.5167],[7.1191,45.4305],[7.0292,45.308],[6.7859,45.1493],[6.7036,45.1992],[6.5073,45.1157],[6.6653,44.9545],[6.9426,44.8687],[7.0035,44.7195],[6.9247,44.715],[6.7829,44.5479],[6.8698,44.3492],[7.2092,44.1731],[7.5911,44.2047],[7.6188,44.0783],[7.5528,43.8675],[7.3971,43.7641],[7.2976,43.6673],[6.9231,43.4477],[6.523,43.1509],[6.3312,43.1119],[6.1878,43.0923],[5.8286,43.0208],[5.6466,43.0333],[5.4345,43.1037],[5.0518,43.3281],[4.9098,43.3664],[4.7506,43.3533],[4.6465,43.3209],[4.4168,43.3461],[4.0782,43.4871],[3.8075,43.4672],[3.4787,43.3121],[3.3179,43.196],[3.0679,42.9446],[3.0019,42.7708],[3.0459,42.5395],[3.0871,42.3686],[2.9365,42.4096],[2.5993,42.3481],[2.5815,42.2867],[2.3632,42.2935],[2.1711,42.3823],[1.9937,42.3072],[1.8761,42.314],[1.8601,42.3823],[1.7092,42.4233],[1.6166,42.4096],[1.4482,42.3755],[1.3644,42.4096],[1.3487,42.5395],[1.3075,42.6352],[0.7442,42.7719],[0.5841,42.7719],[0.5919,42.6283],[0.3478,42.6352],[0.1963,42.6078],[0.1796,42.6625],[-0.1656,42.6488],[-0.2037,42.7003],[-0.2161,42.7172],[-0.4099,42.7856],[-0.4688,42.7514],[-0.5868,42.7651],[-0.612,42.7309],[-0.84,42.9087],[-0.9074,42.8813],[-1.3973,43.0318],[-1.4476,42.9839],[-1.5151,42.9976],[-1.5577,43.0454],[-1.4657,43.1549],[-1.4914,43.2096],[-1.7024,43.1959],[-1.9146,43.3054],[-1.7461,43.3602]]],[[[6.7691,46.4926],[6.7765,46.4734],[6.7461,46.4871],[6.7691,46.4926]]]]}},{"type":"Feature","properties":{"NAME":"United Kingdom of Great Britain and Ireland","ABBREVN":"United Kingdom of Great Britain and Ireland","SUBJECTO":"United Kingdom of Great Britain and Ireland","BORDERPRECISION":3,"PARTOF":"United Kingdom of Great Britain and Ireland"},"geometry":{"type":"MultiPolygon","coordinates":[[[[33.7805,35.2081],[33.7727,35.1293],[33.9247,34.9532],[33.792,34.9574],[33.7326,34.9086],[33.6858,34.9349],[33.5385,34.9442],[33.4839,34.7958],[33.1314,34.6803],[32.9586,34.6593],[32.9145,34.6357],[32.9145,34.5413],[32.8167,34.5386],[32.7841,34.6252],[32.6034,34.6147],[32.3572,34.6803],[32.2711,34.7197],[32.271,34.8142],[32.1985,34.8614],[32.1437,35.0425],[32.1805,35.0583],[32.2345,35.0136],[32.301,35.0163],[32.4831,35.1529],[32.597,35.1556],[32.745,35.1143],[32.7795,35.1529],[32.8191,35.2817],[32.7951,35.3606],[33.0775,35.3186],[33.3737,35.3065],[33.539,35.3317],[33.9073,35.4368],[34.2173,35.5736],[34.4582,35.6446],[34.2447,35.5118],[34.0484,35.4079],[33.7805,35.2081]]],[[[-6.3431,53.9396],[-6.4434,53.8994],[-6.335,53.786],[-6.1722,53.4392],[-6.0431,52.8931],[-6.0707,52.7666],[-6.2321,52.6133],[-6.3409,52.4271],[-6.406,52.2144],[-6.4892,52.1944],[-6.6168,52.2207],[-6.8939,52.2066],[-6.9617,52.1112],[-7.3724,52.0921],[-7.7506,52.0327],[-7.8616,51.9681],[-8.1588,51.8396],[-8.5652,51.6155],[-8.8478,51.5998],[-9.2433,51.4726],[-9.8191,51.4346],[-9.7952,51.6046],[-9.8354,51.8033],[-10.2169,51.7583],[-10.294,51.9776],[-9.9638,52.0921],[-10.4973,52.1017],[-10.4692,52.2066],[-9.8906,52.1944],[-9.8016,52.2411],[-9.784,52.3407],[-9.7357,52.4803],[-9.504,52.5405],[-9.1926,52.5545],[-9.1343,52.6809],[-9.6157,52.6366],[-9.4416,52.8333],[-9.5258,52.9046],[-9.3093,53.1153],[-8.997,53.1204],[-8.9236,53.1606],[-9.0017,53.3004],[-9.1582,53.2207],[-9.2974,53.2798],[-9.4407,53.2662],[-9.6167,53.3459],[-9.8029,53.3454],[-9.8848,53.2974],[-10.1598,53.3741],[-10.0211,53.5119],[-10.1514,53.5756],[-9.8096,53.6324],[-9.8724,53.7677],[-9.6965,53.8734],[-9.9129,53.9696],[-10.1785,53.9119],[-10.1597,54.1331],[-9.9888,54.2537],[-9.892,54.3256],[-9.4743,54.2413],[-9.3229,54.2751],[-9.0858,54.2582],[-8.5901,54.2028],[-8.6867,54.3641],[-8.3006,54.4893],[-8.2115,54.6339],[-8.8294,54.6339],[-8.76,54.7014],[-8.5037,54.7496],[-8.4763,54.8799],[-8.3454,55.0953],[-8.1183,55.1766],[-7.7562,55.2527],[-7.4265,55.2941],[-7.3339,55.3836],[-7.1116,55.3152],[-6.9634,55.2413],[-6.9968,55.172],[-6.6452,55.2064],[-6.4543,55.1865],[-6.2793,55.1397],[-6.1165,55.1602],[-6.0182,55.093],[-5.7849,54.7374],[-5.7637,54.657],[-5.7999,54.5229],[-5.6615,54.3222],[-5.7314,54.1749],[-5.9122,54.0274],[-6.0717,53.9736],[-6.2064,53.9567],[-6.3431,53.9396]]],[[[0.081,53.3862],[0.1745,53.2931],[0.2678,53.1267],[0.2509,53.0401],[0.0055,52.7867],[0.3268,52.7075],[0.5047,52.8475],[0.7418,52.9012],[1.0127,52.8884],[1.3759,52.8092],[1.5857,52.65],[1.6917,52.3114],[1.6569,52.2118],[1.5119,52.0258],[1.0313,51.8127],[0.6862,51.5604],[0.2542,51.4536],[0.8043,51.3783],[1.0301,51.3588],[1.1894,51.4055],[1.3647,51.3529],[1.335,51.1207],[0.886,50.9819],[0.8883,50.8927],[0.6726,50.9307],[0.1918,50.7313],[-0.2037,50.7953],[-0.3357,50.8167],[-0.839,50.7218],[-1.1034,50.8167],[-1.3725,50.7663],[-2.0854,50.7028],[-2.0237,50.57],[-2.432,50.6459],[-2.5505,50.57],[-2.9606,50.7218],[-3.1109,50.6574],[-3.5215,50.6174],[-3.5632,50.3614],[-3.715,50.2193],[-3.8817,50.2004],[-4.0042,50.3141],[-4.2426,50.3915],[-4.3033,50.3235],[-4.5406,50.358],[-4.967,50.2122],[-5.2823,49.9638],[-5.4292,50.0679],[-5.7778,50.1341],[-5.2378,50.3463],[-5.0166,50.5605],[-4.8153,50.6042],[-4.6046,50.7787],[-4.5515,50.9972],[-4.4426,50.9687],[-4.2773,51.0637],[-4.281,51.1872],[-3.8252,51.2348],[-3.483,51.1811],[-3.066,51.1777],[-3.0331,51.3299],[-2.8947,51.3938],[-2.7502,51.644],[-3.1728,51.4669],[-3.4991,51.4597],[-4.1593,51.6768],[-4.999,51.7017],[-5.1786,51.7875],[-5.2488,51.8602],[-5.0615,52.0064],[-4.6191,52.0935],[-4.2947,52.2003],[-4.1236,52.3733],[-4.0939,52.7455],[-4.1475,52.8319],[-4.4683,52.8113],[-4.6214,52.831],[-4.4919,52.991],[-4.3175,53.0912],[-3.9567,53.2052],[-3.3295,53.233],[-2.9145,53.2671],[-3.0567,53.5136],[-2.9795,53.8209],[-2.8653,54.0283],[-2.8859,54.1687],[-3.2615,54.1412],[-3.4793,54.2746],[-3.5692,54.415],[-3.4304,54.6431],[-3.1525,54.8381],[-3.3087,54.8847],[-3.5767,54.9245],[-3.9077,54.7897],[-4.1216,54.7624],[-4.4607,54.8624],[-4.5003,54.7751],[-4.5999,54.6878],[-4.9025,54.7341],[-5.1114,54.7941],[-5.0667,54.9485],[-4.91,55.1103],[-4.6384,55.4279],[-4.7705,55.4884],[-4.9078,55.6639],[-4.8951,55.7721],[-4.7584,55.8197],[-4.6233,55.908],[-4.7107,56.1313],[-4.8484,56.0972],[-5.1346,55.8934],[-5.3336,55.8795],[-5.5702,55.7505],[-5.6331,55.9399],[-5.497,56.1773],[-5.3001,56.4287],[-5.2707,56.5441],[-5.4583,56.6321],[-5.5466,56.6524],[-5.6445,56.5163],[-5.8217,56.4005],[-6.0435,56.4748],[-5.909,56.7333],[-5.6659,56.9378],[-5.6253,56.9992],[-5.7263,57.258],[-5.5616,57.2993],[-5.4606,57.3881],[-5.763,57.6198],[-5.5685,57.7774],[-5.23,57.7096],[-5.0556,57.751],[-5.3459,58.0927],[-4.9071,58.169],[-5.1127,58.3949],[-4.9256,58.567],[-4.5099,58.4029],[-4.1389,58.4448],[-3.8305,58.5072],[-3.4405,58.5285],[-3.165,58.5222],[-3.0284,58.4057],[-3.1664,58.2751],[-3.9432,57.9584],[-4.1505,57.8348],[-4.2485,57.6363],[-4.1484,57.5545],[-3.7958,57.5415],[-3.4008,57.5764],[-3.0926,57.577],[-2.854,57.5433],[-2.1504,57.572],[-1.9446,57.4017],[-2.1078,57.2103],[-2.2032,57.0648],[-2.1589,57.0143],[-2.4131,56.7173],[-2.5148,56.6673],[-2.6671,56.471],[-2.9805,56.3536],[-3.1524,56.3368],[-2.9494,56.253],[-2.7209,56.1782],[-2.7729,56.1713],[-2.8953,56.0855],[-3.1698,56.0621],[-3.2935,55.9739],[-3.895,55.9851],[-3.713,55.8847],[-3.5772,55.8847],[-3.3559,55.8427],[-3.1615,55.8457],[-2.9279,55.946],[-2.7421,55.9572],[-2.5403,55.8847],[-2.245,55.811],[-1.942,55.5561],[-1.719,55.4537],[-1.666,55.3796],[-1.696,55.2725],[-1.5556,54.9216],[-1.3889,54.6805],[-1.1921,54.5954],[-0.8706,54.5472],[-0.6048,54.3002],[-0.2955,54.0332],[-0.2349,53.7994],[-0.3192,53.5789],[-0.2037,53.5233],[0.081,53.3862]]],[[[-5.7557,55.4773],[-5.6887,55.6281],[-5.5178,55.668],[-5.4824,55.4427],[-5.6203,55.3295],[-5.6982,55.3307],[-5.7557,55.4773]]]]}},{"type":"Feature","properties":{"NAME":"Qatar","ABBREVN":"Qatar","SUBJECTO":"United Kingdom of Great Britain and Ireland","BORDERPRECISION":3,"PARTOF":"Qatar"},"geometry":{"type":"MultiPolygon","coordinates":[[[[51.2878,24.4108],[51.1198,24.3987],[50.9683,24.4362],[50.9649,24.7127],[50.8962,24.9096],[50.8473,25.2652],[50.9311,25.5386],[51.0154,25.5881],[50.989,25.6721],[51.0688,25.9455],[51.217,26.0665],[51.3577,26.029],[51.3888,25.8873],[51.5059,25.8453],[51.5345,25.7558],[51.5867,25.6091],[51.5391,25.4202],[51.5529,25.1015],[51.6062,24.9873],[51.5589,24.8157],[51.412,24.6057],[51.2878,24.4108]]]]}},{"type":"Feature","properties":{"NAME":"Trucial Oman","ABBREVN":"Trucial Oman","SUBJECTO":"United Kingdom of Great Britain and Ireland","BORDERPRECISION":3,"PARTOF":"Trucial Oman"},"geometry":{"type":"MultiPolygon","coordinates":[[[[51.1198,24.3987],[51.2878,24.4108],[51.2914,24.2814],[51.4542,24.2182],[51.5229,24.1607],[51.6064,24.2026],[51.5859,24.0032],[51.7646,24.0029],[51.9456,23.9455],[52.2546,23.9875],[52.301,24.0819],[52.383,24.1082],[52.4812,24.0557],[52.6716,24.0747],[52.9394,24.0244],[53.0402,24.04],[53.0757,24.0872],[53.6868,23.9875],[54.0165,24.0505],[54.0063,24.1817],[54.1075,24.1029],[54.276,24.1098],[54.3471,24.1545],[54.4874,24.3443],[54.5922,24.3773],[54.7121,24.5999],[54.7708,24.7335],[55.0908,25.02],[55.4572,25.4202],[55.5305,25.373],[55.6335,25.4532],[56.0155,25.7716],[56.1567,25.9665],[56.2242,25.8941],[56.1125,25.7048],[56.0642,25.5704],[56.0626,25.4911],[56.1069,25.4624],[56.1613,25.4733],[56.366,25.4547],[56.4063,25.3087],[56.4065,25.08],[56.4053,24.9187],[56.1848,24.9036],[56.0041,24.9407],[55.9556,24.7626],[55.9889,24.1656],[55.8993,24.0127],[55.6581,23.7445],[55.6592,23.3189],[55.67,22.3851],[55.6988,22.3027],[55.6301,22.2769],[55.3674,22.0657],[54.9901,22.1144],[53.4661,22.3151],[51.9529,22.4842],[51.8355,22.8901],[51.5889,23.4096],[51.1198,24.3987]]]]}},{"type":"Feature","properties":{"NAME":"Muscat and Oman","ABBREVN":"Muscat+Oman","SUBJECTO":"United Kingdom of Great Britain and Ireland","BORDERPRECISION":3,"PARTOF":"Muscat and Oman"},"geometry":{"type":"MultiPolygon","coordinates":[[[[56.1567,25.9665],[56.2973,26.1597],[56.3671,26.2361],[56.405,25.8614],[56.2148,25.5433],[56.1613,25.4733],[56.1069,25.4624],[56.0626,25.4911],[56.0642,25.5704],[56.1125,25.7048],[56.2242,25.8941],[56.1567,25.9665]]],[[[56.4053,24.9187],[56.4054,24.8195],[56.6108,24.4769],[56.7942,24.2676],[57.1462,23.9825],[57.451,23.8052],[57.9042,23.5711],[58.0807,23.5016],[58.2053,23.4955],[58.4647,23.5088],[58.6285,23.4583],[59.0216,23.0208],[59.2543,22.729],[59.4614,22.5389],[59.8257,22.3745],[59.8373,22.2792],[59.5357,21.8021],[59.2588,21.4774],[58.8614,21.1145],[58.512,20.4212],[58.4031,20.3575],[58.1504,20.3951],[58.0444,20.433],[57.9313,20.4009],[57.8061,20.172],[57.7776,19.67],[57.7784,19.3142],[57.8386,19.0348],[57.657,18.9709],[57.1862,18.9381],[56.9043,18.8168],[56.7389,18.6894],[56.6086,18.4667],[56.5494,18.2188],[56.4576,18.0916],[56.2576,17.9768],[56.0128,17.9318],[55.8815,17.9315],[55.7081,17.9502],[55.5611,17.9372],[55.3895,17.8097],[55.2904,17.6761],[55.2344,17.4473],[55.2356,17.2884],[55.1948,17.1486],[54.9106,16.9701],[54.7561,16.9507],[54.4069,17.0452],[54.0843,17.0191],[53.6813,16.8975],[53.3357,16.7634],[53.2085,16.7186],[53.0209,16.6538],[52.9124,16.7911],[52.6949,17.1012],[52.6975,17.2346],[52.6405,17.3486],[52.2209,17.9624],[51.9488,18.3992],[51.8475,18.6845],[51.8061,18.9829],[52.5674,19.3494],[53.6244,19.8956],[56.0302,21.2374],[55.9602,21.8913],[55.6988,22.3027],[55.67,22.3851],[55.6592,23.3189],[55.6581,23.7445],[55.8993,24.0127],[55.9889,24.1656],[55.9556,24.7626],[56.0041,24.9407],[56.1848,24.9036],[56.4053,24.9187]]]]}},{"type":"Feature","properties":{"NAME":"Iceland","ABBREVN":"Iceland","SUBJECTO":"Iceland","BORDERPRECISION":3,"PARTOF":"Iceland"},"geometry":{"type":"MultiPolygon","coordinates":[[[[-24.2189,65.5337],[-24.1615,65.6066],[-23.9726,65.6871],[-23.5705,65.6806],[-23.267,65.7249],[-23.4261,65.8267],[-23.6083,65.9796],[-23.4656,66.1334],[-23.3411,66.1337],[-22.9109,65.9444],[-22.6093,65.9231],[-22.4741,65.9964],[-22.5601,66.1132],[-22.8411,66.281],[-22.6764,66.3913],[-22.2098,66.2896],[-21.7791,66.2537],[-21.4432,66.1299],[-21.2425,65.8818],[-21.2962,65.6994],[-21.4947,65.568],[-21.0797,65.2054],[-20.8306,65.3656],[-20.6725,65.424],[-20.3889,65.4755],[-20.1684,65.5559],[-20.1413,65.6506],[-20.2174,66.0006],[-19.9733,66.1107],[-19.7477,65.9065],[-19.556,65.7683],[-19.336,65.6739],[-19.2392,65.6668],[-19.1559,65.7253],[-19.2745,65.9293],[-19.1654,66.0026],[-19.0441,66.0174],[-18.6763,66.0912],[-18.369,65.8945],[-18.1279,65.7855],[-17.8838,65.7568],[-17.861,65.8371],[-18.0225,66.0778],[-17.5697,66.0129],[-16.9221,65.9776],[-16.568,66.0293],[-16.3757,66.1321],[-16.3852,66.4544],[-15.8599,66.4187],[-15.574,66.2068],[-15.0708,66.0614],[-14.7633,66.0547],[-14.6407,65.9453],[-14.7541,65.6971],[-14.4001,65.5667],[-13.6469,65.4953],[-13.5898,65.43],[-13.5256,65.1833],[-13.5574,65.0094],[-13.6258,64.8939],[-13.6942,64.7786],[-13.8934,64.7207],[-14.2603,64.7128],[-14.3481,64.6695],[-14.3659,64.4756],[-14.5975,64.2671],[-14.8212,64.195],[-15.0768,64.2089],[-15.2665,64.2802],[-15.6341,64.0575],[-15.8765,63.9927],[-16.5338,63.7841],[-16.9175,63.7334],[-17.2444,63.7328],[-17.5915,63.6893],[-17.9441,63.4248],[-18.1569,63.3675],[-18.6419,63.3238],[-18.9608,63.3375],[-19.5531,63.4147],[-19.8267,63.4783],[-20.4039,63.6983],[-20.8799,63.7403],[-21.0791,63.7113],[-21.5475,63.7176],[-22.3729,63.7732],[-22.5066,63.8658],[-22.3113,63.952],[-21.8041,64.1104],[-21.4885,64.3761],[-21.8567,64.3826],[-22.0862,64.4396],[-22.2786,64.6188],[-22.3924,64.6617],[-22.5536,64.6255],[-23.2575,64.5738],[-23.5083,64.559],[-23.6746,64.6593],[-23.6112,64.7457],[-23.4367,64.8036],[-23.1356,64.8473],[-22.7784,64.8552],[-22.4503,64.9062],[-21.9783,64.9503],[-21.8092,65.0374],[-21.7289,65.1825],[-21.7938,65.2985],[-21.9548,65.378],[-22.1465,65.3849],[-22.3616,65.4499],[-22.8137,65.4709],[-23.1832,65.4266],[-23.3742,65.3536],[-23.6785,65.3167],[-24.1469,65.4393],[-24.2189,65.5337]]]]}},{"type":"Feature","properties":{"NAME":"Estonia","ABBREVN":"Estonia","SUBJECTO":"Estonia","BORDERPRECISION":3,"PARTOF":"Estonia"},"geometry":{"type":"MultiPolygon","coordinates":[[[[28.0131,59.4582],[28.0784,59.4341],[28.1505,59.3752],[28.1308,59.2966],[28.0522,59.277],[27.9671,59.277],[27.9147,59.277],[27.8754,59.2573],[27.8492,59.1984],[27.7706,59.0739],[27.6723,58.9822],[27.5283,58.9233],[27.4366,58.8643],[27.3973,58.7923],[27.4104,58.7202],[27.4693,58.5237],[27.5021,58.4386],[27.5152,58.3665],[27.4366,58.3076],[27.4366,58.229],[27.5152,58.1242],[27.6069,58.0849],[27.6461,58.0522],[27.6461,58.0194],[27.6527,57.9801],[27.6723,57.9146],[27.7509,57.895],[27.7771,57.8688],[27.6985,57.836],[27.5807,57.8164],[27.5086,57.7902],[27.4824,57.7443],[27.4431,57.6919],[27.3842,57.6919],[27.3711,57.6395],[27.3645,57.6002],[27.3121,57.574],[27.3489,57.5264],[27.2925,57.5151],[27.2532,57.5216],[27.1156,57.5413],[27.0436,57.5675],[26.965,57.6002],[26.8733,57.6199],[26.8143,57.574],[26.7226,57.5871],[26.6637,57.5675],[26.5916,57.5282],[26.5261,57.5216],[26.4607,57.5609],[26.4083,57.574],[26.3297,57.574],[26.238,57.6264],[26.1856,57.705],[26.0939,57.7574],[26.0284,57.7771],[25.9956,57.8295],[25.9105,57.8295],[25.7991,57.8491],[25.7074,57.9015],[25.6943,57.9015],[25.5699,57.9081],[25.524,57.9539],[25.4127,57.9736],[25.3603,58.0194],[25.2752,58.0587],[25.2752,58.026],[25.2228,57.9867],[25.1638,58.0129],[25.1573,58.0456],[25.118,58.0587],[25.0721,58.0587],[24.9477,58.0063],[24.9018,57.9932],[24.8429,57.9867],[24.7446,57.9801],[24.6791,57.9605],[24.5612,57.9474],[24.4368,57.9081],[24.3844,57.8622],[24.3456,57.8622],[24.4156,57.9479],[24.4144,58.1059],[24.4968,58.2132],[24.3311,58.3079],[24.0584,58.1115],[23.9081,58.2244],[23.6709,58.2414],[23.6905,58.6655],[23.5119,58.5809],[23.3608,58.7674],[23.432,58.8581],[23.3379,58.9724],[23.457,59.0055],[23.4158,59.119],[23.5702,59.1381],[24.0321,59.1757],[24.0296,59.2354],[24.2819,59.2841],[24.3416,59.3689],[24.5376,59.3234],[24.5709,59.3743],[24.7138,59.3518],[24.7512,59.4485],[25.2483,59.3618],[25.4488,59.494],[25.49,59.42],[25.7211,59.4598],[26.3433,59.4466],[26.8619,59.3717],[26.999,59.3177],[27.2651,59.338],[27.702,59.2975],[27.8936,59.3461],[28.0159,59.4542],[28.0131,59.4582]]]]}},{"type":"Feature","properties":{"NAME":"Latvia","ABBREVN":"Latvia","SUBJECTO":"Latvia","BORDERPRECISION":3,"PARTOF":"Latvia"},"geometry":{"type":"MultiPolygon","coordinates":[[[[27.3489,57.5264],[27.5152,57.5282],[27.5086,57.4758],[27.5086,57.4234],[27.6134,57.3906],[27.7051,57.3513],[27.7444,57.3186],[27.8361,57.2924],[27.8295,57.2531],[27.8164,57.2007],[27.8099,57.1614],[27.764,57.1286],[27.7247,57.1221],[27.6789,57.109],[27.7378,57.0697],[27.7051,57.0108],[27.7182,56.9584],[27.6854,56.9191],[27.6396,56.8863],[27.62,56.8405],[27.7116,56.8667],[27.7771,56.8732],[27.8361,56.8405],[27.8754,56.8339],[27.9081,56.8143],[27.8819,56.775],[27.8623,56.7422],[27.9147,56.6964],[27.9736,56.6702],[27.9867,56.5981],[28.0522,56.5523],[28.1243,56.5326],[28.0981,56.4933],[28.157,56.4409],[28.1505,56.3558],[28.1898,56.251],[28.1701,56.2117],[28.1636,56.1593],[28.1364,56.1404],[28.0276,56.1203],[27.9196,56.0972],[27.8657,56.0433],[27.7655,56.0278],[27.7038,55.9585],[27.6421,55.9199],[27.6113,55.8737],[27.5805,55.7812],[27.4957,55.7658],[27.3878,55.7812],[27.2798,55.7966],[27.1334,55.812],[26.9715,55.812],[26.8944,55.7812],[26.8482,55.7195],[26.748,55.681],[26.6786,55.681],[26.6323,55.6887],[26.5938,55.6655],[26.4242,55.681],[26.3009,55.7118],[26.2315,55.7889],[26.1698,55.8583],[26.0234,55.9199],[25.7998,56.0201],[25.6456,56.1281],[25.4761,56.1435],[25.214,56.1589],[25.0675,56.2129],[24.9365,56.2976],[24.8979,56.4133],[24.8131,56.4056],[24.736,56.3747],[24.5742,56.2976],[24.3969,56.2899],[24.289,56.2899],[24.1656,56.2514],[24.0577,56.2899],[23.9189,56.3362],[23.6491,56.3439],[23.5181,56.3131],[23.3562,56.3439],[23.2252,56.367],[23.1558,56.3516],[23.0325,56.3208],[22.9862,56.3439],[22.9323,56.4056],[22.8629,56.4056],[22.7473,56.3747],[22.6625,56.3747],[22.3233,56.3824],[22.1229,56.421],[21.7837,56.3439],[21.5139,56.2745],[21.3212,56.2283],[21.2056,56.1666],[21.1824,56.0818],[20.9454,56.07],[20.916,56.0967],[20.949,56.4732],[20.9648,56.609],[21.0221,56.6839],[21.3244,56.8544],[21.3397,57.1771],[21.4596,57.2496],[21.5795,57.3726],[21.6773,57.4637],[21.8103,57.4754],[22.2854,57.565],[22.3599,57.5857],[22.433,57.6156],[22.5636,57.6156],[22.5854,57.5087],[22.8814,57.3341],[23.0709,57.2613],[23.1747,57.0485],[23.2154,56.9807],[23.4145,56.8924],[23.7678,56.8659],[24.1584,56.9755],[24.2663,57.0301],[24.3465,57.1597],[24.3229,57.3369],[24.2362,57.7282],[24.3254,57.8375],[24.3456,57.8622],[24.3844,57.8622],[24.4368,57.9081],[24.5612,57.9474],[24.6791,57.9605],[24.7446,57.9801],[24.8429,57.9867],[24.9018,57.9932],[24.9477,58.0063],[25.0721,58.0587],[25.118,58.0587],[25.1573,58.0456],[25.1638,58.0129],[25.2228,57.9867],[25.2752,58.026],[25.2752,58.0587],[25.3603,58.0194],[25.4127,57.9736],[25.524,57.9539],[25.5699,57.9081],[25.6943,57.9015],[25.7074,57.9015],[25.7991,57.8491],[25.9105,57.8295],[25.9956,57.8295],[26.0284,57.7771],[26.0939,57.7574],[26.1856,57.705],[26.238,57.6264],[26.3297,57.574],[26.4083,57.574],[26.4607,57.5609],[26.5261,57.5216],[26.5916,57.5282],[26.6637,57.5675],[26.7226,57.5871],[26.8143,57.574],[26.8733,57.6199],[26.965,57.6002],[27.0436,57.5675],[27.1156,57.5413],[27.2532,57.5216],[27.2925,57.5151],[27.3489,57.5264]]]]}},{"type":"Feature","properties":{"NAME":"Lithuania","ABBREVN":"Lithuania","SUBJECTO":"Lithuania","BORDERPRECISION":3,"PARTOF":"Lithuania"},"geometry":{"type":"MultiPolygon","coordinates":[[[[22.699,54.4149],[22.6856,54.4322],[22.6702,54.4939],[22.6625,54.5709],[22.6933,54.6634],[22.7241,54.7328],[22.8243,54.7868],[22.8012,54.8407],[22.7935,54.9024],[22.7164,54.9332],[22.6316,54.9487],[22.5854,54.9949],[22.5468,55.0566],[22.4466,55.0489],[22.331,55.0489],[22.1306,55.0489],[22.0304,55.0257],[21.9918,55.072],[21.7606,55.1028],[21.6449,55.1337],[21.5447,55.1876],[21.4368,55.1876],[21.3983,55.2108],[21.3751,55.2801],[21.3212,55.2647],[21.1623,55.2214],[21.143,55.2558],[21.2009,55.2614],[21.2163,55.3437],[21.0185,55.634],[21.0148,55.6971],[20.996,56.0241],[20.9454,56.07],[21.1824,56.0818],[21.2056,56.1666],[21.3212,56.2283],[21.5139,56.2745],[21.7837,56.3439],[22.1229,56.421],[22.3233,56.3824],[22.6625,56.3747],[22.7473,56.3747],[22.8629,56.4056],[22.9323,56.4056],[22.9862,56.3439],[23.0325,56.3208],[23.1558,56.3516],[23.2252,56.367],[23.3562,56.3439],[23.5181,56.3131],[23.6491,56.3439],[23.9189,56.3362],[24.0577,56.2899],[24.1656,56.2514],[24.289,56.2899],[24.3969,56.2899],[24.5742,56.2976],[24.736,56.3747],[24.8131,56.4056],[24.8979,56.4133],[24.9365,56.2976],[25.0675,56.2129],[25.214,56.1589],[25.4761,56.1435],[25.6456,56.1281],[25.7998,56.0201],[26.0234,55.9199],[26.1698,55.8583],[26.2315,55.7889],[26.3009,55.7118],[26.4242,55.681],[26.5938,55.6655],[26.5861,55.5885],[26.5475,55.5191],[26.5321,55.4651],[26.4782,55.4035],[26.4396,55.3418],[26.5938,55.3264],[26.7171,55.3033],[26.7557,55.2801],[26.7017,55.257],[26.6632,55.257],[26.6169,55.1876],[26.6092,55.1182],[26.5321,55.1105],[26.4782,55.1491],[26.4242,55.126],[26.3163,55.1414],[26.2469,55.126],[26.2084,55.0566],[26.1621,54.9872],[26.0465,54.9564],[25.8538,54.9564],[25.7921,54.8947],[25.7381,54.8407],[25.7227,54.7714],[25.6842,54.6943],[25.7304,54.6172],[25.6996,54.5555],[25.5917,54.4862],[25.5917,54.4245],[25.5608,54.3859],[25.53,54.3243],[25.6071,54.3089],[25.6996,54.3089],[25.7613,54.2164],[25.7227,54.1316],[25.5994,54.1239],[25.4992,54.1547],[25.4992,54.2241],[25.4838,54.2626],[25.4452,54.2934],[25.3681,54.2703],[25.3142,54.2318],[25.1831,54.2472],[25.1523,54.1855],[25.0444,54.1316],[24.975,54.1316],[24.8902,54.147],[24.7669,54.1007],[24.8054,54.0236],[24.7746,53.9697],[24.6975,53.9543],[24.6358,53.9697],[24.5433,53.9466],[24.3737,53.8772],[24.2427,53.8772],[24.2119,53.9234],[24.1579,53.9466],[24.05,53.9234],[23.8804,53.9157],[23.7725,53.9003],[23.6414,53.9157],[23.5721,53.9003],[23.5305,53.9163],[23.4898,53.9931],[23.4829,54.0062],[23.4385,54.0899],[23.3106,54.3089],[23.0051,54.4183],[22.9871,54.4247],[22.699,54.4149]]]]}},{"type":"Feature","properties":{"NAME":"Belgium","ABBREVN":"Belgium","SUBJECTO":"Belgium","BORDERPRECISION":3,"PARTOF":"Belgium"},"geometry":{"type":"MultiPolygon","coordinates":[[[[2.5221,51.0911],[2.9953,51.3135],[3.2136,51.3536],[3.472,51.3144],[3.6813,51.3214],[3.775,51.3877],[3.9895,51.3437],[4.173,51.3249],[4.4067,51.3401],[4.3954,51.4109],[4.5331,51.4055],[4.6711,51.4055],[4.7914,51.4872],[4.9321,51.3782],[5.0101,51.4327],[5.1125,51.4055],[5.2437,51.2366],[5.4844,51.2856],[5.8239,51.1168],[5.7742,50.9264],[5.6968,50.8829],[5.6971,50.7307],[5.9996,50.7416],[6.1545,50.6618],[6.2814,50.4976],[6.2984,50.2869],[6.1085,50.1175],[6.0074,50.15],[5.9438,50.1138],[5.8338,50.0474],[5.7379,49.9025],[5.7451,49.7553],[5.8844,49.6635],[5.8235,49.5071],[5.7878,49.5587],[5.4754,49.4801],[5.4181,49.5826],[5.2513,49.6743],[5.0977,49.7607],[4.8599,49.7822],[4.8771,49.8848],[4.8116,49.9658],[4.8654,50.1337],[4.7549,50.1012],[4.6681,49.9604],[4.4675,49.9447],[4.2846,49.911],[4.1563,49.9658],[4.1885,50.0549],[4.1478,50.1337],[4.2196,50.2422],[4.0509,50.3181],[3.7915,50.3398],[3.675,50.3344],[3.6034,50.47],[3.3703,50.4646],[3.2828,50.5243],[3.1919,50.7307],[3.1228,50.8071],[2.9383,50.7138],[2.8751,50.6818],[2.7555,50.7392],[2.6157,50.8902],[2.5221,51.0911]]]]}},{"type":"Feature","properties":{"NAME":"Spain","ABBREVN":"Spain","SUBJECTO":"Spain","BORDERPRECISION":3,"PARTOF":"Spain"},"geometry":{"type":"MultiPolygon","coordinates":[[[[-8.8061,41.8892],[-8.8605,42.0145],[-8.7986,42.1945],[-8.6441,42.4197],[-8.805,42.6316],[-8.9417,42.8242],[-9.1731,42.8559],[-9.2469,42.9008],[-9.2708,43.0487],[-9.1975,43.1582],[-9.0136,43.2809],[-8.8492,43.3262],[-8.5957,43.3396],[-8.3104,43.353],[-8.2507,43.4304],[-8.2202,43.6172],[-7.9795,43.7401],[-7.6363,43.7214],[-7.1513,43.5549],[-6.808,43.5234],[-6.4676,43.5627],[-6.208,43.6405],[-5.9797,43.7054],[-5.8205,43.7057],[-5.5374,43.5775],[-5.2249,43.5072],[-4.8023,43.4694],[-4.1102,43.4515],[-3.8476,43.4392],[-3.417,43.3757],[-3.196,43.4469],[-3.0072,43.5503],[-2.7684,43.5379],[-2.3674,43.3262],[-2.0656,43.3333],[-1.9146,43.3054],[-1.7024,43.1959],[-1.4914,43.2096],[-1.4657,43.1549],[-1.5577,43.0454],[-1.5151,42.9976],[-1.4476,42.9839],[-1.3973,43.0318],[-0.9074,42.8813],[-0.84,42.9087],[-0.612,42.7309],[-0.5868,42.7651],[-0.4688,42.7514],[-0.4099,42.7856],[-0.2161,42.7172],[-0.2037,42.7003],[-0.1656,42.6488],[0.1796,42.6625],[0.1963,42.6078],[0.3478,42.6352],[0.5919,42.6283],[0.5841,42.7719],[0.7442,42.7719],[1.3075,42.6352],[1.3487,42.5395],[1.3644,42.4096],[1.4482,42.3755],[1.6166,42.4096],[1.7092,42.4233],[1.8601,42.3823],[1.8761,42.314],[1.9937,42.3072],[2.1711,42.3823],[2.3632,42.2935],[2.5815,42.2867],[2.5993,42.3481],[2.9365,42.4096],[3.0871,42.3686],[3.0865,42.3291],[3.0863,42.1207],[3.1566,42.0757],[3.1289,41.8572],[2.6283,41.6195],[2.2006,41.4461],[2.0807,41.2985],[1.6098,41.2092],[1.3112,41.1573],[0.8792,41.0217],[0.7338,40.875],[0.7098,40.7851],[0.8271,40.7274],[0.7876,40.6569],[0.5051,40.5928],[0.2379,40.2402],[-0.1606,39.886],[-0.2037,39.7994],[-0.2845,39.6368],[-0.3948,39.4345],[-0.2359,39.0624],[-0.2037,39.0127],[-0.1657,38.9541],[0.1261,38.8214],[0.1726,38.7383],[-0.107,38.5915],[-0.2037,38.544],[-0.4352,38.4303],[-0.5641,38.2149],[-0.6647,38.1766],[-0.8723,37.7598],[-0.8026,37.615],[-0.9183,37.5703],[-1.3646,37.5484],[-1.6257,37.4395],[-1.8169,37.2925],[-1.9405,36.9516],[-2.2388,36.7284],[-2.3551,36.8241],[-2.6243,36.8113],[-2.7615,36.6901],[-2.9153,36.6901],[-2.9698,36.7411],[-4.4466,36.722],[-4.7573,36.4861],[-5.2167,36.4096],[-5.3742,36.2375],[-5.3867,36.11],[-5.4243,36.0717],[-5.4571,36.1674],[-5.4879,36.1737],[-5.4855,36.0654],[-5.6606,36.008],[-5.85,36.0717],[-6.2045,36.2821],[-6.305,36.4542],[-6.2889,36.5722],[-6.444,36.6232],[-6.5005,36.7188],[-6.4217,36.7922],[-6.6322,37.0218],[-6.948,37.1493],[-7.0101,37.1653],[-7.2278,37.2259],[-7.4915,37.2082],[-7.488,37.2164],[-7.3514,37.6444],[-7.2425,37.8109],[-6.8448,38.1002],[-7.0281,38.2396],[-7.3939,38.295],[-7.3173,38.4996],[-7.0894,38.7945],[-6.9334,38.9613],[-7.0069,39.0503],[-7.2114,39.2982],[-7.431,39.5205],[-7.3013,39.5787],[-7.0842,39.5991],[-6.8783,39.7024],[-6.8587,39.7919],[-6.8842,40.214],[-6.8249,40.6566],[-6.8572,40.8616],[-6.8344,41.0605],[-6.7966,41.0928],[-6.2411,41.3205],[-6.1115,41.4175],[-6.1395,41.5264],[-6.5184,41.7491],[-6.5861,41.8579],[-6.7087,41.96],[-6.8595,41.9849],[-7.0984,41.868],[-7.9186,41.8892],[-8.1573,42.087],[-8.405,42.0021],[-8.8061,41.8892]]],[[[-14.5098,28.05],[-14.147,28.391],[-13.8084,29.0486],[-13.5182,29.4285],[-13.4214,29.0909],[-13.7842,28.8793],[-13.881,28.1994],[-14.5098,28.05]]],[[[-15.574,28.178],[-15.4047,28.1994],[-15.2112,27.9005],[-15.574,27.7294],[-15.9127,27.9005],[-15.574,28.178]]],[[[-17.2913,28.2846],[-16.8801,28.3272],[-16.082,28.5399],[-16.2271,28.3698],[-16.6383,28.05],[-17.3397,28.0287],[-17.2913,28.2846]]]]}},{"type":"Feature","properties":{"NAME":"Albania","ABBREVN":"Albania","SUBJECTO":"Albania","BORDERPRECISION":3,"PARTOF":"Albania"},"geometry":{"type":"MultiPolygon","coordinates":[[[[20.1224,39.551],[20.0908,39.6025],[20.0286,39.8138],[19.8036,40.017],[19.3691,40.2603],[19.3802,40.3236],[19.4837,40.2959],[19.4945,40.4027],[19.3392,40.5887],[19.5273,40.8659],[19.4454,40.9649],[19.53,41.2184],[19.417,41.3453],[19.4989,41.5236],[19.6194,41.5593],[19.607,41.7615],[19.4579,41.7981],[19.3677,41.8464],[19.3687,42.0003],[19.3088,42.1926],[19.4346,42.4246],[19.5577,42.5473],[19.8846,42.4977],[20.0471,42.4875],[20.073,42.4859],[20.2452,42.3198],[20.575,41.9299],[20.583,41.8807],[20.5989,41.7824],[20.5396,41.5896],[20.5728,41.3011],[20.707,41.0006],[21.0316,40.7268],[20.9912,40.7138],[20.7889,40.3348],[20.6079,40.1609],[20.3847,39.9486],[20.1224,39.551]]]]}},{"type":"Feature","properties":{"NAME":"Portugal","ABBREVN":"Portugal","SUBJECTO":"Portugal","BORDERPRECISION":3,"PARTOF":"Portugal"},"geometry":{"type":"MultiPolygon","coordinates":[[[[-7.4915,37.2082],[-7.6034,37.163],[-7.836,37.0323],[-8.0336,37.0088],[-8.2802,37.0886],[-8.5411,37.0886],[-8.6671,37.1214],[-8.9908,36.99],[-9.0166,37.0698],[-8.8415,37.5251],[-8.851,37.9102],[-8.9328,37.9618],[-8.823,38.2061],[-8.8473,38.3846],[-8.7889,38.436],[-8.8537,38.4996],[-9.0223,38.461],[-9.2366,38.4174],[-9.2852,38.6195],[-9.0692,38.643],[-8.9419,38.7419],[-8.9608,38.8185],[-9.0408,38.9202],[-9.1758,38.7322],[-9.3616,38.6711],[-9.5224,38.6899],[-9.549,38.7745],[-9.4598,38.9531],[-9.3977,39.2304],[-9.4153,39.3667],[-9.2993,39.4177],[-9.1179,39.644],[-8.9156,40.1381],[-8.9697,40.19],[-8.6941,40.9922],[-8.8518,41.4078],[-8.8548,41.5969],[-8.9207,41.767],[-8.8061,41.8892],[-8.405,42.0021],[-8.1573,42.087],[-7.9186,41.8892],[-7.0984,41.868],[-6.8595,41.9849],[-6.7087,41.96],[-6.5861,41.8579],[-6.5184,41.7491],[-6.1395,41.5264],[-6.1115,41.4175],[-6.2411,41.3205],[-6.7966,41.0928],[-6.8344,41.0605],[-6.8572,40.8616],[-6.8249,40.6566],[-6.8842,40.214],[-6.8587,39.7919],[-6.8783,39.7024],[-7.0842,39.5991],[-7.3013,39.5787],[-7.431,39.5205],[-7.2114,39.2982],[-7.0069,39.0503],[-6.9334,38.9613],[-7.0894,38.7945],[-7.3173,38.4996],[-7.3939,38.295],[-7.0281,38.2396],[-6.8448,38.1002],[-7.2425,37.8109],[-7.3514,37.6444],[-7.488,37.2164],[-7.4915,37.2082]]]]}},{"type":"Feature","properties":{"NAME":"Afghanistan","ABBREVN":"Afghanistan","SUBJECTO":"Afghanistan","BORDERPRECISION":3,"PARTOF":"Afghanistan"},"geometry":{"type":"MultiPolygon","coordinates":[[[[61.5878,30.6565],[61.7792,30.9052],[61.7582,31.1019],[61.6936,31.2666],[61.5132,31.3417],[60.9741,31.4656],[60.88,31.4842],[60.7938,31.5789],[60.7295,31.9277],[60.6542,32.505],[60.5401,32.9932],[60.5554,33.0631],[60.8531,33.4838],[60.8414,33.5662],[60.5089,33.6723],[60.4658,33.7164],[60.4122,34.0145],[60.4192,34.078],[60.6873,34.2509],[60.787,34.3848],[61.0077,34.9573],[61.1187,35.3203],[61.1563,35.4731],[61.2213,35.5816],[61.3082,35.5312],[61.7297,35.4446],[62.1795,35.2881],[62.4375,35.2514],[62.6776,35.2655],[62.9636,35.4006],[63.0627,35.4902],[63.063,35.7001],[63.1166,35.7894],[63.3723,35.8608],[64.2658,36.1711],[64.4945,36.2806],[64.5407,36.3381],[64.6321,36.784],[64.826,37.1479],[65.3369,37.2398],[65.5244,37.33],[65.7247,37.4903],[65.9791,37.358],[66.6338,37.2481],[66.6766,37.2409],[66.9677,37.2362],[67.5153,37.2138],[67.6218,37.1571],[67.7793,36.9408],[67.7972,36.9162],[67.8555,36.8529],[67.9654,36.8344],[68.1842,36.8993],[68.445,37.0535],[68.7065,37.1822],[68.853,37.183],[69.1364,37.0764],[69.3078,37.0837],[69.4022,37.1415],[69.5373,37.2823],[69.5338,37.4223],[69.567,37.5053],[69.6984,37.5315],[69.9624,37.4629],[70.0222,37.4569],[70.2214,37.528],[70.315,37.6304],[70.3124,37.745],[70.3341,37.9361],[70.53,38.1287],[70.5902,38.292],[70.7188,38.3649],[70.8914,38.3722],[70.9606,38.3471],[71.2198,38.1448],[71.1494,37.8759],[71.3674,37.918],[71.4441,37.834],[71.4306,37.7194],[71.3865,37.3704],[71.3032,37.1704],[71.3929,36.9362],[71.467,36.7521],[71.5245,36.7143],[71.6898,36.7025],[71.8476,36.7161],[72.1829,36.9388],[72.4482,36.9676],[72.7142,37.1861],[73.0472,37.3283],[73.352,37.3417],[73.4412,37.3072],[73.3833,37.2283],[73.4447,37.2019],[73.8826,37.2683],[74.1371,37.3704],[74.2555,37.3022],[74.4786,37.278],[74.7333,37.2094],[74.6468,37.144],[74.3884,37.1704],[74.3927,37.0493],[74.4991,37.044],[74.5205,37.0046],[74.4538,36.9406],[74.2926,36.9388],[74.0876,36.8049],[73.9382,36.8072],[73.7863,36.7269],[73.4949,36.7914],[72.8899,36.7861],[72.3727,36.7177],[72.1343,36.5862],[72.0119,36.5007],[71.7603,36.3231],[71.6495,36.3336],[71.5334,36.2372],[71.3248,36.0516],[71.329,35.9075],[71.5142,35.7855],[71.5184,35.634],[71.6232,35.5572],[71.5695,35.3396],[71.6589,35.1251],[71.5128,34.9337],[71.2768,34.7737],[71.0967,34.6204],[71.0384,34.4931],[71.1386,34.2779],[71.1535,34.1384],[71.0235,34.0234],[70.7925,33.9269],[70.4783,33.9442],[70.0297,33.9988],[69.87,33.9408],[70.0272,33.7893],[70.1914,33.6062],[70.2493,33.4796],[70.2892,33.2831],[70.1991,33.1683],[70.0573,33.1167],[69.8267,33.1028],[69.6396,33.0509],[69.5079,32.9486],[69.4074,32.7576],[69.2777,32.3824],[69.2153,31.8362],[69.2064,31.798],[69.0533,31.6258],[68.9466,31.5871],[68.4962,31.7559],[68.2427,31.7672],[67.9918,31.6578],[67.8287,31.5363],[67.6837,31.2244],[67.5699,31.1857],[67.3375,31.2225],[67.0481,31.2399],[66.9208,31.2074],[66.6523,31.0091],[66.4666,30.843],[66.3817,30.6901],[66.2773,30.2959],[66.2328,29.8893],[66.2016,29.8066],[66.0906,29.7361],[65.6105,29.6128],[65.0783,29.5272],[64.6449,29.4485],[64.0893,29.3945],[63.6371,29.4554],[63.48,29.4546],[62.9464,29.3563],[62.6121,29.367],[62.3686,29.3847],[61.984,29.4904],[61.5031,29.602],[61.2195,29.6893],[60.8205,29.8333],[61.2043,30.2987],[61.5878,30.6565]]]]}},{"type":"Feature","properties":{"NAME":"Tunisia","ABBREVN":"Tunisia","SUBJECTO":"Tunisia","BORDERPRECISION":3,"PARTOF":"Tunisia"},"geometry":{"type":"MultiPolygon","coordinates":[[[[11.4707,33.1441],[11.4292,32.7027],[11.4583,32.4487],[11.4164,32.3277],[11.0556,32.1351],[10.7949,31.9938],[10.1324,31.4816],[10.0755,31.3224],[10.1991,30.8846],[10.1328,30.6427],[10.0626,30.5406],[9.6738,30.2715],[9.5749,30.2074],[9.3209,30.8987],[9.0065,31.9073],[8.8607,32.1162],[8.6975,32.2297],[8.5033,32.3112],[8.2853,32.685],[8.1843,32.8941],[8.0208,33.0203],[7.8174,33.0636],[7.666,33.4123],[7.5306,33.8119],[7.5812,34.041],[8.031,34.4249],[8.2177,34.5848],[8.291,34.7695],[8.3126,35.0112],[8.2892,35.2784],[8.2771,35.6795],[8.272,36.3228],[8.3237,36.5206],[8.6315,36.8027],[8.6367,36.8853],[8.8655,36.9684],[9.1503,37.1729],[9.4161,37.2754],[9.7322,37.2824],[10.0214,37.2001],[10.1327,37.1047],[10.1589,36.9965],[10.2715,36.7546],[10.3928,36.7166],[10.5806,36.7934],[10.8433,36.9915],[11.0238,37.0683],[11.0394,36.909],[10.9201,36.6539],[10.6334,36.424],[10.5092,36.2136],[10.5115,36.0862],[10.6026,35.8889],[10.8308,35.6793],[10.989,35.6223],[11.1251,35.2406],[11.0828,35.145],[10.8394,34.8012],[10.574,34.6481],[10.1164,34.2342],[10.0195,34.0815],[10.1487,33.8784],[10.4126,33.6311],[10.6502,33.4982],[10.7781,33.473],[10.9565,33.5751],[11.0991,33.5372],[11.2089,33.2515],[11.4707,33.1441]]]]}},{"type":"Feature","properties":{"NAME":"Algeria","ABBREVN":"Algeria","SUBJECTO":"Algeria","BORDERPRECISION":3,"PARTOF":"Algeria"},"geometry":{"type":"MultiPolygon","coordinates":[[[[-8.6292,27.1727],[-8.6412,27.5668],[-8.6101,28.4697],[-8.5932,28.6414],[-8.2845,28.783],[-7.6041,29.232],[-7.1705,29.476],[-6.6014,29.4411],[-6.4227,29.4676],[-6.3414,29.7795],[-5.9527,29.7945],[-5.603,29.8728],[-5.366,29.9758],[-5.1302,30.1361],[-4.9123,30.4298],[-4.4133,30.5788],[-3.7294,30.8942],[-3.6713,30.9962],[-3.8047,31.2752],[-3.8159,31.4531],[-3.7803,31.555],[-3.661,31.6066],[-3.1275,31.6604],[-2.9559,31.7441],[-2.8171,31.9928],[-2.3572,31.9827],[-2.0558,31.9907],[-1.2343,31.989],[-1.0813,32.4539],[-1.1126,32.5491],[-1.3409,32.694],[-1.6102,33.0485],[-1.6811,33.2578],[-1.6739,33.83],[-1.664,34.2051],[-1.7382,34.6051],[-1.8233,34.7],[-2.0766,34.8257],[-2.193,35.0542],[-2.0353,35.0546],[-1.7383,35.1188],[-1.4951,35.2339],[-1.3291,35.4889],[-1.1467,35.6294],[-0.9175,35.668],[-0.7343,35.7385],[-0.4288,35.8601],[-0.283,35.7585],[-0.2037,35.7507],[-0.0917,35.7398],[0.0153,35.8037],[0.1987,36.0333],[0.4744,36.225],[0.7812,36.3849],[1.0576,36.4619],[1.5797,36.5139],[2.2938,36.5408],[2.5244,36.5732],[2.8099,36.7139],[3.07,36.6189],[3.3238,36.6512],[3.5869,36.792],[3.7412,36.8369],[4.1639,36.8314],[4.3946,36.8382],[4.5326,36.813],[4.6321,36.7941],[4.7772,36.7434],[5.1445,36.6677],[5.3827,36.6745],[5.7302,36.7517],[6.0474,36.8416],[6.3229,37.0906],[6.7705,36.8621],[6.923,36.8178],[7.0632,36.8819],[7.2049,36.9905],[7.307,37.0608],[7.5449,37.0421],[7.719,36.9533],[7.792,36.8324],[7.9132,36.7752],[8.145,36.8139],[8.6367,36.8853],[8.6315,36.8027],[8.3237,36.5206],[8.272,36.3228],[8.2771,35.6795],[8.2892,35.2784],[8.3126,35.0112],[8.291,34.7695],[8.2177,34.5848],[8.031,34.4249],[7.5812,34.041],[7.5306,33.8119],[7.666,33.4123],[7.8174,33.0636],[8.0208,33.0203],[8.1843,32.8941],[8.2853,32.685],[8.5033,32.3112],[8.6975,32.2297],[8.8607,32.1162],[9.0065,31.9073],[9.3209,30.8987],[9.5749,30.2074],[9.4833,30.1369],[9.3747,29.9647],[9.7704,29.2425],[9.8371,28.8679],[9.8604,28.5566],[9.8153,28.1687],[9.8608,27.8321],[9.7885,27.5521],[9.7174,27.3292],[9.9233,26.8092],[9.8958,26.5104],[9.8574,26.4339],[9.5574,26.2224],[9.4454,26.1646],[9.3767,26.0371],[9.9493,25.2714],[10.0615,24.8589],[10.3147,24.4663],[10.4245,24.3971],[10.6692,24.4874],[10.9854,24.413],[11.4479,24.2568],[11.5279,24.181],[11.9153,23.5032],[11.959,23.4717],[11.8399,23.3884],[11.1057,23.0091],[9.3003,22.0008],[8.5771,21.5707],[7.5384,20.9164],[7.1631,20.6218],[5.7755,19.4442],[4.9565,19.2805],[4.2038,19.1363],[3.2252,18.9526],[3.1589,19.2064],[3.2314,19.5119],[3.1871,19.7469],[3.0624,19.905],[2.9233,19.9551],[2.5867,19.9658],[2.4181,20.0411],[2.1537,20.2938],[1.942,20.1527],[1.8395,20.1648],[1.3393,20.6323],[1.1628,20.7584],[1.1257,20.8408],[1.1687,21.019],[1.0874,21.133],[-0.0249,21.7939],[-0.2037,21.9079],[-0.7854,22.2789],[-1.6512,22.8459],[-3.1287,23.8544],[-3.4936,24.1129],[-4.4179,24.7178],[-4.8208,24.957],[-4.8658,24.9949],[-5.502,25.4044],[-7.356,26.4934],[-8.6292,27.1727]]]]}},{"type":"Feature","properties":{"NAME":"Morocco","ABBREVN":"Morocco","SUBJECTO":"Morocco","BORDERPRECISION":3,"PARTOF":"Morocco"},"geometry":{"type":"MultiPolygon","coordinates":[[[[-2.193,35.0542],[-2.0766,34.8257],[-1.8233,34.7],[-1.7382,34.6051],[-1.664,34.2051],[-1.6739,33.83],[-1.6811,33.2578],[-1.6102,33.0485],[-1.3409,32.694],[-1.1126,32.5491],[-1.0813,32.4539],[-1.2343,31.989],[-2.0558,31.9907],[-2.3572,31.9827],[-2.8171,31.9928],[-2.9559,31.7441],[-3.1275,31.6604],[-3.661,31.6066],[-3.7803,31.555],[-3.8159,31.4531],[-3.8047,31.2752],[-3.6713,30.9962],[-3.7294,30.8942],[-4.4133,30.5788],[-4.9123,30.4298],[-5.1302,30.1361],[-5.366,29.9758],[-5.603,29.8728],[-5.9527,29.7945],[-6.3414,29.7795],[-6.4227,29.4676],[-6.6014,29.4411],[-7.1705,29.476],[-7.6041,29.232],[-8.2845,28.783],[-8.5932,28.6414],[-8.6101,28.4697],[-8.6412,27.5668],[-9.2805,27.5631],[-10.0537,27.565],[-11.258,27.5644],[-12.3881,27.5643],[-13.1236,27.5463],[-13.0601,27.6726],[-12.8662,27.8573],[-12.6741,27.8959],[-12.0906,28.0242],[-11.5765,28.2286],[-11.3727,28.3689],[-10.8562,28.7512],[-10.3393,29.1463],[-9.8696,29.643],[-9.6626,29.9548],[-9.6027,30.1837],[-9.625,30.4061],[-9.817,30.7552],[-9.8578,31.0602],[-9.8133,31.2891],[-9.6353,31.5754],[-9.3176,31.9637],[-9.2223,32.2562],[-9.2508,32.4214],[-9.2187,32.5804],[-8.6403,33.1217],[-8.3144,33.3385],[-7.9024,33.4855],[-7.3326,33.6964],[-7.004,33.875],[-6.753,34.1234],[-6.5115,34.4543],[-6.302,34.8614],[-5.9288,35.7279],[-5.8079,35.7854],[-5.565,35.8623],[-5.4794,35.8052],[-5.1718,35.4238],[-5.1096,35.3793],[-4.593,35.1512],[-4.2954,35.1518],[-4.0279,35.1332],[-3.4408,35.1663],[-3.2058,35.2686],[-3.009,35.39],[-2.8299,35.1421],[-2.7148,35.0977],[-2.3557,35.0539],[-2.193,35.0542]]]]}},{"type":"Feature","properties":{"NAME":"Netherlands","ABBREVN":"Netherlands","SUBJECTO":"Netherlands","BORDERPRECISION":3,"PARTOF":"Netherlands"},"geometry":{"type":"MultiPolygon","coordinates":[[[[7.1599,53.164],[7.228,52.9667],[7.0729,52.8043],[7.0348,52.6235],[6.7781,52.6399],[6.7268,52.5583],[6.7136,52.4757],[6.9119,52.4155],[6.9969,52.4429],[7.069,52.3663],[7.0677,52.2186],[6.8822,52.1257],[6.8246,51.9564],[6.6804,51.8878],[6.3814,51.8199],[6.2114,51.8799],[6.1327,51.8384],[5.9794,51.8035],[5.9479,51.7217],[6.1169,51.6399],[6.1538,51.5207],[6.2223,51.3891],[6.1796,51.3223],[6.0892,51.1985],[6.1762,51.1441],[6.0702,51.0842],[5.9642,51.0243],[5.9279,50.9808],[6.0097,50.9645],[6.0739,50.8666],[5.9996,50.7416],[5.6971,50.7307],[5.6968,50.8829],[5.7742,50.9264],[5.8239,51.1168],[5.4844,51.2856],[5.2437,51.2366],[5.1125,51.4055],[5.0101,51.4327],[4.9321,51.3782],[4.7914,51.4872],[4.6711,51.4055],[4.5331,51.4055],[4.3954,51.4109],[4.4067,51.3401],[4.173,51.3249],[3.9895,51.3437],[3.775,51.3877],[3.7435,51.4605],[3.5203,51.5791],[3.8781,51.7917],[4.2644,52.0709],[4.3872,52.2304],[4.641,52.7557],[4.7188,52.8024],[5.0084,52.8562],[5.1733,52.7434],[5.2346,52.6229],[5.1082,52.5315],[5.0061,52.5569],[5.0357,52.3337],[4.9498,52.2779],[5.4732,52.1766],[5.5744,52.283],[5.7569,52.3337],[5.8171,52.5214],[5.6113,52.5315],[5.5557,52.5873],[5.5469,52.6787],[5.6534,52.7498],[5.5764,52.7599],[5.3257,52.7904],[5.358,52.9377],[5.3428,52.9963],[5.3321,53.0114],[5.3895,53.1386],[5.6473,53.2278],[5.9663,53.335],[6.2607,53.3217],[6.7507,53.3899],[6.861,53.2658],[7.0091,53.2454],[7.0433,53.164],[7.1599,53.164]]]]}},{"type":"Feature","properties":{"NAME":"Austria","ABBREVN":"Austria","SUBJECTO":"Austria","BORDERPRECISION":3,"PARTOF":"Austria"},"geometry":{"type":"MultiPolygon","coordinates":[[[[9.7367,47.6161],[9.78,47.5666],[9.892,47.5635],[9.9383,47.5017],[10.0258,47.4801],[10.021,47.406],[10.138,47.3887],[10.1029,47.301],[10.1995,47.301],[10.4031,47.4554],[10.3883,47.579],[10.4954,47.5604],[10.6132,47.5852],[10.8348,47.545],[10.8766,47.4801],[10.9029,47.4152],[11.1703,47.4245],[11.34,47.4708],[11.3598,47.5295],[11.5034,47.5357],[11.5596,47.613],[12.122,47.6284],[12.1633,47.7088],[12.3582,47.7243],[12.4461,47.6624],[12.7001,47.6902],[12.7654,47.6377],[12.7437,47.5635],[12.942,47.4832],[12.9789,47.5079],[13.023,47.6624],[12.9981,47.7335],[12.8475,47.7397],[12.9363,47.8727],[12.6942,48.1294],[12.8582,48.2316],[13.2936,48.3647],[13.3667,48.4421],[13.3841,48.5939],[13.4437,48.6063],[13.64,48.5382],[13.9467,48.6551],[14.0118,48.6489],[14.1709,48.591],[14.3885,48.5465],[14.6575,48.6197],[14.9931,48.9678],[15.6115,48.8143],[16.0696,48.7122],[16.6692,48.7938],[16.9143,48.7037],[16.9388,48.661],[16.9629,48.619],[16.9193,48.3577],[16.989,48.2406],[17.1335,48.1367],[17.3312,47.9947],[17.0452,47.8639],[17.0369,47.6988],[16.7216,47.6747],[16.6474,47.735],[16.5012,47.735],[16.4009,47.6465],[16.6045,47.6183],[16.6655,47.5298],[16.5951,47.4372],[16.4108,47.4091],[16.3929,47.2402],[16.4845,47.1558],[16.4152,47.0231],[16.2596,46.8888],[15.9474,46.8183],[15.9846,46.6416],[15.584,46.6938],[15.45,46.6055],[15.0679,46.6416],[14.8129,46.5934],[14.5218,46.3687],[14.3929,46.4369],[14.1407,46.4333],[14.1174,46.4329],[14.0366,46.4811],[13.5689,46.5104],[13.354,46.5607],[12.9519,46.5975],[12.3619,46.7085],[12.2178,46.8843],[12.0748,46.9275],[12.0643,47.091],[11.6786,46.9892],[11.5433,47.0355],[11.343,46.9861],[11.2608,47.0232],[11.0958,46.9799],[10.9478,46.7949],[10.6794,46.8103],[10.3957,46.8874],[10.4086,46.9645],[10.3118,47.017],[10.0515,46.8677],[9.8042,46.9769],[9.8006,47.0417],[9.5208,47.0694],[9.5608,47.1559],[9.4646,47.2855],[9.5843,47.4091],[9.5393,47.4872],[9.561,47.5005],[9.5984,47.4873],[9.6413,47.5071],[9.6478,47.4881],[9.6658,47.496],[9.6781,47.4888],[9.6992,47.5063],[9.7428,47.5046],[9.7524,47.5108],[9.7124,47.5506],[9.6803,47.5427],[9.6802,47.5563],[9.6655,47.5562],[9.7367,47.6161]]]]}},{"type":"Feature","properties":{"NAME":"Libya (IT)","ABBREVN":"Libya (IT)","SUBJECTO":"Italy","BORDERPRECISION":3,"PARTOF":"Libya (IT)"},"geometry":{"type":"MultiPolygon","coordinates":[[[[24.9529,21.8822],[24.943,21.431],[24.9579,20.0457],[24.9186,19.9693],[24.2164,19.9779],[23.9825,19.9829],[23.9497,19.4743],[23.0579,19.9076],[20.548,21.1639],[18.3247,22.2313],[15.9705,23.3806],[15.7858,23.3541],[14.9677,22.968],[14.2844,22.6399],[14.1801,22.5694],[13.6436,22.9794],[13.5274,23.0613],[13.0738,23.2112],[12.3336,23.4103],[11.959,23.4717],[11.9153,23.5032],[11.5279,24.181],[11.4479,24.2568],[10.9854,24.413],[10.6692,24.4874],[10.4245,24.3971],[10.3147,24.4663],[10.0615,24.8589],[9.9493,25.2714],[9.3767,26.0371],[9.4454,26.1646],[9.5574,26.2224],[9.8574,26.4339],[9.8958,26.5104],[9.9233,26.8092],[9.7174,27.3292],[9.7885,27.5521],[9.8608,27.8321],[9.8153,28.1687],[9.8604,28.5566],[9.8371,28.8679],[9.7704,29.2425],[9.3747,29.9647],[9.4833,30.1369],[9.5749,30.2074],[9.6738,30.2715],[10.0626,30.5406],[10.1328,30.6427],[10.1991,30.8846],[10.0755,31.3224],[10.1324,31.4816],[10.7949,31.9938],[11.0556,32.1351],[11.4164,32.3277],[11.4583,32.4487],[11.4292,32.7027],[11.4707,33.1441],[12.117,32.8785],[12.5648,32.7396],[12.7989,32.7338],[13.1871,32.7918],[13.4588,32.7796],[14.157,32.6794],[14.4334,32.4639],[14.7908,32.363],[15.0098,32.3634],[15.1637,32.2748],[15.2414,32.1733],[15.3581,31.805],[15.5334,31.5512],[15.8433,31.285],[16.0134,31.2282],[16.3184,31.1653],[16.7825,31.1281],[16.9838,31.0967],[17.4216,30.996],[17.709,30.8949],[17.9572,30.7684],[18.5372,30.4137],[18.915,30.2049],[19.1245,30.1989],[19.3228,30.2565],[19.6639,30.4415],[19.9815,30.7217],[20.1168,30.9571],[20.1167,31.0715],[19.9921,31.3508],[19.9416,31.6112],[19.9615,31.7955],[20.0684,32.0371],[20.3657,32.2982],[20.5155,32.3875],[20.7651,32.496],[21.0545,32.6301],[21.6734,32.8156],[22.216,32.7913],[22.5431,32.7221],[22.9228,32.5577],[23.0073,32.4816],[23.0267,32.2529],[23.1533,32.1388],[23.2886,32.1327],[23.714,32.0764],[24.0344,31.9373],[24.2369,31.925],[24.8159,31.9072],[24.9515,31.8185],[24.9822,31.647],[25.1066,31.5138],[25.0621,31.4203],[24.8962,31.3177],[24.8018,31.1647],[24.9612,30.5875],[24.8572,30.3963],[24.7119,30.1476],[24.687,30.0077],[24.7702,29.5825],[24.9444,29.1705],[24.9634,29.0054],[24.9569,28.5606],[24.9486,26.8196],[24.9416,26.1588],[24.9379,25.2374],[24.9375,24.926],[24.9578,23.6616],[24.9478,23.0578],[24.9529,21.8822]]]]}},{"type":"Feature","properties":{"NAME":"Mandatory Palestine (GB)","ABBREVN":"Palestine","SUBJECTO":"United Kingdom of Great Britain and Ireland","BORDERPRECISION":3,"PARTOF":"Mandatory Palestine (GB)"},"geometry":{"type":"MultiPolygon","coordinates":[[[[34.9355,29.4181],[34.5603,30.2039],[34.2019,31.0784],[34.1463,31.2086],[34.1953,31.2381],[34.5007,31.6211],[34.5991,31.8179],[34.6813,32.046],[34.7585,32.3007],[34.8429,32.6707],[34.895,32.6628],[34.9566,32.7048],[34.9591,32.7967],[34.972,32.9384],[35.1392,32.9617],[35.2076,32.9515],[35.2391,32.907],[35.3991,32.9384],[35.4029,33.014],[35.4332,33.1007],[35.473,33.119],[35.5044,33.1085],[35.5866,32.9528],[35.6771,32.8952],[35.6864,32.8128],[35.6652,32.7578],[35.7022,32.7194],[35.688,32.7106],[35.6564,32.6911],[35.64,32.6374],[35.6695,32.4524],[35.6573,32.3273],[35.6298,32.249],[35.6147,31.8678],[35.5831,31.5309],[35.5234,31.4036],[35.5251,31.2194],[35.3904,30.8184],[35.1577,30.328],[35.1642,29.9596],[35.0332,29.5459],[34.9847,29.4672],[34.9543,29.4368],[34.9355,29.4181]]]]}},{"type":"Feature","properties":{"NAME":"Egypt","ABBREVN":"Egypt","SUBJECTO":"United Kingdom of Great Britain and Ireland","BORDERPRECISION":3,"PARTOF":"Egypt"},"geometry":{"type":"MultiPolygon","coordinates":[[[[34.1463,31.2086],[34.2019,31.0784],[34.5603,30.2039],[34.9355,29.4181],[34.7643,29.2467],[34.5489,28.7316],[34.3988,28.096],[34.322,27.829],[34.2412,27.7589],[34.058,27.7903],[33.856,28.025],[33.5041,28.3292],[33.3307,28.5512],[33.1785,28.9956],[32.9438,29.1984],[32.8136,29.4777],[32.7373,29.6935],[32.648,29.8522],[32.4384,29.7755],[32.3185,29.5402],[32.5906,28.9372],[32.6493,28.7658],[32.9347,28.3788],[33.3542,27.9095],[33.5669,27.37],[33.8041,26.9321],[33.9288,26.5638],[34.1042,26.3545],[34.5148,25.5739],[34.9974,24.7172],[35.1899,24.3999],[35.4535,24.1527],[35.6566,23.9943],[35.7247,23.9118],[35.6163,23.8353],[35.4879,23.7906],[35.4685,23.7207],[35.5759,23.2317],[35.6893,23.0213],[35.7463,22.9143],[36.1114,22.6483],[36.2902,22.5724],[36.4732,22.3377],[36.6604,22.1665],[36.8001,21.9149],[32.1281,21.9177],[31.1663,21.9184],[29.918,21.9175],[28.7869,21.9109],[27.7668,21.9241],[27.0177,21.9197],[26.4595,21.9164],[25.7329,21.9249],[25.3216,21.9225],[24.9529,21.8822],[24.9478,23.0578],[24.9578,23.6616],[24.9375,24.926],[24.9379,25.2374],[24.9416,26.1588],[24.9486,26.8196],[24.9569,28.5606],[24.9634,29.0054],[24.9444,29.1705],[24.7702,29.5825],[24.687,30.0077],[24.7119,30.1476],[24.8572,30.3963],[24.9612,30.5875],[24.8018,31.1647],[24.8962,31.3177],[25.0621,31.4203],[25.1066,31.5138],[25.2582,31.4379],[25.5072,31.4448],[25.7895,31.4898],[26.1433,31.4906],[26.824,31.3586],[27.0881,31.3067],[27.4388,31.2518],[27.7633,31.1826],[27.9194,30.9987],[28.0998,30.9991],[28.5172,30.9618],[28.9664,30.7848],[29.2488,30.7537],[29.3594,30.8111],[29.6831,31.0532],[30.0991,31.2319],[30.4761,31.3153],[30.8271,31.4367],[30.996,31.4689],[31.1514,31.4437],[31.3923,31.4443],[31.7174,31.3878],[31.8081,31.1783],[32.0765,31.0137],[32.3094,31.084],[32.5972,30.9639],[32.7687,30.9516],[33.0214,31.1321],[33.1296,31.0517],[33.2546,31.0265],[33.5576,30.9677],[33.7096,30.9957],[33.917,31.0701],[34.1463,31.2086]]]]}},{"type":"Feature","properties":{"NAME":"Norway","ABBREVN":"Norway","SUBJECTO":"Norway","BORDERPRECISION":3,"PARTOF":"Norway"},"geometry":{"type":"MultiPolygon","coordinates":[[[[21.9708,79.7829],[21.2526,79.789],[20.3442,79.7963],[19.5617,79.7678],[19.2181,79.7402],[18.3306,79.8824],[18.6958,80.0874],[19.0676,80.165],[19.3988,80.3686],[19.9154,80.6334],[20.5245,80.3224],[20.9737,80.275],[21.4759,80.3147],[21.8812,80.2768],[22.1977,80.1233],[22.5874,80.2686],[22.826,80.473],[23.2164,80.6108],[23.0768,80.2406],[23.1154,80.0963],[23.4983,80.0971],[23.9442,80.3198],[24.4214,80.4373],[24.7829,80.3797],[25.034,80.1675],[25.3513,80.1489],[26.2544,80.1989],[26.9486,80.1137],[27.1968,79.9444],[26.9686,79.8539],[26.067,79.5741],[25.3367,79.403],[24.8552,79.3753],[24.4163,79.3122],[23.8205,79.1475],[20.9983,79.1911],[20.9833,79.3609],[21.6549,79.4781],[21.9708,79.7829]]],[[[13.2522,79.8007],[13.283,79.4871],[13.3967,79.4337],[14.1589,79.3638],[14.2581,79.5336],[14.3166,79.7219],[14.5747,79.7853],[14.8101,79.8037],[15.2372,79.5892],[15.7741,79.2423],[16.1332,79.1364],[16.3888,79.2346],[16.2892,79.3679],[16.082,79.5282],[15.935,79.7429],[15.9166,79.8418],[16.3263,80.0251],[16.7766,79.9786],[16.9953,79.8978],[17.5706,79.8899],[17.8341,79.8095],[17.7982,79.6209],[17.7222,79.4866],[17.769,79.4153],[18.016,79.3623],[18.3505,79.5146],[18.5487,79.5597],[18.8465,79.3817],[19.1516,79.2309],[19.5049,79.1606],[19.9319,79.1082],[20.6842,78.9149],[20.9081,78.8094],[20.3212,78.685],[19.4291,78.5866],[19.1158,78.4545],[18.7868,77.9398],[18.3886,77.5416],[17.8294,77.4889],[17.4849,77.2481],[17.2799,76.983],[17.267,76.8129],[16.913,76.7189],[16.6629,76.7269],[15.9461,76.8868],[15.0989,77.1153],[14.4846,77.3709],[14.7779,77.5348],[15.4821,77.5533],[16.2868,77.6152],[16.7116,77.7886],[16.418,77.9006],[15.5981,77.8384],[14.8934,77.7852],[14.131,77.7664],[13.9051,77.9999],[14.3365,78.0268],[14.9534,78.1236],[15.9209,78.2649],[16.617,78.4673],[15.4803,78.6494],[15.0839,78.7807],[14.819,78.7185],[14.3528,78.4279],[13.8718,78.2959],[13.6184,78.2692],[13.0621,78.3468],[12.9101,78.4252],[12.4375,78.5909],[12.0746,78.6957],[11.7603,78.8802],[12.5248,79.0586],[12.157,79.3154],[11.5452,79.172],[11.3352,79.2071],[10.9194,79.5452],[11.2843,79.7071],[11.5165,79.7165],[12.0003,79.7714],[12.4577,79.7543],[12.7174,79.7817],[13.2522,79.8007]]],[[[11.1789,59.0703],[11.1121,59.1651],[10.8292,59.1058],[10.7689,59.1177],[10.6568,59.2244],[10.5493,59.3786],[10.6336,59.4499],[10.5697,59.5805],[10.4071,59.4973],[10.3786,59.3667],[10.4296,59.26],[10.3633,59.2125],[10.2111,59.0703],[10.1723,58.9874],[9.9376,58.94],[9.6976,58.9992],[9.3462,58.8453],[9.3716,58.7861],[9.1459,58.6561],[8.9217,58.5379],[8.1752,58.172],[8.1537,58.0895],[8.0302,58.066],[7.9084,58.066],[6.9586,57.9717],[6.8742,58.0778],[6.7257,58.1367],[6.6437,58.0424],[6.4791,58.0895],[6.6517,58.172],[6.2313,58.2782],[5.8738,58.4316],[5.6155,58.4552],[5.3997,58.7152],[5.531,58.8808],[5.4746,58.9755],[5.6275,58.9637],[5.6658,58.8216],[5.7937,58.9163],[6.0936,58.798],[5.9837,58.8867],[6.0412,58.9518],[6.2661,58.9933],[6.0505,58.9814],[5.9404,58.9341],[5.8223,59.017],[5.7719,59.0762],[6.0326,59.2007],[6.2375,59.2837],[6.0203,59.254],[5.8775,59.3134],[6.0763,59.4202],[6.1134,59.527],[5.8159,59.3134],[5.7995,59.432],[5.6805,59.5092],[5.6829,59.4142],[5.7171,59.3371],[5.5285,59.2659],[5.3438,59.2659],[5.3503,59.3905],[5.2826,59.2718],[5.1766,59.3074],[5.0866,59.5092],[5.3826,59.7113],[5.4186,59.5152],[5.4493,59.6578],[5.6462,59.5865],[5.7411,59.628],[5.6666,59.6756],[5.9699,59.7113],[6.1854,59.8243],[5.9105,59.7529],[5.694,59.7529],[5.5433,59.8243],[5.6317,59.8838],[5.8058,59.9493],[5.8941,60.1613],[5.5246,60.1675],[5.2791,60.1253],[5.0962,60.2641],[5.2618,60.3271],[5.5511,60.5089],[5.4558,60.5924],[5.2552,60.5641],[5.0755,60.5917],[4.9804,60.6892],[5.1085,60.9061],[5.387,61.0256],[5.1196,61.1371],[5.0183,61.3051],[5.141,61.3896],[5.1011,61.6986],[5.149,61.7409],[5.416,61.7695],[5.5924,61.7897],[5.7971,61.7699],[5.8339,61.8194],[5.7195,61.8795],[5.5282,61.9326],[5.4257,62.0093],[5.4697,62.0937],[5.5646,62.1503],[5.8236,62.179],[6.0535,62.3348],[6.3084,62.2858],[6.5325,62.3357],[6.613,62.5833],[6.9887,62.5416],[7.2893,62.4856],[7.5467,62.5993],[7.1016,62.7046],[6.9819,62.8461],[7.0882,62.9102],[7.6065,62.9041],[7.9892,62.9403],[8.2313,62.8414],[8.258,63.0543],[8.4723,63.1755],[8.6059,63.3251],[8.9572,63.404],[9.1542,63.319],[9.2161,63.2836],[9.4409,63.4975],[9.8321,63.6836],[9.8701,63.8764],[10.0662,64.0555],[10.7398,64.3862],[10.8906,64.4725],[10.9966,64.4942],[11.2135,64.4157],[11.3641,64.416],[11.5077,64.5167],[11.4065,64.617],[11.4699,64.6746],[11.6897,64.7757],[11.8956,64.9127],[12.1121,65.1299],[12.2222,65.1011],[12.5265,65.109],[12.4962,65.3845],[12.2841,65.4349],[12.4792,65.617],[12.7091,65.9089],[13.0874,65.8804],[13.1088,66.0337],[13.1519,66.1361],[13.581,66.1881],[13.4028,66.3488],[13.2554,66.3925],[13.1686,66.4583],[13.2421,66.5685],[13.3832,66.679],[13.592,66.6573],[13.9916,66.6875],[13.7472,66.9224],[13.8591,66.9594],[14.0547,66.9746],[14.3731,67.0931],[14.6393,67.1231],[14.7777,67.2165],[14.6165,67.2453],[14.5692,67.3293],[14.6991,67.3744],[14.9762,67.5229],[15.2267,67.5086],[15.3845,67.4644],[15.5799,67.5833],[15.7457,67.5973],[15.7618,67.6763],[15.5722,67.8207],[15.8542,67.9252],[15.9197,68.049],[16.0711,68.0447],[16.2327,67.9111],[16.4116,67.8742],[16.6485,68.0457],[16.5219,68.3409],[16.7191,68.3114],[17.0333,68.3376],[17.1264,68.4161],[16.8548,68.5578],[17.0397,68.6585],[17.4069,68.7715],[17.4489,68.887],[17.5659,68.9744],[17.8947,69.0351],[17.9281,69.0051],[18.0515,69.0279],[18.0974,69.058],[18.3191,69.3594],[18.5532,69.2469],[18.9848,69.3154],[19.1702,69.2555],[19.2892,69.2106],[19.58,69.1811],[19.8212,69.3697],[20.1577,69.7478],[20.2864,69.7859],[20.3583,69.7104],[20.2782,69.5818],[20.1965,69.3177],[20.5527,69.5219],[20.7339,69.7792],[21.1027,69.8177],[21.412,70.0154],[21.6086,69.9625],[21.9081,69.804],[22.1633,70.0931],[22.3064,70.2156],[22.7456,70.1706],[23.2036,69.9428],[23.2925,70.0113],[23.5084,70.2791],[23.8273,70.4788],[23.9549,70.5021],[24.2077,70.4719],[24.3596,70.6103],[24.5705,70.7414],[24.849,70.8266],[25.389,70.9046],[25.8321,70.8978],[25.2307,70.5582],[25.1224,70.4352],[25.0741,70.1444],[25.263,70.1065],[25.574,70.3671],[26.2627,70.7907],[26.6065,70.9146],[26.6191,70.7991],[26.6174,70.392],[26.9344,70.4693],[27.1311,70.5771],[27.516,70.9703],[27.9475,71.0174],[28.2112,71.0179],[28.3084,70.9486],[28.1364,70.8327],[27.9853,70.717],[28.0189,70.6095],[27.8754,70.4251],[28.2897,70.3722],[28.3889,70.5718],[28.7948,70.8648],[28.9843,70.8574],[29.7412,70.605],[30.0414,70.5441],[30.462,70.5373],[30.7542,70.4304],[30.7988,70.308],[30.2519,70.1311],[29.7349,70.1149],[28.7301,70.1359],[28.8171,70.0979],[29.08,69.9612],[29.5559,69.8334],[29.7286,69.6976],[30.0558,69.7209],[30.3613,69.7668],[30.7354,69.7524],[31.0538,69.6396],[30.8717,69.5101],[30.6408,69.4185],[30.2699,69.4091],[29.9236,69.3546],[29.4628,69.1342],[29.0074,68.8318],[28.6972,68.6955],[28.6964,68.7853],[28.7397,68.9504],[29.133,69.3656],[29.1133,69.486],[28.717,69.6424],[28.4149,69.6937],[27.9087,69.8877],[27.6585,69.8864],[27.4089,69.8549],[26.5073,69.8125],[26.1177,69.6442],[25.8625,69.4544],[25.7456,69.258],[25.7099,69.0324],[25.6254,68.8071],[25.0628,68.5947],[24.8007,68.429],[24.6617,68.4955],[24.0818,68.7168],[23.3362,68.6158],[22.7012,68.6349],[22.4598,68.6935],[22.0723,68.9613],[21.6251,69.237],[21.4058,69.2735],[21.246,69.2275],[20.7906,68.9323],[20.7394,68.961],[20.5549,68.9751],[20.1656,68.9581],[20.039,68.4783],[19.9651,68.2765],[19.8427,68.1641],[19.6972,68.1708],[19.3961,68.2288],[18.9587,68.2937],[18.1795,68.4688],[18.1041,68.3863],[18.0942,68.0881],[18.057,67.9987],[17.9136,67.8642],[17.6009,67.8626],[17.2087,67.9051],[17.083,67.9119],[16.8739,67.8366],[16.206,67.3073],[16.2283,67.2113],[16.3051,66.9832],[16.2205,66.8281],[15.9435,66.6724],[15.3474,66.2587],[15.0384,66.0598],[14.5967,66.0502],[14.542,65.9404],[14.5153,65.5034],[14.3714,65.2341],[14.1989,65.0232],[13.9404,64.7986],[13.7179,64.5533],[13.8702,64.4967],[14.0416,64.3757],[14.155,64.1113],[14.0784,64.0322],[13.8802,63.9526],[13.5505,63.9366],[13.131,63.9487],[12.8531,63.8973],[12.5771,63.7816],[12.2992,63.5662],[12.1242,63.3446],[12.0896,63.046],[11.9327,62.554],[12.2256,62.2257],[12.0746,61.6985],[12.3366,61.5231],[12.658,61.4395],[12.7917,61.3299],[12.5974,61.0286],[12.174,60.9564],[12.431,60.6258],[12.548,60.4339],[12.4359,60.2781],[12.4228,60.0388],[12.077,59.8659],[11.8906,59.86],[11.8379,59.6696],[11.6103,59.5686],[11.7089,59.1949],[11.5633,58.8631],[11.3786,58.8571],[11.3108,59.0111],[11.1789,59.0703]]]]}},{"type":"Feature","properties":{"NAME":"Finland","ABBREVN":"Finland","SUBJECTO":"Finland","BORDERPRECISION":3,"PARTOF":"Finland"},"geometry":{"type":"MultiPolygon","coordinates":[[[[28.6972,68.6955],[28.686,68.5683],[28.5701,68.3588],[28.6222,68.1207],[28.8757,68.0253],[29.2681,67.9382],[29.7018,67.7104],[29.9461,67.5339],[29.757,67.3703],[29.1709,67.0206],[29.0229,66.8874],[29.6543,66.26],[30.0017,65.7221],[29.9134,65.5617],[29.7153,65.3212],[29.6312,65.1398],[29.6182,64.9734],[29.7844,64.7443],[30.3635,64.1168],[30.4315,64.0029],[30.4058,63.8885],[30.1622,63.7018],[30.0149,63.6156],[30.2126,63.4671],[30.8236,63.2428],[31.14,63.1237],[31.3359,62.9474],[31.4083,62.792],[31.3609,62.6078],[31.1675,62.3666],[30.9018,62.1255],[30.2786,61.7845],[29.3861,61.2466],[28.51,60.7318],[28.4318,60.6035],[28.0114,60.5107],[27.4736,60.4261],[27.4062,60.3448],[27.1785,60.4424],[26.9456,60.3763],[26.9223,60.3161],[26.6131,60.3478],[26.5259,60.3965],[26.5516,60.5707],[26.4428,60.3333],[26.3227,60.2702],[26.0377,60.2493],[25.8901,60.2358],[25.8455,60.1155],[25.5805,60.2623],[25.4499,60.1384],[25.1458,60.1097],[24.993,60.0296],[24.9695,60.0868],[24.743,60.0382],[24.516,59.9895],[24.4211,59.8698],[24.2814,59.9381],[23.9789,59.8811],[23.9611,59.9325],[23.6647,59.8356],[23.4189,59.8298],[23.2014,59.8185],[22.9821,59.9325],[22.882,60.0556],[23.0052,60.2088],[22.6246,60.2011],[22.3921,60.1212],[22.4215,60.2932],[22.2207,60.2588],[21.931,60.3808],[21.7468,60.4083],[21.5602,60.5125],[21.4432,60.6936],[21.4273,61.0151],[21.4983,61.1833],[21.5208,61.3796],[21.561,61.4849],[21.4052,61.7024],[21.2112,61.8709],[21.3464,62.1671],[21.3376,62.3436],[21.2001,62.4352],[21.0337,62.4773],[21.0618,62.6117],[21.1948,62.7607],[21.4813,62.8888],[21.546,62.9741],[21.4947,63.123],[21.6665,63.1873],[21.9513,63.131],[22.075,63.1028],[22.2924,63.2027],[22.4288,63.395],[22.4758,63.6016],[22.569,63.723],[22.7042,63.5806],[22.8255,63.5809],[23.5803,64.0821],[24.094,64.3766],[24.4701,64.6355],[24.9319,64.816],[25.3251,64.8024],[25.3519,64.9391],[25.2934,65.0039],[25.1326,65.0759],[25.1861,65.2427],[25.2515,65.4169],[25.1036,65.5401],[24.5911,65.5828],[24.2148,65.7859],[23.9477,65.7967],[23.8967,65.902],[23.7495,66.0398],[23.6561,66.2804],[23.8812,66.6406],[23.8682,66.8169],[23.6857,67.1251],[23.4579,67.4119],[23.4597,67.6488],[23.4877,67.8343],[23.1412,68.0852],[22.9127,68.1882],[22.2007,68.2815],[21.7125,68.4132],[21.1333,68.7092],[20.8564,68.9176],[20.7906,68.9323],[21.246,69.2275],[21.4058,69.2735],[21.6251,69.237],[22.0723,68.9613],[22.4598,68.6935],[22.7012,68.6349],[23.3362,68.6158],[24.0818,68.7168],[24.6617,68.4955],[24.8007,68.429],[25.0628,68.5947],[25.6254,68.8071],[25.7099,69.0324],[25.7456,69.258],[25.8625,69.4544],[26.1177,69.6442],[26.5073,69.8125],[27.4089,69.8549],[27.6585,69.8864],[27.9087,69.8877],[28.4149,69.6937],[28.717,69.6424],[29.1133,69.486],[29.133,69.3656],[28.7397,68.9504],[28.6964,68.7853],[28.6972,68.6955]]]]}},{"type":"Feature","properties":{"NAME":"Sweden","ABBREVN":"Sweden","SUBJECTO":"Sweden","BORDERPRECISION":3,"PARTOF":"Sweden"},"geometry":{"type":"MultiPolygon","coordinates":[[[[23.8441,65.7985],[23.4057,65.7248],[23.204,65.6808],[22.7982,65.8548],[22.6456,65.9348],[22.4898,65.8834],[22.2016,65.7153],[21.9575,65.4457],[21.8187,65.3801],[21.5223,65.3723],[21.2773,65.2123],[21.4237,65.1039],[21.4894,65.0172],[21.3294,64.8944],[20.9212,64.7138],[21.0643,64.592],[21.237,64.5205],[21.3858,64.3846],[21.0489,64.2192],[20.8665,64.0256],[20.7007,63.8181],[19.9849,63.5173],[19.6703,63.3885],[19.465,63.4807],[19.3182,63.4448],[19.0759,63.2025],[18.785,63.138],[18.4866,62.9812],[18.3889,62.8534],[18.3032,62.7894],[17.9674,62.7746],[17.8682,62.7886],[17.9363,62.548],[17.7181,62.3567],[17.2902,62.4407],[17.3874,62.2008],[17.4968,62.0881],[17.387,61.6584],[17.1626,61.6299],[17.0652,61.5384],[17.1502,61.1977],[17.1462,60.9528],[17.3176,60.7531],[17.1885,60.6743],[17.605,60.6375],[17.7065,60.5536],[17.9307,60.5903],[18.2244,60.323],[18.4169,60.1816],[18.8041,60.1084],[18.8931,59.9257],[19.0373,59.8632],[19.0436,59.7124],[18.8679,59.7124],[18.6393,59.5669],[18.2514,59.4319],[18.0301,59.3593],[17.7953,59.3645],[17.73,59.4164],[17.368,59.4683],[17.0706,59.5461],[16.7855,59.5773],[16.7241,59.5306],[16.5232,59.5825],[16.4076,59.4475],[16.7765,59.4787],[16.9998,59.3593],[17.2658,59.3385],[17.3581,59.2452],[17.5749,59.2141],[17.5844,59.2711],[17.8617,59.24],[17.9776,59.3282],[18.1114,59.323],[18.3282,59.3697],[18.4296,59.3333],[18.4414,59.4008],[18.5155,59.4008],[18.6113,59.3333],[18.5982,59.297],[18.2734,59.2867],[18.372,59.1571],[18.0157,59.0379],[17.9401,58.9085],[17.7665,58.8723],[17.7264,58.9137],[17.7452,58.9861],[17.7391,59.1104],[17.6232,59.1001],[17.5822,58.893],[17.3567,58.743],[17.2454,58.7171],[17.083,58.7481],[17.0807,58.6499],[16.4429,58.6344],[16.5132,58.4281],[16.744,58.312],[16.7735,58.0379],[16.7246,57.8893],[16.5978,57.8665],[16.4595,57.8952],[16.4765,57.7021],[16.6072,57.6658],[16.5505,57.5452],[16.6587,57.443],[16.4942,57.2789],[16.3945,57.0743],[16.3762,56.8224],[16.0314,56.3531],[15.7705,56.0332],[15.6962,56.061],[15.497,56.1672],[15.2208,56.0804],[14.6529,56.1206],[14.6052,55.9808],[14.4918,56.018],[14.2589,55.8993],[14.126,55.6666],[14.2864,55.5155],[14.1172,55.3471],[13.9011,55.4052],[13.8233,55.4218],[13.3019,55.3007],[12.8024,55.3529],[12.8019,55.4168],[12.8876,55.4516],[12.8593,55.5329],[12.9859,55.6666],[12.699,55.9051],[12.5982,56.0221],[12.606,56.0295],[12.5814,56.0417],[12.5134,56.1206],[12.4144,56.243],[12.6524,56.2955],[12.6154,56.4356],[12.8048,56.4012],[12.8716,56.5115],[12.7859,56.6167],[12.6575,56.6108],[12.526,56.7804],[12.2886,56.8799],[12.0051,57.3252],[11.8766,57.3252],[11.8811,57.509],[11.7661,57.6727],[11.6098,57.8069],[11.7091,58.0247],[11.8019,58.1779],[11.6139,58.2473],[11.4311,58.2015],[11.4067,58.3313],[11.2214,58.3083],[11.1404,58.8512],[11.0392,58.9104],[11.1789,59.0703],[11.3108,59.0111],[11.3786,58.8571],[11.5633,58.8631],[11.7089,59.1949],[11.6103,59.5686],[11.8379,59.6696],[11.8906,59.86],[12.077,59.8659],[12.4228,60.0388],[12.4359,60.2781],[12.548,60.4339],[12.431,60.6258],[12.174,60.9564],[12.5974,61.0286],[12.7917,61.3299],[12.658,61.4395],[12.3366,61.5231],[12.0746,61.6985],[12.2256,62.2257],[11.9327,62.554],[12.0896,63.046],[12.1242,63.3446],[12.2992,63.5662],[12.5771,63.7816],[12.8531,63.8973],[13.131,63.9487],[13.5505,63.9366],[13.8802,63.9526],[14.0784,64.0322],[14.155,64.1113],[14.0416,64.3757],[13.8702,64.4967],[13.7179,64.5533],[13.9404,64.7986],[14.1989,65.0232],[14.3714,65.2341],[14.5153,65.5034],[14.542,65.9404],[14.5967,66.0502],[15.0384,66.0598],[15.3474,66.2587],[15.9435,66.6724],[16.2205,66.8281],[16.3051,66.9832],[16.2283,67.2113],[16.206,67.3073],[16.8739,67.8366],[17.083,67.9119],[17.2087,67.9051],[17.6009,67.8626],[17.9136,67.8642],[18.057,67.9987],[18.0942,68.0881],[18.1041,68.3863],[18.1795,68.4688],[18.9587,68.2937],[19.3961,68.2288],[19.6972,68.1708],[19.8427,68.1641],[19.9651,68.2765],[20.039,68.4783],[20.1656,68.9581],[20.5549,68.9751],[20.7394,68.961],[20.7906,68.9323],[20.8564,68.9176],[21.1333,68.7092],[21.7125,68.4132],[22.2007,68.2815],[22.9127,68.1882],[23.1412,68.0852],[23.4877,67.8343],[23.4597,67.6488],[23.4579,67.4119],[23.6857,67.1251],[23.8682,66.8169],[23.8812,66.6406],[23.6561,66.2804],[23.7495,66.0398],[23.8967,65.902],[23.9477,65.7967],[23.8441,65.7985]]]]}},{"type":"Feature","properties":{"NAME":"East Prussia","ABBREVN":"E. Prussia","SUBJECTO":"East Prussia","BORDERPRECISION":3,"PARTOF":"East Prussia"},"geometry":{"type":"MultiPolygon","coordinates":[[[[22.331,55.0489],[22.4466,55.0489],[22.5468,55.0566],[22.5854,54.9949],[22.6316,54.9487],[22.7164,54.9332],[22.7935,54.9024],[22.8012,54.8407],[22.8243,54.7868],[22.7241,54.7328],[22.6933,54.6634],[22.6625,54.5709],[22.6702,54.4939],[22.6856,54.4322],[22.699,54.4149],[21.3667,54.3695],[20.3563,54.4215],[19.9775,54.4239],[20.1886,54.522],[20.3267,54.564],[20.1942,54.575],[20.0057,54.5475],[19.9381,54.6082],[19.8818,54.5254],[19.8332,54.5309],[19.8632,54.7517],[19.9426,54.8499],[20.1271,54.8456],[20.7972,54.818],[20.9852,54.8116],[21.1373,54.8455],[21.1919,54.9596],[21.1133,55.0892],[21.2239,55.1114],[21.1931,55.1664],[21.1623,55.2214],[21.3212,55.2647],[21.3751,55.2801],[21.3983,55.2108],[21.4368,55.1876],[21.5447,55.1876],[21.6449,55.1337],[21.7606,55.1028],[21.9918,55.072],[22.0304,55.0257],[22.1306,55.0489],[22.331,55.0489]]]]}},{"type":"Feature","properties":{"NAME":"Yugoslavia","ABBREVN":"Yugoslavia","SUBJECTO":"Yugoslavia","BORDERPRECISION":3,"PARTOF":"Yugoslavia"},"geometry":{"type":"MultiPolygon","coordinates":[[[[14.5242,45.2664],[14.6042,45.6464],[14.2612,45.9544],[14.1407,46.4333],[14.3929,46.4369],[14.5218,46.3687],[14.8129,46.5934],[15.0679,46.6416],[15.45,46.6055],[15.584,46.6938],[15.9846,46.6416],[15.9474,46.8183],[16.2596,46.8888],[16.3964,46.6231],[16.5601,46.4729],[16.6568,46.3843],[17.2924,46.1087],[17.7944,45.8067],[18.0558,45.7627],[18.3561,45.7838],[18.551,45.7978],[18.8161,45.8891],[19.5067,46.1271],[19.9064,46.1617],[20.3147,46.1315],[20.3392,45.9926],[20.595,45.9125],[20.6811,45.8056],[20.772,45.7896],[20.7383,45.6295],[20.7845,45.5761],[20.7587,45.5365],[21.0791,45.3245],[21.3285,45.2612],[21.466,45.208],[21.4974,45.144],[21.4118,45.0869],[21.3558,45.0214],[21.4383,44.9948],[21.5458,44.9576],[21.4241,44.9255],[21.3442,44.8831],[21.3675,44.8087],[21.4777,44.7928],[21.5833,44.7928],[21.5919,44.7078],[21.8589,44.6812],[21.9465,44.6188],[22.1329,44.5112],[22.1994,44.5643],[22.2959,44.6919],[22.4095,44.7503],[22.6911,44.6387],[22.7424,44.5803],[22.5848,44.5856],[22.4406,44.4953],[22.506,44.3466],[22.694,44.2631],[22.5465,44.1077],[22.3739,43.9393],[22.2934,43.8036],[22.3181,43.6815],[22.9152,43.1764],[22.9278,43.0864],[22.7923,42.9507],[22.4495,42.8009],[22.3384,42.6654],[22.3349,42.434],[22.3292,42.3403],[22.3264,42.2927],[22.3862,42.1967],[22.6862,42.0635],[22.8472,41.891],[22.9485,41.6798],[22.946,41.4553],[22.8991,41.3203],[22.9202,41.2307],[22.6924,41.1589],[22.4526,41.0486],[22.1729,41.0727],[22.0102,41.0911],[21.8457,41.0196],[21.6684,40.8264],[21.3953,40.7608],[21.0316,40.7268],[20.707,41.0006],[20.5728,41.3011],[20.5396,41.5896],[20.5989,41.7824],[20.583,41.8807],[20.575,41.9299],[20.2452,42.3198],[20.073,42.4859],[20.0471,42.4875],[19.8846,42.4977],[19.5577,42.5473],[19.4346,42.4246],[19.3088,42.1926],[19.3687,42.0003],[19.3677,41.8464],[19.3385,41.862],[19.143,41.9321],[19.1355,41.9995],[18.9099,42.2178],[18.5286,42.3527],[18.5136,42.3621],[18.2487,42.5274],[18.0014,42.6945],[17.6464,42.8646],[17.5957,42.8889],[17.548,42.9201],[17.0751,43.2227],[16.9923,43.3227],[16.6398,43.3897],[16.5485,43.4613],[16.3667,43.513],[16.0594,43.4335],[15.9128,43.6522],[15.4123,43.9348],[15.1495,44.2399],[15.2744,44.2366],[15.5482,44.2293],[15.2859,44.3289],[14.9891,44.54],[14.907,44.7233],[14.9455,44.9266],[14.8154,45.0779],[14.6244,45.2746],[14.5246,45.2663],[14.5242,45.2664]]]]}},{"type":"Feature","properties":{"NAME":"Bulgaria","ABBREVN":"Bulgaria","SUBJECTO":"Bulgaria","BORDERPRECISION":3,"PARTOF":"Bulgaria"},"geometry":{"type":"MultiPolygon","coordinates":[[[[22.3292,42.3403],[22.3349,42.434],[22.3384,42.6654],[22.4495,42.8009],[22.7923,42.9507],[22.9278,43.0864],[22.9152,43.1764],[22.3181,43.6815],[22.2934,43.8036],[22.3739,43.9393],[22.5465,44.1077],[22.694,44.2631],[22.8704,44.1714],[23.0283,44.1236],[22.9231,43.9803],[22.9444,43.8954],[23.0641,43.906],[23.4109,43.9909],[23.6383,43.9901],[24.1564,43.8126],[24.3095,43.8263],[24.6203,43.9439],[24.755,43.9382],[25.3781,43.7806],[25.5491,43.8073],[26.4062,44.1544],[26.5729,44.2132],[26.7218,43.989],[27.1262,43.8542],[27.3689,43.6115],[27.5845,43.5846],[27.7194,43.4767],[27.8542,43.4767],[28.0346,43.3919],[27.8873,43.0635],[27.8699,42.7999],[27.8362,42.7355],[27.654,42.6837],[27.502,42.5163],[27.4947,42.4009],[27.6079,42.4168],[27.7225,42.3162],[27.7377,42.247],[27.9134,42.0781],[27.918,41.9777],[27.3179,41.9797],[27.0807,42.0298],[26.8571,42.0093],[26.5738,41.8409],[26.3499,41.6408],[26.1863,41.6527],[26.0318,41.5556],[26.0752,41.4083],[26.0364,41.2927],[25.5337,41.1681],[25.3593,41.1544],[25.0809,41.249],[24.4181,41.4762],[24.1554,41.4491],[23.7956,41.3317],[22.961,41.2437],[22.9202,41.2307],[22.8991,41.3203],[22.946,41.4553],[22.9485,41.6798],[22.8472,41.891],[22.6862,42.0635],[22.3862,42.1967],[22.3264,42.2927],[22.3292,42.3403]]]]}},{"type":"Feature","properties":{"NAME":"Hungary","ABBREVN":"Hungary","SUBJECTO":"Hungary","BORDERPRECISION":3,"PARTOF":"Hungary"},"geometry":{"type":"MultiPolygon","coordinates":[[[[18.8161,45.8891],[18.551,45.7978],[18.3561,45.7838],[18.0558,45.7627],[17.7944,45.8067],[17.2924,46.1087],[16.6568,46.3843],[16.5601,46.4729],[16.3964,46.6231],[16.2596,46.8888],[16.4152,47.0231],[16.4845,47.1558],[16.3929,47.2402],[16.4108,47.4091],[16.5951,47.4372],[16.6655,47.5298],[16.6045,47.6183],[16.4009,47.6465],[16.5012,47.735],[16.6474,47.735],[16.7216,47.6747],[17.0369,47.6988],[17.0452,47.8639],[17.3312,47.9947],[17.4418,48.06],[17.6215,47.9827],[17.8991,47.906],[18.0856,47.894],[18.8285,47.878],[18.979,48.1335],[19.0935,48.1341],[19.4361,48.1946],[19.6603,48.2219],[19.9261,48.1895],[20.1181,48.2178],[20.5791,48.5596],[20.9017,48.5809],[21.3795,48.5965],[21.6201,48.4346],[21.8163,48.3704],[22.0995,48.4046],[22.1742,48.4115],[22.4747,48.2761],[22.7239,48.1861],[23.0289,48.0122],[22.8263,47.8601],[22.32,47.7401],[22.0587,47.5564],[21.623,46.9035],[21.3397,46.5252],[21.0006,46.2703],[20.8382,46.198],[20.5126,46.1768],[20.394,46.1308],[20.3147,46.1315],[19.9064,46.1617],[19.5067,46.1271],[18.8161,45.8891]]]]}},{"type":"Feature","properties":{"NAME":"White Russia","ABBREVN":"White Russia","SUBJECTO":"White Russia","BORDERPRECISION":3,"PARTOF":"White Russia"},"geometry":{"type":"MultiPolygon","coordinates":[[[[27.5805,55.7812],[27.6113,55.8737],[27.6421,55.9199],[27.7038,55.9585],[27.7655,56.0278],[27.8657,56.0433],[27.9196,56.0972],[28.0276,56.1203],[28.1364,56.1404],[28.2104,56.0739],[28.3139,56.0443],[28.4027,56.1034],[28.484,56.096],[28.6245,56.0813],[28.6837,56.0147],[28.7207,55.9481],[28.8094,55.9629],[28.9056,55.9925],[29.0683,56.0147],[29.2088,55.9925],[29.3419,55.9629],[29.4084,55.9555],[29.4084,55.9038],[29.3345,55.8594],[29.3271,55.815],[29.3567,55.7485],[29.4306,55.6819],[29.5194,55.6819],[29.6155,55.7706],[29.7412,55.778],[29.8152,55.778],[29.8818,55.8224],[29.9853,55.8594],[30.0445,55.8372],[30.0888,55.815],[30.1998,55.8372],[30.4438,55.7854],[30.503,55.7263],[30.6287,55.6819],[30.6731,55.6375],[30.7396,55.5932],[30.8136,55.5784],[30.8801,55.5932],[30.9023,55.5414],[30.8728,55.4896],[30.8728,55.4526],[30.858,55.3787],[30.7988,55.3047],[30.8875,55.1938],[30.9541,55.1494],[30.9763,55.0755],[30.9467,55.0163],[30.8949,55.0163],[30.8949,54.9793],[30.8432,54.9423],[30.7988,54.9202],[30.784,54.8462],[30.7618,54.7796],[30.9171,54.7575],[30.9763,54.6761],[31.0133,54.6243],[31.0946,54.6465],[31.1538,54.6317],[31.1094,54.58],[31.0798,54.5208],[31.0872,54.4764],[31.1834,54.469],[31.2573,54.3507],[31.3091,54.2472],[31.5088,54.151],[31.6123,54.1214],[31.738,54.0845],[31.812,54.0401],[31.8416,53.9735],[31.7972,53.8848],[31.7676,53.8034],[31.849,53.7739],[32.0117,53.8034],[32.1818,53.7739],[32.3445,53.7295],[32.4628,53.6999],[32.448,53.6703],[32.4184,53.6481],[32.3814,53.6407],[32.4258,53.5594],[32.5589,53.4928],[32.6847,53.4632],[32.6994,53.4041],[32.6699,53.3301],[32.5367,53.3301],[32.4702,53.2932],[32.448,53.2636],[32.2483,53.1526],[32.0117,53.1083],[31.7824,53.1157],[31.6937,53.1748],[31.5457,53.197],[31.383,53.1896],[31.3239,53.1157],[31.2795,53.0565],[31.2869,52.9825],[31.4126,52.8642],[31.5457,52.7903],[31.5457,52.7163],[31.4866,52.6867],[31.531,52.6202],[31.5975,52.561],[31.5605,52.5166],[31.5753,52.4427],[31.5901,52.3391],[31.5753,52.2948],[31.6493,52.2578],[31.6863,52.206],[31.7602,52.1764],[31.7613,52.1127],[31.528,52.1148],[31.2928,52.0896],[31.2423,52.0308],[31.1499,52.056],[31.0659,52.0728],[30.9147,52.0392],[30.8895,51.9804],[30.8391,51.93],[30.6963,51.846],[30.6123,51.7284],[30.4947,51.6276],[30.4695,51.5351],[30.5787,51.4427],[30.6039,51.3755],[30.5451,51.2831],[30.4275,51.2915],[30.3603,51.3167],[30.2931,51.4091],[30.2427,51.4343],[30.1587,51.4679],[30.0578,51.4847],[29.957,51.4679],[29.8478,51.4343],[29.7134,51.4259],[29.6462,51.4847],[29.5454,51.4511],[29.4614,51.4091],[29.3186,51.3839],[29.2346,51.4091],[29.2178,51.5015],[29.1674,51.5604],[29.0918,51.6192],[29.033,51.6024],[28.9741,51.5688],[28.8985,51.5688],[28.7641,51.5015],[28.7053,51.4343],[28.6297,51.4343],[28.5877,51.5183],[28.5289,51.552],[28.4365,51.552],[28.3357,51.5015],[28.2769,51.5856],[28.1761,51.6276],[28.1173,51.5772],[27.9577,51.552],[27.84,51.6024],[27.7896,51.6024],[27.7812,51.5099],[27.7056,51.4679],[27.6636,51.4931],[27.6888,51.594],[27.5796,51.6108],[27.4956,51.636],[27.3384,51.6034],[27.2703,51.7261],[27.3242,52.3192],[27.0815,52.9124],[27.1624,53.8561],[27.6747,55.1233],[27.7286,55.5008],[27.5805,55.7812]]]]}},{"type":"Feature","properties":{"NAME":"Poland","ABBREVN":"Poland","SUBJECTO":"Poland","BORDERPRECISION":3,"PARTOF":"Poland"},"geometry":{"type":"MultiPolygon","coordinates":[[[[22.2472,49.1949],[22.1964,49.215],[22.0058,49.2605],[21.9592,49.3575],[21.6429,49.441],[21.585,49.4996],[21.3328,49.4655],[21.1042,49.4839],[21.0711,49.4222],[20.9032,49.3413],[20.6961,49.4556],[20.4788,49.4348],[20.4031,49.4599],[20.1524,49.3683],[20.1054,49.2889],[20.0381,49.2281],[19.9571,49.282],[19.7822,49.2443],[19.7809,49.3359],[19.7928,49.3737],[19.7629,49.4545],[19.6137,49.4433],[19.5811,49.5192],[19.4934,49.6271],[19.3762,49.6163],[19.3484,49.5662],[19.2616,49.5732],[19.1793,49.4653],[18.986,49.4438],[18.9721,49.5462],[18.8442,49.5645],[18.7963,49.7134],[18.6247,49.7566],[18.54,49.85],[18.5487,49.9617],[18.2679,50.008],[18.5573,50.4309],[18.1475,51.4015],[17.7592,51.5956],[17.5436,52.0918],[16.9396,52.0918],[16.4219,52.2643],[16.3141,52.48],[16.2925,53.1487],[16.7239,53.1271],[17.7161,53.6663],[17.6083,53.8173],[18.2995,54.7163],[18.7595,54.5364],[18.3629,54.6689],[18.3385,54.6026],[18.4538,54.5254],[18.5132,54.3158],[18.6731,54.2551],[18.965,54.2276],[19.255,54.2772],[19.7336,54.4612],[19.7577,54.4592],[19.3176,54.2717],[19.2321,54.2221],[19.2303,54.167],[19.3281,54.1615],[19.4568,54.2166],[19.7331,54.3103],[19.9775,54.4239],[20.3563,54.4215],[21.3667,54.3695],[22.699,54.4149],[22.9871,54.4247],[23.0051,54.4183],[23.3106,54.3089],[23.4385,54.0899],[23.4829,54.0062],[23.4898,53.9931],[23.5305,53.9163],[23.5721,53.9003],[23.6414,53.9157],[23.7725,53.9003],[23.8804,53.9157],[24.05,53.9234],[24.1579,53.9466],[24.2119,53.9234],[24.2427,53.8772],[24.3737,53.8772],[24.5433,53.9466],[24.6358,53.9697],[24.6975,53.9543],[24.7746,53.9697],[24.8054,54.0236],[24.7669,54.1007],[24.8902,54.147],[24.975,54.1316],[25.0444,54.1316],[25.1523,54.1855],[25.1831,54.2472],[25.3142,54.2318],[25.3681,54.2703],[25.4452,54.2934],[25.4838,54.2626],[25.4992,54.2241],[25.4992,54.1547],[25.5994,54.1239],[25.7227,54.1316],[25.7613,54.2164],[25.6996,54.3089],[25.6071,54.3089],[25.53,54.3243],[25.5608,54.3859],[25.5917,54.4245],[25.5917,54.4862],[25.6996,54.5555],[25.7304,54.6172],[25.6842,54.6943],[25.7227,54.7714],[25.7381,54.8407],[25.7921,54.8947],[25.8538,54.9564],[26.0465,54.9564],[26.1621,54.9872],[26.2084,55.0566],[26.2469,55.126],[26.3163,55.1414],[26.4242,55.126],[26.4782,55.1491],[26.5321,55.1105],[26.6092,55.1182],[26.6169,55.1876],[26.6632,55.257],[26.7017,55.257],[26.7557,55.2801],[26.7171,55.3033],[26.5938,55.3264],[26.4396,55.3418],[26.4782,55.4035],[26.5321,55.4651],[26.5475,55.5191],[26.5861,55.5885],[26.5938,55.6655],[26.6323,55.6887],[26.6786,55.681],[26.748,55.681],[26.8482,55.7195],[26.8944,55.7812],[26.9715,55.812],[27.1334,55.812],[27.2798,55.7966],[27.3878,55.7812],[27.4957,55.7658],[27.5805,55.7812],[27.7286,55.5008],[27.6747,55.1233],[27.1624,53.8561],[27.0815,52.9124],[27.3242,52.3192],[27.2703,51.7261],[27.4051,51.4834],[27.486,50.8363],[26.9467,50.3241],[27.0007,49.677],[26.9467,49.1108],[26.9894,48.6808],[26.1627,48.9406],[26.0817,49.1296],[25.9466,48.8596],[25.6766,49.2106],[25.5146,49.2106],[25.4876,48.9406],[24.9476,48.8596],[24.6776,48.5356],[24.3265,48.5086],[24.209,47.9441],[24.0438,47.9539],[23.9658,48.3541],[23.8621,48.3195],[23.7757,48.5096],[23.6374,48.4751],[23.6374,48.6133],[23.3264,48.7861],[23.2745,48.6306],[22.9289,48.7516],[22.7561,49.0108],[22.5307,49.0108],[22.2472,49.1949]]]]}},{"type":"Feature","properties":{"NAME":"Romania","ABBREVN":"Romanid","SUBJECTO":"Romania","BORDERPRECISION":3,"PARTOF":"Romania"},"geometry":{"type":"MultiPolygon","coordinates":[[[[24.209,47.9441],[24.3265,48.5086],[24.6776,48.5356],[24.9476,48.8596],[25.4876,48.9406],[25.5146,49.2106],[25.6766,49.2106],[25.9466,48.8596],[26.0817,49.1296],[26.1627,48.9406],[26.9894,48.6808],[27.1077,48.6436],[27.1077,48.8326],[27.4858,48.6706],[27.4858,48.7516],[27.6478,48.7516],[27.7061,48.4397],[27.7231,48.434],[27.8196,48.3943],[27.882,48.3376],[27.9444,48.3149],[28.0125,48.3092],[28.0579,48.2808],[28.0806,48.2524],[28.1147,48.2184],[28.1601,48.2241],[28.2168,48.2127],[28.2963,48.2297],[28.3473,48.2297],[28.3587,48.2014],[28.319,48.156],[28.3019,48.1333],[28.3473,48.1503],[28.387,48.139],[28.387,48.1049],[28.4154,48.0822],[28.4268,48.0974],[28.9082,47.8184],[29.1156,47.2827],[29.4267,46.8161],[29.8068,46.505],[29.9643,46.3685],[30.0661,46.2804],[30.4328,46.1757],[30.0688,45.8614],[29.7297,45.77],[29.6295,45.7504],[29.5004,45.5234],[29.5361,45.4522],[29.6159,45.4102],[29.6832,45.3748],[29.7108,45.2583],[29.579,45.0575],[29.4575,44.9151],[29.2616,44.8954],[29.0897,44.8757],[28.9182,44.7658],[28.6862,44.4881],[28.5731,44.1978],[28.5299,43.8435],[28.5101,43.7431],[28.4805,43.5923],[28.4457,43.4764],[28.3281,43.4375],[28.1871,43.4501],[28.0346,43.3919],[27.8542,43.4767],[27.7194,43.4767],[27.5845,43.5846],[27.3689,43.6115],[27.1262,43.8542],[26.7218,43.989],[26.5729,44.2132],[26.4062,44.1544],[25.5491,43.8073],[25.3781,43.7806],[24.755,43.9382],[24.6203,43.9439],[24.3095,43.8263],[24.1564,43.8126],[23.6383,43.9901],[23.4109,43.9909],[23.0641,43.906],[22.9444,43.8954],[22.9231,43.9803],[23.0283,44.1236],[22.8704,44.1714],[22.694,44.2631],[22.506,44.3466],[22.4406,44.4953],[22.5848,44.5856],[22.7424,44.5803],[22.6911,44.6387],[22.4095,44.7503],[22.2959,44.6919],[22.1994,44.5643],[22.1329,44.5112],[21.9465,44.6188],[21.8589,44.6812],[21.5919,44.7078],[21.5833,44.7928],[21.4777,44.7928],[21.3675,44.8087],[21.3442,44.8831],[21.4241,44.9255],[21.5458,44.9576],[21.4383,44.9948],[21.3558,45.0214],[21.4118,45.0869],[21.4974,45.144],[21.466,45.208],[21.3285,45.2612],[21.0791,45.3245],[20.7587,45.5365],[20.7845,45.5761],[20.7383,45.6295],[20.772,45.7896],[20.6811,45.8056],[20.595,45.9125],[20.3392,45.9926],[20.3147,46.1315],[20.394,46.1308],[20.5126,46.1768],[20.8382,46.198],[21.0006,46.2703],[21.3397,46.5252],[21.623,46.9035],[22.0587,47.5564],[22.32,47.7401],[22.8263,47.8601],[23.0289,48.0122],[23.0902,48.0505],[23.4444,47.9961],[23.5529,48.0445],[23.9837,47.9575],[24.0438,47.9539],[24.209,47.9441]]]]}},{"type":"Feature","properties":{"NAME":"Czechoslovakia","ABBREVN":"Czechoslovak","SUBJECTO":"Czechoslovakia","BORDERPRECISION":3,"PARTOF":"Czechoslovakia"},"geometry":{"type":"MultiPolygon","coordinates":[[[[22.5307,49.0108],[22.7561,49.0108],[22.9289,48.7516],[23.2745,48.6306],[23.3264,48.7861],[23.6374,48.6133],[23.6374,48.4751],[23.7757,48.5096],[23.8621,48.3195],[23.9658,48.3541],[24.0438,47.9539],[23.9837,47.9575],[23.5529,48.0445],[23.4444,47.9961],[23.0902,48.0505],[23.0289,48.0122],[22.7239,48.1861],[22.4747,48.2761],[22.1742,48.4115],[22.0995,48.4046],[21.8163,48.3704],[21.6201,48.4346],[21.3795,48.5965],[20.9017,48.5809],[20.5791,48.5596],[20.1181,48.2178],[19.9261,48.1895],[19.6603,48.2219],[19.4361,48.1946],[19.0935,48.1341],[18.979,48.1335],[18.8285,47.878],[18.0856,47.894],[17.8991,47.906],[17.6215,47.9827],[17.4418,48.06],[17.3312,47.9947],[16.989,48.2406],[16.9193,48.3577],[16.9629,48.619],[16.9388,48.661],[16.9143,48.7037],[16.6692,48.7938],[16.0696,48.7122],[15.6115,48.8143],[14.9931,48.9678],[14.6575,48.6197],[14.3885,48.5465],[14.1709,48.591],[14.0118,48.6489],[13.9467,48.6551],[13.7455,48.9399],[13.6521,48.9561],[13.5782,49.0369],[13.4797,48.9992],[13.3969,49.0895],[13.2031,49.1662],[12.9453,49.3979],[12.8608,49.3656],[12.6458,49.4846],[12.5363,49.5626],[12.5197,49.6676],[12.4483,49.7061],[12.4844,49.8888],[12.5542,50.0016],[12.3684,50.0456],[12.2523,50.2159],[12.2354,50.2408],[12.3448,50.3167],[12.4616,50.3981],[12.5939,50.3836],[12.7837,50.4741],[12.9823,50.4741],[13.0175,50.5555],[13.1894,50.561],[13.233,50.6638],[13.3942,50.6913],[13.4733,50.6587],[13.5242,50.7565],[13.8548,50.7674],[13.9107,50.8435],[14.1465,50.8653],[14.2747,50.9088],[14.3888,50.9468],[14.2617,51.0447],[14.4578,51.0774],[14.5964,51.023],[14.6103,50.8979],[14.7648,50.8653],[14.8289,50.9169],[14.9973,50.9169],[15.0083,50.9849],[14.981,51.0175],[15.0093,51.0556],[15.1719,51.0638],[15.267,51.023],[15.3088,50.906],[15.4722,50.8326],[15.5628,50.8213],[15.8183,50.7973],[15.8775,50.7158],[16.0029,50.7321],[16.0009,50.656],[16.2102,50.6859],[16.2378,50.7158],[16.3531,50.7049],[16.4428,50.6234],[16.3986,50.5691],[16.3047,50.5583],[16.2044,50.4632],[16.4514,50.352],[16.585,50.1812],[16.728,50.1486],[16.8271,50.2327],[17.0115,50.2869],[16.8844,50.4225],[16.8856,50.4877],[17.0144,50.4768],[17.2433,50.39],[17.3597,50.3357],[17.6788,50.3383],[17.5971,50.211],[17.7456,50.2489],[17.7447,50.1351],[17.7507,50.036],[17.8825,50.0301],[18.048,50.1026],[18.1878,50.0213],[18.5487,49.9617],[18.54,49.85],[18.6247,49.7566],[18.7963,49.7134],[18.8442,49.5645],[18.9721,49.5462],[18.986,49.4438],[19.1793,49.4653],[19.2616,49.5732],[19.3484,49.5662],[19.3762,49.6163],[19.4934,49.6271],[19.5811,49.5192],[19.6137,49.4433],[19.7629,49.4545],[19.7928,49.3737],[19.7809,49.3359],[19.7822,49.2443],[19.9571,49.282],[20.0381,49.2281],[20.1054,49.2889],[20.1524,49.3683],[20.4031,49.4599],[20.4788,49.4348],[20.6961,49.4556],[20.9032,49.3413],[21.0711,49.4222],[21.1042,49.4839],[21.3328,49.4655],[21.585,49.4996],[21.6429,49.441],[21.9592,49.3575],[22.0058,49.2605],[22.1964,49.215],[22.5704,49.0667],[22.5307,49.0108]]]]}},{"type":"Feature","properties":{"NAME":"South Russia","ABBREVN":"South Russia","SUBJECTO":"South Russia","BORDERPRECISION":3,"PARTOF":"South Russia","wikipedia":"https://en.wikipedia.org/wiki/South_Russia_(1919%E2%80%931920)"},"geometry":{"type":"MultiPolygon","coordinates":[[[[33.5279,46.1341],[33.8391,46.1931],[34.1273,46.0639],[35.0081,45.6119],[35.0319,45.5343],[34.99,45.45],[35.0634,45.3401],[35.3167,45.3212],[35.5462,45.3799],[35.8498,45.4452],[36.3232,45.4397],[36.521,45.3883],[36.4151,45.2716],[36.3671,45.1615],[36.2648,45.0966],[36.0047,45.0443],[35.8655,45.0311],[35.5996,45.1017],[35.3867,45.0819],[35.0673,44.8617],[34.6142,44.8415],[34.3722,44.7572],[34.135,44.5375],[34.0137,44.4921],[33.6602,44.5237],[33.3955,44.6005],[33.5594,44.9361],[33.5167,45.1235],[33.3979,45.2527],[33.0135,45.3814],[32.9263,45.3877],[32.6434,45.3806],[32.5753,45.3611],[32.5032,45.4451],[32.9023,45.6726],[33.1916,45.7898],[33.5395,45.8747],[33.6388,45.9268],[33.5279,46.1341]]]]}},{"type":"Feature","properties":{"NAME":"Georgia","ABBREVN":"Georgia","SUBJECTO":"USSR","BORDERPRECISION":3,"PARTOF":"Georgia"},"geometry":{"type":"MultiPolygon","coordinates":[[[[40.0981,43.3776],[40.1486,43.5166],[40.2656,43.5911],[40.3933,43.5698],[40.4252,43.5485],[40.606,43.5379],[40.8081,43.5272],[40.9358,43.4847],[41.0634,43.4209],[41.1485,43.3783],[41.2336,43.357],[41.3826,43.357],[41.4783,43.357],[41.574,43.2826],[41.691,43.24],[41.8293,43.2081],[41.9889,43.1868],[42.1272,43.1868],[42.3186,43.2294],[42.5633,43.2294],[42.7441,43.1549],[42.8292,43.1549],[42.9569,43.1762],[43.1164,43.1017],[43.159,43.0379],[43.2866,42.9422],[43.5207,42.889],[43.6802,42.8571],[43.7866,42.8039],[43.9249,42.7507],[43.861,42.6975],[43.8398,42.6443],[43.9568,42.5912],[44.0525,42.5592],[44.1695,42.6124],[44.2972,42.6124],[44.3716,42.6869],[44.4142,42.7294],[44.5099,42.7614],[44.6695,42.7614],[44.7865,42.7294],[44.8716,42.6656],[44.9354,42.7401],[44.978,42.772],[45.0312,42.772],[45.1375,42.7188],[45.2014,42.6763],[45.2971,42.6763],[45.3822,42.6231],[45.4779,42.5486],[45.6481,42.5486],[45.8077,42.538],[45.8609,42.4741],[45.8077,42.389],[45.7545,42.2508],[45.9141,42.1231],[46.0417,42.0487],[46.1587,42.0061],[46.2864,41.9848],[46.3927,41.9955],[46.4991,41.9636],[46.5558,41.8785],[46.4353,41.7934],[46.3715,41.7295],[46.3289,41.6976],[46.3927,41.5806],[46.4885,41.4423],[46.765,41.3679],[46.8182,41.2721],[46.7757,41.1232],[46.6693,41.0807],[46.5629,41.0594],[46.4459,41.1445],[46.3821,41.1764],[46.297,41.187],[46.1693,41.1658],[45.8821,41.2509],[45.797,41.3466],[45.6481,41.4317],[45.4354,41.4423],[45.329,41.4423],[45.141,41.304],[45.0099,41.2615],[44.8397,41.2402],[44.5737,41.1977],[44.3078,41.2189],[44.127,41.1658],[43.9355,41.1551],[43.7972,41.1126],[43.6589,41.1232],[43.4893,41.0747],[43.4753,41.0874],[42.8784,41.5455],[42.6938,41.5637],[42.3515,41.4016],[42.2501,41.369],[42.029,41.3998],[41.484,41.4365],[41.5211,41.4658],[41.6661,41.7292],[41.6805,41.7933],[41.6518,42.1206],[41.5027,42.6085],[41.4097,42.7882],[41.1226,43.0191],[40.9693,43.0767],[40.5571,43.1466],[40.2516,43.2682],[40.0981,43.3776]]]]}},{"type":"Feature","properties":{"NAME":"Iran","ABBREVN":"Iran","SUBJECTO":"Iran","BORDERPRECISION":3,"PARTOF":"Iran"},"geometry":{"type":"MultiPolygon","coordinates":[[[[44.7842,37.2704],[44.6601,37.2862],[44.4712,37.4546],[44.4268,37.6442],[44.4918,37.7543],[44.3009,37.8043],[44.2052,37.8674],[45.0632,37.9141],[45.2046,38.1688],[45.0207,38.2112],[45.4088,39.0277],[45.5595,38.9329],[45.7492,38.8766],[45.9795,38.8651],[46.1667,38.8821],[46.2805,38.8221],[46.2844,38.8225],[46.4541,38.8359],[48.0518,38.6871],[48.2202,38.6397],[48.3804,38.4448],[48.501,38.452],[48.825,38.3096],[48.8315,38.3063],[48.8092,37.9886],[48.7448,37.727],[48.8372,37.511],[49.0595,37.3976],[49.4758,37.2916],[49.848,37.2682],[50.0387,37.2247],[50.1113,37.0978],[50.2522,36.8948],[50.561,36.6864],[51.417,36.4557],[51.7955,36.4323],[51.9931,36.4589],[52.6022,36.5769],[53.139,36.6435],[53.7997,36.679],[53.9845,36.7819],[54.0674,36.9415],[54.0087,37.3487],[54.0151,37.3483],[54.2139,37.3371],[54.4666,37.3958],[54.6761,37.5307],[54.9558,37.8252],[55.1697,37.9729],[55.3557,38.0377],[55.6296,38.0519],[55.9807,38.0347],[56.1309,38.0483],[56.3633,38.2025],[56.5173,38.2607],[56.7508,38.2365],[57.2255,38.1882],[57.4065,37.9917],[57.7249,37.8788],[58.095,37.728],[58.4498,37.6982],[58.6749,37.6739],[58.9716,37.5992],[59.2405,37.4478],[60.0514,36.8349],[60.3463,36.6074],[60.6599,36.6028],[61.014,36.6366],[61.0969,36.5416],[61.1141,36.1599],[61.1187,35.9054],[61.1862,35.5942],[61.2213,35.5816],[61.1563,35.4731],[61.1187,35.3203],[61.0077,34.9573],[60.787,34.3848],[60.6873,34.2509],[60.4192,34.078],[60.4122,34.0145],[60.4658,33.7164],[60.5089,33.6723],[60.8414,33.5662],[60.8531,33.4838],[60.5554,33.0631],[60.5401,32.9932],[60.6542,32.505],[60.7295,31.9277],[60.7938,31.5789],[60.88,31.4842],[60.9741,31.4656],[61.5132,31.3417],[61.6936,31.2666],[61.7582,31.1019],[61.7792,30.9052],[61.5878,30.6565],[61.2043,30.2987],[60.8205,29.8333],[61.1811,29.3462],[61.501,28.8654],[61.6593,28.6568],[61.9724,28.4808],[62.4868,28.3059],[62.671,28.2054],[62.7466,28.0343],[62.7967,27.4314],[62.8798,27.2541],[63.1732,27.2303],[63.257,27.1038],[63.2405,26.6656],[63.1562,26.5508],[63.0623,26.5185],[62.6123,26.4841],[62.2984,26.368],[61.9413,26.1564],[61.8127,25.9841],[61.6735,25.6277],[61.6514,25.4688],[61.57,25.0396],[61.344,25.0269],[60.8583,25.0957],[60.7522,25.1844],[60.4796,25.2982],[60.2982,25.3232],[59.6546,25.3219],[59.3021,25.3402],[59.0315,25.3079],[58.818,25.4789],[58.7444,25.536],[58.3687,25.5479],[58.1096,25.5473],[57.9005,25.5409],[57.8051,25.6483],[57.4649,25.7048],[57.328,25.7871],[57.2548,25.7933],[57.2451,26.0185],[57.1124,26.0762],[57.0663,26.3075],[56.935,26.4645],[56.9291,26.7519],[56.7904,26.9739],[56.6836,26.9684],[56.6678,27.0499],[56.4309,27.1066],[56.0678,27.1122],[55.8997,27.1048],[55.8053,27.0051],[55.6576,26.9969],[55.4249,26.9631],[55.3401,26.7994],[55.0981,26.7374],[54.9255,26.538],[54.7599,26.4106],[54.6461,26.3913],[54.0649,26.7014],[53.6339,26.7479],[53.3807,26.9096],[52.8908,27.0523],[52.7799,27.1878],[52.6338,27.3146],[52.4104,27.581],[51.9616,27.7769],[51.6989,27.8145],[51.6113,27.827],[51.3501,28.0361],[51.0823,28.512],[50.7968,29.0133],[50.7025,29.1338],[50.7047,29.4006],[50.3598,29.7429],[50.1324,30.0664],[49.7178,30.0021],[49.511,30.0207],[49.4524,30.0777],[49.3214,30.1029],[49.2351,30.2234],[49.2222,30.4775],[49.0202,30.4326],[48.9457,30.3879],[48.8013,30.0827],[48.7138,30.0],[48.5536,29.9946],[48.5474,30.0487],[48.3898,30.1494],[48.0813,30.3953],[48.1104,30.4908],[48.107,30.6686],[48.0335,30.8777],[47.9367,30.8835],[47.6887,30.8821],[47.6733,31.0281],[47.6982,31.2886],[47.7869,31.5685],[47.793,31.7972],[47.7424,31.9048],[47.612,32.0311],[47.2636,32.3022],[47.0676,32.3963],[46.5085,32.8123],[46.2684,32.8236],[46.124,32.772],[46.0899,32.8417],[46.1051,33.2101],[45.6464,33.6393],[45.5062,33.7973],[45.505,33.8798],[45.565,34.2738],[45.6709,34.6173],[46.1844,35.0584],[45.9949,35.4009],[46.0007,35.5154],[46.211,35.7838],[45.7304,35.832],[45.3881,35.9256],[45.3587,36.0145],[45.1051,36.5032],[44.7946,37.1318],[44.7842,37.2704]]]]}},{"type":"Feature","properties":{"NAME":"Armenia","ABBREVN":"Armenia","SUBJECTO":"USSR","BORDERPRECISION":3,"PARTOF":"Armenia"},"geometry":{"type":"MultiPolygon","coordinates":[[[[44.6696,39.757],[44.783,39.6683],[44.9021,39.4968],[45.0287,39.309],[45.2765,39.2088],[45.4088,39.0277],[45.0207,38.2112],[45.2046,38.1688],[45.0632,37.9141],[44.2052,37.8674],[41.3568,37.8292],[40.8617,38.0556],[40.1968,38.2678],[39.3508,39.0715],[39.348,39.0741],[38.8787,40.9789],[39.1386,41.0443],[39.3702,41.064],[39.663,41.0005],[40.0067,40.9563],[40.361,40.9634],[40.6099,41.028],[41.2931,41.2858],[41.484,41.4365],[42.029,41.3998],[42.2501,41.369],[42.3515,41.4016],[42.6938,41.5637],[42.8784,41.5455],[43.4753,41.0874],[43.4893,41.0747],[43.8473,40.75],[43.8589,40.6604],[43.6697,40.2946],[43.6845,40.1091],[43.8124,40.0139],[44.4481,39.9599],[44.6696,39.757]]]]}},{"type":"Feature","properties":{"NAME":"Azerbaijan","ABBREVN":"Azerbaijan","SUBJECTO":"USSR","BORDERPRECISION":3,"PARTOF":"Azerbaijan"},"geometry":{"type":"MultiPolygon","coordinates":[[[[46.4541,38.8359],[46.2844,38.8225],[46.2805,38.8221],[46.1667,38.8821],[45.9795,38.8651],[45.7492,38.8766],[45.5595,38.9329],[45.4088,39.0277],[45.2765,39.2088],[45.0287,39.309],[44.9021,39.4968],[44.783,39.6683],[44.6696,39.757],[44.4481,39.9599],[43.8124,40.0139],[43.6845,40.1091],[43.6697,40.2946],[43.8589,40.6604],[43.8473,40.75],[43.4893,41.0747],[43.6589,41.1232],[43.7972,41.1126],[43.9355,41.1551],[44.127,41.1658],[44.3078,41.2189],[44.5737,41.1977],[44.8397,41.2402],[45.0099,41.2615],[45.141,41.304],[45.329,41.4423],[45.4354,41.4423],[45.6481,41.4317],[45.797,41.3466],[45.8821,41.2509],[46.1693,41.1658],[46.297,41.187],[46.3821,41.1764],[46.4459,41.1445],[46.5629,41.0594],[46.6693,41.0807],[46.7757,41.1232],[46.8182,41.2721],[46.765,41.3679],[46.4885,41.4423],[46.3927,41.5806],[46.3289,41.6976],[46.3715,41.7295],[46.4353,41.7934],[46.5558,41.8785],[46.6587,41.8891],[46.6693,41.8146],[46.765,41.8359],[46.8501,41.8359],[46.914,41.7508],[47.1267,41.6232],[47.1693,41.57],[47.2224,41.57],[47.3501,41.4423],[47.3501,41.304],[47.616,41.2615],[47.8181,41.1977],[47.9883,41.2189],[48.0628,41.3147],[48.2011,41.4636],[48.3287,41.5061],[48.5521,41.6338],[48.6832,41.8359],[48.8925,41.687],[48.9989,41.5168],[49.1159,41.4317],[49.2435,41.2934],[49.2861,41.0594],[49.3499,40.953],[49.4775,40.836],[49.6052,40.7615],[49.6052,40.6871],[49.8073,40.5807],[50.0201,40.602],[50.1902,40.5701],[50.3179,40.4956],[50.4243,40.4105],[50.4668,40.3254],[50.4668,40.2616],[50.3073,40.3254],[50.1264,40.3467],[50.0307,40.3467],[49.9137,40.3254],[49.8499,40.2722],[49.669,40.2403],[49.5733,40.1765],[49.552,40.0914],[49.5414,39.8786],[49.4882,39.7616],[49.4456,39.6553],[49.4031,39.4851],[49.4988,39.3787],[49.4882,39.2936],[49.3818,39.3255],[49.3393,39.283],[49.3074,39.134],[49.2754,39.017],[49.2223,39.0383],[49.1797,39.1447],[49.1159,39.1872],[49.0414,39.1447],[49.0201,39.0064],[49.0521,38.9319],[48.9989,38.8787],[48.9457,38.8362],[48.9882,38.7192],[48.825,38.3096],[48.501,38.452],[48.3804,38.4448],[48.2202,38.6397],[48.0518,38.6871],[46.4541,38.8359]]]]}},{"type":"Feature","properties":{"NAME":"Germany","ABBREVN":"Germany","SUBJECTO":"Germany","BORDERPRECISION":3,"PARTOF":"Germany"},"geometry":{"type":"MultiPolygon","coordinates":[[[[14.2054,53.8132],[14.1454,53.8265],[14.0684,53.8435],[14.0287,53.8655],[13.8278,53.8297],[13.7774,53.9486],[13.7784,54.0444],[14.0699,53.9178],[14.1742,53.9068],[14.2054,53.8132]]],[[[14.3339,53.8297],[14.2479,53.816],[14.2272,53.9095],[14.3053,53.915],[14.4248,53.915],[14.4729,53.8768],[14.4591,53.8187],[14.3339,53.8297]]],[[[8.4123,47.6037],[8.2531,47.5944],[8.128,47.6439],[7.8727,47.5728],[7.751,47.6161],[7.6284,47.5635],[7.5066,47.6037],[7.446,47.7088],[7.5431,48.0242],[7.5021,48.0583],[7.536,48.1913],[7.6806,48.3585],[7.7046,48.5196],[7.7291,48.6156],[8.1583,48.9783],[7.8857,49.0652],[7.6705,49.059],[7.4654,49.0993],[7.4228,49.1831],[7.3174,49.1862],[7.285,49.1645],[6.9747,49.1366],[6.9544,49.2017],[6.7772,49.1769],[6.6255,49.3018],[6.433,49.4453],[6.3995,49.6042],[6.5114,49.6689],[6.5309,49.7984],[6.3215,49.8416],[6.1366,49.982],[6.1085,50.1175],[6.2984,50.2869],[6.2814,50.4976],[6.1545,50.6618],[5.9996,50.7416],[6.0739,50.8666],[6.0097,50.9645],[5.9279,50.9808],[5.9642,51.0243],[6.0702,51.0842],[6.1762,51.1441],[6.0892,51.1985],[6.1796,51.3223],[6.2223,51.3891],[6.1538,51.5207],[6.1169,51.6399],[5.9479,51.7217],[5.9794,51.8035],[6.1327,51.8384],[6.2114,51.8799],[6.3814,51.8199],[6.6804,51.8878],[6.8246,51.9564],[6.8822,52.1257],[7.0677,52.2186],[7.069,52.3663],[6.9969,52.4429],[6.9119,52.4155],[6.7136,52.4757],[6.7268,52.5583],[6.7781,52.6399],[7.0348,52.6235],[7.0729,52.8043],[7.228,52.9667],[7.1599,53.164],[7.1897,53.2301],[6.9807,53.3167],[7.0373,53.5101],[7.1656,53.5917],[7.3324,53.6044],[7.8364,53.6321],[7.9685,53.6375],[8.011,53.5657],[8.0987,53.4439],[8.0291,53.3726],[8.175,53.3217],[8.2419,53.3523],[8.2608,53.4388],[8.189,53.5305],[8.3057,53.5254],[8.5018,53.449],[8.4287,53.612],[8.5395,53.8007],[8.8485,53.7497],[9.125,53.7905],[8.8571,53.867],[8.819,53.969],[8.9463,54.015],[8.8327,54.066],[8.7788,54.1324],[8.8533,54.1682],[8.884,54.2294],[8.5807,54.1937],[8.5539,54.2754],[8.8524,54.3316],[8.9506,54.4186],[8.7421,54.6078],[8.596,54.7614],[8.6161,54.8874],[8.6686,54.8803],[8.8186,54.8908],[8.8503,54.8763],[9.1786,54.8312],[9.4103,54.8385],[9.5453,54.8984],[9.5671,54.9021],[9.6103,54.88],[9.6184,54.8751],[9.6186,54.8735],[9.6497,54.8484],[9.6708,54.8434],[9.8644,54.7263],[9.9867,54.5924],[9.978,54.4901],[9.8648,54.4114],[10.0649,54.4339],[10.1417,54.3368],[10.2129,54.3719],[10.3402,54.3623],[10.446,54.292],[10.6486,54.259],[11.0386,54.3133],[11.073,54.2196],[11.0414,54.1527],[11.0159,54.0967],[10.7167,53.9639],[10.8589,53.8772],[11.1514,53.9384],[11.2025,53.8568],[11.4078,53.8593],[11.565,54.0354],[12.0411,54.0967],[12.3119,54.2019],[12.6525,54.3214],[12.7648,54.2703],[12.9431,54.347],[13.0258,54.2652],[13.0638,54.1937],[13.3492,54.0635],[13.431,54.0302],[13.6676,54.0842],[13.7378,54.0303],[13.7643,53.8772],[13.7805,53.7752],[13.8502,53.7293],[14.0097,53.6732],[14.1769,53.6834],[14.1896,53.6248],[14.2802,53.6134],[14.4332,53.5942],[14.5371,53.5382],[14.4953,53.6248],[14.5653,53.6936],[14.5569,53.7599],[14.4825,53.8185],[14.4729,53.8768],[14.4674,53.9104],[14.8858,53.9796],[15.0797,54.0025],[15.3117,54.071],[15.8984,54.1284],[16.1147,54.1996],[16.4732,54.415],[16.9759,54.5493],[17.6576,54.6855],[18.2794,54.7241],[18.2995,54.7163],[17.6083,53.8173],[17.7161,53.6663],[16.7239,53.1271],[16.2925,53.1487],[16.3141,52.48],[16.4219,52.2643],[16.9396,52.0918],[17.5436,52.0918],[17.7592,51.5956],[18.1475,51.4015],[18.5573,50.4309],[18.2679,50.008],[18.1878,50.0213],[18.048,50.1026],[17.8825,50.0301],[17.7507,50.036],[17.7447,50.1351],[17.7456,50.2489],[17.5971,50.211],[17.6788,50.3383],[17.3597,50.3357],[17.2433,50.39],[17.0144,50.4768],[16.8856,50.4877],[16.8844,50.4225],[17.0115,50.2869],[16.8271,50.2327],[16.728,50.1486],[16.585,50.1812],[16.4514,50.352],[16.2044,50.4632],[16.3047,50.5583],[16.3986,50.5691],[16.4428,50.6234],[16.3531,50.7049],[16.2378,50.7158],[16.2102,50.6859],[16.0009,50.656],[16.0029,50.7321],[15.8775,50.7158],[15.8183,50.7973],[15.5628,50.8213],[15.4722,50.8326],[15.3088,50.906],[15.267,51.023],[15.1719,51.0638],[15.0093,51.0556],[14.981,51.0175],[15.0083,50.9849],[14.9973,50.9169],[14.8289,50.9169],[14.7648,50.8653],[14.6103,50.8979],[14.5964,51.023],[14.4578,51.0774],[14.2617,51.0447],[14.3888,50.9468],[14.2747,50.9088],[14.1465,50.8653],[13.9107,50.8435],[13.8548,50.7674],[13.5242,50.7565],[13.4733,50.6587],[13.3942,50.6913],[13.233,50.6638],[13.1894,50.561],[13.0175,50.5555],[12.9823,50.4741],[12.7837,50.4741],[12.5939,50.3836],[12.4616,50.3981],[12.3448,50.3167],[12.2354,50.2408],[12.2523,50.2159],[12.3684,50.0456],[12.5542,50.0016],[12.4844,49.8888],[12.4483,49.7061],[12.5197,49.6676],[12.5363,49.5626],[12.6458,49.4846],[12.8608,49.3656],[12.9453,49.3979],[13.2031,49.1662],[13.3969,49.0895],[13.4797,48.9992],[13.5782,49.0369],[13.6521,48.9561],[13.7455,48.9399],[13.9467,48.6551],[13.64,48.5382],[13.4437,48.6063],[13.3841,48.5939],[13.3667,48.4421],[13.2936,48.3647],[12.8582,48.2316],[12.6942,48.1294],[12.9363,47.8727],[12.8475,47.7397],[12.9981,47.7335],[13.023,47.6624],[12.9789,47.5079],[12.942,47.4832],[12.7437,47.5635],[12.7654,47.6377],[12.7001,47.6902],[12.4461,47.6624],[12.3582,47.7243],[12.1633,47.7088],[12.122,47.6284],[11.5596,47.613],[11.5034,47.5357],[11.3598,47.5295],[11.34,47.4708],[11.1703,47.4245],[10.9029,47.4152],[10.8766,47.4801],[10.8348,47.545],[10.6132,47.5852],[10.4954,47.5604],[10.3883,47.579],[10.4031,47.4554],[10.1995,47.301],[10.1029,47.301],[10.138,47.3887],[10.021,47.406],[10.0258,47.4801],[9.9383,47.5017],[9.892,47.5635],[9.78,47.5666],[9.7367,47.6161],[9.6655,47.5562],[9.6532,47.5562],[9.6282,47.5704],[9.6067,47.5725],[9.6009,47.5853],[9.5634,47.5847],[9.5339,47.5968],[9.5023,47.6464],[9.4882,47.6515],[9.4661,47.648],[9.4212,47.6659],[9.3476,47.6609],[9.2878,47.6838],[9.2372,47.7115],[9.2258,47.7393],[9.1324,47.7723],[9.1057,47.7924],[9.043,47.8176],[9.0306,47.805],[9.0669,47.7795],[9.1736,47.7344],[9.1798,47.7046],[9.2013,47.7074],[9.188,47.6993],[9.2115,47.6828],[9.2161,47.671],[9.1986,47.6779],[9.1181,47.6785],[9.1125,47.6857],[9.0814,47.6832],[9.0433,47.6935],[9.0482,47.7083],[9.0845,47.6897],[9.109,47.6902],[9.1009,47.7024],[8.9872,47.7434],[9.014,47.7196],[8.9592,47.7374],[8.94,47.7262],[8.9943,47.7067],[9.0064,47.6948],[8.9946,47.6844],[8.9835,47.6796],[8.8154,47.681],[8.748,47.7212],[8.6586,47.715],[8.6508,47.783],[8.332,47.6933],[8.4123,47.6037]]]]}},{"type":"Feature","properties":{"NAME":"USSR","ABBREVN":"USSR","SUBJECTO":"USSR","BORDERPRECISION":3,"PARTOF":"USSR"},"geometry":{"type":"MultiPolygon","coordinates":[[[[60.2617,80.1633],[60.2303,80.1617],[60.1933,80.163],[60.1522,80.1669],[60.1239,80.1711],[60.0847,80.1739],[59.9436,80.1758],[59.9169,80.1792],[59.9091,80.1816],[59.8978,80.1916],[59.9005,80.1975],[59.928,80.2014],[59.9594,80.203],[59.9928,80.2036],[60.0636,80.2044],[60.0989,80.2039],[60.14,80.2003],[60.175,80.1961],[60.2319,80.1875],[60.2764,80.178],[60.2858,80.1728],[60.2894,80.1669],[60.2617,80.1633]]],[[[58.5858,81.7361],[58.4853,81.728],[58.3231,81.7122],[58.2303,81.7008],[58.2019,81.6958],[58.1353,81.6903],[58.0614,81.6878],[57.9805,81.6886],[57.9397,81.6922],[57.9133,81.6966],[57.8889,81.7069],[57.8908,81.7128],[57.9383,81.7966],[57.9478,81.803],[57.9764,81.8078],[58.0436,81.8133],[58.1158,81.8169],[58.6275,81.8408],[58.7,81.8441],[59.0875,81.8508],[59.165,81.8519],[59.2083,81.8505],[59.2567,81.8469],[59.4217,81.8272],[59.4333,81.8219],[59.4378,81.8167],[59.3725,81.7583],[59.3455,81.7525],[59.2875,81.7428],[59.2247,81.7353],[59.1597,81.7289],[59.1236,81.7272],[58.8869,81.7283],[58.7053,81.7328],[58.6647,81.7366],[58.6217,81.738],[58.5858,81.7361]]],[[[70.7347,73.108],[70.5786,73.0814],[70.5397,73.0747],[70.5033,73.0633],[70.4505,73.0422],[70.4319,73.0378],[70.4117,73.0355],[70.3492,73.0341],[70.285,73.035],[70.2411,73.0378],[70.2178,73.0417],[70.198,73.0469],[70.1633,73.0639],[70.1528,73.0758],[70.1536,73.0819],[70.1422,73.0878],[70.1305,73.0933],[70.1064,73.0983],[70.0869,73.095],[70.0022,73.0639],[70.0005,73.0517],[70.0161,73.0461],[70.0375,73.0458],[70.0603,73.043],[70.08,73.0378],[70.0955,73.0325],[70.1105,73.0208],[70.1005,73.0153],[69.9269,73.0233],[69.905,73.0247],[69.8822,73.0275],[69.8664,73.0328],[69.868,73.0453],[69.8735,73.0506],[69.8858,73.0819],[69.9164,73.1266],[69.9255,73.1333],[69.9522,73.1469],[69.9869,73.1608],[70.0136,73.1744],[70.0319,73.1878],[70.0522,73.2133],[70.063,73.2325],[70.0667,73.2572],[70.0633,73.2633],[70.0205,73.3169],[70.0097,73.3286],[69.9797,73.3519],[69.9686,73.3639],[69.9578,73.3758],[69.9553,73.3878],[69.9561,73.3941],[69.9611,73.4005],[69.9744,73.4072],[69.9894,73.4117],[70.2014,73.4583],[70.2408,73.465],[70.4036,73.4844],[70.4855,73.493],[70.5069,73.4894],[70.7208,73.5025],[70.8655,73.5158],[70.8869,73.5167],[70.9305,73.5161],[70.9761,73.5119],[71.0469,73.5],[71.2475,73.4542],[71.263,73.4486],[71.2661,73.4425],[71.265,73.4364],[71.1422,73.3883],[70.9991,73.2889],[71.0386,73.2694],[71.2105,73.2681],[71.2761,73.2831],[71.3825,73.3105],[71.4011,73.3164],[71.415,73.323],[71.4205,73.3294],[71.423,73.3417],[71.4328,73.3483],[71.455,73.3466],[71.4747,73.3414],[71.4861,73.3355],[71.6019,73.2725],[71.6203,73.2608],[71.6625,73.2258],[71.6764,73.2139],[71.6792,73.2078],[71.6767,73.1769],[71.6575,73.1725],[71.6139,73.1703],[71.5508,73.1689],[71.5067,73.1722],[71.3994,73.1739],[71.3575,73.1722],[71.338,73.1691],[71.3242,73.1622],[71.305,73.1492],[71.2914,73.1425],[71.2728,73.1369],[71.2531,73.1336],[71.1925,73.1272],[71.09,73.1194],[71.0694,73.1186],[71.0058,73.1183],[70.9378,73.1266],[70.9158,73.128],[70.8944,73.1283],[70.7347,73.108]]],[[[52.3192,80.2058],[52.3181,80.2117],[52.3189,80.2185],[52.2631,80.2292],[52.25,80.2341],[52.1814,80.2719],[52.1978,80.2767],[52.3114,80.2889],[52.3417,80.2911],[52.3747,80.2922],[52.413,80.2914],[52.5133,80.2889],[52.588,80.2991],[52.6672,80.3136],[52.6819,80.3389],[52.6803,80.3508],[52.6978,80.3583],[52.718,80.3644],[52.7839,80.3814],[52.8753,80.4025],[52.9008,80.4066],[52.9317,80.4089],[53.1578,80.4114],[53.23,80.4117],[53.2711,80.4097],[53.3028,80.4058],[53.3408,80.3964],[53.3353,80.39],[53.3172,80.3828],[53.3183,80.3705],[53.338,80.36],[53.3508,80.3547],[53.3828,80.345],[53.4333,80.3303],[53.4522,80.3255],[53.5961,80.2994],[53.6211,80.295],[53.6831,80.2872],[53.8028,80.2822],[53.8339,80.2783],[53.8525,80.2736],[53.865,80.2683],[53.8714,80.2628],[53.8717,80.2567],[53.8597,80.25],[53.8005,80.23],[53.78,80.2239],[53.7547,80.2197],[53.7242,80.2175],[53.6872,80.2208],[53.6808,80.2267],[53.6803,80.2325],[53.6739,80.238],[53.6492,80.2425],[53.6161,80.2414],[53.5905,80.2372],[53.5525,80.2236],[53.5289,80.2097],[53.5233,80.2033],[53.5181,80.1908],[53.5186,80.1847],[53.5131,80.1783],[53.4928,80.1722],[53.4319,80.1678],[53.3967,80.1678],[53.3658,80.1716],[53.3472,80.1764],[53.3164,80.1803],[53.1267,80.1847],[53.0964,80.1828],[52.935,80.1758],[52.7117,80.168],[52.6367,80.1725],[52.6236,80.1775],[52.6228,80.1836],[52.6158,80.1891],[52.5925,80.1941],[52.5492,80.1969],[52.4783,80.1966],[52.3322,80.2005],[52.3192,80.2058]]],[[[56.6855,80.3466],[56.6867,80.3528],[56.7005,80.3594],[56.725,80.3647],[56.7564,80.3667],[56.9,80.3658],[56.9769,80.3597],[57.0494,80.3522],[57.0794,80.348],[57.0969,80.343],[57.1278,80.3153],[57.1325,80.3097],[57.1297,80.2975],[57.1044,80.213],[57.0905,80.1728],[57.118,80.1161],[57.135,80.1114],[57.1397,80.1055],[57.1322,80.0992],[57.0725,80.0814],[57.0505,80.075],[57.0244,80.0711],[56.9958,80.0681],[56.9631,80.0675],[56.7617,80.0644],[56.6628,80.0653],[56.5422,80.0733],[56.505,80.0747],[56.2083,80.0736],[56.1056,80.073],[56.0072,80.0703],[55.9655,80.0719],[55.9297,80.0755],[55.7136,80.1011],[55.7203,80.1075],[55.7569,80.1194],[55.8028,80.1271],[55.8244,80.1317],[55.848,80.1367],[55.96,80.1655],[56.0247,80.1839],[56.0439,80.1911],[56.0447,80.1972],[55.9917,80.2117],[55.9547,80.2572],[55.9697,80.3239],[55.983,80.3306],[56.0072,80.3358],[56.0358,80.3389],[56.1897,80.3497],[56.2636,80.3483],[56.4472,80.3358],[56.5394,80.3258],[56.6855,80.3466]]],[[[52.18,80.345],[52.1667,80.3503],[52.1803,80.3561],[52.1883,80.3572],[52.1994,80.36],[52.2275,80.363],[52.2606,80.3642],[52.2992,80.3633],[52.343,80.3605],[52.4828,80.3403],[52.508,80.3361],[52.5214,80.3308],[52.5136,80.3255],[52.4856,80.3222],[52.4525,80.3211],[52.3811,80.3205],[52.3425,80.3217],[52.3075,80.3239],[52.2819,80.328],[52.18,80.345]]],[[[55.5214,80.3164],[55.5439,80.2939],[55.5428,80.2817],[55.5236,80.2744],[55.3689,80.2489],[55.2883,80.2378],[55.1511,80.2203],[55.1205,80.2183],[55.0194,80.2283],[54.8694,80.2472],[54.8575,80.2525],[54.8941,80.2628],[54.8992,80.2667],[54.9142,80.2725],[54.9425,80.2755],[55.0092,80.2775],[55.0731,80.2805],[55.1036,80.2844],[55.1057,80.2937],[55.0975,80.3055],[55.2975,80.3425],[55.3286,80.3444],[55.3714,80.3414],[55.505,80.3219],[55.5214,80.3164]]],[[[49.2056,80.038],[49.2317,80.0417],[49.2636,80.0405],[49.2953,80.0369],[49.4353,80.0025],[49.4289,79.9972],[49.4055,79.9925],[49.3792,79.9892],[49.3128,79.9872],[49.2261,79.9925],[49.1944,79.9961],[49.1936,80.0322],[49.2056,80.038]]],[[[58.9842,79.9014],[58.988,79.8955],[58.8942,79.8736],[58.8658,79.8708],[58.8314,79.8711],[58.7947,79.8725],[58.7606,79.8766],[58.7383,79.8811],[58.7061,79.8911],[58.6392,79.905],[58.5256,79.9222],[58.4847,79.9258],[58.448,79.9272],[58.3158,79.9253],[58.2792,79.9267],[58.2811,79.9328],[58.3625,79.9381],[58.3992,79.9386],[58.4256,79.9425],[58.45,79.9475],[58.4947,79.9594],[58.6317,79.9769],[58.6622,79.9786],[58.6664,79.973],[58.6519,79.9664],[58.6497,79.9603],[58.67,79.9494],[58.6864,79.9447],[58.7572,79.925],[58.7794,79.9203],[58.8142,79.9164],[58.8505,79.915],[58.9278,79.91],[58.9622,79.9058],[58.9842,79.9014]]],[[[48.5761,68.733],[48.2255,68.8828],[48.2178,68.8883],[48.2161,68.895],[48.2122,69.0564],[48.2167,69.0641],[48.2321,69.0841],[48.2608,69.115],[48.2655,69.123],[48.2669,69.1303],[48.2669,69.1444],[48.2667,69.1725],[48.2664,69.1864],[48.2647,69.193],[48.2692,69.215],[48.2753,69.2303],[48.2892,69.2539],[48.3128,69.2792],[48.3222,69.2864],[48.3711,69.3219],[48.3917,69.3353],[48.4139,69.3478],[48.4375,69.3589],[48.5825,69.425],[48.6078,69.4353],[48.635,69.4441],[48.6639,69.4519],[48.8328,69.4892],[48.9097,69.5025],[48.9433,69.5069],[48.9994,69.5094],[49.0186,69.51],[49.1194,69.5092],[49.2442,69.5056],[49.2919,69.4997],[49.3128,69.4964],[49.3475,69.4883],[49.3794,69.4797],[49.4789,69.448],[49.5705,69.4216],[49.6933,69.3869],[49.7247,69.3783],[49.9069,69.3311],[50.1042,69.2811],[50.1428,69.2667],[50.1753,69.2514],[50.1936,69.2405],[50.3053,69.1619],[50.3203,69.1505],[50.3289,69.1383],[50.3311,69.1247],[50.3289,69.1175],[50.3119,69.1008],[50.2622,69.0647],[50.1772,69.0114],[50.1431,68.993],[50.1272,68.9903],[50.1133,68.995],[50.1172,69.0333],[50.1194,69.0405],[50.1278,69.0489],[50.1475,69.0633],[50.1658,69.0789],[50.1825,69.0955],[50.225,69.1431],[50.2239,69.1497],[50.2069,69.1539],[50.1894,69.1522],[50.13,69.1383],[49.9594,69.0761],[49.8678,69.0047],[49.8055,68.9522],[49.7553,68.9172],[49.7022,68.8842],[49.6911,68.878],[49.6783,68.873],[49.4955,68.8217],[49.4814,68.8178],[49.4517,68.8114],[49.4358,68.8086],[49.1472,68.7675],[48.9128,68.7361],[48.8289,68.7267],[48.8119,68.725],[48.7947,68.7233],[48.7761,68.7228],[48.59,68.7286],[48.5761,68.733]]],[[[59.2131,79.9239],[59.1847,79.928],[59.1747,79.9333],[59.1955,79.9405],[59.1978,79.9466],[59.1819,79.9514],[59.1597,79.9561],[59.0806,79.9694],[59.0522,79.9739],[59.0197,79.9767],[58.9094,79.9811],[58.8811,79.9853],[58.7997,80.0067],[58.7631,80.0169],[58.7592,80.0228],[58.7614,80.0289],[58.7758,80.0355],[58.8005,80.0405],[58.9058,80.0572],[58.9325,80.0611],[59.0153,80.0714],[59.3244,80.1094],[59.3536,80.1122],[59.4508,80.115],[59.5539,80.1114],[59.7872,80.0886],[59.8092,80.0842],[59.8253,80.0789],[59.8447,80.0683],[59.8606,79.9878],[59.7433,79.9592],[59.7183,79.9542],[59.6914,79.9503],[59.6339,79.945],[59.5436,79.9386],[59.4308,79.9264],[59.4222,79.9203],[59.3647,79.9144],[59.2131,79.9239]]],[[[50.6658,80.0447],[50.6897,80.0489],[50.7167,80.0525],[50.7461,80.0547],[50.8428,80.0586],[50.8697,80.0622],[50.9072,80.075],[50.9272,80.0889],[50.9433,80.0964],[50.9703,80.0997],[51.008,80.0989],[51.0275,80.0944],[51.205,80.038],[51.3858,79.9658],[51.5019,79.9317],[51.4917,79.9247],[51.4678,79.9205],[51.4383,79.918],[51.3744,79.9155],[51.34,79.9153],[51.0711,79.9236],[50.9539,79.9278],[50.9142,79.9294],[50.8403,79.9361],[50.755,79.9416],[50.7175,79.9422],[50.6483,79.9416],[50.6164,79.9403],[50.5472,79.9397],[50.5097,79.9403],[50.2894,79.9508],[50.1664,79.9594],[50.0864,79.9653],[50.055,79.9689],[50.0439,79.973],[50.0564,79.9789],[50.0664,79.9792],[50.1072,79.9825],[50.2564,79.9936],[50.2883,79.9947],[50.3258,79.9941],[50.3631,79.9911],[50.4064,79.9814],[50.4436,79.9783],[50.5131,79.9789],[50.545,79.9803],[50.5717,79.9839],[50.59,79.9903],[50.6039,80.0036],[50.6078,80.0103],[50.6472,80.038],[50.6658,80.0447]]],[[[49.6831,80.0364],[49.6794,80.03],[49.6503,80.0275],[49.4667,80.0158],[49.4317,80.0153],[49.4147,80.0189],[49.4005,80.0242],[49.378,80.0347],[49.3556,80.0478],[49.3553,80.0453],[49.3328,80.0558],[49.3303,80.0619],[49.4314,80.0928],[49.4605,80.0928],[49.4922,80.0892],[49.5761,80.0775],[49.5961,80.0728],[49.6747,80.0419],[49.6831,80.0364]]],[[[60.6125,80.4383],[60.4964,80.4558],[60.4286,80.4697],[60.4122,80.4747],[60.3897,80.4794],[60.3314,80.4883],[60.2492,80.4944],[60.2167,80.493],[60.1925,80.4869],[60.1873,80.4808],[60.1864,80.475],[60.1705,80.4683],[60.1444,80.4636],[60.088,80.4561],[59.9455,80.438],[59.8856,80.4328],[59.8533,80.4311],[59.6594,80.4222],[59.6258,80.425],[59.565,80.4569],[59.5383,80.4672],[59.5217,80.4722],[59.4986,80.4767],[59.4458,80.4858],[59.3572,80.4986],[59.3111,80.5078],[59.2711,80.5175],[59.2542,80.5225],[59.2439,80.5278],[59.2464,80.5336],[59.3025,80.5414],[59.3133,80.5414],[59.3569,80.5517],[59.3722,80.5583],[59.3683,80.5641],[59.2753,80.5825],[59.2583,80.5875],[59.2544,80.593],[59.2208,80.6428],[59.2233,80.6489],[59.2803,80.6961],[59.37,80.7344],[59.5481,80.7983],[59.6133,80.8167],[59.638,80.8225],[59.6647,80.8275],[59.6939,80.8311],[59.7247,80.8339],[59.8753,80.8425],[59.9086,80.8441],[60.0789,80.8503],[60.1164,80.8497],[60.1578,80.8472],[60.2011,80.8436],[60.2314,80.8392],[60.2547,80.8347],[60.2583,80.8289],[60.2292,80.8253],[60.1608,80.823],[60.1236,80.8236],[60.0572,80.8203],[60.0261,80.8175],[59.9969,80.8139],[59.97,80.8089],[59.965,80.8042],[60.0022,80.8036],[60.1017,80.8086],[60.1369,80.8091],[60.2817,80.8091],[60.3189,80.8089],[60.3489,80.8044],[60.3525,80.7989],[60.5608,80.8114],[60.8933,80.8272],[61.1208,80.8414],[61.3608,80.8505],[61.4125,80.8542],[61.478,80.86],[61.5325,80.8741],[61.5361,80.88],[61.5619,80.8858],[61.5955,80.8872],[61.8519,80.8861],[61.9286,80.8839],[62.0461,80.8786],[62.0892,80.8747],[62.1214,80.8647],[62.1997,80.8217],[62.2183,80.8111],[62.2828,80.7736],[62.2853,80.7681],[62.2769,80.7561],[62.2511,80.7378],[62.2189,80.7189],[62.2014,80.7125],[62.1497,80.7008],[62.1069,80.6886],[62.038,80.6625],[62.0472,80.6572],[62.0694,80.6525],[62.0983,80.648],[62.1208,80.6431],[62.1364,80.638],[62.1455,80.6328],[62.1417,80.6266],[62.0867,80.6175],[62.0575,80.6139],[61.9392,80.6003],[61.8736,80.5972],[61.8044,80.5964],[61.7681,80.5969],[61.7353,80.5955],[61.7042,80.593],[61.58,80.5547],[61.3883,80.483],[61.3847,80.4772],[61.3683,80.4705],[61.3453,80.4636],[61.3205,80.4578],[61.2461,80.4403],[61.0944,80.4072],[61.0661,80.4036],[61.0339,80.4019],[61.0,80.4017],[60.9583,80.4053],[60.6125,80.4383]]],[[[48.4972,80.6369],[48.3397,80.6472],[48.2664,80.6461],[48.1378,80.653],[48.0978,80.6558],[48.0639,80.6594],[48.0361,80.6633],[48.0144,80.6678],[47.9064,80.7105],[47.7797,80.7625],[47.7517,80.7664],[47.6594,80.7586],[47.6319,80.7553],[47.6044,80.7517],[47.5803,80.7472],[47.5592,80.7417],[47.5131,80.7078],[47.4108,80.6841],[47.3772,80.6825],[47.3533,80.678],[47.3325,80.6725],[47.3033,80.6575],[47.3011,80.6511],[47.3108,80.6455],[47.3583,80.6308],[47.3861,80.6269],[47.4336,80.6122],[47.443,80.6066],[47.4469,80.6008],[47.4444,80.5941],[47.4236,80.5889],[47.3842,80.5892],[47.3564,80.593],[47.3067,80.6014],[47.2847,80.6058],[47.2689,80.6105],[47.1914,80.6228],[47.1667,80.6258],[47.0611,80.5917],[47.0439,80.585],[47.0356,80.578],[47.0314,80.565],[47.023,80.558],[47.0058,80.5517],[46.8447,80.5539],[46.7289,80.5564],[46.6486,80.5564],[46.6342,80.5514],[46.6842,80.5242],[46.6822,80.5175],[46.6647,80.5136],[46.5275,80.5203],[46.5072,80.5147],[46.4936,80.5072],[46.5017,80.4953],[46.5117,80.49],[46.5205,80.4836],[46.5286,80.4719],[46.5175,80.4658],[46.4911,80.4622],[46.4314,80.4594],[46.3203,80.4583],[46.2875,80.4566],[46.2283,80.4514],[46.1494,80.4403],[46.0842,80.4369],[46.0561,80.4408],[46.04,80.4458],[46.0272,80.4636],[46.02,80.4819],[46.0175,80.4944],[46.0264,80.508],[46.0339,80.515],[46.055,80.5297],[46.0819,80.5447],[46.0836,80.5511],[46.0794,80.5572],[46.0528,80.5675],[46.0364,80.5722],[45.9997,80.5742],[45.7767,80.5528],[45.6258,80.5264],[45.5731,80.5189],[45.5369,80.5183],[45.4944,80.5194],[45.4719,80.5236],[45.4508,80.5344],[45.4417,80.5464],[45.4311,80.5519],[45.4039,80.5622],[45.3872,80.5669],[45.3197,80.58],[45.2914,80.5836],[45.2511,80.5864],[45.1583,80.5905],[45.0725,80.5928],[44.983,80.5961],[44.9019,80.6014],[44.8794,80.6058],[44.8625,80.6105],[44.8575,80.6164],[44.8805,80.6211],[45.0,80.6327],[45.1611,80.6475],[45.2275,80.6511],[45.4647,80.663],[45.5344,80.6655],[45.7339,80.6644],[45.9542,80.6664],[45.9875,80.668],[46.2986,80.6916],[46.3589,80.6969],[46.3858,80.7005],[46.5178,80.7194],[46.5167,80.7244],[46.4294,80.7294],[46.3983,80.7319],[46.4067,80.7364],[46.4369,80.7392],[46.5378,80.7439],[46.6855,80.7466],[46.7633,80.7419],[46.8003,80.7425],[46.8339,80.7441],[46.9994,80.7533],[47.0267,80.7569],[47.1947,80.7961],[47.203,80.803],[47.1933,80.8086],[47.1708,80.8128],[47.1303,80.8158],[47.1017,80.8197],[47.0917,80.825],[47.1128,80.8306],[47.1986,80.8403],[47.4647,80.8547],[47.5019,80.8555],[47.6494,80.8439],[47.7722,80.8228],[47.8978,80.8033],[47.938,80.8003],[47.9753,80.8008],[48.0094,80.8025],[48.1019,80.81],[48.1608,80.8158],[48.1855,80.8205],[48.2133,80.8239],[48.2442,80.8264],[48.2847,80.8258],[48.3408,80.8181],[48.5303,80.79],[48.6169,80.7719],[48.6539,80.7503],[48.6383,80.7453],[48.6044,80.7439],[48.558,80.7464],[48.5211,80.7458],[48.4964,80.7414],[48.478,80.735],[48.4628,80.7275],[48.4536,80.7205],[48.4628,80.715],[48.4936,80.7125],[48.5305,80.713],[48.5614,80.7105],[48.5828,80.7061],[48.635,80.6916],[48.7542,80.6578],[48.7633,80.6525],[48.7664,80.6464],[48.7597,80.6211],[48.7505,80.6142],[48.723,80.6105],[48.6833,80.6136],[48.598,80.6241],[48.4972,80.6369]]],[[[55.5528,80.7308],[55.7839,80.7578],[55.9247,80.7622],[56.3375,80.775],[56.4769,80.7786],[56.5142,80.7783],[56.5539,80.7772],[56.7789,80.7358],[56.9305,80.6975],[56.9486,80.6927],[56.9355,80.6625],[56.9103,80.6575],[56.738,80.6367],[56.7083,80.6339],[56.44,80.6239],[56.3511,80.6375],[56.3394,80.6428],[56.3083,80.6467],[56.2692,80.6478],[56.2003,80.6461],[56.1361,80.6422],[56.1064,80.6392],[56.0153,80.6314],[55.905,80.6317],[55.7867,80.6386],[55.6431,80.65],[55.6119,80.6542],[55.5997,80.6591],[55.6067,80.6658],[55.6314,80.6708],[55.6586,80.6747],[55.6808,80.6808],[55.7008,80.688],[55.708,80.6944],[55.6958,80.6997],[55.6708,80.7042],[55.6314,80.7053],[55.5203,80.7056],[55.4486,80.7047],[55.4325,80.7083],[55.4458,80.7153],[55.5003,80.7233],[55.5528,80.7308]]],[[[53.3011,80.4947],[53.2564,80.5036],[53.2369,80.5083],[53.2144,80.5157],[53.2056,80.5205],[53.1989,80.5261],[53.1975,80.5383],[53.2144,80.5575],[53.2264,80.5644],[53.2628,80.5789],[53.2836,80.5853],[53.3017,80.5925],[53.3011,80.5983],[53.2756,80.6028],[53.1505,80.6111],[53.1186,80.6147],[53.1053,80.62],[53.1414,80.6489],[53.1586,80.6539],[53.1875,80.6569],[53.2169,80.6542],[53.3986,80.6266],[53.5386,80.5339],[53.5455,80.5283],[53.5458,80.5222],[53.5339,80.5155],[53.4422,80.485],[53.4289,80.4817],[53.39,80.4828],[53.3519,80.4861],[53.3011,80.4947]]],[[[50.3433,80.7111],[50.3742,80.7111],[50.4025,80.7144],[50.4697,80.7305],[50.6167,80.7586],[50.6419,80.763],[50.9283,80.7719],[51.0305,80.7733],[51.1739,80.7764],[51.2672,80.7853],[51.31,80.7833],[51.3117,80.7775],[51.3069,80.7711],[51.3275,80.7664],[51.4494,80.7405],[51.4761,80.7364],[51.5089,80.7328],[51.5803,80.7341],[51.6861,80.7261],[51.7253,80.7228],[51.7455,80.718],[51.7469,80.7122],[51.7336,80.6869],[51.7289,80.6805],[51.7058,80.6753],[51.5005,80.6408],[51.4155,80.6308],[51.3561,80.6253],[51.3194,80.625],[51.2405,80.6266],[51.2064,80.6253],[51.1811,80.6211],[51.1586,80.6155],[51.1078,80.5936],[51.0742,80.5789],[51.03,80.5572],[51.0194,80.5503],[51.0,80.5439],[50.9497,80.5353],[50.9217,80.5319],[50.8908,80.5294],[50.8097,80.5319],[50.7733,80.5317],[50.5914,80.53],[50.3422,80.5258],[50.198,80.5225],[50.1311,80.5197],[50.1005,80.5175],[50.0731,80.5139],[50.0804,80.5088],[50.0806,80.5036],[50.053,80.5],[49.8528,80.4919],[49.7528,80.4875],[49.7225,80.4853],[49.695,80.4817],[49.6733,80.4764],[49.6819,80.4708],[49.6964,80.4658],[49.723,80.4617],[49.7886,80.4547],[49.803,80.4497],[49.8317,80.4086],[49.828,80.4022],[49.8067,80.3967],[49.7822,80.3922],[49.6303,80.3678],[49.6033,80.3642],[49.5703,80.3628],[49.4628,80.3616],[49.4211,80.363],[49.3794,80.3647],[49.2817,80.3753],[49.243,80.3783],[49.2011,80.38],[48.9025,80.3828],[48.8667,80.3825],[48.8367,80.38],[48.8097,80.3764],[48.7917,80.37],[48.6317,80.3072],[48.6228,80.3003],[48.6255,80.2941],[48.6344,80.2889],[48.6494,80.2839],[48.67,80.2792],[48.7144,80.2767],[48.8478,80.2817],[48.8833,80.2822],[48.9189,80.28],[48.9483,80.27],[48.995,80.2491],[49.1019,80.1944],[49.1103,80.1889],[49.1131,80.1828],[49.1039,80.1758],[48.9883,80.1475],[48.9592,80.145],[48.9208,80.1453],[48.7981,80.15],[48.7658,80.1536],[48.7394,80.1575],[48.6986,80.1667],[48.6692,80.1767],[48.6605,80.1822],[48.6458,80.1872],[48.6047,80.1961],[48.5664,80.1991],[48.5283,80.1997],[48.4958,80.198],[48.493,80.1916],[48.5194,80.175],[48.5342,80.1703],[48.5431,80.1647],[48.5489,80.1525],[48.5431,80.1394],[48.5197,80.125],[48.5022,80.1183],[48.4817,80.113],[48.3975,80.0919],[48.3742,80.0872],[48.3478,80.0889],[48.3275,80.0933],[48.2539,80.1183],[48.245,80.1239],[48.23,80.1289],[48.2036,80.1328],[48.1628,80.1344],[48.1072,80.1283],[48.0608,80.1191],[48.0406,80.1136],[47.9955,80.1017],[47.9019,80.0839],[47.7208,80.0697],[47.6889,80.0681],[47.6542,80.0675],[47.6161,80.0705],[47.5953,80.075],[47.5919,80.0808],[47.6,80.088],[47.6344,80.1144],[47.6483,80.1219],[47.755,80.1686],[47.775,80.1741],[47.8014,80.1778],[47.9422,80.18],[48.0005,80.185],[48.0564,80.1911],[48.0825,80.1947],[48.0825,80.1997],[48.05,80.203],[47.9086,80.2008],[47.8644,80.2033],[47.8436,80.2078],[47.855,80.2139],[47.94,80.2225],[47.9633,80.2269],[47.9658,80.2336],[47.9567,80.2392],[47.9242,80.2425],[47.8797,80.245],[47.8411,80.2453],[47.698,80.2422],[47.4861,80.2364],[47.4536,80.2347],[47.1614,80.1847],[47.1594,80.178],[47.163,80.1722],[47.1461,80.1655],[47.1142,80.1642],[46.9331,80.1794],[46.9117,80.1839],[46.8964,80.1886],[46.8867,80.1941],[46.8908,80.2072],[46.9044,80.2147],[46.9064,80.2214],[46.9028,80.2272],[46.8814,80.2317],[46.7261,80.2622],[46.6989,80.2661],[46.6561,80.2747],[46.6405,80.2797],[46.6261,80.2855],[46.6164,80.2908],[46.6242,80.298],[46.6378,80.3055],[46.6836,80.3147],[46.9553,80.3611],[47.0111,80.3672],[47.0406,80.37],[47.0764,80.3705],[47.1155,80.3678],[47.1428,80.3639],[47.1739,80.3539],[47.193,80.343],[47.2317,80.3293],[47.3114,80.3086],[47.4772,80.3155],[47.6469,80.3114],[47.8494,80.3014],[47.8764,80.3],[47.9772,80.3011],[48.0039,80.3047],[48.1839,80.3314],[48.1869,80.3353],[48.1539,80.3389],[47.9292,80.3633],[47.8903,80.3664],[47.8186,80.3653],[47.7053,80.3655],[47.6694,80.3675],[47.6222,80.395],[47.6189,80.4008],[47.6305,80.4044],[47.6514,80.4075],[47.7169,80.4105],[47.7528,80.4111],[48.0433,80.4144],[48.193,80.4147],[48.223,80.4172],[48.2347,80.4233],[48.1375,80.4625],[48.1222,80.4675],[48.0889,80.4686],[47.7097,80.4664],[47.62,80.4586],[47.4678,80.4469],[47.435,80.4453],[47.3958,80.4458],[47.3803,80.4505],[47.3944,80.458],[47.4181,80.4628],[47.8086,80.52],[47.8355,80.5233],[48.0103,80.5405],[48.0403,80.543],[48.08,80.5403],[48.1228,80.5314],[48.15,80.5275],[48.1833,80.5264],[48.2136,80.5289],[48.2314,80.5355],[48.2403,80.5425],[48.2583,80.5489],[48.2794,80.5544],[48.3036,80.5589],[48.3308,80.5625],[48.3944,80.5664],[48.4342,80.5633],[48.5403,80.5411],[48.5464,80.5242],[48.7486,80.4947],[48.7878,80.4917],[48.8242,80.4922],[48.8483,80.4966],[48.8939,80.5064],[48.9003,80.5194],[48.9125,80.5255],[48.9519,80.525],[49.0394,80.5208],[49.118,80.5197],[49.1922,80.5214],[49.2167,80.5258],[49.2292,80.5319],[49.2203,80.5372],[49.1783,80.5464],[49.1756,80.5522],[49.2589,80.5775],[49.2805,80.5806],[49.3353,80.5825],[49.3847,80.5914],[49.4003,80.5986],[49.41,80.6055],[49.4075,80.6116],[49.3531,80.6197],[49.3197,80.6233],[49.2986,80.6278],[49.2897,80.6333],[49.2872,80.6392],[49.3164,80.6433],[49.4394,80.653],[49.4789,80.65],[49.5061,80.6458],[49.5394,80.6425],[49.585,80.6397],[49.6278,80.6383],[49.6586,80.6405],[49.6681,80.645],[49.6814,80.7175],[49.6603,80.7219],[49.6264,80.723],[49.5953,80.7208],[49.5703,80.7164],[49.51,80.7097],[49.42,80.7017],[49.235,80.6869],[49.2042,80.6869],[49.2111,80.7],[49.2205,80.7069],[49.2364,80.7142],[49.2583,80.7197],[49.308,80.7286],[49.3361,80.7319],[49.3303,80.7364],[49.2561,80.7355],[49.1942,80.7308],[49.1633,80.7283],[49.1386,80.7239],[49.095,80.713],[49.0611,80.7117],[49.0211,80.7119],[48.9631,80.7261],[48.9542,80.7314],[48.9667,80.7375],[49.1169,80.7889],[49.3044,80.8158],[49.3328,80.8192],[49.4233,80.8275],[49.4858,80.8322],[49.5203,80.8336],[49.5605,80.8331],[49.5919,80.8355],[49.62,80.8389],[49.6678,80.8486],[49.7644,80.8805],[49.7886,80.8867],[49.8142,80.8911],[50.0292,80.9097],[50.1844,80.9225],[50.2161,80.925],[50.2508,80.9264],[50.2972,80.9236],[50.4117,80.9139],[50.4392,80.9097],[50.4414,80.9039],[50.4128,80.9005],[50.3433,80.8978],[50.2683,80.8972],[50.2336,80.8958],[50.1419,80.8878],[50.1161,80.8833],[50.0169,80.8647],[49.9975,80.8586],[50.0158,80.855],[50.133,80.8466],[50.1669,80.8455],[50.665,80.8867],[50.7225,80.8933],[50.7483,80.8978],[50.8086,80.9167],[50.8461,80.9169],[50.8736,80.913],[50.888,80.9078],[51.0356,80.8517],[51.0436,80.8461],[51.0392,80.8397],[51.0189,80.8333],[50.7219,80.8091],[50.6905,80.8069],[50.6503,80.8075],[50.5639,80.8108],[50.5297,80.8097],[50.4983,80.8072],[50.4697,80.8039],[50.4689,80.7989],[50.5358,80.7917],[50.5442,80.7861],[50.5336,80.7794],[50.508,80.775],[50.4231,80.765],[50.3917,80.7625],[50.3233,80.76],[50.295,80.7567],[50.2697,80.7522],[50.2472,80.7466],[50.2494,80.7408],[50.3164,80.7153],[50.3433,80.7111]]],[[[57.8247,80.8122],[57.8419,80.8178],[57.868,80.8228],[57.9444,80.83],[58.0253,80.8419],[58.1039,80.8566],[58.1278,80.8625],[58.185,80.8703],[58.2486,80.875],[58.5155,80.888],[58.6505,80.8939],[58.7192,80.8964],[58.7567,80.8961],[58.7942,80.8922],[58.825,80.888],[58.9105,80.875],[58.9589,80.8658],[58.9764,80.8608],[59.0253,80.8225],[58.9867,80.7917],[58.9425,80.7775],[58.9161,80.7725],[58.8853,80.7697],[58.8458,80.7714],[58.7717,80.7792],[58.7347,80.7794],[58.6647,80.778],[58.6383,80.773],[58.6208,80.7675],[58.6119,80.7614],[58.5967,80.7547],[58.5683,80.7508],[58.5378,80.748],[58.505,80.7461],[58.47,80.7455],[58.4331,80.7458],[58.3936,80.7472],[58.3522,80.7497],[58.3239,80.7528],[58.2756,80.7619],[58.245,80.7661],[58.2078,80.77],[58.1639,80.7733],[58.1222,80.7758],[58.0828,80.7772],[58.0455,80.7775],[57.925,80.7825],[57.8633,80.7908],[57.8389,80.7953],[57.8211,80.8003],[57.8164,80.8058],[57.8247,80.8122]]],[[[54.2603,80.7683],[54.2233,80.7683],[54.1808,80.7705],[54.1036,80.7775],[54.0778,80.7817],[54.0067,80.795],[53.9761,80.8055],[53.9755,80.8175],[53.9908,80.8233],[54.0047,80.8266],[54.0386,80.8414],[54.0603,80.8475],[54.09,80.8505],[54.2617,80.8569],[54.3342,80.858],[54.4247,80.8458],[54.4647,80.8447],[54.7742,80.8619],[54.9611,80.8847],[54.9883,80.8889],[55.0186,80.8919],[55.0555,80.8936],[55.1308,80.8936],[55.1711,80.8925],[55.2547,80.8855],[55.2869,80.8817],[55.3061,80.8769],[55.45,80.8514],[55.6005,80.8319],[55.6325,80.828],[55.8114,80.8153],[55.9772,80.8014],[55.9828,80.7958],[55.9553,80.7919],[55.9253,80.7889],[55.828,80.7831],[55.5297,80.7683],[55.3714,80.7633],[55.3069,80.7594],[55.1439,80.7486],[55.115,80.7439],[55.0655,80.7339],[55.0064,80.7278],[54.8783,80.7194],[54.8411,80.7197],[54.8017,80.7205],[54.6664,80.7336],[54.6603,80.7392],[54.6667,80.7455],[54.6797,80.7522],[54.6864,80.7586],[54.6928,80.765],[54.693,80.7711],[54.6739,80.7758],[54.6417,80.7797],[54.5969,80.7828],[54.5622,80.7817],[54.4311,80.7747],[54.2603,80.7683]]],[[[58.0928,80.2436],[58.1283,80.2397],[58.1639,80.2394],[58.2308,80.2408],[58.3436,80.2366],[58.4625,80.2292],[58.4792,80.2242],[58.4772,80.2183],[58.4442,80.175],[58.4358,80.1686],[58.4069,80.1658],[58.3694,80.1672],[58.1697,80.1841],[58.0633,80.1955],[58.0528,80.2011],[58.0194,80.2003],[57.9905,80.1972],[57.9411,80.1875],[57.9186,80.1814],[57.9044,80.1744],[57.9025,80.1686],[57.9133,80.1633],[57.9636,80.1483],[57.9742,80.1431],[58.0131,80.1097],[58.0175,80.1042],[57.995,80.098],[57.9661,80.0953],[57.9003,80.0936],[57.7556,80.0969],[57.7186,80.0983],[57.6769,80.1017],[57.6478,80.1061],[57.635,80.1105],[57.5783,80.1214],[57.5367,80.125],[57.4333,80.1247],[57.4022,80.1264],[57.2719,80.1661],[57.2389,80.3361],[57.2572,80.3811],[57.2733,80.3867],[57.2686,80.3925],[57.2036,80.4247],[57.1861,80.4294],[57.0792,80.4528],[56.9944,80.4655],[56.9464,80.4744],[56.965,80.4792],[57.2644,80.4897],[57.3667,80.4922],[57.405,80.4908],[57.6122,80.4875],[57.7144,80.4917],[57.7825,80.493],[57.8186,80.4928],[57.9297,80.4908],[57.9683,80.4894],[58.0472,80.4858],[58.395,80.4686],[58.4803,80.4617],[58.5269,80.4525],[58.6778,80.4372],[58.8008,80.4289],[59.1525,80.3805],[59.1986,80.3711],[59.2458,80.3503],[59.2764,80.3342],[59.2739,80.3283],[59.2464,80.3244],[59.2167,80.3217],[58.7922,80.3314],[58.708,80.3383],[58.6367,80.3392],[58.6072,80.3364],[58.5987,80.3289],[58.5986,80.3194],[58.5819,80.3139],[58.5481,80.313],[58.4325,80.3183],[58.4011,80.3167],[58.3717,80.3139],[58.1833,80.2853],[58.1336,80.2753],[58.0922,80.2611],[58.0778,80.2544],[58.0758,80.2483],[58.0928,80.2436]]],[[[54.5086,80.4533],[54.6203,80.4825],[54.6731,80.4905],[54.7144,80.4886],[54.733,80.4839],[54.8631,80.4503],[54.8625,80.4383],[54.8497,80.4255],[54.8308,80.4183],[54.8069,80.413],[54.6683,80.3955],[54.6372,80.3936],[54.5653,80.3936],[54.4547,80.3947],[54.4139,80.3967],[54.3764,80.4003],[54.3703,80.4058],[54.3964,80.41],[54.4517,80.4154],[54.4961,80.4466],[54.5086,80.4533]]],[[[54.9889,80.4214],[55.0178,80.4244],[55.1031,80.4233],[55.1222,80.4228],[55.1536,80.4247],[55.18,80.4289],[55.2039,80.4341],[55.2105,80.4405],[55.2261,80.4464],[55.2525,80.4503],[55.2864,80.4514],[55.325,80.4503],[55.3433,80.4453],[55.3611,80.4344],[55.3669,80.4289],[55.313,80.3933],[55.3039,80.3878],[55.2008,80.3705],[55.1675,80.3694],[54.9836,80.4114],[54.9775,80.4169],[54.9889,80.4214]]],[[[55.8197,80.4272],[55.873,80.4353],[55.9139,80.433],[56.03,80.4261],[56.2069,80.4108],[56.2869,80.4039],[56.3111,80.3994],[56.3225,80.3941],[56.3278,80.3886],[56.308,80.3814],[56.2594,80.3711],[56.2233,80.3714],[55.9797,80.3847],[55.8222,80.3975],[55.7917,80.4017],[55.7861,80.4072],[55.7931,80.4136],[55.8028,80.4171],[55.8197,80.4272]]],[[[58.5486,80.618],[58.6003,80.6278],[58.8058,80.6469],[58.8447,80.6455],[58.8553,80.6403],[58.8064,80.5828],[58.77,80.5831],[58.5655,80.5955],[58.5378,80.6058],[58.5397,80.6116],[58.5486,80.618]]],[[[58.0106,80.6411],[58.0214,80.6358],[58.035,80.6191],[58.0314,80.6072],[57.9239,80.5622],[57.9005,80.5564],[57.8708,80.5533],[57.8022,80.5519],[57.528,80.5475],[57.4894,80.5489],[57.2647,80.5831],[57.2405,80.5875],[57.218,80.598],[57.2131,80.6036],[57.2294,80.6091],[57.2572,80.6133],[57.2827,80.6147],[57.3147,80.6183],[57.37,80.6261],[57.3844,80.633],[57.3925,80.6392],[57.4161,80.6419],[57.6022,80.6394],[57.8439,80.6414],[57.9758,80.6439],[58.0106,80.6411]]],[[[53.8725,80.5469],[53.8533,80.5517],[53.8403,80.5628],[53.8394,80.5806],[53.8447,80.5992],[53.8711,80.6033],[53.9028,80.6053],[53.9683,80.6086],[54.0075,80.6075],[54.2053,80.593],[54.2747,80.5855],[54.3128,80.5761],[54.2864,80.5719],[54.2208,80.5689],[54.1894,80.5667],[54.1603,80.5636],[54.1392,80.5575],[54.133,80.5511],[54.1519,80.5461],[54.1897,80.5428],[54.3017,80.5417],[54.3797,80.5397],[54.4114,80.5358],[54.4589,80.498],[54.465,80.4744],[54.4589,80.468],[54.3303,80.4225],[54.3017,80.4191],[54.2681,80.4183],[54.2294,80.4191],[54.1922,80.4228],[54.1672,80.4269],[54.1422,80.4314],[54.1294,80.4366],[54.1106,80.4414],[54.0542,80.4497],[53.9728,80.4561],[53.8489,80.4622],[53.8114,80.4655],[53.78,80.4694],[53.7997,80.4733],[53.8308,80.4755],[53.8569,80.4797],[53.8567,80.4855],[53.8314,80.5],[53.9442,80.5181],[53.9678,80.523],[53.9675,80.5292],[53.955,80.5344],[53.9294,80.5386],[53.898,80.5425],[53.8725,80.5469]]],[[[55.0158,80.5569],[55.1267,80.5164],[55.1633,80.5008],[55.163,80.4947],[55.15,80.488],[55.0539,80.4675],[55.02,80.4664],[54.9475,80.4667],[54.8714,80.4711],[54.8467,80.4755],[54.6872,80.5119],[54.6656,80.5194],[54.6536,80.523],[54.6411,80.528],[54.6475,80.5344],[54.6564,80.5397],[54.6756,80.5472],[54.7044,80.5503],[54.8505,80.55],[54.8847,80.5511],[54.9161,80.553],[54.9694,80.5614],[54.9972,80.5619],[55.0158,80.5569]]],[[[57.5311,81.1236],[57.3775,81.1244],[57.1536,81.1464],[56.9947,81.1655],[57.0097,81.1722],[57.0675,81.18],[57.0833,81.1814],[57.1869,81.1878],[57.4608,81.2178],[57.733,81.2322],[57.8742,81.2372],[57.9105,81.238],[57.9494,81.2378],[57.9814,81.2336],[58.0689,81.215],[58.0806,81.2097],[58.058,81.2028],[57.7753,81.1494],[57.7219,81.1397],[57.6928,81.1358],[57.565,81.1253],[57.5311,81.1236]]],[[[59.7664,81.1703],[59.73,81.1697],[59.5761,81.1714],[59.4969,81.1733],[59.0853,81.1936],[59.04,81.1972],[59.0153,81.2017],[59.0108,81.2072],[59.0155,81.2121],[59.0958,81.2205],[59.1753,81.2189],[59.4119,81.2142],[59.6436,81.2117],[59.6844,81.2103],[59.7275,81.2078],[59.7636,81.2047],[59.788,81.2003],[59.8408,81.1855],[59.8447,81.18],[59.8328,81.1747],[59.8005,81.1719],[59.7664,81.1703]]],[[[60.2542,69.6886],[60.2056,69.6794],[60.1861,69.68],[60.1672,69.6847],[60.1583,69.6903],[60.1428,69.695],[60.1044,69.7042],[60.0855,69.7086],[60.0403,69.7169],[60.02,69.7186],[60.0017,69.718],[59.9714,69.7094],[59.9433,69.6986],[59.9305,69.6919],[59.9208,69.6855],[59.9119,69.6664],[59.8856,69.683],[59.8767,69.6886],[59.8586,69.6919],[59.8392,69.6925],[59.7661,69.6897],[59.7455,69.6914],[59.6017,69.7125],[59.5783,69.7258],[59.5428,69.748],[59.5339,69.7536],[59.5483,69.775],[59.5567,69.7825],[59.5761,69.7819],[59.5919,69.7769],[59.6114,69.7767],[59.6208,69.7828],[59.6258,69.79],[59.6164,69.8086],[59.6108,69.8144],[59.4392,69.8811],[59.4231,69.8858],[59.4039,69.8903],[59.3842,69.8908],[59.3325,69.885],[59.2955,69.8836],[59.2758,69.8842],[59.1239,69.9119],[59.0033,69.9339],[58.9586,69.9405],[58.9425,69.9375],[58.9411,69.9308],[58.9983,69.9108],[59.0178,69.9066],[59.0692,69.8925],[59.0853,69.8878],[59.1139,69.8778],[59.1228,69.8722],[59.1283,69.8664],[59.1272,69.8597],[59.1133,69.8542],[59.0386,69.8522],[59.0178,69.8539],[58.6711,70.0103],[58.6492,70.0208],[58.6214,70.0375],[58.588,70.06],[58.5728,70.0714],[58.5705,70.0778],[58.5753,70.085],[58.5939,70.1133],[58.6089,70.1375],[58.6067,70.1436],[58.588,70.1744],[58.5822,70.1803],[58.5683,70.1828],[58.5172,70.1797],[58.495,70.1903],[58.4086,70.2503],[58.4097,70.2569],[58.4214,70.2647],[58.4364,70.2691],[58.4903,70.27],[58.5942,70.2592],[58.6106,70.2544],[58.6383,70.238],[58.6547,70.2333],[58.6733,70.23],[58.7828,70.2133],[58.8214,70.2136],[58.8247,70.218],[58.788,70.2539],[58.6808,70.288],[58.648,70.2975],[58.6317,70.3258],[58.7567,70.3936],[58.8675,70.4319],[59.0036,70.473],[59.0189,70.4775],[59.0331,70.4789],[59.0425,70.4733],[59.0447,70.4672],[59.035,70.453],[59.0442,70.4475],[59.1061,70.428],[59.2494,70.3844],[59.3089,70.3714],[59.3344,70.3611],[59.3528,70.35],[59.4042,70.3161],[59.4155,70.3044],[59.4303,70.2928],[59.4611,70.2767],[59.6408,70.1964],[59.7642,70.1678],[59.773,70.1619],[59.7786,70.1561],[59.8153,70.1247],[59.8703,70.1108],[59.9286,70.0975],[60.0794,70.0625],[60.2561,69.9894],[60.3211,69.9636],[60.3572,69.953],[60.3736,69.9561],[60.4128,69.955],[60.425,69.9497],[60.4775,69.9161],[60.5478,69.8058],[60.5461,69.7991],[60.4397,69.7436],[60.2692,69.6927],[60.2542,69.6886]]],[[[59.3817,81.3242],[59.3789,81.3183],[59.3694,81.3119],[59.3505,81.3064],[59.3203,81.3028],[59.0533,81.285],[58.9778,81.2847],[58.6411,81.3028],[58.4894,81.3194],[58.4711,81.3242],[58.4619,81.3353],[58.4619,81.3386],[58.4711,81.345],[58.6975,81.3817],[58.76,81.3883],[58.855,81.3975],[58.955,81.4047],[58.9967,81.4033],[59.0867,81.3972],[59.128,81.3925],[59.2678,81.3703],[59.2928,81.3658],[59.34,81.3508],[59.3733,81.3353],[59.3817,81.3242]]],[[[57.11,81.2536],[57.0783,81.2505],[56.87,81.2253],[56.7567,81.2086],[56.6244,81.1836],[56.5767,81.1716],[56.5503,81.1667],[56.5192,81.1639],[56.483,81.1628],[56.4419,81.1642],[56.4094,81.168],[56.3905,81.1728],[56.3847,81.1783],[56.3858,81.1844],[56.3936,81.1905],[56.3947,81.1966],[56.3836,81.2075],[56.3711,81.2128],[56.345,81.2172],[56.3125,81.2211],[56.2686,81.2233],[56.23,81.2236],[56.1961,81.2216],[56.1647,81.2186],[56.0189,81.2],[55.9256,81.1911],[55.8558,81.188],[55.6158,81.1936],[55.5853,81.1966],[55.5725,81.2017],[55.5664,81.2072],[55.5563,81.2192],[55.5647,81.2219],[55.5794,81.2344],[55.5869,81.2408],[55.6103,81.2717],[55.5797,81.2744],[55.5433,81.2736],[55.4733,81.2705],[55.4317,81.2717],[55.4322,81.2778],[55.4661,81.3197],[55.4905,81.3222],[55.8592,81.3208],[55.8939,81.3194],[56.1147,81.2897],[56.2303,81.2739],[56.4558,81.2572],[56.5317,81.2544],[56.5705,81.2544],[56.6019,81.2572],[56.6033,81.2633],[56.5794,81.2683],[56.4753,81.2858],[56.4561,81.2905],[56.4436,81.2958],[56.3878,81.3219],[56.3328,81.3761],[56.3339,81.3822],[56.3658,81.385],[56.4394,81.3867],[56.6314,81.3878],[56.71,81.3875],[56.7519,81.3864],[57.0242,81.3764],[57.1106,81.3694],[57.1433,81.3655],[57.1694,81.3611],[57.273,81.3433],[57.458,81.3136],[57.4975,81.3097],[57.5342,81.3105],[57.5636,81.3144],[57.5883,81.3203],[57.6155,81.3253],[57.65,81.3272],[57.6939,81.3247],[57.8911,81.2955],[57.9028,81.2903],[57.8872,81.2839],[57.8578,81.28],[57.7894,81.2747],[57.7161,81.273],[57.6336,81.2758],[57.5167,81.2767],[57.4119,81.2722],[57.3778,81.2703],[57.11,81.2536]]],[[[54.2936,81.3333],[54.4219,81.2761],[54.4219,81.2703],[54.3936,81.2661],[54.3547,81.2661],[54.3172,81.2686],[54.2969,81.273],[54.27,81.2833],[54.2598,81.2917],[54.2578,81.2908],[54.2305,81.3011],[54.1147,81.3472],[54.1172,81.3522],[54.1539,81.3533],[54.1986,81.3511],[54.2392,81.3478],[54.28,81.3383],[54.2936,81.3333]]],[[[59.7222,81.2833],[59.748,81.2892],[59.7783,81.293],[59.8617,81.3003],[59.8872,81.3027],[59.9608,81.3039],[60.1103,81.3053],[60.1883,81.3042],[60.4261,81.2991],[60.5103,81.295],[60.5555,81.2914],[60.5936,81.2872],[60.625,81.2831],[60.6353,81.2778],[60.6389,81.2722],[60.6353,81.2664],[60.6111,81.2594],[60.5808,81.2558],[60.4833,81.2478],[60.4508,81.2453],[60.3775,81.2441],[60.3347,81.2466],[60.2083,81.2569],[60.1455,81.2655],[60.1072,81.2694],[60.0664,81.2708],[59.993,81.2697],[59.8742,81.2722],[59.8333,81.2736],[59.7469,81.2789],[59.7222,81.2833]]],[[[56.0492,81.0394],[56.0897,81.0383],[56.1286,81.0344],[56.4105,81.0014],[56.4428,80.9975],[56.6,80.9783],[56.6253,80.9739],[56.6242,80.9678],[56.6164,80.9614],[56.6153,80.9556],[56.6205,80.95],[56.6444,80.9397],[56.675,80.9297],[56.7492,80.9103],[56.7742,80.9058],[56.8558,80.8928],[56.9322,80.8855],[57.0214,80.8789],[57.1036,80.8753],[57.1833,80.8728],[57.2255,80.8703],[57.3014,80.8628],[57.5083,80.8392],[57.6019,80.8269],[57.6264,80.8222],[57.7161,80.798],[57.7208,80.7925],[57.7192,80.7864],[57.7042,80.7797],[57.5414,80.74],[57.5133,80.7361],[57.3692,80.7186],[57.2533,80.705],[57.1633,80.6944],[57.1308,80.6925],[57.0964,80.6919],[57.0594,80.6919],[57.0178,80.6944],[56.9883,80.7044],[56.9303,80.7305],[56.8342,80.7603],[56.6814,80.7986],[56.6317,80.8075],[56.5453,80.813],[56.468,80.8144],[56.2969,80.8247],[56.2208,80.8319],[56.1786,80.8342],[56.1014,80.8355],[56.0336,80.8325],[55.9939,80.8339],[55.8089,80.8522],[55.7772,80.8564],[55.7647,80.8614],[55.7669,80.8794],[55.7611,80.885],[55.7253,80.8875],[55.6875,80.8878],[55.655,80.8855],[55.5772,80.8869],[55.5567,80.8892],[55.5311,80.8936],[55.4231,80.9167],[55.4039,80.9214],[55.3789,80.9317],[55.3728,80.9372],[55.4,80.9508],[55.4005,80.9566],[55.388,80.9619],[55.3622,80.9661],[55.3192,80.9683],[55.2914,80.9644],[55.2392,80.9533],[55.2089,80.9505],[55.1711,80.9505],[55.0953,80.9505],[54.9844,80.9497],[54.9547,80.9528],[54.9158,80.9622],[54.8836,80.9719],[54.8839,80.978],[54.8717,80.995],[54.8455,80.9994],[54.8128,81.0033],[54.7247,80.993],[54.6592,80.9889],[54.6186,80.99],[54.4944,80.9941],[54.4578,80.9966],[54.4314,81.0011],[54.4183,81.0061],[54.425,81.0183],[54.4295,81.0242],[54.4408,81.0361],[54.4539,81.0428],[54.6092,81.1105],[54.6344,81.1155],[54.6903,81.1236],[54.7494,81.1097],[54.9397,81.0797],[54.978,81.0797],[55.1161,81.0703],[55.1855,81.0639],[55.3028,81.0472],[55.4258,81.025],[55.4642,81.0155],[55.4836,81.0108],[55.5225,81.0072],[55.5655,81.005],[55.5986,81.0069],[55.8197,81.0247],[55.978,81.0375],[56.0111,81.0394],[56.0492,81.0394]]],[[[56.9522,81.0697],[56.9908,81.0658],[57.1294,81.0547],[57.2161,81.0597],[57.2472,81.0625],[57.2811,81.0608],[57.4867,81.0464],[57.5119,81.0419],[57.6578,81.0103],[57.658,81.0067],[57.6628,81.0011],[57.6861,80.9905],[57.6975,80.9855],[57.7272,80.9753],[57.7703,80.9661],[57.8644,80.9536],[57.9025,80.9497],[57.9894,80.9439],[58.0694,80.9414],[58.1539,80.9364],[58.2361,80.9292],[58.2672,80.925],[58.2786,80.9197],[58.2522,80.9147],[58.078,80.8928],[57.8661,80.8542],[57.7742,80.8458],[57.7367,80.8461],[57.6103,80.8566],[57.5347,80.8642],[57.39,80.8794],[57.2264,80.8997],[57.2017,80.9042],[57.203,80.9103],[57.2178,80.9169],[57.2339,80.9294],[57.2239,80.9405],[57.2056,80.9455],[57.1805,80.95],[57.1422,80.9536],[57.0619,80.9561],[56.9767,80.9608],[56.9383,80.9644],[56.9094,80.9805],[56.8922,80.9911],[56.8936,80.9972],[56.8692,81.0111],[56.7867,81.0242],[56.6653,81.0405],[56.405,81.0644],[56.1994,81.0811],[56.1586,81.0822],[56.1222,81.0847],[56.0964,81.0892],[56.0972,81.095],[56.1045,81.1031],[56.11,81.1089],[56.1242,81.1155],[56.1553,81.1183],[56.1853,81.1155],[56.2425,81.1011],[56.288,81.0978],[56.3264,81.0978],[56.36,81.0997],[56.3883,81.1036],[56.4217,81.1055],[56.6336,81.1058],[56.6719,81.1055],[56.7153,81.1033],[56.7864,81.0955],[56.8505,81.0875],[56.8761,81.0831],[56.8947,81.078],[56.9203,81.0736],[56.9522,81.0697]]],[[[58.7964,81.0853],[58.7872,81.0789],[58.758,81.0733],[58.6905,81.07],[58.6097,81.0711],[58.5647,81.0744],[58.5467,81.0794],[58.5466,81.0847],[58.5153,81.1044],[58.5378,81.108],[58.6325,81.1128],[58.6708,81.1125],[58.7136,81.11],[58.7969,81.1028],[58.808,81.0975],[58.7964,81.0853]]],[[[58.3397,81.0919],[58.3692,81.0889],[58.6589,81.0411],[58.6833,81.0364],[58.6944,81.0314],[58.6989,81.0255],[58.6964,81.0197],[58.5911,80.9608],[58.5644,80.9558],[58.5333,80.953],[58.4,80.9461],[58.2778,80.9511],[58.2467,80.9553],[58.1975,80.9644],[57.8661,81.0341],[57.848,81.0392],[57.8342,81.0453],[57.8361,81.0514],[58.0128,81.1072],[58.0511,81.1069],[58.085,81.1053],[58.3397,81.0919]]],[[[64.7867,80.7864],[64.6953,80.7761],[64.6664,80.7717],[64.6153,80.7583],[64.5867,80.7536],[64.303,80.73],[64.2378,80.7264],[64.2025,80.7261],[64.1658,80.7269],[63.9228,80.7214],[63.7578,80.7133],[63.5875,80.7133],[63.4664,80.7003],[63.3736,80.6919],[63.2125,80.6817],[63.1411,80.6819],[63.1028,80.6839],[63.0885,80.6882],[63.0869,80.6936],[63.0783,80.6989],[63.01,80.7189],[62.9328,80.7333],[62.7283,80.7705],[62.5383,80.8025],[62.5092,80.8069],[62.5042,80.8183],[62.5086,80.8242],[62.5197,80.8306],[62.5575,80.8441],[62.5758,80.8461],[62.9133,80.9028],[62.9667,80.9142],[62.985,80.9205],[63.0078,80.933],[63.0372,80.9458],[63.0875,80.9592],[63.1161,80.9639],[63.3061,80.9808],[63.3403,80.9822],[63.3761,80.9825],[63.6667,80.9828],[63.8231,80.978],[63.9014,80.9742],[63.9392,80.9736],[63.9733,80.9747],[64.0655,80.9853],[64.0947,80.9897],[64.1222,80.9955],[64.148,81.0022],[64.1669,81.0086],[64.1914,81.0208],[64.1964,81.0267],[64.2161,81.0558],[64.1991,81.0667],[64.128,81.0814],[64.1194,81.0869],[64.118,81.0925],[64.2336,81.1536],[64.2458,81.1597],[64.2653,81.1661],[64.2933,81.1716],[64.4189,81.1853],[64.4836,81.1911],[64.5503,81.1958],[64.6628,81.1972],[64.7011,81.1964],[64.8208,81.1905],[64.8639,81.1864],[65.0358,81.1655],[65.0719,81.1611],[65.1878,81.1428],[65.2169,81.138],[65.2386,81.133],[65.2686,81.123],[65.2697,81.1172],[65.2786,81.1064],[65.2947,81.0955],[65.3492,81.0636],[65.4525,81.0278],[65.4703,80.928],[65.4644,80.9222],[65.4447,80.9158],[65.3919,80.9025],[65.2353,80.8675],[65.0461,80.8205],[65.0339,80.8144],[65.0078,80.8078],[64.9789,80.8033],[64.9178,80.7964],[64.7867,80.7864]]],[[[50.4786,81.0569],[50.4764,81.063],[50.4678,81.0683],[50.4464,81.073],[50.4186,81.0769],[50.3842,81.0806],[50.3561,81.0847],[50.3475,81.0903],[50.3647,81.118],[50.4928,81.1566],[50.5164,81.1619],[50.5486,81.1642],[50.7383,81.1669],[50.7828,81.165],[50.8175,81.1614],[50.9247,81.1389],[50.9394,81.1339],[50.948,81.1283],[50.973,81.1119],[50.9814,81.1064],[50.9833,81.1005],[50.9786,81.0941],[50.9553,81.0889],[50.8847,81.0864],[50.7494,81.0789],[50.5972,81.0461],[50.4355,81.0089],[50.4103,81.0094],[50.3889,81.0142],[50.3739,81.0189],[50.378,81.0253],[50.3889,81.0322],[50.4089,81.0386],[50.4152,81.0395],[50.4583,81.0508],[50.4786,81.0569]]],[[[58.3208,81.1403],[58.3455,81.1461],[58.3725,81.1511],[58.4067,81.1528],[58.4833,81.1522],[58.5672,81.1483],[58.6125,81.1447],[58.6372,81.1403],[58.6486,81.135],[58.6394,81.1289],[58.6122,81.1239],[58.5806,81.1211],[58.4769,81.1169],[58.4453,81.1142],[58.4114,81.1125],[58.3708,81.1139],[58.328,81.1164],[58.2061,81.1203],[58.1608,81.1239],[58.1494,81.1289],[58.1672,81.1347],[58.2159,81.1364],[58.3208,81.1403]]],[[[60.025,80.9917],[60.035,80.998],[60.0514,81.0047],[60.0831,81.0072],[60.1011,81.0075],[60.1597,81.0117],[60.2189,81.0191],[60.2464,81.0239],[60.3953,81.0575],[60.6303,81.0892],[60.6603,81.0928],[60.7564,81.1008],[61.0664,81.1155],[61.1692,81.1203],[61.2397,81.1222],[61.3847,81.1241],[61.4975,81.1233],[61.5375,81.1216],[61.6542,81.1108],[61.6561,81.0939],[61.6333,81.0539],[61.6294,81.0478],[61.608,81.0355],[61.5836,81.0286],[61.3805,80.9792],[61.1436,80.9294],[61.0842,80.9219],[61.0525,80.9194],[60.9853,80.9161],[60.9142,80.9153],[60.8392,80.9164],[60.4828,80.9305],[60.3992,80.9358],[60.3319,80.9441],[60.0655,80.9786],[60.0419,80.9833],[60.025,80.9917]]],[[[63.4631,81.7139],[63.6008,81.7019],[63.6394,81.6978],[63.7017,81.6889],[63.7494,81.6794],[63.7825,81.6694],[63.7917,81.6642],[63.8028,81.6533],[63.7919,81.6417],[63.7667,81.6294],[63.7467,81.623],[63.6928,81.6097],[63.5394,81.5872],[63.5069,81.5839],[63.4708,81.5825],[63.4292,81.5842],[63.3856,81.5869],[63.1864,81.5908],[63.0705,81.5908],[63.0289,81.5925],[62.7264,81.6103],[62.6805,81.6142],[62.6106,81.6225],[62.5305,81.6364],[62.5064,81.6411],[62.5036,81.6467],[62.4444,81.6533],[62.2658,81.6655],[62.2217,81.6683],[62.1411,81.6694],[62.1042,81.6725],[62.1086,81.6783],[62.1369,81.6841],[62.1619,81.6872],[62.1847,81.6916],[62.2153,81.6961],[62.2475,81.6997],[62.3889,81.7075],[62.6805,81.7189],[62.7169,81.7203],[62.7553,81.7208],[62.7886,81.7197],[62.8055,81.7147],[62.7933,81.7086],[62.7647,81.703],[62.9655,81.7086],[63.1058,81.7172],[63.2172,81.7203],[63.2961,81.72],[63.3364,81.7191],[63.4631,81.7139]]],[[[58.2997,81.5909],[58.2947,81.5964],[58.2969,81.6022],[58.3064,81.6083],[58.3394,81.6111],[58.3772,81.6119],[58.5686,81.6144],[58.6489,81.6136],[58.6892,81.6097],[58.715,81.6053],[58.7197,81.5997],[58.7172,81.5939],[58.7005,81.5875],[58.6747,81.5817],[58.4908,81.5589],[58.4556,81.5569],[58.4203,81.5589],[58.2717,81.5722],[58.2317,81.5761],[58.2267,81.5814],[58.2997,81.5909]]],[[[61.8436,81.5594],[61.6644,81.598],[61.6544,81.603],[61.6842,81.6078],[61.7767,81.6083],[61.8489,81.605],[61.9972,81.5964],[62.1205,81.5844],[62.1522,81.58],[62.1764,81.5753],[62.1936,81.5703],[62.2036,81.565],[62.1992,81.5591],[62.1783,81.5539],[62.1147,81.5466],[62.0808,81.5441],[62.0072,81.5422],[61.9675,81.543],[61.9239,81.5458],[61.8922,81.55],[61.8436,81.5594]]],[[[58.0358,81.4841],[58.12,81.4817],[58.3303,81.4747],[58.3769,81.4714],[58.4097,81.4672],[58.4353,81.4628],[58.4539,81.4578],[58.5494,81.4222],[58.5725,81.4119],[58.5703,81.4061],[58.5472,81.3992],[58.3275,81.3764],[58.2631,81.3708],[58.2283,81.3691],[58.0806,81.3664],[58.0392,81.3675],[57.8331,81.3766],[57.7933,81.3805],[57.6814,81.3919],[57.5761,81.4039],[57.5711,81.4094],[57.5592,81.4147],[57.54,81.4194],[57.488,81.4283],[57.4414,81.4317],[57.4017,81.4319],[57.3647,81.4311],[57.3278,81.4286],[57.1069,81.4297],[56.8497,81.4391],[56.8053,81.4416],[56.7675,81.4441],[56.7414,81.4486],[56.7494,81.4547],[56.7742,81.4608],[56.8283,81.4708],[56.9074,81.5029],[56.9442,81.5217],[56.9697,81.5242],[57.0469,81.5247],[57.2489,81.5225],[57.4236,81.5317],[57.4711,81.548],[57.4989,81.5528],[57.6769,81.5608],[57.7144,81.5616],[57.7544,81.5614],[57.7922,81.5586],[57.8114,81.5536],[57.8236,81.5486],[57.7967,81.53],[57.8461,81.4919],[57.8722,81.4875],[57.9167,81.4853],[58.0358,81.4841]]],[[[54.1678,80.215],[54.177,80.2186],[54.2197,80.25],[54.2136,80.2556],[54.1517,80.2814],[54.1453,80.2869],[54.1453,80.293],[54.1514,80.2994],[54.1633,80.3064],[54.2003,80.3208],[54.2211,80.3272],[54.2494,80.3303],[54.2853,80.3303],[54.3222,80.3269],[54.3964,80.3139],[54.4333,80.3042],[54.4397,80.2986],[54.4458,80.2808],[54.4455,80.2628],[54.4394,80.2383],[54.4333,80.2319],[54.4211,80.225],[54.3953,80.2208],[54.2219,80.2042],[54.1864,80.2042],[54.1681,80.2089],[54.1678,80.215]]],[[[50.1822,80.1455],[50.15,80.1441],[50.1203,80.1419],[50.1019,80.1355],[50.0922,80.1283],[50.0789,80.115],[50.0483,80.0814],[50.088,80.0722],[50.0844,80.0658],[50.0661,80.0591],[50.0394,80.0558],[50.0072,80.0544],[49.9725,80.0542],[49.9319,80.0558],[49.8944,80.0589],[49.8744,80.0637],[49.8108,80.0944],[49.6955,80.1097],[49.5833,80.1317],[49.5431,80.1408],[49.5347,80.1461],[49.5322,80.1522],[49.5417,80.1591],[49.5597,80.1655],[49.6019,80.1767],[49.6258,80.1811],[49.8953,80.2278],[49.9222,80.2314],[49.9522,80.2336],[50.0203,80.2355],[50.0997,80.2333],[50.1436,80.2305],[50.1814,80.2272],[50.2333,80.2191],[50.2733,80.21],[50.3072,80.2003],[50.3214,80.1953],[50.3294,80.1897],[50.3336,80.1778],[50.3297,80.1711],[50.3139,80.1636],[50.2767,80.1508],[50.2528,80.1464],[50.2203,80.145],[50.1822,80.1455]]],[[[-178.32,71.5153],[-178.3145,71.5111],[-178.3275,71.5093],[-178.3308,71.5055],[-178.2461,71.4789],[-178.23,71.4755],[-178.2075,71.4753],[-178.1825,71.4758],[-178.162,71.4789],[-178.1406,71.4803],[-178.1242,71.4769],[-178.0617,71.4622],[-178.0175,71.4497],[-178.0056,71.4441],[-177.9925,71.426],[-177.9619,71.3961],[-177.8333,71.3461],[-177.7503,71.3192],[-177.6947,71.3014],[-177.6373,71.2844],[-177.6214,71.2808],[-177.6011,71.2794],[-177.5775,71.2817],[-177.557,71.2847],[-177.5028,71.2775],[-177.4605,71.2489],[-177.4414,71.235],[-177.4395,71.2269],[-177.4439,71.2205],[-177.4845,71.1769],[-177.4922,71.1711],[-177.5136,71.1608],[-177.62,71.1166],[-177.6339,71.1122],[-177.7108,71.093],[-177.922,71.0414],[-177.9389,71.0375],[-177.9886,71.0333],[-178.0372,71.0322],[-178.0775,71.035],[-178.1219,71.0355],[-178.1706,71.0341],[-178.2234,71.0308],[-178.2436,71.0278],[-178.2975,71.0169],[-178.3575,71.0075],[-178.463,71.0005],[-178.5139,70.998],[-178.6111,70.9953],[-178.7428,70.9861],[-178.8186,70.98],[-178.865,70.9753],[-178.885,70.9719],[-178.9519,70.9566],[-179.0317,70.9439],[-179.2514,70.9105],[-179.2744,70.9078],[-179.3247,70.9052],[-179.4861,70.9125],[-179.5042,70.9147],[-179.5781,70.9347],[-179.7447,70.9647],[-179.9297,70.9972],[-179.9723,70.9986],[-180.0,70.9972],[-180.0,71.5358],[-179.9272,71.5355],[-179.9053,71.5441],[-179.9015,71.5508],[-179.8911,71.5561],[-179.6286,71.5772],[-179.5023,71.5664],[-179.3053,71.5514],[-179.2278,71.5622],[-179.2172,71.5672],[-179.2025,71.5792],[-179.1886,71.5836],[-179.0539,71.5972],[-179.0342,71.5977],[-178.7483,71.5803],[-178.5686,71.5641],[-178.4294,71.5411],[-178.3947,71.5352],[-178.3461,71.5253],[-178.332,71.5205],[-178.32,71.5153]]],[[[147.3463,75.3497],[147.3322,75.3622],[147.3197,75.3672],[147.2972,75.3703],[147.2736,75.3708],[147.2486,75.3678],[147.2325,75.3622],[147.2069,75.358],[147.1827,75.3561],[147.1655,75.3614],[147.1678,75.3672],[147.2122,75.3842],[147.3314,75.4289],[147.3566,75.433],[147.4061,75.4378],[147.4544,75.4389],[147.5933,75.4403],[147.6644,75.4386],[147.7327,75.4308],[147.8436,75.4097],[147.8672,75.4091],[148.1044,75.4064],[148.145,75.4061],[148.193,75.4072],[148.3022,75.4126],[148.3402,75.4161],[148.3641,75.4167],[148.3878,75.4161],[148.4108,75.4142],[148.4327,75.41],[148.563,75.3811],[148.575,75.3758],[148.5725,75.37],[148.545,75.3405],[148.5377,75.335],[148.5255,75.3292],[148.4969,75.3181],[148.4755,75.3125],[148.4589,75.3069],[148.4441,75.2953],[148.4436,75.2833],[148.4455,75.2772],[148.4525,75.2711],[148.4639,75.2647],[148.5558,75.2164],[148.578,75.2133],[148.6008,75.2114],[148.7661,75.2114],[148.79,75.2119],[148.8875,75.2186],[148.9125,75.2214],[148.9489,75.2383],[148.9744,75.2422],[149.0558,75.2544],[149.2772,75.2811],[149.3022,75.2839],[149.3261,75.2844],[149.4627,75.2728],[149.5994,75.2611],[149.6436,75.255],[149.8944,75.2314],[149.9397,75.2275],[149.963,75.2267],[150.0122,75.2297],[150.0586,75.228],[150.1044,75.2253],[150.1483,75.2189],[150.1639,75.2125],[150.2116,75.1864],[150.4733,75.0905],[150.4969,75.0911],[150.5219,75.0936],[150.5478,75.0975],[150.6266,75.1128],[150.6439,75.1183],[150.6564,75.1239],[150.6644,75.1294],[150.6678,75.1355],[150.6664,75.1417],[150.6605,75.148],[150.6639,75.1539],[150.6844,75.1566],[150.8272,75.1586],[150.8736,75.1569],[150.8953,75.1536],[150.953,75.1394],[150.9016,75.1317],[150.875,75.1266],[150.8577,75.1211],[150.82,75.1044],[150.645,75.0019],[150.6417,74.9961],[150.6441,74.9836],[150.6847,74.9725],[150.69,74.948],[150.688,74.9361],[150.6375,74.8955],[150.6297,74.8897],[150.6036,74.8844],[150.5764,74.8814],[150.5086,74.885],[150.4602,74.8819],[150.3627,74.8736],[150.1408,74.8489],[150.0422,74.8378],[149.8311,74.805],[149.7783,74.7966],[149.7617,74.7911],[149.7497,74.7855],[149.7347,74.7739],[149.7316,74.7678],[149.7197,74.7622],[149.6958,74.7608],[149.6491,74.7597],[149.5347,74.7614],[149.2339,74.7592],[149.21,74.7575],[149.1636,74.7567],[149.0258,74.7572],[148.9797,74.7575],[148.7044,74.76],[148.6816,74.7608],[148.6367,74.7633],[148.3005,74.7855],[148.2561,74.7892],[148.2341,74.7922],[148.1274,74.8133],[148.0253,74.8344],[147.8347,74.8903],[147.7272,74.9233],[147.725,74.9294],[147.718,74.9358],[147.7019,74.9422],[147.6589,74.9505],[147.5925,74.9594],[147.5475,74.963],[147.4552,74.9655],[147.4089,74.9655],[147.3853,74.9647],[147.3394,74.9661],[147.3167,74.9678],[147.2725,74.9736],[147.1403,74.9939],[147.1183,74.998],[147.0969,75.0033],[147.055,75.0164],[146.9752,75.0411],[146.8908,75.0672],[146.7394,75.1033],[146.6736,75.1155],[146.4719,75.1439],[146.3802,75.1508],[146.3577,75.1536],[146.313,75.1605],[146.18,75.185],[146.1361,75.1955],[146.0808,75.2147],[146.0733,75.2208],[146.0703,75.2267],[146.0722,75.2328],[146.0944,75.2444],[146.1263,75.2556],[146.1489,75.2672],[146.1619,75.2789],[146.1703,75.2908],[146.1869,75.3444],[146.2447,75.4225],[146.358,75.5583],[146.378,75.5761],[146.3892,75.5806],[146.415,75.5861],[146.4647,75.5911],[146.4891,75.5917],[146.5073,75.5872],[146.625,75.5605],[146.6475,75.5553],[146.6644,75.5489],[146.7722,75.5011],[146.7491,75.4897],[146.7241,75.4866],[146.6997,75.4847],[146.6786,75.4792],[146.6291,75.4322],[146.6319,75.4264],[146.6394,75.42],[146.7697,75.3705],[146.8364,75.3569],[146.9722,75.3383],[147.0183,75.3347],[147.1114,75.3303],[147.1353,75.3308],[147.1841,75.3344],[147.3314,75.3478],[147.3463,75.3497]]],[[[97.9694,80.7155],[97.9636,80.7014],[97.7536,80.6764],[97.4861,80.6655],[97.2728,80.6683],[97.165,80.6642],[97.1291,80.6628],[97.053,80.5883],[97.0453,80.5806],[97.0155,80.5414],[97.0133,80.5344],[97.0194,80.5214],[97.0786,80.5078],[97.1122,80.498],[97.1405,80.4878],[97.1492,80.4819],[97.2058,80.4283],[97.2119,80.4155],[97.2072,80.4011],[97.1955,80.3944],[97.1875,80.3867],[97.1853,80.3794],[97.1944,80.36],[97.2058,80.3475],[97.22,80.3425],[97.2392,80.3378],[97.2817,80.3375],[97.3167,80.3389],[97.3575,80.3369],[97.4153,80.3233],[97.4236,80.3172],[97.4264,80.3108],[97.4186,80.303],[97.403,80.2972],[97.3642,80.2869],[97.1589,80.2336],[96.9955,80.2261],[96.8436,80.2255],[96.8053,80.225],[96.7747,80.2225],[96.6519,80.2228],[96.3586,80.2169],[96.0908,80.2128],[95.9642,80.2136],[95.93,80.2122],[95.5647,80.1925],[95.5119,80.1858],[95.5014,80.1789],[95.4869,80.1728],[95.4383,80.1653],[95.378,80.1603],[95.073,80.1364],[95.0311,80.1364],[94.8475,80.1408],[94.8097,80.14],[94.7955,80.1339],[94.7894,80.1261],[94.7755,80.12],[94.7155,80.115],[94.6817,80.1133],[94.6411,80.115],[94.6055,80.1175],[94.4861,80.1072],[94.4761,80.1003],[94.4625,80.0941],[94.3911,80.0733],[94.2625,80.0564],[94.1814,80.0469],[94.1222,80.0417],[94.0039,80.0314],[93.8255,80.0072],[93.7825,79.9983],[93.7531,79.9958],[93.7197,79.9941],[93.6783,79.9941],[93.4005,80.0205],[93.2922,80.0314],[93.1397,80.0678],[92.9905,80.1033],[92.965,80.1069],[92.9341,80.11],[92.8728,80.1158],[92.8114,80.1216],[92.76,80.1289],[92.6775,80.1392],[92.6211,80.1458],[92.5172,80.1517],[92.3111,80.1575],[92.1053,80.1647],[92.0825,80.1661],[92.0616,80.1703],[92.0786,80.1755],[92.0997,80.18],[92.184,80.1903],[92.2531,80.195],[92.5908,80.1814],[92.6269,80.1792],[92.6578,80.1761],[92.7353,80.1653],[92.7661,80.1625],[92.8022,80.1603],[92.8441,80.1603],[92.8739,80.1628],[92.8869,80.1689],[92.8817,80.1755],[92.8608,80.1797],[92.7733,80.1894],[92.7422,80.1922],[92.7011,80.1939],[92.66,80.1953],[92.6239,80.1975],[92.4483,80.2092],[92.4172,80.2122],[92.3342,80.2222],[92.2558,80.233],[92.1072,80.2775],[92.1064,80.2847],[92.1361,80.2875],[92.2661,80.2839],[92.3594,80.2822],[92.4017,80.2825],[92.47,80.2861],[92.5297,80.2914],[92.5936,80.2958],[92.73,80.303],[92.8192,80.3022],[92.9336,80.2961],[93.0061,80.2917],[93.1047,80.2836],[93.1358,80.2805],[93.255,80.2681],[93.2755,80.2636],[93.3055,80.2664],[93.3189,80.2725],[93.3139,80.2789],[93.2725,80.3019],[93.2466,80.3055],[93.148,80.3139],[92.8497,80.3208],[92.8114,80.32],[92.718,80.3144],[92.658,80.3089],[92.5558,80.3036],[92.4491,80.2991],[92.4108,80.298],[92.2069,80.2958],[92.0769,80.2994],[92.0344,80.2994],[91.958,80.2975],[91.8136,80.2917],[91.5686,80.2828],[91.5408,80.2831],[91.4378,80.3028],[91.4214,80.3078],[91.4203,80.315],[91.4747,80.3389],[91.5255,80.3547],[91.6572,80.3805],[91.7042,80.3886],[91.7472,80.3886],[91.7839,80.3867],[91.8267,80.3867],[91.8653,80.3878],[92.0067,80.3941],[92.0728,80.4019],[92.0839,80.405],[92.1269,80.405],[92.1741,80.4042],[92.2108,80.4022],[92.3675,80.3933],[92.4408,80.3889],[92.5142,80.3844],[92.5561,80.383],[92.6033,80.3822],[92.6239,80.385],[92.613,80.3908],[92.5972,80.3958],[92.5444,80.403],[92.513,80.4058],[92.4341,80.4097],[92.34,80.4111],[92.1247,80.4178],[92.0878,80.42],[92.0611,80.4236],[91.965,80.4391],[91.9005,80.4522],[91.8894,80.4578],[91.9111,80.4622],[92.3005,80.5067],[92.3353,80.5086],[92.3741,80.5094],[92.4122,80.5089],[92.5064,80.5058],[92.6614,80.508],[92.7394,80.5097],[92.7655,80.5133],[92.7833,80.5186],[92.7933,80.5341],[92.8169,80.5789],[92.8114,80.5853],[92.7792,80.5953],[92.7786,80.6025],[92.8094,80.6353],[92.828,80.6492],[92.9142,80.6916],[93.0737,80.7253],[93.24,80.7681],[93.2583,80.7733],[93.2725,80.7794],[93.3255,80.8058],[93.2953,80.805],[93.2325,80.7997],[93.1783,80.7928],[93.1555,80.7886],[93.1514,80.7822],[93.1514,80.7753],[93.1203,80.7725],[92.9111,80.7611],[92.6589,80.7514],[92.5264,80.7511],[92.4939,80.7539],[92.4875,80.7675],[92.4966,80.7744],[92.5422,80.7917],[92.5603,80.7969],[92.6369,80.8169],[92.6866,80.8405],[92.6889,80.8617],[92.6761,80.8778],[92.6941,80.8828],[92.7486,80.89],[92.9139,80.9066],[92.9455,80.9094],[93.0219,80.9119],[93.058,80.9139],[93.1489,80.9225],[93.163,80.9283],[93.1683,80.9361],[93.1617,80.948],[93.1286,80.958],[93.0844,80.9667],[93.0681,80.9716],[93.05,80.9892],[93.0686,80.9944],[93.1511,81.0047],[93.4683,81.0403],[93.6847,81.0528],[93.7211,81.0544],[93.8208,81.0525],[93.8619,81.0533],[93.8986,81.055],[94.0664,81.0628],[94.0989,81.0653],[94.1286,81.0775],[94.1672,81.0875],[94.1953,81.0911],[94.3533,81.1044],[94.3903,81.1061],[94.4347,81.1044],[94.5358,81.1039],[94.6425,81.1097],[94.7447,81.1161],[94.8014,81.1228],[94.8253,81.1272],[94.9172,81.1447],[94.9767,81.16],[95.0517,81.1814],[95.1386,81.2092],[95.1672,81.2125],[95.2003,81.215],[95.2969,81.2136],[95.4308,81.2139],[95.5142,81.2153],[95.5475,81.2178],[95.53,81.2211],[95.4969,81.2242],[95.2836,81.2328],[95.1405,81.2341],[95.0958,81.2361],[95.0625,81.2392],[95.035,81.2428],[95.0575,81.2564],[95.0733,81.2625],[95.0933,81.2675],[95.1222,81.2708],[95.193,81.2747],[95.4522,81.2864],[95.5275,81.2894],[95.653,81.2905],[95.6994,81.2903],[95.7328,81.2872],[95.7878,81.28],[95.8308,81.2711],[95.9483,81.2433],[95.9586,81.2172],[96.1517,81.1939],[96.2767,81.1547],[96.5269,81.0491],[96.5319,81.0294],[96.5414,81.0236],[96.6483,80.98],[96.6633,80.9747],[96.7436,80.9497],[96.7847,80.9408],[96.9542,80.9055],[97.4194,80.8441],[97.4872,80.8375],[97.5236,80.8389],[97.5664,80.8369],[97.7078,80.8203],[97.8847,80.7642],[97.9667,80.7219],[97.9694,80.7155]]],[[[108.3003,53.5739],[106.8152,52.7076],[105.825,52.2125],[105.7013,51.8412],[104.4637,51.4699],[105.1551,50.4433],[104.7969,50.4086],[103.6808,50.1664],[103.3779,50.2173],[102.639,50.4562],[102.4496,50.6062],[102.2657,50.809],[102.1842,51.0256],[102.1822,51.2692],[102.1174,51.3611],[101.7724,51.4252],[101.327,51.5678],[101.0112,51.6717],[100.2246,51.8193],[99.7582,51.9027],[99.2954,51.9465],[98.9176,52.037],[98.3469,51.6048],[97.9396,51.2269],[97.8954,51.095],[98.0795,50.7079],[98.2577,50.5708],[98.3099,50.4791],[98.2363,50.2424],[97.9016,49.9849],[97.7623,49.9122],[97.4228,49.7863],[97.1696,49.7784],[96.91,49.862],[96.77,49.9135],[96.3761,49.9441],[95.994,49.942],[95.6706,49.9795],[95.0143,49.976],[94.7,50.0268],[94.5229,50.2095],[94.2105,50.5493],[93.8365,50.5867],[93.008,50.6415],[92.5886,50.7115],[92.1597,50.7553],[91.7817,50.6744],[91.1017,50.4605],[90.0,50.3067],[90.0,50.1276],[89.7963,49.8164],[89.7888,49.8111],[89.4621,49.6395],[89.1909,49.5728],[88.5667,49.5368],[88.2973,49.444],[87.9377,49.2528],[87.8684,49.2329],[87.7584,49.1997],[87.5023,49.1983],[87.3999,49.192],[87.1522,49.1769],[86.9081,49.1104],[86.7827,48.9923],[86.7777,48.8684],[86.7621,48.6533],[86.6243,48.5549],[86.4945,48.5281],[85.9544,48.4862],[85.7619,48.3614],[85.6092,48.1003],[85.6526,47.7625],[85.7486,47.4446],[85.678,47.269],[85.4776,47.0927],[85.2904,47.0462],[84.9671,47.0185],[84.3362,47.0541],[84.0691,47.1175],[83.7447,47.1807],[83.2517,47.2949],[83.0595,47.0667],[82.8275,46.5532],[82.63,46.1959],[82.5013,45.9234],[82.4399,45.7355],[82.7197,45.5043],[82.7765,45.3754],[82.7062,45.2652],[82.6019,45.2],[82.4251,45.1668],[81.9152,45.2738],[81.6903,45.3566],[81.5327,45.3299],[81.0459,45.2368],[80.2366,45.1226],[80.06,45.0378],[79.9629,44.9019],[79.9324,44.8052],[80.0368,44.7221],[80.2017,44.7487],[80.4195,44.6855],[80.4329,44.0746],[80.5879,43.7926],[80.7186,43.5941],[80.7721,43.3825],[80.6725,43.2342],[80.3551,42.9885],[80.2109,42.8081],[80.2023,42.6284],[80.2647,42.2414],[80.2788,42.1543],[80.256,42.0837],[80.1093,41.9996],[79.6731,41.9011],[79.0711,41.744],[78.8706,41.6788],[78.6883,41.5433],[78.4013,41.228],[78.1107,41.0728],[77.8961,41.0268],[77.6892,41.0193],[77.1277,41.125],[77.0204,41.1116],[76.8107,40.8993],[76.6021,40.5463],[76.4816,40.437],[76.0836,40.3772],[75.8556,40.3121],[75.7009,40.3368],[75.6186,40.5921],[75.5917,40.6239],[75.43,40.6102],[74.6484,40.2798],[74.0087,39.9632],[73.8849,39.8797],[73.8271,39.7837],[73.7646,39.4511],[73.7599,39.4201],[73.7702,38.9559],[73.677,38.8557],[73.712,38.7187],[73.8583,38.5415],[74.0666,38.5618],[74.1692,38.6344],[74.2682,38.6075],[74.5798,38.5901],[74.7029,38.5207],[74.8355,38.2985],[74.8318,38.1708],[74.8443,38.0602],[74.9128,38.055],[74.9347,37.9998],[74.8782,37.8074],[74.9884,37.7009],[74.9201,37.5389],[75.0102,37.4655],[74.9287,37.3823],[74.8928,37.2704],[74.7333,37.2094],[74.4786,37.278],[74.2555,37.3022],[74.1371,37.3704],[73.8826,37.2683],[73.4447,37.2019],[73.3833,37.2283],[73.4412,37.3072],[73.352,37.3417],[73.0472,37.3283],[72.7142,37.1861],[72.4482,36.9676],[72.1829,36.9388],[71.8476,36.7161],[71.6898,36.7025],[71.5245,36.7143],[71.467,36.7521],[71.3929,36.9362],[71.3032,37.1704],[71.3865,37.3704],[71.4306,37.7194],[71.4441,37.834],[71.3674,37.918],[71.1494,37.8759],[71.2198,38.1448],[70.9606,38.3471],[70.8914,38.3722],[70.7188,38.3649],[70.5902,38.292],[70.53,38.1287],[70.3341,37.9361],[70.3124,37.745],[70.315,37.6304],[70.2214,37.528],[70.0222,37.4569],[69.9624,37.4629],[69.6984,37.5315],[69.567,37.5053],[69.5338,37.4223],[69.5373,37.2823],[69.4022,37.1415],[69.3078,37.0837],[69.1364,37.0764],[68.853,37.183],[68.7065,37.1822],[68.445,37.0535],[68.1842,36.8993],[67.9654,36.8344],[67.8555,36.8529],[67.7972,36.9162],[67.7793,36.9408],[67.6218,37.1571],[67.5153,37.2138],[66.9677,37.2362],[66.6766,37.2409],[66.6338,37.2481],[65.9791,37.358],[65.7247,37.4903],[65.5244,37.33],[65.3369,37.2398],[64.826,37.1479],[64.6321,36.784],[64.5407,36.3381],[64.4945,36.2806],[64.2658,36.1711],[63.3723,35.8608],[63.1166,35.7894],[63.063,35.7001],[63.0627,35.4902],[62.9636,35.4006],[62.6776,35.2655],[62.4375,35.2514],[62.1795,35.2881],[61.7297,35.4446],[61.3082,35.5312],[61.2213,35.5816],[61.1862,35.5942],[61.1187,35.9054],[61.1141,36.1599],[61.0969,36.5416],[61.014,36.6366],[60.6599,36.6028],[60.3463,36.6074],[60.0514,36.8349],[59.2405,37.4478],[58.9716,37.5992],[58.6749,37.6739],[58.4498,37.6982],[58.095,37.728],[57.7249,37.8788],[57.4065,37.9917],[57.2255,38.1882],[56.7508,38.2365],[56.5173,38.2607],[56.3633,38.2025],[56.1309,38.0483],[55.9807,38.0347],[55.6296,38.0519],[55.3557,38.0377],[55.1697,37.9729],[54.9558,37.8252],[54.6761,37.5307],[54.4666,37.3958],[54.2139,37.3371],[54.0151,37.3483],[53.9852,37.5177],[53.9278,37.8242],[53.8799,38.0254],[53.9373,38.1594],[53.9373,38.3318],[53.9373,38.5713],[53.9852,38.6575],[54.0331,38.7916],[54.0714,38.8969],[54.0331,38.9927],[53.9182,39.0502],[53.7745,39.1364],[53.6787,39.2513],[53.6596,39.3184],[53.5829,39.3184],[53.4967,39.3375],[53.3339,39.3854],[53.2477,39.2992],[53.2094,39.4046],[53.2477,39.4525],[53.3148,39.5674],[53.3722,39.5195],[53.5446,39.5387],[53.7362,39.5004],[53.7937,39.4908],[53.8128,39.5482],[53.6691,39.644],[53.5542,39.6536],[53.5159,39.7781],[53.5925,39.893],[53.6883,39.9792],[53.5063,39.9984],[53.3627,39.9601],[53.1903,39.9601],[53.0466,39.9984],[52.9891,39.9314],[52.9125,40.0463],[52.8455,40.1804],[52.8455,40.3336],[52.8263,40.4677],[52.9029,40.5635],[52.9508,40.7072],[52.97,40.8221],[53.0179,40.9466],[53.0562,41.052],[53.1519,40.8987],[53.1807,40.8413],[53.2573,40.7646],[53.4393,40.8029],[53.6117,40.7455],[53.6596,40.8125],[53.65,40.8796],[53.6979,40.8796],[53.7649,40.87],[53.7937,40.7263],[53.8416,40.6401],[53.9756,40.6497],[54.1097,40.6784],[54.2247,40.7263],[54.33,40.688],[54.4162,40.6593],[54.4545,40.7167],[54.3875,40.8029],[54.3683,40.8987],[54.4545,40.9179],[54.5024,40.8508],[54.6078,40.8125],[54.7227,40.8508],[54.8185,40.8796],[54.8281,40.9849],[54.7514,41.1382],[54.5982,41.2435],[54.3588,41.3872],[54.1672,41.483],[54.1385,41.6266],[54.1193,41.7799],[54.0235,41.8565],[54.0235,41.9523],[54.0235,42.0481],[53.9852,42.1055],[53.7362,42.1343],[53.4584,42.096],[53.2669,42.0864],[53.0657,42.0289],[52.9795,41.9044],[52.9412,41.7703],[52.9987,41.6841],[52.97,41.5596],[52.9317,41.3776],[52.9604,41.2723],[52.97,41.1382],[52.855,41.3872],[52.6922,41.5309],[52.7114,41.6075],[52.6826,41.6937],[52.5593,41.7578],[52.6007,41.9377],[52.5738,42.0186],[52.5198,42.0726],[52.5828,42.1894],[52.6727,42.2794],[52.7356,42.4232],[52.7536,42.5581],[52.8345,42.648],[52.7626,42.7559],[52.5828,42.8279],[52.3759,42.8009],[52.295,42.8728],[52.1601,42.8459],[52.0702,42.8279],[51.9803,42.9088],[51.8814,43.0527],[51.7375,43.1786],[51.5847,43.1786],[51.4228,43.1696],[51.4228,43.2595],[51.4588,43.3854],[51.3689,43.5562],[51.261,43.6102],[51.171,43.7181],[50.9912,44.0777],[50.9552,44.2036],[50.7035,44.2576],[50.3887,44.2935],[50.3258,44.3655],[50.3348,44.5633],[50.4067,44.6173],[50.5416,44.6442],[50.7214,44.6352],[50.8743,44.6262],[51.0901,44.5633],[51.3329,44.4824],[51.4138,44.5183],[51.5757,44.5543],[51.4858,44.6262],[51.3689,44.6802],[51.189,44.7701],[51.0991,44.878],[51.216,45.0399],[51.3419,45.0579],[51.3778,45.1748],[51.4588,45.3096],[51.5127,45.3726],[51.6296,45.3546],[51.7735,45.3906],[51.8454,45.4355],[51.9983,45.3816],[52.1062,45.3816],[52.6097,45.3996],[53.0593,45.3366],[53.2841,45.3276],[53.2122,45.3636],[53.0593,45.4535],[52.8435,45.5075],[52.8345,45.6423],[52.9245,45.7322],[53.0503,45.8312],[53.1492,45.957],[53.2032,46.1908],[53.2572,46.3167],[53.1852,46.4246],[53.1223,46.4966],[53.1672,46.5865],[53.2841,46.6764],[53.2302,46.7303],[53.1852,46.8652],[53.0234,46.9192],[52.8615,46.9372],[52.5558,46.9821],[52.4659,46.9102],[52.3759,46.8742],[52.1422,46.8382],[51.9353,46.8922],[51.7915,47.0091],[51.6746,47.0361],[51.3689,47.09],[51.1171,47.063],[50.8204,46.9192],[50.6315,46.9102],[50.2718,46.6854],[49.9481,46.5595],[49.7233,46.5325],[49.5345,46.5415],[49.4086,46.4336],[49.3132,46.3527],[49.2378,46.2628],[49.0579,46.1369],[48.8871,46.0829],[48.8331,46.0829],[48.8331,46.02],[48.8331,45.9211],[48.7702,45.8851],[48.6353,45.975],[48.4825,45.8851],[48.3026,45.7682],[48.0149,45.7143],[47.871,45.6783],[47.7541,45.7143],[47.6732,45.7502],[47.6282,45.7322],[47.6013,45.6603],[47.6552,45.5434],[47.5563,45.4535],[47.4754,45.3186],[47.3945,45.1748],[47.2506,44.9859],[47.1697,44.86],[47.0258,44.7881],[46.8729,44.6802],[46.81,44.5363],[46.8459,44.4464],[46.9988,44.3565],[47.1427,44.3385],[47.2236,44.2036],[47.3315,44.1856],[47.4394,44.0328],[47.5653,43.844],[47.5383,43.6731],[47.4934,43.5832],[47.5203,43.5113],[47.5653,43.6012],[47.6103,43.754],[47.6642,43.8529],[47.7361,43.8619],[47.6732,43.6641],[47.5743,43.5023],[47.6013,43.3224],[47.6552,43.2775],[47.5833,43.1875],[47.5653,43.0077],[47.7361,42.8998],[47.7901,42.8548],[47.844,42.6211],[47.9699,42.5941],[48.1318,42.4053],[48.2217,42.2794],[48.4195,42.0905],[48.5004,41.9287],[48.6623,41.9017],[48.6832,41.8359],[48.5521,41.6338],[48.3287,41.5061],[48.2011,41.4636],[48.0628,41.3147],[47.9883,41.2189],[47.8181,41.1977],[47.616,41.2615],[47.3501,41.304],[47.3501,41.4423],[47.2224,41.57],[47.1693,41.57],[47.1267,41.6232],[46.914,41.7508],[46.8501,41.8359],[46.765,41.8359],[46.6693,41.8146],[46.6587,41.8891],[46.5558,41.8785],[46.4991,41.9636],[46.3927,41.9955],[46.2864,41.9848],[46.1587,42.0061],[46.0417,42.0487],[45.9141,42.1231],[45.7545,42.2508],[45.8077,42.389],[45.8609,42.4741],[45.8077,42.538],[45.6481,42.5486],[45.4779,42.5486],[45.3822,42.6231],[45.2971,42.6763],[45.2014,42.6763],[45.1375,42.7188],[45.0312,42.772],[44.978,42.772],[44.9354,42.7401],[44.8716,42.6656],[44.7865,42.7294],[44.6695,42.7614],[44.5099,42.7614],[44.4142,42.7294],[44.3716,42.6869],[44.2972,42.6124],[44.1695,42.6124],[44.0525,42.5592],[43.9568,42.5912],[43.8398,42.6443],[43.861,42.6975],[43.9249,42.7507],[43.7866,42.8039],[43.6802,42.8571],[43.5207,42.889],[43.2866,42.9422],[43.159,43.0379],[43.1164,43.1017],[42.9569,43.1762],[42.8292,43.1549],[42.7441,43.1549],[42.5633,43.2294],[42.3186,43.2294],[42.1272,43.1868],[41.9889,43.1868],[41.8293,43.2081],[41.691,43.24],[41.574,43.2826],[41.4783,43.357],[41.3826,43.357],[41.2336,43.357],[41.1485,43.3783],[41.0634,43.4209],[40.9358,43.4847],[40.8081,43.5272],[40.606,43.5379],[40.4252,43.5485],[40.3933,43.5698],[40.2656,43.5911],[40.1486,43.5166],[40.0981,43.3776],[39.4587,43.8329],[38.9237,44.2119],[38.5561,44.3851],[38.277,44.4232],[38.1092,44.4938],[37.8804,44.7189],[37.7741,44.7445],[37.6217,44.6733],[37.4739,44.6924],[37.3179,44.9242],[36.9599,45.2274],[37.2277,45.312],[37.461,45.3125],[37.6613,45.3452],[37.7061,45.5784],[37.8679,45.7925],[37.9899,46.0067],[38.2272,46.0201],[38.459,46.0789],[38.2649,46.3186],[37.9702,46.4413],[37.7571,46.6032],[37.8666,46.6554],[38.0319,46.6687],[38.4011,46.7214],[38.7227,46.8779],[39.2824,47.074],[39.1941,47.243],[39.1599,47.2689],[38.8002,47.2292],[38.2097,47.1505],[38.2149,47.2072],[38.2249,47.2574],[38.2249,47.358],[38.2651,47.5892],[38.3657,47.6294],[38.5265,47.6394],[38.6974,47.6997],[38.7979,47.7802],[38.808,47.8606],[38.9286,47.8606],[39.2603,47.8807],[39.6222,47.8103],[39.773,47.8706],[39.773,47.941],[39.8434,48.0717],[39.9137,48.2928],[39.8836,48.323],[39.8434,48.4135],[39.8232,48.4939],[39.8031,48.5542],[39.7227,48.5843],[39.6524,48.6145],[39.6725,48.715],[39.6926,48.7954],[39.8031,48.7954],[39.9439,48.7954],[40.0042,48.8658],[39.8735,48.8859],[39.7529,48.9261],[39.6524,49.0367],[39.7931,49.0568],[39.9539,49.1473],[40.0243,49.1774],[40.1148,49.2176],[40.1349,49.3182],[40.0947,49.3986],[40.0444,49.4388],[40.0545,49.5192],[40.0947,49.5695],[40.0243,49.6097],[39.9338,49.5695],[39.8735,49.5494],[39.7529,49.5494],[39.592,49.6197],[39.5418,49.7203],[39.3307,49.7303],[39.2,49.7705],[39.1095,49.8509],[38.9487,49.8208],[38.8281,49.871],[38.617,49.9213],[38.426,49.9515],[38.2953,50.0721],[38.1948,50.0419],[38.1747,49.9716],[38.044,49.9112],[37.9435,49.9615],[37.8631,50.0419],[37.6821,50.062],[37.6721,50.1223],[37.5816,50.2028],[37.5816,50.2631],[37.461,50.3435],[37.4107,50.4139],[37.2499,50.3837],[37.0086,50.3234],[36.888,50.3234],[36.7472,50.2731],[36.5563,50.2229],[36.4758,50.2932],[36.3954,50.3033],[36.3049,50.2731],[36.0939,50.4038],[35.9732,50.434],[35.7621,50.4038],[35.6415,50.3234],[35.5108,50.4541],[35.4304,50.4943],[35.3902,50.5948],[35.4304,50.6752],[35.3902,50.7858],[35.2897,50.9064],[35.2897,51.0673],[35.1087,51.0673],[35.1087,51.208],[34.9378,51.218],[34.7066,51.1879],[34.6363,51.2381],[34.3448,51.2381],[34.2241,51.3688],[34.1739,51.5297],[34.1136,51.6603],[34.2543,51.7207],[34.395,51.7106],[34.395,51.8312],[34.2543,51.9016],[34.1437,51.972],[34.0834,52.0624],[33.9728,52.2132],[33.8321,52.2735],[33.7416,52.3942],[33.5104,52.3338],[33.1988,52.3841],[32.8972,52.2836],[32.656,52.2735],[32.4147,52.3841],[32.3544,52.2635],[32.274,52.1328],[32.1332,52.0624],[31.9221,52.0725],[31.7613,52.1127],[31.7602,52.1764],[31.6863,52.206],[31.6493,52.2578],[31.5753,52.2948],[31.5901,52.3391],[31.5753,52.4427],[31.5605,52.5166],[31.5975,52.561],[31.531,52.6202],[31.4866,52.6867],[31.5457,52.7163],[31.5457,52.7903],[31.4126,52.8642],[31.2869,52.9825],[31.2795,53.0565],[31.3239,53.1157],[31.383,53.1896],[31.5457,53.197],[31.6937,53.1748],[31.7824,53.1157],[32.0117,53.1083],[32.2483,53.1526],[32.448,53.2636],[32.4702,53.2932],[32.5367,53.3301],[32.6699,53.3301],[32.6994,53.4041],[32.6847,53.4632],[32.5589,53.4928],[32.4258,53.5594],[32.3814,53.6407],[32.4184,53.6481],[32.448,53.6703],[32.4628,53.6999],[32.3445,53.7295],[32.1818,53.7739],[32.0117,53.8034],[31.849,53.7739],[31.7676,53.8034],[31.7972,53.8848],[31.8416,53.9735],[31.812,54.0401],[31.738,54.0845],[31.6123,54.1214],[31.5088,54.151],[31.3091,54.2472],[31.2573,54.3507],[31.1834,54.469],[31.0872,54.4764],[31.0798,54.5208],[31.1094,54.58],[31.1538,54.6317],[31.0946,54.6465],[31.0133,54.6243],[30.9763,54.6761],[30.9171,54.7575],[30.7618,54.7796],[30.784,54.8462],[30.7988,54.9202],[30.8432,54.9423],[30.8949,54.9793],[30.8949,55.0163],[30.9467,55.0163],[30.9763,55.0755],[30.9541,55.1494],[30.8875,55.1938],[30.7988,55.3047],[30.858,55.3787],[30.8728,55.4526],[30.8728,55.4896],[30.9023,55.5414],[30.8801,55.5932],[30.8136,55.5784],[30.7396,55.5932],[30.6731,55.6375],[30.6287,55.6819],[30.503,55.7263],[30.4438,55.7854],[30.1998,55.8372],[30.0888,55.815],[30.0445,55.8372],[29.9853,55.8594],[29.8818,55.8224],[29.8152,55.778],[29.7412,55.778],[29.6155,55.7706],[29.5194,55.6819],[29.4306,55.6819],[29.3567,55.7485],[29.3271,55.815],[29.3345,55.8594],[29.4084,55.9038],[29.4084,55.9555],[29.3419,55.9629],[29.2088,55.9925],[29.0683,56.0147],[28.9056,55.9925],[28.8094,55.9629],[28.7207,55.9481],[28.6837,56.0147],[28.6245,56.0813],[28.484,56.096],[28.4027,56.1034],[28.3139,56.0443],[28.2104,56.0739],[28.1364,56.1404],[28.1636,56.1593],[28.1701,56.2117],[28.1898,56.251],[28.1505,56.3558],[28.157,56.4409],[28.0981,56.4933],[28.1243,56.5326],[28.0522,56.5523],[27.9867,56.5981],[27.9736,56.6702],[27.9147,56.6964],[27.8623,56.7422],[27.8819,56.775],[27.9081,56.8143],[27.8754,56.8339],[27.8361,56.8405],[27.7771,56.8732],[27.7116,56.8667],[27.62,56.8405],[27.6396,56.8863],[27.6854,56.9191],[27.7182,56.9584],[27.7051,57.0108],[27.7378,57.0697],[27.6789,57.109],[27.7247,57.1221],[27.764,57.1286],[27.8099,57.1614],[27.8164,57.2007],[27.8295,57.2531],[27.8361,57.2924],[27.7444,57.3186],[27.7051,57.3513],[27.6134,57.3906],[27.5086,57.4234],[27.5086,57.4758],[27.5152,57.5282],[27.3489,57.5264],[27.3121,57.574],[27.3645,57.6002],[27.3711,57.6395],[27.3842,57.6919],[27.4431,57.6919],[27.4824,57.7443],[27.5086,57.7902],[27.5807,57.8164],[27.6985,57.836],[27.7771,57.8688],[27.7509,57.895],[27.6723,57.9146],[27.6527,57.9801],[27.6461,58.0194],[27.6461,58.0522],[27.6069,58.0849],[27.5152,58.1242],[27.4366,58.229],[27.4366,58.3076],[27.5152,58.3665],[27.5021,58.4386],[27.4693,58.5237],[27.4104,58.7202],[27.3973,58.7923],[27.4366,58.8643],[27.5283,58.9233],[27.6723,58.9822],[27.7706,59.0739],[27.8492,59.1984],[27.8754,59.2573],[27.9147,59.277],[27.9671,59.277],[28.0522,59.277],[28.1308,59.2966],[28.1505,59.3752],[28.0784,59.4341],[28.0131,59.4582],[27.9734,59.5167],[27.8967,59.5338],[27.9417,59.6476],[28.0942,59.6647],[28.1631,59.5907],[28.2663,59.5622],[28.351,59.6021],[28.3091,59.6644],[28.4444,59.7337],[28.6627,59.6443],[28.7959,59.6722],[28.9363,59.8246],[29.0761,59.9078],[29.4136,59.86],[29.7655,59.7362],[29.9632,59.7366],[30.1266,59.806],[29.9529,59.9856],[29.6873,60.131],[29.5107,60.1446],[28.969,60.1088],[28.6916,60.15],[28.5694,60.1984],[28.4352,60.3373],[28.5512,60.5326],[28.5215,60.6233],[28.4318,60.6035],[28.51,60.7318],[29.3861,61.2466],[30.2786,61.7845],[30.9018,62.1255],[31.1675,62.3666],[31.3609,62.6078],[31.4083,62.792],[31.3359,62.9474],[31.14,63.1237],[30.8236,63.2428],[30.2126,63.4671],[30.0149,63.6156],[30.1622,63.7018],[30.4058,63.8885],[30.4315,64.0029],[30.3635,64.1168],[29.7844,64.7443],[29.6182,64.9734],[29.6312,65.1398],[29.7153,65.3212],[29.9134,65.5617],[30.0017,65.7221],[29.6543,66.26],[29.0229,66.8874],[29.1709,67.0206],[29.757,67.3703],[29.9461,67.5339],[29.7018,67.7104],[29.2681,67.9382],[28.8757,68.0253],[28.6222,68.1207],[28.5701,68.3588],[28.686,68.5683],[28.6972,68.6955],[29.0074,68.8318],[29.4628,69.1342],[29.9236,69.3546],[30.2699,69.4091],[30.6408,69.4185],[30.8717,69.5101],[31.0538,69.6396],[31.3313,69.6628],[31.7822,69.777],[32.0716,69.8835],[32.076,69.8154],[32.1906,69.6417],[32.3517,69.5137],[32.5963,69.4236],[33.0096,69.3867],[33.2806,69.342],[33.3156,69.0713],[33.6284,69.2147],[33.818,69.1925],[34.3051,69.1708],[34.6989,69.1641],[34.9341,69.1494],[35.4366,69.1504],[36.0183,69.0237],[37.2459,68.7935],[37.6886,68.6296],[38.4064,68.2427],[38.6685,68.1463],[39.3347,68.0359],[39.9181,67.9404],[40.8261,67.66],[40.9734,67.5344],[40.9508,67.3347],[41.0169,67.2019],[41.2088,67.0695],[41.2553,66.937],[41.147,66.7823],[40.8364,66.5614],[40.3451,66.3186],[39.9775,66.2009],[39.19,66.0387],[38.7821,66.0015],[38.0479,66.0074],[37.4224,66.0938],[36.5052,66.1725],[35.7717,66.2589],[35.1677,66.4115],[34.153,66.6296],[33.6513,66.6801],[33.4375,66.7017],[33.1577,66.9145],[32.991,66.9878],[32.6443,67.0461],[32.2194,66.9937],[32.3578,66.9203],[32.4247,66.891],[32.7535,66.649],[32.9709,66.5834],[33.4697,66.3131],[33.8442,66.1821],[34.2585,66.1098],[34.5437,66.0008],[34.7262,65.797],[34.7256,65.615],[34.6012,65.4839],[34.2934,65.3962],[34.332,65.3455],[34.4257,65.1065],[34.7729,64.6822],[34.8148,64.4598],[34.8846,64.3668],[35.0818,64.2883],[35.6233,64.2536],[36.0155,64.197],[36.24,63.9186],[36.4206,63.8761],[36.9875,63.8415],[37.2465,63.7849],[37.4105,63.7495],[37.5915,63.8069],[37.9449,63.8504],[38.0541,63.9863],[38.0539,64.1293],[37.8799,64.3079],[37.6681,64.3433],[37.4633,64.3],[37.262,64.3139],[36.9967,64.4066],[36.5685,64.7646],[36.8839,65.0677],[37.1019,65.0681],[37.6041,64.8528],[38.2529,64.7031],[39.1934,64.511],[39.6216,64.476],[39.9971,64.5412],[40.3222,64.4629],[40.4398,64.5636],[40.4621,64.7503],[40.366,64.8579],[39.9794,65.1531],[39.8231,65.4356],[39.9513,65.5812],[40.0369,65.6031],[40.6814,65.7936],[41.3542,65.9552],[41.6233,66.0652],[42.1334,66.3879],[42.2108,66.41],[42.4185,66.3811],[43.2414,66.2509],[43.8762,66.011],[44.0294,66.0112],[44.0528,66.0405],[44.1221,66.2672],[44.3836,66.612],[44.362,66.906],[44.2192,67.0898],[43.8381,67.1629],[43.7036,67.2659],[44.2158,67.7183],[44.2611,67.8296],[44.1687,68.097],[43.8222,68.3273],[43.8532,68.4692],[44.012,68.4919],[44.6678,68.3886],[45.5796,68.4425],[45.8634,68.3833],[46.162,68.1082],[46.4394,67.9079],[46.6341,67.7005],[46.1641,67.6774],[45.4626,67.6391],[45.0925,67.5421],[44.8712,67.3124],[44.9571,67.2314],[45.3856,67.0994],[45.7154,66.8496],[46.0768,66.7621],[46.4021,66.7186],[46.9726,66.7785],[47.5712,66.8163],[47.7062,66.8901],[47.8221,67.1113],[47.9529,67.3773],[48.0807,67.5625],[48.6353,67.6524],[49.1856,67.8388],[49.6301,67.9362],[50.4959,68.1535],[51.139,68.2664],[51.8308,68.4094],[52.2449,68.5446],[52.3374,68.3357],[52.4627,68.2987],[52.7197,68.3514],[52.9388,68.4712],[53.0058,68.6806],[53.1794,68.7557],[53.5024,68.8163],[53.8891,68.787],[53.8084,68.6073],[53.7821,68.3384],[53.3959,68.3004],[53.3162,68.2332],[53.3168,68.1364],[53.6257,68.0477],[53.854,68.0853],[54.3797,68.1607],[54.576,68.1611],[54.6485,68.0719],[54.7523,68.0498],[54.8772,68.1095],[54.996,68.2065],[55.1265,68.4006],[55.3354,68.4831],[55.7229,68.5361],[56.1951,68.5669],[56.5403,68.5526],[57.0242,68.4489],[57.3637,68.457],[57.5259,68.4946],[57.9592,68.7048],[58.4093,68.8329],[58.7704,68.856],[59.199,68.7744],[59.3459,68.6999],[59.062,68.4975],[59.1198,68.3931],[59.2177,68.3485],[59.5019,68.2894],[59.7623,68.2974],[59.892,68.402],[59.9254,68.5813],[60.0791,68.619],[60.5121,68.5899],[60.7563,68.6725],[60.9341,68.8151],[60.986,69.0026],[60.3692,69.4677],[60.5517,69.5434],[60.8487,69.71],[61.03,69.7406],[61.3043,69.7335],[62.2813,69.7051],[62.8539,69.6156],[63.4123,69.5487],[63.9232,69.4592],[64.873,69.2277],[65.3554,69.1834],[66.1255,68.9972],[66.5843,68.8855],[67.1717,68.6471],[67.8265,68.3721],[68.2154,68.2014],[68.3846,68.1793],[68.4879,68.2242],[69.0026,68.6954],[69.109,68.8303],[68.6918,68.8145],[68.5118,68.8367],[68.2577,68.9411],[68.0935,69.1359],[68.1059,69.4293],[67.7787,69.5569],[66.8844,69.6231],[66.799,69.7437],[66.828,69.8194],[66.9649,69.9558],[67.2772,70.0706],[67.3833,70.1394],[67.4218,70.2234],[67.3982,70.5985],[67.2853,70.7058],[66.7748,70.7356],[66.6702,70.8661],[66.818,71.1054],[66.9796,71.2138],[67.1555,71.2296],[67.8225,71.4167],[68.3162,71.6349],[68.5508,71.822],[68.8121,72.0955],[69.0567,72.6447],[69.3431,72.8343],[69.5116,72.803],[70.2144,72.7335],[70.9403,72.79],[71.6629,72.8307],[71.9758,72.7998],[72.4553,72.8243],[72.714,72.7696],[72.8527,72.6439],[72.8448,72.4946],[72.6546,72.1183],[72.4983,71.9618],[71.8978,71.5872],[71.7976,71.4318],[72.1362,71.2776],[72.555,70.9772],[72.6797,70.8235],[72.7742,70.4552],[72.6959,70.3556],[72.4369,70.187],[72.5515,69.6563],[72.5255,69.0691],[72.6435,68.8069],[72.8462,68.6352],[73.3086,68.5166],[73.3941,68.4421],[73.3936,68.3824],[73.1752,68.1659],[72.9878,67.7941],[72.8377,67.6456],[72.485,67.4378],[71.9305,67.1563],[71.6471,67.0673],[71.3995,66.9491],[71.5441,66.7141],[71.3495,66.6624],[70.8399,66.5514],[70.1207,66.7188],[69.7915,66.7549],[69.3554,66.7394],[69.0848,66.6875],[69.1726,66.5483],[69.4351,66.4242],[69.7673,66.3297],[70.4736,66.236],[70.9834,66.2004],[71.2595,66.2228],[71.7943,66.1581],[72.2088,66.1735],[72.4211,66.3347],[72.5574,66.496],[73.1655,66.6438],[73.6902,66.8651],[73.8108,66.9904],[73.9845,67.2634],[74.3525,67.4044],[74.7417,67.6862],[74.7706,67.8494],[74.6694,68.1017],[74.3951,68.347],[74.505,68.5935],[74.6121,68.6385],[74.9163,68.7064],[75.5372,68.7749],[76.3278,68.7763],[76.6609,68.6722],[77.0398,68.4638],[77.1079,68.1138],[76.9549,67.6533],[77.0907,67.5277],[77.5048,67.4324],[78.089,67.4113],[78.4779,67.4785],[78.5357,67.6118],[78.3046,67.6929],[77.946,67.7737],[77.6889,67.7584],[77.4832,67.8025],[77.5142,67.9733],[77.9775,68.1451],[78.0072,68.2568],[77.9091,68.3237],[77.8342,68.4727],[77.6358,68.8162],[77.406,68.9356],[77.0299,68.9799],[76.538,69.0841],[76.1775,69.1359],[75.598,69.21],[75.1886,69.1266],[74.9017,69.081],[74.318,69.1625],[73.9145,69.1543],[73.9079,69.2745],[73.6541,69.7565],[73.791,70.0522],[74.1222,70.3659],[74.2496,70.5729],[74.1892,70.6726],[73.698,71.1414],[73.2707,71.3726],[73.2169,71.4577],[73.5914,71.7069],[74.1372,71.7545],[74.5866,71.8722],[74.9212,72.0287],[74.9987,72.1304],[75.0746,72.4203],[75.0161,72.7188],[75.1199,72.6875],[75.4076,72.6644],[75.6173,72.6255],[75.6662,72.4135],[75.5825,72.1706],[75.2966,71.8969],[75.2213,71.6477],[75.2843,71.4461],[75.452,71.3225],[75.6706,71.1991],[76.2932,71.1385],[77.0016,71.0626],[77.7362,71.0255],[78.1047,70.8413],[78.2492,70.8339],[78.6085,70.8499],[78.3716,71.2505],[78.1369,71.3739],[77.2849,71.4188],[76.8661,71.449],[76.6072,71.5183],[76.3329,71.7197],[76.4567,71.8679],[77.0749,71.8924],[77.2749,71.8149],[77.7899,71.7769],[78.1264,71.8476],[78.0857,72.1753],[78.2696,72.2147],[78.6473,72.2624],[79.2226,72.2713],[79.7032,72.1783],[80.3387,72.0076],[80.8283,71.767],[81.4253,71.6127],[81.6714,71.5743],[82.4914,71.5681],[82.8184,71.6463],[82.8801,71.4913],[82.5289,71.3202],[82.2153,71.2036],[82.1036,70.8564],[82.0456,70.4189],[82.1957,70.358],[82.5015,70.7111],[82.6755,70.8421],[82.8037,70.8193],[83.0759,70.5818],[83.0363,70.2449],[83.3707,70.3373],[83.677,70.4603],[83.6571,70.5982],[83.5709,70.6517],[83.5047,70.8129],[83.168,71.1822],[83.2526,71.2829],[83.5611,71.6244],[83.2024,71.8259],[82.8546,71.9421],[82.4363,72.0506],[82.3206,72.2223],[82.026,72.2452],[81.5853,72.354],[80.9823,72.447],[80.8442,72.5802],[80.8717,72.84],[80.8289,73.0135],[80.464,73.3136],[80.5005,73.4247],[80.6201,73.4965],[80.8382,73.5526],[81.8775,73.6022],[83.0204,73.6123],[83.9766,73.6698],[84.6161,73.7427],[84.8295,73.5997],[85.0015,73.5762],[85.3812,73.6963],[85.8562,73.8248],[86.4921,73.8738],[86.7569,73.7866],[86.3264,73.6344],[86.1235,73.4511],[86.905,73.5559],[87.1397,73.6041],[87.5696,73.7721],[87.6908,73.9],[87.5406,74.0997],[87.394,74.1795],[86.9776,74.299],[86.8135,74.4353],[86.8126,74.5399],[86.9583,74.7821],[87.4875,74.9609],[87.9223,75.0599],[89.2847,75.4661],[89.6846,75.5082],[89.7963,75.5244],[90.0,75.5585],[90.0,75.6015],[91.6347,75.6527],[92.6705,75.7626],[93.5921,75.8808],[94.3096,76.0741],[94.6943,76.1836],[95.4877,76.1683],[95.9673,76.1692],[96.1394,76.0859],[95.9818,75.902],[96.6582,75.8533],[97.1164,75.8708],[97.6837,75.9552],[98.2887,76.0565],[98.7162,76.074],[99.1586,75.9997],[99.4672,75.9669],[99.7794,76.0593],[99.8334,76.21],[99.7736,76.2854],[99.9832,76.437],[100.4074,76.4714],[100.8303,76.4554],[101.3895,76.625],[101.1115,76.8529],[101.1665,77.0058],[101.6905,77.2026],[102.3897,77.3748],[103.3933,77.5578],[103.9466,77.5922],[104.3937,77.5672],[105.0625,77.5685],[105.4495,77.4491],[105.4697,77.3293],[104.7823,77.1488],[104.4851,76.995],[104.7046,76.9275],[105.5281,76.98],[106.2429,76.9135],[107.1603,76.9491],[107.2401,76.8984],[107.0714,76.771],[106.5374,76.5672],[106.404,76.4323],[107.2908,76.4339],[107.666,76.4431],[107.7715,76.4012],[108.2445,76.6464],[108.8595,76.6475],[109.6564,76.6913],[109.9402,76.6327],[110.5477,76.6423],[111.4273,76.5681],[112.0572,76.4514],[112.5885,76.2592],[112.8223,76.0589],[113.1489,76.0595],[113.533,76.0937],[113.723,75.8688],[113.1134,75.4944],[113.2216,75.4368],[113.625,75.2727],[112.5771,74.8862],[112.1113,74.7804],[111.5866,74.731],[110.0547,74.2537],[108.6969,73.8194],[108.3399,73.6912],[107.2655,73.5222],[106.2083,73.2585],[105.2788,72.7515],[105.6002,72.7443],[106.087,72.8554],[106.5015,73.0613],[107.2499,73.1338],[107.8043,73.1428],[108.7496,73.2632],[109.5952,73.3916],[109.9906,73.44],[110.4423,73.5679],[110.4,73.7429],[110.1784,73.7982],[110.1632,73.8301],[110.2896,73.9421],[110.5513,74.0384],[110.9441,73.9433],[111.2153,73.7683],[111.4949,73.7449],[111.7617,73.6578],[112.0934,73.6346],[112.4768,73.6591],[112.997,73.7796],[113.2216,73.7481],[113.3077,73.613],[113.3117,73.3827],[113.547,73.2009],[114.1867,73.551],[114.9341,73.5603],[115.6115,73.6252],[116.6711,73.6192],[117.5346,73.5493],[117.9188,73.5341],[118.4604,73.5192],[118.3385,73.1861],[118.4978,73.0362],[119.4174,72.9669],[119.7986,72.9125],[120.1128,72.8815],[120.5785,72.8351],[121.6995,72.9002],[122.2433,72.9091],[122.8824,72.7528],[123.5148,73.172],[123.4422,73.3302],[123.425,73.4332],[123.4099,73.4808],[124.2222,73.6969],[124.4567,73.7053],[124.8177,73.6582],[125.3346,73.5241],[125.7173,73.3978],[126.487,73.3834],[127.0968,73.4163],[127.7196,73.4015],[128.3148,73.2075],[128.4989,73.1259],[128.5249,72.9523],[128.291,72.9125],[128.1706,72.8965],[127.3135,72.7139],[126.2164,72.3823],[126.1113,72.2804],[126.2253,72.2493],[126.69,72.2189],[127.1209,72.2119],[127.4175,72.1422],[127.7141,72.0101],[128.1701,71.8319],[128.4325,71.7546],[128.7835,71.538],[129.3552,71.1757],[130.1717,70.8153],[130.7793,70.6783],[131.0548,70.6865],[131.4127,70.8638],[131.7917,71.1879],[132.2836,71.6609],[132.5538,71.809],[132.6843,71.8014],[132.7906,71.592],[133.1384,71.4532],[133.7439,71.3228],[134.2414,71.2619],[134.6229,71.3013],[135.5106,71.5118],[135.8606,71.5434],[136.2266,71.5132],[136.765,71.4058],[137.6297,71.0754],[137.7713,71.0988],[137.8549,71.1298],[138.0758,71.246],[138.1754,71.362],[138.1138,71.3851],[138.1194,71.4702],[138.4461,71.6103],[138.6749,71.6184],[138.8999,71.5026],[139.1588,71.418],[139.7445,71.4036],[139.8257,71.6284],[139.7386,71.8379],[139.806,72.0015],[139.8479,72.2356],[139.3388,72.1644],[139.05,72.1638],[138.9693,72.2105],[139.1683,72.3438],[139.3118,72.3832],[139.7556,72.4232],[140.215,72.4319],[140.5891,72.4952],[141.294,72.7871],[141.4084,72.7873],[142.2002,72.6787],[142.9025,72.6172],[143.8188,72.5326],[144.2674,72.5021],[144.5618,72.4556],[145.6,72.4262],[144.8204,72.1433],[145.2096,72.1207],[145.6646,72.1605],[145.815,72.0984],[145.6782,71.9267],[145.2614,71.8404],[144.8808,71.7231],[144.8013,71.5911],[145.1004,71.5762],[145.3338,71.6309],[145.7462,71.6937],[146.1861,71.8421],[146.9151,72.2019],[148.1595,72.1964],[148.698,72.1662],[149.1045,72.0889],[149.5303,72.0274],[149.6225,71.9419],[149.722,71.8952],[148.7109,71.6294],[148.9622,71.5679],[149.7154,71.4376],[150.6937,71.3467],[151.1195,71.2548],[151.48,71.0858],[151.6448,70.8938],[151.8991,70.733],[152.134,70.6644],[152.7906,70.681],[153.4044,70.7282],[153.9165,70.7905],[155.0492,70.9385],[156.0432,70.9866],[157.3964,70.9275],[158.078,70.8673],[158.4087,70.8142],[158.9341,70.6235],[159.2292,70.5475],[159.4656,70.395],[159.6279,70.2198],[159.5727,69.999],[159.4438,69.7646],[159.673,69.6519],[160.0166,69.6224],[160.3924,69.6156],[160.6816,69.5785],[160.674,69.2703],[160.8623,69.0831],[161.1708,69.1586],[161.4161,69.3542],[161.961,69.5282],[162.1178,69.5586],[162.2749,69.5363],[163.0382,69.5452],[163.7224,69.6745],[164.0537,69.66],[164.3182,69.4649],[164.6365,69.4128],[165.3301,69.4066],[166.3092,69.3783],[166.7004,69.4317],[167.3201,69.6586],[167.5032,69.5686],[167.9216,69.3287],[168.1,69.2315],[168.5924,69.1125],[168.9861,68.9634],[169.1132,68.7842],[169.3886,68.7175],[170.0889,68.7785],[170.8328,68.9219],[170.9049,69.0343],[170.7932,69.184],[170.4313,69.5589],[170.0563,69.6109],[170.2363,69.762],[170.4517,70.0192],[171.3022,69.9752],[171.8484,69.9385],[172.3592,69.9092],[172.9082,69.8348],[173.0083,69.6917],[173.6367,69.7607],[174.5745,69.7851],[175.611,69.7794],[176.1922,69.7127],[176.546,69.6229],[177.0792,69.5336],[177.705,69.4896],[178.0428,69.4076],[178.6289,69.2585],[178.965,69.2291],[179.2815,69.1473],[180.0,68.9199],[180.0,67.9631],[180.0,66.9631],[180.0,65.9631],[180.0,65.3816],[180.0,65.311],[180.0,65.0519],[180.0,64.9535],[179.3091,64.7865],[179.016,64.7729],[178.726,64.6063],[178.4738,64.5772],[178.0044,64.5477],[177.8441,64.5832],[177.4267,64.6067],[177.3735,64.7614],[177.2515,64.8561],[177.0263,64.8442],[177.1347,64.9274],[176.7125,64.7817],[176.3317,64.7729],[176.1802,64.868],[175.9651,64.9037],[176.156,64.6779],[175.8998,64.5474],[176.044,64.5012],[176.4678,64.409],[176.7532,64.5711],[176.9305,64.5529],[177.0816,64.5174],[177.0816,64.303],[177.1932,64.2104],[177.5347,64.0897],[178.0111,64.1921],[177.8134,64.0474],[178.1473,64.1566],[178.1765,64.0053],[178.2878,63.9129],[178.3716,63.7494],[178.4026,63.6641],[178.0777,63.4291],[178.3444,63.458],[178.5011,63.3802],[178.714,63.1537],[178.9395,63.0833],[179.0043,62.9702],[178.9316,62.7651],[179.2877,62.8151],[179.2318,62.6385],[179.2422,62.5257],[179.0488,62.3914],[178.7377,62.2993],[178.4519,62.3199],[178.2503,62.3829],[177.691,62.4523],[177.2908,62.4868],[177.1349,62.55],[177.1903,62.67],[176.9683,62.6908],[176.832,62.6764],[176.5805,62.4291],[176.5491,62.3797],[175.1726,61.9691],[174.6527,61.8909],[174.5423,61.8907],[174.3487,61.799],[174.2504,61.7147],[173.9268,61.616],[173.4809,61.6011],[173.3426,61.5518],[173.1263,61.3694],[172.9183,61.2781],[172.4924,61.2633],[172.1082,60.9833],[172.0001,60.8576],[171.2484,60.6542],[171.0724,60.4521],[170.5197,60.3399],[170.3368,60.2771],[170.2684,60.1451],[170.2731,60.0134],[170.0601,59.8818],[169.8775,59.8746],[169.6136,60.0122],[169.5316,60.1299],[169.4557,60.2963],[169.1541,60.4346],[168.6708,60.4546],[168.2109,60.4329],[167.6896,60.3554],[167.104,60.271],[166.8684,60.1734],[166.2685,59.8333],[166.0272,59.7087],[165.945,59.7706],[166.2034,60.3526],[165.9563,60.3105],[165.78,60.3541],[165.4154,60.1152],[165.1136,60.0314],[164.933,59.9619],[164.8816,59.7341],[164.5846,59.6647],[164.4419,59.7402],[164.3281,59.9607],[164.1105,60.0782],[163.6497,59.792],[163.7668,59.8838],[163.5163,59.8557],[163.3887,59.8141],[163.1064,59.5792],[163.0429,59.462],[163.0998,59.3589],[163.2545,59.2904],[162.8352,59.0559],[162.7534,58.9665],[162.9074,58.8913],[162.6159,58.733],[162.22,58.4855],[161.9384,58.2592],[161.8044,58.1017],[161.7999,57.8627],[161.9892,57.7199],[162.2037,57.6794],[162.8257,57.701],[163.0784,57.6265],[163.1278,57.5516],[162.932,57.3742],[162.5933,57.1695],[162.5124,57.0335],[162.6128,56.8029],[162.7443,56.5997],[163.098,56.5597],[163.1723,56.3838],[163.166,56.1065],[163.0091,55.9441],[162.7713,55.9166],[162.5546,56.0107],[162.5472,56.1053],[162.7219,56.3423],[162.5218,56.3487],[162.3176,56.2401],[161.8613,55.8609],[161.6094,55.5569],[161.5027,55.2874],[161.6474,54.9851],[161.9385,54.8451],[162.0082,54.7382],[161.8759,54.5641],[161.5666,54.4232],[161.1364,54.4091],[160.8376,54.4486],[160.6829,54.4483],[160.4043,54.3676],[160.0274,54.1533],[159.9311,54.0864],[159.6951,53.8592],[159.6332,53.7058],[159.6835,53.5794],[159.9048,53.4002],[159.9221,53.3005],[159.8969,53.2406],[159.5918,53.1336],[159.3198,53.1265],[158.7881,52.9594],[158.4614,52.826],[158.4317,52.7131],[158.4624,52.5871],[158.3895,52.2027],[158.258,52.0171],[157.8978,51.666],[157.2095,51.229],[156.8246,51.0041],[156.6964,50.9577],[156.5637,51.2344],[156.4747,51.6038],[156.3619,51.9142],[156.3332,52.2716],[156.1752,52.6093],[156.0381,52.7815],[155.9418,53.1931],[155.7108,53.8049],[155.7075,54.065],[155.6381,54.3184],[155.6302,54.4654],[155.5831,54.5521],[155.4652,54.9198],[155.4535,55.2758],[155.5057,55.6396],[155.6276,56.2679],[155.703,56.3696],[156.2358,56.7568],[156.5579,56.9475],[156.8147,57.2606],[156.8777,57.3627],[156.8395,57.5057],[156.7769,57.5805],[157.5112,57.7455],[157.9617,57.8828],[158.3263,58.0268],[159.1043,58.4249],[159.3927,58.6104],[159.5863,58.8027],[159.6491,58.9537],[160.4519,59.3539],[160.8442,59.5542],[161.5352,59.9417],[161.7008,60.0735],[161.8179,60.268],[162.3811,60.4636],[163.3293,60.6949],[163.4448,60.8903],[163.7927,61.1282],[163.8314,61.2331],[163.5757,61.3305],[163.9423,61.7374],[163.9259,61.955],[164.0083,62.1309],[164.2772,62.2229],[165.0548,62.2595],[165.2857,62.2881],[165.0672,62.4357],[164.1377,62.5327],[163.8184,62.4897],[163.3403,62.4113],[162.9902,62.3261],[163.0092,62.1783],[162.7106,61.7632],[162.7669,61.6721],[162.7488,61.609],[162.4506,61.5594],[162.2352,61.5099],[161.5358,61.1868],[160.645,60.7178],[160.1188,60.5636],[160.0071,60.5913],[160.077,60.7376],[160.2356,60.947],[159.8155,60.9811],[159.7435,61.0996],[159.8569,61.3025],[160.0562,61.5129],[160.1493,61.6602],[160.1183,61.7513],[159.9658,61.765],[159.4546,61.5608],[159.2311,61.5463],[159.1064,61.7073],[158.8413,61.784],[158.1184,61.7195],[157.5283,61.6693],[157.098,61.6334],[156.8252,61.5628],[156.4232,61.401],[156.3812,61.2051],[156.4184,61.1213],[155.8508,60.883],[155.6667,60.778],[155.7339,60.5554],[155.1518,60.3944],[154.6933,60.199],[154.3157,59.9833],[154.0922,59.7759],[153.943,59.5688],[153.9445,59.3967],[154.1818,59.3008],[154.7528,59.2812],[154.878,59.1577],[154.9059,59.1028],[154.3871,59.04],[153.9244,58.9223],[153.4541,58.9489],[153.1399,59.0101],[152.9682,58.9961],[152.8283,58.9477],[152.5042,58.7687],[152.1912,58.9259],[151.6907,58.7535],[151.3545,58.6911],[151.1354,58.7318],[151.0075,58.7933],[151.0562,58.9238],[151.3927,58.9794],[151.7833,59.035],[151.8573,59.0558],[151.5236,59.3439],[151.1402,59.4396],[150.6634,59.4318],[150.2787,59.3622],[150.1201,59.3895],[149.7296,59.5953],[149.3803,59.6085],[149.0453,59.5872],[148.7284,59.4763],[148.7472,59.2974],[148.6303,59.194],[148.4161,59.0974],[148.1028,59.2068],[147.9192,59.2615],[147.3522,59.2329],[146.9996,59.191],[146.7064,59.2248],[146.3074,59.286],[146.054,59.2511],[146.0235,59.196],[145.957,58.9829],[145.6526,58.9754],[145.5128,59.0369],[145.4957,59.2088],[145.4041,59.3255],[144.8457,59.2832],[144.3898,59.3099],[143.8241,59.295],[143.3029,59.2665],[142.9268,59.2796],[142.8459,59.2725],[142.3578,59.141],[141.9238,58.9409],[141.5908,58.7275],[141.3496,58.5009],[140.9943,58.3906],[140.5874,58.2393],[140.4998,58.1708],[140.0287,57.6441],[139.2938,57.3362],[138.8668,57.1245],[138.3459,56.8042],[137.6019,56.2403],[137.2291,55.9827],[136.5213,55.5899],[136.1194,55.4206],[135.2695,55.0287],[134.9852,54.8539],[134.8937,54.7199],[130.5777,54.6878],[123.5232,55.1828],[118.4489,55.0591],[114.8598,55.8016],[111.8894,57.6581],[110.2805,57.4106],[110.1568,57.0393],[109.4142,56.5442],[109.5379,55.1828],[108.3003,53.5739]]],[[[-175.1005,66.765],[-174.6352,66.4048],[-174.1933,66.288],[-174.202,66.3688],[-174.0683,66.4353],[-174.0912,66.5236],[-174.3783,66.7],[-174.3711,66.9437],[-174.3366,67.077],[-173.8749,67.1593],[-173.4322,67.0343],[-173.1744,66.9904],[-172.8292,66.9614],[-172.378,67.0141],[-171.958,66.9557],[-171.5397,66.7644],[-171.2272,66.6027],[-170.4731,66.2949],[-170.0662,66.1782],[-169.8727,66.0832],[-169.8324,66.0246],[-169.9869,66.0096],[-170.4487,66.0527],[-170.6127,66.0378],[-170.9762,65.6784],[-171.6686,65.8892],[-171.6065,65.8089],[-171.4096,65.7069],[-171.2003,65.5612],[-171.73,65.6113],[-172.1836,65.5885],[-172.7243,65.7629],[-173.0431,65.8062],[-172.9826,65.7478],[-172.8527,65.6311],[-172.8147,65.6311],[-172.5623,65.5148],[-172.4702,65.3765],[-172.4112,65.1727],[-172.4366,65.02],[-172.8027,64.9976],[-173.1651,64.9679],[-173.2504,64.8955],[-173.0252,64.5065],[-173.077,64.384],[-173.5449,64.4191],[-173.7238,64.3828],[-174.2607,64.4609],[-174.3794,64.6192],[-175.1872,64.8485],[-175.3009,64.7257],[-175.8274,64.934],[-175.9517,65.0062],[-176.0709,65.1877],[-175.9927,65.2679],[-176.1372,65.457],[-176.5285,65.6096],[-176.7828,65.6383],[-177.1256,65.6231],[-177.5119,65.5201],[-178.1163,65.4825],[-178.6535,65.5399],[-178.6272,65.686],[-178.6969,65.8321],[-178.9751,66.0514],[-179.3786,65.996],[-179.5812,65.8118],[-180.0,65.2592],[-180.0,65.311],[-180.0,65.3816],[-180.0,65.9631],[-180.0,66.9631],[-180.0,67.9631],[-180.0,68.9169],[-178.8912,68.6425],[-178.1292,68.3736],[-177.7094,68.292],[-175.9906,67.8467],[-175.514,67.6688],[-175.4222,67.602],[-175.389,67.5053],[-175.1889,67.3126],[-175.0062,66.9573],[-175.1005,66.765]]],[[[56.2716,72.8572],[56.1359,72.786],[55.8221,72.7539],[55.6227,72.6511],[55.5176,72.478],[55.5204,72.1098],[55.7207,71.6424],[56.1515,71.271],[56.3788,71.1323],[56.7275,70.994],[57.2507,70.8178],[57.2378,70.691],[56.0586,70.731],[55.6788,70.7072],[55.2663,70.5605],[54.9983,70.5217],[54.6941,70.7438],[54.5225,70.7589],[54.0316,70.7195],[53.7286,70.7651],[53.7147,70.9267],[54.3207,71.0898],[54.3535,71.198],[54.3079,71.2057],[53.8831,71.3287],[53.2338,71.5135],[52.5505,71.5899],[52.4019,71.5197],[52.121,71.4649],[51.8149,71.4798],[51.5335,71.6579],[51.4821,71.8447],[51.5851,71.9852],[51.7605,72.0793],[51.9149,72.0952],[52.0583,72.0486],[52.3511,72.0413],[52.584,72.1277],[53.0885,72.4735],[53.1978,72.6309],[53.0529,72.6306],[52.6111,72.74],[53.0797,72.9065],[53.3098,73.0413],[53.5023,73.1366],[54.1441,73.1457],[54.7362,73.2577],[55.1807,73.2665],[55.8162,73.3073],[56.0641,73.2761],[56.5085,73.1739],[56.4801,73.0946],[56.2716,72.8572]]],[[[55.1879,74.1035],[55.8852,74.1048],[55.9456,74.2654],[55.6185,74.4175],[55.7759,74.5385],[55.9645,74.6034],[56.2688,74.612],[56.652,74.6934],[56.5392,74.7659],[56.3026,74.8706],[56.995,75.2731],[57.2261,75.3313],[57.3273,75.2985],[57.7287,75.291],[58.1701,75.5316],[58.5585,75.6816],[59.0176,75.7989],[59.4559,75.8664],[60.043,75.9175],[60.6167,75.8936],[60.949,75.961],[61.3026,76.2379],[61.4255,76.2297],[61.8187,76.2892],[62.5933,76.1648],[62.8053,76.182],[63.6733,76.3263],[64.1046,76.3439],[65.0873,76.4552],[65.9261,76.5074],[66.2733,76.7615],[66.4423,76.8296],[67.5723,76.8912],[68.4567,76.9268],[68.6683,76.8678],[68.8672,76.7664],[68.9368,76.6058],[68.5715,76.3944],[68.3283,76.3183],[67.7225,76.1745],[66.5482,75.9799],[64.6005,75.7595],[63.6165,75.6331],[62.6615,75.4986],[61.8326,75.3565],[60.887,75.2475],[60.4633,75.1561],[60.3337,75.0326],[60.6234,74.9353],[60.4335,74.8378],[60.0088,74.6754],[59.7716,74.6588],[58.8506,74.6894],[58.6564,74.6084],[58.6025,74.5035],[58.8819,74.3914],[58.7331,74.2866],[58.1905,74.0851],[58.0093,74.1489],[57.6712,74.1883],[57.4047,74.0516],[57.7994,73.9243],[57.8228,73.7806],[57.3304,73.4849],[56.9604,73.3571],[56.6951,73.4201],[56.265,73.5147],[55.7574,73.5774],[55.4249,73.5529],[54.9936,73.5362],[54.6636,73.472],[54.4787,73.5194],[54.0176,73.7336],[54.3492,73.8699],[54.8936,74.0629],[55.1879,74.1035]]],[[[102.693,79.0341],[102.6286,78.988],[102.5755,78.9605],[102.5428,78.9489],[102.4769,78.908],[102.4028,78.8564],[102.3978,78.8492],[102.3933,78.8286],[102.4055,78.8247],[102.4622,78.8286],[102.5289,78.8405],[102.5672,78.8503],[102.5866,78.8553],[102.6605,78.8825],[102.7987,78.9516],[102.8089,78.9594],[102.8605,79.0053],[102.8761,79.0269],[102.8764,79.0336],[102.8817,79.0408],[102.895,79.0478],[102.9147,79.0525],[102.9405,79.0555],[102.9694,79.0575],[103.0397,79.0575],[103.1189,79.0544],[103.1705,79.0603],[103.2478,79.078],[103.2941,79.0992],[103.4517,79.1047],[103.4747,79.1086],[103.4947,79.1133],[103.5086,79.1203],[103.5194,79.128],[103.5197,79.1347],[103.6397,79.1569],[103.9469,79.1333],[103.9928,79.125],[104.008,79.12],[104.0178,79.1144],[104.0211,79.0953],[104.0203,79.0886],[104.0144,79.0814],[104.0203,79.0453],[104.0711,78.9975],[104.0955,78.9961],[104.1275,78.9969],[104.1564,78.9989],[104.1911,78.9986],[104.2319,78.9966],[104.3033,78.9911],[104.3339,78.988],[104.3842,78.9803],[104.4239,78.9714],[104.4386,78.9664],[104.4864,78.9389],[104.4992,78.9205],[104.5239,78.8772],[104.6469,78.8328],[104.6564,78.8272],[104.6603,78.8211],[104.6594,78.8144],[104.6472,78.8],[104.6411,78.7928],[104.63,78.785],[104.61,78.7803],[104.6016,78.7714],[104.6817,78.7789],[104.7044,78.7825],[104.7244,78.7875],[104.7386,78.7941],[104.7497,78.8019],[104.7558,78.8091],[104.7569,78.8158],[104.7528,78.8219],[104.7383,78.8269],[104.7289,78.8325],[104.725,78.8386],[104.7447,78.8433],[104.7678,78.8472],[104.9172,78.8542],[104.9719,78.8469],[105.0214,78.8392],[105.0708,78.8314],[105.1486,78.8136],[105.1681,78.8091],[105.1955,78.7925],[105.2216,78.7691],[105.2344,78.7575],[105.408,78.5836],[105.4158,78.5714],[105.4144,78.5647],[105.3736,78.5078],[105.3566,78.5019],[105.3172,78.4925],[105.2528,78.48],[105.2303,78.4764],[105.1869,78.4669],[105.1003,78.4389],[105.0833,78.433],[104.9997,78.4039],[104.9525,78.3855],[104.9028,78.368],[104.8553,78.3522],[104.8192,78.3414],[104.7805,78.3319],[104.7586,78.328],[104.7275,78.3297],[104.7086,78.3342],[104.6947,78.3394],[104.6855,78.345],[104.6817,78.3511],[104.6475,78.3539],[104.4244,78.3411],[104.3694,78.3372],[104.2675,78.3269],[104.1683,78.3155],[104.1028,78.3039],[104.0181,78.2875],[103.9964,78.2836],[103.9311,78.2719],[103.8819,78.2661],[103.8297,78.2614],[103.7392,78.2586],[103.6672,78.2608],[103.5758,78.2608],[103.3153,78.2483],[103.1953,78.2353],[103.165,78.2344],[103.0586,78.2483],[103.0275,78.25],[102.9944,78.25],[102.9728,78.2461],[102.9358,78.2364],[102.883,78.2205],[102.883,78.2069],[102.8925,78.2014],[102.8769,78.1955],[102.8189,78.1817],[102.718,78.16],[102.69,78.1605],[102.6611,78.1636],[102.6611,78.1705],[102.6803,78.1864],[102.6853,78.1936],[102.685,78.2003],[102.6803,78.2064],[102.6705,78.2119],[102.6464,78.2158],[102.6172,78.2189],[102.5425,78.2219],[102.4822,78.22],[102.458,78.2169],[102.1305,78.2014],[101.9966,78.2061],[101.9714,78.2058],[101.8214,78.2005],[101.7614,78.1983],[101.7133,78.1922],[101.6536,78.19],[101.495,78.1875],[101.4589,78.1883],[101.3811,78.1922],[101.3091,78.1939],[101.2764,78.1936],[101.1747,78.1833],[101.133,78.1753],[101.1183,78.1691],[101.0947,78.1553],[101.068,78.1422],[101.0325,78.1322],[100.9941,78.123],[100.9111,78.1066],[100.5439,78.0439],[100.3447,78.0119],[100.1233,77.9764],[100.0158,77.9578],[99.9664,77.9525],[99.94,77.9503],[99.9105,77.9489],[99.8783,77.9486],[99.7892,77.9517],[99.7722,77.955],[99.7617,77.9603],[99.7369,77.9639],[99.6475,77.9628],[99.618,77.9614],[99.598,77.9572],[99.5703,77.9453],[99.553,77.94],[99.5208,77.9397],[99.4917,77.9425],[99.4308,77.9544],[99.3414,78.02],[99.3536,78.0536],[99.3908,78.0628],[99.408,78.0681],[99.4361,78.0803],[99.4611,78.0933],[99.5269,78.1355],[99.5331,78.1419],[99.5208,78.1544],[99.5194,78.1611],[99.5225,78.1683],[99.7841,78.2667],[99.9064,78.3097],[99.9944,78.3353],[100.0039,78.368],[100.0736,78.4308],[100.0883,78.4369],[100.1525,78.4742],[100.1511,78.4808],[100.133,78.4991],[100.2536,78.6583],[100.3664,78.7383],[100.3783,78.7453],[100.3933,78.7511],[100.4117,78.7561],[100.5514,78.7858],[100.5944,78.7941],[100.6322,78.7933],[100.8967,78.7672],[100.9152,78.7653],[100.9275,78.7628],[100.937,78.7598],[100.9396,78.7572],[101.0219,78.7425],[101.0303,78.7389],[101.1358,78.7491],[101.1428,78.75],[101.1608,78.7522],[101.1681,78.7583],[101.1367,78.7681],[101.0953,78.7767],[100.9959,78.7963],[100.9744,78.7978],[100.9043,78.8013],[100.8858,78.8031],[100.8733,78.8056],[100.8698,78.8093],[100.7819,78.8572],[100.78,78.8705],[100.7781,78.8839],[100.7861,78.8986],[100.8817,78.9697],[100.8939,78.9767],[100.9897,79.0139],[101.0036,79.0183],[101.0378,79.0253],[101.063,79.0283],[101.0814,79.0292],[101.1641,79.0255],[101.2005,79.023],[101.2889,79.0136],[101.3722,79.0033],[101.435,78.9905],[101.5181,78.9803],[101.5491,78.9772],[101.5872,78.9764],[101.6155,78.9783],[101.6244,78.9822],[101.5986,78.9858],[101.5367,78.9919],[101.4592,78.9961],[101.428,78.9991],[101.3811,79.0069],[101.2339,79.0367],[101.2078,79.0403],[101.1767,79.0433],[101.0572,79.0491],[101.0261,79.0522],[100.9997,79.0558],[100.9889,79.0611],[100.988,79.0678],[101.0189,79.1161],[101.0283,79.1239],[101.1972,79.2058],[101.2422,79.2247],[101.2872,79.2325],[101.3464,79.2375],[101.3786,79.2386],[101.4497,79.2389],[101.4819,79.24],[101.5111,79.2419],[101.5369,79.245],[101.5533,79.2508],[101.5555,79.2844],[101.5278,79.3014],[101.5272,79.308],[101.5378,79.3414],[101.5508,79.3483],[101.5705,79.3533],[101.6261,79.3583],[101.7764,79.3675],[101.8089,79.3683],[101.8411,79.3589],[101.9447,79.3039],[101.9611,79.2925],[101.9667,79.2864],[101.9669,79.2797],[101.9569,79.2719],[101.9578,79.2586],[101.9842,79.255],[102.2078,79.2392],[102.2433,79.2392],[102.263,79.2441],[102.2628,79.2508],[102.2203,79.2658],[102.1725,79.2805],[102.1558,79.3053],[102.1441,79.3306],[102.1378,79.3564],[102.1428,79.3636],[102.1725,79.3894],[102.1825,79.3972],[102.1961,79.4042],[102.2128,79.41],[102.2328,79.415],[102.2792,79.4228],[102.3055,79.4255],[102.3647,79.4297],[102.3989,79.428],[102.4255,79.4244],[102.5339,79.4111],[102.678,79.398],[102.81,79.3861],[102.8419,79.383],[102.8947,79.3755],[102.9103,79.3708],[102.9208,79.3586],[102.9205,79.3453],[102.9361,79.3405],[102.9728,79.3314],[103.0044,79.328],[103.1086,79.3292],[103.1403,79.3258],[103.1611,79.3217],[103.1608,79.315],[103.1553,79.3078],[103.1414,79.3008],[103.0906,79.2836],[103.0441,79.2758],[103.0083,79.2758],[102.9614,79.2805],[102.9044,79.265],[102.8772,79.2514],[102.8255,79.223],[102.7544,79.17],[102.7461,79.1636],[102.7408,79.1564],[102.6911,79.0858],[102.7033,79.0486],[102.693,79.0341]]],[[[97.193,79.7022],[97.2064,79.6969],[97.2394,79.6983],[97.5491,79.7375],[97.6494,79.7514],[97.72,79.763],[97.7211,79.7686],[97.7158,79.7817],[97.7236,79.8033],[97.7422,79.8083],[97.8211,79.8278],[97.8664,79.8361],[97.8933,79.8628],[97.8775,79.8747],[97.875,79.8811],[97.8814,79.8875],[97.8967,79.8933],[97.9419,79.9017],[97.9719,79.9039],[98.043,79.9058],[98.0772,79.903],[98.1767,79.8878],[98.2239,79.8797],[98.2419,79.875],[98.2889,79.8672],[98.3175,79.8639],[98.355,79.8642],[98.385,79.8664],[98.4005,79.8725],[98.4397,79.8922],[98.5808,79.9716],[98.5786,79.9783],[98.5422,79.9875],[98.5186,79.9917],[98.4605,79.9983],[98.4422,80.0028],[98.4347,80.0089],[98.4703,80.0375],[98.4822,80.0444],[98.5056,80.0486],[98.5286,80.0525],[98.5703,80.0519],[98.6047,80.0494],[98.6336,80.0458],[98.6703,80.0367],[98.6939,80.0328],[98.7283,80.03],[98.7697,80.0294],[98.8039,80.0305],[98.9061,80.0386],[99.023,80.0466],[99.0616,80.0478],[99.1483,80.0458],[99.188,80.0436],[99.2169,80.0403],[99.2403,80.0361],[99.3736,79.9975],[99.4453,79.9747],[99.4969,79.9469],[99.5042,79.9411],[99.5503,79.933],[99.5897,79.9308],[99.6611,79.9322],[99.6841,79.928],[99.8011,79.9011],[100.0153,79.8242],[100.0694,79.7805],[100.0761,79.7747],[100.0633,79.7678],[100.0436,79.7628],[99.9653,79.743],[99.8983,79.7405],[99.7761,79.635],[99.7255,79.575],[99.6847,79.4669],[99.6922,79.3897],[99.7005,79.3769],[99.7122,79.3716],[99.7341,79.3675],[99.7461,79.3622],[99.6833,79.3097],[99.6591,79.2958],[99.6014,79.2914],[99.5944,79.2769],[99.5789,79.2708],[99.4558,79.2469],[99.3883,79.2617],[99.3205,79.2808],[99.2814,79.2894],[99.215,79.3017],[99.1878,79.3053],[99.1539,79.3064],[99.118,79.3061],[99.0894,79.3039],[99.0639,79.3008],[99.0419,79.2966],[99.0353,79.2903],[99.0422,79.2844],[99.0594,79.2797],[99.4169,79.1941],[99.4386,79.19],[99.4875,79.1825],[99.5144,79.1792],[99.585,79.1672],[99.6017,79.1625],[99.6083,79.1566],[99.593,79.1505],[99.5744,79.1455],[99.5105,79.1431],[99.4886,79.1389],[99.4853,79.1317],[99.5019,79.1269],[99.5289,79.1233],[99.5605,79.1205],[99.7028,79.1111],[99.7344,79.108],[99.8147,79.0975],[99.8478,79.088],[99.8591,79.0828],[99.9461,78.968],[99.9389,78.9533],[99.9303,78.9455],[99.915,78.9394],[99.8967,78.9344],[99.875,78.9303],[99.8503,78.9272],[99.7853,78.915],[99.7239,78.9017],[99.6875,78.8917],[99.6566,78.8789],[99.645,78.8719],[99.6367,78.8639],[99.5181,78.8364],[99.4753,78.828],[99.4261,78.8219],[99.395,78.8205],[99.3605,78.8203],[99.2883,78.8247],[99.2097,78.8269],[99.1786,78.8255],[99.1505,78.8233],[99.0183,78.8103],[98.8561,78.8139],[98.653,78.8105],[98.5911,78.808],[98.5667,78.8047],[98.5572,78.7994],[98.6,78.7911],[98.6022,78.7844],[98.5844,78.7794],[98.56,78.7761],[98.3425,78.7792],[98.305,78.7797],[98.2883,78.7844],[98.2814,78.7903],[98.2575,78.8011],[98.2214,78.8033],[98.1836,78.8039],[98.0164,78.8064],[97.8705,78.8089],[97.7433,78.8183],[97.6466,78.8303],[97.6011,78.8394],[97.5842,78.8441],[97.5558,78.8458],[97.4114,78.8458],[97.3047,78.8453],[97.273,78.848],[97.2464,78.8514],[97.1197,78.8817],[97.0333,78.905],[96.9564,78.9294],[96.8672,78.965],[96.6927,78.9917],[96.5286,78.9903],[96.3478,78.9892],[96.3061,78.9903],[96.2822,78.9925],[96.303,78.9969],[96.3514,79.0036],[96.3683,79.0089],[96.37,79.0161],[96.3475,79.02],[96.3105,79.0219],[96.2722,79.0222],[96.2061,79.0203],[96.1819,79.0169],[96.1611,79.0125],[96.0847,79.0025],[96.0017,78.995],[95.9705,78.9936],[95.9358,78.9928],[95.6953,78.9972],[95.6667,78.9989],[95.6536,79.0042],[95.65,79.0108],[95.6422,79.0453],[95.648,79.0533],[95.6675,79.0672],[95.5692,79.0961],[95.5331,79.1053],[95.4955,79.1072],[95.4642,79.1055],[95.4086,79.1005],[95.3847,79.0969],[95.3642,79.0928],[95.3472,79.0875],[95.3342,79.0814],[95.2836,79.0655],[95.1508,79.0422],[95.123,79.0397],[95.0883,79.0389],[95.0078,79.0403],[94.9847,79.0441],[94.7772,79.0844],[94.7,79.1091],[94.6494,79.1664],[94.65,79.1736],[94.6461,79.1803],[94.6419,79.1869],[94.633,79.1927],[94.6144,79.1972],[94.5678,79.205],[94.5067,79.2105],[94.4503,79.2167],[94.4267,79.2205],[94.3661,79.2333],[94.3336,79.243],[94.3244,79.2489],[94.3203,79.2553],[94.3111,79.3447],[94.32,79.3964],[94.3386,79.4103],[94.3533,79.4255],[94.3589,79.4333],[94.3558,79.4544],[94.3466,79.4603],[94.3325,79.4655],[94.2944,79.4744],[94.2705,79.4783],[94.2355,79.4792],[94.0955,79.475],[94.0675,79.4722],[94.05,79.4664],[94.0544,79.4597],[94.0825,79.4422],[94.0733,79.435],[94.0528,79.4305],[93.9889,79.4272],[93.9491,79.4272],[93.9155,79.4297],[93.8867,79.4328],[93.7094,79.4519],[93.6989,79.4561],[93.7233,79.4597],[93.8078,79.4675],[93.9361,79.4744],[93.9605,79.478],[93.9903,79.4894],[93.9808,79.4953],[93.9083,79.4991],[93.8261,79.5092],[93.6889,79.5369],[93.6872,79.5411],[93.7194,79.5428],[93.7478,79.5455],[93.7722,79.5489],[93.7892,79.5542],[93.8539,79.585],[93.88,79.5975],[93.878,79.6014],[93.8,79.6047],[93.7714,79.6022],[93.7469,79.5986],[93.7261,79.5941],[93.7092,79.5892],[93.528,79.5355],[93.4617,79.5144],[93.4489,79.5083],[93.44,79.5011],[93.4447,79.4947],[93.4639,79.4758],[93.3572,79.453],[93.3331,79.4494],[93.2525,79.4405],[93.2244,79.4378],[93.1936,79.4378],[93.1647,79.4405],[93.15,79.4458],[93.1258,79.4566],[93.1161,79.4628],[93.1247,79.4697],[93.1411,79.475],[93.2136,79.4855],[93.2458,79.4875],[93.3019,79.4928],[93.3186,79.498],[93.2844,79.5147],[93.27,79.52],[93.2358,79.5222],[93.1561,79.5222],[93.0447,79.5286],[92.8508,79.5539],[92.8594,79.5611],[92.9239,79.5647],[92.963,79.563],[93.0217,79.5572],[93.0705,79.5497],[93.09,79.5453],[93.1144,79.5417],[93.1486,79.5394],[93.1886,79.5394],[93.2569,79.5419],[93.2814,79.5455],[93.6303,79.6116],[93.6461,79.6153],[93.7794,79.6689],[93.79,79.6847],[93.7991,79.6916],[93.8503,79.7075],[94.0792,79.7653],[94.1042,79.7686],[94.2819,79.7833],[94.3478,79.7867],[94.4136,79.79],[94.5128,79.795],[94.6161,79.8119],[94.6317,79.8267],[94.5383,79.8425],[94.4247,79.8555],[94.3458,79.8661],[94.2222,79.8978],[94.2255,79.9025],[94.36,79.9491],[94.4322,79.9661],[94.4736,79.9658],[94.6133,79.9805],[94.6389,79.9839],[94.7517,80.0044],[94.7733,80.0089],[94.923,80.0525],[94.9369,80.0586],[94.9433,80.0667],[94.9389,80.073],[94.9108,80.0905],[94.9105,80.0961],[94.9366,80.0994],[94.9705,80.1011],[95.0069,80.1003],[95.09,80.0758],[95.1044,80.0708],[95.1086,80.0641],[95.1064,80.05],[95.2333,80.0172],[95.2694,80.0164],[95.2994,80.0189],[95.3253,80.0222],[95.3433,80.0272],[95.3536,80.0344],[95.3575,80.0558],[95.3533,80.0622],[95.3547,80.0694],[95.365,80.0764],[95.3936,80.0886],[95.438,80.0972],[95.4903,80.1039],[95.5803,80.1114],[95.9683,80.1061],[96.0983,80.0947],[96.1019,80.0883],[96.1383,80.0875],[96.1764,80.088],[96.37,80.0955],[96.438,80.0986],[96.7283,80.1139],[96.9142,80.1272],[97.0511,80.1522],[97.07,80.1575],[97.0853,80.1633],[97.1119,80.1667],[97.1425,80.1689],[97.1844,80.1686],[97.3164,80.1639],[97.4922,80.17],[97.5341,80.1697],[97.615,80.1655],[97.7036,80.1558],[97.8269,80.1247],[98.0344,80.0675],[97.9711,80.0067],[97.8286,79.9261],[97.6486,79.8339],[97.6321,79.8018],[97.63,79.7828],[97.6239,79.7764],[97.5383,79.7589],[97.4491,79.7422],[97.3975,79.7358],[97.2903,79.7236],[97.2608,79.7214],[97.235,79.718],[97.213,79.7139],[97.1947,79.7086],[97.193,79.7022]]],[[[142.4702,73.8478],[142.513,73.8389],[142.5766,73.8203],[142.6144,73.8078],[142.6605,73.7905],[142.673,73.7841],[142.7022,73.7719],[142.7355,73.7594],[143.0147,73.6608],[143.0569,73.653],[143.1208,73.6453],[143.1419,73.6414],[143.1791,73.6289],[143.2122,73.6164],[143.4319,73.5225],[143.4702,73.4917],[143.5316,73.4422],[143.5266,73.4361],[143.5078,73.4241],[143.4941,73.4183],[143.4761,73.4125],[143.4364,73.403],[143.4486,73.3664],[143.4519,73.3603],[143.4755,73.3172],[143.5044,73.2803],[143.5119,73.2742],[143.5058,73.2303],[143.2274,73.2042],[143.185,73.2033],[143.1433,73.2075],[143.0808,73.2142],[143.0183,73.2222],[142.8969,73.2344],[142.6433,73.258],[142.6225,73.2594],[142.5797,73.2572],[142.4514,73.2425],[142.4089,73.2405],[142.3858,73.2411],[142.3647,73.2439],[142.3233,73.2514],[142.2819,73.2639],[142.2611,73.2689],[142.2188,73.2728],[142.1347,73.2794],[142.0925,73.2822],[142.0503,73.2836],[142.0289,73.2825],[142.0078,73.2828],[141.9655,73.2841],[141.8427,73.2897],[141.8005,73.2925],[141.6316,73.3053],[141.5894,73.3103],[141.5472,73.3167],[141.5052,73.3253],[141.2347,73.3739],[140.98,73.418],[140.8094,73.4464],[140.788,73.4489],[140.7455,73.4514],[140.7028,73.4514],[140.6386,73.45],[140.5744,73.4464],[140.425,73.433],[140.2949,73.4139],[140.282,73.4124],[140.2692,73.4102],[140.2565,73.4072],[140.2489,73.4035],[140.0936,73.3705],[140.0514,73.3619],[140.0092,73.3544],[139.9666,73.3494],[139.8819,73.3455],[139.8391,73.3455],[139.7753,73.3478],[139.7542,73.3489],[139.7327,73.3511],[139.7114,73.3547],[139.6766,73.3655],[139.6675,73.3778],[139.6536,73.4022],[139.6528,73.4203],[139.6653,73.4267],[139.6864,73.4328],[139.7075,73.4375],[139.7286,73.4403],[139.7711,73.4427],[140.07,73.4558],[140.1552,73.4583],[140.1766,73.4572],[140.2632,73.4581],[140.2812,73.4565],[140.294,73.4574],[140.3067,73.4595],[140.3195,73.4632],[140.4161,73.483],[140.4841,73.5072],[140.6041,73.55],[140.6364,73.5628],[140.6494,73.5689],[140.6577,73.575],[140.6794,73.5919],[140.7444,73.6647],[140.8228,73.7436],[140.8928,73.7922],[140.9236,73.8103],[140.95,73.8225],[141.0683,73.8647],[141.0858,73.8708],[141.1297,73.8778],[141.1608,73.8773],[141.1755,73.8722],[141.2255,73.863],[141.3127,73.8605],[141.3564,73.8603],[141.378,73.8614],[141.4,73.8639],[141.4219,73.8686],[141.4397,73.8747],[141.475,73.8842],[141.5191,73.8936],[141.5633,73.8983],[141.6972,73.9094],[142.0042,73.92],[142.0261,73.9197],[142.0478,73.9172],[142.0908,73.9075],[142.1122,73.9022],[142.155,73.89],[142.3402,73.8572],[142.4052,73.8544],[142.4486,73.8503],[142.4702,73.8478]]],[[[179.9575,70.9922],[179.9047,70.9811],[179.8052,70.9575],[179.7919,70.953],[179.7847,70.9397],[179.778,70.9339],[179.7477,70.918],[179.7244,70.908],[179.7114,70.9036],[179.6783,70.8955],[179.5183,70.8769],[179.4419,70.8722],[179.4058,70.8764],[179.3917,70.8808],[179.3794,70.8861],[179.3633,70.8894],[179.3452,70.8917],[179.2989,70.8908],[179.2728,70.8886],[179.0955,70.8675],[179.0564,70.8608],[178.9847,70.8461],[178.9194,70.83],[178.8903,70.8214],[178.8511,70.8072],[178.835,70.8033],[178.8152,70.7997],[178.791,70.7964],[178.7836,70.8055],[178.7839,70.8344],[178.7488,70.8922],[178.703,70.9347],[178.6478,70.9892],[178.6211,71.0275],[178.6177,71.0355],[178.6177,71.05],[178.6211,71.0564],[178.6311,71.0692],[178.6508,71.0869],[178.6739,71.1042],[178.8583,71.21],[178.8722,71.2175],[178.9586,71.2441],[179.0083,71.2561],[179.0947,71.2755],[179.1975,71.3033],[179.2108,71.3078],[179.2241,71.3125],[179.3822,71.3758],[179.4625,71.408],[179.4661,71.4144],[179.473,71.4205],[179.5303,71.4383],[179.5641,71.4461],[179.6044,71.4528],[179.6539,71.4547],[179.6991,71.4544],[179.7205,71.4561],[179.7644,71.4655],[179.8639,71.488],[179.8641,71.4953],[179.858,71.5039],[179.8497,71.5114],[179.8602,71.5167],[179.8941,71.5244],[179.9314,71.5317],[179.9816,71.5361],[180.0,71.5359],[180.0,70.9972],[179.9772,70.9955],[179.9575,70.9922]]],[[[139.3402,76.0503],[139.3652,76.048],[139.39,76.0447],[139.4647,76.0319],[139.5097,76.02],[139.55,76.0083],[139.58,75.9966],[139.645,75.9792],[139.6697,75.9755],[139.6941,75.9733],[139.7678,75.9736],[139.7922,75.9725],[139.8169,75.97],[139.8366,75.9642],[139.8666,75.9525],[139.9016,75.9369],[139.9066,75.9311],[139.9069,75.9253],[139.8827,75.9214],[139.858,75.925],[139.8336,75.9261],[139.7867,75.8917],[139.7869,75.8855],[139.8016,75.8797],[139.9352,75.8361],[140.0331,75.8183],[140.1597,75.8008],[140.22,75.8192],[140.2441,75.8242],[140.2683,75.8242],[140.39,75.8158],[140.4386,75.8111],[140.4969,75.7933],[140.5261,75.7814],[140.5358,75.7755],[140.5455,75.7636],[140.5455,75.7575],[140.5408,75.7458],[140.5361,75.7397],[140.488,75.7219],[140.4736,75.7158],[140.4639,75.71],[140.4544,75.698],[140.4308,75.6564],[140.4308,75.6444],[140.455,75.6397],[140.4791,75.6361],[140.6472,75.6219],[140.863,75.6097],[140.8872,75.6086],[140.9111,75.6086],[140.9352,75.6119],[140.9833,75.6216],[141.0316,75.6333],[141.0511,75.6394],[141.0608,75.6453],[140.9797,75.68],[140.8744,75.7314],[140.8647,75.7372],[140.8697,75.7433],[140.8944,75.7847],[140.9097,75.8325],[140.91,75.8503],[140.8813,75.8861],[140.8766,75.8978],[140.8766,75.9039],[140.9022,75.9811],[140.9222,76.0047],[140.9422,76.0214],[140.9572,76.0331],[140.9719,76.0392],[140.9919,76.045],[141.0164,76.0497],[141.0411,76.0519],[141.1891,76.0578],[141.2136,76.0564],[141.385,76.0358],[141.5072,76.0189],[141.5314,76.0153],[141.5508,76.0103],[141.5652,76.0044],[141.5797,75.9997],[141.6044,76.0008],[141.6144,76.0067],[141.6197,76.0125],[141.62,76.0186],[141.6105,76.0244],[141.4897,76.0653],[141.4852,76.0711],[141.39,76.1486],[141.3802,76.1544],[141.3066,76.1725],[141.3069,76.1783],[141.3319,76.1805],[141.3566,76.1805],[141.4058,76.1711],[141.5819,76.1278],[141.763,76.0997],[142.0094,76.0333],[142.1294,75.9997],[142.3633,75.933],[142.4011,75.9208],[142.4291,75.9086],[142.4333,75.9028],[142.4327,75.8969],[142.4511,75.8847],[142.465,75.8789],[142.5128,75.8678],[142.5602,75.8578],[142.6564,75.8464],[142.7531,75.8411],[142.8733,75.8317],[142.8972,75.8292],[142.9925,75.8141],[143.0886,75.8061],[143.1369,75.8058],[143.1614,75.8066],[143.2355,75.8144],[143.3594,75.83],[143.37,75.8358],[143.3855,75.8414],[143.4108,75.8472],[143.56,75.8658],[143.5844,75.8669],[143.633,75.8664],[143.6572,75.865],[143.9005,75.8372],[143.9241,75.8333],[144.0175,75.8133],[144.2252,75.7605],[144.4755,75.7097],[144.5222,75.7017],[144.6175,75.6955],[144.6417,75.6964],[144.6897,75.6947],[144.713,75.6919],[144.7314,75.6869],[144.7642,75.6625],[144.803,75.6439],[144.8255,75.6378],[144.8958,75.6294],[145.0133,75.618],[145.1075,75.6105],[145.1541,75.605],[145.2003,75.5972],[145.2227,75.5919],[145.285,75.573],[145.3025,75.5669],[145.3836,75.5294],[145.3914,75.5233],[145.3947,75.5175],[145.393,75.5114],[145.3736,75.5105],[145.3497,75.5108],[145.2791,75.5147],[145.2311,75.5142],[145.2066,75.5122],[145.083,75.495],[145.0577,75.4908],[144.9869,75.4739],[144.9258,75.458],[144.8772,75.4542],[144.8039,75.4455],[144.7789,75.4411],[144.7539,75.4355],[144.7383,75.4297],[144.7164,75.4183],[144.7055,75.4122],[144.6886,75.4005],[144.6644,75.3353],[144.6678,75.3292],[144.6808,75.3242],[144.703,75.3189],[144.7889,75.3008],[144.8116,75.298],[144.8586,75.2961],[144.8813,75.2936],[144.9036,75.2872],[144.9164,75.2811],[144.9417,75.2686],[144.9311,75.2639],[144.8341,75.2536],[144.7258,75.2322],[144.7191,75.2025],[144.7122,75.1725],[144.7061,75.1667],[144.6955,75.1608],[144.6803,75.155],[144.6313,75.1461],[144.6072,75.1431],[144.5872,75.1372],[144.5122,75.1144],[144.4711,75.0969],[144.4605,75.0911],[144.4547,75.0853],[144.4125,75.0616],[144.3972,75.0558],[144.3483,75.0444],[144.325,75.0436],[144.3016,75.0439],[144.2786,75.0455],[144.2561,75.0483],[144.233,75.0497],[144.1866,75.0503],[144.1155,75.0441],[144.0669,75.0328],[144.0191,75.0261],[143.9958,75.0253],[143.9725,75.0255],[143.9497,75.0269],[143.9044,75.0336],[143.86,75.0461],[143.825,75.0586],[143.7805,75.0711],[143.758,75.075],[143.5972,75.0889],[143.5741,75.0903],[143.5508,75.0905],[143.5036,75.0861],[143.4797,75.0828],[143.4789,75.078],[143.4594,75.0733],[143.4358,75.07],[143.3886,75.0658],[143.3655,75.0672],[143.3425,75.0697],[143.32,75.0736],[143.2972,75.0786],[143.2525,75.0911],[143.2069,75.0989],[143.0417,75.1194],[142.9725,75.1261],[142.9491,75.1264],[142.9261,75.1289],[142.9036,75.1339],[142.8903,75.14],[142.873,75.1522],[142.8691,75.1583],[142.8705,75.1703],[142.8627,75.1822],[142.8344,75.2183],[142.8114,75.2222],[142.788,75.2236],[142.7644,75.2225],[142.7411,75.2239],[142.718,75.2278],[142.7047,75.2339],[142.6797,75.2639],[142.6655,75.3022],[142.6566,75.3083],[142.6386,75.3144],[142.6155,75.3205],[142.5694,75.3306],[142.5331,75.3428],[142.5058,75.355],[142.4969,75.3608],[142.4927,75.3669],[142.506,75.4537],[142.5125,75.4625],[142.6322,75.513],[142.6772,75.5305],[142.7319,75.5469],[142.8052,75.5594],[142.893,75.573],[142.9614,75.5819],[143.0105,75.5922],[143.0211,75.598],[143.0377,75.6158],[143.0394,75.6278],[143.0436,75.6575],[143.0405,75.6697],[143.0275,75.6817],[143.0189,75.6875],[143.005,75.6939],[142.9497,75.7119],[142.9261,75.7169],[142.9022,75.7183],[142.6667,75.7275],[142.5938,75.7244],[142.545,75.72],[142.4475,75.7111],[142.4323,75.689],[142.4289,75.6719],[142.4236,75.6658],[142.3991,75.6625],[142.3747,75.6603],[142.23,75.6553],[142.1403,75.5908],[142.1136,75.5014],[142.1508,75.3817],[142.1552,75.3755],[142.213,75.3333],[142.2864,75.3091],[142.3183,75.2969],[142.3908,75.2689],[142.418,75.2567],[142.5808,75.1539],[142.5936,75.1417],[142.6097,75.1178],[142.6044,75.1116],[142.6125,75.0997],[142.635,75.0936],[142.6808,75.0858],[142.7497,75.0769],[142.8186,75.0692],[142.8438,75.0672],[142.8905,75.0669],[142.9605,75.0697],[143.03,75.0655],[143.0988,75.0578],[143.1664,75.0428],[143.3472,75.0086],[143.3928,75.0022],[143.4158,75.0005],[143.4391,75.0017],[143.5103,75.0117],[143.5339,75.0139],[143.5572,75.0147],[143.58,75.0122],[143.6022,75.0058],[143.6372,74.9933],[143.663,74.9811],[143.6714,74.975],[143.7033,74.9447],[143.7069,74.9386],[143.6919,74.9328],[143.6444,74.9236],[143.4541,74.8897],[143.4308,74.8875],[143.3167,74.8947],[143.2705,74.8953],[143.1783,74.8939],[143.1319,74.8931],[142.9555,74.8839],[142.7852,74.8853],[142.7665,74.8907],[142.7447,74.8939],[142.6986,74.8944],[142.6797,74.8908],[142.6561,74.885],[142.62,74.8492],[142.6238,74.8433],[142.6466,74.8419],[142.6936,74.8486],[142.7119,74.8472],[142.7111,74.8414],[142.6966,74.8355],[142.5797,74.8169],[142.5564,74.8136],[142.4875,74.8116],[142.4417,74.8133],[142.3961,74.8172],[142.3736,74.8197],[142.3508,74.8236],[142.0713,74.89],[142.0172,74.9083],[141.9772,74.9267],[141.9683,74.9328],[141.9691,74.9447],[141.9789,74.9505],[141.9977,74.9566],[142.0211,74.96],[142.0444,74.9622],[142.0677,74.9633],[142.1139,74.9608],[142.1367,74.9583],[142.2183,74.9386],[142.2589,74.9275],[142.2814,74.9214],[142.3041,74.9164],[142.3272,74.9175],[142.3508,74.9219],[142.3605,74.928],[142.3566,74.9339],[142.2372,74.9947],[142.2191,75.0008],[142.1938,75.0042],[142.1705,75.0042],[141.9847,74.9969],[141.7983,74.9858],[141.6905,74.9647],[141.5833,74.9469],[141.5367,74.9411],[141.5136,74.9389],[141.4438,74.933],[141.2355,74.9169],[141.1202,74.9111],[141.0508,74.91],[140.9816,74.9078],[140.9169,74.9055],[140.8247,74.8911],[140.7556,74.8839],[140.6864,74.878],[140.6403,74.8744],[140.5941,74.8719],[140.4564,74.8575],[140.2958,74.8369],[140.0664,74.8211],[140.0588,74.8275],[140.0544,74.8383],[139.9836,74.8925],[139.9741,74.8983],[139.8575,74.9317],[139.7592,74.9578],[139.6936,74.9744],[139.67,74.9792],[139.6469,74.9792],[139.5331,74.9497],[139.4647,74.9317],[139.4605,74.9255],[139.4683,74.8775],[139.4783,74.8655],[139.4969,74.8608],[139.5203,74.8561],[139.5664,74.8564],[139.5667,74.8492],[139.5375,74.8008],[139.5331,74.7947],[139.5031,74.7647],[139.4941,74.7586],[139.3928,74.7039],[139.3794,74.6978],[139.3438,74.6858],[139.3213,74.6797],[139.2316,74.66],[139.2091,74.6561],[139.1642,74.6511],[139.0961,74.6472],[139.0736,74.6469],[139.0505,74.648],[139.0278,74.6503],[139.0047,74.6539],[138.9347,74.6714],[138.8928,74.6833],[138.855,74.695],[138.8127,74.7069],[138.7661,74.7186],[138.7427,74.723],[138.6736,74.73],[138.4655,74.75],[138.2572,74.7675],[138.2086,74.7714],[138.1855,74.7722],[138.1625,74.7744],[138.1392,74.7778],[138.1155,74.7825],[138.0683,74.7928],[138.0253,74.8044],[137.8905,74.8453],[137.8761,74.8511],[137.8658,74.8572],[137.833,74.8917],[137.8208,74.9094],[137.8144,74.9214],[137.8097,74.9514],[137.8033,74.9633],[137.7978,74.9694],[137.7819,74.9811],[137.7675,74.9858],[137.7433,74.9917],[137.6758,75.0064],[137.6233,75.0155],[137.5997,75.0178],[137.5286,75.0264],[137.5047,75.0297],[137.4808,75.0344],[137.3244,75.0744],[137.1408,75.1322],[137.12,75.1439],[136.9755,75.2322],[136.9108,75.2719],[136.8614,75.3492],[136.86,75.355],[136.8683,75.3614],[136.8858,75.3675],[136.9083,75.3736],[136.9308,75.3789],[136.9766,75.3867],[137.0,75.388],[137.0239,75.3883],[137.0478,75.3864],[137.0691,75.3747],[137.093,75.3511],[137.1036,75.345],[137.1236,75.3394],[137.1483,75.335],[137.1725,75.3317],[137.22,75.3297],[137.2669,75.3328],[137.3824,75.3461],[137.405,75.3522],[137.4244,75.3764],[137.428,75.3825],[137.4247,75.4005],[137.4142,75.4064],[137.3944,75.4108],[137.3452,75.4197],[137.2972,75.4228],[137.2733,75.4225],[137.25,75.4211],[137.2272,75.4161],[137.2047,75.4097],[137.1917,75.4036],[137.1739,75.3975],[137.1497,75.3994],[137.133,75.4114],[137.1305,75.4233],[137.1389,75.4533],[137.188,75.4705],[137.2076,75.529],[137.2778,75.5869],[137.2917,75.5894],[137.2903,75.5955],[137.2102,75.6364],[137.1647,75.6478],[137.1399,75.6467],[137.1222,75.6436],[137.03,75.6244],[137.0078,75.6176],[136.972,75.602],[136.9889,75.5917],[137.0297,75.5803],[137.0703,75.5689],[137.0811,75.563],[137.0622,75.5616],[136.9866,75.5786],[136.9761,75.5844],[136.9639,75.5961],[136.9586,75.6042],[136.9675,75.6087],[136.9839,75.6155],[137.0016,75.6216],[137.0478,75.6319],[137.0711,75.6347],[137.1376,75.6512],[137.1536,75.6558],[137.1644,75.6739],[137.163,75.68],[137.1561,75.6916],[137.1403,75.6975],[137.1197,75.7033],[137.0947,75.7078],[137.0741,75.7133],[137.0683,75.7191],[137.0719,75.7253],[137.1683,75.7742],[137.1816,75.7803],[137.2052,75.7841],[137.2291,75.7855],[137.3016,75.7875],[137.5117,75.7792],[137.5616,75.7712],[137.6062,75.7652],[137.6212,75.7625],[137.6334,75.759],[137.6399,75.7555],[137.6872,75.7453],[137.7119,75.7419],[137.7358,75.7433],[137.7447,75.7483],[137.7311,75.7719],[137.7252,75.7778],[137.7147,75.7836],[137.6894,75.7883],[137.6103,75.8074],[137.5954,75.8094],[137.5861,75.8129],[137.4411,75.8714],[137.4303,75.8772],[137.4244,75.883],[137.4055,75.9303],[137.4094,75.9364],[137.418,75.9425],[137.45,75.9547],[137.4966,75.9669],[137.5675,75.9822],[137.6864,76.0047],[137.7102,76.0086],[137.7344,76.0111],[137.7831,76.0139],[137.9055,76.0164],[137.9547,76.0155],[137.9791,76.0169],[138.0033,76.0194],[138.0686,76.0439],[138.0961,76.0561],[138.105,76.0619],[138.1133,76.0739],[138.1125,76.08],[138.0916,76.0855],[138.0728,76.0808],[138.035,76.0686],[137.9927,76.0564],[137.9688,76.0514],[138.1274,76.1097],[138.1464,76.1158],[138.1703,76.1219],[138.2183,76.1319],[138.3397,76.148],[138.3405,76.1433],[138.3436,76.1197],[138.3788,76.0786],[138.3847,76.0725],[138.3953,76.0667],[138.4158,76.0608],[138.4408,76.0575],[138.4503,76.0611],[138.4744,76.1028],[138.4575,76.1205],[138.4616,76.1264],[138.4916,76.1622],[138.5008,76.1683],[138.5239,76.1803],[138.5622,76.1925],[138.6353,76.2047],[138.7086,76.2136],[138.7333,76.2161],[138.7827,76.2189],[138.8322,76.2203],[138.8702,76.2198],[138.9455,76.2072],[138.9611,76.2014],[138.9616,76.1955],[138.9572,76.1894],[138.9591,76.1719],[138.9811,76.1483],[139.023,76.1247],[139.095,76.0955],[139.1908,76.0722],[139.2905,76.0572],[139.3402,76.0503]]]]}},{"type":"Feature","properties":{"NAME":null,"ABBREVN":null,"SUBJECTO":null,"BORDERPRECISION":3,"PARTOF":null},"geometry":{"type":"MultiPolygon","coordinates":[[[[19.3344,57.9558],[19.2867,57.9375],[19.2775,57.9403],[19.2744,57.945],[19.2681,57.9486],[19.2567,57.9494],[19.2381,57.9469],[19.1706,57.9294],[19.1628,57.9269],[19.1508,57.9186],[19.1458,57.9136],[19.1417,57.9078],[19.14,57.9017],[19.1261,57.8397],[19.0933,57.8519],[19.0778,57.8583],[19.0731,57.8625],[19.0375,57.8964],[19.0344,57.9011],[19.0344,57.9125],[19.0361,57.9186],[19.0889,57.9703],[19.0958,57.9736],[19.1047,57.9753],[19.2858,57.9767],[19.2964,57.9767],[19.3075,57.9744],[19.3325,57.9653],[19.3356,57.9605],[19.3344,57.9558]]]]}},{"type":"Feature","properties":{"NAME":null,"ABBREVN":null,"SUBJECTO":null,"BORDERPRECISION":3,"PARTOF":null},"geometry":{"type":"MultiPolygon","coordinates":[[[[18.2061,56.9119],[18.1689,56.91],[18.1478,56.9119],[18.1403,56.915],[18.1425,56.9203],[18.1583,56.9417],[18.2092,56.9892],[18.2567,57.0322],[18.2544,57.0792],[18.1733,57.1419],[18.1483,57.2353],[18.1581,57.3158],[18.1425,57.4094],[18.1153,57.4808],[18.1103,57.4961],[18.11,57.5131],[18.1114,57.5194],[18.1192,57.5311],[18.1386,57.5511],[18.1792,57.5883],[18.1914,57.5961],[18.2119,57.6058],[18.2278,57.6114],[18.2422,57.6175],[18.2492,57.6208],[18.2761,57.6342],[18.2947,57.6458],[18.3389,57.6817],[18.3558,57.6958],[18.3819,57.7186],[18.4017,57.7386],[18.4197,57.7603],[18.4564,57.8028],[18.4614,57.8078],[18.4672,57.8119],[18.4811,57.8186],[18.6819,57.9136],[18.69,57.9161],[18.7161,57.9211],[18.725,57.9228],[18.8819,57.9197],[18.9025,57.9183],[18.9142,57.9175],[19.0047,57.9086],[19.0061,57.9036],[19.0039,57.8989],[19.0333,57.8269],[18.9294,57.7397],[18.8489,57.7211],[18.8092,57.7036],[18.7933,57.6592],[18.7597,57.508],[18.7681,57.4722],[18.7694,57.4672],[18.7883,57.4483],[18.7144,57.2469],[18.7119,57.2417],[18.6581,57.2208],[18.5519,57.1828],[18.5147,57.1694],[18.4983,57.1653],[18.4556,57.1569],[18.4394,57.1528],[18.4172,57.1442],[18.3972,57.1342],[18.3914,57.13],[18.3867,57.125],[18.3456,57.0797],[18.3414,57.0739],[18.3392,57.0686],[18.3356,57.0233],[18.3358,57.0175],[18.3433,57.0144],[18.3467,56.9986],[18.3025,56.9375],[18.295,56.9347],[18.2156,56.9131],[18.2061,56.9119]]]]}},{"type":"Feature","properties":{"NAME":"Italy","ABBREVN":"Italy","SUBJECTO":"Italy","BORDERPRECISION":3,"PARTOF":"Italy"},"geometry":{"type":"MultiPolygon","coordinates":[[[[14.2612,45.9544],[14.6042,45.6464],[14.5242,45.2664],[14.3545,45.3229],[14.2386,45.0624],[14.1746,45.0104],[14.1885,44.9425],[14.0604,44.8947],[13.9913,44.7831],[13.8951,44.7592],[13.6721,45.0504],[13.629,45.0743],[13.5269,45.4543],[13.5061,45.499],[13.5707,45.485],[13.5952,45.5227],[13.8,45.5664],[13.6732,45.7145],[13.5646,45.7265],[13.4377,45.6384],[13.3677,45.6945],[13.1562,45.7265],[13.1046,45.5824],[12.8987,45.5584],[12.4482,45.3943],[12.4832,45.4623],[12.2797,45.4023],[12.2514,45.2903],[12.1804,45.2703],[12.1762,45.2143],[12.3125,45.1783],[12.3221,45.0424],[12.409,44.989],[12.5231,44.8828],[12.476,44.7871],[12.2736,44.6726],[12.2807,44.5501],[12.3451,44.301],[12.6972,43.9348],[13.6009,43.5348],[13.7316,43.3742],[13.7916,43.1233],[13.9151,42.8728],[14.0928,42.6095],[14.4049,42.3531],[14.5193,42.2297],[14.72,42.1418],[14.7385,42.0472],[14.9224,41.9718],[15.4486,41.8567],[16.0128,41.9043],[16.1874,41.8409],[16.1984,41.7457],[15.9891,41.6346],[15.8733,41.5021],[15.991,41.4061],[16.4203,41.2787],[16.946,41.0938],[17.3193,40.9293],[18.0339,40.5967],[18.0599,40.5135],[18.3836,40.3078],[18.5226,40.0941],[18.4337,39.8984],[18.3649,39.7467],[18.1601,39.8731],[18.0171,39.9479],[17.9677,40.1669],[17.8496,40.2435],[17.6191,40.2878],[17.4017,40.2919],[17.2042,40.3979],[17.2428,40.4958],[17.0841,40.5251],[16.9487,40.4811],[16.8441,40.3631],[16.7276,40.1836],[16.6044,40.0899],[16.6239,39.9678],[16.535,39.8316],[16.5321,39.6975],[16.874,39.5437],[17.1491,39.4218],[17.1074,39.2805],[17.121,39.086],[17.1807,39.0222],[17.0947,38.915],[16.7977,38.9259],[16.6133,38.8273],[16.5222,38.725],[16.572,38.4571],[16.3307,38.3207],[16.0529,37.9312],[15.7852,37.9097],[15.7102,37.9414],[15.6275,38.0042],[15.6266,38.2331],[15.7909,38.2964],[15.9335,38.5399],[15.8273,38.6227],[15.9898,38.7348],[16.1522,38.7013],[16.2122,38.778],[16.1772,38.931],[16.0826,39.0125],[15.9896,39.4284],[15.8247,39.6606],[15.757,39.9336],[15.6662,40.0919],[15.5159,40.0659],[15.432,39.989],[15.0273,40.2122],[14.8987,40.2415],[14.9923,40.3722],[14.951,40.5515],[14.7433,40.7048],[14.3341,40.5936],[14.3498,40.6425],[14.4946,40.73],[14.3703,40.8515],[14.24,40.8529],[14.0509,40.7675],[13.9419,40.998],[13.8525,41.091],[13.797,41.1934],[13.4984,41.3019],[13.2714,41.3142],[12.9768,41.3714],[12.6415,41.5311],[12.3948,41.7295],[11.9634,42.0047],[11.4974,42.3764],[11.1048,42.5491],[10.7428,42.8505],[10.4877,43.2359],[10.2925,43.7054],[10.1367,43.9048],[9.9093,44.1105],[9.6919,44.2196],[9.157,44.3732],[8.8966,44.4372],[8.6717,44.4174],[8.1864,44.1264],[7.9795,43.9649],[7.6891,43.887],[7.5528,43.8675],[7.6188,44.0783],[7.5911,44.2047],[7.2092,44.1731],[6.8698,44.3492],[6.7829,44.5479],[6.9247,44.715],[7.0035,44.7195],[6.9426,44.8687],[6.6653,44.9545],[6.5073,45.1157],[6.7036,45.1992],[6.7859,45.1493],[7.0292,45.308],[7.1191,45.4305],[6.9255,45.5167],[6.9143,45.6483],[6.6745,45.8033],[6.9553,45.9389],[7.2248,45.9109],[7.5068,46.0025],[7.7899,45.927],[7.9139,45.999],[8.0709,46.1934],[8.0248,46.2888],[8.3745,46.4708],[8.3816,46.2843],[8.6219,46.1207],[8.7617,46.0888],[8.7176,46.007],[8.8907,45.8662],[9.0189,45.9344],[9.027,46.1752],[9.2183,46.348],[9.2101,46.4981],[9.3768,46.5345],[9.441,46.3752],[9.5449,46.3116],[9.642,46.3252],[9.6737,46.3798],[9.885,46.4025],[9.9945,46.2525],[10.0971,46.4389],[9.9874,46.4981],[10.0237,46.6209],[10.1512,46.6619],[10.2303,46.5893],[10.3721,46.5663],[10.3892,46.6528],[10.3387,46.7483],[10.3957,46.8874],[10.6794,46.8103],[10.9478,46.7949],[11.0958,46.9799],[11.2608,47.0232],[11.343,46.9861],[11.5433,47.0355],[11.6786,46.9892],[12.0643,47.091],[12.0748,46.9275],[12.2178,46.8843],[12.3619,46.7085],[12.9519,46.5975],[13.354,46.5607],[13.5689,46.5104],[14.0366,46.4811],[14.1174,46.4329],[14.1407,46.4333],[14.2612,45.9544]]],[[[8.6961,38.9958],[8.5824,39.0658],[8.4172,39.2122],[8.3742,39.3078],[8.465,39.6399],[8.5085,39.9465],[8.488,40.2088],[8.4282,40.4649],[8.2016,40.663],[8.1595,40.7847],[8.2407,40.8553],[8.4056,40.8621],[8.7661,40.8628],[8.9184,40.94],[9.3062,41.1844],[9.5909,40.9029],[9.7937,40.5637],[9.7878,40.442],[9.6957,40.3137],[9.6308,40.0959],[9.698,39.6935],[9.6483,39.4572],[9.4789,39.1442],[9.2963,39.2331],[9.0625,39.2199],[8.9985,39.1751],[8.9314,39.0537],[8.8196,38.9769],[8.6961,38.9958]]],[[[14.622,36.7761],[14.2159,37.0493],[13.8684,37.157],[13.0116,37.5249],[12.6369,37.5815],[12.532,37.6387],[12.4541,37.766],[12.5166,37.9192],[12.6643,38.0725],[12.7828,38.1174],[13.066,38.0669],[13.3225,38.2205],[13.628,38.0298],[13.8095,37.9664],[14.1345,37.9735],[14.7659,38.0576],[15.3867,38.2055],[15.4537,38.1674],[15.4729,38.1101],[15.4225,38.0526],[15.181,37.6823],[15.1122,37.459],[15.1162,37.2869],[15.3013,37.0579],[15.2206,37.0004],[15.0273,36.7451],[14.9424,36.7386],[14.622,36.7761]]]]}},{"type":"Feature","properties":{"NAME":null,"ABBREVN":null,"SUBJECTO":null,"BORDERPRECISION":3,"PARTOF":null},"geometry":{"type":"MultiPolygon","coordinates":[[[[14.6983,44.9478],[14.6431,44.9669],[14.6386,44.9686],[14.5629,45.02],[14.4869,45.0333],[14.4797,45.0375],[14.4636,45.0481],[14.4394,45.0675],[14.4333,45.0725],[14.4289,45.0783],[14.4281,45.0861],[14.4292,45.0903],[14.4641,45.1246],[14.5237,45.145],[14.5392,45.2394],[14.5492,45.2461],[14.5525,45.2483],[14.5578,45.2481],[14.5831,45.2419],[14.5881,45.2406],[14.5917,45.2386],[14.5956,45.2322],[14.6578,45.1228],[14.7042,45.0683],[14.7925,45.0092],[14.8067,44.9964],[14.8133,44.9878],[14.8156,44.9806],[14.8144,44.9767],[14.805,44.9694],[14.7606,44.9425],[14.7558,44.9414],[14.7336,44.94],[14.7214,44.9403],[14.6983,44.9478]]],[[[14.4657,44.8092],[14.4592,44.7806],[14.4739,44.7602],[14.4706,44.7406],[14.4755,44.7006],[14.5064,44.6708],[14.5292,44.6403],[14.5314,44.6333],[14.53,44.6306],[14.5183,44.6153],[14.5153,44.6128],[14.4933,44.6064],[14.4881,44.6058],[14.4839,44.6078],[14.4511,44.6264],[14.3894,44.695],[14.3889,44.7324],[14.3742,44.7488],[14.3652,44.7978],[14.3314,44.8497],[14.3162,44.8868],[14.2941,44.9072],[14.2966,44.9318],[14.3088,44.9473],[14.3394,44.9172],[14.3433,44.915],[14.3592,44.9078],[14.365,44.9069],[14.3875,44.9058],[14.3928,44.9067],[14.3969,44.9081],[14.3992,44.9111],[14.4003,44.9153],[14.3925,44.9561],[14.3572,45.0386],[14.3539,45.0453],[14.3517,45.0483],[14.3431,45.0555],[14.3392,45.0578],[14.3211,45.0639],[14.3139,45.0681],[14.3081,45.0731],[14.2753,45.1033],[14.2736,45.115],[14.2733,45.1192],[14.2761,45.1267],[14.3058,45.1675],[14.3117,45.1728],[14.3153,45.175],[14.32,45.1758],[14.3483,45.1683],[14.3578,45.1653],[14.3636,45.1606],[14.3697,45.1514],[14.3686,45.1472],[14.365,45.1453],[14.3622,45.1425],[14.3581,45.1361],[14.3539,45.1192],[14.3589,45.1011],[14.3769,45.0525],[14.41,45.0047],[14.4189,44.993],[14.4264,44.9847],[14.4641,44.9824],[14.4763,44.9595],[14.4624,44.9505],[14.4551,44.9097],[14.4453,44.8787],[14.4594,44.8275],[14.4657,44.8092]]],[[[14.8252,44.7623],[14.8619,44.7217],[14.8653,44.7067],[14.8611,44.7053],[14.8467,44.7025],[14.8408,44.7033],[14.8367,44.705],[14.7411,44.7628],[14.6998,44.764],[14.6593,44.7947],[14.688,44.7953],[14.6998,44.8066],[14.7269,44.7972],[14.7103,44.8203],[14.6953,44.8294],[14.6867,44.8369],[14.685,44.8403],[14.6869,44.8433],[14.7236,44.8533],[14.745,44.8475],[14.7589,44.8386],[14.7573,44.8038],[14.7787,44.7925],[14.8252,44.7623]]],[[[14.5167,44.4733],[14.5111,44.4742],[14.3675,44.5903],[14.3478,44.6553],[14.3361,44.6992],[14.3353,44.7072],[14.3375,44.7103],[14.3433,44.7103],[14.3806,44.6978],[14.385,44.6961],[14.3908,44.6914],[14.3931,44.6883],[14.3953,44.6814],[14.3956,44.6731],[14.3939,44.6594],[14.3942,44.63],[14.3967,44.6231],[14.4072,44.6039],[14.4161,44.5922],[14.4264,44.5817],[14.4767,44.5358],[14.4897,44.5267],[14.5042,44.5225],[14.5158,44.5125],[14.5306,44.4978],[14.5344,44.4917],[14.5344,44.4875],[14.53,44.4772],[14.5219,44.4742],[14.5167,44.4733]]]]}},{"type":"Feature","properties":{"NAME":"Syria (France)","ABBREVN":"Syria","SUBJECTO":"France","BORDERPRECISION":3,"PARTOF":"Syria (France)"},"geometry":{"type":"MultiPolygon","coordinates":[[[[38.7753,33.1659],[36.8357,32.2714],[35.8663,32.7464],[35.688,32.7106],[35.7022,32.7194],[35.6652,32.7578],[35.6864,32.8128],[35.6771,32.8952],[35.5866,32.9528],[35.5044,33.1085],[35.473,33.119],[35.4332,33.1007],[35.4029,33.014],[35.3991,32.9384],[35.2391,32.907],[35.2076,32.9515],[35.1392,32.9617],[34.972,32.9384],[35.089,33.0693],[35.1323,33.2315],[35.2084,33.3336],[35.3561,33.6398],[35.3486,33.7445],[35.4299,33.7445],[35.4919,33.8308],[35.5244,33.9748],[35.5321,34.1187],[35.7162,34.3124],[35.821,34.3438],[35.8731,34.4223],[35.8519,34.4929],[35.7508,34.7468],[35.8089,35.0138],[35.8414,35.0426],[35.7964,35.2707],[35.6073,35.4175],[35.664,35.4595],[35.6804,35.5277],[35.7332,35.5854],[35.6914,35.685],[35.7395,35.6903],[35.8559,35.8345],[35.8291,35.8848],[35.7185,36.0916],[35.6649,36.1335],[35.7086,36.2122],[35.8172,36.301],[36.0953,36.4825],[36.1045,36.5612],[36.0824,36.6215],[35.9617,36.7426],[36.7398,38.3294],[36.9339,38.7254],[39.3508,39.0715],[40.1968,38.2678],[40.8617,38.0556],[41.3568,37.8292],[44.2052,37.8674],[44.3009,37.8043],[44.4918,37.7543],[44.4268,37.6442],[44.4712,37.4546],[44.6601,37.2862],[44.7842,37.2704],[44.7946,37.1318],[44.6114,37.1388],[44.4165,36.9641],[44.343,36.9072],[44.1998,36.9545],[44.1537,37.0756],[44.1674,37.192],[44.0438,37.2598],[43.8793,37.2967],[43.7695,37.1914],[43.6151,37.2017],[43.2504,37.2704],[43.0865,37.256],[42.9498,37.3283],[42.7533,37.286],[42.6337,37.2217],[42.53,37.202],[42.5565,37.0939],[42.1316,36.6967],[41.9257,36.53],[41.5362,36.4514],[41.3969,36.3552],[41.293,36.1954],[41.289,36.0808],[41.373,35.8522],[41.384,35.6423],[41.1191,34.4266],[38.7536,33.2067],[38.7753,33.1659]]]]}},{"type":"Feature","properties":{"NAME":"Mesopotamia (GB)","ABBREVN":"Mesopotamia","SUBJECTO":"United Kingdom of Great Britain and Ireland","BORDERPRECISION":3,"PARTOF":"Mesopotamia (GB)"},"geometry":{"type":"MultiPolygon","coordinates":[[[[47.9359,29.8014],[47.996,29.4903],[47.8449,29.5032],[47.614,29.2722],[47.8036,29.1849],[47.9915,29.2775],[48.1291,29.2682],[48.4435,28.4402],[48.1536,28.4206],[47.6721,28.4432],[47.589,28.5507],[47.4386,28.8293],[47.2553,28.8536],[47.204,28.8616],[46.5092,28.9701],[44.6879,29.0295],[43.9873,29.3431],[43.6216,29.468],[43.5685,29.582],[43.5475,29.9503],[43.6006,30.1284],[43.5399,30.2932],[43.1024,30.2717],[43.039,30.3031],[42.859,30.5879],[42.7432,30.6761],[41.6451,31.1716],[41.132,31.3846],[40.217,31.805],[39.8762,31.9047],[39.3684,32.1114],[39.3265,32.1365],[39.1196,31.9385],[39.0041,31.8616],[38.5674,31.7448],[37.4037,31.4651],[37.113,31.3618],[37.629,30.7677],[37.943,30.3693],[37.599,30.0434],[37.3937,29.877],[37.2854,29.8446],[36.7235,29.6953],[36.6565,29.6069],[36.5157,29.421],[36.077,29.0691],[35.1418,29.2035],[35.0721,29.2114],[35.0955,29.3427],[35.0734,29.4189],[34.9847,29.4672],[35.0332,29.5459],[35.1642,29.9596],[35.1577,30.328],[35.3904,30.8184],[35.5251,31.2194],[35.5234,31.4036],[35.5831,31.5309],[35.6147,31.8678],[35.6298,32.249],[35.6573,32.3273],[35.6695,32.4524],[35.64,32.6374],[35.6564,32.6911],[35.688,32.7106],[35.8663,32.7464],[36.8357,32.2714],[38.7753,33.1659],[38.7536,33.2067],[41.1191,34.4266],[41.384,35.6423],[41.373,35.8522],[41.289,36.0808],[41.293,36.1954],[41.3969,36.3552],[41.5362,36.4514],[41.9257,36.53],[42.1316,36.6967],[42.5565,37.0939],[42.53,37.202],[42.6337,37.2217],[42.7533,37.286],[42.9498,37.3283],[43.0865,37.256],[43.2504,37.2704],[43.6151,37.2017],[43.7695,37.1914],[43.8793,37.2967],[44.0438,37.2598],[44.1674,37.192],[44.1537,37.0756],[44.1998,36.9545],[44.343,36.9072],[44.4165,36.9641],[44.6114,37.1388],[44.7946,37.1318],[45.1051,36.5032],[45.3587,36.0145],[45.3881,35.9256],[45.7304,35.832],[46.211,35.7838],[46.0007,35.5154],[45.9949,35.4009],[46.1844,35.0584],[45.6709,34.6173],[45.565,34.2738],[45.505,33.8798],[45.5062,33.7973],[45.6464,33.6393],[46.1051,33.2101],[46.0899,32.8417],[46.124,32.772],[46.2684,32.8236],[46.5085,32.8123],[47.0676,32.3963],[47.2636,32.3022],[47.612,32.0311],[47.7424,31.9048],[47.793,31.7972],[47.7869,31.5685],[47.6982,31.2886],[47.6733,31.0281],[47.6887,30.8821],[47.9367,30.8835],[48.0335,30.8777],[48.107,30.6686],[48.1104,30.4908],[48.0813,30.3953],[48.3898,30.1494],[48.5474,30.0487],[48.5536,29.9946],[48.5106,29.9932],[48.2118,29.9481],[48.0283,29.9731],[47.9572,29.9476],[47.9114,29.8903],[47.9359,29.8014]]]]}},{"type":"Feature","properties":{"NAME":null,"ABBREVN":null,"SUBJECTO":null,"BORDERPRECISION":3,"PARTOF":null},"geometry":{"type":"MultiPolygon","coordinates":[[[[26.0298,40.6635],[27.0339,41.3191],[28.07,41.6248],[28.1044,41.593],[28.3715,41.4331],[28.7402,41.3248],[29.0124,41.2548],[29.0811,41.2005],[28.9645,40.9892],[28.8278,40.9147],[28.5962,40.947],[28.1733,41.0579],[28.0264,41.0262],[27.9322,40.9575],[27.4742,40.9628],[27.313,40.7899],[27.2638,40.6672],[26.8889,40.5247],[26.6136,40.398],[26.5139,40.282],[26.3759,40.2134],[26.2552,40.0816],[26.1409,40.0447],[26.2143,40.1607],[26.2228,40.224],[26.1948,40.3031],[26.4575,40.435],[26.5565,40.4983],[26.4548,40.5843],[26.4181,40.5778],[26.124,40.6028],[26.0298,40.6635]]]]}},{"type":"Feature","properties":{"NAME":null,"ABBREVN":null,"SUBJECTO":null,"BORDERPRECISION":3,"PARTOF":null},"geometry":{"type":"MultiPolygon","coordinates":[[[[36.6565,29.6069],[36.7235,29.6953],[37.2854,29.8446],[37.3937,29.877],[37.599,30.0434],[37.943,30.3693],[37.629,30.7677],[37.113,31.3618],[37.4037,31.4651],[38.5674,31.7448],[39.0041,31.8616],[39.1196,31.9385],[39.3265,32.1365],[39.3684,32.1114],[39.8762,31.9047],[40.217,31.805],[41.132,31.3846],[41.6451,31.1716],[42.7432,30.6761],[42.859,30.5879],[43.039,30.3031],[43.1024,30.2717],[43.5399,30.2932],[43.6006,30.1284],[43.5475,29.9503],[43.5685,29.582],[43.6216,29.468],[43.9873,29.3431],[44.6879,29.0295],[46.5092,28.9701],[47.204,28.8616],[42.9029,26.4751],[42.8736,27.0451],[40.9782,27.9966],[39.5478,27.617],[39.1305,26.207],[36.6565,29.6069]]]]}},{"type":"Feature","properties":{"NAME":"Emirate of Bin Shal'an","ABBREVN":"Emirate of Bin Shal'an","SUBJECTO":"Emirate of Bin Shal'an","BORDERPRECISION":3,"PARTOF":"Emirate of Bin Shal'an"},"geometry":{"type":"MultiPolygon","coordinates":[[[[39.8812,24.7985],[40.0239,24.8777],[40.2809,24.6801],[41.4431,24.6801],[42.9809,24.9561],[42.9029,26.4751],[47.204,28.8616],[47.2553,28.8536],[47.4386,28.8293],[47.589,28.5507],[47.6721,28.4432],[48.1536,28.4206],[48.4435,28.4402],[48.4627,28.3859],[48.5875,28.0939],[48.7517,27.8719],[48.8318,27.5735],[48.855,27.5227],[49.1319,27.536],[49.2435,27.479],[49.1519,27.3725],[49.2392,27.2885],[49.3216,27.1616],[49.4273,27.131],[49.5325,27.0095],[49.9314,26.9341],[50.1218,26.7376],[50.0902,26.6115],[49.984,26.5957],[49.9342,26.4831],[50.0762,26.3118],[49.992,26.0448],[49.9369,25.9558],[50.0114,25.8352],[50.1469,25.5356],[50.2143,25.5881],[50.3819,25.4612],[50.4292,25.184],[50.6189,24.8709],[50.6065,24.6802],[50.7059,24.5597],[50.7783,24.4709],[50.9074,24.4331],[50.9683,24.4362],[51.1198,24.3987],[51.5889,23.4096],[51.8355,22.8901],[51.9529,22.4842],[53.4661,22.3151],[54.9901,22.1144],[55.3674,22.0657],[55.6301,22.2769],[55.6988,22.3027],[55.9602,21.8913],[56.0302,21.2374],[53.6244,19.8956],[52.5674,19.3494],[51.8061,18.9829],[51.7298,18.9443],[51.2134,18.7888],[49.8196,18.3232],[47.7417,17.6185],[47.5234,17.5156],[47.5049,17.4583],[47.3327,17.2794],[46.4746,16.2577],[45.7757,15.3449],[39.8812,24.7985]]]]}},{"type":"Feature","properties":{"NAME":"Hail","ABBREVN":"Hail","SUBJECTO":"Hail","BORDERPRECISION":3,"PARTOF":"Hail"},"geometry":{"type":"MultiPolygon","coordinates":[[[[40.2809,24.6801],[38.9756,25.6834],[39.5478,27.617],[40.9782,27.9966],[42.8736,27.0451],[42.9809,24.9561],[41.4431,24.6801],[40.2809,24.6801]]]]}},{"type":"Feature","properties":{"NAME":"Greece","ABBREVN":"Greece","SUBJECTO":"Greece","BORDERPRECISION":3,"PARTOF":"Greece"},"geometry":{"type":"MultiPolygon","coordinates":[[[[27.0339,41.3191],[26.0298,40.6635],[26.0207,40.6693],[25.9929,40.8525],[25.6357,40.8774],[25.3011,40.8959],[25.0463,40.9523],[25.0189,41.0171],[24.8121,40.9334],[24.7007,40.8783],[24.5191,40.8731],[24.505,40.9841],[24.3543,40.971],[24.2191,40.8297],[24.0252,40.7464],[23.886,40.7329],[23.7484,40.8044],[23.6347,40.7728],[23.633,40.7132],[23.7091,40.63],[23.7852,40.4772],[23.9237,40.4508],[24.2954,40.1765],[24.2206,40.1448],[24.0548,40.2609],[24.0478,40.3084],[23.9235,40.3453],[23.7748,40.3928],[23.7222,40.3482],[23.6272,40.3453],[23.6588,40.2873],[23.6517,40.2292],[23.8037,40.1554],[23.8687,40.1607],[23.9201,40.0552],[23.9066,39.9972],[23.796,39.9867],[23.5958,40.1923],[23.4425,40.2556],[23.3491,40.282],[23.2918,40.2873],[23.2931,40.2451],[23.2591,40.2292],[23.321,40.1554],[23.3668,40.1079],[23.4365,40.0447],[23.5233,40.0183],[23.5922,40.0025],[23.6386,39.9603],[23.5969,39.9341],[23.3744,39.9551],[23.2605,39.9709],[23.2763,40.0499],[23.2148,40.1818],[23.1411,40.2662],[22.9602,40.3147],[22.7481,40.4825],[22.8639,40.5352],[22.8755,40.5963],[22.8519,40.6513],[22.77,40.6672],[22.7013,40.5774],[22.4921,40.4983],[22.6023,40.3972],[22.4896,40.2305],[22.4674,40.1185],[22.5256,40.0642],[22.5551,39.9867],[22.6951,39.8345],[22.7545,39.8183],[22.8134,39.6027],[23.0742,39.4135],[23.2361,39.2032],[23.1585,39.1401],[23.0519,39.1033],[23.0998,39.1874],[23.0453,39.2715],[22.9813,39.3293],[22.919,39.3451],[22.8509,39.3661],[22.7203,39.2873],[22.7661,39.2028],[22.8349,39.1664],[22.8711,39.0243],[22.7842,38.9403],[22.4905,38.8769],[22.6023,38.8562],[22.7233,38.7932],[22.8994,38.7669],[22.9842,38.667],[23.0998,38.6723],[23.1695,38.667],[23.191,38.6103],[23.3562,38.4895],[23.4938,38.4831],[23.5558,38.3518],[23.6828,38.3465],[23.8039,38.3465],[23.9607,38.2099],[23.967,38.1521],[23.88,38.1154],[23.9873,37.7634],[23.9182,37.6846],[23.8355,37.6846],[23.7337,37.8579],[23.6341,37.879],[23.5407,38.0041],[23.4957,38.0681],[23.4193,38.0681],[23.1958,38.005],[22.9806,37.9578],[22.8981,37.9],[23.04,37.858],[23.0454,37.7736],[23.0489,37.6426],[23.1514,37.5901],[23.2205,37.6018],[23.3217,37.6374],[23.3122,37.5481],[23.4181,37.4693],[23.185,37.4273],[23.1858,37.3748],[23.1096,37.3466],[22.971,37.3853],[23.0253,37.4798],[22.9421,37.5184],[22.7133,37.5434],[22.6423,37.5849],[22.6387,37.4923],[22.7262,37.2885],[22.8133,37.2121],[22.7931,37.1386],[22.8869,37.0467],[22.9826,36.6148],[22.6736,36.7543],[22.5244,36.7221],[22.3903,36.5244],[22.1914,36.8552],[21.9842,37.0205],[21.7809,36.8225],[21.5882,36.9814],[21.5314,37.1151],[21.6265,37.3065],[21.6137,37.4148],[21.5173,37.5358],[21.2963,37.7265],[21.2211,37.8284],[21.2284,37.9049],[21.4405,38.1795],[21.7145,38.1354],[21.9058,38.2697],[21.9967,38.2508],[22.7472,37.9526],[22.8987,37.9976],[23.1163,38.1574],[22.9967,38.1793],[22.8756,38.2046],[22.3337,38.4267],[21.8265,38.464],[21.6613,38.4381],[21.3645,38.412],[21.1724,38.3478],[20.7718,38.8509],[20.8926,38.8958],[21.0065,38.8705],[21.1047,38.9218],[21.1595,39.0048],[21.0072,39.113],[20.9011,39.0617],[20.6778,39.0804],[20.2118,39.4049],[20.1224,39.551],[20.3847,39.9486],[20.6079,40.1609],[20.7889,40.3348],[20.9912,40.7138],[21.0316,40.7268],[21.3953,40.7608],[21.6684,40.8264],[21.8457,41.0196],[22.0102,41.0911],[22.1729,41.0727],[22.4526,41.0486],[22.6924,41.1589],[22.9202,41.2307],[22.961,41.2437],[23.7956,41.3317],[24.1554,41.4491],[24.4181,41.4762],[25.0809,41.249],[25.3593,41.1544],[25.5337,41.1681],[26.0364,41.2927],[26.0752,41.4083],[26.0318,41.5556],[26.1863,41.6527],[26.3499,41.6408],[26.5738,41.8409],[26.8571,42.0093],[27.0807,42.0298],[27.3179,41.9797],[27.918,41.9777],[28.0262,41.8824],[28.0182,41.7532],[28.0698,41.625],[28.07,41.6248],[27.0339,41.3191]]],[[[28.3627,38.9241],[28.3893,38.0081],[27.184,37.3564],[27.1604,37.3601],[27.1226,37.4939],[27.1411,37.6469],[27.1798,37.7744],[27.1398,37.8891],[26.9614,37.9461],[26.6793,38.1049],[26.5123,38.0663],[26.3932,38.1044],[26.3916,38.2191],[26.4687,38.4448],[26.5274,38.4182],[26.7425,38.2784],[26.9974,38.4001],[26.8197,38.5273],[26.8288,38.583],[26.6957,38.6408],[26.7095,38.6986],[26.9664,38.7699],[27.0349,38.8211],[27.0042,38.8848],[26.9368,38.9246],[26.7853,38.9403],[26.7898,39.0244],[26.8708,39.056],[26.7971,39.1296],[26.7079,39.1821],[26.7041,39.2505],[26.6022,39.2557],[26.7202,39.3372],[26.8535,39.4608],[26.9262,39.4765],[26.9447,39.5191],[27.3922,39.6546],[27.5129,39.5638],[28.3627,38.9241]]],[[[23.7898,38.7186],[24.1319,38.6534],[24.2079,38.5524],[24.2915,38.1948],[24.588,38.1529],[24.5272,37.9674],[24.3143,37.9853],[24.1927,38.1529],[24.0254,38.3857],[23.6605,38.4036],[23.5997,38.4572],[23.6377,38.5226],[23.4629,38.6237],[23.1208,38.8668],[22.8699,38.8372],[23.0143,38.9614],[23.2424,39.0441],[23.4097,38.9437],[23.7898,38.7186]]],[[[24.0132,35.2104],[23.7856,35.2629],[23.5677,35.255],[23.5131,35.276],[23.4669,35.3179],[23.5294,35.5696],[23.6715,35.5722],[23.6691,35.6116],[23.6651,35.6667],[23.6967,35.6981],[23.7337,35.6273],[23.7429,35.5618],[23.8795,35.5524],[23.9568,35.5277],[24.039,35.5618],[24.0333,35.5985],[24.0819,35.6116],[24.1527,35.5644],[24.1358,35.5224],[24.0915,35.5198],[24.0733,35.4962],[24.1132,35.4857],[24.1777,35.47],[24.2197,35.449],[24.2296,35.3913],[24.3883,35.373],[24.7686,35.428],[24.9975,35.421],[25.0136,35.3625],[25.1001,35.3467],[25.374,35.3179],[25.5116,35.2948],[25.6732,35.3494],[25.7135,35.327],[25.6685,35.1868],[25.7418,35.137],[25.789,35.137],[25.9355,35.213],[26.0642,35.2392],[26.0994,35.2156],[26.1688,35.2471],[26.2735,35.3127],[26.236,35.2288],[26.2427,35.1449],[26.1605,35.0243],[25.8987,35.0453],[25.7417,35.0089],[25.5907,35.0164],[24.6935,34.9405],[24.7156,35.0348],[24.6901,35.0924],[24.3244,35.2078],[24.0132,35.2104]]],[[[25.7664,36.3376],[25.7131,36.3498],[25.7359,36.3865],[25.7892,36.4049],[25.8728,36.3559],[25.7664,36.3376]]],[[[25.4927,36.3314],[25.3862,36.3192],[25.3178,36.3988],[25.333,36.4599],[25.371,36.4966],[25.4927,36.4232],[25.4927,36.3314]]],[[[26.0248,36.9597],[26.0856,36.8989],[25.9564,36.8442],[25.8348,36.7833],[25.7511,36.7833],[25.7511,36.8138],[25.8576,36.8381],[25.9488,36.9111],[26.0248,36.9597]]],[[[24.6792,36.759],[24.4664,36.6493],[24.2991,36.7529],[24.4284,36.7955],[24.588,36.8685],[24.6792,36.759]]],[[[24.9757,36.6371],[24.9453,36.5699],[24.8237,36.6371],[24.8237,36.6614],[24.8769,36.6797],[24.9757,36.6371]]],[[[25.105,36.6371],[25.0593,36.6187],[25.0441,36.6614],[25.1658,36.7407],[25.1962,36.6736],[25.105,36.6371]]],[[[25.4319,36.698],[25.3862,36.6371],[25.2646,36.7041],[25.2418,36.7529],[25.2494,36.759],[25.295,36.8077],[25.4319,36.698]]],[[[24.4284,37.2083],[24.5348,37.1175],[24.4436,37.0993],[24.4284,37.2083]]],[[[24.2611,37.5406],[24.2991,37.6611],[24.398,37.6671],[24.3827,37.5707],[24.2611,37.5406]]],[[[24.3599,37.3958],[24.398,37.4682],[24.4892,37.3958],[24.3599,37.3052],[24.3599,37.3958]]],[[[24.8465,37.3656],[24.8617,37.5286],[24.9453,37.5105],[25.0441,37.3777],[24.8465,37.3656]]],[[[25.4699,37.4381],[25.3178,37.4018],[24.9225,37.6912],[24.6564,37.9014],[24.7629,38.0033],[25.2722,37.5647],[25.4699,37.4381]]],[[[24.6792,36.905],[24.6488,37.0143],[24.7172,37.0508],[24.7857,36.9475],[24.6792,36.905]]],[[[25.1126,36.9415],[24.9377,36.9597],[25.1506,37.172],[25.3102,37.1962],[25.3102,37.0022],[25.1126,36.9415]]],[[[25.5991,37.0265],[25.5459,36.9597],[25.4547,36.9232],[25.3634,37.0083],[25.3406,37.0871],[25.3786,37.1175],[25.5383,37.2204],[25.6067,37.1235],[25.5991,37.0265]]]]}},{"type":"Feature","properties":{"NAME":null,"ABBREVN":null,"SUBJECTO":null,"BORDERPRECISION":3,"PARTOF":null},"geometry":{"type":"MultiPolygon","coordinates":[[[[30.3047,41.1703],[30.3206,40.8168],[29.5952,40.1751],[28.5561,40.0375],[28.0555,39.9712],[27.5129,39.5638],[27.3922,39.6546],[26.9447,39.5191],[26.9575,39.5483],[26.8043,39.5672],[26.5462,39.5133],[26.139,39.4397],[26.0641,39.4555],[26.0849,39.604],[26.1419,39.6606],[26.1407,39.75],[26.1276,39.8786],[26.186,39.9972],[26.3203,39.9919],[26.4031,40.1765],[26.4817,40.187],[26.7653,40.3769],[26.9965,40.3717],[27.0561,40.4297],[27.2718,40.4508],[27.3292,40.3558],[27.4496,40.3098],[27.526,40.2971],[27.7639,40.2873],[27.8302,40.3453],[27.7998,40.4033],[27.6793,40.4614],[27.8078,40.5036],[27.9538,40.4877],[28.0065,40.4508],[27.9082,40.3506],[28.004,40.3621],[28.4777,40.3951],[28.7564,40.3765],[28.9268,40.3558],[29.0524,40.3347],[29.1223,40.4139],[29.0835,40.4561],[28.8732,40.4719],[28.778,40.5247],[28.9016,40.6201],[29.5252,40.6883],[29.7131,40.6936],[29.8827,40.7464],[29.6834,40.7516],[29.4172,40.7411],[29.3204,40.7411],[29.2896,40.8067],[29.0145,40.9787],[29.1612,41.2164],[29.5778,41.1534],[30.1376,41.1318],[30.2561,41.1847],[30.3047,41.1703]]]]}},{"type":"Feature","properties":{"NAME":"Ottoman Sultanate","ABBREVN":"Ottoman Sultanate","SUBJECTO":"Ottoman Sultanate","BORDERPRECISION":3,"PARTOF":"Ottoman Sultanate"},"geometry":{"type":"MultiPolygon","coordinates":[[[[33.2172,38.3105],[29.3137,39.528],[28.5561,40.0375],[29.5952,40.1751],[30.3206,40.8168],[30.3047,41.1703],[30.7448,41.0403],[31.2177,41.0541],[31.4041,41.1635],[31.3857,41.285],[31.6664,41.3948],[31.8713,41.4914],[32.419,41.7492],[32.6879,41.846],[33.1555,41.9496],[33.5555,41.9825],[33.8967,41.9511],[34.3039,41.8941],[34.6629,41.8756],[35.0019,42.0432],[35.0988,41.8059],[35.2861,41.6715],[35.4114,41.6268],[35.6779,41.6209],[35.9578,41.6856],[36.1614,41.3525],[36.3829,41.2375],[36.6412,41.315],[36.817,41.2897],[37.2528,41.0277],[37.8218,41.0096],[38.314,40.9209],[38.6512,40.9216],[38.8787,40.9789],[39.348,39.0741],[39.3508,39.0715],[36.9339,38.7254],[36.7398,38.3294],[34.7476,38.2834],[33.2172,38.3105]]]]}},{"type":"Feature","properties":{"NAME":"Italy","ABBREVN":"Italy","SUBJECTO":"Italy","BORDERPRECISION":3,"PARTOF":"Italy"},"geometry":{"type":"MultiPolygon","coordinates":[[[[27.7303,35.9133],[27.7286,35.9167],[27.7222,35.9297],[27.7192,35.9408],[27.7214,35.9494],[27.7308,35.9789],[27.7408,36.1044],[27.7197,36.1661],[27.7889,36.2517],[27.8031,36.2683],[27.8058,36.2706],[27.8761,36.3197],[27.8958,36.3322],[27.9092,36.3397],[28.0683,36.405],[28.1075,36.4186],[28.2072,36.4425],[28.2108,36.4525],[28.2128,36.4555],[28.2158,36.4578],[28.2192,36.4569],[28.2258,36.453],[28.2339,36.4414],[28.238,36.4311],[28.2069,36.3436],[28.1869,36.3],[28.1414,36.2105],[28.1228,36.1858],[28.0636,36.1119],[28.0092,36.0689],[27.9567,36.045],[27.9458,36.0347],[27.9317,36.0186],[27.9061,35.9881],[27.8989,35.9756],[27.8928,35.9608],[27.8656,35.9322],[27.8428,35.9136],[27.8394,35.9117],[27.7997,35.8933],[27.7867,35.8905],[27.7814,35.8903],[27.7686,35.8936],[27.7331,35.9111],[27.7303,35.9133]]],[[[26.9192,36.9467],[26.8819,37.0689],[26.8867,37.0733],[26.8908,37.0764],[26.9605,37.0561],[26.9858,37.0442],[27.0483,36.9936],[27.05,36.9906],[27.05,36.9492],[27.0494,36.9461],[27.0458,36.9442],[26.9756,36.9244],[26.9697,36.9244],[26.9464,36.9281],[26.9356,36.9322],[26.9192,36.9467]]],[[[26.9464,36.6792],[26.9231,36.7061],[26.9208,36.7089],[26.9186,36.7161],[26.9178,36.7553],[26.9219,36.7611],[27.0608,36.8372],[27.0642,36.8389],[27.1525,36.8814],[27.1681,36.8872],[27.1775,36.8889],[27.2844,36.9006],[27.3405,36.8853],[27.3467,36.8811],[27.3528,36.8722],[27.3556,36.8653],[27.3553,36.8589],[27.3442,36.8494],[27.3294,36.8428],[27.3025,36.8375],[27.2794,36.8342],[27.2433,36.8269],[27.2183,36.8197],[27.0361,36.7661],[27.028,36.7636],[26.9922,36.7514],[26.9806,36.7469],[26.9742,36.7428],[26.9719,36.7403],[26.9706,36.7364],[26.9664,36.7036],[26.9658,36.6817],[26.9714,36.6722],[26.9667,36.6725],[26.9531,36.6753],[26.9464,36.6792]]],[[[26.8494,37.0978],[26.8206,37.1106],[26.7694,37.1694],[26.7683,37.1733],[26.7692,37.1764],[26.778,37.1878],[26.7808,37.19],[26.7856,37.1908],[26.8206,37.1872],[26.855,37.1828],[26.8583,37.1811],[26.8606,37.1772],[26.8725,37.1506],[26.8889,37.1092],[26.8897,37.1017],[26.8892,37.0986],[26.8867,37.0967],[26.8639,37.0953],[26.8539,37.0967],[26.8494,37.0978]]],[[[34.7476,38.2834],[36.7398,38.3294],[35.9617,36.7426],[35.9568,36.7475],[35.8909,36.7711],[35.6717,36.6058],[35.5676,36.5874],[35.5062,36.5586],[35.5476,36.5402],[35.4946,36.4431],[35.4171,36.4326],[35.3887,36.4536],[35.3542,36.4142],[35.2205,36.388],[35.0714,36.4877],[34.8699,36.5769],[34.6624,36.6478],[34.4851,36.6268],[34.1032,36.3803],[33.9517,36.2516],[33.9541,36.1598],[33.891,36.1388],[33.8359,36.1073],[33.8337,36.0706],[33.7532,36.1466],[33.4817,36.0543],[33.1713,35.9709],[32.9041,35.9767],[32.6403,36.008],[32.335,36.1284],[31.902,36.4969],[31.3707,36.7123],[30.9053,36.7942],[30.5936,36.7617],[30.5401,36.647],[30.4967,36.373],[30.4728,36.1883],[30.3949,36.118],[30.2799,36.1178],[30.1661,36.1876],[29.662,36.0783],[29.4719,36.0907],[29.2982,36.1731],[29.0023,36.6948],[28.8135,36.5352],[28.4698,36.7383],[28.2669,36.7124],[28.0142,36.5272],[27.9119,36.6989],[27.9419,36.7563],[28.051,36.833],[27.9988,36.9094],[27.5535,36.9148],[27.3081,36.9207],[27.2686,37.0417],[27.5256,37.1314],[27.4925,37.2397],[27.3646,37.3286],[27.184,37.3564],[28.3893,38.0081],[28.3627,38.9241],[27.5129,39.5638],[28.0555,39.9712],[28.5561,40.0375],[29.3137,39.528],[33.2172,38.3105],[34.7476,38.2834]]]]}},{"type":"Feature","properties":{"NAME":null,"ABBREVN":null,"SUBJECTO":null,"BORDERPRECISION":3,"PARTOF":null},"geometry":{"type":"MultiPolygon","coordinates":[[[[-4.1533,53.2256],[-4.2181,53.2003],[-4.3256,53.145],[-4.3514,53.1244],[-4.4022,53.1258],[-4.4789,53.1767],[-4.4944,53.1894],[-4.5675,53.2733],[-4.5692,53.3881],[-4.5669,53.3914],[-4.56,53.3967],[-4.4747,53.4186],[-4.4292,53.4244],[-4.4231,53.425],[-4.4161,53.425],[-4.3139,53.4119],[-4.2925,53.4075],[-4.2836,53.4033],[-4.2769,53.3983],[-4.27,53.3886],[-4.2222,53.3217],[-4.1269,53.3106],[-4.1222,53.3119],[-4.1158,53.3125],[-4.11,53.3122],[-4.06,53.3055],[-4.0467,53.3033],[-4.0464,53.2997],[-4.09,53.255],[-4.1014,53.2478],[-4.1533,53.2256]]]]}},{"type":"Feature","properties":{"NAME":null,"ABBREVN":null,"SUBJECTO":null,"BORDERPRECISION":3,"PARTOF":null},"geometry":{"type":"MultiPolygon","coordinates":[[[[-5.1036,55.4386],[-5.1719,55.4294],[-5.2236,55.43],[-5.2317,55.4303],[-5.2369,55.4319],[-5.2833,55.4469],[-5.2928,55.4511],[-5.3403,55.475],[-5.3422,55.4772],[-5.3572,55.5042],[-5.4003,55.6006],[-5.4008,55.6089],[-5.4003,55.6178],[-5.3964,55.6289],[-5.3811,55.6686],[-5.3781,55.6717],[-5.3708,55.6769],[-5.33,55.6997],[-5.3256,55.7019],[-5.2953,55.7167],[-5.2656,55.7172],[-5.2519,55.7161],[-5.2392,55.7136],[-5.2283,55.7103],[-5.1983,55.6992],[-5.1853,55.6928],[-5.1681,55.6842],[-5.1603,55.6792],[-5.1547,55.6733],[-5.0853,55.5567],[-5.0839,55.5531],[-5.0747,55.4633],[-5.0744,55.4592],[-5.0758,55.4553],[-5.0789,55.4522],[-5.0933,55.4417],[-5.1036,55.4386]]]]}},{"type":"Feature","properties":{"NAME":null,"ABBREVN":null,"SUBJECTO":null,"BORDERPRECISION":3,"PARTOF":null},"geometry":{"type":"MultiPolygon","coordinates":[[[[-6.1217,55.8789],[-6.1031,55.8111],[-6.1019,55.8072],[-6.0975,55.7967],[-6.0933,55.79],[-6.0883,55.7839],[-6.0756,55.7775],[-6.0594,55.7722],[-6.0522,55.7672],[-6.05,55.7642],[-6.0303,55.7206],[-6.0247,55.6808],[-6.0275,55.6778],[-6.0383,55.67],[-6.0767,55.65],[-6.2289,55.5922],[-6.2744,55.5728],[-6.3006,55.5769],[-6.3172,55.5817],[-6.3256,55.5867],[-6.3275,55.5894],[-6.3219,55.6153],[-6.3208,55.6189],[-6.2858,55.7072],[-6.2531,55.7636],[-6.2511,55.7672],[-6.2514,55.7714],[-6.2544,55.7747],[-6.2592,55.7767],[-6.2653,55.7778],[-6.3253,55.7814],[-6.3317,55.7814],[-6.3378,55.7803],[-6.3456,55.775],[-6.3483,55.7714],[-6.3525,55.7647],[-6.3564,55.758],[-6.3606,55.7503],[-6.3675,55.7408],[-6.3797,55.7281],[-6.3931,55.7172],[-6.4108,55.7039],[-6.4494,55.6803],[-6.4625,55.6739],[-6.4733,55.67],[-6.485,55.6686],[-6.4914,55.6694],[-6.5014,55.6733],[-6.505,55.6767],[-6.5092,55.6822],[-6.51,55.6906],[-6.5,55.7214],[-6.4953,55.7336],[-6.4497,55.8486],[-6.4417,55.8536],[-6.3697,55.8694],[-6.3097,55.8636],[-6.1922,55.9164],[-6.1631,55.9275],[-6.1419,55.9336],[-6.1367,55.9344],[-6.1294,55.9336],[-6.1219,55.9289],[-6.1186,55.9217],[-6.1228,55.895],[-6.1217,55.8789]]]]}},{"type":"Feature","properties":{"NAME":null,"ABBREVN":null,"SUBJECTO":null,"BORDERPRECISION":3,"PARTOF":null},"geometry":{"type":"MultiPolygon","coordinates":[[[[-5.9469,55.83],[-5.9719,55.7883],[-6.0272,55.7917],[-6.0325,55.7931],[-6.0531,55.8003],[-6.0631,55.8039],[-6.0706,55.8083],[-6.0736,55.8117],[-6.0756,55.8156],[-6.0792,55.8267],[-6.0881,55.8775],[-6.0878,55.8817],[-6.0844,55.8942],[-6.0789,55.9055],[-5.9681,56.0236],[-5.9558,56.0305],[-5.9064,56.0583],[-5.9017,56.0608],[-5.8092,56.1097],[-5.755,56.1333],[-5.745,56.1375],[-5.7114,56.1503],[-5.7056,56.1508],[-5.6944,56.1472],[-5.685,56.1258],[-5.6844,56.1219],[-5.6844,56.1175],[-5.6861,56.1131],[-5.6908,56.1067],[-5.7025,56.0989],[-5.7081,56.0961],[-5.7169,56.0894],[-5.7303,56.078],[-5.7461,56.0636],[-5.7519,56.0569],[-5.8458,55.9494],[-5.9042,55.8825],[-5.9469,55.83]]]]}},{"type":"Feature","properties":{"NAME":null,"ABBREVN":null,"SUBJECTO":null,"BORDERPRECISION":3,"PARTOF":null},"geometry":{"type":"MultiPolygon","coordinates":[[[[-7.4669,56.9408],[-7.4753,56.9408],[-7.5153,56.9431],[-7.5306,56.9442],[-7.5503,56.9475],[-7.5594,56.9514],[-7.5606,56.9556],[-7.56,56.9603],[-7.5536,56.9664],[-7.4456,57.0555],[-7.4397,57.0544],[-7.4186,57.0439],[-7.4147,57.0414],[-7.3781,56.9822],[-7.3761,56.9786],[-7.4347,56.945],[-7.4392,56.9428],[-7.4669,56.9408]]]]}},{"type":"Feature","properties":{"NAME":null,"ABBREVN":null,"SUBJECTO":null,"BORDERPRECISION":3,"PARTOF":null},"geometry":{"type":"MultiPolygon","coordinates":[[[[-7.2231,57.3375],[-7.2311,57.3328],[-7.2461,57.3278],[-7.2522,57.3267],[-7.2589,57.3272],[-7.2853,57.3361],[-7.2881,57.3225],[-7.2592,57.1525],[-7.2147,57.1144],[-7.2153,57.1103],[-7.2258,57.0969],[-7.2303,57.0947],[-7.2656,57.1036],[-7.2872,57.1061],[-7.3033,57.1061],[-7.3336,57.1],[-7.3561,57.0992],[-7.3631,57.1],[-7.3814,57.1086],[-7.3867,57.1147],[-7.3925,57.125],[-7.3961,57.1319],[-7.4175,57.1825],[-7.4189,57.1867],[-7.4208,57.2183],[-7.425,57.3822],[-7.4222,57.3853],[-7.4122,57.3897],[-7.3681,57.4014],[-7.3356,57.3958],[-7.2858,57.3811],[-7.2719,57.3753],[-7.2672,57.3722],[-7.2244,57.3417],[-7.2231,57.3375]]]]}},{"type":"Feature","properties":{"NAME":null,"ABBREVN":null,"SUBJECTO":null,"BORDERPRECISION":3,"PARTOF":null},"geometry":{"type":"MultiPolygon","coordinates":[[[[-7.2689,57.3989],[-7.2833,57.3975],[-7.3136,57.3997],[-7.3203,57.4014],[-7.3781,57.4203],[-7.3881,57.4239],[-7.4047,57.4419],[-7.4094,57.4483],[-7.41,57.4522],[-7.4064,57.4642],[-7.4042,57.4678],[-7.4003,57.4703],[-7.3578,57.4883],[-7.3511,57.4894],[-7.3006,57.4836],[-7.2761,57.4806],[-7.2442,57.4764],[-7.2047,57.4608],[-7.2025,57.4575],[-7.2022,57.4189],[-7.2044,57.415],[-7.2394,57.4036],[-7.2447,57.4022],[-7.2689,57.3989]]]]}},{"type":"Feature","properties":{"NAME":null,"ABBREVN":null,"SUBJECTO":null,"BORDERPRECISION":3,"PARTOF":null},"geometry":{"type":"MultiPolygon","coordinates":[[[[-7.1886,57.6872],[-7.0753,57.6422],[-7.0675,57.6375],[-7.0658,57.6333],[-7.1475,57.515],[-7.1539,57.5094],[-7.1683,57.508],[-7.2336,57.5036],[-7.3147,57.5042],[-7.3214,57.5053],[-7.3261,57.5078],[-7.3275,57.5275],[-7.3253,57.5442],[-7.3478,57.5508],[-7.4117,57.5681],[-7.4556,57.5639],[-7.4678,57.5619],[-7.4769,57.5625],[-7.4861,57.5661],[-7.5364,57.5861],[-7.5403,57.5881],[-7.5433,57.5908],[-7.5433,57.5956],[-7.4914,57.6464],[-7.4839,57.6519],[-7.4728,57.655],[-7.4325,57.6533],[-7.275,57.6564],[-7.2711,57.6594],[-7.2447,57.6769],[-7.1972,57.6869],[-7.1886,57.6872]]]]}},{"type":"Feature","properties":{"NAME":null,"ABBREVN":null,"SUBJECTO":null,"BORDERPRECISION":3,"PARTOF":null},"geometry":{"type":"MultiPolygon","coordinates":[[[[-7.0064,57.8814],[-7.0736,57.8778],[-7.0778,57.88],[-7.0767,57.8928],[-7.0736,57.8961],[-7.0328,57.9156],[-7.0275,57.9169],[-7.0072,57.9197],[-6.9994,57.92],[-6.9936,57.9186],[-6.9942,57.9139],[-6.9975,57.8908],[-6.9989,57.8872],[-7.0064,57.8814]]]]}},{"type":"Feature","properties":{"NAME":null,"ABBREVN":null,"SUBJECTO":null,"BORDERPRECISION":3,"PARTOF":null},"geometry":{"type":"MultiPolygon","coordinates":[[[[-6.8022,58.203],[-6.8389,58.2019],[-6.8692,58.2039],[-6.8731,58.2064],[-6.8889,58.2444],[-6.89,58.2486],[-6.8897,58.2525],[-6.8817,58.2542],[-6.8603,58.2511],[-6.8542,58.25],[-6.8097,58.2286],[-6.7944,58.218],[-6.7914,58.2069],[-6.7944,58.2033],[-6.8022,58.203]]]]}},{"type":"Feature","properties":{"NAME":null,"ABBREVN":null,"SUBJECTO":null,"BORDERPRECISION":3,"PARTOF":null},"geometry":{"type":"MultiPolygon","coordinates":[[[[-6.2042,58.3561],[-6.2325,58.3178],[-6.2797,58.2878],[-6.3239,58.2636],[-6.3283,58.2379],[-6.3284,58.2354],[-6.3276,58.2334],[-6.3253,58.2318],[-6.3218,58.2308],[-6.2851,58.2229],[-6.2813,58.2223],[-6.2769,58.2228],[-6.2736,58.2236],[-6.2654,58.2274],[-6.2208,58.2336],[-6.2086,58.2408],[-6.1725,58.2583],[-6.1678,58.2606],[-6.16,58.2597],[-6.1481,58.2561],[-6.1469,58.2528],[-6.1583,58.2183],[-6.1644,58.2122],[-6.1722,58.2069],[-6.2247,58.1836],[-6.2638,58.1766],[-6.3291,58.1828],[-6.3667,58.1586],[-6.3747,58.1356],[-6.3769,58.1319],[-6.3822,58.1297],[-6.4972,58.0975],[-6.5481,58.0919],[-6.6011,58.085],[-6.6203,58.0819],[-6.6192,58.0783],[-6.5947,58.0783],[-6.4969,58.0875],[-6.4203,58.1022],[-6.4103,58.1056],[-6.4025,58.1058],[-6.3961,58.1047],[-6.3906,58.0986],[-6.3539,58.0331],[-6.3567,58.03],[-6.3861,58.0092],[-6.4578,57.968],[-6.4739,57.9483],[-6.4728,57.9442],[-6.4739,57.9403],[-6.5381,57.9164],[-6.5442,57.915],[-6.5706,57.9114],[-6.5775,57.9108],[-6.6211,57.9144],[-6.6281,57.9153],[-6.6531,57.92],[-6.6622,57.9242],[-6.6664,57.9269],[-6.6919,57.9581],[-6.6986,57.9675],[-6.7047,57.9867],[-6.7069,57.9989],[-6.7061,58.0075],[-6.6975,58.0214],[-6.6944,58.0244],[-6.6628,58.0444],[-6.6592,58.0467],[-6.6528,58.0483],[-6.6294,58.0483],[-6.6219,58.0478],[-6.615,58.0461],[-6.5986,58.0453],[-6.5936,58.0464],[-6.5903,58.05],[-6.5953,58.0525],[-6.6003,58.0539],[-6.6078,58.0547],[-6.67,58.0581],[-6.6783,58.0583],[-6.6844,58.0575],[-6.6892,58.055],[-6.7614,57.9983],[-6.7258,57.9544],[-6.7228,57.9511],[-6.7189,57.9492],[-6.7053,57.9469],[-6.6964,57.9425],[-6.685,57.9344],[-6.6797,57.9283],[-6.6775,57.9256],[-6.6647,57.9006],[-6.6606,57.8847],[-6.6622,57.8806],[-6.7353,57.8258],[-6.9608,57.7275],[-6.9656,57.7256],[-6.9725,57.7247],[-6.9783,57.7258],[-6.9839,57.7283],[-7.12,57.8142],[-7.1231,57.8175],[-7.1244,57.8208],[-7.1267,57.8333],[-7.1253,57.8378],[-7.1183,57.8381],[-7.1039,57.8367],[-7.0922,57.8328],[-7.0836,57.8247],[-7.0658,57.8208],[-7.0289,57.8322],[-6.8303,57.9008],[-6.8342,57.9036],[-6.8794,57.9325],[-6.935,57.9497],[-6.9461,57.9528],[-6.985,57.9594],[-6.9928,57.9592],[-7.0219,57.9519],[-7.0297,57.9522],[-7.0356,57.9533],[-7.0753,57.9625],[-7.1128,57.9839],[-7.1139,57.9872],[-7.0842,58.008],[-7.0556,58.0203],[-7.0578,58.0364],[-7.0939,58.0705],[-7.1267,58.1233],[-7.1283,58.1303],[-7.1281,58.1347],[-7.0944,58.1819],[-7.0592,58.2203],[-7.0556,58.2233],[-7.0406,58.2333],[-7.0319,58.2381],[-7.0081,58.2353],[-7.0011,58.2344],[-6.9197,58.2161],[-6.9081,58.2128],[-6.9058,58.2097],[-6.9081,58.2061],[-6.9203,58.2036],[-6.9361,58.188],[-6.8742,58.1111],[-6.8681,58.1061],[-6.8619,58.1039],[-6.86,58.1081],[-6.8733,58.1786],[-6.8052,58.1959],[-6.7504,58.1852],[-6.7447,58.1972],[-6.7866,58.2294],[-6.8081,58.2597],[-6.8178,58.28],[-6.8156,58.2847],[-6.7978,58.3022],[-6.6731,58.3492],[-6.6583,58.3494],[-6.6522,58.3486],[-6.6469,58.3419],[-6.5603,58.3597],[-6.5503,58.3633],[-6.3553,58.4575],[-6.3106,58.4792],[-6.2928,58.4883],[-6.2769,58.5083],[-6.2722,58.5106],[-6.2669,58.5125],[-6.2597,58.5128],[-6.2531,58.5117],[-6.2444,58.5086],[-6.2347,58.5042],[-6.2233,58.4964],[-6.1661,58.4253],[-6.1658,58.4206],[-6.2042,58.3561]]]]}},{"type":"Feature","properties":{"NAME":null,"ABBREVN":null,"SUBJECTO":null,"BORDERPRECISION":3,"PARTOF":null},"geometry":{"type":"MultiPolygon","coordinates":[[[[-2.9183,58.7319],[-2.9394,58.73],[-2.9481,58.7306],[-2.9578,58.7347],[-2.9706,58.7419],[-2.98,58.7503],[-3.0369,58.8181],[-3.0336,58.8208],[-3.0289,58.8231],[-3.01,58.8317],[-3.0044,58.8331],[-2.9747,58.8353],[-2.9161,58.8389],[-2.8992,58.8383],[-2.8942,58.8369],[-2.8864,58.8319],[-2.8778,58.8242],[-2.8767,58.8203],[-2.9139,58.7339],[-2.9183,58.7319]]]]}},{"type":"Feature","properties":{"NAME":null,"ABBREVN":null,"SUBJECTO":null,"BORDERPRECISION":3,"PARTOF":null},"geometry":{"type":"MultiPolygon","coordinates":[[[[-3.2314,58.7756],[-3.2889,58.7756],[-3.2958,58.7761],[-3.3008,58.7781],[-3.4311,58.8714],[-3.4331,58.8747],[-3.4331,58.8789],[-3.4181,58.9042],[-3.4122,58.9106],[-3.3981,58.9172],[-3.3492,58.9269],[-3.3356,58.9275],[-3.2331,58.8872],[-3.2283,58.885],[-3.2147,58.8742],[-3.1364,58.8042],[-3.1347,58.8008],[-3.1369,58.7867],[-3.1417,58.7847],[-3.1603,58.7811],[-3.1808,58.7792],[-3.2314,58.7756]]]]}},{"type":"Feature","properties":{"NAME":null,"ABBREVN":null,"SUBJECTO":null,"BORDERPRECISION":3,"PARTOF":null},"geometry":{"type":"MultiPolygon","coordinates":[[[[-2.7931,58.9514],[-2.7558,58.9178],[-2.8244,58.8789],[-2.8692,58.8933],[-2.97,58.9394],[-3.0083,58.94],[-3.0572,58.9358],[-3.1106,58.9281],[-3.1197,58.9233],[-3.1197,58.9192],[-3.1722,58.9108],[-3.1883,58.91],[-3.195,58.9111],[-3.3033,58.9458],[-3.3133,58.95],[-3.3456,58.9658],[-3.3611,58.9922],[-3.3631,58.9956],[-3.3681,59.01],[-3.3681,59.0142],[-3.3514,59.1064],[-3.3503,59.11],[-3.3175,59.1294],[-3.2778,59.14],[-3.2722,59.1414],[-3.2389,59.1461],[-3.2189,59.1486],[-3.2025,59.1486],[-3.1958,59.1472],[-3.0769,59.1217],[-3.0731,59.1192],[-2.9983,59.0697],[-2.9953,59.0667],[-2.9958,59.0558],[-2.9472,58.9983],[-2.8522,58.9756],[-2.7931,58.9514]]]]}},{"type":"Feature","properties":{"NAME":null,"ABBREVN":null,"SUBJECTO":null,"BORDERPRECISION":3,"PARTOF":null},"geometry":{"type":"MultiPolygon","coordinates":[[[[-2.6814,59.1958],[-2.6858,59.1842],[-2.6897,59.1867],[-2.6917,59.19],[-2.6936,59.1975],[-2.6925,59.2103],[-2.6906,59.2144],[-2.6844,59.2208],[-2.5928,59.2906],[-2.5556,59.3031],[-2.5344,59.305],[-2.4144,59.3136],[-2.4072,59.3139],[-2.4022,59.3128],[-2.4,59.3103],[-2.3972,59.3033],[-2.3903,59.2831],[-2.39,59.2797],[-2.4956,59.245],[-2.5708,59.2422],[-2.5772,59.2422],[-2.6206,59.2361],[-2.625,59.2336],[-2.6814,59.1958]]]]}},{"type":"Feature","properties":{"NAME":null,"ABBREVN":null,"SUBJECTO":null,"BORDERPRECISION":3,"PARTOF":null},"geometry":{"type":"MultiPolygon","coordinates":[[[[-2.89,59.2953],[-2.8497,59.2681],[-2.8531,59.2494],[-2.8775,59.2286],[-2.8731,59.2519],[-2.8731,59.2561],[-2.8769,59.2586],[-2.9367,59.2836],[-2.9586,59.2878],[-2.9656,59.2881],[-2.9719,59.2872],[-2.9764,59.2847],[-2.9742,59.2814],[-2.9769,59.2728],[-2.9881,59.2642],[-2.9922,59.2617],[-2.9992,59.2611],[-3.0033,59.2636],[-3.0283,59.285],[-3.0736,59.3242],[-3.0756,59.3275],[-3.0764,59.3314],[-3.0717,59.3314],[-3.0489,59.3292],[-2.8972,59.2997],[-2.89,59.2953]]]]}},{"type":"Feature","properties":{"NAME":null,"ABBREVN":null,"SUBJECTO":null,"BORDERPRECISION":3,"PARTOF":null},"geometry":{"type":"MultiPolygon","coordinates":[[[[-1.2961,60.4911],[-1.2867,60.4711],[-1.1639,60.4544],[-1.0414,60.4469],[-1.0372,60.4442],[-1.0378,60.44],[-1.0661,60.3581],[-1.1011,60.2758],[-1.1642,60.2583],[-1.1658,60.2619],[-1.1869,60.2697],[-1.195,60.2708],[-1.1989,60.2678],[-1.2006,60.2633],[-1.1981,60.2558],[-1.1856,60.2306],[-1.1806,60.225],[-1.1575,60.1947],[-1.1261,60.1517],[-1.1256,60.1478],[-1.1286,60.1442],[-1.1467,60.1319],[-1.1531,60.133],[-1.1631,60.1375],[-1.1706,60.1372],[-1.1872,60.1272],[-1.2122,60.1028],[-1.2206,60.0225],[-1.2603,59.8622],[-1.2625,59.8583],[-1.2686,59.8511],[-1.3069,59.8575],[-1.3719,59.8917],[-1.3781,59.9022],[-1.3778,59.9064],[-1.3317,59.9969],[-1.33,60.0],[-1.3264,60.0044],[-1.3225,60.0075],[-1.3164,60.0089],[-1.3114,60.0067],[-1.3081,60.0089],[-1.3058,60.0128],[-1.2683,60.0936],[-1.2631,60.1069],[-1.2611,60.1158],[-1.2603,60.1242],[-1.2617,60.1308],[-1.285,60.22],[-1.2914,60.2414],[-1.4033,60.2558],[-1.4103,60.255],[-1.4142,60.2519],[-1.4103,60.2494],[-1.3875,60.2372],[-1.3636,60.2297],[-1.3531,60.2089],[-1.3583,60.1925],[-1.4486,60.1511],[-1.4536,60.1525],[-1.4906,60.1678],[-1.5203,60.1814],[-1.5272,60.1869],[-1.5278,60.1908],[-1.5267,60.1944],[-1.5197,60.2011],[-1.5889,60.2158],[-1.6478,60.2247],[-1.655,60.2261],[-1.6647,60.2308],[-1.6744,60.2394],[-1.6781,60.2464],[-1.6931,60.2797],[-1.6928,60.2839],[-1.6914,60.2883],[-1.6669,60.2997],[-1.6553,60.3031],[-1.6283,60.3072],[-1.5967,60.3081],[-1.5897,60.3064],[-1.4747,60.315],[-1.4458,60.3186],[-1.4269,60.3214],[-1.3458,60.34],[-1.3203,60.3564],[-1.4458,60.4605],[-1.5022,60.4697],[-1.5536,60.4756],[-1.5583,60.4731],[-1.565,60.4731],[-1.6097,60.4742],[-1.6117,60.4767],[-1.61,60.4814],[-1.5931,60.5078],[-1.5469,60.5358],[-1.4161,60.605],[-1.4106,60.6069],[-1.3019,60.6367],[-1.2958,60.6347],[-1.2942,60.6311],[-1.2875,60.6133],[-1.2961,60.4911]]]]}},{"type":"Feature","properties":{"NAME":null,"ABBREVN":null,"SUBJECTO":null,"BORDERPRECISION":3,"PARTOF":null},"geometry":{"type":"MultiPolygon","coordinates":[[[[-1.0294,60.4958],[-1.1047,60.4856],[-1.1275,60.4864],[-1.14,60.4894],[-1.1428,60.4925],[-1.1703,60.5272],[-1.1825,60.595],[-1.1836,60.6028],[-1.1814,60.6236],[-1.1794,60.6325],[-1.1772,60.6367],[-1.11,60.7258],[-1.0986,60.73],[-1.0925,60.7314],[-1.0847,60.7317],[-1.0569,60.7308],[-0.9967,60.7247],[-0.9911,60.72],[-0.9825,60.6555],[-0.9828,60.6514],[-1.0178,60.5194],[-1.0192,60.515],[-1.0233,60.5031],[-1.0256,60.4989],[-1.0294,60.4958]]]]}},{"type":"Feature","properties":{"NAME":null,"ABBREVN":null,"SUBJECTO":null,"BORDERPRECISION":3,"PARTOF":null},"geometry":{"type":"MultiPolygon","coordinates":[[[[-0.8197,60.6889],[-0.835,60.6733],[-0.9356,60.6744],[-0.9586,60.6825],[-0.9656,60.688],[-0.9597,60.7114],[-0.9389,60.7944],[-0.8831,60.8422],[-0.8783,60.8444],[-0.8061,60.8406],[-0.7728,60.8311],[-0.7678,60.8289],[-0.7581,60.8178],[-0.7572,60.8139],[-0.7636,60.7933],[-0.8197,60.6889]]]]}},{"type":"Feature","properties":{"NAME":null,"ABBREVN":null,"SUBJECTO":null,"BORDERPRECISION":3,"PARTOF":null},"geometry":{"type":"MultiPolygon","coordinates":[[[[-6.6553,61.3894],[-6.6603,61.3883],[-6.6681,61.3894],[-6.7192,61.4075],[-6.8458,61.468],[-6.9583,61.5986],[-6.9628,61.6192],[-6.96,61.6228],[-6.9447,61.6367],[-6.9264,61.6414],[-6.9122,61.6436],[-6.8894,61.645],[-6.7289,61.5758],[-6.7244,61.5733],[-6.7094,61.5583],[-6.6553,61.4331],[-6.6417,61.4008],[-6.6422,61.3972],[-6.6553,61.3894]]],[[[-6.6042,61.8217],[-6.63,61.7611],[-6.6389,61.7505],[-6.6522,61.7428],[-6.7047,61.7775],[-6.8361,61.8178],[-6.8411,61.8175],[-6.8661,61.8375],[-6.9089,61.9011],[-6.9083,61.9047],[-6.9047,61.9078],[-6.8644,61.9075],[-6.8558,61.9069],[-6.7833,61.8969],[-6.7769,61.8953],[-6.6614,61.8589],[-6.6522,61.8539],[-6.6042,61.8261],[-6.6042,61.8217]]],[[[-7.0497,62.0678],[-7.055,62.0603],[-7.0628,62.0494],[-7.1653,62.0236],[-7.1858,62.0197],[-7.2017,62.0186],[-7.1917,62.0311],[-7.1922,62.0397],[-7.1936,62.0433],[-7.1983,62.05],[-7.2119,62.0575],[-7.2267,62.0644],[-7.2325,62.0647],[-7.2333,62.0603],[-7.2511,62.0428],[-7.3456,62.0522],[-7.3522,62.0539],[-7.3781,62.065],[-7.3817,62.0681],[-7.4311,62.1161],[-7.4339,62.1236],[-7.4344,62.1278],[-7.435,62.1403],[-7.4336,62.1436],[-7.4264,62.1447],[-7.2311,62.16],[-7.2233,62.1594],[-7.1631,62.1288],[-7.0561,62.0986],[-7.045,62.0944],[-7.0414,62.0914],[-7.0403,62.0878],[-7.0411,62.0831],[-7.0497,62.0678]]],[[[-6.7069,61.9375],[-6.7178,61.9333],[-6.7253,61.9344],[-6.7731,61.95],[-6.8692,61.9975],[-6.9611,62.0467],[-7.0346,62.1121],[-7.1303,62.1256],[-7.2322,62.1725],[-7.2347,62.1758],[-7.235,62.18],[-7.2336,62.1933],[-7.2328,62.1981],[-7.2108,62.2847],[-7.1956,62.3047],[-7.1922,62.3078],[-7.135,62.3039],[-7.1281,62.3022],[-7.0875,62.2908],[-7.0706,62.2847],[-7.0658,62.2822],[-7.0625,62.2792],[-7.0575,62.2725],[-7.0522,62.2575],[-7.045,62.2433],[-7.0425,62.24],[-7.0367,62.2336],[-6.9908,62.1931],[-6.9739,62.1825],[-6.9458,62.1681],[-6.9164,62.1539],[-6.8414,62.1244],[-6.735,62.0436],[-6.7247,62.035],[-6.7189,62.0286],[-6.6964,61.9794],[-6.6961,61.9753],[-6.7025,61.9403],[-6.7069,61.9375]]],[[[-6.62,62.2297],[-6.6236,62.2267],[-6.6322,62.2275],[-6.6581,62.2344],[-6.6814,62.2425],[-6.6858,62.245],[-6.7117,62.2939],[-6.7208,62.3314],[-6.6322,62.2592],[-6.6256,62.2533],[-6.6203,62.2381],[-6.6192,62.2344],[-6.62,62.2297]]],[[[-6.6575,62.0925],[-6.6575,62.0558],[-6.6697,62.0586],[-6.7528,62.0928],[-6.9219,62.1672],[-6.9481,62.1825],[-6.9642,62.1933],[-7.0111,62.2264],[-7.025,62.2378],[-7.0294,62.2444],[-7.0625,62.2958],[-7.0603,62.3136],[-6.9581,62.3392],[-6.9503,62.3381],[-6.9381,62.3342],[-6.8072,62.2903],[-6.735,62.26],[-6.6011,62.1969],[-6.5978,62.1942],[-6.5881,62.1342],[-6.6497,62.1025],[-6.6542,62.0997],[-6.6569,62.0961],[-6.6575,62.0925]]],[[[-6.4186,62.1839],[-6.5181,62.1689],[-6.5272,62.1739],[-6.5556,62.1969],[-6.5725,62.2117],[-6.5819,62.225],[-6.5881,62.2397],[-6.5509,62.251],[-6.549,62.3009],[-6.5744,62.3499],[-6.5417,62.3575],[-6.5367,62.3425],[-6.5222,62.3181],[-6.4928,62.2914],[-6.4889,62.2883],[-6.43,62.2689],[-6.3978,62.26],[-6.3922,62.258],[-6.3889,62.255],[-6.3886,62.2508],[-6.3897,62.2461],[-6.4072,62.1917],[-6.4086,62.1886],[-6.4122,62.1853],[-6.4186,62.1839]]],[[[-6.5858,62.2564],[-6.595,62.2561],[-6.6083,62.2586],[-6.6131,62.2611],[-6.62,62.2669],[-6.6644,62.3225],[-6.6681,62.3297],[-6.6683,62.3339],[-6.6667,62.3472],[-6.6658,62.3519],[-6.6608,62.3725],[-6.6547,62.3742],[-6.6458,62.3742],[-6.6381,62.3731],[-6.6322,62.3708],[-6.5736,62.3064],[-6.5664,62.2964],[-6.5614,62.2814],[-6.5611,62.2769],[-6.5617,62.2733],[-6.5656,62.2653],[-6.5725,62.2589],[-6.5858,62.2564]]],[[[-6.4061,62.2844],[-6.415,62.2844],[-6.4228,62.2856],[-6.4803,62.2978],[-6.4886,62.3075],[-6.5469,62.3836],[-6.5453,62.3869],[-6.5308,62.3942],[-6.5253,62.3961],[-6.5192,62.3969],[-6.4983,62.3864],[-6.4892,62.3814],[-6.3917,62.2969],[-6.4061,62.2844]]]]}},{"type":"Feature","properties":{"NAME":null,"ABBREVN":null,"SUBJECTO":null,"BORDERPRECISION":3,"PARTOF":null},"geometry":{"type":"MultiPolygon","coordinates":[[[[-4.7778,54.0555],[-4.7839,54.0569],[-4.7875,54.0594],[-4.7886,54.063],[-4.7886,54.0672],[-4.7139,54.2144],[-4.7103,54.2172],[-4.6989,54.2192],[-4.6458,54.2381],[-4.6414,54.24],[-4.625,54.2489],[-4.6181,54.2542],[-4.6019,54.2678],[-4.5958,54.2739],[-4.5881,54.2836],[-4.5781,54.2969],[-4.5547,54.3311],[-4.5533,54.3353],[-4.5528,54.3439],[-4.5414,54.3561],[-4.5275,54.3672],[-4.485,54.3872],[-4.4431,54.398],[-4.3681,54.4167],[-4.3603,54.4161],[-4.3542,54.4108],[-4.3528,54.4092],[-4.3083,54.3006],[-4.3075,54.2969],[-4.3094,54.2933],[-4.3217,54.2767],[-4.3861,54.1955],[-4.3944,54.1864],[-4.4706,54.1375],[-4.4911,54.1267],[-4.5506,54.0978],[-4.6239,54.0686],[-4.6844,54.0769],[-4.6906,54.0783],[-4.7047,54.0797],[-4.7208,54.0761],[-4.7778,54.0555]]]]}},{"type":"Feature","properties":{"NAME":"Denmark","ABBREVN":"Denmark","SUBJECTO":"Denmark","BORDERPRECISION":3,"PARTOF":"Denmark"},"geometry":{"type":"MultiPolygon","coordinates":[[[[-25.6949,71.273],[-26.086,71.1948],[-26.3294,71.1324],[-27.0844,71.0846],[-27.6061,71.0682],[-27.9162,70.998],[-28.0835,70.8973],[-28.2218,70.6273],[-28.3845,70.458],[-27.912,70.2825],[-27.4749,70.2068],[-26.5226,70.1779],[-26.252,70.1784],[-25.4533,70.2871],[-24.5847,70.304],[-24.1952,70.2435],[-23.7753,70.1448],[-23.5874,70.084],[-23.4595,70.0919],[-23.0089,70.0927],[-22.434,70.0785],[-22.1575,70.0561],[-22.7323,69.7741],[-23.4444,69.5685],[-24.3333,69.3328],[-24.5835,69.3399],[-24.8966,69.3921],[-25.3244,69.0899],[-25.8016,68.8636],[-26.3621,68.66],[-26.8687,68.5267],[-26.9636,68.5017],[-27.9591,68.4774],[-28.1953,68.4171],[-28.4212,68.4167],[-28.8631,68.3262],[-29.1621,68.251],[-29.3997,68.2281],[-29.8254,68.4141],[-29.9945,68.3914],[-30.305,67.9805],[-30.7365,67.9276],[-31.0203,67.9568],[-31.3547,68.0456],[-31.6346,68.2538],[-32.0188,68.4474],[-32.3099,68.5441],[-32.3591,68.544],[-32.3555,68.4542],[-32.0372,67.9847],[-32.1238,67.8729],[-32.2675,67.8652],[-32.578,67.7531],[-32.956,67.641],[-33.214,67.47],[-33.6642,67.0624],[-33.9601,66.7669],[-34.4331,66.384],[-34.7823,66.266],[-35.2477,66.2285],[-35.708,66.3522],[-35.7745,66.1031],[-35.9719,65.8469],[-36.3244,65.7223],[-36.7705,65.7652],[-37.0479,65.7428],[-37.5789,65.5451],[-37.1548,66.3202],[-37.2094,66.3128],[-37.5673,66.3194],[-38.0418,66.3992],[-37.9249,66.2088],[-37.9367,66.004],[-38.1103,65.821],[-38.4674,65.6454],[-38.9894,65.5716],[-39.4271,65.5707],[-39.992,65.5333],[-39.7818,65.3519],[-39.6863,65.1706],[-39.7269,64.9965],[-39.8978,64.9529],[-40.0424,64.9815],[-40.2537,64.9667],[-41.0603,65.0375],[-40.8277,64.8935],[-40.4836,64.6854],[-40.3507,64.5275],[-40.3553,64.427],[-40.4724,64.3478],[-41.0111,64.3324],[-41.4841,64.2742],[-41.1042,64.0886],[-40.8926,64.0317],[-40.6912,63.9319],[-40.5162,63.7821],[-40.7657,63.5745],[-40.8939,63.5244],[-41.1634,63.5667],[-41.3782,63.5234],[-41.223,63.3099],[-41.227,63.253],[-41.4345,63.0392],[-41.6531,63.0957],[-41.9156,63.1236],[-41.9039,63.0525],[-41.7891,62.8468],[-41.8344,62.6906],[-41.9637,62.6904],[-42.2589,62.7324],[-42.2988,62.7394],[-42.7395,62.6889],[-43.226,62.6809],[-42.9191,62.4619],[-42.4204,62.286],[-42.2714,62.1944],[-42.3062,61.7289],[-42.4783,61.3068],[-42.6703,61.2643],[-43.0373,61.2917],[-42.8171,61.0256],[-42.8244,60.8016],[-42.7541,60.6969],[-42.7849,60.5292],[-42.9272,60.501],[-43.1499,60.5145],[-43.4971,60.479],[-43.1541,60.3053],[-42.962,60.0341],[-43.0145,59.8329],[-43.1436,59.8188],[-43.5788,59.9357],[-44.0523,60.1642],[-44.2761,60.0316],[-44.4674,59.7609],[-44.7531,60.0307],[-44.6822,60.2884],[-44.8562,60.3787],[-45.362,60.4615],[-45.6217,60.6006],[-45.6041,60.6845],[-45.4899,60.7966],[-45.4603,60.8946],[-45.6065,61.0204],[-45.7709,61.1041],[-46.0719,60.9424],[-46.1959,60.9352],[-46.3311,60.8719],[-46.531,60.8926],[-46.9721,60.8637],[-47.1594,60.8564],[-47.4162,60.723],[-47.6305,60.5968],[-47.8224,60.7782],[-47.8694,60.939],[-47.9692,61.0369],[-48.2,61.1416],[-48.5679,61.2461],[-48.9155,61.421],[-49.1483,61.7723],[-49.1164,62.1038],[-49.206,62.1743],[-49.4013,62.2163],[-49.6115,62.1947],[-50.0479,62.3141],[-50.0967,62.3564],[-50.1589,62.4624],[-50.0959,62.668],[-49.8893,62.8457],[-49.8575,62.9665],[-49.9737,62.9947],[-50.2217,63.0085],[-50.4658,63.0507],[-50.5909,63.15],[-50.6167,63.4348],[-50.8231,63.4915],[-51.1005,63.4695],[-51.3658,63.726],[-51.355,63.8118],[-51.266,63.9264],[-50.9879,64.0915],[-50.439,64.2431],[-50.2569,64.3797],[-50.0426,64.4376],[-50.0199,64.6101],[-50.1445,64.7393],[-50.3574,64.6957],[-50.7718,64.659],[-50.9937,64.6154],[-51.2797,64.4281],[-51.5214,64.3702],[-51.8048,64.2333],[-51.9574,64.3766],[-51.9402,64.6568],[-51.9917,65.0097],[-52.0843,65.2126],[-52.0777,65.3724],[-52.1869,65.5177],[-52.4138,65.4809],[-52.536,65.4952],[-52.8354,65.6549],[-53.1025,65.8732],[-53.1084,66.034],[-52.7297,66.2764],[-52.6105,66.268],[-52.8604,66.3532],[-53.3481,66.3243],[-53.3943,66.4518],[-53.2217,66.5309],[-52.9169,66.5445],[-52.6532,66.5678],[-52.448,66.6073],[-52.3032,66.9095],[-52.8468,66.9306],[-53.1042,66.908],[-53.2673,66.9224],[-53.3974,66.9959],[-53.4496,67.0844],[-53.3494,67.2103],[-53.2512,67.2139],[-53.1703,67.2858],[-52.9781,67.3103],[-53.1467,67.3951],[-53.395,67.3623],[-53.4941,67.4735],[-53.4684,67.5582],[-53.4358,67.6176],[-53.319,67.6178],[-53.1801,67.6626],[-52.8079,67.7748],[-52.26,67.7386],[-51.876,67.6651],[-51.5268,67.6509],[-51.3565,67.5918],[-50.9394,67.5258],[-50.4771,67.4822],[-50.4911,67.6454],[-50.3567,67.8909],[-50.491,67.9726],[-50.9499,68.091],[-51.5605,68.2316],[-51.9667,68.3055],[-52.6834,68.4537],[-52.8425,68.5058],[-52.6912,68.6634],[-52.3369,68.6641],[-51.6787,68.5005],[-51.2137,68.4789],[-51.0052,68.5092],[-50.9538,68.5393],[-50.9138,68.8093],[-50.8744,68.9446],[-50.6066,68.9601],[-50.3688,68.9079],[-50.2665,68.9532],[-50.2788,69.1112],[-50.3665,69.1939],[-50.7674,69.3364],[-50.6944,69.5329],[-50.4566,69.7376],[-50.5726,69.8663],[-51.1171,69.9411],[-51.6365,69.9402],[-52.1668,70.0688],[-52.9091,70.2894],[-53.2599,70.3347],[-53.6663,70.357],[-54.0085,70.5099],[-54.3735,70.7247],[-54.3032,70.7402],[-54.158,70.8099],[-53.8855,70.8104],[-53.6281,70.8186],[-52.6898,70.6817],[-52.3675,70.6669],[-51.8057,70.5294],[-51.1528,70.3233],[-50.8245,70.2473],[-50.7995,70.3854],[-50.9392,70.5772],[-51.3264,70.823],[-51.4038,71.0236],[-51.6754,71.2244],[-51.8934,71.2473],[-52.198,71.3554],[-52.0356,71.48],[-51.7914,71.5427],[-51.7201,71.5896],[-52.0368,71.698],[-52.532,71.7049],[-52.8134,71.7434],[-53.3229,71.8908],[-53.7187,71.617],[-53.8646,71.5466],[-53.9882,71.4141],[-54.3816,71.3047],[-55.0124,71.3346],[-55.4766,71.4891],[-55.6143,71.5979],[-55.6264,71.7304],[-55.4296,71.8713],[-55.2976,72.1612],[-55.3661,72.7278],[-55.104,72.752],[-54.7931,72.6657],[-54.6261,72.7213],[-54.5582,72.8716],[-54.7304,73.0376],[-55.15,73.283],[-55.3535,73.3463],[-55.7793,73.7045],[-56.1822,74.1206],[-56.6795,74.7006],[-56.9394,74.919],[-57.7743,75.0895],[-58.0746,75.2045],[-58.2053,75.2952],[-58.2285,75.6106],[-58.6357,75.7933],[-59.0683,75.8425],[-59.7835,75.9165],[-60.6511,76.1077],[-61.5075,76.2575],[-62.4676,76.34],[-62.9162,76.3645],[-63.6508,76.3799],[-64.0038,76.2949],[-64.4734,76.2519],[-64.8359,76.167],[-65.4745,76.0986],[-66.0268,76.1732],[-66.6839,76.3067],[-66.5404,75.9707],[-66.5634,75.9287],[-67.0367,75.9362],[-67.6191,76.019],[-69.0448,76.2938],[-68.353,76.5486],[-68.1444,76.5998],[-68.1859,76.7016],[-68.3763,76.7778],[-68.8562,76.7854],[-69.851,76.792],[-70.2167,76.8253],[-70.5,76.8333],[-71.057,77.0285],[-71.4483,77.1219],[-71.1839,77.2595],[-70.6184,77.2778],[-69.2521,77.2117],[-68.3406,77.1963],[-67.7363,77.1889],[-66.7838,77.2593],[-66.3093,77.3547],[-66.1778,77.398],[-66.1534,77.5532],[-66.4356,77.6822],[-66.8047,77.7768],[-67.3523,77.7065],[-67.8518,77.5931],[-68.4412,77.5833],[-68.9532,77.6342],[-69.2921,77.599],[-69.6875,77.5551],[-69.9936,77.5804],[-70.3795,77.6661],[-70.678,77.8301],[-71.0452,77.9163],[-71.343,77.9418],[-71.6695,77.9151],[-71.8884,77.9494],[-72.5254,78.1661],[-72.5453,78.3235],[-72.3832,78.5257],[-72.0188,78.5792],[-71.4628,78.6243],[-70.7802,78.6873],[-69.8468,78.7598],[-69.2663,78.7962],[-68.8385,78.9741],[-68.3485,79.0905],[-67.9691,79.1268],[-66.8543,79.1289],[-66.3587,79.1744],[-65.4849,79.1582],[-65.3041,79.2209],[-65.1645,79.3104],[-64.8905,79.3824],[-64.7995,79.6784],[-64.6755,79.9039],[-64.6232,79.9492],[-65.0237,80.0518],[-65.8996,80.0692],[-66.4194,79.9819],[-66.8512,80.0385],[-67.4103,80.2107],[-67.1428,80.5621],[-66.5217,80.7113],[-65.2413,80.8728],[-64.6083,80.9739],[-63.7254,81.0862],[-62.7748,81.1587],[-62.2513,81.1195],[-61.7053,81.1509],[-61.1118,81.1824],[-60.9567,81.2637],[-60.9517,81.3655],[-61.1122,81.7042],[-61.1224,81.7976],[-60.8873,81.8606],[-60.0387,81.8833],[-59.3519,81.791],[-58.3887,81.6066],[-57.8053,81.505],[-57.4442,81.4239],[-57.074,81.5477],[-57.8196,81.7838],[-58.1333,82.0132],[-58.0578,82.0344],[-57.0681,82.0892],[-56.5433,82.1432],[-55.7092,82.2404],[-54.5752,82.3281],[-54.2467,82.2968],[-53.7679,82.2446],[-53.6635,81.4626],[-53.2527,81.5352],[-53.0104,81.68],[-52.816,82.1301],[-52.3643,82.1205],[-51.4623,81.975],[-50.6261,81.7888],[-49.938,81.6762],[-49.846,81.8113],[-50.1359,81.9464],[-50.503,82.188],[-50.9054,82.3681],[-50.7724,82.4971],[-50.4385,82.4871],[-49.6476,82.4781],[-49.1365,82.3826],[-47.897,82.2148],[-47.3192,82.0891],[-46.3703,81.944],[-45.5252,81.8205],[-44.683,81.7289],[-44.3228,81.8231],[-43.9554,82.4905],[-44.102,82.5764],[-44.6835,82.727],[-45.2129,82.9667],[-44.8941,83.0779],[-43.8125,83.0803],[-42.4794,83.2279],[-41.8811,83.2628],[-41.194,83.1862],[-40.1946,82.9668],[-39.4894,82.8915],[-38.5872,82.8277],[-38.4521,83.17],[-38.5872,83.3824],[-37.3966,83.4753],[-36.4871,83.5113],[-35.322,83.4687],[-34.4269,83.403],[-33.5784,83.4839],[-32.5132,83.577],[-31.5937,83.5791],[-30.7572,83.479],[-29.936,83.5035],[-29.344,83.4709],[-29.0653,83.4264],[-28.8177,83.4721],[-27.9419,83.4064],[-27.1738,83.3856],[-26.4208,83.3423],[-25.3236,82.9999],[-24.7079,82.8913],[-24.1026,82.9255],[-23.5996,82.8499],[-22.4324,82.7433],[-22.2319,82.5596],[-22.3688,82.5055],[-22.59,82.4191],[-23.3474,82.3533],[-24.3837,82.2977],[-24.9023,82.2434],[-25.4572,82.221],[-26.1184,82.2514],[-27.3924,82.2806],[-28.3914,82.3104],[-29.0164,82.2345],[-29.7428,82.2224],[-30.6127,82.2099],[-31.1347,82.1981],[-31.8031,82.1226],[-32.0028,82.0695],[-32.5981,81.9736],[-32.7487,81.7647],[-32.4145,81.6516],[-31.2665,81.7783],[-30.6513,81.8107],[-28.8907,81.7937],[-27.8905,81.8479],[-26.8417,81.8501],[-26.3933,81.8615],[-25.9747,81.8311],[-25.1785,81.636],[-24.8766,81.5954],[-24.3873,81.679],[-23.6388,81.7738],[-22.9476,81.9002],[-22.0636,81.9648],[-21.7979,81.757],[-22.0529,81.5398],[-23.0953,81.2521],[-23.5329,81.0999],[-24.1096,80.7694],[-24.0554,80.6313],[-23.9117,80.5628],[-23.5533,80.6028],[-23.3388,80.623],[-22.6119,80.8718],[-21.8173,81.1135],[-21.1817,81.2866],[-20.4141,81.4307],[-20.0654,81.5235],[-19.3174,81.597],[-18.5894,81.5471],[-17.9635,81.5177],[-17.2897,81.6528],[-16.9734,81.7984],[-16.4654,81.9036],[-15.4988,81.9057],[-14.7463,81.8552],[-14.2525,81.8354],[-13.714,81.7742],[-13.2033,81.6718],[-12.7051,81.6213],[-12.5631,81.5086],[-12.6445,81.3858],[-13.531,81.2723],[-14.2019,81.2101],[-14.7622,80.9879],[-15.0126,80.8577],[-15.7344,80.6978],[-16.4409,80.451],[-16.9196,80.411],[-17.3327,80.4297],[-18.0492,80.4087],[-19.045,80.4262],[-19.7158,80.3373],[-20.0447,80.2397],[-20.2674,79.9989],[-20.193,79.8538],[-19.3159,79.9912],[-18.6046,80.0118],[-17.7692,79.9666],[-17.7677,79.7774],[-18.1023,79.6689],[-19.1768,79.613],[-19.3854,79.5499],[-19.4813,79.4603],[-19.5515,79.1926],[-19.7632,78.8731],[-20.0682,78.8018],[-20.545,78.8362],[-20.8788,78.8179],[-21.2557,78.4126],[-21.7,77.9235],[-21.7676,77.7673],[-21.5635,77.6294],[-21.382,77.5866],[-21.1112,77.8032],[-20.7767,77.9686],[-20.3913,77.9867],[-19.3358,77.8672],[-19.1773,77.8242],[-19.0592,77.6946],[-19.0857,77.5996],[-19.6409,77.6331],[-19.9437,77.6411],[-20.1743,77.5975],[-20.2351,77.5112],[-20.1049,77.3825],[-19.3147,77.2981],[-19.0644,77.2386],[-18.2534,77.3001],[-18.0164,77.2063],[-17.9201,77.0611],[-17.942,76.8651],[-18.057,76.8053],[-18.8829,76.8888],[-19.6266,76.913],[-19.9779,76.9463],[-20.5606,76.9112],[-21.1827,76.6975],[-21.553,76.7562],[-21.7733,76.8238],[-22.2502,76.8058],[-22.3777,76.6359],[-21.751,76.3666],[-21.217,76.2666],[-20.6328,76.2088],[-19.8835,76.1766],[-19.5702,76.11],[-19.3222,75.8927],[-19.1998,75.6928],[-19.1935,75.4435],[-19.3888,75.2611],[-19.5616,75.2277],[-20.143,75.3093],[-20.5118,75.3582],[-20.6792,75.3082],[-20.6689,75.0608],[-20.6158,74.9543],[-20.424,74.8816],[-20.146,74.8416],[-19.8206,74.745],[-19.4092,74.6811],[-19.0709,74.6089],[-18.8987,74.4398],[-19.051,74.3347],[-19.4251,74.2696],[-19.7162,74.2128],[-20.5022,74.2274],[-21.0315,74.2666],[-21.7623,74.3055],[-22.0288,74.104],[-21.7809,74.0162],[-21.1525,73.9933],[-20.6794,73.9221],[-20.3536,73.8106],[-20.3138,73.6668],[-20.3296,73.4196],[-20.3881,73.4221],[-20.8796,73.4425],[-21.4405,73.3937],[-21.7085,73.2739],[-22.2692,73.2649],[-22.8203,73.3275],[-23.4938,73.5093],[-23.9086,73.724],[-24.0764,73.7557],[-24.5689,73.6269],[-25.0099,73.4746],[-25.498,73.4339],[-25.7629,73.3538],[-26.4156,73.3685],[-26.8266,73.4075],[-27.2628,73.343],[-27.4406,73.287],[-27.5189,73.1598],[-27.5164,73.0963],[-27.3572,72.8591],[-27.0377,72.7491],[-26.4601,72.7265],[-25.7782,72.6095],[-25.073,72.6344],[-24.4778,72.3915],[-24.1365,72.2901],[-23.9196,72.1885],[-23.3813,72.0407],[-22.8178,71.8697],[-22.6485,71.7452],[-22.4309,71.3412],[-22.0297,71.4351],[-21.9044,71.4975],[-21.726,71.4046],[-21.5918,71.211],[-21.5601,71.0562],[-21.4708,70.5323],[-21.5471,70.4401],[-21.7138,70.3861],[-21.9573,70.4316],[-22.2032,70.4849],[-22.6157,70.4841],[-23.0842,70.4679],[-23.7537,70.5896],[-24.0402,70.7737],[-24.227,71.059],[-24.3864,71.1825],[-24.913,71.4374],[-25.2913,71.5689],[-25.6276,71.6306],[-26.1202,71.6686],[-26.3545,71.6058],[-26.7875,71.5583],[-25.8496,71.4357],[-25.6949,71.273]]],[[[14.6964,55.1487],[14.7297,55.2466],[14.8451,55.2563],[15.0424,55.1778],[15.1187,55.1027],[15.074,55.0309],[14.9587,55.0212],[14.7727,55.0735],[14.6964,55.1487]]],[[[8.7025,56.703],[8.5736,56.7247],[8.5444,56.774],[8.6148,56.851],[8.7187,56.8967],[8.856,56.9113],[8.8853,56.862],[8.8064,56.7488],[8.7025,56.703]]],[[[11.5395,56.7117],[11.6119,56.7194],[11.6482,56.7225],[11.6485,56.7208],[11.6279,56.7077],[11.5865,56.6831],[11.5502,56.6801],[11.519,56.6985],[11.5395,56.7117]]],[[[11.8159,55.0376],[11.7474,55.0844],[11.781,55.132],[11.781,55.1678],[11.7476,55.1917],[11.6098,55.2026],[11.3677,55.2007],[11.2073,55.3155],[11.1285,55.547],[11.0353,55.6802],[10.9275,55.7151],[10.958,55.7241],[11.1267,55.7073],[11.2849,55.741],[11.4326,55.8251],[11.4481,55.8983],[11.3316,55.9606],[11.396,55.9849],[11.6412,55.9715],[11.7406,55.9271],[11.6939,55.8518],[11.7015,55.776],[11.7635,55.6998],[11.8244,55.7287],[11.8842,55.8627],[11.9499,55.8828],[12.0212,55.7891],[12.0267,55.72],[11.9661,55.6756],[11.9662,55.6533],[12.0269,55.6533],[12.0664,55.6678],[12.0847,55.6967],[12.0803,55.7644],[12.0533,55.8709],[11.9947,55.9348],[11.9045,55.956],[11.9672,56.0072],[12.1828,56.0883],[12.3726,56.1071],[12.5368,56.0637],[12.606,56.0295],[12.5801,56.0046],[12.5543,55.974],[12.5285,55.9376],[12.5367,55.8656],[12.5791,55.758],[12.4979,55.6478],[12.2932,55.535],[12.2585,55.4306],[12.394,55.3344],[12.35,55.2551],[12.1267,55.1926],[12.0565,55.1503],[12.1396,55.1283],[12.1787,55.0876],[12.174,55.0285],[12.1467,54.9913],[12.0969,54.9762],[11.9866,54.9916],[11.8159,55.0376]]],[[[10.6264,55.84],[10.6181,55.7889],[10.5923,55.764],[10.5491,55.7652],[10.5265,55.8197],[10.5246,55.9275],[10.5503,55.9524],[10.6038,55.8945],[10.6264,55.84]]],[[[8.5475,56.6841],[8.5823,56.6602],[8.5641,56.6084],[8.4763,56.6137],[8.319,56.676],[8.2462,56.7386],[8.2582,56.8014],[8.3524,56.905],[8.529,57.0494],[8.8104,57.129],[9.1968,57.1437],[9.5299,57.2592],[9.8098,57.4755],[10.1238,57.6218],[10.4719,57.6981],[10.5926,57.7003],[10.4859,57.6282],[10.4599,57.5017],[10.5148,57.3206],[10.4908,57.1704],[10.388,57.0512],[10.2541,57.0162],[10.0892,57.0654],[9.816,57.0664],[9.4346,57.0192],[9.2118,57.0099],[9.1476,57.0385],[9.0044,57.0259],[8.782,56.9721],[8.6071,56.8785],[8.4796,56.7449],[8.4597,56.6801],[8.5475,56.6841]]],[[[11.0683,57.3179],[11.1533,57.3132],[11.1462,57.289],[11.0471,57.2452],[10.9617,57.2333],[10.8902,57.2531],[10.8973,57.2774],[10.983,57.306],[11.0683,57.3179]]],[[[10.1956,56.4897],[10.218,56.496],[10.2784,56.5508],[10.4282,56.5672],[10.6674,56.5452],[10.8304,56.5119],[10.9174,56.4673],[10.951,56.4197],[10.9313,56.369],[10.8773,56.2987],[10.7891,56.2088],[10.7115,56.1788],[10.6446,56.2087],[10.5948,56.1924],[10.5622,56.1301],[10.4976,56.123],[10.4012,56.1712],[10.3919,56.2127],[10.4695,56.2476],[10.4814,56.2715],[10.4275,56.2844],[10.3544,56.2547],[10.2622,56.1823],[10.232,56.1143],[10.2638,56.0507],[10.2571,55.9712],[10.2118,55.8758],[10.1083,55.8326],[9.9465,55.8418],[9.9113,55.8384],[10.0028,55.8224],[10.0347,55.7871],[10.0067,55.7324],[9.8821,55.7052],[9.6607,55.7056],[9.6173,55.6805],[9.7519,55.63],[9.7615,55.559],[9.646,55.4674],[9.6134,55.3655],[9.6635,55.2531],[9.6312,55.1787],[9.5165,55.1421],[9.5262,55.0903],[9.6604,55.0231],[9.7299,54.949],[9.7348,54.8682],[9.7081,54.8346],[9.6497,54.8484],[9.6186,54.8735],[9.6147,54.9101],[9.5453,54.8984],[9.4103,54.8385],[9.1786,54.8312],[8.8503,54.8763],[8.6836,54.9527],[8.6786,55.0603],[8.631,55.1007],[8.5409,55.0737],[8.4861,55.0762],[8.4667,55.108],[8.4693,55.1423],[8.494,55.1791],[8.552,55.1822],[8.6433,55.1517],[8.6726,55.2092],[8.6401,55.3547],[8.5448,55.459],[8.3866,55.5219],[8.2949,55.5378],[8.2696,55.5067],[8.2145,55.5055],[8.1297,55.5344],[8.1118,55.5974],[8.161,55.6945],[8.171,55.8037],[8.1418,55.9249],[8.142,55.9417],[8.1716,55.8539],[8.2391,55.8319],[8.3445,55.8756],[8.3617,55.9438],[8.2906,56.0365],[8.2256,56.0898],[8.1669,56.1038],[8.1302,56.0876],[8.1156,56.041],[8.1226,56.1767],[8.151,56.4944],[8.1792,56.6674],[8.2072,56.6954],[8.2283,56.6833],[8.2426,56.6311],[8.3694,56.5743],[8.6087,56.5129],[8.7374,56.5028],[8.7554,56.5439],[8.7436,56.5783],[8.7019,56.6061],[8.749,56.6662],[8.8847,56.7585],[8.9833,56.8054],[9.0448,56.8068],[9.0948,56.7816],[9.1333,56.7298],[9.129,56.6697],[9.0821,56.6012],[9.1125,56.5827],[9.2203,56.6142],[9.286,56.6039],[9.3098,56.5517],[9.3353,56.5354],[9.3627,56.5551],[9.3584,56.5987],[9.3224,56.6662],[9.2699,56.6945],[9.2007,56.6835],[9.1691,56.7375],[9.1752,56.8565],[9.211,56.9375],[9.2766,56.9805],[9.4757,57.0194],[9.8081,57.0543],[10.0587,57.0491],[10.2275,57.0039],[10.3102,56.923],[10.3069,56.8064],[10.1956,56.7236],[9.9761,56.6747],[9.9844,56.6615],[10.2206,56.684],[10.3449,56.6812],[10.3574,56.653],[10.3274,56.6174],[10.2551,56.5745],[10.2111,56.5319],[10.1956,56.4897]]],[[[10.2483,54.9462],[10.3767,54.8913],[10.4388,54.8583],[10.4348,54.8472],[10.3867,54.8573],[10.2944,54.8885],[10.2323,54.9215],[10.2002,54.9562],[10.2483,54.9462]]],[[[11.3391,54.6623],[11.1063,54.748],[11.0004,54.8218],[11.0214,54.8838],[11.0651,54.9252],[11.1313,54.9462],[11.2518,54.9249],[11.4265,54.8615],[11.5497,54.8483],[11.6212,54.8853],[11.7051,54.8694],[11.8013,54.8003],[11.8025,54.799],[11.7726,54.8429],[11.791,54.9256],[11.9557,54.9035],[12.0709,54.8792],[12.1366,54.8525],[12.1195,54.8042],[12.0197,54.7344],[11.9684,54.665],[11.9658,54.5961],[11.9005,54.6554],[11.8527,54.7254],[11.8544,54.704],[11.756,54.6674],[11.5557,54.6354],[11.3391,54.6623]]],[[[10.6955,54.7597],[10.6767,54.7926],[10.6802,54.8699],[10.7487,54.9717],[10.8824,55.098],[10.9011,55.0651],[10.805,54.8732],[10.7365,54.7714],[10.6955,54.7597]]],[[[9.7815,54.9714],[9.8233,54.9519],[9.8328,54.9594],[9.8102,54.9939],[9.7568,55.0207],[9.6726,55.0399],[9.671,55.0558],[9.752,55.0686],[9.8374,55.0585],[9.9271,55.0254],[9.9967,54.9753],[10.0463,54.9083],[9.9998,54.8826],[9.8572,54.8983],[9.7795,54.9249],[9.7669,54.9624],[9.7815,54.9714]]],[[[10.6659,55.0029],[10.6617,54.9796],[10.6306,54.9601],[10.5985,54.9502],[10.5656,54.9501],[10.5365,54.9641],[10.5112,54.9923],[10.5319,55.0156],[10.5986,55.0341],[10.6433,55.0299],[10.6659,55.0029]]],[[[12.3733,55.0175],[12.4961,54.9819],[12.464,54.9432],[12.2771,54.9012],[12.1667,54.8862],[12.1328,54.8982],[12.1649,54.9369],[12.2629,55.0025],[12.3733,55.0175]]],[[[12.6605,55.6169],[12.6538,55.5808],[12.6042,55.5612],[12.5626,55.566],[12.5288,55.5951],[12.5355,55.6313],[12.5826,55.6745],[12.6242,55.6697],[12.6605,55.6169]]],[[[10.7115,55.0991],[10.569,55.0523],[10.4115,55.0428],[10.239,55.0706],[10.0335,55.1881],[9.7949,55.3955],[9.8341,55.5286],[10.1512,55.5875],[10.3535,55.5958],[10.441,55.5536],[10.4676,55.5126],[10.4333,55.4727],[10.4317,55.4491],[10.463,55.4417],[10.5105,55.4501],[10.5742,55.4743],[10.6094,55.5196],[10.6159,55.586],[10.6507,55.5849],[10.7137,55.5165],[10.7676,55.4351],[10.8124,55.341],[10.8217,55.251],[10.7958,55.1653],[10.7115,55.0991]]],[[[8.371,55.4382],[8.3848,55.4499],[8.4338,55.4342],[8.4597,55.4033],[8.4623,55.3572],[8.4485,55.3455],[8.4182,55.3681],[8.3924,55.399],[8.371,55.4382]]],[[[-54.1253,69.4812],[-54.4859,69.5636],[-54.5744,69.6089],[-54.6869,69.707],[-54.7227,70.0869],[-54.5937,70.2402],[-54.4283,70.2482],[-54.1375,70.1875],[-53.6167,70.1578],[-53.0375,70.0366],[-52.7012,69.9154],[-52.4336,69.8704],[-52.084,69.7725],[-51.8129,69.6216],[-51.8774,69.5307],[-51.9279,69.5155],[-52.1726,69.4923],[-52.5211,69.4766],[-52.8674,69.3928],[-53.3217,69.3241],[-53.5515,69.2784],[-53.8071,69.3383],[-54.1253,69.4812]]],[[[-22.8328,72.269],[-23.2649,72.3702],[-23.5854,72.4404],[-23.657,72.4717],[-23.7984,72.6605],[-23.131,72.6775],[-22.7294,72.6152],[-22.2505,72.498],[-21.8821,72.365],[-21.8095,72.1454],[-21.9061,72.0512],[-22.1457,72.0273],[-22.8328,72.269]]]]}},{"type":"Feature","properties":{"NAME":"Ukraine","ABBREVN":"Ukraine","SUBJECTO":"Ukraine","BORDERPRECISION":3,"PARTOF":"Ukraine"},"geometry":{"type":"MultiPolygon","coordinates":[[[[33.8391,46.1931],[33.5279,46.1341],[33.3325,46.1661],[32.9729,46.1459],[32.5164,46.1256],[32.2022,46.1704],[32.1141,46.2156],[31.9259,46.4099],[32.1888,46.5922],[31.9513,46.8646],[31.781,46.7019],[31.5377,46.7014],[31.0872,46.6355],[30.8329,46.5766],[30.5205,46.2514],[30.4328,46.1757],[30.0661,46.2804],[29.9643,46.3685],[29.8068,46.505],[29.4267,46.8161],[29.1156,47.2827],[28.9082,47.8184],[28.4154,48.0822],[28.387,48.1049],[28.387,48.139],[28.3473,48.1503],[28.3019,48.1333],[28.319,48.156],[28.3587,48.2014],[28.3473,48.2297],[28.2963,48.2297],[28.2168,48.2127],[28.1601,48.2241],[28.1147,48.2184],[28.0806,48.2524],[28.0579,48.2808],[28.0125,48.3092],[27.9444,48.3149],[27.882,48.3376],[27.8196,48.3943],[27.7231,48.434],[27.7061,48.4397],[27.6478,48.7516],[27.4858,48.7516],[27.4858,48.6706],[27.1077,48.8326],[27.1077,48.6436],[26.9894,48.6808],[26.9467,49.1108],[27.0007,49.677],[26.9467,50.3241],[27.486,50.8363],[27.4051,51.4834],[27.3384,51.6034],[27.4956,51.636],[27.5796,51.6108],[27.6888,51.594],[27.6636,51.4931],[27.7056,51.4679],[27.7812,51.5099],[27.7896,51.6024],[27.84,51.6024],[27.9577,51.552],[28.1173,51.5772],[28.1761,51.6276],[28.2769,51.5856],[28.3357,51.5015],[28.4365,51.552],[28.5289,51.552],[28.5877,51.5183],[28.6297,51.4343],[28.7053,51.4343],[28.7641,51.5015],[28.8985,51.5688],[28.9741,51.5688],[29.033,51.6024],[29.0918,51.6192],[29.1674,51.5604],[29.2178,51.5015],[29.2346,51.4091],[29.3186,51.3839],[29.4614,51.4091],[29.5454,51.4511],[29.6462,51.4847],[29.7134,51.4259],[29.8478,51.4343],[29.957,51.4679],[30.0578,51.4847],[30.1587,51.4679],[30.2427,51.4343],[30.2931,51.4091],[30.3603,51.3167],[30.4275,51.2915],[30.5451,51.2831],[30.6039,51.3755],[30.5787,51.4427],[30.4695,51.5351],[30.4947,51.6276],[30.6123,51.7284],[30.6963,51.846],[30.8391,51.93],[30.8895,51.9804],[30.9147,52.0392],[31.0659,52.0728],[31.1499,52.056],[31.2423,52.0308],[31.2928,52.0896],[31.528,52.1148],[31.7613,52.1127],[31.9221,52.0725],[32.1332,52.0624],[32.274,52.1328],[32.3544,52.2635],[32.4147,52.3841],[32.656,52.2735],[32.8972,52.2836],[33.1988,52.3841],[33.5104,52.3338],[33.7416,52.3942],[33.8321,52.2735],[33.9728,52.2132],[34.0834,52.0624],[34.1437,51.972],[34.2543,51.9016],[34.395,51.8312],[34.395,51.7106],[34.2543,51.7207],[34.1136,51.6603],[34.1739,51.5297],[34.2241,51.3688],[34.3448,51.2381],[34.6363,51.2381],[34.7066,51.1879],[34.9378,51.218],[35.1087,51.208],[35.1087,51.0673],[35.2897,51.0673],[35.2897,50.9064],[35.3902,50.7858],[35.4304,50.6752],[35.3902,50.5948],[35.4304,50.4943],[35.5108,50.4541],[35.6415,50.3234],[35.7621,50.4038],[35.9732,50.434],[36.0939,50.4038],[36.3049,50.2731],[36.3954,50.3033],[36.4758,50.2932],[36.5563,50.2229],[36.7472,50.2731],[36.888,50.3234],[37.0086,50.3234],[37.2499,50.3837],[37.4107,50.4139],[37.461,50.3435],[37.5816,50.2631],[37.5816,50.2028],[37.6721,50.1223],[37.6821,50.062],[37.8631,50.0419],[37.9435,49.9615],[38.044,49.9112],[38.1747,49.9716],[38.1948,50.0419],[38.2953,50.0721],[38.426,49.9515],[38.617,49.9213],[38.8281,49.871],[38.9487,49.8208],[39.1095,49.8509],[39.2,49.7705],[39.3307,49.7303],[39.5418,49.7203],[39.592,49.6197],[39.7529,49.5494],[39.8735,49.5494],[39.9338,49.5695],[40.0243,49.6097],[40.0947,49.5695],[40.0545,49.5192],[40.0444,49.4388],[40.0947,49.3986],[40.1349,49.3182],[40.1148,49.2176],[40.0243,49.1774],[39.9539,49.1473],[39.7931,49.0568],[39.6524,49.0367],[39.7529,48.9261],[39.8735,48.8859],[40.0042,48.8658],[39.9439,48.7954],[39.8031,48.7954],[39.6926,48.7954],[39.6725,48.715],[39.6524,48.6145],[39.7227,48.5843],[39.8031,48.5542],[39.8232,48.4939],[39.8434,48.4135],[39.8836,48.323],[39.9137,48.2928],[39.8434,48.0717],[39.773,47.941],[39.773,47.8706],[39.6222,47.8103],[39.2603,47.8807],[38.9286,47.8606],[38.808,47.8606],[38.7979,47.7802],[38.6974,47.6997],[38.5265,47.6394],[38.3657,47.6294],[38.2651,47.5892],[38.2249,47.358],[38.2249,47.2574],[38.2149,47.2072],[38.2097,47.1505],[37.8593,47.1037],[37.4221,47.0769],[37.1926,46.8944],[36.8646,46.8093],[36.354,46.7758],[35.8506,46.6644],[35.6243,46.5211],[35.4161,46.4947],[35.2124,46.6371],[35.0464,46.3577],[34.9068,46.273],[34.6923,46.2531],[34.4957,46.2787],[34.0642,46.2649],[33.8391,46.1931]]]]}}]}