{"type":"FeatureCollection","name":"world_bc500","crs":{"type":"name","properties":{"name":"urn:ogc:def:crs:OGC:1.3:CRS84"}},"features":[{"type":"Feature","properties":{"NAME":null,"ABBREVN":null,"SUBJECTO":null,"BORDERPRECISION":1,"PARTOF":null},"geometry":{"type":"MultiPolygon","coordinates":[[[[-24.2189,65.5337],[-24.1615,65.6066],[-23.9726,65.6871],[-23.5705,65.6806],[-23.267,65.7249],[-23.4261,65.8267],[-23.6083,65.9796],[-23.4656,66.1334],[-23.3411,66.1337],[-22.9109,65.9444],[-22.6093,65.9231],[-22.4741,65.9964],[-22.5601,66.1132],[-22.8411,66.281],[-22.6764,66.3913],[-22.2098,66.2896],[-21.7791,66.2537],[-21.4432,66.1299],[-21.2425,65.8818],[-21.2962,65.6994],[-21.4947,65.568],[-21.0797,65.2054],[-20.8306,65.3656],[-20.6725,65.424],[-20.3889,65.4755],[-20.1684,65.5559],[-20.1413,65.6506],[-20.2174,66.0006],[-19.9733,66.1107],[-19.7477,65.9065],[-19.556,65.7683],[-19.336,65.6739],[-19.2392,65.6668],[-19.1559,65.7253],[-19.2745,65.9293],[-19.1654,66.0026],[-19.0441,66.0174],[-18.6763,66.0912],[-18.369,65.8945],[-18.1279,65.7855],[-17.8838,65.7568],[-17.861,65.8371],[-18.0225,66.0778],[-17.5697,66.0129],[-16.9221,65.9776],[-16.568,66.0293],[-16.3757,66.1321],[-16.3852,66.4544],[-15.8599,66.4187],[-15.574,66.2068],[-15.0708,66.0614],[-14.7633,66.0547],[-14.6407,65.9453],[-14.7541,65.6971],[-14.4001,65.5667],[-13.6469,65.4953],[-13.5898,65.43],[-13.5256,65.1833],[-13.5574,65.0094],[-13.6258,64.8939],[-13.6942,64.7786],[-13.8934,64.7207],[-14.2603,64.7128],[-14.3481,64.6695],[-14.3659,64.4756],[-14.5975,64.2671],[-14.8212,64.195],[-15.0768,64.2089],[-15.2665,64.2802],[-15.6341,64.0575],[-15.8765,63.9927],[-16.5338,63.7841],[-16.9175,63.7334],[-17.2444,63.7328],[-17.5915,63.6893],[-17.9441,63.4248],[-18.1569,63.3675],[-18.6419,63.3238],[-18.9608,63.3375],[-19.5531,63.4147],[-19.8267,63.4783],[-20.4039,63.6983],[-20.8799,63.7403],[-21.0791,63.7113],[-21.5475,63.7176],[-22.3729,63.7732],[-22.5066,63.8658],[-22.3113,63.952],[-21.8041,64.1104],[-21.4885,64.3761],[-21.8567,64.3826],[-22.0862,64.4396],[-22.2786,64.6188],[-22.3924,64.6617],[-22.5536,64.6255],[-23.2575,64.5738],[-23.5083,64.559],[-23.6746,64.6593],[-23.6112,64.7457],[-23.4367,64.8036],[-23.1356,64.8473],[-22.7784,64.8552],[-22.4503,64.9062],[-21.9783,64.9503],[-21.8092,65.0374],[-21.7289,65.1825],[-21.7938,65.2985],[-21.9548,65.378],[-22.1465,65.3849],[-22.3616,65.4499],[-22.8137,65.4709],[-23.1832,65.4266],[-23.3742,65.3536],[-23.6785,65.3167],[-24.1469,65.4393],[-24.2189,65.5337]]]]}},{"type":"Feature","properties":{"NAME":null,"ABBREVN":null,"SUBJECTO":null,"BORDERPRECISION":1,"PARTOF":null},"geometry":{"type":"MultiPolygon","coordinates":[[[[-7.4275,55.0638],[-7.2255,55.1042],[-6.9968,55.172],[-6.6452,55.2064],[-6.4543,55.1865],[-6.2793,55.1397],[-6.1165,55.1602],[-6.0182,55.093],[-5.7849,54.7374],[-5.7637,54.657],[-5.7999,54.5229],[-5.6615,54.3222],[-5.7314,54.1749],[-5.9122,54.0274],[-6.0717,53.9736],[-6.2064,53.9567],[-6.3431,53.9396],[-6.4434,53.8994],[-6.335,53.786],[-6.1722,53.4392],[-6.0431,52.8931],[-6.0707,52.7666],[-6.2321,52.6133],[-6.3409,52.4271],[-6.406,52.2144],[-6.4892,52.1944],[-6.6168,52.2207],[-6.8939,52.2066],[-6.9617,52.1112],[-7.3724,52.0921],[-7.7506,52.0327],[-7.8616,51.9681],[-8.1588,51.8396],[-8.5652,51.6155],[-8.8478,51.5998],[-9.2433,51.4726],[-9.8191,51.4346],[-9.7952,51.6046],[-9.8354,51.8033],[-10.2169,51.7583],[-10.294,51.9776],[-9.9638,52.0921],[-10.4973,52.1017],[-10.4692,52.2066],[-9.8906,52.1944],[-9.8016,52.2411],[-9.784,52.3407],[-9.7357,52.4803],[-9.504,52.5405],[-9.1926,52.5545],[-9.1343,52.6809],[-9.6157,52.6366],[-9.4416,52.8333],[-9.5258,52.9046],[-9.3093,53.1153],[-8.997,53.1204],[-8.9236,53.1606],[-9.0017,53.3004],[-9.1582,53.2207],[-9.2974,53.2798],[-9.4407,53.2662],[-9.6167,53.3459],[-9.8029,53.3454],[-9.8848,53.2974],[-10.1598,53.3741],[-10.0211,53.5119],[-10.1514,53.5756],[-9.8096,53.6324],[-9.8724,53.7677],[-9.6965,53.8734],[-9.9129,53.9696],[-10.1785,53.9119],[-10.1597,54.1331],[-9.9888,54.2537],[-9.892,54.3256],[-9.4743,54.2413],[-9.3229,54.2751],[-9.0858,54.2582],[-8.5901,54.2028],[-8.6867,54.3641],[-8.3006,54.4893],[-8.2115,54.6339],[-8.8294,54.6339],[-8.76,54.7014],[-8.5037,54.7496],[-8.4763,54.8799],[-8.3454,55.0953],[-8.1183,55.1766],[-7.7562,55.2527],[-7.6573,55.1168],[-7.4978,55.0497],[-7.4275,55.0638]]],[[[-5.6982,55.3307],[-5.7557,55.4773],[-5.6887,55.6281],[-5.5178,55.668],[-5.4824,55.4427],[-5.6203,55.3295],[-5.6982,55.3307]]],[[[-0.2037,53.5233],[0.081,53.3862],[0.1745,53.2931],[0.2678,53.1267],[0.2509,53.0401],[0.0055,52.7867],[0.3268,52.7075],[0.5047,52.8475],[0.7418,52.9012],[1.0127,52.8884],[1.3759,52.8092],[1.5857,52.65],[1.6917,52.3114],[1.6569,52.2118],[1.5119,52.0258],[1.0313,51.8127],[0.6862,51.5604],[0.2542,51.4536],[0.8043,51.3783],[1.0301,51.3588],[1.1894,51.4055],[1.3647,51.3529],[1.335,51.1207],[0.886,50.9819],[0.8883,50.8927],[0.6726,50.9307],[0.1918,50.7313],[-0.2037,50.7953],[-0.3357,50.8167],[-0.839,50.7218],[-1.1034,50.8167],[-1.3725,50.7663],[-2.0854,50.7028],[-2.0237,50.57],[-2.432,50.6459],[-2.5505,50.57],[-2.9606,50.7218],[-3.1109,50.6574],[-3.5215,50.6174],[-3.5632,50.3614],[-3.715,50.2193],[-3.8817,50.2004],[-4.0042,50.3141],[-4.2426,50.3915],[-4.3033,50.3235],[-4.5406,50.358],[-4.967,50.2122],[-5.2823,49.9638],[-5.4292,50.0679],[-5.7778,50.1341],[-5.2378,50.3463],[-5.0166,50.5605],[-4.8153,50.6042],[-4.6046,50.7787],[-4.5515,50.9972],[-4.4426,50.9687],[-4.2773,51.0637],[-4.281,51.1872],[-3.8252,51.2348],[-3.483,51.1811],[-3.066,51.1777],[-3.0331,51.3299],[-2.8947,51.3938],[-2.7502,51.644],[-3.1728,51.4669],[-3.4991,51.4597],[-4.1593,51.6768],[-4.999,51.7017],[-5.1786,51.7875],[-5.2488,51.8602],[-5.0615,52.0064],[-4.6191,52.0935],[-4.2947,52.2003],[-4.1236,52.3733],[-4.0939,52.7455],[-4.1475,52.8319],[-4.4683,52.8113],[-4.6214,52.831],[-4.4919,52.991],[-4.3175,53.0912],[-3.9567,53.2052],[-3.3295,53.233],[-2.9145,53.2671],[-3.0567,53.5136],[-2.9795,53.8209],[-2.8653,54.0283],[-2.8859,54.1687],[-3.2615,54.1412],[-3.4793,54.2746],[-3.5692,54.415],[-3.4304,54.6431],[-3.1525,54.8381],[-3.3087,54.8847],[-3.5767,54.9245],[-3.9077,54.7897],[-4.1216,54.7624],[-4.4607,54.8624],[-4.5003,54.7751],[-4.5999,54.6878],[-4.9025,54.7341],[-5.1114,54.7941],[-5.0667,54.9485],[-4.91,55.1103],[-4.6384,55.4279],[-4.7705,55.4884],[-4.9078,55.6639],[-4.8951,55.7721],[-4.7584,55.8197],[-4.6233,55.908],[-4.7107,56.1313],[-4.8484,56.0972],[-5.1346,55.8934],[-5.3336,55.8795],[-5.5702,55.7505],[-5.6331,55.9399],[-5.497,56.1773],[-5.3001,56.4287],[-5.2707,56.5441],[-5.4583,56.6321],[-5.5466,56.6524],[-5.6445,56.5163],[-5.8217,56.4005],[-6.0435,56.4748],[-5.909,56.7333],[-5.6659,56.9378],[-5.6253,56.9992],[-5.7263,57.258],[-5.5616,57.2993],[-5.4606,57.3881],[-5.763,57.6198],[-5.5685,57.7774],[-5.23,57.7096],[-5.0556,57.751],[-5.3459,58.0927],[-4.9071,58.169],[-5.1127,58.3949],[-4.9256,58.567],[-4.5099,58.4029],[-4.1389,58.4448],[-3.8305,58.5072],[-3.4405,58.5285],[-3.165,58.5222],[-3.0284,58.4057],[-3.1664,58.2751],[-3.9432,57.9584],[-4.1505,57.8348],[-4.2485,57.6363],[-4.1484,57.5545],[-3.7958,57.5415],[-3.4008,57.5764],[-3.0926,57.577],[-2.854,57.5433],[-2.1504,57.572],[-1.9446,57.4017],[-2.1078,57.2103],[-2.2032,57.0648],[-2.1589,57.0143],[-2.4131,56.7173],[-2.5148,56.6673],[-2.6671,56.471],[-2.9805,56.3536],[-3.1524,56.3368],[-2.9494,56.253],[-2.7209,56.1782],[-2.7729,56.1713],[-2.8953,56.0855],[-3.1698,56.0621],[-3.2935,55.9739],[-3.895,55.9851],[-3.713,55.8847],[-3.5772,55.8847],[-3.3559,55.8427],[-3.1615,55.8457],[-2.9279,55.946],[-2.7421,55.9572],[-2.5403,55.8847],[-2.245,55.811],[-1.942,55.5561],[-1.719,55.4537],[-1.666,55.3796],[-1.696,55.2725],[-1.5556,54.9216],[-1.3889,54.6805],[-1.1921,54.5954],[-0.8706,54.5472],[-0.6048,54.3002],[-0.2955,54.0332],[-0.2349,53.7994],[-0.3192,53.5789],[-0.2037,53.5233]]]]}},{"type":"Feature","properties":{"NAME":null,"ABBREVN":null,"SUBJECTO":null,"BORDERPRECISION":1,"PARTOF":null},"geometry":{"type":"MultiPolygon","coordinates":[[[[56.9604,73.3571],[56.6951,73.4201],[56.265,73.5147],[55.7574,73.5774],[55.4249,73.5529],[54.9936,73.5362],[54.6636,73.472],[54.4787,73.5194],[54.0176,73.7336],[54.3492,73.8699],[54.8936,74.0629],[55.1879,74.1035],[55.8852,74.1048],[55.9456,74.2654],[55.6185,74.4175],[55.7759,74.5385],[55.9645,74.6034],[56.2688,74.612],[56.652,74.6934],[56.5392,74.7659],[56.3026,74.8706],[56.995,75.2731],[57.2261,75.3313],[57.3273,75.2985],[57.7287,75.291],[58.1701,75.5316],[58.5585,75.6816],[59.0176,75.7989],[59.4559,75.8664],[60.043,75.9175],[60.6167,75.8936],[60.949,75.961],[61.3026,76.2379],[61.4255,76.2297],[61.8187,76.2892],[62.5933,76.1648],[62.8053,76.182],[63.6733,76.3263],[64.1046,76.3439],[65.0873,76.4552],[65.9261,76.5074],[66.2733,76.7615],[66.4423,76.8296],[67.5723,76.8912],[68.4567,76.9268],[68.6683,76.8678],[68.8672,76.7664],[68.9368,76.6058],[68.5715,76.3944],[68.3283,76.3183],[67.7225,76.1745],[66.5482,75.9799],[64.6005,75.7595],[63.6165,75.6331],[62.6615,75.4986],[61.8326,75.3565],[60.887,75.2475],[60.4633,75.1561],[60.3337,75.0326],[60.6234,74.9353],[60.4335,74.8378],[60.0088,74.6754],[59.7716,74.6588],[58.8506,74.6894],[58.6564,74.6084],[58.6025,74.5035],[58.8819,74.3914],[58.7331,74.2866],[58.1905,74.0851],[58.0093,74.1489],[57.6712,74.1883],[57.4047,74.0516],[57.7994,73.9243],[57.8228,73.7806],[57.3304,73.4849],[56.9604,73.3571]]],[[[52.6111,72.74],[53.0797,72.9065],[53.3098,73.0413],[53.5023,73.1366],[54.1441,73.1457],[54.7362,73.2577],[55.1807,73.2665],[55.8162,73.3073],[56.0641,73.2761],[56.5085,73.1739],[56.4801,73.0946],[56.2716,72.8572],[56.1359,72.786],[55.8221,72.7539],[55.6227,72.6511],[55.5176,72.478],[55.5204,72.1098],[55.7207,71.6424],[56.1515,71.271],[56.3788,71.1323],[56.7275,70.994],[57.2507,70.8178],[57.2378,70.691],[56.0586,70.731],[55.6788,70.7072],[55.2663,70.5605],[54.9983,70.5217],[54.6941,70.7438],[54.5225,70.7589],[54.0316,70.7195],[53.7286,70.7651],[53.7147,70.9267],[54.3207,71.0898],[54.3535,71.198],[54.3079,71.2057],[53.8831,71.3287],[53.2338,71.5135],[52.5505,71.5899],[52.4019,71.5197],[52.121,71.4649],[51.8149,71.4798],[51.5335,71.6579],[51.4821,71.8447],[51.5851,71.9852],[51.7605,72.0793],[51.9149,72.0952],[52.0583,72.0486],[52.3511,72.0413],[52.584,72.1277],[53.0885,72.4735],[53.1978,72.6309],[53.0529,72.6306],[52.6111,72.74]]],[[[8.1835,56.7985],[8.3589,57.0227],[8.534,57.1406],[8.6613,57.1041],[8.9599,57.1322],[9.3024,57.1658],[9.4487,57.2276],[9.8493,57.5818],[10.2895,57.6719],[10.3901,57.6606],[10.4795,57.7591],[10.5581,57.7451],[10.4012,57.5059],[10.4507,57.458],[10.4628,57.2417],[10.3333,57.1715],[10.2566,57.0059],[9.503,56.9751],[9.3338,57.0227],[9.1412,57.0087],[9.0785,57.0368],[8.9709,57.0003],[8.847,56.9863],[8.7781,56.7985],[8.666,56.7005],[8.5071,56.6473],[8.4709,56.5969],[8.3682,56.6669],[8.1835,56.7985]]],[[[12.0526,55.7031],[12.088,55.967],[12.2377,55.9876],[12.444,55.9677],[12.4692,55.7106],[12.4091,55.5483],[12.3444,55.5077],[12.1584,55.3791],[12.4297,55.2447],[12.3014,55.1703],[12.077,54.9947],[11.9696,54.9542],[11.9073,55.0213],[11.7672,55.176],[11.5848,55.1622],[11.2854,55.1886],[11.2301,55.3368],[11.1019,55.6337],[11.2963,55.6746],[11.5677,55.8848],[11.7281,55.6619],[11.9625,55.5813],[12.0526,55.7031]]],[[[14.0699,53.9178],[14.1742,53.9068],[14.2054,53.8132],[14.1454,53.8265],[14.0684,53.8435],[14.0287,53.8655],[13.8278,53.8297],[13.7774,53.9486],[13.7784,54.0444],[14.0699,53.9178]]],[[[14.2479,53.816],[14.2272,53.9095],[14.3053,53.915],[14.4248,53.915],[14.4729,53.8768],[14.4591,53.8187],[14.3339,53.8297],[14.2479,53.816]]]]}},{"type":"Feature","properties":{"NAME":"Saharan Pastoral Nomads","ABBREVN":"Saharan Pastoral Nomads","SUBJECTO":"Saharan Pastoral Nomads","BORDERPRECISION":1,"PARTOF":"Saharan Pastoral Nomads"},"geometry":{"type":"MultiPolygon","coordinates":[[[[32.768,16.077],[34.2838,16.4812],[34.587,17.997],[34.6236,19.9228],[34.5513,20.1833],[37.1357,21.1281],[37.1278,21.2272],[37.165,20.7643],[37.2546,19.6517],[37.3982,18.915],[37.48,18.8199],[37.7612,18.6426],[37.8951,18.5601],[38.0286,18.4779],[38.3067,18.2498],[38.5275,18.1613],[38.6417,18.0607],[38.6857,18.0028],[38.7562,17.7963],[38.9039,17.3641],[38.9628,17.1916],[39.0088,17.0568],[39.2079,16.3265],[39.5179,15.463],[39.2359,16.2486],[30.5998,11.116],[24.0745,11.182],[23.1999,11.7753],[20.4418,11.9728],[17.751,12.8269],[8.2658,12.3673],[2.3459,13.2856],[-6.2648,13.3511],[-13.3955,14.9167],[-17.0333,14.5648],[-16.8704,14.3635],[-17.0501,14.5856],[-17.2205,14.725],[-17.4332,14.8072],[-17.1902,14.9602],[-16.8648,15.2977],[-16.6003,15.7495],[-16.4501,16.1184],[-16.4057,16.49],[-16.3788,16.7159],[-16.1255,17.3011],[-16.0411,17.6699],[-15.9827,18.1784],[-16.0557,18.6739],[-16.1907,19.0295],[-16.4716,19.3657],[-16.3513,19.4931],[-16.2696,19.6839],[-16.2396,20.1225],[-16.269,20.3639],[-16.3473,20.5226],[-16.7109,20.8904],[-16.8445,20.941],[-17.0213,20.7436],[-17.0462,20.8325],[-17.0519,21.0041],[-17.0161,21.3141],[-16.9837,21.5953],[-16.806,21.9897],[-16.5719,22.238],[-16.3525,22.4927],[-16.2425,22.7217],[-15.714,23.8731],[-15.607,23.9813],[-14.9752,24.5101],[-14.82,24.7329],[-14.7972,25.146],[-14.6712,25.596],[-14.6601,25.6356],[-14.632,25.6821],[-14.3673,26.1192],[-14.1878,26.2721],[-14.0058,26.3615],[-13.6287,26.5911],[-13.4663,26.8138],[-13.316,27.1637],[-13.1236,27.5463],[-13.0601,27.6726],[-12.8662,27.8573],[-12.6741,27.8959],[-12.0906,28.0242],[-11.5765,28.2286],[-11.3727,28.3689],[-10.8562,28.7512],[-10.3393,29.1463],[-9.8696,29.643],[-9.6626,29.9548],[-9.6027,30.1837],[-9.625,30.4061],[-9.817,30.7552],[-9.8578,31.0602],[-9.8133,31.2891],[-9.6353,31.5754],[-9.3176,31.9637],[-9.2223,32.2562],[-9.2508,32.4214],[-9.2187,32.5804],[-8.6403,33.1217],[-8.3144,33.3385],[-7.9024,33.4855],[-7.3326,33.6964],[-7.004,33.875],[-6.753,34.1234],[-5.5608,33.6387],[-4.0112,33.3018],[-1.5858,33.2345],[0.0312,33.504],[3.3999,34.4472],[6.5665,34.5819],[7.5097,34.4472],[8.1422,33.9344],[10.0026,32.426],[13.4386,31.1459],[18.8286,29.7984],[19.1245,30.1989],[19.3188,30.2554],[19.3228,30.2565],[19.6639,30.4415],[19.9815,30.7217],[20.1168,30.9571],[22.0869,30.5978],[25.2107,30.3094],[26.7967,30.1653],[28.623,29.973],[29.9687,28.4351],[29.9206,25.0709],[30.5449,22.7465],[30.2417,21.736],[30.2417,19.2096],[31.1512,16.3802],[32.768,16.077]]],[[[33.3453,23.354],[33.6901,23.5495],[33.6901,23.5495],[33.3453,23.354],[33.3453,23.354]]],[[[35.1899,24.3999],[35.1899,24.3999],[35.1899,24.3999],[35.1899,24.3999]]],[[[5.3595,5.3683],[5.3546,5.3623],[5.4482,5.4769],[5.3595,5.3683]]],[[[43.7243,0.8003],[44.3007,1.2908],[44.1366,1.1511],[43.7243,0.8003]]]]}},{"type":"Feature","properties":{"NAME":"Carthaginian Empire","ABBREVN":"Carth. Empir","SUBJECTO":"Carthaginian Empire","BORDERPRECISION":1,"PARTOF":"Carthaginian Empire"},"geometry":{"type":"MultiPolygon","coordinates":[[[[-7.2278,37.2259],[-3.7692,37.6626],[-1.6065,38.3835],[-0.1606,39.886],[-0.2037,39.7994],[-0.2845,39.6368],[-0.3948,39.4345],[-0.2359,39.0624],[-0.2037,39.0127],[-0.1657,38.9541],[0.1261,38.8214],[0.1726,38.7383],[-0.107,38.5915],[-0.2037,38.544],[-0.4352,38.4303],[-0.5641,38.2149],[-0.6647,38.1766],[-0.8723,37.7598],[-0.8026,37.615],[-0.9183,37.5703],[-1.3646,37.5484],[-1.6257,37.4395],[-1.8169,37.2925],[-1.9405,36.9516],[-2.2388,36.7284],[-2.3551,36.8241],[-2.6243,36.8113],[-2.7615,36.6901],[-2.9153,36.6901],[-2.9698,36.7411],[-4.4466,36.722],[-4.7573,36.4861],[-5.2167,36.4096],[-5.3742,36.2375],[-5.3867,36.11],[-5.4243,36.0717],[-5.4571,36.1674],[-5.4879,36.1737],[-5.4855,36.0654],[-5.6606,36.008],[-5.85,36.0717],[-6.2045,36.2821],[-6.305,36.4542],[-6.2889,36.5722],[-6.444,36.6232],[-6.5005,36.7188],[-6.4217,36.7922],[-6.6322,37.0218],[-6.948,37.1493],[-7.0101,37.1653],[-7.2278,37.2259]]],[[[8.8196,38.9769],[8.6961,38.9958],[8.5824,39.0658],[8.4172,39.2122],[8.3742,39.3078],[8.465,39.6399],[8.5085,39.9465],[8.488,40.2088],[8.4282,40.4649],[8.2016,40.663],[8.1595,40.7847],[8.2407,40.8553],[8.4056,40.8621],[8.7661,40.8628],[8.9184,40.94],[9.3062,41.1844],[9.5909,40.9029],[9.7937,40.5637],[9.7878,40.442],[9.6957,40.3137],[9.6308,40.0959],[9.698,39.6935],[9.6483,39.4572],[9.4789,39.1442],[9.2963,39.2331],[9.0625,39.2199],[8.9985,39.1751],[8.9314,39.0537],[8.8196,38.9769]]],[[[13.6083,37.2687],[13.0116,37.5249],[12.6369,37.5815],[12.532,37.6387],[12.4541,37.766],[12.5166,37.9192],[12.6643,38.0725],[12.7828,38.1174],[13.066,38.0669],[13.3225,38.2205],[13.628,38.0298],[13.8095,37.9664],[13.6083,37.2687]]],[[[10.9565,33.5751],[11.0991,33.5372],[11.2089,33.2515],[11.4707,33.1441],[12.117,32.8785],[12.5648,32.7396],[12.7989,32.7338],[13.1871,32.7918],[13.4588,32.7796],[14.157,32.6794],[14.4334,32.4639],[14.7908,32.363],[15.0098,32.3634],[15.1637,32.2748],[15.2414,32.1733],[15.3581,31.805],[15.5334,31.5512],[15.8433,31.285],[16.0134,31.2282],[16.3184,31.1653],[16.7825,31.1281],[16.9838,31.0967],[17.4216,30.996],[17.709,30.8949],[17.9572,30.7684],[18.5372,30.4137],[18.6083,30.3745],[18.8854,30.2212],[18.915,30.2049],[19.1245,30.1989],[18.8286,29.7984],[13.4386,31.1459],[10.0026,32.426],[8.1422,33.9344],[7.5097,34.4472],[6.5665,34.5819],[3.3999,34.4472],[0.0312,33.504],[-1.5858,33.2345],[-4.0112,33.3018],[-5.5608,33.6387],[-6.753,34.1234],[-6.5115,34.4543],[-6.472,34.5309],[-6.3277,34.8116],[-6.302,34.8614],[-5.9288,35.7279],[-5.8079,35.7854],[-5.565,35.8623],[-5.4794,35.8052],[-5.1718,35.4238],[-5.1096,35.3793],[-4.593,35.1512],[-4.2954,35.1518],[-4.0279,35.1332],[-3.4408,35.1663],[-3.2058,35.2686],[-3.009,35.39],[-2.8299,35.1421],[-2.7148,35.0977],[-2.3557,35.0539],[-2.3259,35.054],[-2.193,35.0542],[-2.0353,35.0546],[-1.7383,35.1188],[-1.4951,35.2339],[-1.3291,35.4889],[-1.1467,35.6294],[-0.9175,35.668],[-0.7343,35.7385],[-0.4288,35.8601],[-0.283,35.7585],[-0.2037,35.7507],[-0.0917,35.7398],[0.0153,35.8037],[0.1987,36.0333],[0.4744,36.225],[0.7812,36.3849],[1.0576,36.4619],[1.5797,36.5139],[2.2938,36.5408],[2.5244,36.5732],[2.8099,36.7139],[3.07,36.6189],[3.3238,36.6512],[3.5869,36.792],[3.7412,36.8369],[4.1639,36.8314],[4.3946,36.8382],[4.5326,36.813],[4.6321,36.7941],[4.7772,36.7434],[5.1445,36.6677],[5.3827,36.6745],[5.7302,36.7517],[6.0474,36.8416],[6.3229,37.0906],[6.7705,36.8621],[6.923,36.8178],[7.0632,36.8819],[7.2049,36.9905],[7.307,37.0608],[7.5449,37.0421],[7.719,36.9533],[7.792,36.8324],[7.9132,36.7752],[8.145,36.8139],[8.6367,36.8853],[8.8655,36.9684],[9.1503,37.1729],[9.4161,37.2754],[9.7322,37.2824],[10.0214,37.2001],[10.1327,37.1047],[10.1589,36.9965],[10.2715,36.7546],[10.3928,36.7166],[10.5806,36.7934],[10.8433,36.9915],[11.0238,37.0683],[11.0394,36.909],[10.9201,36.6539],[10.6334,36.424],[10.5092,36.2136],[10.5115,36.0862],[10.6026,35.8889],[10.8308,35.6793],[10.989,35.6223],[11.1251,35.2406],[11.0828,35.145],[10.8394,34.8012],[10.574,34.6481],[10.1164,34.2342],[10.0195,34.0815],[10.1487,33.8784],[10.4126,33.6311],[10.6502,33.4982],[10.7781,33.473],[10.9565,33.5751]]]]}},{"type":"Feature","properties":{"NAME":"Greek city-states","ABBREVN":"Greeks","SUBJECTO":"Greek city-states","BORDERPRECISION":1,"PARTOF":"Greek city-states"},"geometry":{"type":"MultiPolygon","coordinates":[[[[14.622,36.7761],[14.2159,37.0493],[13.8684,37.157],[13.6083,37.2687],[13.8095,37.9664],[14.1345,37.9735],[14.7659,38.0576],[15.3867,38.2055],[15.4537,38.1674],[15.4729,38.1101],[15.4225,38.0526],[15.181,37.6823],[15.1122,37.459],[15.1162,37.2869],[15.3013,37.0579],[15.2206,37.0004],[15.0273,36.7451],[14.9424,36.7386],[14.622,36.7761]]],[[[16.946,41.0938],[17.2586,40.956],[17.3193,40.9293],[18.0339,40.5967],[18.0599,40.5135],[18.3836,40.3078],[18.5226,40.0941],[18.4337,39.8984],[18.3649,39.7467],[18.1601,39.8731],[18.0171,39.9479],[17.9677,40.1669],[17.8496,40.2435],[17.6191,40.2878],[17.4017,40.2919],[17.2042,40.3979],[17.2428,40.4958],[17.0841,40.5251],[16.9487,40.4811],[16.8441,40.3631],[16.7276,40.1836],[16.6044,40.0899],[16.6239,39.9678],[16.535,39.8316],[16.5321,39.6975],[16.874,39.5437],[17.1491,39.4218],[17.1074,39.2805],[17.121,39.086],[17.1807,39.0222],[17.0947,38.915],[16.7977,38.9259],[16.6133,38.8273],[16.5222,38.725],[16.572,38.4571],[16.3307,38.3207],[16.0529,37.9312],[15.7852,37.9097],[15.7102,37.9414],[15.6275,38.0042],[15.6266,38.2331],[15.7909,38.2964],[15.9335,38.5399],[15.8273,38.6227],[15.9898,38.7348],[16.1522,38.7013],[16.2122,38.778],[16.1772,38.931],[16.0826,39.0125],[15.9896,39.4284],[15.8465,39.6299],[15.8247,39.6606],[15.757,39.9336],[15.6662,40.0919],[15.5159,40.0659],[15.432,39.989],[15.0273,40.2122],[14.8987,40.2415],[15.4723,40.7948],[15.572,40.7467],[16.1506,41.0052],[15.9645,41.0588],[16.4203,41.2787],[16.946,41.0938]]]]}},{"type":"Feature","properties":{"NAME":"Achaemenid Empire","ABBREVN":"Achaemenid Empire","SUBJECTO":"Achaemenid Empire","BORDERPRECISION":1,"PARTOF":"Achaemenid Empire"},"geometry":{"type":"MultiPolygon","coordinates":[[[[72.6337,34.5906],[71.4122,34.5726],[70.619,34.2554],[71.4023,32.8701],[70.8111,31.6876],[70.9618,29.1863],[68.1909,27.3082],[68.1226,26.2151],[68.5325,25.4636],[67.486,23.9281],[67.3159,24.0929],[67.2042,24.5882],[67.1536,24.6516],[66.9995,24.7148],[66.7017,24.7523],[66.6542,24.7839],[66.6481,24.9046],[66.7005,25.1144],[66.6205,25.3175],[66.4323,25.4886],[66.3001,25.4947],[65.7688,25.3093],[65.2157,25.2701],[64.8512,25.2058],[64.425,25.1731],[64.2383,25.2108],[64.1201,25.3122],[64.0592,25.401],[63.6503,25.3366],[63.4035,25.1646],[63.0181,25.1574],[62.4496,25.1626],[62.1383,25.1048],[61.8133,25.0533],[61.57,25.0396],[61.344,25.0269],[60.8583,25.0957],[60.7522,25.1844],[60.4796,25.2982],[60.2982,25.3232],[59.6546,25.3219],[59.3021,25.3402],[59.0315,25.3079],[58.818,25.4789],[58.7444,25.536],[58.3687,25.5479],[58.1096,25.5473],[57.9005,25.5409],[57.8051,25.6483],[57.4649,25.7048],[57.328,25.7871],[57.2548,25.7933],[57.2451,26.0185],[57.1124,26.0762],[57.0663,26.3075],[56.935,26.4645],[56.9291,26.7519],[56.7904,26.9739],[56.6836,26.9684],[56.6678,27.0499],[56.4309,27.1066],[56.0678,27.1122],[55.8997,27.1048],[55.8053,27.0051],[55.6576,26.9969],[55.4249,26.9631],[55.3401,26.7994],[55.0981,26.7374],[54.9255,26.538],[54.7599,26.4106],[54.6461,26.3913],[54.0649,26.7014],[53.6339,26.7479],[53.3807,26.9096],[52.8908,27.0523],[52.7799,27.1878],[52.6338,27.3146],[52.4104,27.581],[51.9616,27.7769],[51.6989,27.8145],[51.6113,27.827],[51.3501,28.0361],[51.0823,28.512],[50.7968,29.0133],[50.7025,29.1338],[50.7047,29.4006],[50.3598,29.7429],[50.1324,30.0664],[49.7178,30.0021],[49.511,30.0207],[49.4524,30.0777],[49.3214,30.1029],[49.2351,30.2234],[49.2222,30.4775],[49.0202,30.4326],[48.9457,30.3879],[48.8013,30.0827],[48.7138,30.0],[48.5536,29.9946],[48.5106,29.9932],[48.2118,29.9481],[48.0283,29.9731],[47.9572,29.9476],[47.9114,29.8903],[47.9359,29.8014],[47.996,29.4903],[47.8449,29.5032],[47.614,29.2722],[41.9498,32.2086],[41.0577,32.8948],[38.7931,32.8948],[37.9082,32.7794],[37.2148,32.6889],[35.7711,31.6396],[35.0875,30.4244],[38.58,27.2925],[38.4172,26.3158],[37.0053,25.5347],[36.6693,26.0168],[36.3298,26.4028],[36.3122,26.4227],[35.8311,27.0952],[35.5948,27.514],[35.4365,27.7297],[35.1116,28.0721],[34.8756,28.097],[34.7639,28.0967],[34.7989,28.2302],[34.8856,28.3575],[35.0257,28.9486],[35.0721,29.2114],[35.0955,29.3427],[35.0734,29.4189],[34.9847,29.4672],[34.9543,29.4368],[34.9355,29.4181],[34.7643,29.2467],[34.5489,28.7316],[34.3988,28.096],[34.322,27.829],[34.2412,27.7589],[34.058,27.7903],[33.856,28.025],[33.5041,28.3292],[33.3307,28.5512],[33.1785,28.9956],[32.9438,29.1984],[32.8136,29.4777],[32.7373,29.6935],[32.648,29.8522],[32.4384,29.7755],[32.3185,29.5402],[32.5906,28.9372],[32.6493,28.7658],[32.9347,28.3788],[33.3542,27.9095],[33.5669,27.37],[33.8041,26.9321],[33.9288,26.5638],[34.1042,26.3545],[34.5148,25.5739],[34.9974,24.7172],[35.1899,24.3999],[33.6572,24.018],[33.6901,23.5495],[33.3453,23.354],[32.4649,23.4539],[31.5554,23.2518],[30.5449,22.7465],[29.9206,25.0709],[29.9687,28.4351],[28.623,29.973],[26.7967,30.1653],[25.2107,30.3094],[22.0869,30.5978],[20.1168,30.9571],[20.1167,31.0715],[19.9921,31.3508],[19.9416,31.6112],[19.9615,31.7955],[20.0684,32.0371],[20.3657,32.2982],[20.5155,32.3875],[20.7651,32.496],[21.0545,32.6301],[21.6734,32.8156],[22.216,32.7913],[22.5431,32.7221],[22.9228,32.5577],[23.0073,32.4816],[23.0267,32.2529],[23.1533,32.1388],[23.2886,32.1327],[23.714,32.0764],[23.7424,32.0641],[24.0344,31.9373],[24.2369,31.925],[24.8159,31.9072],[24.9515,31.8185],[24.9822,31.647],[25.1066,31.5138],[25.2582,31.4379],[25.5072,31.4448],[25.7895,31.4898],[26.1433,31.4906],[26.824,31.3586],[27.0881,31.3067],[27.4388,31.2518],[27.7633,31.1826],[27.9194,30.9987],[28.0998,30.9991],[28.5172,30.9618],[28.9664,30.7848],[29.2488,30.7537],[29.3594,30.8111],[29.6831,31.0532],[30.0991,31.2319],[30.4761,31.3153],[30.8271,31.4367],[30.996,31.4689],[31.1514,31.4437],[31.3923,31.4443],[31.7174,31.3878],[31.8081,31.1783],[32.0765,31.0137],[32.3094,31.084],[32.5972,30.9639],[32.7687,30.9516],[33.0214,31.1321],[33.1296,31.0517],[33.2546,31.0265],[33.5576,30.9677],[33.7096,30.9957],[33.917,31.0701],[34.1463,31.2086],[34.1953,31.2381],[34.5007,31.6211],[34.5991,31.8179],[34.6813,32.046],[34.7585,32.3007],[34.8429,32.6707],[34.895,32.6628],[34.9566,32.7048],[34.9591,32.7967],[34.972,32.9384],[35.089,33.0693],[35.1323,33.2315],[35.2084,33.3336],[35.3561,33.6398],[35.3486,33.7445],[35.4299,33.7445],[35.4919,33.8308],[35.5244,33.9748],[35.5321,34.1187],[35.7162,34.3124],[35.821,34.3438],[35.8731,34.4223],[35.8519,34.4929],[35.7508,34.7468],[35.8089,35.0138],[35.8414,35.0426],[35.7964,35.2707],[35.6073,35.4175],[35.664,35.4595],[35.6804,35.5277],[35.7332,35.5854],[35.6914,35.685],[35.7395,35.6903],[35.8559,35.8345],[35.8291,35.8848],[35.7185,36.0916],[35.6649,36.1335],[35.7086,36.2122],[35.8141,36.2985],[35.8172,36.301],[36.0953,36.4825],[36.1045,36.5612],[36.0824,36.6215],[35.9568,36.7475],[35.8909,36.7711],[35.6717,36.6058],[35.5676,36.5874],[35.5062,36.5586],[35.5476,36.5402],[35.4946,36.4431],[35.4171,36.4326],[35.3887,36.4536],[35.3542,36.4142],[35.2205,36.388],[35.0714,36.4877],[34.8699,36.5769],[34.6624,36.6478],[34.4851,36.6268],[34.1032,36.3803],[33.9517,36.2516],[33.9541,36.1598],[33.891,36.1388],[33.8359,36.1073],[33.8337,36.0706],[33.7532,36.1466],[33.4817,36.0543],[33.1713,35.9709],[32.9041,35.9767],[32.6403,36.008],[32.335,36.1284],[31.902,36.4969],[31.3707,36.7123],[30.9053,36.7942],[30.5936,36.7617],[30.5401,36.647],[30.4967,36.373],[30.4728,36.1883],[30.3949,36.118],[30.2799,36.1178],[30.1661,36.1876],[29.662,36.0783],[29.4719,36.0907],[29.2982,36.1731],[29.0023,36.6948],[28.8135,36.5352],[28.4698,36.7383],[28.2669,36.7124],[28.0142,36.5272],[27.9119,36.6989],[27.9419,36.7563],[28.051,36.833],[27.9988,36.9094],[27.5535,36.9148],[27.3081,36.9207],[27.2686,37.0417],[27.5256,37.1314],[27.4925,37.2397],[27.3646,37.3286],[27.1604,37.3601],[27.1226,37.4939],[27.1411,37.6469],[27.1798,37.7744],[27.1398,37.8891],[26.9614,37.9461],[26.6793,38.1049],[26.5123,38.0663],[26.3932,38.1044],[26.3916,38.2191],[26.4687,38.4448],[26.5274,38.4182],[26.7425,38.2784],[26.9974,38.4001],[26.8197,38.5273],[26.8288,38.583],[26.6957,38.6408],[26.7095,38.6986],[26.9664,38.7699],[27.0349,38.8211],[27.0042,38.8848],[26.9368,38.9246],[26.7853,38.9403],[26.7898,39.0244],[26.8708,39.056],[26.7971,39.1296],[26.7079,39.1821],[26.7041,39.2505],[26.6022,39.2557],[26.7202,39.3372],[26.8535,39.4608],[26.9262,39.4765],[26.9575,39.5483],[26.8043,39.5672],[26.5462,39.5133],[26.139,39.4397],[26.0641,39.4555],[26.0849,39.604],[26.1419,39.6606],[26.1407,39.75],[26.1276,39.8786],[26.186,39.9972],[26.3203,39.9919],[26.4031,40.1765],[26.4817,40.187],[26.7653,40.3769],[26.9965,40.3717],[27.0561,40.4297],[27.2718,40.4508],[27.3292,40.3558],[27.4496,40.3098],[27.526,40.2971],[27.7639,40.2873],[27.8302,40.3453],[27.7998,40.4033],[27.6793,40.4614],[27.8078,40.5036],[27.9538,40.4877],[28.0065,40.4508],[27.9082,40.3506],[28.004,40.3621],[28.4777,40.3951],[28.7564,40.3765],[28.9268,40.3558],[29.0524,40.3347],[29.1223,40.4139],[29.0835,40.4561],[28.8732,40.4719],[28.778,40.5247],[28.9016,40.6201],[29.5252,40.6883],[29.7131,40.6936],[29.8827,40.7464],[29.6834,40.7516],[29.4172,40.7411],[29.3204,40.7411],[29.2896,40.8067],[29.0145,40.9787],[29.1612,41.2164],[29.5778,41.1534],[30.1376,41.1318],[30.2561,41.1847],[30.7448,41.0403],[31.2177,41.0541],[31.4041,41.1635],[31.3857,41.285],[31.6664,41.3948],[31.8713,41.4914],[32.419,41.7492],[32.6879,41.846],[33.1555,41.9496],[33.5555,41.9825],[33.8967,41.9511],[34.3039,41.8941],[34.6629,41.8756],[35.0019,42.0432],[35.0988,41.8059],[35.2861,41.6715],[35.4114,41.6268],[35.6779,41.6209],[35.9578,41.6856],[36.1614,41.3525],[36.3829,41.2375],[36.6412,41.315],[36.817,41.2897],[37.2528,41.0277],[37.8218,41.0096],[38.314,40.9209],[38.6512,40.9216],[39.1386,41.0443],[39.3702,41.064],[39.663,41.0005],[40.0067,40.9563],[40.361,40.9634],[40.6099,41.028],[41.2778,41.28],[41.2931,41.2858],[41.484,41.4365],[41.5211,41.4658],[41.6661,41.7292],[41.6805,41.7933],[44.484,41.4504],[44.8256,40.7672],[46.4652,40.6306],[46.9106,40.1298],[47.0118,40.1523],[47.695,40.4256],[48.955,40.3218],[49.669,40.2403],[49.5733,40.1765],[49.552,40.0914],[49.5414,39.8786],[49.4882,39.7616],[49.4456,39.6553],[49.4031,39.4851],[49.4988,39.3787],[49.4882,39.2936],[49.3818,39.3255],[49.3393,39.283],[49.3074,39.134],[49.2754,39.017],[49.2223,39.0383],[49.1797,39.1447],[49.1159,39.1872],[49.0414,39.1447],[49.0201,39.0064],[49.0521,38.9319],[48.9989,38.8787],[48.9457,38.8362],[48.9882,38.7192],[48.825,38.3096],[48.8315,38.3063],[48.8092,37.9886],[48.7448,37.727],[48.8372,37.511],[49.0595,37.3976],[49.4758,37.2916],[49.848,37.2682],[50.0387,37.2247],[50.1113,37.0978],[50.2522,36.8948],[50.561,36.6864],[51.417,36.4557],[51.7955,36.4323],[51.9931,36.4589],[52.6022,36.5769],[53.139,36.6435],[53.7997,36.679],[53.9845,36.7819],[54.0674,36.9415],[54.0087,37.3487],[54.0151,37.3483],[53.9852,37.5177],[53.9278,37.8242],[53.8799,38.0254],[53.9373,38.1594],[53.9373,38.3318],[53.9373,38.5713],[53.9852,38.6575],[54.0331,38.7916],[54.0714,38.8969],[54.0331,38.9927],[56.8117,39.1757],[57.4629,40.1524],[57.6256,42.4313],[57.9512,43.0825],[60.0674,44.222],[63.6486,45.687],[66.4159,45.0359],[67.881,43.8964],[67.881,43.0825],[69.1833,43.0825],[70.6483,43.8964],[71.7878,43.8964],[74.5551,43.2453],[75.0435,42.4313],[73.7412,40.4779],[73.0901,38.8501],[72.7809,35.0622],[72.6337,34.5906]]]]}},{"type":"Feature","properties":{"NAME":"Greek city-states","ABBREVN":"Greeks","SUBJECTO":"Greek city-states","BORDERPRECISION":1,"PARTOF":"Greek city-states"},"geometry":{"type":"MultiPolygon","coordinates":[[[[7.9795,43.9649],[7.6891,43.887],[7.5528,43.8675],[7.4675,43.8108],[7.3971,43.7641],[7.2976,43.6673],[6.9231,43.4477],[6.523,43.1509],[6.3312,43.1119],[6.1878,43.0923],[5.8286,43.0208],[5.6466,43.0333],[5.4345,43.1037],[5.0518,43.3281],[4.9098,43.3664],[4.7506,43.3533],[4.6465,43.3209],[4.4168,43.3461],[4.0782,43.4871],[3.8075,43.4672],[3.4787,43.3121],[3.3179,43.196],[3.0679,42.9446],[3.0019,42.7708],[3.0459,42.5395],[3.0685,42.4459],[3.0871,42.3686],[3.0865,42.3291],[3.0863,42.1207],[3.1566,42.0757],[3.1289,41.8572],[2.6283,41.6195],[2.4785,43.1414],[3.1994,43.8142],[4.6412,44.0064],[5.6505,43.7661],[6.4194,43.9103],[7.2364,44.2948],[7.9795,43.9649]]],[[[9.4322,42.7941],[9.4055,42.5806],[9.4586,42.5561],[9.4867,42.4064],[9.4525,42.0483],[9.3575,41.9012],[9.3045,41.5753],[9.173,41.3499],[9.0389,41.3695],[9.0133,41.4577],[8.8288,41.492],[8.7269,41.5606],[8.8546,41.6537],[8.8233,41.688],[8.6269,41.7321],[8.7424,41.8816],[8.6928,41.9135],[8.5619,41.8816],[8.5379,41.9478],[8.5896,41.9576],[8.6683,42.0287],[8.6265,42.0973],[8.5107,42.1341],[8.5172,42.2077],[8.6284,42.2617],[8.5004,42.3598],[8.6093,42.4873],[8.879,42.6248],[9.0004,42.6346],[9.0184,42.691],[9.1495,42.7107],[9.2377,42.664],[9.2804,42.7279],[9.2705,42.8825],[9.3032,42.9832],[9.3671,42.9881],[9.4142,42.9095],[9.4322,42.7941]]]]}},{"type":"Feature","properties":{"NAME":"Saami","ABBREVN":"Saami","SUBJECTO":"Saami","BORDERPRECISION":1,"PARTOF":"Saami"},"geometry":{"type":"MultiPolygon","coordinates":[[[[34.7261,65.7803],[25.1956,65.268],[25.2515,65.4169],[25.1036,65.5401],[24.5911,65.5828],[24.2148,65.7859],[23.9477,65.7967],[23.8441,65.7985],[23.4057,65.7248],[23.204,65.6808],[22.7982,65.8548],[22.6456,65.9348],[22.4898,65.8834],[22.2016,65.7153],[21.9575,65.4457],[21.8187,65.3801],[21.5223,65.3723],[21.2773,65.2123],[21.4237,65.1039],[21.4894,65.0172],[21.3294,64.8944],[20.9212,64.7138],[21.0643,64.592],[21.237,64.5205],[21.3858,64.3846],[21.0489,64.2192],[20.8733,64.0328],[20.8665,64.0256],[20.7007,63.8181],[19.9849,63.5173],[19.6703,63.3885],[19.465,63.4807],[19.3182,63.4448],[19.0759,63.2025],[18.785,63.138],[18.4866,62.9812],[18.3889,62.8534],[18.3032,62.7894],[17.9674,62.7746],[17.8682,62.7886],[17.9363,62.548],[17.8319,62.4565],[16.5737,62.525],[15.4301,61.8661],[11.5284,61.8978],[10.1554,64.0993],[10.7398,64.3862],[10.8906,64.4725],[10.9966,64.4942],[11.2135,64.4157],[11.3641,64.416],[11.5077,64.5167],[11.4065,64.617],[11.4699,64.6746],[11.6897,64.7757],[11.8956,64.9127],[12.1121,65.1299],[12.2222,65.1011],[12.5265,65.109],[12.4962,65.3845],[12.2841,65.4349],[12.4792,65.617],[12.7091,65.9089],[13.0874,65.8804],[13.1088,66.0337],[13.1519,66.1361],[13.581,66.1881],[13.4028,66.3488],[13.2554,66.3925],[13.1686,66.4583],[13.2421,66.5685],[13.3832,66.679],[13.592,66.6573],[13.9916,66.6875],[13.7472,66.9224],[13.8591,66.9594],[14.0547,66.9746],[14.3731,67.0931],[14.6393,67.1231],[14.7777,67.2165],[14.6165,67.2453],[14.5692,67.3293],[14.6991,67.3744],[14.9762,67.5229],[15.2267,67.5086],[15.3845,67.4644],[15.5799,67.5833],[15.7457,67.5973],[15.7618,67.6763],[15.5722,67.8207],[15.8542,67.9252],[15.9197,68.049],[16.0711,68.0447],[16.2327,67.9111],[16.4116,67.8742],[16.6485,68.0457],[16.5219,68.3409],[16.7191,68.3114],[17.0333,68.3376],[17.1264,68.4161],[16.8548,68.5578],[17.0397,68.6585],[17.4069,68.7715],[17.4489,68.887],[17.5659,68.9744],[17.8947,69.0351],[17.9281,69.0051],[18.0515,69.0279],[18.0974,69.058],[18.3191,69.3594],[18.5532,69.2469],[18.9848,69.3154],[19.1702,69.2555],[19.2892,69.2106],[19.58,69.1811],[19.8212,69.3697],[20.1577,69.7478],[20.2864,69.7859],[20.3583,69.7104],[20.2782,69.5818],[20.1965,69.3177],[20.5527,69.5219],[20.7339,69.7792],[21.1027,69.8177],[21.412,70.0154],[21.6086,69.9625],[21.9081,69.804],[22.1633,70.0931],[22.3064,70.2156],[22.7456,70.1706],[23.2036,69.9428],[23.2925,70.0113],[23.5084,70.2791],[23.8273,70.4788],[23.9549,70.5021],[24.2077,70.4719],[24.3596,70.6103],[24.5705,70.7414],[24.849,70.8266],[25.389,70.9046],[25.8321,70.8978],[25.2307,70.5582],[25.1224,70.4352],[25.0741,70.1444],[25.263,70.1065],[25.574,70.3671],[26.2627,70.7907],[26.6065,70.9146],[26.6191,70.7991],[26.6174,70.392],[26.9344,70.4693],[27.1311,70.5771],[27.516,70.9703],[27.9475,71.0174],[28.2112,71.0179],[28.3084,70.9486],[28.1364,70.8327],[27.9853,70.717],[28.0189,70.6095],[27.8754,70.4251],[28.2897,70.3722],[28.3889,70.5718],[28.7948,70.8648],[28.9843,70.8574],[29.7412,70.605],[30.0414,70.5441],[30.462,70.5373],[30.7542,70.4304],[30.7988,70.308],[30.2519,70.1311],[29.7349,70.1149],[28.7301,70.1359],[28.8171,70.0979],[29.08,69.9612],[29.5559,69.8334],[29.7286,69.6976],[30.0558,69.7209],[30.3613,69.7668],[30.7354,69.7524],[31.0538,69.6396],[31.3313,69.6628],[31.7822,69.777],[32.0716,69.8835],[32.076,69.8154],[32.1906,69.6417],[32.3517,69.5137],[32.5963,69.4236],[33.0096,69.3867],[33.2806,69.342],[33.3156,69.0713],[33.6284,69.2147],[33.818,69.1925],[34.3051,69.1708],[34.6989,69.1641],[34.9341,69.1494],[35.4366,69.1504],[36.0183,69.0237],[37.2459,68.7935],[37.6886,68.6296],[38.4064,68.2427],[38.6685,68.1463],[39.3347,68.0359],[39.9181,67.9404],[40.8261,67.66],[40.9734,67.5344],[40.9508,67.3347],[41.0169,67.2019],[41.2088,67.0695],[41.2553,66.937],[41.147,66.7823],[40.8364,66.5614],[40.3451,66.3186],[39.9775,66.2009],[39.19,66.0387],[38.7821,66.0015],[38.0479,66.0074],[37.4224,66.0938],[36.5052,66.1725],[35.7717,66.2589],[35.1677,66.4115],[34.153,66.6296],[33.6513,66.6801],[33.4375,66.7017],[33.1577,66.9145],[32.991,66.9878],[32.6443,67.0461],[32.2194,66.9937],[32.3578,66.9203],[32.4247,66.891],[32.7535,66.649],[32.9709,66.5834],[33.4697,66.3131],[33.8442,66.1821],[34.2585,66.1098],[34.5437,66.0008],[34.7262,65.797],[34.7261,65.7803]]]]}},{"type":"Feature","properties":{"NAME":"Finno-Ugric taiga hunter-gatherers","ABBREVN":"Finno-Ugric taiga hunter-gatherers","SUBJECTO":"Finno-Ugric taiga hunter-gatherers","BORDERPRECISION":1,"PARTOF":"Finno-Ugric taiga hunter-gatherers"},"geometry":{"type":"MultiPolygon","coordinates":[[[[34.2934,65.3962],[34.332,65.3455],[34.4257,65.1065],[34.7729,64.6822],[34.8148,64.4598],[34.8846,64.3668],[35.0818,64.2883],[35.6233,64.2536],[36.0155,64.197],[36.24,63.9186],[36.4206,63.8761],[36.9875,63.8415],[37.2465,63.7849],[37.4105,63.7495],[37.5915,63.8069],[37.9449,63.8504],[38.0541,63.9863],[38.0539,64.1293],[37.8799,64.3079],[37.6681,64.3433],[37.4633,64.3],[37.262,64.3139],[36.9967,64.4066],[36.5685,64.7646],[36.8839,65.0677],[37.1019,65.0681],[37.6041,64.8528],[38.2529,64.7031],[39.1934,64.511],[39.6216,64.476],[39.9971,64.5412],[40.3222,64.4629],[40.4398,64.5636],[40.4621,64.7503],[40.366,64.8579],[39.9794,65.1531],[39.8231,65.4356],[39.9513,65.5812],[40.0369,65.6031],[40.6814,65.7936],[41.3542,65.9552],[41.6233,66.0652],[42.1334,66.3879],[42.2108,66.41],[42.4185,66.3811],[43.2414,66.2509],[43.8762,66.011],[44.0294,66.0112],[44.0528,66.0405],[44.1221,66.2672],[44.3836,66.612],[44.362,66.906],[44.2192,67.0898],[43.8381,67.1629],[43.7036,67.2659],[44.2158,67.7183],[44.2611,67.8296],[44.1687,68.097],[43.8222,68.3273],[43.8532,68.4692],[44.012,68.4919],[44.6678,68.3886],[45.5796,68.4425],[45.8634,68.3833],[46.162,68.1082],[46.4394,67.9079],[46.6341,67.7005],[46.1641,67.6774],[45.4626,67.6391],[45.0925,67.5421],[44.8712,67.3124],[44.9571,67.2314],[45.3856,67.0994],[45.7154,66.8496],[46.0768,66.7621],[46.4021,66.7186],[46.9726,66.7785],[47.5712,66.8163],[47.7062,66.8901],[47.8221,67.1113],[47.9529,67.3773],[48.0807,67.5625],[48.6353,67.6524],[49.1856,67.8388],[49.6301,67.9362],[50.4959,68.1535],[51.139,68.2664],[51.8308,68.4094],[52.2449,68.5446],[52.3374,68.3357],[52.4627,68.2987],[52.7197,68.3514],[52.9388,68.4712],[53.0058,68.6806],[53.1794,68.7557],[53.5024,68.8163],[53.8891,68.787],[53.8084,68.6073],[53.7821,68.3384],[53.3959,68.3004],[53.3162,68.2332],[53.3168,68.1364],[53.6257,68.0477],[53.854,68.0853],[54.3797,68.1607],[54.576,68.1611],[54.6485,68.0719],[54.7523,68.0498],[54.8772,68.1095],[54.996,68.2065],[55.1265,68.4006],[55.3354,68.4831],[55.7229,68.5361],[56.1951,68.5669],[56.5403,68.5526],[57.0242,68.4489],[57.3637,68.457],[57.5259,68.4946],[57.9592,68.7048],[58.4093,68.8329],[58.7704,68.856],[59.199,68.7744],[59.3459,68.6999],[59.062,68.4975],[59.1198,68.3931],[59.2177,68.3485],[59.5019,68.2894],[59.7623,68.2974],[59.892,68.402],[59.9254,68.5813],[60.0791,68.619],[60.5121,68.5899],[60.7563,68.6725],[60.9341,68.8151],[60.986,69.0026],[60.3692,69.4677],[60.5517,69.5434],[60.8487,69.71],[61.03,69.7406],[61.3043,69.7335],[62.2813,69.7051],[62.8539,69.6156],[63.4123,69.5487],[63.9232,69.4592],[64.873,69.2277],[65.3554,69.1834],[66.1255,68.9972],[66.5843,68.8855],[67.1717,68.6471],[67.6455,68.4481],[67.8265,68.3721],[68.2154,68.2014],[68.3846,68.1793],[68.4879,68.2242],[69.0026,68.6954],[69.109,68.8303],[68.6918,68.8145],[68.5118,68.8367],[68.2577,68.9411],[68.0935,69.1359],[68.1059,69.4293],[67.7787,69.5569],[66.8844,69.6231],[66.799,69.7437],[66.828,69.8194],[66.9649,69.9558],[67.2772,70.0706],[67.3833,70.1394],[67.4218,70.2234],[67.3982,70.5985],[67.2853,70.7058],[66.7748,70.7356],[66.6702,70.8661],[66.818,71.1054],[66.9796,71.2138],[67.1555,71.2296],[67.8225,71.4167],[68.3162,71.6349],[68.5508,71.822],[68.8121,72.0955],[69.0567,72.6447],[69.3431,72.8343],[69.5116,72.803],[70.2144,72.7335],[70.9403,72.79],[71.6629,72.8307],[71.9758,72.7998],[72.4553,72.8243],[72.714,72.7696],[72.8527,72.6439],[72.8448,72.4946],[72.6546,72.1183],[72.4983,71.9618],[71.8978,71.5872],[71.7976,71.4318],[72.1362,71.2776],[72.555,70.9772],[72.6797,70.8235],[72.7742,70.4552],[72.6959,70.3556],[72.4369,70.187],[72.5515,69.6563],[72.5255,69.0691],[72.6435,68.8069],[72.8462,68.6352],[73.3086,68.5166],[73.3941,68.4421],[73.3936,68.3824],[73.1752,68.1659],[72.9878,67.7941],[72.8377,67.6456],[72.485,67.4378],[71.9305,67.1563],[71.6471,67.0673],[71.3995,66.9491],[71.5441,66.7141],[71.3495,66.6624],[70.8399,66.5514],[70.1207,66.7188],[69.7915,66.7549],[69.3554,66.7394],[69.0848,66.6875],[69.1726,66.5483],[69.4351,66.4242],[69.7673,66.3297],[70.4736,66.236],[70.9834,66.2004],[71.2595,66.2228],[71.7943,66.1581],[72.2088,66.1735],[72.4211,66.3347],[72.5574,66.496],[73.1655,66.6438],[73.6902,66.8651],[73.8108,66.9904],[73.9845,67.2634],[74.3525,67.4044],[74.7417,67.6862],[74.7706,67.8494],[74.6694,68.1017],[74.3951,68.347],[74.505,68.5935],[74.6121,68.6385],[74.9163,68.7064],[75.5372,68.7749],[76.3278,68.7763],[76.6609,68.6722],[77.0398,68.4638],[77.1079,68.1138],[76.9549,67.6533],[77.0907,67.5277],[77.5048,67.4324],[78.089,67.4113],[78.4779,67.4785],[78.5357,67.6118],[78.3046,67.6929],[77.946,67.7737],[77.6889,67.7584],[77.4832,67.8025],[77.5142,67.9733],[77.9775,68.1451],[78.0072,68.2568],[77.9091,68.3237],[77.8342,68.4727],[77.6358,68.8162],[77.406,68.9356],[77.0299,68.9799],[76.538,69.0841],[76.1775,69.1359],[75.598,69.21],[75.1886,69.1266],[74.9017,69.081],[74.318,69.1625],[73.9145,69.1543],[73.9079,69.2745],[73.6541,69.7565],[73.791,70.0522],[74.1222,70.3659],[74.2496,70.5729],[74.1892,70.6726],[73.698,71.1414],[73.2707,71.3726],[73.2169,71.4577],[73.5914,71.7069],[74.1372,71.7545],[74.5866,71.8722],[74.9212,72.0287],[74.9987,72.1304],[75.0746,72.4203],[75.0161,72.7188],[75.1199,72.6875],[75.4076,72.6644],[75.6173,72.6255],[75.6662,72.4135],[75.5825,72.1706],[75.2966,71.8969],[75.2213,71.6477],[75.2843,71.4461],[75.452,71.3225],[75.6706,71.1991],[76.2932,71.1385],[77.0016,71.0626],[77.7362,71.0255],[78.1047,70.8413],[78.2492,70.8339],[78.6085,70.8499],[78.3716,71.2505],[78.1369,71.3739],[77.2849,71.4188],[76.8661,71.449],[76.6072,71.5183],[76.3329,71.7197],[76.4567,71.8679],[77.0749,71.8924],[77.2749,71.8149],[77.7899,71.7769],[78.1264,71.8476],[78.0857,72.1753],[78.2696,72.2147],[78.6473,72.2624],[79.2226,72.2713],[79.7032,72.1783],[80.3387,72.0076],[80.8283,71.767],[81.4253,71.6127],[81.6714,71.5743],[82.4914,71.5681],[82.8184,71.6463],[82.8801,71.4913],[82.5289,71.3202],[82.2153,71.2036],[82.1036,70.8564],[82.0456,70.4189],[82.1957,70.358],[82.5015,70.7111],[82.6755,70.8421],[82.8037,70.8193],[83.0759,70.5818],[83.0363,70.2449],[83.3707,70.3373],[83.677,70.4603],[83.6571,70.5982],[83.5709,70.6517],[83.5047,70.8129],[83.168,71.1822],[83.2526,71.2829],[83.5611,71.6244],[83.2024,71.8259],[82.8546,71.9421],[82.4363,72.0506],[82.3206,72.2223],[82.026,72.2452],[81.5853,72.354],[80.9823,72.447],[80.8442,72.5802],[80.8717,72.84],[80.8289,73.0135],[80.464,73.3136],[80.5005,73.4247],[80.6201,73.4965],[80.8382,73.5526],[81.8775,73.6022],[83.0204,73.6123],[83.9766,73.6698],[84.6161,73.7427],[84.8295,73.5997],[85.0015,73.5762],[85.3812,73.6963],[85.8562,73.8248],[86.4921,73.8738],[86.7569,73.7866],[86.3264,73.6344],[86.1235,73.4511],[86.905,73.5559],[87.1397,73.6041],[87.5696,73.7721],[87.6908,73.9],[87.5406,74.0997],[87.394,74.1795],[86.9776,74.299],[86.8135,74.4353],[86.8126,74.5399],[86.9583,74.7821],[87.4875,74.9609],[87.9223,75.0599],[89.2847,75.4661],[89.6846,75.5082],[89.7963,75.5244],[90.0313,75.5585],[90.8862,75.6015],[91.6347,75.6527],[92.6705,75.7626],[93.5921,75.8808],[94.3096,76.0741],[94.6943,76.1836],[95.4877,76.1683],[95.9673,76.1692],[96.1394,76.0859],[95.9818,75.902],[96.6582,75.8533],[97.1164,75.8708],[97.6837,75.9552],[98.2887,76.0565],[98.7162,76.074],[99.1586,75.9997],[99.4672,75.9669],[99.7794,76.0593],[99.8334,76.21],[99.7736,76.2854],[99.9832,76.437],[100.4074,76.4714],[100.8303,76.4554],[101.3895,76.625],[101.1115,76.8529],[101.1665,77.0058],[101.6905,77.2026],[102.3897,77.3748],[103.3933,77.5578],[103.9466,77.5922],[104.3937,77.5672],[105.0625,77.5685],[105.4495,77.4491],[105.4697,77.3293],[104.7823,77.1488],[104.4851,76.995],[104.7046,76.9275],[105.5281,76.98],[106.2429,76.9135],[107.1603,76.9491],[107.2401,76.8984],[107.0714,76.771],[106.5374,76.5672],[106.404,76.4323],[107.2908,76.4339],[107.666,76.4431],[107.7715,76.4012],[108.2445,76.6464],[108.8595,76.6475],[109.6564,76.6913],[109.9402,76.6327],[110.5477,76.6423],[111.4273,76.5681],[112.0572,76.4514],[112.5885,76.2592],[112.8223,76.0589],[113.1489,76.0595],[113.533,76.0937],[113.723,75.8688],[113.1134,75.4944],[113.2216,75.4368],[113.625,75.2727],[112.5771,74.8862],[112.1113,74.7804],[111.5866,74.731],[110.0547,74.2537],[108.6969,73.8194],[108.3399,73.6912],[107.2655,73.5222],[106.2083,73.2585],[105.2788,72.7515],[105.4031,72.7487],[98.4595,69.7909],[75.8564,61.4268],[62.8058,56.9552],[59.0943,56.4318],[53.9245,57.6014],[53.9765,57.7086],[46.1057,57.7086],[32.7763,60.8707],[32.7654,60.886],[32.6407,60.9691],[32.6334,60.9867],[32.5926,60.9976],[32.5806,61.0139],[32.5812,61.0449],[32.5634,61.0794],[32.5269,61.1175],[32.3596,61.1805],[31.8986,61.324],[31.8707,61.3474],[31.7623,61.3837],[31.6979,61.4155],[31.6369,61.4627],[31.6204,61.4611],[31.6165,61.4425],[31.6197,61.427],[31.6036,61.4226],[31.5758,61.4372],[31.5332,61.4974],[31.4861,61.5508],[31.3648,61.6274],[31.3341,61.6274],[31.3278,61.6167],[31.3081,61.605],[31.2859,61.6152],[31.2575,61.6411],[31.2382,61.643],[31.1723,61.6298],[31.1606,61.6187],[31.0984,61.6204],[31.0711,61.6451],[31.0567,61.6892],[31.0259,61.7144],[30.9057,61.7422],[30.8959,61.7544],[30.8882,61.7648],[30.852,61.775],[30.7575,61.7334],[30.5943,61.6058],[30.5934,61.5795],[30.6167,61.5603],[30.6059,61.5413],[30.5508,61.5354],[30.5127,61.5252],[30.4863,61.5149],[30.4807,61.49],[30.4662,61.4872],[30.2852,61.5166],[30.2388,61.5148],[30.2349,61.4926],[30.2488,61.4759],[29.0189,61.7707],[21.226,62.418],[21.2001,62.4352],[21.0337,62.4773],[21.0618,62.6117],[21.1948,62.7607],[21.4813,62.8888],[21.546,62.9741],[21.4947,63.123],[21.6665,63.1873],[21.9513,63.131],[22.075,63.1028],[22.2924,63.2027],[22.4288,63.395],[22.4758,63.6016],[22.569,63.723],[22.7042,63.5806],[22.8255,63.5809],[23.1306,63.7834],[23.5803,64.0821],[24.094,64.3766],[24.4701,64.6355],[24.9319,64.816],[25.3251,64.8024],[25.3519,64.9391],[25.2934,65.0039],[25.1326,65.0759],[25.1861,65.2427],[25.1956,65.268],[34.7261,65.7803],[34.7256,65.615],[34.6012,65.4839],[34.2934,65.3962]],[[36.312,61.4595],[36.2473,61.4933],[36.2002,61.5312],[36.1591,61.5715],[36.1087,61.6111],[36.0606,61.6544],[36.0256,61.7036],[35.9854,61.7559],[35.9256,61.8064],[35.8707,61.8548],[35.843,61.9019],[35.8184,61.9511],[35.7495,61.9991],[35.6894,62.0402],[35.6744,62.0794],[35.7302,62.1392],[35.7643,62.2052],[35.8004,62.2814],[35.8227,62.3522],[35.8219,62.4118],[35.8029,62.4611],[35.7712,62.4959],[35.7398,62.5202],[35.698,62.5376],[35.6412,62.5556],[35.5846,62.576],[35.5436,62.5994],[35.5194,62.6173],[35.5037,62.6247],[35.495,62.6192],[35.4876,62.6059],[35.4639,62.6042],[35.4157,62.6267],[35.326,62.6662],[35.202,62.7053],[35.083,62.7412],[35.0058,62.773],[34.9581,62.7974],[34.9104,62.8154],[34.8549,62.8256],[34.7879,62.8311],[34.7033,62.8442],[34.6054,62.8728],[34.5325,62.9157],[34.4895,62.9036],[34.4796,62.8738],[34.5355,62.8185],[34.5831,62.7557],[34.6211,62.7124],[34.6582,62.6799],[34.7037,62.6434],[34.7393,62.6213],[34.7761,62.6223],[34.8386,62.5912],[34.868,62.6105],[34.9434,62.6428],[34.967,62.639],[35.0237,62.6133],[35.093,62.5805],[35.1472,62.5592],[35.2014,62.5497],[35.2709,62.5454],[35.3518,62.5227],[35.4331,62.4686],[35.4983,62.4036],[35.5402,62.3542],[35.5586,62.3188],[35.5672,62.2871],[35.5639,62.2602],[35.5535,62.2359],[35.5183,62.2105],[35.455,62.1807],[35.3872,62.1578],[35.3413,62.149],[35.284,62.1616],[35.1884,62.1902],[35.0959,62.2181],[35.0459,62.2288],[35.0518,62.2116],[35.0938,62.1722],[35.1436,62.1272],[35.1678,62.0967],[35.165,62.0807],[35.1496,62.071],[35.1146,62.0536],[35.0749,62.0536],[35.0286,62.0779],[34.9757,62.1176],[34.928,62.1597],[34.8925,62.1871],[34.8708,62.2194],[34.8593,62.2604],[34.852,62.2944],[34.8405,62.3101],[34.8105,62.3323],[34.7585,62.3826],[34.6959,62.4427],[34.6406,62.4891],[34.5953,62.5191],[34.5566,62.5399],[34.532,62.5463],[34.5202,62.5417],[34.527,62.5236],[34.547,62.4978],[34.5922,62.458],[34.6596,62.4063],[34.6956,62.3646],[34.6815,62.3388],[34.6332,62.3483],[34.609,62.3388],[34.6148,62.3043],[34.6581,62.2452],[34.647,62.2126],[34.6324,62.1819],[34.644,62.1361],[34.6532,62.1085],[34.6356,62.095],[34.5914,62.0965],[34.5142,62.1196],[34.417,62.1582],[34.3429,62.1989],[34.3212,62.227],[34.3295,62.2457],[34.3275,62.264],[34.2916,62.2973],[34.2177,62.3523],[34.1369,62.414],[34.0842,62.4635],[34.0539,62.4945],[34.0271,62.5118],[34.0029,62.5161],[33.9787,62.5159],[33.9586,62.51],[33.944,62.5005],[33.9406,62.4816],[33.9473,62.453],[33.9618,62.4251],[33.9775,62.408],[34.0033,62.4008],[34.0424,62.3965],[34.0983,62.3789],[34.1649,62.3392],[34.2226,62.2937],[34.2565,62.2623],[34.2654,62.2382],[34.2621,62.2105],[34.2552,62.1857],[34.2552,62.1686],[34.294,62.1415],[34.381,62.0926],[34.4768,62.0385],[34.5373,61.999],[34.5663,61.9689],[34.5859,61.9378],[34.5938,61.906],[34.5943,61.874],[34.5829,61.846],[34.5624,61.8238],[34.5312,61.8116],[34.4944,61.8076],[34.4453,61.8188],[34.3847,61.843],[34.3356,61.8644],[34.3146,61.8687],[34.3227,61.8545],[34.3445,61.8312],[34.388,61.7961],[34.4482,61.7533],[34.5314,61.7043],[34.63,61.6544],[34.7725,61.6009],[34.9616,61.5434],[35.1539,61.4852],[35.3039,61.4296],[35.3984,61.3858],[35.4574,61.3559],[35.4946,61.329],[35.5369,61.2922],[35.5777,61.2464],[35.6114,61.1974],[35.6294,61.15],[35.6322,61.1078],[35.6146,61.0761],[35.5834,61.0342],[35.5273,61.0228],[35.4406,61.0626],[35.3453,61.0726],[35.2593,61.0666],[35.1921,61.0689],[35.142,61.0773],[35.1081,61.0916],[35.08,61.1083],[35.062,61.1256],[35.0526,61.1411],[35.0777,61.1513],[35.1432,61.1558],[35.2077,61.1588],[35.2311,61.1652],[35.2069,61.1772],[35.1566,61.1937],[35.0747,61.2071],[34.9742,61.212],[34.8873,61.2061],[34.8381,61.1937],[34.8188,61.1736],[34.804,61.1496],[34.7967,61.1228],[34.7955,61.0965],[34.8024,61.0735],[34.8149,61.055],[34.8285,61.0386],[34.8464,61.0267],[34.869,61.027],[34.8963,61.0469],[34.9425,61.0704],[35.0224,61.0645],[35.0929,61.0447],[35.1168,61.0222],[35.1329,61.0071],[35.1845,61.0049],[35.2549,61.0146],[35.3161,61.0281],[35.3633,61.0382],[35.3996,61.0399],[35.4262,61.0332],[35.4498,61.023],[35.4733,61.0021],[35.4994,60.9698],[35.5506,60.938],[35.6346,60.9185],[35.719,60.9045],[35.7716,60.8864],[35.8008,60.8718],[35.8287,60.8665],[35.8551,60.8705],[35.8803,60.8783],[35.899,60.8898],[35.9099,60.9025],[35.9045,60.9166],[35.8842,60.9311],[35.8803,60.9478],[35.9148,60.9668],[35.9763,60.9939],[36.0368,61.0297],[36.0987,61.0626],[36.1628,61.0828],[36.2241,61.0965],[36.2793,61.1138],[36.325,61.1355],[36.3639,61.1597],[36.3869,61.1841],[36.3946,61.2062],[36.3885,61.225],[36.3781,61.2419],[36.3712,61.2568],[36.3736,61.2711],[36.3801,61.281],[36.3827,61.285],[36.3956,61.3021],[36.4084,61.3191],[36.4249,61.3491],[36.4279,61.3731],[36.4189,61.3924],[36.4056,61.4107],[36.3715,61.4323],[36.312,61.4595]],[[34.9841,63.5641],[34.9896,63.5851],[34.8614,63.6882],[34.8567,63.7208],[34.6158,63.7662],[34.644,63.7892],[34.5626,63.8164],[34.4284,63.8482],[34.3473,63.8512],[34.2844,63.777],[34.2144,63.676],[34.2154,63.613],[34.2664,63.6562],[34.3078,63.6919],[34.3581,63.6967],[34.4533,63.6234],[34.5254,63.5024],[34.5168,63.4839],[34.5521,63.459],[34.702,63.3988],[34.804,63.3256],[34.8354,63.2764],[34.8529,63.2252],[34.8585,63.1723],[34.8907,63.1065],[34.8986,63.0547],[34.8734,63.0403],[34.864,63.0104],[34.8675,62.9761],[34.861,62.9412],[34.8631,62.919],[34.9104,62.9508],[34.9459,63.0333],[34.9573,63.119],[34.953,63.1811],[34.8851,63.2939],[34.8288,63.4337],[34.8716,63.4638],[34.9769,63.4291],[35.0494,63.3989],[35.0994,63.3831],[35.1724,63.3805],[35.1928,63.404],[35.3817,63.4341],[35.4132,63.4479],[35.3736,63.4923],[35.2492,63.4917],[35.1446,63.4823],[35.0128,63.5056],[34.9525,63.5402],[34.9841,63.5641]],[[33.3553,63.424],[33.2574,63.4234],[33.2829,63.3817],[33.2738,63.3414],[33.2738,63.3164],[33.3068,63.2837],[33.4992,63.2163],[33.5722,63.2027],[33.7033,63.1902],[33.8969,63.1886],[34.0171,63.2007],[34.066,63.2288],[33.9912,63.2968],[33.9328,63.4181],[33.8471,63.4385],[33.6969,63.4093],[33.6566,63.4332],[33.6371,63.4763],[33.5862,63.4874],[33.4414,63.4438],[33.3553,63.424]]],[[[35.1604,61.8586],[35.1707,61.9057],[35.1956,61.9879],[35.2518,62.0797],[35.308,62.0766],[35.3393,62.0328],[35.3471,61.9978],[35.3258,61.9354],[35.2736,61.8703],[35.2018,61.8391],[35.1604,61.8586]]]]}},{"type":"Feature","properties":{"NAME":null,"ABBREVN":null,"SUBJECTO":null,"BORDERPRECISION":1,"PARTOF":null},"geometry":{"type":"MultiPolygon","coordinates":[[[[25.1956,65.268],[25.1861,65.2427],[25.2515,65.4169],[25.1956,65.268]]]]}},{"type":"Feature","properties":{"NAME":null,"ABBREVN":null,"SUBJECTO":null,"BORDERPRECISION":1,"PARTOF":null},"geometry":{"type":"MultiPolygon","coordinates":[[[[34.7256,65.615],[34.7262,65.797],[34.7261,65.7803],[34.7256,65.615]]]]}},{"type":"Feature","properties":{"NAME":null,"ABBREVN":null,"SUBJECTO":null,"BORDERPRECISION":1,"PARTOF":null},"geometry":{"type":"MultiPolygon","coordinates":[[[[17.1626,61.6299],[17.0652,61.5384],[17.1502,61.1977],[17.1462,60.9528],[17.3176,60.7531],[17.1885,60.6743],[17.605,60.6375],[17.7065,60.5536],[17.9307,60.5903],[18.2244,60.323],[18.4169,60.1816],[18.8041,60.1084],[18.8931,59.9257],[19.0373,59.8632],[19.0436,59.7124],[18.8679,59.7124],[18.6393,59.5669],[18.2514,59.4319],[18.0301,59.3593],[17.7953,59.3645],[17.73,59.4164],[17.368,59.4683],[17.0706,59.5461],[16.7855,59.5773],[16.7241,59.5306],[16.5232,59.5825],[16.4076,59.4475],[16.7765,59.4787],[16.9998,59.3593],[17.2658,59.3385],[17.3581,59.2452],[17.5749,59.2141],[17.5844,59.2711],[17.8617,59.24],[17.9776,59.3282],[18.1114,59.323],[18.3282,59.3697],[18.4296,59.3333],[18.4414,59.4008],[18.5155,59.4008],[18.6113,59.3333],[18.5982,59.297],[18.2734,59.2867],[18.372,59.1571],[18.0157,59.0379],[17.9401,58.9085],[17.7665,58.8723],[17.7264,58.9137],[17.7452,58.9861],[17.7391,59.1104],[17.6232,59.1001],[17.5822,58.893],[17.3567,58.743],[17.2454,58.7171],[17.083,58.7481],[17.0807,58.6499],[16.4429,58.6344],[16.5132,58.4281],[16.744,58.312],[16.7735,58.0379],[16.7246,57.8893],[16.5978,57.8665],[16.4595,57.8952],[16.4765,57.7021],[16.6072,57.6658],[16.5505,57.5452],[16.6587,57.443],[16.4942,57.2789],[16.3945,57.0743],[16.3762,56.8224],[16.0632,56.3962],[16.0314,56.3531],[15.7705,56.0332],[15.6962,56.061],[15.497,56.1672],[15.2208,56.0804],[14.6529,56.1206],[14.6052,55.9808],[14.4918,56.018],[14.2589,55.8993],[14.126,55.6666],[14.2864,55.5155],[14.1172,55.3471],[13.9011,55.4052],[13.8233,55.4218],[13.3019,55.3007],[12.8024,55.3529],[12.8019,55.4168],[12.8876,55.4516],[12.8593,55.5329],[12.9859,55.6666],[12.699,55.9051],[12.5134,56.1206],[12.4144,56.243],[12.6524,56.2955],[12.6154,56.4356],[12.8048,56.4012],[12.8716,56.5115],[12.7859,56.6167],[12.6575,56.6108],[12.526,56.7804],[12.2886,56.8799],[12.0051,57.3252],[11.8766,57.3252],[11.8811,57.509],[11.7661,57.6727],[11.7364,57.6982],[11.6098,57.8069],[11.7091,58.0247],[11.8019,58.1779],[11.6139,58.2473],[11.4311,58.2015],[11.4067,58.3313],[11.2214,58.3083],[11.1404,58.8512],[11.0392,58.9104],[11.1789,59.0703],[11.1121,59.1651],[10.8292,59.1058],[10.7689,59.1177],[10.6568,59.2244],[10.5493,59.3786],[10.6336,59.4499],[10.5697,59.5805],[10.4071,59.4973],[10.3786,59.3667],[10.4296,59.26],[10.3633,59.2125],[10.2111,59.0703],[10.1723,58.9874],[9.9376,58.94],[9.6976,58.9992],[9.3462,58.8453],[9.3716,58.7861],[9.1459,58.6561],[8.9217,58.5379],[8.1752,58.172],[8.1537,58.0895],[8.0302,58.066],[7.9084,58.066],[6.9586,57.9717],[6.8742,58.0778],[6.7257,58.1367],[6.6437,58.0424],[6.4791,58.0895],[6.6517,58.172],[6.2313,58.2782],[5.8738,58.4316],[5.6155,58.4552],[5.3997,58.7152],[5.531,58.8808],[5.4746,58.9755],[5.6275,58.9637],[5.6658,58.8216],[5.7937,58.9163],[6.0936,58.798],[5.9837,58.8867],[6.0412,58.9518],[6.2661,58.9933],[6.0505,58.9814],[5.9404,58.9341],[5.8223,59.017],[5.7719,59.0762],[6.0326,59.2007],[6.2375,59.2837],[6.0203,59.254],[5.8775,59.3134],[6.0763,59.4202],[6.1134,59.527],[5.8159,59.3134],[5.7995,59.432],[5.6805,59.5092],[5.6829,59.4142],[5.7171,59.3371],[5.5285,59.2659],[5.3438,59.2659],[5.3503,59.3905],[5.2826,59.2718],[5.1766,59.3074],[5.0866,59.5092],[5.3826,59.7113],[5.4186,59.5152],[5.4493,59.6578],[5.6462,59.5865],[5.7411,59.628],[5.6666,59.6756],[5.9699,59.7113],[6.1854,59.8243],[5.9105,59.7529],[5.694,59.7529],[5.5433,59.8243],[5.6317,59.8838],[5.8058,59.9493],[5.8941,60.1613],[5.5246,60.1675],[5.2791,60.1253],[5.0962,60.2641],[5.2618,60.3271],[5.5511,60.5089],[5.4558,60.5924],[5.2552,60.5641],[5.0755,60.5917],[4.9804,60.6892],[5.1085,60.9061],[5.387,61.0256],[5.1196,61.1371],[5.0183,61.3051],[5.141,61.3896],[5.1011,61.6986],[5.149,61.7409],[5.416,61.7695],[5.5924,61.7897],[5.7971,61.7699],[5.8339,61.8194],[5.7195,61.8795],[5.5282,61.9326],[5.4257,62.0093],[5.4697,62.0937],[5.5646,62.1503],[5.8236,62.179],[6.0535,62.3348],[6.3084,62.2858],[6.5325,62.3357],[6.613,62.5833],[6.9887,62.5416],[7.2893,62.4856],[7.5467,62.5993],[7.1016,62.7046],[6.9819,62.8461],[7.0882,62.9102],[7.6065,62.9041],[7.9892,62.9403],[8.2313,62.8414],[8.258,63.0543],[8.4723,63.1755],[8.6059,63.3251],[8.9572,63.404],[9.1542,63.319],[9.2161,63.2836],[9.4409,63.4975],[9.8321,63.6836],[9.8701,63.8764],[10.0662,64.0555],[10.1554,64.0993],[11.5284,61.8978],[15.4301,61.8661],[16.5737,62.525],[17.8319,62.4565],[17.9363,62.548],[17.7181,62.3567],[17.2902,62.4407],[17.3874,62.2008],[17.4968,62.0881],[17.387,61.6584],[17.1626,61.6299]],[[13.9734,59.0658],[13.9454,59.0674],[13.9306,59.0898],[13.9463,59.1129],[13.9938,59.1572],[14.0273,59.2043],[14.0475,59.2412],[14.0543,59.2678],[14.0557,59.29],[14.0518,59.3048],[14.0455,59.3136],[14.028,59.3201],[13.9971,59.3291],[13.9617,59.334],[13.9333,59.3305],[13.9043,59.3277],[13.8674,59.3346],[13.8301,59.3409],[13.8003,59.3371],[13.766,59.3309],[13.752,59.3312],[13.7439,59.3415],[13.7385,59.3595],[13.7197,59.378],[13.6797,59.3897],[13.6283,59.3899],[13.5483,59.3813],[13.4611,59.37],[13.3782,59.3641],[13.3157,59.3612],[13.2775,59.3573],[13.2611,59.3518],[13.2512,59.345],[13.2489,59.3357],[13.251,59.3245],[13.2517,59.315],[13.2457,59.3103],[13.2179,59.3105],[13.1914,59.3246],[13.1731,59.3475],[13.1549,59.3529],[13.1427,59.3423],[13.1301,59.319],[13.1182,59.2955],[13.1081,59.2838],[13.103,59.274],[13.1033,59.2546],[13.1231,59.1975],[13.1773,59.0969],[13.2211,58.9927],[13.2436,58.9305],[13.2357,58.9051],[13.1951,58.8986],[13.1598,58.9051],[13.1221,58.9208],[13.0881,58.9466],[13.0617,58.9773],[13.0406,59.0143],[12.9453,59.0477],[12.8686,59.0727],[12.8184,59.082],[12.7841,59.0762],[12.7459,59.0648],[12.7084,59.0355],[12.6758,58.9867],[12.6469,58.9315],[12.6184,58.8869],[12.5997,58.8456],[12.5758,58.8257],[12.5571,58.8189],[12.5353,58.8321],[12.5264,58.8456],[12.5199,58.8674],[12.5103,58.9012],[12.4973,58.92],[12.4819,58.9306],[12.4686,58.9349],[12.464,58.9207],[12.4718,58.8769],[12.4738,58.8397],[12.459,58.8174],[12.4321,58.8125],[12.4255,58.8015],[12.4476,58.7828],[12.4713,58.7828],[12.4997,58.7645],[12.5009,58.7275],[12.5037,58.6946],[12.5252,58.6612],[12.5628,58.6502],[12.6113,58.6413],[12.6069,58.6171],[12.4877,58.5132],[12.3293,58.4339],[12.3133,58.3953],[12.3347,58.3738],[12.375,58.3829],[12.507,58.3969],[12.5543,58.4298],[12.5711,58.4322],[12.5727,58.4192],[12.5543,58.3944],[12.5506,58.3789],[12.5619,58.3732],[12.5796,58.3721],[12.602,58.376],[12.6243,58.3823],[12.6497,58.3969],[12.6792,58.4205],[12.7275,58.4521],[12.7983,58.4857],[12.8687,58.5038],[12.9128,58.5458],[12.9521,58.5716],[13.0406,58.6043],[13.1151,58.6083],[13.1482,58.5972],[13.1489,58.5734],[13.1494,58.5585],[13.1365,58.5413],[13.1476,58.5214],[13.1722,58.5119],[13.1946,58.511],[13.2402,58.5148],[13.3003,58.5614],[13.3581,58.6171],[13.4366,58.642],[13.5173,58.6633],[13.6311,58.6841],[13.7373,58.7039],[13.7995,58.7224],[13.8299,58.7443],[13.8593,58.7722],[13.8901,58.8005],[13.9241,58.8234],[13.9541,58.8437],[13.9752,58.8654],[13.9872,58.8981],[13.9952,58.9448],[13.9926,58.9864],[14.0121,59.0037],[14.0387,59.0044],[14.0499,59.0122],[14.0563,59.0169],[14.0717,59.0283],[14.083,59.0643],[14.0908,59.0794],[14.0895,59.0916],[14.083,59.0999],[14.0658,59.0972],[14.0384,59.0827],[14.005,59.0682],[13.9734,59.0658]],[[14.9621,58.8355],[14.9681,58.8488],[14.9321,58.8541],[14.8169,58.7911],[14.7257,58.7313],[14.6316,58.6798],[14.5066,58.5607],[14.3905,58.4063],[14.2132,58.1502],[14.1211,57.9245],[14.1593,57.7963],[14.245,57.8095],[14.3393,57.9333],[14.4994,58.0855],[14.5435,58.1381],[14.5824,58.2017],[14.6225,58.2989],[14.6864,58.3947],[14.8273,58.4615],[14.9462,58.5109],[14.9625,58.5393],[14.8914,58.5917],[14.8997,58.635],[14.929,58.6999],[14.9409,58.7562],[14.933,58.7839],[14.9621,58.8355]]]]}},{"type":"Feature","properties":{"NAME":"Greek city-states","ABBREVN":"Greeks","SUBJECTO":"Greek city-states","BORDERPRECISION":1,"PARTOF":"Greek city-states"},"geometry":{"type":"MultiPolygon","coordinates":[[[[24.0548,40.2609],[24.0478,40.3084],[23.9235,40.3453],[23.7748,40.3928],[23.7222,40.3482],[23.6272,40.3453],[23.6588,40.2873],[23.6517,40.2292],[23.8037,40.1554],[23.8687,40.1607],[23.9201,40.0552],[23.9066,39.9972],[23.796,39.9867],[23.5958,40.1923],[23.4425,40.2556],[23.3491,40.282],[23.2918,40.2873],[23.2931,40.2451],[23.2591,40.2292],[23.321,40.1554],[23.3668,40.1079],[23.4365,40.0447],[23.5233,40.0183],[23.5922,40.0025],[23.6386,39.9603],[23.5969,39.9341],[23.3744,39.9551],[23.2605,39.9709],[23.2763,40.0499],[23.2148,40.1818],[23.1411,40.2662],[22.9602,40.3147],[22.7481,40.4825],[22.8639,40.5352],[22.8755,40.5963],[22.8519,40.6513],[22.77,40.6672],[22.7013,40.5774],[22.4921,40.4983],[22.6023,40.3972],[22.4896,40.2305],[22.4674,40.1185],[22.5256,40.0642],[22.5551,39.9867],[22.6951,39.8345],[22.7545,39.8183],[22.8134,39.6027],[23.0742,39.4135],[23.2361,39.2032],[23.1585,39.1401],[23.0519,39.1033],[23.0998,39.1874],[23.0453,39.2715],[22.9813,39.3293],[22.919,39.3451],[22.8509,39.3661],[22.7203,39.2873],[22.7661,39.2028],[22.8349,39.1664],[22.8711,39.0243],[22.7842,38.9403],[22.4905,38.8769],[22.6023,38.8562],[22.7233,38.7932],[22.8994,38.7669],[22.9842,38.667],[23.0998,38.6723],[23.1695,38.667],[23.191,38.6103],[23.3562,38.4895],[23.4938,38.4831],[23.5558,38.3518],[23.6828,38.3465],[23.8039,38.3465],[23.9607,38.2099],[23.967,38.1521],[23.88,38.1154],[23.9873,37.7634],[23.9182,37.6846],[23.8355,37.6846],[23.7337,37.8579],[23.6341,37.879],[23.5407,38.0041],[23.4957,38.0681],[23.4193,38.0681],[23.1958,38.005],[22.9806,37.9578],[22.8981,37.9],[23.04,37.858],[23.0454,37.7736],[23.0489,37.6426],[23.1514,37.5901],[23.2205,37.6018],[23.3217,37.6374],[23.3122,37.5481],[23.4181,37.4693],[23.185,37.4273],[23.1858,37.3748],[23.1096,37.3466],[22.971,37.3853],[23.0253,37.4798],[22.9421,37.5184],[22.7133,37.5434],[22.6423,37.5849],[22.6387,37.4923],[22.7262,37.2885],[22.8133,37.2121],[22.7931,37.1386],[22.8869,37.0467],[22.9826,36.6148],[22.6736,36.7543],[22.5244,36.7221],[22.3903,36.5244],[22.1914,36.8552],[21.9842,37.0205],[21.7809,36.8225],[21.5882,36.9814],[21.5314,37.1151],[21.6265,37.3065],[21.6137,37.4148],[21.5173,37.5358],[21.2963,37.7265],[21.2211,37.8284],[21.2284,37.9049],[21.4405,38.1795],[21.7145,38.1354],[21.9058,38.2697],[21.9967,38.2508],[22.7472,37.9526],[22.8987,37.9976],[23.1163,38.1574],[22.9967,38.1793],[22.8756,38.2046],[22.3337,38.4267],[21.8265,38.464],[21.6613,38.4381],[21.3645,38.412],[21.1724,38.3478],[20.7718,38.8509],[20.8926,38.8958],[21.0065,38.8705],[21.1047,38.9218],[21.1595,39.0048],[21.0072,39.113],[20.9011,39.0617],[20.6778,39.0804],[20.2118,39.4049],[20.1224,39.551],[20.0908,39.6025],[20.0286,39.8138],[19.8036,40.017],[19.3691,40.2603],[19.3802,40.3236],[19.4837,40.2959],[19.4945,40.4027],[19.3392,40.5887],[19.5273,40.8659],[19.4454,40.9649],[19.53,41.2184],[19.417,41.3453],[19.4989,41.5236],[19.6194,41.5593],[19.607,41.7615],[21.0808,41.3439],[23.9979,41.969],[24.623,41.8648],[25.0189,41.0171],[24.8121,40.9334],[24.7007,40.8783],[24.5191,40.8731],[24.505,40.9841],[24.3543,40.971],[24.2191,40.8297],[24.0252,40.7464],[23.886,40.7329],[23.7484,40.8044],[23.6347,40.7728],[23.633,40.7132],[23.7091,40.63],[23.7852,40.4772],[23.9237,40.4508],[24.2954,40.1765],[24.2206,40.1448],[24.0548,40.2609]]],[[[23.9568,35.5277],[24.039,35.5618],[24.0333,35.5985],[24.0819,35.6116],[24.1527,35.5644],[24.1358,35.5224],[24.0915,35.5198],[24.0733,35.4962],[24.1132,35.4857],[24.1777,35.47],[24.2197,35.449],[24.2296,35.3913],[24.3883,35.373],[24.7686,35.428],[24.9975,35.421],[25.0136,35.3625],[25.1001,35.3467],[25.374,35.3179],[25.5116,35.2948],[25.6732,35.3494],[25.7135,35.327],[25.6685,35.1868],[25.7418,35.137],[25.789,35.137],[25.9355,35.213],[26.0642,35.2392],[26.0994,35.2156],[26.1688,35.2471],[26.2735,35.3127],[26.236,35.2288],[26.2427,35.1449],[26.1605,35.0243],[25.8987,35.0453],[25.7417,35.0089],[25.5907,35.0164],[24.6935,34.9405],[24.7156,35.0348],[24.6901,35.0924],[24.3244,35.2078],[24.0132,35.2104],[23.7856,35.2629],[23.5677,35.255],[23.5131,35.276],[23.4669,35.3179],[23.5294,35.5696],[23.6715,35.5722],[23.6691,35.6116],[23.6651,35.6667],[23.6967,35.6981],[23.7337,35.6273],[23.7429,35.5618],[23.8795,35.5524],[23.9568,35.5277]]],[[[24.588,36.8685],[24.6792,36.759],[24.4664,36.6493],[24.2991,36.7529],[24.4284,36.7955],[24.588,36.8685]]],[[[24.5348,37.1175],[24.4436,37.0993],[24.4284,37.2083],[24.5348,37.1175]]],[[[24.3599,37.3958],[24.398,37.4682],[24.4892,37.3958],[24.3599,37.3052],[24.3599,37.3958]]],[[[23.5997,38.4572],[23.6377,38.5226],[23.4629,38.6237],[23.1208,38.8668],[22.8699,38.8372],[23.0143,38.9614],[23.2424,39.0441],[23.4097,38.9437],[23.7898,38.7186],[24.1319,38.6534],[24.2079,38.5524],[24.2915,38.1948],[24.588,38.1529],[24.5272,37.9674],[24.3143,37.9853],[24.1927,38.1529],[24.0254,38.3857],[23.6605,38.4036],[23.5997,38.4572]]],[[[24.398,37.6671],[24.3827,37.5707],[24.2611,37.5406],[24.2991,37.6611],[24.398,37.6671]]],[[[26.0856,36.8989],[25.9564,36.8442],[25.8348,36.7833],[25.7511,36.7833],[25.7511,36.8138],[25.8576,36.8381],[25.9488,36.9111],[26.0248,36.9597],[26.0856,36.8989]]],[[[25.7892,36.4049],[25.8728,36.3559],[25.7664,36.3376],[25.7131,36.3498],[25.7359,36.3865],[25.7892,36.4049]]],[[[25.3862,36.3192],[25.3178,36.3988],[25.333,36.4599],[25.371,36.4966],[25.4927,36.4232],[25.4927,36.3314],[25.3862,36.3192]]],[[[24.9453,36.5699],[24.8237,36.6371],[24.8237,36.6614],[24.8769,36.6797],[24.9757,36.6371],[24.9453,36.5699]]],[[[25.105,36.6371],[25.0593,36.6187],[25.0441,36.6614],[25.1658,36.7407],[25.1962,36.6736],[25.105,36.6371]]],[[[25.2494,36.759],[25.295,36.8077],[25.4319,36.698],[25.3862,36.6371],[25.2646,36.7041],[25.2418,36.7529],[25.2494,36.759]]],[[[25.3634,37.0083],[25.3406,37.0871],[25.3786,37.1175],[25.5383,37.2204],[25.6067,37.1235],[25.5991,37.0265],[25.5459,36.9597],[25.4547,36.9232],[25.3634,37.0083]]],[[[25.1506,37.172],[25.3102,37.1962],[25.3102,37.0022],[25.1126,36.9415],[24.9377,36.9597],[25.1506,37.172]]],[[[24.8617,37.5286],[24.9453,37.5105],[25.0441,37.3777],[24.8465,37.3656],[24.8617,37.5286]]],[[[25.4699,37.4381],[25.3178,37.4018],[24.9225,37.6912],[24.6564,37.9014],[24.7629,38.0033],[25.2722,37.5647],[25.4699,37.4381]]],[[[24.7857,36.9475],[24.6792,36.905],[24.6488,37.0143],[24.7172,37.0508],[24.7857,36.9475]]]]}},{"type":"Feature","properties":{"NAME":null,"ABBREVN":null,"SUBJECTO":null,"BORDERPRECISION":1,"PARTOF":null},"geometry":{"type":"MultiPolygon","coordinates":[[[[13.7825,43.1615],[13.7916,43.1233],[13.9151,42.8728],[14.0764,42.6338],[14.0928,42.6095],[14.4049,42.3531],[14.4294,42.3267],[14.5193,42.2297],[14.72,42.1418],[14.7385,42.0472],[14.9224,41.9718],[15.4486,41.8567],[16.0128,41.9043],[16.1874,41.8409],[16.1984,41.7457],[15.9891,41.6346],[15.8733,41.5021],[15.991,41.4061],[16.4203,41.2787],[15.9645,41.0588],[15.4274,41.2133],[14.428,41.8629],[13.639,42.0389],[13.639,41.8041],[14.2965,41.3615],[15.4723,40.7948],[14.8987,40.2415],[14.9923,40.3722],[14.951,40.5515],[14.7433,40.7048],[14.3341,40.5936],[14.3498,40.6425],[14.4946,40.73],[14.3703,40.8515],[14.24,40.8529],[14.0509,40.7675],[13.9419,40.998],[13.8525,41.091],[13.797,41.1934],[13.7605,41.2067],[13.4984,41.3019],[13.3291,41.3111],[13.2714,41.3142],[12.9768,41.3714],[12.6415,41.5311],[12.4629,41.6748],[12.5788,41.8219],[12.592,41.8978],[12.5131,41.9809],[12.4055,41.9559],[12.4278,42.4283],[12.7202,42.2297],[13.1738,42.1859],[12.9635,42.5792],[13.5749,42.3901],[13.164,42.8541],[13.7825,43.1615]]]]}},{"type":"Feature","properties":{"NAME":"Rome","ABBREVN":"Rome","SUBJECTO":"Rome","BORDERPRECISION":1,"PARTOF":"Rome"},"geometry":{"type":"MultiPolygon","coordinates":[[[[12.3027,41.932],[12.4055,41.9559],[12.5131,41.9809],[12.592,41.8978],[12.5788,41.8219],[12.4629,41.6748],[12.3948,41.7295],[12.1765,41.8688],[12.3027,41.932]]]]}},{"type":"Feature","properties":{"NAME":"Sabini","ABBREVN":"Sabini","SUBJECTO":"Sabini","BORDERPRECISION":1,"PARTOF":"Sabini"},"geometry":{"type":"MultiPolygon","coordinates":[[[[11.8342,43.665],[12.2205,43.7066],[12.4782,43.4976],[12.6084,43.392],[13.1081,42.9172],[13.5749,42.3901],[12.9635,42.5792],[13.1738,42.1859],[12.7202,42.2297],[12.4278,42.4283],[12.3125,42.5066],[12.3931,42.8269],[11.8342,43.665]]]]}},{"type":"Feature","properties":{"NAME":"Boii","ABBREVN":"Boii","SUBJECTO":"Boii","BORDERPRECISION":1,"PARTOF":"Boii"},"geometry":{"type":"MultiPolygon","coordinates":[[[[12.5646,44.072],[11.683,43.8739],[11.7488,43.5793],[11.5515,43.5507],[11.2096,43.8928],[10.2287,43.7871],[10.1552,43.8811],[10.1367,43.9048],[9.9093,44.1105],[9.8255,44.1525],[9.6919,44.2196],[9.2041,45.407],[11.0518,45.0748],[11.6436,45.6477],[12.4832,45.4623],[12.2797,45.4023],[12.2514,45.2903],[12.1804,45.2703],[12.1762,45.2143],[12.3125,45.1783],[12.3221,45.0424],[12.409,44.989],[12.5231,44.8828],[12.476,44.7871],[12.3778,44.7315],[12.2736,44.6726],[12.2807,44.5501],[12.3451,44.301],[12.4375,44.1729],[12.5646,44.072]]]]}},{"type":"Feature","properties":{"NAME":"Etrurians","ABBREVN":"Etruscans","SUBJECTO":"Etrurians","BORDERPRECISION":1,"PARTOF":"Etrurians"},"geometry":{"type":"MultiPolygon","coordinates":[[[[13.164,42.8541],[13.1081,42.9172],[12.6084,43.392],[12.4782,43.4976],[12.2205,43.7066],[11.8342,43.665],[12.3931,42.8269],[12.3125,42.5066],[12.4278,42.4283],[12.4055,41.9559],[12.3027,41.932],[12.1765,41.8688],[11.9634,42.0047],[11.9601,42.0074],[11.4974,42.3764],[11.1048,42.5491],[10.7428,42.8505],[10.4877,43.2359],[10.3379,43.5962],[10.2925,43.7054],[10.2614,43.7452],[10.2287,43.7871],[11.2096,43.8928],[11.5515,43.5507],[11.7488,43.5793],[11.683,43.8739],[12.5646,44.072],[12.6577,43.9981],[12.8024,43.9638],[13.3711,43.6388],[13.5305,43.6221],[13.6009,43.5348],[13.7316,43.3742],[13.7825,43.1615],[13.164,42.8541]]]]}},{"type":"Feature","properties":{"NAME":"Samnites","ABBREVN":"Samnites","SUBJECTO":"Samnites","BORDERPRECISION":1,"PARTOF":"Samnites"},"geometry":{"type":"MultiPolygon","coordinates":[[[[13.639,41.8041],[13.639,42.0389],[14.428,41.8629],[15.4274,41.2133],[16.1506,41.0052],[15.572,40.7467],[14.2965,41.3615],[13.639,41.8041]]]]}},{"type":"Feature","properties":{"NAME":"Blemmyes","ABBREVN":"Blemmyes","SUBJECTO":"Blemmyes","BORDERPRECISION":1,"PARTOF":"Blemmyes"},"geometry":{"type":"MultiPolygon","coordinates":[[[[35.4535,24.1527],[35.6566,23.9943],[35.7247,23.9118],[35.6163,23.8353],[35.4879,23.7906],[35.4685,23.7207],[35.5759,23.2317],[35.6893,23.0213],[35.7463,22.9143],[36.1114,22.6483],[36.2902,22.5724],[36.4732,22.3377],[36.6604,22.1665],[36.8001,21.9149],[36.9035,21.7286],[37.1278,21.2272],[37.1357,21.1281],[34.5513,20.1833],[34.5278,20.1748],[34.4218,20.506],[34.4121,20.5362],[33.7653,22.4766],[33.3453,23.354],[33.6901,23.5495],[33.6572,24.018],[35.1899,24.3999],[35.4535,24.1527]]]]}},{"type":"Feature","properties":{"NAME":null,"ABBREVN":null,"SUBJECTO":null,"BORDERPRECISION":1,"PARTOF":null},"geometry":{"type":"MultiPolygon","coordinates":[[[[-4.1533,53.2256],[-4.2181,53.2003],[-4.3256,53.145],[-4.3514,53.1244],[-4.4022,53.1258],[-4.4789,53.1767],[-4.4944,53.1894],[-4.5675,53.2733],[-4.5692,53.3881],[-4.5669,53.3914],[-4.56,53.3967],[-4.4747,53.4186],[-4.4292,53.4244],[-4.4231,53.425],[-4.4161,53.425],[-4.3139,53.4119],[-4.2925,53.4075],[-4.2836,53.4033],[-4.2769,53.3983],[-4.27,53.3886],[-4.2222,53.3217],[-4.1269,53.3106],[-4.1222,53.3119],[-4.1158,53.3125],[-4.11,53.3122],[-4.06,53.3055],[-4.0467,53.3033],[-4.0464,53.2997],[-4.09,53.255],[-4.1014,53.2478],[-4.1533,53.2256]]]]}},{"type":"Feature","properties":{"NAME":null,"ABBREVN":null,"SUBJECTO":null,"BORDERPRECISION":1,"PARTOF":null},"geometry":{"type":"MultiPolygon","coordinates":[[[[-5.1036,55.4386],[-5.1719,55.4294],[-5.2236,55.43],[-5.2317,55.4303],[-5.2369,55.4319],[-5.2833,55.4469],[-5.2928,55.4511],[-5.3403,55.475],[-5.3422,55.4772],[-5.3572,55.5042],[-5.4003,55.6006],[-5.4008,55.6089],[-5.4003,55.6178],[-5.3964,55.6289],[-5.3811,55.6686],[-5.3781,55.6717],[-5.3708,55.6769],[-5.33,55.6997],[-5.3256,55.7019],[-5.2953,55.7167],[-5.2656,55.7172],[-5.2519,55.7161],[-5.2392,55.7136],[-5.2283,55.7103],[-5.1983,55.6992],[-5.1853,55.6928],[-5.1681,55.6842],[-5.1603,55.6792],[-5.1547,55.6733],[-5.0853,55.5567],[-5.0839,55.5531],[-5.0747,55.4633],[-5.0744,55.4592],[-5.0758,55.4553],[-5.0789,55.4522],[-5.0933,55.4417],[-5.1036,55.4386]]]]}},{"type":"Feature","properties":{"NAME":null,"ABBREVN":null,"SUBJECTO":null,"BORDERPRECISION":1,"PARTOF":null},"geometry":{"type":"MultiPolygon","coordinates":[[[[-6.1217,55.8789],[-6.1031,55.8111],[-6.1019,55.8072],[-6.0975,55.7967],[-6.0933,55.79],[-6.0883,55.7839],[-6.0756,55.7775],[-6.0594,55.7722],[-6.0522,55.7672],[-6.05,55.7642],[-6.0303,55.7206],[-6.0247,55.6808],[-6.0275,55.6778],[-6.0383,55.67],[-6.0767,55.65],[-6.2289,55.5922],[-6.2744,55.5728],[-6.3006,55.5769],[-6.3172,55.5817],[-6.3256,55.5867],[-6.3275,55.5894],[-6.3219,55.6153],[-6.3208,55.6189],[-6.2858,55.7072],[-6.2531,55.7636],[-6.2511,55.7672],[-6.2514,55.7714],[-6.2544,55.7747],[-6.2592,55.7767],[-6.2653,55.7778],[-6.3253,55.7814],[-6.3317,55.7814],[-6.3378,55.7803],[-6.3456,55.775],[-6.3483,55.7714],[-6.3525,55.7647],[-6.3564,55.758],[-6.3606,55.7503],[-6.3675,55.7408],[-6.3797,55.7281],[-6.3931,55.7172],[-6.4108,55.7039],[-6.4494,55.6803],[-6.4625,55.6739],[-6.4733,55.67],[-6.485,55.6686],[-6.4914,55.6694],[-6.5014,55.6733],[-6.505,55.6767],[-6.5092,55.6822],[-6.51,55.6906],[-6.5,55.7214],[-6.4953,55.7336],[-6.4497,55.8486],[-6.4417,55.8536],[-6.3697,55.8694],[-6.3097,55.8636],[-6.1922,55.9164],[-6.1631,55.9275],[-6.1419,55.9336],[-6.1367,55.9344],[-6.1294,55.9336],[-6.1219,55.9289],[-6.1186,55.9217],[-6.1228,55.895],[-6.1217,55.8789]]]]}},{"type":"Feature","properties":{"NAME":null,"ABBREVN":null,"SUBJECTO":null,"BORDERPRECISION":1,"PARTOF":null},"geometry":{"type":"MultiPolygon","coordinates":[[[[-5.9469,55.83],[-5.9719,55.7883],[-6.0272,55.7917],[-6.0325,55.7931],[-6.0531,55.8003],[-6.0631,55.8039],[-6.0706,55.8083],[-6.0736,55.8117],[-6.0756,55.8156],[-6.0792,55.8267],[-6.0881,55.8775],[-6.0878,55.8817],[-6.0844,55.8942],[-6.0789,55.9055],[-5.9681,56.0236],[-5.9558,56.0305],[-5.9064,56.0583],[-5.9017,56.0608],[-5.8092,56.1097],[-5.755,56.1333],[-5.745,56.1375],[-5.7114,56.1503],[-5.7056,56.1508],[-5.6944,56.1472],[-5.685,56.1258],[-5.6844,56.1219],[-5.6844,56.1175],[-5.6861,56.1131],[-5.6908,56.1067],[-5.7025,56.0989],[-5.7081,56.0961],[-5.7169,56.0894],[-5.7303,56.078],[-5.7461,56.0636],[-5.7519,56.0569],[-5.8458,55.9494],[-5.9042,55.8825],[-5.9469,55.83]]]]}},{"type":"Feature","properties":{"NAME":null,"ABBREVN":null,"SUBJECTO":null,"BORDERPRECISION":1,"PARTOF":null},"geometry":{"type":"MultiPolygon","coordinates":[[[[-7.4669,56.9408],[-7.4753,56.9408],[-7.5153,56.9431],[-7.5306,56.9442],[-7.5503,56.9475],[-7.5594,56.9514],[-7.5606,56.9556],[-7.56,56.9603],[-7.5536,56.9664],[-7.4456,57.0555],[-7.4397,57.0544],[-7.4186,57.0439],[-7.4147,57.0414],[-7.3781,56.9822],[-7.3761,56.9786],[-7.4347,56.945],[-7.4392,56.9428],[-7.4669,56.9408]]]]}},{"type":"Feature","properties":{"NAME":null,"ABBREVN":null,"SUBJECTO":null,"BORDERPRECISION":1,"PARTOF":null},"geometry":{"type":"MultiPolygon","coordinates":[[[[-7.2231,57.3375],[-7.2311,57.3328],[-7.2461,57.3278],[-7.2522,57.3267],[-7.2589,57.3272],[-7.2853,57.3361],[-7.2881,57.3225],[-7.2592,57.1525],[-7.2147,57.1144],[-7.2153,57.1103],[-7.2258,57.0969],[-7.2303,57.0947],[-7.2656,57.1036],[-7.2872,57.1061],[-7.3033,57.1061],[-7.3336,57.1],[-7.3561,57.0992],[-7.3631,57.1],[-7.3814,57.1086],[-7.3867,57.1147],[-7.3925,57.125],[-7.3961,57.1319],[-7.4175,57.1825],[-7.4189,57.1867],[-7.4208,57.2183],[-7.425,57.3822],[-7.4222,57.3853],[-7.4122,57.3897],[-7.3681,57.4014],[-7.3356,57.3958],[-7.2858,57.3811],[-7.2719,57.3753],[-7.2672,57.3722],[-7.2244,57.3417],[-7.2231,57.3375]]]]}},{"type":"Feature","properties":{"NAME":null,"ABBREVN":null,"SUBJECTO":null,"BORDERPRECISION":1,"PARTOF":null},"geometry":{"type":"MultiPolygon","coordinates":[[[[-7.2689,57.3989],[-7.2833,57.3975],[-7.3136,57.3997],[-7.3203,57.4014],[-7.3781,57.4203],[-7.3881,57.4239],[-7.4047,57.4419],[-7.4094,57.4483],[-7.41,57.4522],[-7.4064,57.4642],[-7.4042,57.4678],[-7.4003,57.4703],[-7.3578,57.4883],[-7.3511,57.4894],[-7.3006,57.4836],[-7.2761,57.4806],[-7.2442,57.4764],[-7.2047,57.4608],[-7.2025,57.4575],[-7.2022,57.4189],[-7.2044,57.415],[-7.2394,57.4036],[-7.2447,57.4022],[-7.2689,57.3989]]]]}},{"type":"Feature","properties":{"NAME":null,"ABBREVN":null,"SUBJECTO":null,"BORDERPRECISION":1,"PARTOF":null},"geometry":{"type":"MultiPolygon","coordinates":[[[[-7.1886,57.6872],[-7.0753,57.6422],[-7.0675,57.6375],[-7.0658,57.6333],[-7.1475,57.515],[-7.1539,57.5094],[-7.1683,57.508],[-7.2336,57.5036],[-7.3147,57.5042],[-7.3214,57.5053],[-7.3261,57.5078],[-7.3275,57.5275],[-7.3253,57.5442],[-7.3478,57.5508],[-7.4117,57.5681],[-7.4556,57.5639],[-7.4678,57.5619],[-7.4769,57.5625],[-7.4861,57.5661],[-7.5364,57.5861],[-7.5403,57.5881],[-7.5433,57.5908],[-7.5433,57.5956],[-7.4914,57.6464],[-7.4839,57.6519],[-7.4728,57.655],[-7.4325,57.6533],[-7.275,57.6564],[-7.2711,57.6594],[-7.2447,57.6769],[-7.1972,57.6869],[-7.1886,57.6872]]]]}},{"type":"Feature","properties":{"NAME":null,"ABBREVN":null,"SUBJECTO":null,"BORDERPRECISION":1,"PARTOF":null},"geometry":{"type":"MultiPolygon","coordinates":[[[[-7.0064,57.8814],[-7.0736,57.8778],[-7.0778,57.88],[-7.0767,57.8928],[-7.0736,57.8961],[-7.0328,57.9156],[-7.0275,57.9169],[-7.0072,57.9197],[-6.9994,57.92],[-6.9936,57.9186],[-6.9942,57.9139],[-6.9975,57.8908],[-6.9989,57.8872],[-7.0064,57.8814]]]]}},{"type":"Feature","properties":{"NAME":null,"ABBREVN":null,"SUBJECTO":null,"BORDERPRECISION":1,"PARTOF":null},"geometry":{"type":"MultiPolygon","coordinates":[[[[-6.8022,58.203],[-6.8389,58.2019],[-6.8692,58.2039],[-6.8731,58.2064],[-6.8889,58.2444],[-6.89,58.2486],[-6.8897,58.2525],[-6.8817,58.2542],[-6.8603,58.2511],[-6.8542,58.25],[-6.8097,58.2286],[-6.7944,58.218],[-6.7914,58.2069],[-6.7944,58.2033],[-6.8022,58.203]]]]}},{"type":"Feature","properties":{"NAME":null,"ABBREVN":null,"SUBJECTO":null,"BORDERPRECISION":1,"PARTOF":null},"geometry":{"type":"MultiPolygon","coordinates":[[[[-6.2042,58.3561],[-6.2325,58.3178],[-6.2797,58.2878],[-6.3239,58.2636],[-6.3283,58.2379],[-6.3284,58.2354],[-6.3276,58.2334],[-6.3253,58.2318],[-6.3218,58.2308],[-6.2851,58.2229],[-6.2813,58.2223],[-6.2769,58.2228],[-6.2736,58.2236],[-6.2654,58.2274],[-6.2208,58.2336],[-6.2086,58.2408],[-6.1725,58.2583],[-6.1678,58.2606],[-6.16,58.2597],[-6.1481,58.2561],[-6.1469,58.2528],[-6.1583,58.2183],[-6.1644,58.2122],[-6.1722,58.2069],[-6.2247,58.1836],[-6.2638,58.1766],[-6.3291,58.1828],[-6.3667,58.1586],[-6.3747,58.1356],[-6.3769,58.1319],[-6.3822,58.1297],[-6.4972,58.0975],[-6.5481,58.0919],[-6.6011,58.085],[-6.6203,58.0819],[-6.6192,58.0783],[-6.5947,58.0783],[-6.4969,58.0875],[-6.4203,58.1022],[-6.4103,58.1056],[-6.4025,58.1058],[-6.3961,58.1047],[-6.3906,58.0986],[-6.3539,58.0331],[-6.3567,58.03],[-6.3861,58.0092],[-6.4578,57.968],[-6.4739,57.9483],[-6.4728,57.9442],[-6.4739,57.9403],[-6.5381,57.9164],[-6.5442,57.915],[-6.5706,57.9114],[-6.5775,57.9108],[-6.6211,57.9144],[-6.6281,57.9153],[-6.6531,57.92],[-6.6622,57.9242],[-6.6664,57.9269],[-6.6919,57.9581],[-6.6986,57.9675],[-6.7047,57.9867],[-6.7069,57.9989],[-6.7061,58.0075],[-6.6975,58.0214],[-6.6944,58.0244],[-6.6628,58.0444],[-6.6592,58.0467],[-6.6528,58.0483],[-6.6294,58.0483],[-6.6219,58.0478],[-6.615,58.0461],[-6.5986,58.0453],[-6.5936,58.0464],[-6.5903,58.05],[-6.5953,58.0525],[-6.6003,58.0539],[-6.6078,58.0547],[-6.67,58.0581],[-6.6783,58.0583],[-6.6844,58.0575],[-6.6892,58.055],[-6.7614,57.9983],[-6.7258,57.9544],[-6.7228,57.9511],[-6.7189,57.9492],[-6.7053,57.9469],[-6.6964,57.9425],[-6.685,57.9344],[-6.6797,57.9283],[-6.6775,57.9256],[-6.6647,57.9006],[-6.6606,57.8847],[-6.6622,57.8806],[-6.7353,57.8258],[-6.9608,57.7275],[-6.9656,57.7256],[-6.9725,57.7247],[-6.9783,57.7258],[-6.9839,57.7283],[-7.12,57.8142],[-7.1231,57.8175],[-7.1244,57.8208],[-7.1267,57.8333],[-7.1253,57.8378],[-7.1183,57.8381],[-7.1039,57.8367],[-7.0922,57.8328],[-7.0836,57.8247],[-7.0658,57.8208],[-7.0289,57.8322],[-6.8303,57.9008],[-6.8342,57.9036],[-6.8794,57.9325],[-6.935,57.9497],[-6.9461,57.9528],[-6.985,57.9594],[-6.9928,57.9592],[-7.0219,57.9519],[-7.0297,57.9522],[-7.0356,57.9533],[-7.0753,57.9625],[-7.1128,57.9839],[-7.1139,57.9872],[-7.0842,58.008],[-7.0556,58.0203],[-7.0578,58.0364],[-7.0939,58.0705],[-7.1267,58.1233],[-7.1283,58.1303],[-7.1281,58.1347],[-7.0944,58.1819],[-7.0592,58.2203],[-7.0556,58.2233],[-7.0406,58.2333],[-7.0319,58.2381],[-7.0081,58.2353],[-7.0011,58.2344],[-6.9197,58.2161],[-6.9081,58.2128],[-6.9058,58.2097],[-6.9081,58.2061],[-6.9203,58.2036],[-6.9361,58.188],[-6.8742,58.1111],[-6.8681,58.1061],[-6.8619,58.1039],[-6.86,58.1081],[-6.8733,58.1786],[-6.8052,58.1959],[-6.7504,58.1852],[-6.7447,58.1972],[-6.7866,58.2294],[-6.8081,58.2597],[-6.8178,58.28],[-6.8156,58.2847],[-6.7978,58.3022],[-6.6731,58.3492],[-6.6583,58.3494],[-6.6522,58.3486],[-6.6469,58.3419],[-6.5603,58.3597],[-6.5503,58.3633],[-6.3553,58.4575],[-6.3106,58.4792],[-6.2928,58.4883],[-6.2769,58.5083],[-6.2722,58.5106],[-6.2669,58.5125],[-6.2597,58.5128],[-6.2531,58.5117],[-6.2444,58.5086],[-6.2347,58.5042],[-6.2233,58.4964],[-6.1661,58.4253],[-6.1658,58.4206],[-6.2042,58.3561]]]]}},{"type":"Feature","properties":{"NAME":null,"ABBREVN":null,"SUBJECTO":null,"BORDERPRECISION":1,"PARTOF":null},"geometry":{"type":"MultiPolygon","coordinates":[[[[-2.9183,58.7319],[-2.9394,58.73],[-2.9481,58.7306],[-2.9578,58.7347],[-2.9706,58.7419],[-2.98,58.7503],[-3.0369,58.8181],[-3.0336,58.8208],[-3.0289,58.8231],[-3.01,58.8317],[-3.0044,58.8331],[-2.9747,58.8353],[-2.9161,58.8389],[-2.8992,58.8383],[-2.8942,58.8369],[-2.8864,58.8319],[-2.8778,58.8242],[-2.8767,58.8203],[-2.9139,58.7339],[-2.9183,58.7319]]]]}},{"type":"Feature","properties":{"NAME":null,"ABBREVN":null,"SUBJECTO":null,"BORDERPRECISION":1,"PARTOF":null},"geometry":{"type":"MultiPolygon","coordinates":[[[[-3.2314,58.7756],[-3.2889,58.7756],[-3.2958,58.7761],[-3.3008,58.7781],[-3.4311,58.8714],[-3.4331,58.8747],[-3.4331,58.8789],[-3.4181,58.9042],[-3.4122,58.9106],[-3.3981,58.9172],[-3.3492,58.9269],[-3.3356,58.9275],[-3.2331,58.8872],[-3.2283,58.885],[-3.2147,58.8742],[-3.1364,58.8042],[-3.1347,58.8008],[-3.1369,58.7867],[-3.1417,58.7847],[-3.1603,58.7811],[-3.1808,58.7792],[-3.2314,58.7756]]]]}},{"type":"Feature","properties":{"NAME":null,"ABBREVN":null,"SUBJECTO":null,"BORDERPRECISION":1,"PARTOF":null},"geometry":{"type":"MultiPolygon","coordinates":[[[[-2.7931,58.9514],[-2.7558,58.9178],[-2.8244,58.8789],[-2.8692,58.8933],[-2.97,58.9394],[-3.0083,58.94],[-3.0572,58.9358],[-3.1106,58.9281],[-3.1197,58.9233],[-3.1197,58.9192],[-3.1722,58.9108],[-3.1883,58.91],[-3.195,58.9111],[-3.3033,58.9458],[-3.3133,58.95],[-3.3456,58.9658],[-3.3611,58.9922],[-3.3631,58.9956],[-3.3681,59.01],[-3.3681,59.0142],[-3.3514,59.1064],[-3.3503,59.11],[-3.3175,59.1294],[-3.2778,59.14],[-3.2722,59.1414],[-3.2389,59.1461],[-3.2189,59.1486],[-3.2025,59.1486],[-3.1958,59.1472],[-3.0769,59.1217],[-3.0731,59.1192],[-2.9983,59.0697],[-2.9953,59.0667],[-2.9958,59.0558],[-2.9472,58.9983],[-2.8522,58.9756],[-2.7931,58.9514]]]]}},{"type":"Feature","properties":{"NAME":null,"ABBREVN":null,"SUBJECTO":null,"BORDERPRECISION":1,"PARTOF":null},"geometry":{"type":"MultiPolygon","coordinates":[[[[-2.6814,59.1958],[-2.6858,59.1842],[-2.6897,59.1867],[-2.6917,59.19],[-2.6936,59.1975],[-2.6925,59.2103],[-2.6906,59.2144],[-2.6844,59.2208],[-2.5928,59.2906],[-2.5556,59.3031],[-2.5344,59.305],[-2.4144,59.3136],[-2.4072,59.3139],[-2.4022,59.3128],[-2.4,59.3103],[-2.3972,59.3033],[-2.3903,59.2831],[-2.39,59.2797],[-2.4956,59.245],[-2.5708,59.2422],[-2.5772,59.2422],[-2.6206,59.2361],[-2.625,59.2336],[-2.6814,59.1958]]]]}},{"type":"Feature","properties":{"NAME":null,"ABBREVN":null,"SUBJECTO":null,"BORDERPRECISION":1,"PARTOF":null},"geometry":{"type":"MultiPolygon","coordinates":[[[[-2.89,59.2953],[-2.8497,59.2681],[-2.8531,59.2494],[-2.8775,59.2286],[-2.8731,59.2519],[-2.8731,59.2561],[-2.8769,59.2586],[-2.9367,59.2836],[-2.9586,59.2878],[-2.9656,59.2881],[-2.9719,59.2872],[-2.9764,59.2847],[-2.9742,59.2814],[-2.9769,59.2728],[-2.9881,59.2642],[-2.9922,59.2617],[-2.9992,59.2611],[-3.0033,59.2636],[-3.0283,59.285],[-3.0736,59.3242],[-3.0756,59.3275],[-3.0764,59.3314],[-3.0717,59.3314],[-3.0489,59.3292],[-2.8972,59.2997],[-2.89,59.2953]]]]}},{"type":"Feature","properties":{"NAME":null,"ABBREVN":null,"SUBJECTO":null,"BORDERPRECISION":1,"PARTOF":null},"geometry":{"type":"MultiPolygon","coordinates":[[[[-1.2961,60.4911],[-1.2867,60.4711],[-1.1639,60.4544],[-1.0414,60.4469],[-1.0372,60.4442],[-1.0378,60.44],[-1.0661,60.3581],[-1.1011,60.2758],[-1.1642,60.2583],[-1.1658,60.2619],[-1.1869,60.2697],[-1.195,60.2708],[-1.1989,60.2678],[-1.2006,60.2633],[-1.1981,60.2558],[-1.1856,60.2306],[-1.1806,60.225],[-1.1575,60.1947],[-1.1261,60.1517],[-1.1256,60.1478],[-1.1286,60.1442],[-1.1467,60.1319],[-1.1531,60.133],[-1.1631,60.1375],[-1.1706,60.1372],[-1.1872,60.1272],[-1.2122,60.1028],[-1.2206,60.0225],[-1.2603,59.8622],[-1.2625,59.8583],[-1.2686,59.8511],[-1.3069,59.8575],[-1.3719,59.8917],[-1.3781,59.9022],[-1.3778,59.9064],[-1.3317,59.9969],[-1.33,60],[-1.3264,60.0044],[-1.3225,60.0075],[-1.3164,60.0089],[-1.3114,60.0067],[-1.3081,60.0089],[-1.3058,60.0128],[-1.2683,60.0936],[-1.2631,60.1069],[-1.2611,60.1158],[-1.2603,60.1242],[-1.2617,60.1308],[-1.285,60.22],[-1.2914,60.2414],[-1.4033,60.2558],[-1.4103,60.255],[-1.4142,60.2519],[-1.4103,60.2494],[-1.3875,60.2372],[-1.3636,60.2297],[-1.3531,60.2089],[-1.3583,60.1925],[-1.4486,60.1511],[-1.4536,60.1525],[-1.4906,60.1678],[-1.5203,60.1814],[-1.5272,60.1869],[-1.5278,60.1908],[-1.5267,60.1944],[-1.5197,60.2011],[-1.5889,60.2158],[-1.6478,60.2247],[-1.655,60.2261],[-1.6647,60.2308],[-1.6744,60.2394],[-1.6781,60.2464],[-1.6931,60.2797],[-1.6928,60.2839],[-1.6914,60.2883],[-1.6669,60.2997],[-1.6553,60.3031],[-1.6283,60.3072],[-1.5967,60.3081],[-1.5897,60.3064],[-1.4747,60.315],[-1.4458,60.3186],[-1.4269,60.3214],[-1.3458,60.34],[-1.3203,60.3564],[-1.4458,60.4605],[-1.5022,60.4697],[-1.5536,60.4756],[-1.5583,60.4731],[-1.565,60.4731],[-1.6097,60.4742],[-1.6117,60.4767],[-1.61,60.4814],[-1.5931,60.5078],[-1.5469,60.5358],[-1.4161,60.605],[-1.4106,60.6069],[-1.3019,60.6367],[-1.2958,60.6347],[-1.2942,60.6311],[-1.2875,60.6133],[-1.2961,60.4911]]]]}},{"type":"Feature","properties":{"NAME":null,"ABBREVN":null,"SUBJECTO":null,"BORDERPRECISION":1,"PARTOF":null},"geometry":{"type":"MultiPolygon","coordinates":[[[[-1.0294,60.4958],[-1.1047,60.4856],[-1.1275,60.4864],[-1.14,60.4894],[-1.1428,60.4925],[-1.1703,60.5272],[-1.1825,60.595],[-1.1836,60.6028],[-1.1814,60.6236],[-1.1794,60.6325],[-1.1772,60.6367],[-1.11,60.7258],[-1.0986,60.73],[-1.0925,60.7314],[-1.0847,60.7317],[-1.0569,60.7308],[-0.9967,60.7247],[-0.9911,60.72],[-0.9825,60.6555],[-0.9828,60.6514],[-1.0178,60.5194],[-1.0192,60.515],[-1.0233,60.5031],[-1.0256,60.4989],[-1.0294,60.4958]]]]}},{"type":"Feature","properties":{"NAME":null,"ABBREVN":null,"SUBJECTO":null,"BORDERPRECISION":1,"PARTOF":null},"geometry":{"type":"MultiPolygon","coordinates":[[[[-0.8197,60.6889],[-0.835,60.6733],[-0.9356,60.6744],[-0.9586,60.6825],[-0.9656,60.688],[-0.9597,60.7114],[-0.9389,60.7944],[-0.8831,60.8422],[-0.8783,60.8444],[-0.8061,60.8406],[-0.7728,60.8311],[-0.7678,60.8289],[-0.7581,60.8178],[-0.7572,60.8139],[-0.7636,60.7933],[-0.8197,60.6889]]]]}},{"type":"Feature","properties":{"NAME":null,"ABBREVN":null,"SUBJECTO":null,"BORDERPRECISION":1,"PARTOF":null},"geometry":{"type":"MultiPolygon","coordinates":[[[[-6.6553,61.3894],[-6.6603,61.3883],[-6.6681,61.3894],[-6.7192,61.4075],[-6.8458,61.468],[-6.9583,61.5986],[-6.9628,61.6192],[-6.96,61.6228],[-6.9447,61.6367],[-6.9264,61.6414],[-6.9122,61.6436],[-6.8894,61.645],[-6.7289,61.5758],[-6.7244,61.5733],[-6.7094,61.5583],[-6.6553,61.4331],[-6.6417,61.4008],[-6.6422,61.3972],[-6.6553,61.3894]]],[[[-6.6042,61.8217],[-6.63,61.7611],[-6.6389,61.7505],[-6.6522,61.7428],[-6.7047,61.7775],[-6.8361,61.8178],[-6.8411,61.8175],[-6.8661,61.8375],[-6.9089,61.9011],[-6.9083,61.9047],[-6.9047,61.9078],[-6.8644,61.9075],[-6.8558,61.9069],[-6.7833,61.8969],[-6.7769,61.8953],[-6.6614,61.8589],[-6.6522,61.8539],[-6.6042,61.8261],[-6.6042,61.8217]]],[[[-7.0497,62.0678],[-7.055,62.0603],[-7.0628,62.0494],[-7.1653,62.0236],[-7.1858,62.0197],[-7.2017,62.0186],[-7.1917,62.0311],[-7.1922,62.0397],[-7.1936,62.0433],[-7.1983,62.05],[-7.2119,62.0575],[-7.2267,62.0644],[-7.2325,62.0647],[-7.2333,62.0603],[-7.2511,62.0428],[-7.3456,62.0522],[-7.3522,62.0539],[-7.3781,62.065],[-7.3817,62.0681],[-7.4311,62.1161],[-7.4339,62.1236],[-7.4344,62.1278],[-7.435,62.1403],[-7.4336,62.1436],[-7.4264,62.1447],[-7.2311,62.16],[-7.2233,62.1594],[-7.1631,62.1288],[-7.0561,62.0986],[-7.045,62.0944],[-7.0414,62.0914],[-7.0403,62.0878],[-7.0411,62.0831],[-7.0497,62.0678]]],[[[-6.7069,61.9375],[-6.7178,61.9333],[-6.7253,61.9344],[-6.7731,61.95],[-6.8692,61.9975],[-6.9611,62.0467],[-7.0346,62.1121],[-7.1303,62.1256],[-7.2322,62.1725],[-7.2347,62.1758],[-7.235,62.18],[-7.2336,62.1933],[-7.2328,62.1981],[-7.2108,62.2847],[-7.1956,62.3047],[-7.1922,62.3078],[-7.135,62.3039],[-7.1281,62.3022],[-7.0875,62.2908],[-7.0706,62.2847],[-7.0658,62.2822],[-7.0625,62.2792],[-7.0575,62.2725],[-7.0522,62.2575],[-7.045,62.2433],[-7.0425,62.24],[-7.0367,62.2336],[-6.9908,62.1931],[-6.9739,62.1825],[-6.9458,62.1681],[-6.9164,62.1539],[-6.8414,62.1244],[-6.735,62.0436],[-6.7247,62.035],[-6.7189,62.0286],[-6.6964,61.9794],[-6.6961,61.9753],[-6.7025,61.9403],[-6.7069,61.9375]]],[[[-6.62,62.2297],[-6.6236,62.2267],[-6.6322,62.2275],[-6.6581,62.2344],[-6.6814,62.2425],[-6.6858,62.245],[-6.7117,62.2939],[-6.7208,62.3314],[-6.6322,62.2592],[-6.6256,62.2533],[-6.6203,62.2381],[-6.6192,62.2344],[-6.62,62.2297]]],[[[-6.6575,62.0925],[-6.6575,62.0558],[-6.6697,62.0586],[-6.7528,62.0928],[-6.9219,62.1672],[-6.9481,62.1825],[-6.9642,62.1933],[-7.0111,62.2264],[-7.025,62.2378],[-7.0294,62.2444],[-7.0625,62.2958],[-7.0603,62.3136],[-6.9581,62.3392],[-6.9503,62.3381],[-6.9381,62.3342],[-6.8072,62.2903],[-6.735,62.26],[-6.6011,62.1969],[-6.5978,62.1942],[-6.5881,62.1342],[-6.6497,62.1025],[-6.6542,62.0997],[-6.6569,62.0961],[-6.6575,62.0925]]],[[[-6.4186,62.1839],[-6.5181,62.1689],[-6.5272,62.1739],[-6.5556,62.1969],[-6.5725,62.2117],[-6.5819,62.225],[-6.5881,62.2397],[-6.5509,62.251],[-6.549,62.3009],[-6.5744,62.3499],[-6.5417,62.3575],[-6.5367,62.3425],[-6.5222,62.3181],[-6.4928,62.2914],[-6.4889,62.2883],[-6.43,62.2689],[-6.3978,62.26],[-6.3922,62.258],[-6.3889,62.255],[-6.3886,62.2508],[-6.3897,62.2461],[-6.4072,62.1917],[-6.4086,62.1886],[-6.4122,62.1853],[-6.4186,62.1839]]],[[[-6.5858,62.2564],[-6.595,62.2561],[-6.6083,62.2586],[-6.6131,62.2611],[-6.62,62.2669],[-6.6644,62.3225],[-6.6681,62.3297],[-6.6683,62.3339],[-6.6667,62.3472],[-6.6658,62.3519],[-6.6608,62.3725],[-6.6547,62.3742],[-6.6458,62.3742],[-6.6381,62.3731],[-6.6322,62.3708],[-6.5736,62.3064],[-6.5664,62.2964],[-6.5614,62.2814],[-6.5611,62.2769],[-6.5617,62.2733],[-6.5656,62.2653],[-6.5725,62.2589],[-6.5858,62.2564]]],[[[-6.4061,62.2844],[-6.415,62.2844],[-6.4228,62.2856],[-6.4803,62.2978],[-6.4886,62.3075],[-6.5469,62.3836],[-6.5453,62.3869],[-6.5308,62.3942],[-6.5253,62.3961],[-6.5192,62.3969],[-6.4983,62.3864],[-6.4892,62.3814],[-6.3917,62.2969],[-6.4061,62.2844]]]]}},{"type":"Feature","properties":{"NAME":null,"ABBREVN":null,"SUBJECTO":null,"BORDERPRECISION":1,"PARTOF":null},"geometry":{"type":"MultiPolygon","coordinates":[[[[-4.7778,54.0555],[-4.7839,54.0569],[-4.7875,54.0594],[-4.7886,54.063],[-4.7886,54.0672],[-4.7139,54.2144],[-4.7103,54.2172],[-4.6989,54.2192],[-4.6458,54.2381],[-4.6414,54.24],[-4.625,54.2489],[-4.6181,54.2542],[-4.6019,54.2678],[-4.5958,54.2739],[-4.5881,54.2836],[-4.5781,54.2969],[-4.5547,54.3311],[-4.5533,54.3353],[-4.5528,54.3439],[-4.5414,54.3561],[-4.5275,54.3672],[-4.485,54.3872],[-4.4431,54.398],[-4.3681,54.4167],[-4.3603,54.4161],[-4.3542,54.4108],[-4.3528,54.4092],[-4.3083,54.3006],[-4.3075,54.2969],[-4.3094,54.2933],[-4.3217,54.2767],[-4.3861,54.1955],[-4.3944,54.1864],[-4.4706,54.1375],[-4.4911,54.1267],[-4.5506,54.0978],[-4.6239,54.0686],[-4.6844,54.0769],[-4.6906,54.0783],[-4.7047,54.0797],[-4.7208,54.0761],[-4.7778,54.0555]]]]}},{"type":"Feature","properties":{"NAME":null,"ABBREVN":null,"SUBJECTO":null,"BORDERPRECISION":1,"PARTOF":null},"geometry":{"type":"MultiPolygon","coordinates":[[[[18.2061,56.9119],[18.1689,56.91],[18.1478,56.9119],[18.1403,56.915],[18.1425,56.9203],[18.1583,56.9417],[18.2092,56.9892],[18.2567,57.0322],[18.2544,57.0792],[18.1733,57.1419],[18.1483,57.2353],[18.1581,57.3158],[18.1425,57.4094],[18.1153,57.4808],[18.1103,57.4961],[18.11,57.5131],[18.1114,57.5194],[18.1192,57.5311],[18.1386,57.5511],[18.1792,57.5883],[18.1914,57.5961],[18.2119,57.6058],[18.2278,57.6114],[18.2422,57.6175],[18.2492,57.6208],[18.2761,57.6342],[18.2947,57.6458],[18.3389,57.6817],[18.3558,57.6958],[18.3819,57.7186],[18.4017,57.7386],[18.4197,57.7603],[18.4564,57.8028],[18.4614,57.8078],[18.4672,57.8119],[18.4811,57.8186],[18.6819,57.9136],[18.69,57.9161],[18.7161,57.9211],[18.725,57.9228],[18.8819,57.9197],[18.9025,57.9183],[18.9142,57.9175],[19.0047,57.9086],[19.0061,57.9036],[19.0039,57.8989],[19.0333,57.8269],[18.9294,57.7397],[18.8489,57.7211],[18.8092,57.7036],[18.7933,57.6592],[18.7597,57.508],[18.7681,57.4722],[18.7694,57.4672],[18.7883,57.4483],[18.7144,57.2469],[18.7119,57.2417],[18.6581,57.2208],[18.5519,57.1828],[18.5147,57.1694],[18.4983,57.1653],[18.4556,57.1569],[18.4394,57.1528],[18.4172,57.1442],[18.3972,57.1342],[18.3914,57.13],[18.3867,57.125],[18.3456,57.0797],[18.3414,57.0739],[18.3392,57.0686],[18.3356,57.0233],[18.3358,57.0175],[18.3433,57.0144],[18.3467,56.9986],[18.3025,56.9375],[18.295,56.9347],[18.2156,56.9131],[18.2061,56.9119]]]]}},{"type":"Feature","properties":{"NAME":"Pomeranian culture ","ABBREVN":"Pomeranian culture ","SUBJECTO":"Pomeranian culture ","BORDERPRECISION":1,"PARTOF":"Baltic archeological cultures"},"geometry":{"type":"MultiPolygon","coordinates":[[[[19.3882,54.1872],[19.5664,53.7993],[19.1116,53.495],[18.7302,53.2981],[18.6495,53.0299],[19.0456,52.7643],[18.9738,52.7365],[18.5981,52.5909],[17.5638,52.5909],[16.5735,52.8663],[16.2434,53.1136],[16.2287,53.6344],[15.6419,53.8253],[15.4705,53.796],[15.0856,54.0043],[15.3108,54.1494],[15.8333,54.24],[16.0478,54.2617],[16.4082,54.4615],[16.5436,54.5447],[16.8842,54.5897],[17.2472,54.7292],[17.5306,54.7622],[18.0336,54.8336],[18.35,54.8336],[18.7747,54.6664],[18.8364,54.6119],[18.8156,54.595],[18.7508,54.6628],[18.4803,54.758],[18.4669,54.7368],[18.4053,54.743],[18.4683,54.6658],[18.5114,54.6311],[18.5725,54.4861],[18.5767,54.4417],[18.7083,54.3828],[18.8364,54.3533],[18.9731,54.3447],[19.1389,54.3467],[19.4175,54.3806],[19.6273,54.4633],[19.8702,54.6386],[19.8982,54.626],[19.8125,54.5512],[19.6511,54.4558],[19.4397,54.369],[19.2275,54.3319],[19.2561,54.2775],[19.3711,54.2686],[19.4003,54.2809],[19.3882,54.1872]]]]}},{"type":"Feature","properties":{"NAME":"Sambian-Nothangian culture","ABBREVN":"Sambian-Nothangian culture","SUBJECTO":"Sambian-Nothangian culture","BORDERPRECISION":1,"PARTOF":"Baltic archeological cultures"},"geometry":{"type":"MultiPolygon","coordinates":[[[[21.1631,54.8994],[21.327,54.8009],[21.4817,54.4357],[21.5251,54.3331],[21.1216,54.0111],[20.2193,54.1445],[19.9137,54.3942],[19.9146,54.3947],[19.8175,54.462],[19.8327,54.4695],[19.9352,54.4939],[19.9618,54.5295],[20.0418,54.5597],[20.405,54.6828],[20.0843,54.6731],[19.9814,54.7055],[19.9008,54.6283],[19.8728,54.6422],[19.9594,54.7642],[19.9426,54.8499],[19.9694,54.9575],[20.7853,54.9417],[20.8703,54.9008],[20.9844,54.8925],[21.0903,54.895],[21.1631,54.8994]]]]}},{"type":"Feature","properties":{"NAME":"Bell-shaped burials culture","ABBREVN":"Bell-shaped burials culture","SUBJECTO":"Bell-shaped burials culture","BORDERPRECISION":1,"PARTOF":"Baltic archeological cultures"},"geometry":{"type":"MultiPolygon","coordinates":[[[[20.9855,52.6157],[22.0092,51.8449],[23.315,51.2059],[24.4887,51.3848],[24.606,51.1645],[25.7211,49.6119],[25.1049,48.8261],[24.0779,49.3832],[22.4347,50.5347],[21.1436,49.7638],[18.4147,49.5548],[17.8866,50.6278],[16.4488,51.2748],[16.3314,52.0393],[15.099,53.0916],[15.4805,53.7907],[15.4705,53.796],[15.6419,53.8253],[16.2287,53.6344],[16.2434,53.1136],[16.5735,52.8663],[17.5638,52.5909],[18.5981,52.5909],[18.9738,52.7365],[19.4931,52.5329],[20.2633,52.4793],[20.9855,52.6157]]]]}},{"type":"Feature","properties":{"NAME":"Western Masurian culture","ABBREVN":"Western Masurian culture","SUBJECTO":"Western Masurian culture","BORDERPRECISION":1,"PARTOF":"Baltic archeological cultures"},"geometry":{"type":"MultiPolygon","coordinates":[[[[21.4817,54.4357],[21.6278,54.4357],[22.1266,54.3289],[21.9799,54.0929],[21.7231,53.7169],[21.7745,53.4819],[21.8625,53.0695],[21.349,52.6844],[20.9855,52.6157],[20.2633,52.4793],[19.4931,52.5329],[18.9738,52.7365],[19.0456,52.7643],[18.6495,53.0299],[18.7302,53.2981],[19.1116,53.495],[19.5664,53.7993],[19.3882,54.1872],[19.4003,54.2809],[19.4809,54.3004],[19.5814,54.3464],[19.6236,54.3489],[19.7136,54.3833],[19.797,54.4376],[19.8175,54.462],[19.9137,54.3942],[20.2193,54.1445],[21.1216,54.0111],[21.5251,54.3331],[21.4817,54.4357]]]]}},{"type":"Feature","properties":{"NAME":"Eastern Masurian culture","ABBREVN":"Eastern Masurian culture","SUBJECTO":"Eastern Masurian culture","BORDERPRECISION":1,"PARTOF":"Baltic archeological cultures"},"geometry":{"type":"MultiPolygon","coordinates":[[[[24.4887,51.3848],[23.315,51.2059],[22.0092,51.8449],[20.9855,52.6157],[21.349,52.6844],[21.8625,53.0695],[21.7745,53.4819],[21.7231,53.7169],[21.9799,54.0929],[22.1266,54.3289],[21.6278,54.4357],[21.4817,54.4357],[21.327,54.8009],[21.1631,54.8994],[21.1725,54.919],[21.9796,54.9915],[23.0949,55.0917],[23.9165,54.8812],[23.9605,54.2346],[24.1366,53.6648],[24.7674,53.3244],[24.6354,52.6977],[25.1195,52.0799],[25.0557,51.9761],[24.7821,51.5311],[24.4887,51.3848]]]]}},{"type":"Feature","properties":{"NAME":"Curonians","ABBREVN":"Curonians","SUBJECTO":"Curonians","BORDERPRECISION":1,"PARTOF":"Baltic archeological cultures"},"geometry":{"type":"MultiPolygon","coordinates":[[[[21.8631,57.5967],[21.9252,57.4971],[22.3173,56.8082],[22.8161,56.1438],[22.4494,55.4511],[21.9796,54.9915],[21.1725,54.919],[21.2422,54.9436],[21.2278,54.9844],[21.1748,55.0675],[21.1908,55.1492],[21.2242,55.2],[21.2661,55.2056],[21.2767,55.3228],[21.2163,55.3437],[21.0185,55.634],[21.0148,55.6971],[21.0672,55.9914],[21.0464,56.1092],[20.9753,56.23],[20.9955,56.5083],[21.0267,56.6142],[21.0494,56.6719],[21.07,56.8458],[21.2614,56.9228],[21.4155,57.0694],[21.4206,57.2894],[21.4825,57.3339],[21.5961,57.4433],[21.7247,57.5725],[21.8631,57.5967]]]]}},{"type":"Feature","properties":{"NAME":"Brushed Pottery culture","ABBREVN":"Brushed Pottery culture","SUBJECTO":"Brushed Pottery culture","BORDERPRECISION":1,"PARTOF":"Baltic archeological cultures"},"geometry":{"type":"MultiPolygon","coordinates":[[[[29.6995,55.6574],[29.8877,55.1755],[28.9781,54.6187],[29.7073,53.2972],[29.7117,53.2894],[27.7751,52.3137],[25.6624,52.0077],[25.0557,51.9761],[25.1195,52.0799],[24.6354,52.6977],[24.7674,53.3244],[24.1366,53.6648],[23.9605,54.2346],[23.9165,54.8812],[23.0949,55.0917],[21.9796,54.9915],[22.4494,55.4511],[22.8161,56.1438],[22.3173,56.8082],[21.9252,57.4971],[21.8631,57.5967],[21.9308,57.5905],[21.9819,57.5939],[22.0492,57.6167],[22.0983,57.6339],[22.4744,57.738],[22.6036,57.7575],[22.6372,57.5889],[22.9428,57.4294],[23.1342,57.3658],[23.2592,57.098],[23.3514,57.0522],[23.5861,56.9767],[23.6686,56.9647],[23.7858,56.9703],[23.9553,57.0114],[24.3097,57.1003],[25.7211,57.0044],[28.1272,56.0988],[29.6995,55.6574]]]]}},{"type":"Feature","properties":{"NAME":"Milograd culture","ABBREVN":"Milograd culture","SUBJECTO":"Milograd culture","BORDERPRECISION":1,"PARTOF":"Baltic archeological cultures"},"geometry":{"type":"MultiPolygon","coordinates":[[[[29.7073,53.2972],[30.6653,53.1224],[31.795,52.8752],[32.0591,52.116],[31.6923,51.1139],[31.556,50.9029],[30.592,50.1602],[27.8044,50.9247],[26.2199,50.9432],[24.7821,51.5311],[25.0557,51.9761],[25.6624,52.0077],[27.7751,52.3137],[29.7117,53.2894],[29.7073,53.2972]]]]}},{"type":"Feature","properties":{"NAME":"Plain-Pottery culture","ABBREVN":"Plain-Pottery culture","SUBJECTO":"Plain-Pottery culture","BORDERPRECISION":1,"PARTOF":"Baltic archeological cultures"},"geometry":{"type":"MultiPolygon","coordinates":[[[[31.556,50.9029],[31.6923,51.1139],[32.0591,52.116],[31.795,52.8752],[30.6653,53.1224],[29.7073,53.2972],[28.9781,54.6187],[29.8877,55.1755],[29.6995,55.6574],[29.9464,55.5881],[31.6483,56.311],[33.7316,56.7318],[36.7246,56.6835],[38.4558,55.9348],[38.0156,55.4552],[36.9593,54.2903],[38.3091,53.6518],[38.2797,53.1972],[36.93,52.7199],[34.9053,51.4763],[31.5603,50.9062],[31.556,50.9029]]]]}},{"type":"Feature","properties":{"NAME":"Illyrians","ABBREVN":"Illyrians","SUBJECTO":"Illyrians","BORDERPRECISION":1,"PARTOF":"Illyrians"},"geometry":{"type":"MultiPolygon","coordinates":[[[[20.2459,45.8849],[19.0123,44.9457],[21.535,41.7926],[21.0808,41.3439],[19.607,41.7615],[19.4579,41.7981],[19.3677,41.8464],[19.3385,41.862],[19.143,41.9321],[19.1355,41.9995],[18.9099,42.2178],[18.8431,42.2414],[18.5286,42.3527],[18.5136,42.3621],[18.2487,42.5274],[18.0014,42.6945],[17.6464,42.8646],[17.5957,42.8889],[17.548,42.9201],[17.3041,43.0762],[17.0751,43.2227],[16.9923,43.3227],[16.6398,43.3897],[16.5485,43.4613],[16.3667,43.513],[16.0594,43.4335],[15.9128,43.6522],[15.4944,43.8884],[15.4123,43.9348],[15.1495,44.2399],[15.2744,44.2366],[15.5482,44.2293],[15.2859,44.3289],[14.9891,44.54],[14.907,44.7233],[14.9455,44.9266],[14.8154,45.0779],[14.5246,45.2663],[14.3545,45.3229],[14.2386,45.0624],[14.1746,45.0104],[14.1885,44.9425],[14.0604,44.8947],[13.9913,44.7831],[13.8951,44.7592],[13.6721,45.0504],[13.6436,45.1791],[13.5269,45.4543],[13.5563,45.4596],[13.7491,45.4943],[13.8,45.5664],[13.6732,45.7145],[13.5654,45.7264],[13.9165,46.2518],[16.1701,46.7611],[19.9141,47.1443],[19.9373,46.0187],[20.2459,45.8849]]]]}}]}