{"type":"FeatureCollection","name":"world_1000","crs":{"type":"name","properties":{"name":"urn:ogc:def:crs:OGC:1.3:CRS84"}},"features":[{"type":"Feature","properties":{"NAME":"Cyprus","ABBREVN":"Cyprus","INFO_UR":null,"SUBJECTO":"Cyprus","BORDERPRECISION":1,"PARTOF":"Cyprus"},"geometry":{"type":"MultiPolygon","coordinates":[[[[33.7805,35.2081],[33.7727,35.1293],[33.9247,34.9532],[33.792,34.9574],[33.7326,34.9086],[33.6858,34.9349],[33.5385,34.9442],[33.4839,34.7958],[33.1314,34.6803],[32.9586,34.6593],[32.9145,34.6357],[32.9145,34.5413],[32.8167,34.5386],[32.7841,34.6252],[32.6034,34.6147],[32.3572,34.6803],[32.2711,34.7197],[32.271,34.8142],[32.1985,34.8614],[32.1437,35.0425],[32.1805,35.0583],[32.2345,35.0136],[32.301,35.0163],[32.4831,35.1529],[32.597,35.1556],[32.745,35.1143],[32.7795,35.1529],[32.8191,35.2817],[32.7951,35.3606],[33.0775,35.3186],[33.3737,35.3065],[33.539,35.3317],[33.9073,35.4368],[34.2173,35.5736],[34.4582,35.6446],[34.2447,35.5118],[34.0484,35.4079],[33.7805,35.2081]]]]}},{"type":"Feature","properties":{"NAME":null,"ABBREVN":null,"INFO_UR":null,"SUBJECTO":null,"BORDERPRECISION":1,"PARTOF":null},"geometry":{"type":"MultiPolygon","coordinates":[[[[-25.6949,71.273],[-25.8496,71.4357],[-26.7875,71.5583],[-25.8496,71.4357],[-25.6949,71.273]]],[[[-27.912,70.2825],[-27.4749,70.2068],[-26.5226,70.1779],[-26.252,70.1784],[-25.4533,70.2871],[-24.5847,70.304],[-24.1952,70.2435],[-23.7753,70.1448],[-23.5874,70.084],[-23.4595,70.0919],[-23.0089,70.0927],[-22.434,70.0785],[-22.1575,70.0561],[-22.434,70.0785],[-23.0089,70.0927],[-23.4595,70.0919],[-23.5874,70.084],[-23.7753,70.1448],[-24.1952,70.2435],[-24.5847,70.304],[-25.4533,70.2871],[-26.252,70.1784],[-26.5226,70.1779],[-27.4749,70.2068],[-27.912,70.2825],[-28.3845,70.458],[-27.912,70.2825]]],[[[-32.0372,67.9847],[-32.0372,67.9847],[-32.3555,68.4542],[-32.3555,68.4542],[-32.0372,67.9847]]],[[[-37.5789,65.5451],[-37.1548,66.3202],[-37.1548,66.3202],[-37.5789,65.5451],[-37.5789,65.5451]]],[[[-37.9249,66.2088],[-37.9249,66.2088],[-38.0418,66.3992],[-38.0418,66.3992],[-37.9249,66.2088]]],[[[-39.7818,65.3519],[-39.6949,65.187],[-39.7818,65.3519],[-39.992,65.5333],[-39.7818,65.3519]]],[[[-44.7531,60.0307],[-44.6822,60.2884],[-44.6822,60.2884],[-44.7531,60.0307],[-44.7531,60.0307]]],[[[-45.6217,60.6006],[-45.6041,60.6845],[-45.4899,60.7966],[-45.4603,60.8946],[-45.4899,60.7966],[-45.6041,60.6845],[-45.6217,60.6006]]],[[[-50.5391,67.4881],[-50.4771,67.4822],[-50.4911,67.6454],[-50.3567,67.8909],[-50.4911,67.6454],[-50.4771,67.4822],[-50.5391,67.4881]]],[[[-52.8425,68.5058],[-52.6912,68.6634],[-52.3369,68.6641],[-51.6787,68.5005],[-51.2137,68.4789],[-51.0052,68.5092],[-50.9538,68.5393],[-50.9138,68.8093],[-50.8744,68.9446],[-50.6066,68.9601],[-50.3688,68.9079],[-50.2665,68.9532],[-50.2788,69.1112],[-50.2665,68.9532],[-50.3688,68.9079],[-50.6066,68.9601],[-50.8744,68.9446],[-50.9138,68.8093],[-50.9538,68.5393],[-51.0052,68.5092],[-51.2137,68.4789],[-51.6787,68.5005],[-52.3369,68.6641],[-52.6912,68.6634],[-52.8425,68.5058]]],[[[-50.7674,69.3364],[-50.6944,69.5329],[-50.4566,69.7376],[-50.6944,69.5329],[-50.7674,69.3364]]],[[[-54.3735,70.7247],[-54.3032,70.7402],[-54.158,70.8099],[-53.8855,70.8104],[-53.6281,70.8186],[-52.6898,70.6817],[-52.3675,70.6669],[-51.8057,70.5294],[-51.1528,70.3233],[-50.8245,70.2473],[-50.7995,70.3854],[-50.8245,70.2473],[-51.1528,70.3233],[-51.8057,70.5294],[-52.3675,70.6669],[-52.6898,70.6817],[-53.6281,70.8186],[-53.8855,70.8104],[-54.158,70.8099],[-54.3032,70.7402],[-54.3735,70.7247]]],[[[-51.3264,70.823],[-51.4038,71.0236],[-51.4038,71.0236],[-51.3264,70.823],[-51.3264,70.823]]],[[[-52.198,71.3554],[-52.0356,71.48],[-51.7914,71.5427],[-51.7201,71.5896],[-51.7914,71.5427],[-52.0356,71.48],[-52.198,71.3554]]],[[[-55.6143,71.5979],[-55.6264,71.7304],[-55.4296,71.8713],[-55.2976,72.1612],[-55.3661,72.7278],[-55.104,72.752],[-54.7931,72.6657],[-54.6261,72.7213],[-54.5582,72.8716],[-54.6261,72.7213],[-54.7931,72.6657],[-55.104,72.752],[-55.3661,72.7278],[-55.2976,72.1612],[-55.4296,71.8713],[-55.6264,71.7304],[-55.6143,71.5979]]],[[[-58.2053,75.2952],[-58.2285,75.6106],[-58.2285,75.6106],[-58.2053,75.2952],[-58.2053,75.2952]]],[[[-62.8114,81.156],[-62.7748,81.1587],[-62.2513,81.1195],[-61.7053,81.1509],[-61.1118,81.1824],[-60.9567,81.2637],[-60.9517,81.3655],[-60.9567,81.2637],[-61.1118,81.1824],[-61.7053,81.1509],[-62.2513,81.1195],[-62.7748,81.1587],[-62.8114,81.156]]],[[[-61.1122,81.7042],[-61.1224,81.7976],[-60.8873,81.8606],[-60.0387,81.8833],[-59.3519,81.791],[-58.3887,81.6066],[-57.8053,81.505],[-57.4442,81.4239],[-57.074,81.5477],[-57.4442,81.4239],[-57.8053,81.505],[-58.3887,81.6066],[-59.3519,81.791],[-60.0387,81.8833],[-60.8873,81.8606],[-61.1224,81.7976],[-61.1122,81.7042]]],[[[-58.1333,82.0132],[-58.0578,82.0344],[-57.0681,82.0892],[-56.5433,82.1432],[-55.7092,82.2404],[-54.5752,82.3281],[-54.2467,82.2968],[-53.7679,82.2446],[-54.2467,82.2968],[-54.5752,82.3281],[-55.7092,82.2404],[-56.5433,82.1432],[-57.0681,82.0892],[-58.0578,82.0344],[-58.1333,82.0132]]],[[[-53.2527,81.5352],[-53.0104,81.68],[-52.816,82.1301],[-52.3643,82.1205],[-51.4623,81.975],[-50.6261,81.7888],[-49.938,81.6762],[-49.846,81.8113],[-49.938,81.6762],[-50.6261,81.7888],[-51.4623,81.975],[-52.3643,82.1205],[-52.816,82.1301],[-53.0104,81.68],[-53.2527,81.5352],[-53.6635,81.4626],[-53.2527,81.5352]]],[[[-50.9054,82.3681],[-50.7724,82.4971],[-50.4385,82.4871],[-49.6476,82.4781],[-49.1365,82.3826],[-47.897,82.2148],[-47.3192,82.0891],[-46.3703,81.944],[-45.5252,81.8205],[-44.683,81.7289],[-44.3228,81.8231],[-43.9554,82.4905],[-44.3228,81.8231],[-44.683,81.7289],[-45.5252,81.8205],[-46.3703,81.944],[-47.3192,82.0891],[-47.897,82.2148],[-49.1365,82.3826],[-49.6476,82.4781],[-50.4385,82.4871],[-50.7724,82.4971],[-50.9054,82.3681]]],[[[-45.2129,82.9667],[-44.8941,83.0779],[-43.8125,83.0803],[-42.4794,83.2279],[-41.8811,83.2628],[-41.194,83.1862],[-40.1946,82.9668],[-39.4894,82.8915],[-38.5872,82.8277],[-38.4521,83.17],[-38.5872,82.8277],[-39.4894,82.8915],[-40.1946,82.9668],[-41.194,83.1862],[-41.8811,83.2628],[-42.4794,83.2279],[-43.8125,83.0803],[-44.8941,83.0779],[-45.2129,82.9667]]],[[[-38.5872,83.3824],[-37.3966,83.4753],[-36.4871,83.5113],[-35.322,83.4687],[-34.4269,83.403],[-33.5784,83.4839],[-32.5132,83.577],[-31.5937,83.5791],[-30.7572,83.479],[-29.936,83.5035],[-29.344,83.4709],[-29.0653,83.4264],[-28.8177,83.4721],[-27.9419,83.4064],[-27.1738,83.3856],[-26.4208,83.3423],[-25.3236,82.9999],[-24.7079,82.8913],[-24.1026,82.9255],[-23.5996,82.8499],[-22.4324,82.7433],[-22.2319,82.5596],[-22.4324,82.7433],[-23.5996,82.8499],[-24.1026,82.9255],[-24.7079,82.8913],[-25.3236,82.9999],[-26.4208,83.3423],[-27.1738,83.3856],[-27.9419,83.4064],[-28.8177,83.4721],[-29.0653,83.4264],[-29.344,83.4709],[-29.936,83.5035],[-30.7572,83.479],[-31.5937,83.5791],[-32.5132,83.577],[-33.5784,83.4839],[-34.4269,83.403],[-35.322,83.4687],[-36.4871,83.5113],[-37.3966,83.4753],[-38.5872,83.3824]]],[[[-32.4145,81.6516],[-31.2665,81.7783],[-30.6513,81.8107],[-28.8907,81.7937],[-27.8905,81.8479],[-26.8417,81.8501],[-26.3933,81.8615],[-25.9747,81.8311],[-25.1785,81.636],[-24.8766,81.5954],[-24.3873,81.679],[-23.6388,81.7738],[-22.9476,81.9002],[-22.0636,81.9648],[-21.7979,81.757],[-22.0636,81.9648],[-22.9476,81.9002],[-23.6388,81.7738],[-24.3873,81.679],[-24.8766,81.5954],[-25.1785,81.636],[-25.9747,81.8311],[-26.3933,81.8615],[-26.8417,81.8501],[-27.8905,81.8479],[-28.8907,81.7937],[-30.6513,81.8107],[-31.2665,81.7783],[-32.4145,81.6516],[-32.7487,81.7647],[-32.4145,81.6516]]],[[[-23.9117,80.5628],[-23.5533,80.6028],[-23.3388,80.623],[-22.6119,80.8718],[-21.8173,81.1135],[-21.1817,81.2866],[-20.4141,81.4307],[-20.0654,81.5235],[-19.3174,81.597],[-18.5894,81.5471],[-17.9635,81.5177],[-17.2897,81.6528],[-16.9734,81.7984],[-16.4654,81.9036],[-15.4988,81.9057],[-14.7463,81.8552],[-14.2525,81.8354],[-13.714,81.7742],[-13.2033,81.6718],[-12.7051,81.6213],[-12.5631,81.5086],[-12.7051,81.6213],[-13.2033,81.6718],[-13.714,81.7742],[-14.2525,81.8354],[-14.7463,81.8552],[-15.4988,81.9057],[-16.4654,81.9036],[-16.9734,81.7984],[-17.2897,81.6528],[-17.9635,81.5177],[-18.5894,81.5471],[-19.3174,81.597],[-20.0654,81.5235],[-20.4141,81.4307],[-21.1817,81.2866],[-21.8173,81.1135],[-22.6119,80.8718],[-23.3388,80.623],[-23.5533,80.6028],[-23.9117,80.5628],[-24.0554,80.6313],[-23.9117,80.5628]]],[[[-20.193,79.8538],[-19.3159,79.9912],[-18.6046,80.0118],[-17.7692,79.9666],[-18.6046,80.0118],[-19.3159,79.9912],[-20.193,79.8538],[-20.2674,79.9989],[-20.193,79.8538]]],[[[-21.5635,77.6294],[-21.382,77.5866],[-21.1112,77.8032],[-20.7767,77.9686],[-20.3913,77.9867],[-19.3358,77.8672],[-19.1773,77.8242],[-19.0592,77.6946],[-19.1773,77.8242],[-19.3358,77.8672],[-20.3913,77.9867],[-20.7767,77.9686],[-21.1112,77.8032],[-21.382,77.5866],[-21.5635,77.6294],[-21.7676,77.7673],[-21.5635,77.6294]]],[[[-20.1049,77.3825],[-19.3147,77.2981],[-19.0644,77.2386],[-18.2534,77.3001],[-18.0164,77.2063],[-17.9201,77.0611],[-18.0164,77.2063],[-18.2534,77.3001],[-19.0644,77.2386],[-19.3147,77.2981],[-20.1049,77.3825],[-20.2351,77.5112],[-20.1049,77.3825]]],[[[-21.751,76.3666],[-21.217,76.2666],[-20.6328,76.2088],[-19.8835,76.1766],[-19.5702,76.11],[-19.3222,75.8927],[-19.1998,75.6928],[-19.3222,75.8927],[-19.5702,76.11],[-19.8835,76.1766],[-20.6328,76.2088],[-21.217,76.2666],[-21.751,76.3666],[-22.3777,76.6359],[-21.751,76.3666]]],[[[-20.6158,74.9543],[-20.424,74.8816],[-20.146,74.8416],[-19.8206,74.745],[-19.4092,74.6811],[-19.0709,74.6089],[-18.8987,74.4398],[-19.0709,74.6089],[-19.4092,74.6811],[-19.8206,74.745],[-20.146,74.8416],[-20.424,74.8816],[-20.6158,74.9543],[-20.6689,75.0608],[-20.6158,74.9543]]],[[[-21.7809,74.0162],[-21.1525,73.9933],[-20.6794,73.9221],[-20.3536,73.8106],[-20.6794,73.9221],[-21.1525,73.9933],[-21.7809,74.0162],[-22.0288,74.104],[-21.7809,74.0162]]],[[[-27.3572,72.8591],[-27.0377,72.7491],[-26.4601,72.7265],[-25.7782,72.6095],[-25.073,72.6344],[-24.4778,72.3915],[-24.1365,72.2901],[-23.9196,72.1885],[-23.3813,72.0407],[-22.8178,71.8697],[-22.6485,71.7452],[-22.4309,71.3412],[-22.0297,71.4351],[-21.9044,71.4975],[-21.726,71.4046],[-21.5918,71.211],[-21.726,71.4046],[-21.9044,71.4975],[-22.0297,71.4351],[-22.4309,71.3412],[-22.6485,71.7452],[-22.8178,71.8697],[-23.3813,72.0407],[-23.9196,72.1885],[-24.1365,72.2901],[-24.4778,72.3915],[-25.073,72.6344],[-25.7782,72.6095],[-26.4601,72.7265],[-27.0377,72.7491],[-27.3572,72.8591],[-27.5164,73.0963],[-27.3572,72.8591]]],[[[-50.5391,67.4881],[-50.5391,67.4881],[-50.9394,67.5258],[-50.5391,67.4881]]],[[[-23.7984,72.6605],[-23.131,72.6775],[-22.7294,72.6152],[-22.2505,72.498],[-21.8821,72.365],[-22.2505,72.498],[-22.7294,72.6152],[-23.131,72.6775],[-23.7984,72.6605]]]]}},{"type":"Feature","properties":{"NAME":"Sardinia","ABBREVN":"Sardinia","INFO_UR":null,"SUBJECTO":"Sardinia","BORDERPRECISION":1,"PARTOF":"Sardinia"},"geometry":{"type":"MultiPolygon","coordinates":[[[[8.8196,38.9769],[8.6961,38.9958],[8.5824,39.0658],[8.4172,39.2122],[8.3742,39.3078],[8.465,39.6399],[8.5085,39.9465],[8.488,40.2088],[8.4282,40.4649],[8.2016,40.663],[8.1595,40.7847],[8.2407,40.8553],[8.4056,40.8621],[8.7661,40.8628],[8.9184,40.94],[9.3062,41.1844],[9.5909,40.9029],[9.7937,40.5637],[9.7878,40.442],[9.6957,40.3137],[9.6308,40.0959],[9.698,39.6935],[9.6483,39.4572],[9.4789,39.1442],[9.2963,39.2331],[9.0625,39.2199],[8.9985,39.1751],[8.9314,39.0537],[8.8196,38.9769]]]]}},{"type":"Feature","properties":{"NAME":"Magyars","ABBREVN":"Magyars","INFO_UR":null,"SUBJECTO":"Magyars","BORDERPRECISION":1,"PARTOF":"Magyars"},"geometry":{"type":"MultiPolygon","coordinates":[[[[16.1222,45.5819],[16.2091,45.7341],[16.0787,45.8863],[16.2091,46.1472],[16.4483,46.1037],[16.5353,46.3647],[16.2961,46.4082],[16.5135,46.6256],[16.4483,46.7778],[16.4483,46.93],[16.557,47.0605],[16.557,47.1909],[16.644,47.2997],[16.557,47.4954],[16.4816,48.1958],[17.3534,48.9631],[17.8698,48.8],[18.1145,48.8544],[18.1145,48.9903],[18.2232,48.9903],[18.2504,49.1805],[18.4785,49.4999],[18.5222,49.5611],[18.9267,49.622],[19.1082,49.5917],[19.1385,49.7127],[19.3805,49.8035],[19.5621,49.7127],[19.5621,49.5312],[19.7133,49.5312],[19.8949,49.4707],[20.0159,49.8035],[20.3487,49.743],[20.5302,49.8035],[20.6815,49.6522],[20.8933,49.743],[20.8025,49.8337],[20.8933,49.8337],[20.984,49.743],[21.1353,49.8337],[21.2866,49.7732],[21.3169,49.864],[21.7681,49.7437],[21.7707,49.743],[21.7707,49.5917],[24.132,48.8111],[24.2971,48.7565],[27.1705,47.9729],[27.1707,47.9726],[27.3911,47.4687],[27.4283,47.3836],[27.5286,47.1545],[27.6277,46.928],[27.6153,46.9002],[27.3664,46.3402],[26.5175,45.8178],[23.0563,45.0341],[22.6645,44.6423],[22.338,44.7729],[22.0767,44.4464],[21.3584,44.7729],[20.9942,44.7001],[20.7053,44.6423],[20.3137,44.9011],[20.2907,44.8997],[19.7851,44.9361],[17.949,44.8128],[17.8267,45.1389],[17.3376,45.1389],[16.8077,44.9351],[15.9117,45.631],[16.1222,45.5819]]]]}},{"type":"Feature","properties":{"NAME":"Venice","ABBREVN":"Venice","INFO_UR":null,"SUBJECTO":"Venice","BORDERPRECISION":1,"PARTOF":"Venice"},"geometry":{"type":"MultiPolygon","coordinates":[[[[13.3677,45.6945],[13.1562,45.7265],[13.1046,45.5824],[12.8987,45.5584],[12.4482,45.3943],[12.4832,45.4623],[12.2797,45.4023],[12.2514,45.2903],[12.1804,45.2703],[12.1762,45.2143],[11.9707,45.4362],[12.1448,45.7628],[12.6455,45.9151],[13.0809,45.9804],[13.3677,45.6945]]],[[[14.1746,45.0104],[14.1885,44.9425],[14.0604,44.8947],[13.9913,44.7831],[13.8951,44.7592],[13.6721,45.0504],[13.6436,45.1791],[13.5269,45.4543],[13.5563,45.4596],[13.7491,45.4943],[13.8,45.5664],[13.9951,45.458],[13.9516,45.3927],[13.7992,45.3056],[13.9081,44.9791],[14.1746,45.0104]]]]}},{"type":"Feature","properties":{"NAME":"Corsica","ABBREVN":"Corsica","INFO_UR":null,"SUBJECTO":"Corsica","BORDERPRECISION":1,"PARTOF":"Corsica"},"geometry":{"type":"MultiPolygon","coordinates":[[[[9.4322,42.7941],[9.4055,42.5806],[9.4586,42.5561],[9.4867,42.4064],[9.4525,42.0483],[9.3575,41.9012],[9.3045,41.5753],[9.173,41.3499],[9.0389,41.3695],[9.0133,41.4577],[8.8288,41.492],[8.7269,41.5606],[8.8546,41.6537],[8.8233,41.688],[8.6269,41.7321],[8.7424,41.8816],[8.6928,41.9135],[8.5619,41.8816],[8.5379,41.9478],[8.5896,41.9576],[8.6683,42.0287],[8.6265,42.0973],[8.5107,42.1341],[8.5172,42.2077],[8.6284,42.2617],[8.5004,42.3598],[8.6093,42.4873],[8.879,42.6248],[9.0004,42.6346],[9.0184,42.691],[9.1495,42.7107],[9.2377,42.664],[9.2804,42.7279],[9.2705,42.8825],[9.3032,42.9832],[9.3671,42.9881],[9.4142,42.9095],[9.4322,42.7941]]]]}},{"type":"Feature","properties":{"NAME":"Muscat","ABBREVN":"Muscat","INFO_UR":null,"SUBJECTO":"Muscat","BORDERPRECISION":1,"PARTOF":"Muscat"},"geometry":{"type":"MultiPolygon","coordinates":[[[[59.8373,22.2792],[57.7165,22.1893],[55.5544,23.5191],[54.7708,24.7335],[55.0908,25.02],[55.4572,25.4202],[55.5305,25.373],[55.6335,25.4532],[56.0155,25.7716],[56.1567,25.9665],[56.2973,26.1597],[56.3671,26.2361],[56.405,25.8614],[56.2148,25.5433],[56.1613,25.4733],[56.2816,25.4624],[56.366,25.4547],[56.4063,25.3087],[56.4065,25.08],[56.4053,24.9187],[56.4054,24.8195],[56.6108,24.4769],[56.7942,24.2676],[57.1462,23.9825],[57.3963,23.837],[57.451,23.8052],[57.9042,23.5711],[58.0807,23.5016],[58.2053,23.4955],[58.4647,23.5088],[58.6285,23.4583],[59.0216,23.0208],[59.2543,22.729],[59.4614,22.5389],[59.8257,22.3745],[59.8373,22.2792]]]]}},{"type":"Feature","properties":{"NAME":null,"ABBREVN":null,"INFO_UR":null,"SUBJECTO":null,"BORDERPRECISION":1,"PARTOF":null},"geometry":{"type":"MultiPolygon","coordinates":[[[[54.7708,24.7335],[55.5544,23.5191],[57.7165,22.1893],[59.8373,22.2792],[59.5357,21.8021],[59.2588,21.4774],[58.8614,21.1145],[58.7741,20.9412],[58.512,20.4212],[58.4031,20.3575],[58.1504,20.3951],[58.0444,20.433],[57.9313,20.4009],[57.8061,20.172],[57.7776,19.67],[57.7784,19.3142],[57.8386,19.0348],[57.657,18.9709],[57.1862,18.9381],[56.7256,19.1546],[53.9385,19.1546],[51.8154,18.1249],[50.5111,17.1467],[47.8376,16.4217],[47.0639,15.7482],[46.2769,17.1178],[45.2404,17.6937],[42.7637,16.6455],[42.5353,17.0707],[42.2065,17.5147],[42.0094,17.7367],[41.6286,18.0472],[41.3992,18.4406],[41.033,19.2849],[40.8198,19.6847],[41.9226,20.7665],[41.8125,21.7126],[41.138,22.4064],[40.1798,24.028],[39.0742,25.5021],[37.4209,27.8341],[37.3635,27.9574],[36.5935,29.7873],[36.5248,31.1615],[37.2119,33.5665],[38.0364,34.5972],[38.3722,35.1409],[40.0291,34.391],[44.0832,30.337],[48.6172,25.687],[50.8573,23.8804],[51.5859,24.0032],[51.7646,24.0029],[51.9456,23.9455],[52.2546,23.9875],[52.301,24.0819],[52.383,24.1082],[52.4812,24.0557],[52.6716,24.0747],[52.9394,24.0244],[53.0402,24.04],[53.0757,24.0872],[53.6868,23.9875],[54.0165,24.0505],[54.0063,24.1817],[54.1075,24.1029],[54.276,24.1098],[54.3471,24.1545],[54.4874,24.3443],[54.5922,24.3773],[54.7121,24.5999],[54.7708,24.7335]]]]}},{"type":"Feature","properties":{"NAME":"Buyid Emirate","ABBREVN":"Buyid Emirate","INFO_UR":null,"SUBJECTO":"Buyid Emirate","BORDERPRECISION":1,"PARTOF":"Buyid Emirate"},"geometry":{"type":"MultiPolygon","coordinates":[[[[68.0722,23.6752],[68.047,23.7641],[67.6923,23.8142],[67.486,23.9281],[67.3159,24.0929],[67.2042,24.5882],[67.1536,24.6516],[66.9995,24.7148],[66.7017,24.7523],[66.6542,24.7839],[66.6481,24.9046],[66.7005,25.1144],[66.6205,25.3175],[66.4323,25.4886],[66.3001,25.4947],[65.7688,25.3093],[65.2157,25.2701],[64.8512,25.2058],[64.425,25.1731],[64.2383,25.2108],[64.1201,25.3122],[64.0592,25.401],[64.1576,26.7724],[63.6002,28.073],[65.0247,28.3208],[67.3781,30.1168],[69.6359,31.4715],[71.4038,32.5322],[71.1561,28.8782],[70.289,27.5776],[68.8645,24.4809],[68.0722,23.6752]]]]}},{"type":"Feature","properties":{"NAME":"Ghaznavid Emirate","ABBREVN":"Ghaz.Emirate","INFO_UR":null,"SUBJECTO":"Ghaznavid Emirate","BORDERPRECISION":1,"PARTOF":"Ghaznavid Emirate"},"geometry":{"type":"MultiPolygon","coordinates":[[[[72.2104,33.3721],[71.4038,32.5322],[69.6359,31.4715],[67.3781,30.1168],[65.0247,28.3208],[63.6002,28.073],[62.857,28.4446],[61.928,29.7452],[56.5398,35.9386],[55.6108,35.9386],[54.8676,36.8057],[54.9295,39.1591],[55.4869,39.3449],[63.1215,39.8087],[63.7291,39.4711],[64.6324,38.8388],[66.5293,38.1162],[66.7099,37.2129],[67.3422,37.2129],[67.8842,36.8516],[72.2104,33.3721]]]]}},{"type":"Feature","properties":{"NAME":"Georgia","ABBREVN":"Georgia","INFO_UR":null,"SUBJECTO":"Georgia","BORDERPRECISION":1,"PARTOF":"Georgia"},"geometry":{"type":"MultiPolygon","coordinates":[[[[44.7822,41.3031],[44.8115,41.3498],[44.8912,41.3292],[44.7822,41.3031]]]]}},{"type":"Feature","properties":{"NAME":"Armenia","ABBREVN":"Armenia","INFO_UR":null,"SUBJECTO":"Armenia","BORDERPRECISION":1,"PARTOF":"Armenia"},"geometry":{"type":"MultiPolygon","coordinates":[[[[44.0293,41.1224],[44.552,40.9359],[44.7822,41.3031],[44.8912,41.3292],[45.4319,41.459],[46.1483,39.6892],[46.8225,38.3408],[46.9068,37.9194],[46.8225,37.6666],[45.5162,37.0345],[44.842,36.7816],[44.4627,36.8238],[42.0187,38.1301],[41.0074,38.3408],[41.808,38.6779],[42.0187,39.1835],[42.3137,39.9842],[42.6711,40.6593],[42.6929,40.7005],[43.325,40.9533],[44.0293,41.1224]]]]}},{"type":"Feature","properties":{"NAME":"Buwayhid Emirates","ABBREVN":"Buwayhid Em.","INFO_UR":null,"SUBJECTO":"Buwayhid Emirates","BORDERPRECISION":1,"PARTOF":"Buwayhid Emirates"},"geometry":{"type":"MultiPolygon","coordinates":[[[[44.4627,36.8238],[44.842,36.7816],[45.5162,37.0345],[46.8225,37.6666],[46.9068,37.9194],[46.8225,38.3408],[46.1483,39.6892],[46.7382,40.0263],[46.8587,40.4479],[47.0624,40.4414],[47.129,39.6653],[47.8175,39.673],[47.9393,39.6743],[48.3732,39.9666],[48.5343,40.0619],[48.8945,39.954],[48.9516,39.8031],[49.0746,39.4782],[49.4035,39.4867],[49.4456,39.6553],[49.4031,39.4851],[49.4988,39.3787],[49.4882,39.2936],[49.3818,39.3255],[49.3393,39.283],[49.3074,39.134],[49.2754,39.017],[49.2223,39.0383],[49.1797,39.1447],[49.1159,39.1872],[49.0414,39.1447],[49.0201,39.0064],[49.0521,38.9319],[48.9989,38.8787],[48.9457,38.8362],[48.9882,38.7192],[48.825,38.3096],[48.8315,38.3063],[48.8092,37.9886],[48.7448,37.727],[48.8372,37.511],[49.0595,37.3976],[49.4758,37.2916],[49.848,37.2682],[50.0387,37.2247],[50.1113,37.0978],[50.2522,36.8948],[50.561,36.6864],[51.417,36.4557],[51.7955,36.4323],[51.9931,36.4589],[52.6022,36.5769],[53.139,36.6435],[53.7997,36.679],[53.9845,36.7819],[54.0674,36.9415],[54.8676,36.8057],[55.6108,35.9386],[56.5398,35.9386],[61.928,29.7452],[62.857,28.4446],[63.6002,28.073],[64.1576,26.7724],[64.0592,25.401],[63.6503,25.3366],[63.4035,25.1646],[63.0181,25.1574],[62.4496,25.1626],[62.1383,25.1048],[61.8133,25.0533],[61.57,25.0396],[61.344,25.0269],[60.8583,25.0957],[60.7522,25.1844],[60.4796,25.2982],[60.2982,25.3232],[59.6546,25.3219],[59.3021,25.3402],[59.0315,25.3079],[58.818,25.4789],[58.7444,25.536],[58.3687,25.5479],[58.1096,25.5473],[57.9005,25.5409],[57.8051,25.6483],[57.4649,25.7048],[57.328,25.7871],[57.2548,25.7933],[57.2451,26.0185],[57.1124,26.0762],[57.0663,26.3075],[56.935,26.4645],[56.9291,26.7519],[56.7904,26.9739],[56.6836,26.9684],[56.6678,27.0499],[56.4309,27.1066],[56.0678,27.1122],[55.8997,27.1048],[55.8053,27.0051],[55.6576,26.9969],[55.4249,26.9631],[55.3401,26.7994],[55.0981,26.7374],[54.9255,26.538],[54.7599,26.4106],[54.6461,26.3913],[54.0649,26.7014],[53.6339,26.7479],[53.3807,26.9096],[52.8908,27.0523],[52.7799,27.1878],[52.6338,27.3146],[52.4104,27.581],[51.9616,27.7769],[51.6989,27.8145],[51.6113,27.827],[51.3501,28.0361],[51.0823,28.512],[50.7968,29.0133],[50.7025,29.1338],[50.7047,29.4006],[50.3598,29.7429],[50.1324,30.0664],[49.7178,30.0021],[49.511,30.0207],[49.4524,30.0777],[49.3214,30.1029],[49.2351,30.2234],[49.2222,30.4775],[49.0202,30.4326],[48.9457,30.3879],[48.8013,30.0827],[48.7138,30],[48.5536,29.9946],[48.5106,29.9932],[48.2118,29.9481],[48.0283,29.9731],[47.9572,29.9476],[47.9114,29.8903],[47.9359,29.8014],[47.996,29.4903],[47.8449,29.5032],[47.614,29.2722],[47.8036,29.1849],[47.9915,29.2775],[48.1291,29.2682],[48.4435,28.4402],[48.4627,28.3859],[48.5875,28.0939],[48.7517,27.8719],[48.8318,27.5735],[48.855,27.5227],[49.1319,27.536],[49.2435,27.479],[49.1519,27.3725],[49.2392,27.2885],[49.3216,27.1616],[49.4273,27.131],[49.5325,27.0095],[49.9314,26.9341],[50.1218,26.7376],[50.0902,26.6115],[49.984,26.5957],[49.9342,26.4831],[50.0762,26.3118],[49.992,26.0448],[49.9369,25.9558],[50.0114,25.8352],[50.1469,25.5356],[50.2143,25.5881],[50.3819,25.4612],[50.4292,25.184],[50.6189,24.8709],[50.6065,24.6802],[50.7059,24.5597],[50.7783,24.4709],[50.9074,24.4331],[50.9683,24.4362],[50.9649,24.7127],[50.8962,24.9096],[50.8473,25.2652],[50.9311,25.5386],[51.0154,25.5881],[50.989,25.6721],[51.0688,25.9455],[51.217,26.0665],[51.3577,26.029],[51.3888,25.8873],[51.5059,25.8453],[51.5345,25.7558],[51.5867,25.6091],[51.5391,25.4202],[51.5529,25.1015],[51.6062,24.9873],[51.5589,24.8157],[51.412,24.6057],[51.2878,24.4108],[51.2914,24.2814],[51.4542,24.2182],[51.5229,24.1607],[51.6064,24.2026],[51.5859,24.0032],[50.8573,23.8804],[48.6172,25.687],[44.0832,30.337],[40.0291,34.391],[38.3722,35.1409],[37.0263,35.7499],[37.3835,36.6131],[37.5942,37.1609],[39.6168,37.8351],[41.0074,38.3408],[42.0187,38.1301],[44.4627,36.8238]]],[[[46.8225,41.2062],[46.7382,41.7118],[48.2217,42.2794],[48.4195,42.0905],[48.5004,41.9287],[48.6623,41.9017],[48.6832,41.8359],[48.8925,41.687],[48.9989,41.5168],[49.1159,41.4317],[49.2435,41.2934],[49.2861,41.0594],[49.3499,40.953],[49.4775,40.836],[49.6052,40.7615],[49.6052,40.6871],[49.6585,40.659],[49.5404,40.5039],[47.8779,41.1677],[47.8493,41.1791],[47.745,41.1627],[46.8489,41.0214],[46.8612,40.9353],[47.1368,40.8098],[47.0311,40.795],[46.8725,40.856],[46.8225,41.2062]]]]}},{"type":"Feature","properties":{"NAME":"Dutchy of Benevento","ABBREVN":"Benevento","INFO_UR":null,"SUBJECTO":"Dutchy of Benevento","BORDERPRECISION":1,"PARTOF":"Dutchy of Benevento"},"geometry":{"type":"MultiPolygon","coordinates":[[[[14.9224,41.9718],[15.4486,41.8567],[15.598,41.0798],[15.7665,40.5741],[15.6662,40.0919],[15.5159,40.0659],[15.432,39.989],[15.0273,40.2122],[14.8987,40.2415],[14.9923,40.3722],[14.951,40.5515],[14.7433,40.7048],[14.3341,40.5936],[14.3498,40.6425],[14.4946,40.73],[14.3703,40.8515],[14.24,40.8529],[14.0509,40.7675],[13.9419,40.998],[13.8525,41.091],[13.797,41.1934],[13.7605,41.2067],[13.4984,41.3019],[13.2714,41.3142],[13.2526,41.663],[13.3874,41.8517],[14.4392,41.8787],[14.7385,42.0472],[14.9224,41.9718]]],[[[14.9424,36.7386],[15.0273,36.7451],[15.2206,37.0004],[15.3013,37.0579],[15.1162,37.2869],[15.1122,37.459],[15.181,37.6823],[15.4225,38.0526],[15.4729,38.1101],[15.4537,38.1674],[15.3867,38.2055],[15.4537,38.1674],[15.4729,38.1101],[15.4225,38.0526],[15.181,37.6823],[15.1122,37.459],[15.1162,37.2869],[15.3013,37.0579],[15.2206,37.0004],[15.0273,36.7451],[14.9424,36.7386]]],[[[12.7828,38.1174],[12.7828,38.1174],[13.066,38.0669],[12.7828,38.1174]]],[[[13.3225,38.2205],[13.628,38.0298],[13.8095,37.9664],[13.628,38.0298],[13.3225,38.2205]]]]}},{"type":"Feature","properties":{"NAME":"Fatimid Caliphate","ABBREVN":"Fatimid Cal.","INFO_UR":null,"SUBJECTO":"Fatimid Caliphate","BORDERPRECISION":1,"PARTOF":"Fatimid Caliphate"},"geometry":{"type":"MultiPolygon","coordinates":[[[[5.6813,32.8154],[2.4531,32.6687],[0.4578,32.5474],[0.8706,33.0739],[1.2374,35.8864],[1.5797,36.5139],[2.2938,36.5408],[2.5244,36.5732],[2.8099,36.7139],[3.07,36.6189],[3.3238,36.6512],[3.5869,36.792],[3.7412,36.8369],[4.1639,36.8314],[4.3946,36.8382],[4.5326,36.813],[4.6321,36.7941],[4.7772,36.7434],[5.1445,36.6677],[5.3827,36.6745],[5.7302,36.7517],[6.0474,36.8416],[6.3229,37.0906],[6.7705,36.8621],[6.923,36.8178],[7.0632,36.8819],[7.2049,36.9905],[7.307,37.0608],[7.5449,37.0421],[7.719,36.9533],[7.792,36.8324],[7.9132,36.7752],[8.145,36.8139],[8.6367,36.8853],[8.8655,36.9684],[9.1503,37.1729],[9.4161,37.2754],[9.7322,37.2824],[10.0214,37.2001],[10.1327,37.1047],[10.1589,36.9965],[10.2715,36.7546],[10.3928,36.7166],[10.5806,36.7934],[10.8433,36.9915],[11.0238,37.0683],[11.0394,36.909],[10.9201,36.6539],[10.6334,36.424],[10.5092,36.2136],[10.5115,36.0862],[10.6026,35.8889],[10.8308,35.6793],[10.989,35.6223],[11.1251,35.2406],[11.0828,35.145],[10.8394,34.8012],[10.574,34.6481],[10.1164,34.2342],[10.0195,34.0815],[10.1487,33.8784],[10.4126,33.6311],[10.6502,33.4982],[10.7781,33.473],[10.9565,33.5751],[11.0991,33.5372],[11.2089,33.2515],[11.4707,33.1441],[12.117,32.8785],[12.5648,32.7396],[12.7989,32.7338],[13.1871,32.7918],[13.4588,32.7796],[14.157,32.6794],[14.4334,32.4639],[14.7908,32.363],[15.0098,32.3634],[15.1637,32.2748],[15.2414,32.1733],[15.3581,31.805],[15.5334,31.5512],[15.8433,31.285],[16.0134,31.2282],[16.3184,31.1653],[16.7825,31.1281],[16.9838,31.0967],[17.4216,30.996],[17.709,30.8949],[17.9572,30.7684],[18.5372,30.4137],[18.8854,30.2212],[18.915,30.2049],[19.1245,30.1989],[19.3188,30.2554],[19.3228,30.2565],[19.6639,30.4415],[19.9815,30.7217],[20.1168,30.9571],[20.1167,31.0715],[19.9921,31.3508],[19.9416,31.6112],[19.9615,31.7955],[20.0684,32.0371],[20.3657,32.2982],[20.5155,32.3875],[20.7651,32.496],[21.0545,32.6301],[21.6734,32.8156],[22.216,32.7913],[22.5431,32.7221],[22.9228,32.5577],[23.0073,32.4816],[23.0267,32.2529],[23.1533,32.1388],[23.2886,32.1327],[23.714,32.0764],[23.7424,32.0641],[24.0344,31.9373],[24.2369,31.925],[24.8159,31.9072],[24.9515,31.8185],[24.9822,31.647],[25.1066,31.5138],[25.2582,31.4379],[25.5072,31.4448],[25.7895,31.4898],[26.1433,31.4906],[26.824,31.3586],[27.0881,31.3067],[27.4388,31.2518],[27.7633,31.1826],[27.9194,30.9987],[28.0998,30.9991],[28.5172,30.9618],[28.9664,30.7848],[29.2488,30.7537],[29.3594,30.8111],[29.6831,31.0532],[30.0991,31.2319],[30.4761,31.3153],[30.8271,31.4367],[30.996,31.4689],[31.1514,31.4437],[31.3923,31.4443],[31.7174,31.3878],[31.8081,31.1783],[32.0765,31.0137],[32.3094,31.084],[32.5972,30.9639],[32.7687,30.9516],[33.0214,31.1321],[33.1296,31.0517],[33.2546,31.0265],[33.5576,30.9677],[33.7096,30.9957],[33.917,31.0701],[34.1463,31.2086],[34.1953,31.2381],[34.5007,31.6211],[34.5991,31.8179],[34.6813,32.046],[34.7585,32.3007],[34.8429,32.6707],[34.895,32.6628],[34.9566,32.7048],[34.9591,32.7967],[34.972,32.9384],[35.089,33.0693],[35.1323,33.2315],[35.2084,33.3336],[35.3561,33.6398],[35.3486,33.7445],[35.4299,33.7445],[35.4919,33.8308],[35.5244,33.9748],[35.5321,34.1187],[35.7162,34.3124],[35.821,34.3438],[35.8731,34.4223],[35.8519,34.4929],[36.8778,35.3911],[37.0263,35.7499],[38.3722,35.1409],[38.0364,34.5972],[37.2119,33.5665],[36.5248,31.1615],[36.5935,29.7873],[37.3635,27.9574],[37.4209,27.8341],[39.0742,25.5021],[40.1798,24.028],[41.138,22.4064],[41.8125,21.7126],[41.9226,20.7665],[40.8198,19.6847],[40.6938,19.8687],[40.3363,20.0967],[39.7641,20.4068],[39.5269,20.6922],[39.1667,21.2188],[39.1304,21.6508],[39.1033,22.0002],[39.1022,22.4004],[39.0556,22.5719],[38.9151,22.8702],[38.4901,23.6127],[38.3294,23.8347],[37.9884,24.1136],[37.7818,24.2148],[37.5572,24.2715],[37.4188,24.3983],[37.2015,24.6583],[37.2685,24.9698],[37.2183,25.1666],[37.0053,25.5347],[36.6693,26.0168],[36.3298,26.4028],[36.3122,26.4227],[35.8311,27.0952],[35.5948,27.514],[35.4365,27.7297],[35.1116,28.0721],[34.8756,28.097],[34.7639,28.0967],[34.7989,28.2302],[34.8856,28.3575],[35.0257,28.9486],[35.0721,29.2114],[35.0955,29.3427],[35.0734,29.4189],[34.9847,29.4672],[34.9543,29.4368],[34.9355,29.4181],[34.7643,29.2467],[34.5489,28.7316],[34.3988,28.096],[34.322,27.829],[34.2412,27.7589],[34.058,27.7903],[33.856,28.025],[33.5041,28.3292],[33.3307,28.5512],[33.1785,28.9956],[32.9438,29.1984],[32.8136,29.4777],[32.7373,29.6935],[32.648,29.8522],[32.4384,29.7755],[32.3185,29.5402],[32.5906,28.9372],[32.6493,28.7658],[32.9347,28.3788],[33.3542,27.9095],[33.5669,27.37],[33.8041,26.9321],[33.9288,26.5638],[34.1042,26.3545],[34.5148,25.5739],[34.9974,24.7172],[35.1899,24.3999],[32.5142,23.7331],[30.8189,23.6594],[29.3447,24.028],[27.4283,27.1974],[25.4382,28.0082],[21.6791,28.0819],[17.9705,28.6124],[17.002,28.751],[12.5327,30.8049],[7.8923,32.5926],[6.5029,32.7326],[5.6813,32.8154]]]]}},{"type":"Feature","properties":{"NAME":"Burgandy","ABBREVN":"Burgandy","INFO_UR":null,"SUBJECTO":"Burgandy","BORDERPRECISION":1,"PARTOF":"Burgandy"},"geometry":{"type":"MultiPolygon","coordinates":[[[[8.1864,44.1264],[8.0896,44.0508],[7.9795,43.9649],[7.6891,43.8871],[7.5528,43.8674],[7.4675,43.8108],[7.3971,43.7641],[7.3552,43.9015],[6.9228,43.815],[6.8857,43.9015],[6.9599,43.9139],[6.9228,43.9756],[6.9969,44.0498],[6.9722,44.0621],[6.9351,44.1362],[6.8857,44.1486],[6.8363,44.1115],[6.7869,44.198],[6.7869,44.2968],[6.8698,44.3492],[6.7829,44.5479],[6.9247,44.715],[7.0035,44.7195],[6.9426,44.8687],[6.6653,44.9545],[6.5073,45.1157],[6.2804,45.1986],[6.2434,45.2974],[6.2681,45.3221],[6.2187,45.3468],[6.1445,45.3221],[6.0828,45.3715],[6.0334,45.3345],[6.0581,45.2233],[5.9469,45.2604],[5.9345,45.3221],[5.8234,45.3962],[5.6071,45.8466],[5.3567,45.876],[5.3567,46.0528],[5.5334,46.0086],[5.5334,46.097],[5.2683,46.318],[5.4156,46.5242],[5.6457,46.4567],[5.7249,46.48],[5.7397,46.5978],[5.6255,46.6491],[5.6464,46.8498],[5.757,46.8867],[5.7939,46.9972],[5.6673,47.1083],[5.7369,47.2336],[5.7786,47.3588],[5.7925,47.5119],[5.9178,47.5954],[5.8204,47.7345],[5.9595,47.8041],[5.9595,47.9851],[6.0569,47.9572],[6.0987,48.0268],[6.2518,47.9572],[6.7808,47.9513],[7.2699,47.4622],[7.8134,47.4622],[8.4111,47.4622],[8.475,46.4085],[8.4927,46.1171],[7.5144,45.3834],[7.6775,44.7313],[8.2889,44.5682],[8.3428,44.2202],[8.1864,44.1264]],[[6.4486,46.4736],[6.5111,46.5159],[6.5588,46.5072],[6.592,46.5177],[6.6894,46.5002],[6.7209,46.4856],[6.7427,46.4886],[6.7765,46.4734],[6.832,46.4668],[6.8579,46.4495],[6.9009,46.4397],[6.9309,46.4083],[6.9187,46.3952],[6.8605,46.3957],[6.8569,46.3853],[6.7255,46.4083],[6.6368,46.4067],[6.5451,46.3948],[6.5149,46.4049],[6.4843,46.3934],[6.4773,46.3756],[6.4135,46.36],[6.3892,46.34],[6.3609,46.3479],[6.3435,46.3701],[6.3035,46.3661],[6.2778,46.3504],[6.2353,46.2891],[6.1991,46.264],[6.1938,46.2384],[6.1722,46.2119],[6.1478,46.2067],[6.1714,46.2958],[6.2482,46.3861],[6.2589,46.3925],[6.2741,46.3901],[6.2913,46.4227],[6.3469,46.4609],[6.3848,46.4643],[6.3994,46.4587],[6.4486,46.4736]]]]}},{"type":"Feature","properties":{"NAME":"Croatia","ABBREVN":"Croatia","INFO_UR":null,"SUBJECTO":"Croatia","BORDERPRECISION":1,"PARTOF":"Croatia"},"geometry":{"type":"MultiPolygon","coordinates":[[[[14.3545,45.3229],[14.5267,45.783],[14.7985,45.8646],[14.88,45.484],[15.4236,45.4297],[15.4698,45.7341],[15.9117,45.631],[16.8077,44.935],[16.8173,44.8202],[16.8651,44.2447],[16.7015,43.8467],[16.7115,43.7713],[16.6398,43.3897],[16.5485,43.4613],[16.3667,43.513],[16.0594,43.4335],[15.9128,43.6523],[15.4944,43.8884],[15.4123,43.9348],[15.1495,44.2399],[15.2744,44.2366],[15.5482,44.2293],[15.2859,44.3289],[14.9891,44.54],[14.907,44.7233],[14.9455,44.9266],[14.8154,45.0779],[14.5246,45.2663],[14.3545,45.3229]]]]}},{"type":"Feature","properties":{"NAME":"Celtic kingdoms","ABBREVN":"Celtic kingdoms","INFO_UR":null,"SUBJECTO":"Celtic kingdoms","BORDERPRECISION":1,"PARTOF":"Celtic kingdoms"},"geometry":{"type":"MultiPolygon","coordinates":[[[[-2.7502,51.644],[-3.1728,51.4669],[-3.4991,51.4597],[-4.1593,51.6768],[-4.999,51.7017],[-5.1786,51.7875],[-5.2488,51.8602],[-5.0615,52.0064],[-4.6191,52.0935],[-4.2947,52.2003],[-4.1236,52.3733],[-4.0939,52.7455],[-4.1475,52.8319],[-4.4683,52.8113],[-4.6214,52.831],[-4.4919,52.991],[-4.3175,53.0912],[-3.9567,53.2052],[-3.3295,53.233],[-2.9145,53.2671],[-2.7502,51.644]]],[[[-7.4275,55.0638],[-7.2255,55.1042],[-6.9968,55.172],[-6.6452,55.2064],[-6.4543,55.1865],[-6.2793,55.1397],[-6.1165,55.1602],[-6.0182,55.093],[-5.7849,54.7374],[-5.7637,54.657],[-5.7999,54.5229],[-5.6615,54.3222],[-5.7314,54.1749],[-5.9122,54.0274],[-6.0717,53.9736],[-6.2064,53.9567],[-6.3431,53.9396],[-6.4434,53.8994],[-6.335,53.786],[-6.1722,53.4392],[-6.0431,52.8931],[-6.0707,52.7666],[-6.2321,52.6133],[-6.3409,52.4271],[-6.406,52.2144],[-6.4892,52.1944],[-6.6168,52.2207],[-6.8939,52.2066],[-6.9617,52.1112],[-7.3724,52.0921],[-7.7506,52.0327],[-7.8616,51.9681],[-8.1588,51.8396],[-8.5652,51.6155],[-8.8478,51.5998],[-9.2433,51.4726],[-9.8191,51.4346],[-9.7952,51.6046],[-9.8354,51.8033],[-10.2169,51.7583],[-10.294,51.9776],[-9.9638,52.0921],[-10.4973,52.1017],[-10.4692,52.2066],[-9.8906,52.1944],[-9.8016,52.2411],[-9.784,52.3407],[-9.7357,52.4803],[-9.504,52.5405],[-9.1926,52.5545],[-9.1343,52.6809],[-9.6157,52.6366],[-9.4416,52.8333],[-9.5258,52.9046],[-9.3093,53.1153],[-8.997,53.1204],[-8.9236,53.1606],[-9.0017,53.3004],[-9.1582,53.2207],[-9.2974,53.2798],[-9.4407,53.2662],[-9.6167,53.3459],[-9.8029,53.3454],[-9.8848,53.2974],[-10.1598,53.3741],[-10.0211,53.5119],[-10.1514,53.5756],[-9.8096,53.6324],[-9.8724,53.7677],[-9.6965,53.8734],[-9.9129,53.9696],[-10.1785,53.9119],[-10.1597,54.1331],[-9.9888,54.2537],[-9.892,54.3256],[-9.4743,54.2413],[-9.3229,54.2751],[-9.0858,54.2582],[-8.5901,54.2028],[-8.6867,54.3641],[-8.3006,54.4893],[-8.2115,54.6339],[-8.8294,54.6339],[-8.76,54.7014],[-8.5037,54.7496],[-8.4763,54.8799],[-8.3454,55.0953],[-8.1183,55.1766],[-7.7562,55.2527],[-7.6573,55.1168],[-7.4978,55.0497],[-7.4275,55.0638]]],[[[-5.6982,55.3307],[-5.7557,55.4773],[-5.6887,55.6281],[-5.5178,55.668],[-5.4824,55.4427],[-5.6203,55.3295],[-5.6982,55.3307]]]]}},{"type":"Feature","properties":{"NAME":"England","ABBREVN":"England","INFO_UR":null,"SUBJECTO":"England","BORDERPRECISION":1,"PARTOF":"England"},"geometry":{"type":"MultiPolygon","coordinates":[[[[-0.2037,53.5233],[0.081,53.3862],[0.1745,53.2931],[0.2678,53.1267],[0.2509,53.0401],[0.0055,52.7867],[0.3268,52.7075],[0.5047,52.8475],[0.7418,52.9012],[1.0127,52.8884],[1.3759,52.8092],[1.5857,52.65],[1.6917,52.3114],[1.6569,52.2118],[1.5119,52.0258],[1.0313,51.8127],[0.6862,51.5604],[0.2542,51.4536],[0.8043,51.3783],[1.0301,51.3588],[1.1894,51.4055],[1.3647,51.3529],[1.335,51.1207],[0.886,50.9819],[0.8883,50.8927],[0.6726,50.9307],[0.1918,50.7313],[-0.2037,50.7953],[-0.3357,50.8167],[-0.839,50.7218],[-1.1034,50.8167],[-1.3725,50.7663],[-2.0854,50.7028],[-2.0237,50.57],[-2.432,50.6459],[-2.5505,50.57],[-2.9606,50.7218],[-3.1109,50.6574],[-3.5215,50.6174],[-3.5632,50.3614],[-3.715,50.2193],[-3.8817,50.2004],[-4.0042,50.3141],[-4.2426,50.3915],[-4.3033,50.3235],[-4.5406,50.358],[-4.967,50.2122],[-5.2823,49.9638],[-5.4292,50.0679],[-5.7778,50.1341],[-5.2378,50.3463],[-5.0166,50.5605],[-4.8153,50.6042],[-4.6046,50.7787],[-4.5515,50.9972],[-4.4426,50.9687],[-4.2773,51.0637],[-4.281,51.1872],[-3.8252,51.2348],[-3.483,51.1811],[-3.066,51.1777],[-3.0331,51.3299],[-2.8947,51.3938],[-2.7502,51.644],[-2.9145,53.2671],[-3.0567,53.5136],[-2.9795,53.8209],[-2.8653,54.0283],[-2.8859,54.1687],[-1.8969,54.3362],[-2.0646,55.3003],[-1.942,55.5561],[-1.719,55.4537],[-1.666,55.3796],[-1.696,55.2725],[-1.5556,54.9216],[-1.3889,54.6805],[-1.1921,54.5954],[-0.8706,54.5472],[-0.6048,54.3002],[-0.2955,54.0332],[-0.2349,53.7994],[-0.3192,53.5789],[-0.2037,53.5233]]]]}},{"type":"Feature","properties":{"NAME":"Scotland","ABBREVN":"Scotland","INFO_UR":null,"SUBJECTO":"Scotland","BORDERPRECISION":1,"PARTOF":"Scotland"},"geometry":{"type":"MultiPolygon","coordinates":[[[[-2.8859,54.1687],[-3.2615,54.1412],[-3.4793,54.2746],[-3.5692,54.415],[-3.4304,54.6431],[-3.1525,54.8381],[-3.3087,54.8847],[-3.5767,54.9245],[-3.9077,54.7897],[-4.1216,54.7624],[-4.6218,56.3484],[-4.9152,56.9352],[-4.8314,57.7737],[-4.1505,57.8348],[-4.2485,57.6363],[-4.1484,57.5545],[-3.7958,57.5415],[-3.4008,57.5764],[-3.0926,57.577],[-2.854,57.5433],[-2.1504,57.572],[-1.9446,57.4017],[-2.1078,57.2103],[-2.2032,57.0648],[-2.1589,57.0143],[-2.4131,56.7173],[-2.5148,56.6673],[-2.6671,56.471],[-2.9805,56.3536],[-3.1524,56.3368],[-2.9494,56.253],[-2.7209,56.1782],[-2.7729,56.1713],[-2.8953,56.0855],[-3.1698,56.0621],[-3.2935,55.9739],[-3.895,55.9851],[-3.713,55.8847],[-3.5772,55.8847],[-3.3559,55.8427],[-3.1615,55.8457],[-2.9279,55.946],[-2.7421,55.9572],[-2.5403,55.8847],[-2.245,55.811],[-1.942,55.5561],[-2.0646,55.3003],[-1.8969,54.3362],[-2.8859,54.1687]]]]}},{"type":"Feature","properties":{"NAME":null,"ABBREVN":null,"INFO_UR":null,"SUBJECTO":null,"BORDERPRECISION":1,"PARTOF":null},"geometry":{"type":"MultiPolygon","coordinates":[[[[-4.1216,54.7624],[-4.4607,54.8624],[-4.5003,54.7751],[-4.5999,54.6878],[-4.9025,54.7341],[-5.1114,54.7941],[-5.0667,54.9485],[-4.91,55.1103],[-4.6384,55.4279],[-4.7705,55.4884],[-4.9078,55.6639],[-4.8951,55.7721],[-4.7584,55.8197],[-4.6233,55.908],[-4.7107,56.1313],[-4.8484,56.0972],[-5.1346,55.8934],[-5.3336,55.8795],[-5.5702,55.7505],[-5.6331,55.9399],[-5.497,56.1773],[-5.3001,56.4287],[-5.2707,56.5441],[-5.4583,56.6321],[-5.5466,56.6524],[-5.6445,56.5163],[-5.8217,56.4005],[-6.0435,56.4748],[-5.909,56.7333],[-5.6659,56.9378],[-5.6253,56.9992],[-5.7263,57.258],[-5.5616,57.2993],[-5.4606,57.3881],[-5.763,57.6198],[-5.5685,57.7774],[-5.23,57.7096],[-5.0556,57.751],[-5.3459,58.0927],[-4.9071,58.169],[-5.1127,58.3949],[-4.9256,58.567],[-4.5099,58.4029],[-4.1389,58.4448],[-3.8305,58.5072],[-3.4405,58.5285],[-3.165,58.5222],[-3.0284,58.4057],[-3.1664,58.2751],[-3.9432,57.9584],[-4.1505,57.8348],[-4.8314,57.7737],[-4.9152,56.9352],[-4.6218,56.3484],[-4.1216,54.7624]]]]}},{"type":"Feature","properties":{"NAME":null,"ABBREVN":null,"INFO_UR":null,"SUBJECTO":null,"BORDERPRECISION":1,"PARTOF":null},"geometry":{"type":"MultiPolygon","coordinates":[[[[22.8699,38.8372],[23.0143,38.9614],[23.2424,39.0441],[23.4097,38.9437],[23.7898,38.7186],[24.1319,38.6534],[24.2079,38.5524],[24.2915,38.1948],[24.588,38.1529],[24.5272,37.9674],[24.3143,37.9853],[24.1927,38.1529],[24.0254,38.3857],[23.6605,38.4036],[23.5997,38.4572],[23.6377,38.5226],[23.4629,38.6237],[23.1208,38.8668],[22.8699,38.8372]]]]}},{"type":"Feature","properties":{"NAME":null,"ABBREVN":null,"INFO_UR":null,"SUBJECTO":null,"BORDERPRECISION":1,"PARTOF":null},"geometry":{"type":"MultiPolygon","coordinates":[[[[25.7359,36.3865],[25.7892,36.4049],[25.8728,36.3559],[25.7664,36.3376],[25.7131,36.3498],[25.7359,36.3865]]],[[[25.333,36.4599],[25.371,36.4966],[25.4927,36.4232],[25.4927,36.3314],[25.3862,36.3192],[25.3178,36.3988],[25.333,36.4599]]],[[[25.7511,36.8138],[25.8576,36.8381],[25.9488,36.9111],[26.0248,36.9597],[26.0856,36.8989],[25.9564,36.8442],[25.8348,36.7833],[25.7511,36.7833],[25.7511,36.8138]]],[[[24.2991,36.7529],[24.4284,36.7955],[24.588,36.8685],[24.6792,36.759],[24.4664,36.6493],[24.2991,36.7529]]],[[[24.8237,36.6371],[24.8237,36.6614],[24.8769,36.6797],[24.9757,36.6371],[24.9453,36.5699],[24.8237,36.6371]]],[[[25.0441,36.6614],[25.1658,36.7407],[25.1962,36.6736],[25.105,36.6371],[25.0593,36.6187],[25.0441,36.6614]]],[[[25.2418,36.7529],[25.2494,36.759],[25.295,36.8077],[25.4319,36.698],[25.3862,36.6371],[25.2646,36.7041],[25.2418,36.7529]]],[[[24.4284,37.2083],[24.5348,37.1175],[24.4436,37.0993],[24.4284,37.2083]]],[[[24.2991,37.6611],[24.398,37.6671],[24.3827,37.5707],[24.2611,37.5406],[24.2991,37.6611]]],[[[24.398,37.4682],[24.4892,37.3958],[24.3599,37.3052],[24.3599,37.3958],[24.398,37.4682]]],[[[24.8617,37.5286],[24.9453,37.5105],[25.0441,37.3777],[24.8465,37.3656],[24.8617,37.5286]]],[[[24.6564,37.9014],[24.7629,38.0033],[25.2722,37.5647],[25.4699,37.4381],[25.3178,37.4018],[24.9225,37.6912],[24.6564,37.9014]]],[[[24.6488,37.0143],[24.7172,37.0508],[24.7857,36.9475],[24.6792,36.905],[24.6488,37.0143]]],[[[25.1506,37.172],[25.3102,37.1962],[25.3102,37.0022],[25.1126,36.9415],[24.9377,36.9597],[25.1506,37.172]]],[[[25.3786,37.1175],[25.5383,37.2204],[25.6067,37.1235],[25.5991,37.0265],[25.5459,36.9597],[25.4547,36.9232],[25.3634,37.0083],[25.3406,37.0871],[25.3786,37.1175]]]]}},{"type":"Feature","properties":{"NAME":"Sweden","ABBREVN":"Sweden","INFO_UR":null,"SUBJECTO":"Sweden","BORDERPRECISION":1,"PARTOF":"Sweden"},"geometry":{"type":"MultiPolygon","coordinates":[[[[19.3344,57.9558],[19.2867,57.9375],[19.2775,57.9403],[19.2744,57.945],[19.2681,57.9486],[19.2567,57.9494],[19.2381,57.9469],[19.1706,57.9294],[19.1628,57.9269],[19.1508,57.9186],[19.1458,57.9136],[19.1417,57.9078],[19.14,57.9017],[19.1261,57.8397],[19.0933,57.8519],[19.0778,57.8583],[19.0731,57.8625],[19.0375,57.8964],[19.0344,57.9011],[19.0344,57.9125],[19.0361,57.9186],[19.0889,57.9703],[19.0958,57.9736],[19.1047,57.9753],[19.2858,57.9767],[19.2964,57.9767],[19.3075,57.9744],[19.3325,57.9653],[19.3356,57.9605],[19.3344,57.9558]]]]}},{"type":"Feature","properties":{"NAME":"Navarre","ABBREVN":"Navarre","INFO_UR":null,"SUBJECTO":"Navarre","BORDERPRECISION":1,"PARTOF":"Navarre"},"geometry":{"type":"MultiPolygon","coordinates":[[[[-0.5241,42.7578],[-0.6029,42.4161],[-1.0044,41.9188],[-2.5834,41.3585],[-2.7166,42.4251],[-3.1958,42.3979],[-3.3561,43.3953],[-3.196,43.4469],[-3.0072,43.5503],[-2.7684,43.5379],[-2.3674,43.3262],[-2.1429,43.3315],[-2.0656,43.3333],[-1.9146,43.3054],[-1.7024,43.1959],[-1.4914,43.2096],[-1.4657,43.1549],[-1.5577,43.0454],[-1.5151,42.9976],[-1.4476,42.9839],[-1.3973,43.0318],[-0.9074,42.8813],[-0.84,42.9087],[-0.612,42.7309],[-0.5868,42.7651],[-0.5241,42.7578]]]]}},{"type":"Feature","properties":{"NAME":"León","ABBREVN":"León","INFO_UR":null,"SUBJECTO":"León","BORDERPRECISION":1,"PARTOF":"León"},"geometry":{"type":"MultiPolygon","coordinates":[[[[-8.8518,41.4078],[-8.8548,41.5969],[-8.9207,41.767],[-8.8061,41.8892],[-8.8605,42.0145],[-8.7986,42.1945],[-8.6441,42.4197],[-8.805,42.6316],[-8.9417,42.8242],[-9.1731,42.8559],[-9.2469,42.9008],[-9.2708,43.0487],[-9.1975,43.1582],[-9.0136,43.2809],[-8.8492,43.3262],[-8.5957,43.3396],[-8.3104,43.353],[-8.2507,43.4304],[-8.2202,43.6172],[-7.9795,43.7401],[-7.6363,43.7214],[-7.1513,43.5549],[-6.808,43.5234],[-6.4676,43.5627],[-6.208,43.6405],[-5.9797,43.7054],[-5.8205,43.7057],[-5.5374,43.5775],[-5.2249,43.5072],[-5.0864,43.4949],[-4.4443,40.8943],[-5.5695,40.7368],[-6.8298,40.6201],[-7.7705,40.533],[-7.7705,40.9406],[-8.6941,40.9922],[-8.8518,41.4078]]]]}},{"type":"Feature","properties":{"NAME":"Castilla","ABBREVN":"Castilla","INFO_UR":null,"SUBJECTO":"Castilla","BORDERPRECISION":1,"PARTOF":"Castilla"},"geometry":{"type":"MultiPolygon","coordinates":[[[[-3.3561,43.3953],[-3.1958,42.3979],[-2.7166,42.4251],[-2.5834,41.3585],[-3.5315,41.0221],[-4.4443,40.8943],[-5.0864,43.4949],[-4.8023,43.4694],[-4.1102,43.4515],[-3.8476,43.4392],[-3.417,43.3757],[-3.3561,43.3953]]]]}},{"type":"Feature","properties":{"NAME":"Kingdom of France","ABBREVN":"Kingdom of France","INFO_UR":null,"SUBJECTO":"France","BORDERPRECISION":1,"PARTOF":"Kingdom of France"},"geometry":{"type":"MultiPolygon","coordinates":[[[[-0.5241,42.7578],[-0.5868,42.7651],[-0.612,42.7309],[-0.84,42.9087],[-0.9074,42.8813],[-1.3973,43.0318],[-1.4476,42.9839],[-1.5151,42.9976],[-1.5577,43.0454],[-1.4657,43.1549],[-1.4914,43.2096],[-1.7024,43.1959],[-1.9146,43.3054],[-1.7461,43.3602],[-1.5614,43.5244],[-1.3144,44.559],[-1.1358,44.6001],[-1.2303,44.7304],[-1.3318,44.6138],[-1.2755,45.1287],[-1.1752,45.5005],[-1.1234,45.4316],[-0.9004,45.2939],[-0.8142,45.1218],[-0.7285,45.0186],[-0.8547,45.3214],[-1.1384,45.5832],[-1.2474,45.6881],[-1.2365,45.8],[-1.0752,46.0146],[-1.166,46.1837],[-1.2561,46.3068],[-1.4027,46.4039],[-1.7107,46.4488],[-1.9425,46.7058],[-2.1297,46.8508],[-2.0046,47.0425],[-2.1095,47.124],[-2.2637,47.1829],[-2.4937,47.2469],[-2.5755,47.324],[-2.0104,47.7457],[-1.752,48.1782],[-1.9991,48.677],[-2.076,48.6562],[-2.2001,48.599],[-2.3429,48.6741],[-2.6364,48.552],[-2.7905,48.5896],[-2.9145,48.7068],[-3.0912,48.8716],[-3.4351,48.8365],[-3.5577,48.8101],[-3.6079,48.693],[-3.8213,48.7211],[-3.9022,48.646],[-3.9989,48.7305],[-4.2515,48.6519],[-4.4883,48.6123],[-4.6257,48.5467],[-4.762,48.552],[-4.7796,48.3548],[-4.762,48.552],[-4.6257,48.5467],[-4.4883,48.6123],[-4.2515,48.6519],[-3.9989,48.7305],[-3.9022,48.646],[-3.8213,48.7211],[-3.6079,48.693],[-3.5577,48.8101],[-3.4351,48.8365],[-3.0912,48.8716],[-2.9145,48.7068],[-2.7905,48.5896],[-2.6364,48.552],[-2.3429,48.6741],[-2.2001,48.599],[-2.076,48.6562],[-1.8706,48.7117],[-1.8576,48.6084],[-1.5914,48.6375],[-1.4566,48.6836],[-1.5755,48.7681],[-1.5884,48.881],[-1.5634,49.0362],[-1.5798,49.229],[-1.639,49.2196],[-1.8915,49.5264],[-1.9413,49.7093],[-1.5242,49.6528],[-1.251,49.6999],[-1.2887,49.521],[-1.1771,49.3325],[-1.0232,49.3985],[-0.4649,49.3514],[-0.2394,49.2855],[-0.2037,49.2918],[0.0329,49.3337],[0.3308,49.455],[0.0904,49.5106],[0.1151,49.6023],[0.1894,49.681],[0.5286,49.8258],[0.8688,49.9072],[1.2745,50.0043],[1.4162,50.1098],[1.552,50.2288],[1.5283,50.5777],[1.5889,50.8219],[1.7962,50.9214],[1.8236,50.9346],[2.0303,51.0067],[2.4426,51.048],[2.5221,51.0911],[2.9953,51.3135],[3.2136,51.3536],[3.472,51.3144],[3.6813,51.3214],[3.4384,51.0083],[3.8203,50.0394],[4.2552,49.8872],[5.3611,49.6968],[5.9093,49.2009],[5.9039,49.1958],[5.6116,49.2097],[5.723,48.9592],[5.876,49.0705],[6.0013,48.9035],[5.8343,48.7783],[6.0152,48.653],[5.9456,48.3469],[6.2379,48.2912],[6.2518,47.9572],[6.0987,48.0268],[6.0569,47.9572],[5.9595,47.985],[5.9595,47.8041],[5.8204,47.7346],[5.9178,47.5954],[5.7925,47.5119],[5.7786,47.3588],[5.7369,47.2336],[5.6673,47.1083],[5.7939,46.9972],[5.757,46.8867],[5.6464,46.8498],[5.6255,46.6491],[5.7397,46.5978],[5.7249,46.48],[5.6457,46.4567],[5.4156,46.5242],[5.2683,46.318],[5.5334,46.097],[5.5334,46.0086],[5.3567,46.0528],[5.3567,45.876],[5.6071,45.8466],[5.8234,45.3962],[5.9345,45.3221],[5.9469,45.2604],[6.0581,45.2233],[6.0334,45.3345],[6.0828,45.3715],[6.1445,45.3221],[6.2187,45.3468],[6.2681,45.3221],[6.2434,45.2974],[6.2804,45.1986],[6.5073,45.1157],[6.6653,44.9545],[6.9426,44.8687],[7.0035,44.7195],[6.9247,44.715],[6.7829,44.5479],[6.8698,44.3492],[6.7869,44.2968],[6.7869,44.198],[6.8363,44.1115],[6.8857,44.1486],[6.9351,44.1362],[6.9722,44.0621],[6.9969,44.0497],[6.9228,43.9756],[6.9598,43.9139],[6.8857,43.9015],[6.9228,43.815],[7.3552,43.9015],[7.3971,43.7641],[7.2976,43.6673],[6.9231,43.4477],[6.523,43.1509],[6.3312,43.1119],[6.1878,43.0923],[5.8286,43.0208],[5.6466,43.0333],[5.4345,43.1037],[5.0518,43.3281],[4.9098,43.3664],[4.7506,43.3533],[4.6465,43.3209],[4.4168,43.3461],[4.0782,43.4871],[3.8075,43.4672],[3.4787,43.3121],[3.3179,43.196],[3.0679,42.9446],[3.0019,42.7708],[3.0459,42.5395],[3.0871,42.3686],[3.0865,42.3291],[3.0863,42.1207],[3.1566,42.0757],[3.1289,41.8572],[2.6283,41.6195],[2.2006,41.4461],[2.0807,41.2985],[1.6098,41.2092],[1.4421,41.18],[1.0336,41.8781],[0.9417,41.8943],[1.3665,42.4088],[1.3644,42.4096],[1.3487,42.5395],[1.3075,42.6352],[0.7442,42.7719],[0.5841,42.7719],[0.5919,42.6283],[0.3478,42.6352],[0.1963,42.6078],[0.1796,42.6625],[-0.1656,42.6488],[-0.2037,42.7003],[-0.2161,42.7172],[-0.4099,42.7856],[-0.4688,42.7514],[-0.5241,42.7578]]],[[[-2.5765,47.3249],[-2.4655,47.4944],[-2.4655,47.4944],[-2.5765,47.3249],[-2.5765,47.3249]]],[[[-4.3644,47.8293],[-4.3909,47.9418],[-4.3909,47.9418],[-4.3644,47.8293],[-4.3644,47.8293]]],[[[-4.7003,48.0638],[-4.3129,48.1013],[-4.351,48.2046],[-4.3129,48.1013],[-4.7003,48.0638]]],[[[-4.588,48.2515],[-4.3889,48.2984],[-4.3502,48.3905],[-4.3889,48.2984],[-4.588,48.2515]]]]}},{"type":"Feature","properties":{"NAME":"Aragón","ABBREVN":"Aragón","INFO_UR":null,"SUBJECTO":"Aragón","BORDERPRECISION":1,"PARTOF":"Aragón"},"geometry":{"type":"MultiPolygon","coordinates":[[[[-1.0044,41.9188],[-0.6029,42.4161],[-0.5241,42.7578],[-0.4688,42.7514],[-0.4099,42.7856],[-0.2161,42.7172],[-0.2037,42.7003],[-0.1656,42.6488],[0.1796,42.6625],[0.1963,42.6078],[0.3478,42.6352],[0.5919,42.6283],[0.5841,42.7719],[0.7442,42.7719],[1.3075,42.6352],[1.3487,42.5395],[1.3644,42.4096],[1.3665,42.4088],[0.9417,41.8943],[0.3407,42.0003],[-1.0044,41.9188]]]]}},{"type":"Feature","properties":{"NAME":"Caliphate of Córdoba","ABBREVN":"Caliphate of Córdoba","INFO_UR":null,"SUBJECTO":"Caliphate of Córdoba","BORDERPRECISION":1,"PARTOF":"Caliphate of Córdoba"},"geometry":{"type":"MultiPolygon","coordinates":[[[[1.3719,38.8308],[1.3681,38.8511],[1.3617,38.8606],[1.3575,38.865],[1.3528,38.8683],[1.3464,38.8711],[1.2772,38.8797],[1.2706,38.8781],[1.2575,38.8636],[1.2525,38.8592],[1.2461,38.8603],[1.2225,38.8742],[1.2119,38.8983],[1.2278,38.9481],[1.2425,38.968],[1.2942,39.0314],[1.3036,39.0386],[1.3292,39.0553],[1.3625,39.0728],[1.4728,39.1053],[1.5197,39.1183],[1.5458,39.118],[1.6006,39.0961],[1.6053,39.0917],[1.6092,39.0814],[1.615,39.0283],[1.5317,38.9519],[1.4058,38.8456],[1.3719,38.8308]]],[[[1.5881,38.6672],[1.5761,38.6555],[1.5694,38.6542],[1.5564,38.6542],[1.5306,38.6542],[1.5242,38.6547],[1.5181,38.6569],[1.5053,38.6694],[1.4944,38.6756],[1.4631,38.6856],[1.4567,38.6869],[1.4439,38.6828],[1.3903,38.6433],[1.3864,38.6478],[1.3856,38.6581],[1.3836,38.6831],[1.3831,38.6939],[1.3831,38.7156],[1.3831,38.7206],[1.3992,38.7378],[1.4453,38.7411],[1.5731,38.6914],[1.5778,38.6878],[1.5867,38.6725],[1.5881,38.6672]]],[[[4.3169,39.8461],[4.3139,39.8319],[4.3,39.8142],[4.2953,39.8106],[4.2892,39.8075],[4.2764,39.8064],[4.2631,39.8089],[4.2567,39.8106],[4.2383,39.8161],[4.1164,39.8683],[4.1008,39.8778],[4.0908,39.8847],[4.0883,39.8905],[4.0847,39.8956],[4.0797,39.8992],[4.0411,39.9156],[4.0286,39.92],[3.9847,39.9303],[3.9656,39.9336],[3.9383,39.9325],[3.9242,39.9292],[3.9111,39.9258],[3.8911,39.9208],[3.8847,39.9203],[3.8781,39.92],[3.8267,39.9225],[3.7969,40.0172],[3.8314,40.0528],[3.8361,40.0564],[3.8683,40.0581],[3.9375,40.0589],[4.1225,40.0561],[4.1744,40.0503],[4.2414,39.9936],[4.2733,39.9614],[4.3156,39.8789],[4.3169,39.8461]]],[[[3.275,39.7378],[3.2933,39.7458],[3.3236,39.7594],[3.3333,39.7661],[3.3439,39.7758],[3.3828,39.7733],[3.4397,39.7503],[3.4803,39.7217],[3.4797,39.7111],[3.4636,39.6614],[3.4475,39.6403],[3.3775,39.5528],[3.3717,39.5492],[3.3319,39.5264],[3.3203,39.5206],[3.3056,39.5022],[3.2881,39.4675],[3.2669,39.4128],[3.2419,39.3644],[3.0819,39.273],[3.0636,39.2636],[3.0569,39.2631],[3.0292,39.2831],[2.9856,39.3186],[2.8297,39.3533],[2.7994,39.3606],[2.7864,39.3647],[2.7814,39.3692],[2.7553,39.3925],[2.7456,39.4064],[2.7431,39.4117],[2.7278,39.4731],[2.7417,39.4908],[2.7464,39.4947],[2.7528,39.4967],[2.7547,39.5025],[2.7536,39.5075],[2.745,39.5158],[2.7364,39.5239],[2.7317,39.5275],[2.6944,39.5519],[2.6753,39.5594],[2.6625,39.5636],[2.6561,39.5644],[2.5464,39.5247],[2.5425,39.5203],[2.4369,39.5217],[2.3892,39.525],[2.3642,39.5558],[2.3861,39.6128],[2.5386,39.7003],[2.6839,39.7939],[2.7778,39.8447],[2.9878,39.9111],[3.0714,39.9219],[3.0969,39.9114],[3.0919,39.9014],[3.0889,39.8914],[3.0894,39.8858],[3.1244,39.8122],[3.1347,39.7922],[3.1383,39.7875],[3.1519,39.7758],[3.1808,39.76],[3.2414,39.7361],[3.2478,39.7347],[3.2608,39.7336],[3.275,39.7378]]],[[[-9.625,30.4061],[-9.6027,30.1837],[-9.6626,29.9548],[-9.8696,29.643],[-10.3393,29.1463],[-10.8562,28.7512],[-11.3727,28.3689],[-11.5765,28.2286],[-12.0906,28.0242],[-12.6741,27.8959],[-12.8662,27.8573],[-13.0601,27.6726],[-13.1236,27.5463],[-13.316,27.1637],[-13.4663,26.8138],[-13.6287,26.5911],[-14.0058,26.3615],[-14.1878,26.2721],[-14.3673,26.1192],[-14.632,25.6821],[-14.3673,26.1192],[-14.1878,26.2721],[-14.0058,26.3615],[-13.6287,26.5911],[-13.4663,26.8138],[-13.316,27.1637],[-13.1236,27.5463],[-13.0601,27.6726],[-12.8662,27.8573],[-12.6741,27.8959],[-12.0906,28.0242],[-11.5765,28.2286],[-11.3727,28.3689],[-10.8562,28.7512],[-10.3393,29.1463],[-9.8696,29.643],[-9.6626,29.9548],[-9.6027,30.1837],[-9.625,30.4061],[-9.817,30.7552],[-9.8578,31.0602],[-9.8133,31.2891],[-9.6353,31.5754],[-9.3176,31.9637],[-9.2223,32.2562],[-9.2508,32.4214],[-9.2187,32.5804],[-8.6403,33.1217],[-8.3144,33.3385],[-7.9024,33.4855],[-7.3326,33.6964],[-7.004,33.875],[-6.753,34.1234],[-6.5115,34.4543],[-6.472,34.5309],[-6.302,34.8614],[-5.9288,35.7279],[-5.8079,35.7854],[-5.565,35.8623],[-5.4794,35.8052],[-5.1718,35.4238],[-5.1096,35.3793],[-4.593,35.1512],[-4.2954,35.1518],[-4.0279,35.1332],[-3.4408,35.1663],[-3.2058,35.2686],[-3.009,35.39],[-2.8299,35.1421],[-2.7148,35.0977],[-2.3557,35.0539],[-2.3259,35.054],[-2.193,35.0542],[-2.0353,35.0546],[-1.7383,35.1188],[-1.4951,35.2339],[-1.3291,35.4889],[-1.1467,35.6294],[-0.9175,35.668],[-0.7343,35.7385],[-0.4288,35.8601],[-0.283,35.7585],[-0.2037,35.7507],[-0.0917,35.7398],[0.0153,35.8037],[0.1987,36.0333],[0.4744,36.225],[0.7812,36.3849],[1.0576,36.4619],[1.5797,36.5139],[1.2374,35.8864],[0.8706,33.0739],[0.4578,32.5474],[-1.0813,32.4539],[-1.4962,32.4386],[-1.8022,32.4272],[-2.3208,32.2933],[-4.7728,31.6597],[-9.625,30.4061]]],[[[-2.9153,36.6901],[-2.9698,36.7411],[-4.4466,36.722],[-4.7573,36.4861],[-5.2167,36.4096],[-5.3742,36.2375],[-5.3867,36.11],[-5.4243,36.0717],[-5.4571,36.1674],[-5.4879,36.1737],[-5.4855,36.0654],[-5.6606,36.008],[-5.85,36.0717],[-6.2045,36.2821],[-6.305,36.4542],[-6.2889,36.5722],[-6.444,36.6232],[-6.5005,36.7188],[-6.4217,36.7922],[-6.6322,37.0218],[-6.948,37.1493],[-7.0101,37.1653],[-7.2278,37.2259],[-7.4915,37.2082],[-7.6034,37.163],[-7.836,37.0323],[-8.0336,37.0088],[-8.2802,37.0886],[-8.5411,37.0886],[-8.6671,37.1214],[-8.9908,36.99],[-9.0166,37.0698],[-8.8415,37.5251],[-8.851,37.9102],[-8.9328,37.9618],[-8.823,38.2061],[-8.8473,38.3846],[-8.7889,38.436],[-8.8537,38.4996],[-9.0223,38.461],[-9.2366,38.4174],[-9.2852,38.6195],[-9.0692,38.643],[-8.9419,38.7419],[-8.9608,38.8185],[-9.0408,38.9202],[-9.1758,38.7322],[-9.3616,38.6711],[-9.5224,38.6899],[-9.549,38.7745],[-9.4598,38.9531],[-9.3977,39.2304],[-9.4153,39.3667],[-9.2993,39.4177],[-9.1179,39.644],[-8.9156,40.1381],[-8.9697,40.19],[-8.6941,40.9922],[-7.7705,40.9406],[-7.7705,40.533],[-6.8298,40.6201],[-5.5695,40.7368],[-4.4443,40.8943],[-3.5315,41.0221],[-2.5834,41.3585],[-1.0044,41.9188],[0.3407,42.0003],[0.9417,41.8943],[1.0336,41.8781],[1.4421,41.18],[1.3112,41.1573],[0.8792,41.0217],[0.7338,40.875],[0.7098,40.7851],[0.8271,40.7274],[0.7876,40.6569],[0.5051,40.5928],[0.2379,40.2402],[-0.1606,39.886],[-0.2037,39.7994],[-0.2845,39.6368],[-0.3948,39.4345],[-0.2359,39.0624],[-0.2037,39.0127],[-0.1657,38.9541],[0.1261,38.8214],[0.1726,38.7383],[-0.107,38.5915],[-0.2037,38.544],[-0.4352,38.4303],[-0.5641,38.2149],[-0.6647,38.1766],[-0.8723,37.7598],[-0.8026,37.615],[-0.9183,37.5703],[-1.3646,37.5484],[-1.6257,37.4395],[-1.8169,37.2925],[-1.9405,36.9516],[-2.2388,36.7284],[-2.3551,36.8241],[-2.6243,36.8113],[-2.7615,36.6901],[-2.9153,36.6901]]]]}},{"type":"Feature","properties":{"NAME":"Karelians","ABBREVN":"Karelians","INFO_UR":null,"SUBJECTO":"Karelians","BORDERPRECISION":1,"PARTOF":"Karelians"},"geometry":{"type":"MultiPolygon","coordinates":[[[[32.5047,61.1037],[32.3671,61.1665],[32.061,61.2531],[31.8316,61.3455],[31.6787,61.4436],[31.6213,61.467],[31.6594,61.4156],[31.6611,61.3947],[31.6265,61.4041],[31.5915,61.4235],[31.5562,61.4528],[31.5462,61.4774],[31.5615,61.4974],[31.5289,61.5389],[31.4487,61.602],[31.379,61.6215],[31.32,61.5973],[31.26,61.6057],[31.199,61.6469],[31.1639,61.6627],[31.1548,61.653],[31.1577,61.636],[31.1728,61.6117],[31.1625,61.5989],[31.1268,61.5976],[31.106,61.6197],[31.0999,61.6653],[31.0138,61.7124],[30.8475,61.7609],[30.7372,61.7549],[30.6829,61.6944],[30.6718,61.6517],[30.7041,61.6268],[30.6745,61.6077],[30.5829,61.5944],[30.5627,61.5777],[30.6138,61.5577],[30.5817,61.5459],[30.4665,61.5425],[30.4236,61.5251],[30.4531,61.4937],[30.4035,61.4901],[30.275,61.5142],[30.2203,61.5001],[30.2272,61.4811],[29.0189,61.7707],[21.226,62.418],[21.2001,62.4352],[21.0337,62.4773],[21.0618,62.6117],[21.1948,62.7607],[21.4813,62.8888],[21.546,62.9741],[21.4947,63.123],[21.6665,63.1873],[21.9513,63.131],[22.075,63.1028],[22.2924,63.2027],[22.4288,63.395],[22.4758,63.6016],[22.569,63.723],[22.7042,63.5806],[22.8255,63.5809],[23.1306,63.7834],[27.2316,63.3545],[30.604,64.938],[34.2934,65.3962],[34.332,65.3455],[34.4257,65.1065],[34.7729,64.6822],[34.8148,64.4598],[34.8846,64.3668],[35.0818,64.2883],[35.6233,64.2536],[35.8168,64.2257],[32.5047,61.1037]]]]}},{"type":"Feature","properties":{"NAME":"Britany","ABBREVN":"Britany","INFO_UR":null,"SUBJECTO":"Britany","BORDERPRECISION":1,"PARTOF":"Britany"},"geometry":{"type":"MultiPolygon","coordinates":[[[[-1.9991,48.677],[-1.752,48.1782],[-2.0104,47.7457],[-2.5755,47.324],[-2.5765,47.3249],[-2.4655,47.4944],[-2.6137,47.5722],[-2.8425,47.4919],[-3.0627,47.6039],[-3.4335,47.7168],[-3.7119,47.7981],[-3.8581,47.7918],[-3.9548,47.9043],[-4.3644,47.8293],[-4.3909,47.9418],[-4.5101,47.9981],[-4.6754,48.0169],[-4.7003,48.0638],[-4.3129,48.1013],[-4.351,48.2046],[-4.588,48.2515],[-4.3889,48.2984],[-4.3502,48.3905],[-4.4738,48.3829],[-4.592,48.3923],[-4.7796,48.3548],[-4.762,48.552],[-4.6257,48.5467],[-4.4883,48.6123],[-4.2515,48.6519],[-3.9989,48.7305],[-3.9022,48.646],[-3.8213,48.7211],[-3.6079,48.693],[-3.5577,48.8101],[-3.4351,48.8365],[-3.0912,48.8716],[-2.9145,48.7068],[-2.7905,48.5896],[-2.6364,48.552],[-2.3429,48.6741],[-2.2001,48.599],[-2.076,48.6562],[-1.9991,48.677]]]]}},{"type":"Feature","properties":{"NAME":"Emirate of Sicily","ABBREVN":"Emirate of Sicily","INFO_UR":null,"SUBJECTO":"Emirate of Sicily","BORDERPRECISION":1,"PARTOF":"Emirate of Sicily"},"geometry":{"type":"MultiPolygon","coordinates":[[[[12.5166,37.9192],[12.6643,38.0725],[12.7828,38.1174],[13.066,38.0669],[13.3225,38.2205],[13.628,38.0298],[13.8095,37.9664],[14.1345,37.9735],[14.7659,38.0576],[15.3867,38.2055],[15.4537,38.1674],[15.4729,38.1101],[15.4225,38.0526],[15.181,37.6823],[15.1122,37.459],[15.1162,37.2869],[15.3013,37.0579],[15.2206,37.0004],[15.0273,36.7451],[14.9424,36.7386],[14.622,36.7761],[14.2159,37.0493],[13.8684,37.157],[13.0116,37.5249],[12.6369,37.5815],[12.532,37.6387],[12.4541,37.766],[12.5166,37.9192]]]]}},{"type":"Feature","properties":{"NAME":"Suomi","ABBREVN":"Suomi","INFO_UR":null,"SUBJECTO":"Suom","BORDERPRECISION":1,"PARTOF":"Suomi"},"geometry":{"type":"MultiPolygon","coordinates":[[[[30.0405,61.123],[28.5375,60.5745],[28.5215,60.6233],[28.4318,60.6035],[28.0114,60.5107],[27.4736,60.4261],[27.4062,60.3448],[27.1785,60.4424],[26.9456,60.3763],[26.9223,60.3161],[26.6131,60.3478],[26.5259,60.3965],[26.5516,60.5707],[26.4428,60.3333],[26.3227,60.2702],[26.0377,60.2493],[25.8901,60.2358],[25.8455,60.1155],[25.5805,60.2623],[25.4499,60.1384],[25.1458,60.1097],[24.993,60.0296],[24.9695,60.0868],[24.743,60.0382],[24.516,59.9895],[24.4211,59.8698],[24.2814,59.9381],[23.9789,59.8811],[23.9611,59.9325],[23.6647,59.8356],[23.4189,59.8298],[23.2014,59.8185],[22.9821,59.9325],[22.882,60.0556],[23.0052,60.2088],[22.6246,60.2011],[22.3921,60.1212],[22.4215,60.2932],[22.2207,60.2588],[21.931,60.3808],[21.7468,60.4083],[21.5602,60.5125],[21.4432,60.6936],[21.4273,61.0151],[21.4983,61.1833],[21.5208,61.3796],[21.561,61.4849],[21.4052,61.7024],[21.2112,61.8709],[21.3464,62.1671],[21.3376,62.3436],[21.226,62.418],[29.0189,61.7707],[30.2272,61.4811],[30.2395,61.4477],[30.2221,61.4064],[30.168,61.3763],[30.1734,61.3471],[30.2384,61.3188],[30.2231,61.2978],[30.1274,61.2841],[30.0793,61.2645],[30.0788,61.2389],[30.0419,61.2447],[29.9684,61.282],[29.921,61.2993],[29.8997,61.2967],[29.8916,61.2907],[29.8967,61.2814],[29.8937,61.2779],[29.8827,61.2801],[29.8839,61.2736],[29.8973,61.2585],[29.8837,61.254],[29.8432,61.2602],[29.8228,61.2628],[29.8226,61.2618],[29.8242,61.2602],[29.8275,61.2578],[29.8282,61.2561],[29.8265,61.2551],[29.8495,61.25],[29.8973,61.2406],[29.9036,61.2336],[29.8685,61.229],[29.8666,61.2172],[29.898,61.1982],[29.882,61.1967],[29.8188,61.2127],[29.8792,61.1852],[30.0405,61.123]]]]}},{"type":"Feature","properties":{"NAME":"Chuds","ABBREVN":"Chuds","INFO_UR":null,"SUBJECTO":"Chuds","BORDERPRECISION":1,"PARTOF":"Chuds"},"geometry":{"type":"MultiPolygon","coordinates":[[[[30.0405,61.123],[30.0631,61.1143],[30.249,61.0121],[30.4368,60.8787],[30.5251,60.7644],[30.5172,60.6968],[30.5139,60.6691],[30.5508,60.6108],[30.6356,60.5894],[30.7484,60.4837],[30.8892,60.2936],[30.9822,60.193],[31.0066,60.187],[29.9954,59.9416],[29.9529,59.9856],[29.6873,60.131],[29.5107,60.1446],[28.969,60.1088],[28.6916,60.15],[28.6374,60.1715],[28.5694,60.1984],[28.4352,60.3373],[28.5512,60.5326],[28.5375,60.5745],[30.0405,61.123]]]]}},{"type":"Feature","properties":{"NAME":"Kurs","ABBREVN":"Kurs","INFO_UR":null,"SUBJECTO":"Kurs","BORDERPRECISION":1,"PARTOF":"Kurs"},"geometry":{"type":"MultiPolygon","coordinates":[[[[23.526,56.884],[22.6311,56.2761],[20.9195,56.1367],[20.949,56.4732],[20.9648,56.609],[21.0221,56.6839],[21.3244,56.8544],[21.3397,57.1771],[21.4596,57.2496],[21.5795,57.3726],[21.6773,57.4637],[21.8103,57.4754],[22.2854,57.565],[22.3599,57.5857],[22.433,57.6156],[22.5636,57.6156],[22.5854,57.5087],[22.8814,57.3341],[23.0709,57.2613],[23.1747,57.0485],[23.2154,56.9807],[23.4145,56.8924],[23.526,56.884]]]]}},{"type":"Feature","properties":{"NAME":"Pomerania","ABBREVN":"Pomerania","INFO_UR":null,"SUBJECTO":"Pomerania","BORDERPRECISION":1,"PARTOF":"Pomerania"},"geometry":{"type":"MultiPolygon","coordinates":[[[[13.4347,54.0311],[13.5696,53.2203],[13.6071,52.316],[13.5877,52.3126],[11.6719,52.3534],[11.5497,52.6387],[11.7535,52.8425],[10.5714,53.0463],[10.2046,53.6984],[10.1417,54.3368],[10.2129,54.3719],[10.3402,54.3623],[10.446,54.292],[10.6486,54.259],[11.0386,54.3133],[11.073,54.2196],[11.0414,54.1527],[11.0159,54.0967],[10.7167,53.9639],[10.7709,53.9309],[10.8589,53.8772],[10.8837,53.8824],[10.8935,53.8844],[10.9604,53.8984],[11.1514,53.9384],[11.2025,53.8568],[11.4078,53.8593],[11.565,54.0354],[12.0411,54.0967],[12.3119,54.2019],[12.4625,54.2548],[12.6525,54.3214],[12.7648,54.2703],[12.9431,54.347],[13.0258,54.2652],[13.0638,54.1937],[13.3492,54.0635],[13.431,54.0302],[13.4347,54.0311]]]]}},{"type":"Feature","properties":{"NAME":null,"ABBREVN":null,"INFO_UR":null,"SUBJECTO":null,"BORDERPRECISION":1,"PARTOF":null},"geometry":{"type":"MultiPolygon","coordinates":[[[[-4.1533,53.2256],[-4.2181,53.2003],[-4.3256,53.145],[-4.3514,53.1244],[-4.4022,53.1258],[-4.4789,53.1767],[-4.4944,53.1894],[-4.5675,53.2733],[-4.5692,53.3881],[-4.5669,53.3914],[-4.56,53.3967],[-4.4747,53.4186],[-4.4292,53.4244],[-4.4231,53.425],[-4.4161,53.425],[-4.3139,53.4119],[-4.2925,53.4075],[-4.2836,53.4033],[-4.2769,53.3983],[-4.27,53.3886],[-4.2222,53.3217],[-4.1269,53.3106],[-4.1222,53.3119],[-4.1158,53.3125],[-4.11,53.3122],[-4.06,53.3055],[-4.0467,53.3033],[-4.0464,53.2997],[-4.09,53.255],[-4.1014,53.2478],[-4.1533,53.2256]]]]}},{"type":"Feature","properties":{"NAME":null,"ABBREVN":null,"INFO_UR":null,"SUBJECTO":null,"BORDERPRECISION":1,"PARTOF":null},"geometry":{"type":"MultiPolygon","coordinates":[[[[-5.1036,55.4386],[-5.1719,55.4294],[-5.2236,55.43],[-5.2317,55.4303],[-5.2369,55.4319],[-5.2833,55.4469],[-5.2928,55.4511],[-5.3403,55.475],[-5.3422,55.4772],[-5.3572,55.5042],[-5.4003,55.6006],[-5.4008,55.6089],[-5.4003,55.6178],[-5.3964,55.6289],[-5.3811,55.6686],[-5.3781,55.6717],[-5.3708,55.6769],[-5.33,55.6997],[-5.3256,55.7019],[-5.2953,55.7167],[-5.2656,55.7172],[-5.2519,55.7161],[-5.2392,55.7136],[-5.2283,55.7103],[-5.1983,55.6992],[-5.1853,55.6928],[-5.1681,55.6842],[-5.1603,55.6792],[-5.1547,55.6733],[-5.0853,55.5567],[-5.0839,55.5531],[-5.0747,55.4633],[-5.0744,55.4592],[-5.0758,55.4553],[-5.0789,55.4522],[-5.0933,55.4417],[-5.1036,55.4386]]]]}},{"type":"Feature","properties":{"NAME":null,"ABBREVN":null,"INFO_UR":null,"SUBJECTO":null,"BORDERPRECISION":1,"PARTOF":null},"geometry":{"type":"MultiPolygon","coordinates":[[[[-6.1217,55.8789],[-6.1031,55.8111],[-6.1019,55.8072],[-6.0975,55.7967],[-6.0933,55.79],[-6.0883,55.7839],[-6.0756,55.7775],[-6.0594,55.7722],[-6.0522,55.7672],[-6.05,55.7642],[-6.0303,55.7206],[-6.0247,55.6808],[-6.0275,55.6778],[-6.0383,55.67],[-6.0767,55.65],[-6.2289,55.5922],[-6.2744,55.5728],[-6.3006,55.5769],[-6.3172,55.5817],[-6.3256,55.5867],[-6.3275,55.5894],[-6.3219,55.6153],[-6.3208,55.6189],[-6.2858,55.7072],[-6.2531,55.7636],[-6.2511,55.7672],[-6.2514,55.7714],[-6.2544,55.7747],[-6.2592,55.7767],[-6.2653,55.7778],[-6.3253,55.7814],[-6.3317,55.7814],[-6.3378,55.7803],[-6.3456,55.775],[-6.3483,55.7714],[-6.3525,55.7647],[-6.3564,55.758],[-6.3606,55.7503],[-6.3675,55.7408],[-6.3797,55.7281],[-6.3931,55.7172],[-6.4108,55.7039],[-6.4494,55.6803],[-6.4625,55.6739],[-6.4733,55.67],[-6.485,55.6686],[-6.4914,55.6694],[-6.5014,55.6733],[-6.505,55.6767],[-6.5092,55.6822],[-6.51,55.6906],[-6.5,55.7214],[-6.4953,55.7336],[-6.4497,55.8486],[-6.4417,55.8536],[-6.3697,55.8694],[-6.3097,55.8636],[-6.1922,55.9164],[-6.1631,55.9275],[-6.1419,55.9336],[-6.1367,55.9344],[-6.1294,55.9336],[-6.1219,55.9289],[-6.1186,55.9217],[-6.1228,55.895],[-6.1217,55.8789]]]]}},{"type":"Feature","properties":{"NAME":null,"ABBREVN":null,"INFO_UR":null,"SUBJECTO":null,"BORDERPRECISION":1,"PARTOF":null},"geometry":{"type":"MultiPolygon","coordinates":[[[[-5.9469,55.83],[-5.9719,55.7883],[-6.0272,55.7917],[-6.0325,55.7931],[-6.0531,55.8003],[-6.0631,55.8039],[-6.0706,55.8083],[-6.0736,55.8117],[-6.0756,55.8156],[-6.0792,55.8267],[-6.0881,55.8775],[-6.0878,55.8817],[-6.0844,55.8942],[-6.0789,55.9055],[-5.9681,56.0236],[-5.9558,56.0305],[-5.9064,56.0583],[-5.9017,56.0608],[-5.8092,56.1097],[-5.755,56.1333],[-5.745,56.1375],[-5.7114,56.1503],[-5.7056,56.1508],[-5.6944,56.1472],[-5.685,56.1258],[-5.6844,56.1219],[-5.6844,56.1175],[-5.6861,56.1131],[-5.6908,56.1067],[-5.7025,56.0989],[-5.7081,56.0961],[-5.7169,56.0894],[-5.7303,56.078],[-5.7461,56.0636],[-5.7519,56.0569],[-5.8458,55.9494],[-5.9042,55.8825],[-5.9469,55.83]]]]}},{"type":"Feature","properties":{"NAME":null,"ABBREVN":null,"INFO_UR":null,"SUBJECTO":null,"BORDERPRECISION":1,"PARTOF":null},"geometry":{"type":"MultiPolygon","coordinates":[[[[-7.4669,56.9408],[-7.4753,56.9408],[-7.5153,56.9431],[-7.5306,56.9442],[-7.5503,56.9475],[-7.5594,56.9514],[-7.5606,56.9556],[-7.56,56.9603],[-7.5536,56.9664],[-7.4456,57.0555],[-7.4397,57.0544],[-7.4186,57.0439],[-7.4147,57.0414],[-7.3781,56.9822],[-7.3761,56.9786],[-7.4347,56.945],[-7.4392,56.9428],[-7.4669,56.9408]]]]}},{"type":"Feature","properties":{"NAME":null,"ABBREVN":null,"INFO_UR":null,"SUBJECTO":null,"BORDERPRECISION":1,"PARTOF":null},"geometry":{"type":"MultiPolygon","coordinates":[[[[-7.2231,57.3375],[-7.2311,57.3328],[-7.2461,57.3278],[-7.2522,57.3267],[-7.2589,57.3272],[-7.2853,57.3361],[-7.2881,57.3225],[-7.2592,57.1525],[-7.2147,57.1144],[-7.2153,57.1103],[-7.2258,57.0969],[-7.2303,57.0947],[-7.2656,57.1036],[-7.2872,57.1061],[-7.3033,57.1061],[-7.3336,57.1],[-7.3561,57.0992],[-7.3631,57.1],[-7.3814,57.1086],[-7.3867,57.1147],[-7.3925,57.125],[-7.3961,57.1319],[-7.4175,57.1825],[-7.4189,57.1867],[-7.4208,57.2183],[-7.425,57.3822],[-7.4222,57.3853],[-7.4122,57.3897],[-7.3681,57.4014],[-7.3356,57.3958],[-7.2858,57.3811],[-7.2719,57.3753],[-7.2672,57.3722],[-7.2244,57.3417],[-7.2231,57.3375]]]]}},{"type":"Feature","properties":{"NAME":null,"ABBREVN":null,"INFO_UR":null,"SUBJECTO":null,"BORDERPRECISION":1,"PARTOF":null},"geometry":{"type":"MultiPolygon","coordinates":[[[[-7.2689,57.3989],[-7.2833,57.3975],[-7.3136,57.3997],[-7.3203,57.4014],[-7.3781,57.4203],[-7.3881,57.4239],[-7.4047,57.4419],[-7.4094,57.4483],[-7.41,57.4522],[-7.4064,57.4642],[-7.4042,57.4678],[-7.4003,57.4703],[-7.3578,57.4883],[-7.3511,57.4894],[-7.3006,57.4836],[-7.2761,57.4806],[-7.2442,57.4764],[-7.2047,57.4608],[-7.2025,57.4575],[-7.2022,57.4189],[-7.2044,57.415],[-7.2394,57.4036],[-7.2447,57.4022],[-7.2689,57.3989]]]]}},{"type":"Feature","properties":{"NAME":null,"ABBREVN":null,"INFO_UR":null,"SUBJECTO":null,"BORDERPRECISION":1,"PARTOF":null},"geometry":{"type":"MultiPolygon","coordinates":[[[[-7.1886,57.6872],[-7.0753,57.6422],[-7.0675,57.6375],[-7.0658,57.6333],[-7.1475,57.515],[-7.1539,57.5094],[-7.1683,57.508],[-7.2336,57.5036],[-7.3147,57.5042],[-7.3214,57.5053],[-7.3261,57.5078],[-7.3275,57.5275],[-7.3253,57.5442],[-7.3478,57.5508],[-7.4117,57.5681],[-7.4556,57.5639],[-7.4678,57.5619],[-7.4769,57.5625],[-7.4861,57.5661],[-7.5364,57.5861],[-7.5403,57.5881],[-7.5433,57.5908],[-7.5433,57.5956],[-7.4914,57.6464],[-7.4839,57.6519],[-7.4728,57.655],[-7.4325,57.6533],[-7.275,57.6564],[-7.2711,57.6594],[-7.2447,57.6769],[-7.1972,57.6869],[-7.1886,57.6872]]]]}},{"type":"Feature","properties":{"NAME":null,"ABBREVN":null,"INFO_UR":null,"SUBJECTO":null,"BORDERPRECISION":1,"PARTOF":null},"geometry":{"type":"MultiPolygon","coordinates":[[[[-7.0064,57.8814],[-7.0736,57.8778],[-7.0778,57.88],[-7.0767,57.8928],[-7.0736,57.8961],[-7.0328,57.9156],[-7.0275,57.9169],[-7.0072,57.9197],[-6.9994,57.92],[-6.9936,57.9186],[-6.9942,57.9139],[-6.9975,57.8908],[-6.9989,57.8872],[-7.0064,57.8814]]]]}},{"type":"Feature","properties":{"NAME":null,"ABBREVN":null,"INFO_UR":null,"SUBJECTO":null,"BORDERPRECISION":1,"PARTOF":null},"geometry":{"type":"MultiPolygon","coordinates":[[[[-6.8022,58.203],[-6.8389,58.2019],[-6.8692,58.2039],[-6.8731,58.2064],[-6.8889,58.2444],[-6.89,58.2486],[-6.8897,58.2525],[-6.8817,58.2542],[-6.8603,58.2511],[-6.8542,58.25],[-6.8097,58.2286],[-6.7944,58.218],[-6.7914,58.2069],[-6.7944,58.2033],[-6.8022,58.203]]]]}},{"type":"Feature","properties":{"NAME":null,"ABBREVN":null,"INFO_UR":null,"SUBJECTO":null,"BORDERPRECISION":1,"PARTOF":null},"geometry":{"type":"MultiPolygon","coordinates":[[[[-6.2042,58.3561],[-6.2325,58.3178],[-6.2797,58.2878],[-6.3239,58.2636],[-6.3283,58.2379],[-6.3284,58.2354],[-6.3276,58.2334],[-6.3253,58.2318],[-6.3218,58.2308],[-6.2851,58.2229],[-6.2813,58.2223],[-6.2769,58.2228],[-6.2736,58.2236],[-6.2654,58.2274],[-6.2208,58.2336],[-6.2086,58.2408],[-6.1725,58.2583],[-6.1678,58.2606],[-6.16,58.2597],[-6.1481,58.2561],[-6.1469,58.2528],[-6.1583,58.2183],[-6.1644,58.2122],[-6.1722,58.2069],[-6.2247,58.1836],[-6.2638,58.1766],[-6.3291,58.1828],[-6.3667,58.1586],[-6.3747,58.1356],[-6.3769,58.1319],[-6.3822,58.1297],[-6.4972,58.0975],[-6.5481,58.0919],[-6.6011,58.085],[-6.6203,58.0819],[-6.6192,58.0783],[-6.5947,58.0783],[-6.4969,58.0875],[-6.4203,58.1022],[-6.4103,58.1056],[-6.4025,58.1058],[-6.3961,58.1047],[-6.3906,58.0986],[-6.3539,58.0331],[-6.3567,58.03],[-6.3861,58.0092],[-6.4578,57.968],[-6.4739,57.9483],[-6.4728,57.9442],[-6.4739,57.9403],[-6.5381,57.9164],[-6.5442,57.915],[-6.5706,57.9114],[-6.5775,57.9108],[-6.6211,57.9144],[-6.6281,57.9153],[-6.6531,57.92],[-6.6622,57.9242],[-6.6664,57.9269],[-6.6919,57.9581],[-6.6986,57.9675],[-6.7047,57.9867],[-6.7069,57.9989],[-6.7061,58.0075],[-6.6975,58.0214],[-6.6944,58.0244],[-6.6628,58.0444],[-6.6592,58.0467],[-6.6528,58.0483],[-6.6294,58.0483],[-6.6219,58.0478],[-6.615,58.0461],[-6.5986,58.0453],[-6.5936,58.0464],[-6.5903,58.05],[-6.5953,58.0525],[-6.6003,58.0539],[-6.6078,58.0547],[-6.67,58.0581],[-6.6783,58.0583],[-6.6844,58.0575],[-6.6892,58.055],[-6.7614,57.9983],[-6.7258,57.9544],[-6.7228,57.9511],[-6.7189,57.9492],[-6.7053,57.9469],[-6.6964,57.9425],[-6.685,57.9344],[-6.6797,57.9283],[-6.6775,57.9256],[-6.6647,57.9006],[-6.6606,57.8847],[-6.6622,57.8806],[-6.7353,57.8258],[-6.9608,57.7275],[-6.9656,57.7256],[-6.9725,57.7247],[-6.9783,57.7258],[-6.9839,57.7283],[-7.12,57.8142],[-7.1231,57.8175],[-7.1244,57.8208],[-7.1267,57.8333],[-7.1253,57.8378],[-7.1183,57.8381],[-7.1039,57.8367],[-7.0922,57.8328],[-7.0836,57.8247],[-7.0658,57.8208],[-7.0289,57.8322],[-6.8303,57.9008],[-6.8342,57.9036],[-6.8794,57.9325],[-6.935,57.9497],[-6.9461,57.9528],[-6.985,57.9594],[-6.9928,57.9592],[-7.0219,57.9519],[-7.0297,57.9522],[-7.0356,57.9533],[-7.0753,57.9625],[-7.1128,57.9839],[-7.1139,57.9872],[-7.0842,58.008],[-7.0556,58.0203],[-7.0578,58.0364],[-7.0939,58.0705],[-7.1267,58.1233],[-7.1283,58.1303],[-7.1281,58.1347],[-7.0944,58.1819],[-7.0592,58.2203],[-7.0556,58.2233],[-7.0406,58.2333],[-7.0319,58.2381],[-7.0081,58.2353],[-7.0011,58.2344],[-6.9197,58.2161],[-6.9081,58.2128],[-6.9058,58.2097],[-6.9081,58.2061],[-6.9203,58.2036],[-6.9361,58.188],[-6.8742,58.1111],[-6.8681,58.1061],[-6.8619,58.1039],[-6.86,58.1081],[-6.8733,58.1786],[-6.8052,58.1959],[-6.7504,58.1852],[-6.7447,58.1972],[-6.7866,58.2294],[-6.8081,58.2597],[-6.8178,58.28],[-6.8156,58.2847],[-6.7978,58.3022],[-6.6731,58.3492],[-6.6583,58.3494],[-6.6522,58.3486],[-6.6469,58.3419],[-6.5603,58.3597],[-6.5503,58.3633],[-6.3553,58.4575],[-6.3106,58.4792],[-6.2928,58.4883],[-6.2769,58.5083],[-6.2722,58.5106],[-6.2669,58.5125],[-6.2597,58.5128],[-6.2531,58.5117],[-6.2444,58.5086],[-6.2347,58.5042],[-6.2233,58.4964],[-6.1661,58.4253],[-6.1658,58.4206],[-6.2042,58.3561]]]]}},{"type":"Feature","properties":{"NAME":null,"ABBREVN":null,"INFO_UR":null,"SUBJECTO":null,"BORDERPRECISION":1,"PARTOF":null},"geometry":{"type":"MultiPolygon","coordinates":[[[[-2.9183,58.7319],[-2.9394,58.73],[-2.9481,58.7306],[-2.9578,58.7347],[-2.9706,58.7419],[-2.98,58.7503],[-3.0369,58.8181],[-3.0336,58.8208],[-3.0289,58.8231],[-3.01,58.8317],[-3.0044,58.8331],[-2.9747,58.8353],[-2.9161,58.8389],[-2.8992,58.8383],[-2.8942,58.8369],[-2.8864,58.8319],[-2.8778,58.8242],[-2.8767,58.8203],[-2.9139,58.7339],[-2.9183,58.7319]]]]}},{"type":"Feature","properties":{"NAME":null,"ABBREVN":null,"INFO_UR":null,"SUBJECTO":null,"BORDERPRECISION":1,"PARTOF":null},"geometry":{"type":"MultiPolygon","coordinates":[[[[-3.2314,58.7756],[-3.2889,58.7756],[-3.2958,58.7761],[-3.3008,58.7781],[-3.4311,58.8714],[-3.4331,58.8747],[-3.4331,58.8789],[-3.4181,58.9042],[-3.4122,58.9106],[-3.3981,58.9172],[-3.3492,58.9269],[-3.3356,58.9275],[-3.2331,58.8872],[-3.2283,58.885],[-3.2147,58.8742],[-3.1364,58.8042],[-3.1347,58.8008],[-3.1369,58.7867],[-3.1417,58.7847],[-3.1603,58.7811],[-3.1808,58.7792],[-3.2314,58.7756]]]]}},{"type":"Feature","properties":{"NAME":null,"ABBREVN":null,"INFO_UR":null,"SUBJECTO":null,"BORDERPRECISION":1,"PARTOF":null},"geometry":{"type":"MultiPolygon","coordinates":[[[[-2.7931,58.9514],[-2.7558,58.9178],[-2.8244,58.8789],[-2.8692,58.8933],[-2.97,58.9394],[-3.0083,58.94],[-3.0572,58.9358],[-3.1106,58.9281],[-3.1197,58.9233],[-3.1197,58.9192],[-3.1722,58.9108],[-3.1883,58.91],[-3.195,58.9111],[-3.3033,58.9458],[-3.3133,58.95],[-3.3456,58.9658],[-3.3611,58.9922],[-3.3631,58.9956],[-3.3681,59.01],[-3.3681,59.0142],[-3.3514,59.1064],[-3.3503,59.11],[-3.3175,59.1294],[-3.2778,59.14],[-3.2722,59.1414],[-3.2389,59.1461],[-3.2189,59.1486],[-3.2025,59.1486],[-3.1958,59.1472],[-3.0769,59.1217],[-3.0731,59.1192],[-2.9983,59.0697],[-2.9953,59.0667],[-2.9958,59.0558],[-2.9472,58.9983],[-2.8522,58.9756],[-2.7931,58.9514]]]]}},{"type":"Feature","properties":{"NAME":null,"ABBREVN":null,"INFO_UR":null,"SUBJECTO":null,"BORDERPRECISION":1,"PARTOF":null},"geometry":{"type":"MultiPolygon","coordinates":[[[[-2.6814,59.1958],[-2.6858,59.1842],[-2.6897,59.1867],[-2.6917,59.19],[-2.6936,59.1975],[-2.6925,59.2103],[-2.6906,59.2144],[-2.6844,59.2208],[-2.5928,59.2906],[-2.5556,59.3031],[-2.5344,59.305],[-2.4144,59.3136],[-2.4072,59.3139],[-2.4022,59.3128],[-2.4,59.3103],[-2.3972,59.3033],[-2.3903,59.2831],[-2.39,59.2797],[-2.4956,59.245],[-2.5708,59.2422],[-2.5772,59.2422],[-2.6206,59.2361],[-2.625,59.2336],[-2.6814,59.1958]]]]}},{"type":"Feature","properties":{"NAME":null,"ABBREVN":null,"INFO_UR":null,"SUBJECTO":null,"BORDERPRECISION":1,"PARTOF":null},"geometry":{"type":"MultiPolygon","coordinates":[[[[-2.89,59.2953],[-2.8497,59.2681],[-2.8531,59.2494],[-2.8775,59.2286],[-2.8731,59.2519],[-2.8731,59.2561],[-2.8769,59.2586],[-2.9367,59.2836],[-2.9586,59.2878],[-2.9656,59.2881],[-2.9719,59.2872],[-2.9764,59.2847],[-2.9742,59.2814],[-2.9769,59.2728],[-2.9881,59.2642],[-2.9922,59.2617],[-2.9992,59.2611],[-3.0033,59.2636],[-3.0283,59.285],[-3.0736,59.3242],[-3.0756,59.3275],[-3.0764,59.3314],[-3.0717,59.3314],[-3.0489,59.3292],[-2.8972,59.2997],[-2.89,59.2953]]]]}},{"type":"Feature","properties":{"NAME":null,"ABBREVN":null,"INFO_UR":null,"SUBJECTO":null,"BORDERPRECISION":1,"PARTOF":null},"geometry":{"type":"MultiPolygon","coordinates":[[[[-1.2961,60.4911],[-1.2867,60.4711],[-1.1639,60.4544],[-1.0414,60.4469],[-1.0372,60.4442],[-1.0378,60.44],[-1.0661,60.3581],[-1.1011,60.2758],[-1.1642,60.2583],[-1.1658,60.2619],[-1.1869,60.2697],[-1.195,60.2708],[-1.1989,60.2678],[-1.2006,60.2633],[-1.1981,60.2558],[-1.1856,60.2306],[-1.1806,60.225],[-1.1575,60.1947],[-1.1261,60.1517],[-1.1256,60.1478],[-1.1286,60.1442],[-1.1467,60.1319],[-1.1531,60.133],[-1.1631,60.1375],[-1.1706,60.1372],[-1.1872,60.1272],[-1.2122,60.1028],[-1.2206,60.0225],[-1.2603,59.8622],[-1.2625,59.8583],[-1.2686,59.8511],[-1.3069,59.8575],[-1.3719,59.8917],[-1.3781,59.9022],[-1.3778,59.9064],[-1.3317,59.9969],[-1.33,60],[-1.3264,60.0044],[-1.3225,60.0075],[-1.3164,60.0089],[-1.3114,60.0067],[-1.3081,60.0089],[-1.3058,60.0128],[-1.2683,60.0936],[-1.2631,60.1069],[-1.2611,60.1158],[-1.2603,60.1242],[-1.2617,60.1308],[-1.285,60.22],[-1.2914,60.2414],[-1.4033,60.2558],[-1.4103,60.255],[-1.4142,60.2519],[-1.4103,60.2494],[-1.3875,60.2372],[-1.3636,60.2297],[-1.3531,60.2089],[-1.3583,60.1925],[-1.4486,60.1511],[-1.4536,60.1525],[-1.4906,60.1678],[-1.5203,60.1814],[-1.5272,60.1869],[-1.5278,60.1908],[-1.5267,60.1944],[-1.5197,60.2011],[-1.5889,60.2158],[-1.6478,60.2247],[-1.655,60.2261],[-1.6647,60.2308],[-1.6744,60.2394],[-1.6781,60.2464],[-1.6931,60.2797],[-1.6928,60.2839],[-1.6914,60.2883],[-1.6669,60.2997],[-1.6553,60.3031],[-1.6283,60.3072],[-1.5967,60.3081],[-1.5897,60.3064],[-1.4747,60.315],[-1.4458,60.3186],[-1.4269,60.3214],[-1.3458,60.34],[-1.3203,60.3564],[-1.4458,60.4605],[-1.5022,60.4697],[-1.5536,60.4756],[-1.5583,60.4731],[-1.565,60.4731],[-1.6097,60.4742],[-1.6117,60.4767],[-1.61,60.4814],[-1.5931,60.5078],[-1.5469,60.5358],[-1.4161,60.605],[-1.4106,60.6069],[-1.3019,60.6367],[-1.2958,60.6347],[-1.2942,60.6311],[-1.2875,60.6133],[-1.2961,60.4911]]]]}},{"type":"Feature","properties":{"NAME":null,"ABBREVN":null,"INFO_UR":null,"SUBJECTO":null,"BORDERPRECISION":1,"PARTOF":null},"geometry":{"type":"MultiPolygon","coordinates":[[[[-1.0294,60.4958],[-1.1047,60.4856],[-1.1275,60.4864],[-1.14,60.4894],[-1.1428,60.4925],[-1.1703,60.5272],[-1.1825,60.595],[-1.1836,60.6028],[-1.1814,60.6236],[-1.1794,60.6325],[-1.1772,60.6367],[-1.11,60.7258],[-1.0986,60.73],[-1.0925,60.7314],[-1.0847,60.7317],[-1.0569,60.7308],[-0.9967,60.7247],[-0.9911,60.72],[-0.9825,60.6555],[-0.9828,60.6514],[-1.0178,60.5194],[-1.0192,60.515],[-1.0233,60.5031],[-1.0256,60.4989],[-1.0294,60.4958]]]]}},{"type":"Feature","properties":{"NAME":null,"ABBREVN":null,"INFO_UR":null,"SUBJECTO":null,"BORDERPRECISION":1,"PARTOF":null},"geometry":{"type":"MultiPolygon","coordinates":[[[[-0.8197,60.6889],[-0.835,60.6733],[-0.9356,60.6744],[-0.9586,60.6825],[-0.9656,60.688],[-0.9597,60.7114],[-0.9389,60.7944],[-0.8831,60.8422],[-0.8783,60.8444],[-0.8061,60.8406],[-0.7728,60.8311],[-0.7678,60.8289],[-0.7581,60.8178],[-0.7572,60.8139],[-0.7636,60.7933],[-0.8197,60.6889]]]]}},{"type":"Feature","properties":{"NAME":null,"ABBREVN":null,"INFO_UR":null,"SUBJECTO":null,"BORDERPRECISION":1,"PARTOF":null},"geometry":{"type":"MultiPolygon","coordinates":[[[[-6.6553,61.3894],[-6.6603,61.3883],[-6.6681,61.3894],[-6.7192,61.4075],[-6.8458,61.468],[-6.9583,61.5986],[-6.9628,61.6192],[-6.96,61.6228],[-6.9447,61.6367],[-6.9264,61.6414],[-6.9122,61.6436],[-6.8894,61.645],[-6.7289,61.5758],[-6.7244,61.5733],[-6.7094,61.5583],[-6.6553,61.4331],[-6.6417,61.4008],[-6.6422,61.3972],[-6.6553,61.3894]]],[[[-6.6042,61.8217],[-6.63,61.7611],[-6.6389,61.7505],[-6.6522,61.7428],[-6.7047,61.7775],[-6.8361,61.8178],[-6.8411,61.8175],[-6.8661,61.8375],[-6.9089,61.9011],[-6.9083,61.9047],[-6.9047,61.9078],[-6.8644,61.9075],[-6.8558,61.9069],[-6.7833,61.8969],[-6.7769,61.8953],[-6.6614,61.8589],[-6.6522,61.8539],[-6.6042,61.8261],[-6.6042,61.8217]]],[[[-7.0497,62.0678],[-7.055,62.0603],[-7.0628,62.0494],[-7.1653,62.0236],[-7.1858,62.0197],[-7.2017,62.0186],[-7.1917,62.0311],[-7.1922,62.0397],[-7.1936,62.0433],[-7.1983,62.05],[-7.2119,62.0575],[-7.2267,62.0644],[-7.2325,62.0647],[-7.2333,62.0603],[-7.2511,62.0428],[-7.3456,62.0522],[-7.3522,62.0539],[-7.3781,62.065],[-7.3817,62.0681],[-7.4311,62.1161],[-7.4339,62.1236],[-7.4344,62.1278],[-7.435,62.1403],[-7.4336,62.1436],[-7.4264,62.1447],[-7.2311,62.16],[-7.2233,62.1594],[-7.1631,62.1288],[-7.0561,62.0986],[-7.045,62.0944],[-7.0414,62.0914],[-7.0403,62.0878],[-7.0411,62.0831],[-7.0497,62.0678]]],[[[-6.7069,61.9375],[-6.7178,61.9333],[-6.7253,61.9344],[-6.7731,61.95],[-6.8692,61.9975],[-6.9611,62.0467],[-7.0346,62.1121],[-7.1303,62.1256],[-7.2322,62.1725],[-7.2347,62.1758],[-7.235,62.18],[-7.2336,62.1933],[-7.2328,62.1981],[-7.2108,62.2847],[-7.1956,62.3047],[-7.1922,62.3078],[-7.135,62.3039],[-7.1281,62.3022],[-7.0875,62.2908],[-7.0706,62.2847],[-7.0658,62.2822],[-7.0625,62.2792],[-7.0575,62.2725],[-7.0522,62.2575],[-7.045,62.2433],[-7.0425,62.24],[-7.0367,62.2336],[-6.9908,62.1931],[-6.9739,62.1825],[-6.9458,62.1681],[-6.9164,62.1539],[-6.8414,62.1244],[-6.735,62.0436],[-6.7247,62.035],[-6.7189,62.0286],[-6.6964,61.9794],[-6.6961,61.9753],[-6.7025,61.9403],[-6.7069,61.9375]]],[[[-6.62,62.2297],[-6.6236,62.2267],[-6.6322,62.2275],[-6.6581,62.2344],[-6.6814,62.2425],[-6.6858,62.245],[-6.7117,62.2939],[-6.7208,62.3314],[-6.6322,62.2592],[-6.6256,62.2533],[-6.6203,62.2381],[-6.6192,62.2344],[-6.62,62.2297]]],[[[-6.6575,62.0925],[-6.6575,62.0558],[-6.6697,62.0586],[-6.7528,62.0928],[-6.9219,62.1672],[-6.9481,62.1825],[-6.9642,62.1933],[-7.0111,62.2264],[-7.025,62.2378],[-7.0294,62.2444],[-7.0625,62.2958],[-7.0603,62.3136],[-6.9581,62.3392],[-6.9503,62.3381],[-6.9381,62.3342],[-6.8072,62.2903],[-6.735,62.26],[-6.6011,62.1969],[-6.5978,62.1942],[-6.5881,62.1342],[-6.6497,62.1025],[-6.6542,62.0997],[-6.6569,62.0961],[-6.6575,62.0925]]],[[[-6.4186,62.1839],[-6.5181,62.1689],[-6.5272,62.1739],[-6.5556,62.1969],[-6.5725,62.2117],[-6.5819,62.225],[-6.5881,62.2397],[-6.5509,62.251],[-6.549,62.3009],[-6.5744,62.3499],[-6.5417,62.3575],[-6.5367,62.3425],[-6.5222,62.3181],[-6.4928,62.2914],[-6.4889,62.2883],[-6.43,62.2689],[-6.3978,62.26],[-6.3922,62.258],[-6.3889,62.255],[-6.3886,62.2508],[-6.3897,62.2461],[-6.4072,62.1917],[-6.4086,62.1886],[-6.4122,62.1853],[-6.4186,62.1839]]],[[[-6.5858,62.2564],[-6.595,62.2561],[-6.6083,62.2586],[-6.6131,62.2611],[-6.62,62.2669],[-6.6644,62.3225],[-6.6681,62.3297],[-6.6683,62.3339],[-6.6667,62.3472],[-6.6658,62.3519],[-6.6608,62.3725],[-6.6547,62.3742],[-6.6458,62.3742],[-6.6381,62.3731],[-6.6322,62.3708],[-6.5736,62.3064],[-6.5664,62.2964],[-6.5614,62.2814],[-6.5611,62.2769],[-6.5617,62.2733],[-6.5656,62.2653],[-6.5725,62.2589],[-6.5858,62.2564]]],[[[-6.4061,62.2844],[-6.415,62.2844],[-6.4228,62.2856],[-6.4803,62.2978],[-6.4886,62.3075],[-6.5469,62.3836],[-6.5453,62.3869],[-6.5308,62.3942],[-6.5253,62.3961],[-6.5192,62.3969],[-6.4983,62.3864],[-6.4892,62.3814],[-6.3917,62.2969],[-6.4061,62.2844]]]]}},{"type":"Feature","properties":{"NAME":null,"ABBREVN":null,"INFO_UR":null,"SUBJECTO":null,"BORDERPRECISION":1,"PARTOF":null},"geometry":{"type":"MultiPolygon","coordinates":[[[[-4.7778,54.0555],[-4.7839,54.0569],[-4.7875,54.0594],[-4.7886,54.063],[-4.7886,54.0672],[-4.7139,54.2144],[-4.7103,54.2172],[-4.6989,54.2192],[-4.6458,54.2381],[-4.6414,54.24],[-4.625,54.2489],[-4.6181,54.2542],[-4.6019,54.2678],[-4.5958,54.2739],[-4.5881,54.2836],[-4.5781,54.2969],[-4.5547,54.3311],[-4.5533,54.3353],[-4.5528,54.3439],[-4.5414,54.3561],[-4.5275,54.3672],[-4.485,54.3872],[-4.4431,54.398],[-4.3681,54.4167],[-4.3603,54.4161],[-4.3542,54.4108],[-4.3528,54.4092],[-4.3083,54.3006],[-4.3075,54.2969],[-4.3094,54.2933],[-4.3217,54.2767],[-4.3861,54.1955],[-4.3944,54.1864],[-4.4706,54.1375],[-4.4911,54.1267],[-4.5506,54.0978],[-4.6239,54.0686],[-4.6844,54.0769],[-4.6906,54.0783],[-4.7047,54.0797],[-4.7208,54.0761],[-4.7778,54.0555]]]]}},{"type":"Feature","properties":{"NAME":"Kimek-Kipchak khaganate","ABBREVN":"Kimek-Kipchak khaganate","INFO_UR":null,"SUBJECTO":"Kimek-Kipchak khaganate","BORDERPRECISION":1,"PARTOF":"Kimek-Kipchak khaganate"},"geometry":{"type":"MultiPolygon","coordinates":[[[[99.8687,48.6089],[79.1337,46.6498],[74.8379,46.3889],[73.5744,45.8635],[69.6576,42.7916],[61.6342,47.209],[61.9593,48.8814],[55.7543,51.0842],[55.0619,51.1498],[55.7091,57.1977],[55.9774,57.137],[59.0943,56.4318],[59.19,56.4102],[65.3116,55.0466],[78.3622,56.4102],[93.7,56.4846],[98.3845,55.5188],[99.8687,48.6089]]]]}},{"type":"Feature","properties":{"NAME":"Byzantine Empire","ABBREVN":"Byzantine E.","INFO_UR":null,"SUBJECTO":"Byzantine Empire","BORDERPRECISION":1,"PARTOF":"Byzantine Empire"},"geometry":{"type":"MultiPolygon","coordinates":[[[[27.7225,42.3162],[27.7377,42.247],[27.9134,42.0781],[27.918,41.9777],[28.0262,41.8824],[28.0182,41.7532],[28.0698,41.625],[28.1044,41.593],[28.3715,41.4331],[28.7402,41.3248],[29.0124,41.2548],[29.0811,41.2005],[28.9645,40.9892],[28.8278,40.9147],[28.5962,40.947],[28.1733,41.0579],[28.0264,41.0262],[27.9322,40.9575],[27.4742,40.9628],[27.313,40.7899],[27.2638,40.6672],[26.8889,40.5247],[26.6136,40.398],[26.5139,40.282],[26.3759,40.2134],[26.2552,40.0816],[26.1409,40.0447],[26.2143,40.1607],[26.2228,40.224],[26.1948,40.3031],[26.4575,40.435],[26.5565,40.4983],[26.4548,40.5843],[26.4181,40.5778],[26.124,40.6028],[26.0207,40.6693],[25.9929,40.8525],[25.6357,40.8774],[25.3011,40.8959],[25.0463,40.9523],[25.0189,41.0171],[24.8121,40.9334],[24.7007,40.8783],[24.5191,40.8731],[24.505,40.9841],[24.3543,40.971],[24.2191,40.8297],[24.0252,40.7464],[23.886,40.7329],[23.7484,40.8044],[23.6347,40.7728],[23.633,40.7132],[23.7091,40.63],[23.7852,40.4772],[23.9237,40.4508],[24.2954,40.1765],[24.2206,40.1448],[24.0548,40.2609],[24.0478,40.3084],[23.9235,40.3453],[23.7748,40.3928],[23.7222,40.3482],[23.6272,40.3453],[23.6588,40.2873],[23.6517,40.2292],[23.8037,40.1554],[23.8687,40.1607],[23.9201,40.0552],[23.9066,39.9972],[23.796,39.9867],[23.5958,40.1923],[23.4425,40.2556],[23.3491,40.282],[23.2918,40.2873],[23.2931,40.2451],[23.2591,40.2292],[23.321,40.1554],[23.3668,40.1079],[23.4365,40.0447],[23.5233,40.0183],[23.5922,40.0025],[23.6386,39.9603],[23.5969,39.9341],[23.3744,39.9551],[23.2605,39.9709],[23.2763,40.0499],[23.2148,40.1818],[23.1411,40.2662],[22.9602,40.3147],[22.7481,40.4825],[22.8639,40.5352],[22.8755,40.5963],[22.8519,40.6513],[22.77,40.6672],[22.7013,40.5774],[22.4921,40.4983],[23.2672,42.0489],[23.7307,42.1754],[27.4947,42.4009],[27.6079,42.4168],[27.7225,42.3162]]],[[[28.4698,36.7383],[28.2669,36.7124],[28.0142,36.5272],[27.9119,36.6989],[27.9419,36.7563],[28.051,36.833],[27.9988,36.9094],[27.5535,36.9148],[27.3081,36.9207],[27.2686,37.0417],[27.5256,37.1314],[27.4925,37.2397],[27.3646,37.3286],[27.1604,37.3601],[27.1226,37.4939],[27.1411,37.6469],[27.1798,37.7744],[27.1398,37.8891],[26.9614,37.9461],[26.6793,38.1049],[26.5123,38.0663],[26.3932,38.1044],[26.3916,38.2191],[26.4687,38.4448],[26.5274,38.4182],[26.7425,38.2784],[26.9974,38.4001],[26.8197,38.5273],[26.8288,38.583],[26.6957,38.6408],[26.7095,38.6986],[26.9664,38.7699],[27.0349,38.8211],[27.0042,38.8848],[26.9368,38.9246],[26.7853,38.9403],[26.7898,39.0244],[26.8708,39.056],[26.7971,39.1296],[26.7079,39.1821],[26.7041,39.2505],[26.6022,39.2557],[26.7202,39.3372],[26.8535,39.4608],[26.9262,39.4765],[26.9575,39.5483],[26.8043,39.5672],[26.5462,39.5133],[26.139,39.4397],[26.0641,39.4555],[26.0849,39.604],[26.1419,39.6606],[26.1407,39.75],[26.1276,39.8786],[26.186,39.9972],[26.3203,39.9919],[26.4031,40.1765],[26.4817,40.187],[26.7653,40.3769],[26.9965,40.3717],[27.0561,40.4297],[27.2718,40.4508],[27.3292,40.3558],[27.4496,40.3098],[27.526,40.2971],[27.7639,40.2873],[27.8302,40.3453],[27.7998,40.4033],[27.6793,40.4614],[27.8078,40.5036],[27.9538,40.4877],[28.0065,40.4508],[27.9082,40.3506],[28.004,40.3621],[28.4777,40.3951],[28.7564,40.3765],[28.9268,40.3558],[29.0524,40.3347],[29.1223,40.4139],[29.0835,40.4561],[28.8732,40.4719],[28.778,40.5247],[28.9016,40.6201],[29.5252,40.6883],[29.7131,40.6936],[29.8827,40.7464],[29.6834,40.7516],[29.4172,40.7411],[29.3204,40.7411],[29.2896,40.8067],[29.0145,40.9787],[29.1612,41.2164],[29.5778,41.1534],[30.1376,41.1318],[30.2561,41.1847],[30.7448,41.0403],[31.2177,41.0541],[31.4041,41.1635],[31.3857,41.285],[31.6664,41.3948],[31.8713,41.4914],[32.419,41.7492],[32.6879,41.846],[33.1555,41.9496],[33.5555,41.9825],[33.8967,41.9511],[34.3039,41.8941],[34.6629,41.8756],[35.0019,42.0432],[35.0988,41.8059],[35.2861,41.6715],[35.4114,41.6268],[35.6779,41.6209],[35.9578,41.6856],[36.1614,41.3525],[36.3829,41.2375],[36.6412,41.315],[36.817,41.2897],[37.2528,41.0277],[37.8218,41.0096],[38.314,40.9209],[38.6512,40.9216],[39.1386,41.0443],[39.3702,41.064],[39.663,41.0005],[40.0067,40.9563],[40.361,40.9634],[40.6099,41.028],[41.2931,41.2858],[41.484,41.4365],[41.5163,41.462],[42.6711,40.6593],[42.3137,39.9842],[42.0187,39.1835],[41.808,38.6779],[41.0074,38.3408],[39.6168,37.8351],[37.5942,37.1609],[37.3835,36.6131],[37.0263,35.7499],[36.8778,35.3911],[35.8519,34.4929],[35.7508,34.7468],[35.8089,35.0138],[35.8414,35.0426],[35.7964,35.2707],[35.6073,35.4175],[35.664,35.4595],[35.6804,35.5277],[35.7332,35.5854],[35.6914,35.685],[35.7395,35.6903],[35.8559,35.8345],[35.8291,35.8848],[35.7185,36.0916],[35.6649,36.1335],[35.7086,36.2122],[35.8141,36.2985],[35.8172,36.301],[36.0953,36.4825],[36.1045,36.5612],[36.0824,36.6215],[35.9568,36.7475],[35.8909,36.7711],[35.6717,36.6058],[35.5676,36.5874],[35.5062,36.5586],[35.5476,36.5402],[35.4946,36.4431],[35.4171,36.4326],[35.3887,36.4536],[35.3542,36.4142],[35.2205,36.388],[35.0714,36.4877],[34.8699,36.5769],[34.6624,36.6478],[34.4851,36.6268],[34.1032,36.3803],[33.9517,36.2516],[33.9541,36.1598],[33.891,36.1388],[33.8359,36.1073],[33.8337,36.0706],[33.7532,36.1466],[33.4817,36.0543],[33.1713,35.9709],[32.9041,35.9767],[32.6403,36.008],[32.335,36.1284],[31.902,36.4969],[31.3707,36.7123],[30.9053,36.7942],[30.5936,36.7617],[30.5401,36.647],[30.4967,36.373],[30.4728,36.1883],[30.3949,36.118],[30.2799,36.1178],[30.1661,36.1876],[29.662,36.0783],[29.4719,36.0907],[29.2982,36.1731],[29.0023,36.6948],[28.8135,36.5352],[28.4698,36.7383]]],[[[24.6901,35.0924],[24.3244,35.2078],[24.0132,35.2104],[23.7856,35.2629],[23.5677,35.255],[23.5131,35.276],[23.4669,35.3179],[23.5294,35.5696],[23.6715,35.5722],[23.6691,35.6116],[23.6651,35.6667],[23.6967,35.6981],[23.7337,35.6273],[23.7429,35.5618],[23.8795,35.5524],[23.9568,35.5277],[24.039,35.5618],[24.0333,35.5985],[24.0819,35.6116],[24.1527,35.5644],[24.1358,35.5224],[24.0915,35.5198],[24.0733,35.4962],[24.1132,35.4857],[24.1777,35.47],[24.2197,35.449],[24.2296,35.3913],[24.3883,35.373],[24.7686,35.428],[24.9975,35.421],[25.0136,35.3625],[25.1001,35.3467],[25.374,35.3179],[25.5116,35.2948],[25.6732,35.3494],[25.7135,35.327],[25.6685,35.1868],[25.7418,35.137],[25.789,35.137],[25.9355,35.213],[26.0642,35.2392],[26.0994,35.2156],[26.1688,35.2471],[26.2735,35.3127],[26.236,35.2288],[26.2427,35.1449],[26.1605,35.0243],[25.8987,35.0453],[25.7417,35.0089],[25.5907,35.0164],[24.6935,34.9405],[24.7156,35.0348],[24.6901,35.0924]]],[[[22.8134,39.6027],[23.0742,39.4135],[23.2361,39.2032],[23.1585,39.1401],[23.0519,39.1033],[23.0998,39.1874],[23.0453,39.2715],[22.9813,39.3293],[22.919,39.3451],[22.8509,39.3661],[22.7203,39.2873],[22.7661,39.2028],[22.8349,39.1664],[22.8711,39.0243],[22.7842,38.9403],[22.4905,38.8769],[22.6023,38.8562],[22.7233,38.7932],[22.8994,38.7669],[22.9842,38.667],[23.0998,38.6723],[23.1695,38.667],[23.191,38.6103],[23.3562,38.4895],[23.4938,38.4831],[23.5558,38.3518],[23.6828,38.3465],[23.8039,38.3465],[23.9607,38.2099],[23.967,38.1521],[23.88,38.1154],[23.9873,37.7634],[23.9182,37.6846],[23.8355,37.6846],[23.7337,37.8579],[23.6341,37.879],[23.5407,38.0041],[23.4957,38.0681],[23.4193,38.0681],[23.1958,38.005],[22.9806,37.9578],[22.8981,37.9],[23.04,37.858],[23.0454,37.7736],[23.0489,37.6426],[23.1514,37.5901],[23.2205,37.6018],[23.3217,37.6374],[23.3122,37.5481],[23.4181,37.4693],[23.185,37.4273],[23.1858,37.3748],[23.1096,37.3466],[22.971,37.3853],[23.0253,37.4798],[22.9421,37.5184],[22.7133,37.5434],[22.6423,37.5849],[22.6387,37.4923],[22.7262,37.2885],[22.8133,37.2121],[22.7931,37.1386],[22.8869,37.0467],[22.9826,36.6148],[22.6736,36.7543],[22.5244,36.7221],[22.3903,36.5244],[22.1914,36.8552],[21.9842,37.0205],[21.7809,36.8225],[21.5882,36.9814],[21.5314,37.1151],[21.6265,37.3065],[21.6137,37.4148],[21.5173,37.5358],[21.2963,37.7265],[21.2211,37.8284],[21.2284,37.9049],[21.4405,38.1795],[21.7145,38.1354],[21.9058,38.2697],[21.9967,38.2508],[22.7472,37.9526],[22.8987,37.9976],[23.1163,38.1574],[22.9967,38.1793],[22.8756,38.2046],[22.3337,38.4267],[21.8265,38.464],[21.6613,38.4381],[21.3645,38.412],[21.1724,38.3478],[20.7718,38.8509],[20.8926,38.8958],[21.0065,38.8705],[21.1047,38.9218],[21.1595,39.0048],[21.0072,39.113],[20.9011,39.0617],[20.6778,39.0804],[20.2118,39.4049],[20.1224,39.551],[20.0908,39.6025],[21.5816,39.6892],[22.6951,39.8345],[22.7545,39.8183],[22.8134,39.6027]]],[[[16.1874,41.8409],[16.1984,41.7457],[15.9891,41.6346],[15.8733,41.5021],[15.991,41.4061],[16.4203,41.2787],[16.946,41.0938],[17.3193,40.9293],[18.0339,40.5967],[18.0599,40.5135],[18.3836,40.3078],[18.5226,40.0941],[18.4337,39.8984],[18.3649,39.7467],[18.1601,39.8731],[18.0171,39.9479],[17.9677,40.1669],[17.8496,40.2435],[17.6191,40.2878],[17.4017,40.2919],[17.2042,40.3979],[17.2428,40.4958],[17.0841,40.5251],[16.9487,40.4811],[16.8441,40.3631],[16.7276,40.1836],[16.6044,40.0899],[16.6239,39.9678],[16.535,39.8316],[16.5321,39.6975],[16.874,39.5437],[17.1491,39.4218],[17.1074,39.2805],[17.121,39.086],[17.1807,39.0222],[17.0947,38.915],[16.7977,38.9259],[16.6133,38.8273],[16.5222,38.725],[16.572,38.4571],[16.3307,38.3207],[16.0529,37.9312],[15.7852,37.9097],[15.7102,37.9414],[15.6275,38.0042],[15.6266,38.2331],[15.7909,38.2964],[15.9335,38.5399],[15.8273,38.6227],[15.9898,38.7348],[16.1522,38.7013],[16.2122,38.778],[16.1772,38.931],[16.0826,39.0125],[15.9896,39.4284],[15.8247,39.6606],[15.757,39.9336],[15.6662,40.0919],[15.7665,40.5741],[15.598,41.0798],[15.4486,41.8567],[16.0128,41.9043],[16.1874,41.8409]]],[[[35.5996,45.1017],[35.3867,45.0819],[35.0673,44.8617],[34.6142,44.8415],[34.3722,44.7572],[34.3319,44.5436],[33.9555,44.3811],[33.6239,44.4522],[33.3955,44.6005],[33.5544,44.6236],[33.528,44.8718],[35.042,45.3722],[35.0634,45.3401],[35.1777,45.3316],[35.2764,45.3021],[35.399,45.2554],[35.4391,45.2754],[35.4262,45.295],[35.3585,45.3319],[35.5462,45.3799],[35.6626,45.4049],[35.7118,45.0719],[35.5996,45.1017]]]]}},{"type":"Feature","properties":{"NAME":"Volga Bulgars","ABBREVN":"Volga Bulgars","INFO_UR":null,"SUBJECTO":"Volga Bulgars","BORDERPRECISION":1,"PARTOF":"Bulgars"},"geometry":{"type":"MultiPolygon","coordinates":[[[[41.2391,59.8848],[44.4505,58.9364],[48.6079,57.7086],[53.9765,57.7086],[53.9245,57.6014],[55.7091,57.1977],[55.0619,51.1498],[50.8651,51.5475],[45.4019,52.065],[44.826,52.1196],[40.0283,52.4776],[42.1708,56.399],[41.2391,59.8848]],[[48.4681,54.1244],[48.3873,54.168],[48.378,54.2312],[48.3987,54.3367],[48.4046,54.4525],[48.4158,54.5972],[48.5515,54.6522],[48.7451,54.675],[48.8082,54.7329],[48.8315,54.8037],[48.8638,54.8708],[48.8595,55.0116],[48.9769,55.074],[49.1595,55.1631],[49.1723,55.2927],[49.1035,55.3529],[49.0477,55.4428],[49.059,55.4827],[49.1195,55.4759],[49.1889,55.3812],[49.2335,55.3379],[49.3033,55.3234],[49.358,55.3391],[49.3281,55.3789],[49.3319,55.4516],[49.329,55.5178],[49.3674,55.5444],[49.3677,55.5243],[49.3713,55.4648],[49.4549,55.4036],[49.5828,55.3902],[49.7883,55.3835],[49.9999,55.415],[50.0896,55.4628],[50.2248,55.4384],[50.3791,55.4305],[50.4814,55.46],[50.6752,55.4506],[50.8339,55.4795],[51.1258,55.5011],[51.255,55.5262],[51.3311,55.4989],[51.3534,55.4956],[51.4139,55.4944],[51.4691,55.5113],[51.4666,55.5898],[51.398,55.6849],[51.4137,55.7745],[51.4481,55.8123],[51.4803,55.8327],[51.4716,55.795],[51.4608,55.701],[51.5215,55.6323],[51.635,55.6459],[51.7635,55.7205],[51.8747,55.7036],[51.9365,55.6991],[51.8858,55.6708],[51.7996,55.6839],[51.7484,55.6753],[51.7277,55.643],[51.7145,55.5928],[51.615,55.5654],[51.5502,55.5584],[51.5237,55.503],[51.4104,55.441],[51.2059,55.4887],[51.1742,55.4635],[51.1984,55.4412],[51.2188,55.4001],[51.1843,55.3574],[51.1298,55.393],[51.0711,55.415],[50.8771,55.4521],[50.7636,55.4289],[50.7345,55.4071],[49.892,55.2937],[49.8107,55.2437],[49.6925,55.1907],[49.5232,55.1339],[49.4607,55.1141],[49.4521,55.0736],[49.4455,55.0516],[49.3961,55.0161],[49.3197,55.0138],[49.2244,55.0233],[49.1364,54.9979],[49.0085,54.9701],[48.9398,54.9017],[48.9693,54.8281],[49.0303,54.8087],[49.0979,54.8005],[49.0807,54.7757],[48.9863,54.7276],[48.9761,54.6669],[48.9731,54.6412],[48.9426,54.6166],[48.8955,54.5815],[48.9088,54.5496],[48.895,54.528],[48.863,54.501],[48.8641,54.4623],[48.7865,54.4474],[48.6313,54.435],[48.5296,54.3942],[48.4994,54.3344],[48.5494,54.2405],[48.659,54.1709],[48.7559,54.1503],[48.798,54.1308],[48.8089,54.0987],[48.8477,54.0454],[49.0203,54.0152],[49.2752,54.0707],[49.3953,54.1198],[49.5633,54.1794],[49.7273,54.2251],[49.7422,54.1907],[49.6664,54.1594],[49.5368,54.1267],[49.4412,54.0377],[49.3088,53.973],[49.2179,53.9344],[49.2191,53.878],[49.2697,53.818],[49.3202,53.7913],[49.3507,53.7702],[49.3718,53.7305],[49.3689,53.6948],[49.3445,53.6982],[49.3104,53.7223],[49.2793,53.7281],[49.1898,53.8074],[49.1268,53.8248],[49.0911,53.7939],[49.0719,53.7133],[49.063,53.6066],[49.0867,53.534],[49.2467,53.5021],[49.5608,53.4988],[49.8816,53.4856],[49.9048,53.4567],[49.8519,53.426],[49.4947,53.436],[49.3161,53.4022],[49.2577,53.3521],[49.2299,53.2842],[49.0941,53.2696],[48.8008,53.2806],[48.7594,53.3238],[48.9248,53.309],[49.1365,53.3089],[49.2059,53.3375],[49.205,53.3676],[49.1064,53.405],[48.9919,53.4398],[49.0088,53.4597],[48.9559,53.5354],[48.8654,53.6477],[48.8768,53.7543],[48.9031,53.8275],[48.8828,53.8659],[48.8134,53.9387],[48.6612,54.0379],[48.5668,54.0975],[48.4681,54.1244]]]]}},{"type":"Feature","properties":{"NAME":"Duchy of Swabia","ABBREVN":"Swabia","INFO_UR":"https://en.wikipedia.org/wiki/Duchy_of_Swabia","SUBJECTO":"Holy Roman Empire","BORDERPRECISION":1,"PARTOF":"Holy Roman Empire"},"geometry":{"type":"MultiPolygon","coordinates":[[[[7.8134,47.4622],[8.5104,48.7206],[9.9912,48.8162],[10.6599,47.6936],[10.0628,46.4756],[8.475,46.4085],[8.4111,47.4622],[7.8134,47.4622]],[[9.0963,47.666],[9.0902,47.673],[9.0657,47.6742],[8.9835,47.67],[8.961,47.6568],[8.9065,47.6447],[8.8598,47.6572],[8.8942,47.652],[8.9357,47.659],[8.9946,47.6844],[9.0063,47.6948],[8.9943,47.7067],[8.94,47.7262],[8.9592,47.7374],[9.014,47.7196],[8.9872,47.7434],[9.1009,47.7024],[9.109,47.6902],[9.0845,47.6897],[9.0482,47.7083],[9.0433,47.6935],[9.0814,47.6832],[9.1125,47.6857],[9.1243,47.6707],[9.2179,47.6663],[9.2115,47.6828],[9.1881,47.6993],[9.2013,47.7074],[9.1798,47.7046],[9.1737,47.7344],[9.0669,47.7795],[9.0306,47.805],[9.043,47.8176],[9.1057,47.7925],[9.1324,47.7723],[9.2258,47.7394],[9.2372,47.7115],[9.2878,47.6838],[9.3476,47.6609],[9.4212,47.666],[9.4661,47.648],[9.4882,47.6515],[9.5023,47.6464],[9.5339,47.5968],[9.5634,47.5847],[9.6009,47.5853],[9.6067,47.5725],[9.6282,47.5704],[9.6532,47.5562],[9.6802,47.5563],[9.6803,47.5427],[9.7124,47.5506],[9.7524,47.5108],[9.7428,47.5046],[9.6992,47.5063],[9.6781,47.4888],[9.6658,47.496],[9.6478,47.4881],[9.6413,47.5071],[9.5984,47.4873],[9.561,47.5005],[9.5299,47.4814],[9.4819,47.4817],[9.4662,47.4963],[9.4358,47.5065],[9.4374,47.5189],[9.3868,47.5443],[9.3824,47.5712],[9.3001,47.6107],[9.1912,47.648],[9.1779,47.6643],[9.0963,47.666]]]]}},{"type":"Feature","properties":{"NAME":"Poland","ABBREVN":"Poland","INFO_UR":null,"SUBJECTO":"Poland","BORDERPRECISION":1,"PARTOF":"Poland"},"geometry":{"type":"MultiPolygon","coordinates":[[[[14.6798,50.9092],[14.7289,51.1306],[14.1341,52.4089],[13.6071,52.316],[13.5696,53.2203],[13.4347,54.0311],[13.6676,54.0842],[13.7378,54.0303],[13.7643,53.8772],[13.7805,53.7752],[13.8502,53.7293],[14.0097,53.6732],[14.1769,53.6834],[14.1896,53.6248],[14.2802,53.6134],[14.3782,53.6011],[14.4332,53.5942],[14.5371,53.5382],[14.4953,53.6248],[14.5653,53.6936],[14.5569,53.7599],[14.4825,53.8185],[14.4729,53.8768],[14.4674,53.9104],[14.5802,53.929],[14.8858,53.9796],[15.0797,54.0025],[15.3117,54.071],[15.8984,54.1284],[16.1147,54.1996],[16.4732,54.415],[16.9759,54.5493],[17.6576,54.6855],[18.2794,54.7241],[18.7595,54.5364],[18.3629,54.6689],[18.3385,54.6026],[18.4538,54.5254],[18.5132,54.3158],[18.6731,54.2551],[18.6849,54.254],[18.965,54.2276],[19.1178,54.2537],[19.4314,53.3834],[19.565,53.4598],[20.0783,53.6651],[20.0783,53.5111],[20.3863,53.5111],[20.4282,53.7781],[20.7094,53.7581],[20.8098,53.6376],[21.1049,53.8191],[21.4643,53.8191],[24.1694,54.2802],[24.3483,51.905],[24.3065,51.7797],[24.1445,51.2936],[24.132,48.8111],[21.7707,49.5917],[21.7707,49.743],[21.7681,49.7437],[21.3169,49.864],[21.2866,49.7732],[21.1353,49.8337],[20.984,49.743],[20.8933,49.8337],[20.8025,49.8337],[20.8933,49.743],[20.6815,49.6522],[20.5302,49.8035],[20.3487,49.743],[20.0159,49.8035],[19.8949,49.4707],[19.7133,49.5312],[19.5621,49.5312],[19.5621,49.7127],[19.3805,49.8035],[19.1385,49.7127],[19.1082,49.5917],[18.9267,49.622],[18.5222,49.5611],[18.4785,49.4999],[14.6798,50.9092]]],[[[14.1742,53.9068],[14.2054,53.8132],[14.1454,53.8265],[14.0684,53.8435],[14.0287,53.8655],[13.8278,53.8297],[13.7774,53.9486],[13.7784,54.0444],[14.0699,53.9178],[14.1742,53.9068]]],[[[14.2272,53.9095],[14.3053,53.915],[14.4248,53.915],[14.4729,53.8768],[14.4591,53.8187],[14.3339,53.8297],[14.2479,53.816],[14.2272,53.9095]]]]}},{"type":"Feature","properties":{"NAME":"Prussians","ABBREVN":"Prussians","INFO_UR":null,"SUBJECTO":"Prussians","BORDERPRECISION":1,"PARTOF":"Prussians"},"geometry":{"type":"MultiPolygon","coordinates":[[[[21.0319,55.6143],[25.1976,54.8311],[24.1694,54.2802],[21.4643,53.8191],[21.1049,53.8191],[20.8098,53.6376],[20.7094,53.7581],[20.4282,53.7781],[20.3863,53.5111],[20.0783,53.5111],[20.0783,53.6651],[19.565,53.4598],[19.4314,53.3834],[19.1178,54.2537],[19.255,54.2772],[19.7336,54.4612],[19.7577,54.4592],[19.3176,54.2717],[19.2321,54.2221],[19.2303,54.167],[19.3281,54.1615],[19.4568,54.2166],[19.5704,54.2551],[19.7331,54.3103],[19.9146,54.3947],[19.9775,54.4239],[20.1886,54.522],[20.3267,54.564],[20.1942,54.575],[20.0057,54.5475],[19.9381,54.6082],[19.8818,54.5254],[19.8332,54.5309],[19.8632,54.7517],[19.9426,54.8499],[20.1271,54.8456],[20.7972,54.818],[20.9852,54.8116],[21.1373,54.8455],[21.1919,54.9596],[21.1133,55.0892],[21.2239,55.1114],[21.1931,55.1664],[21.1623,55.2214],[21.143,55.2558],[21.2009,55.2614],[21.2163,55.3437],[21.0319,55.6143]]]]}},{"type":"Feature","properties":{"NAME":"Baltic Tribes","ABBREVN":"Baltic Tribes","INFO_UR":null,"SUBJECTO":"Baltic Tribes","BORDERPRECISION":1,"PARTOF":"Baltic Tribes"},"geometry":{"type":"MultiPolygon","coordinates":[[[[21.0185,55.634],[21.0148,55.6971],[20.996,56.0241],[20.9454,56.07],[20.916,56.0967],[20.9195,56.1367],[22.6311,56.2761],[23.526,56.884],[23.7678,56.8659],[24.1584,56.9755],[24.2663,57.0301],[24.3465,57.1597],[24.3229,57.3369],[24.2362,57.7282],[24.3254,57.8375],[24.3456,57.8622],[24.4156,57.9479],[24.4144,58.1059],[24.4887,58.2026],[24.4968,58.2132],[24.3311,58.3079],[24.0584,58.1115],[23.9081,58.2244],[23.6709,58.2414],[23.6905,58.6655],[23.5119,58.5809],[23.3608,58.7674],[23.432,58.8581],[23.3379,58.9724],[23.457,59.0055],[23.4158,59.119],[23.5702,59.1381],[24.0321,59.1757],[24.0296,59.2354],[24.2819,59.2841],[24.3416,59.3689],[24.5376,59.3234],[24.5709,59.3743],[24.7138,59.3518],[24.7512,59.4485],[25.2483,59.3618],[25.4488,59.494],[25.49,59.42],[25.7211,59.4598],[26.3433,59.4466],[26.8619,59.3717],[26.999,59.3177],[27.2651,59.338],[27.5246,59.314],[27.5702,58.999],[27.5237,59.0069],[27.2981,58.9949],[27.1073,58.9542],[26.9741,58.8843],[26.9664,58.8056],[27.1567,58.6479],[27.2366,58.4522],[27.3239,58.4019],[27.4255,58.3031],[27.4727,58.2167],[27.4971,58.1841],[27.6238,58.0143],[27.6783,58.0185],[27.7133,58.0106],[27.9593,56.311],[25.1976,54.8311],[21.0319,55.6143],[21.0185,55.634]]]]}},{"type":"Feature","properties":{"NAME":null,"ABBREVN":null,"INFO_UR":null,"SUBJECTO":null,"BORDERPRECISION":1,"PARTOF":null},"geometry":{"type":"MultiPolygon","coordinates":[[[[23.1736,58.6758],[23.1864,58.678],[23.2008,58.6792],[23.2164,58.6778],[23.2475,58.6711],[23.2714,58.6644],[23.3172,58.6508],[23.3392,58.6433],[23.3472,58.6386],[23.395,58.5655],[23.3992,58.5589],[23.3964,58.5508],[23.3761,58.5331],[23.365,58.53],[23.2272,58.5297],[23.2153,58.5331],[23.0911,58.5803],[23.0711,58.5883],[23.0647,58.5942],[23.0603,58.6008],[23.0578,58.6083],[23.0608,58.6164],[23.0686,58.6217],[23.1403,58.6658],[23.1497,58.6703],[23.1736,58.6758]]]]}},{"type":"Feature","properties":{"NAME":null,"ABBREVN":null,"INFO_UR":null,"SUBJECTO":null,"BORDERPRECISION":1,"PARTOF":null},"geometry":{"type":"MultiPolygon","coordinates":[[[[22.9483,58.8444],[22.8844,58.8331],[22.8656,58.8244],[22.8683,58.8189],[22.8822,58.8167],[22.8886,58.8108],[22.8872,58.7878],[22.8844,58.7797],[22.8481,58.7736],[22.8158,58.7728],[22.7983,58.7736],[22.7844,58.7758],[22.7781,58.7817],[22.7772,58.79],[22.7833,58.7961],[22.7928,58.8003],[22.8039,58.8036],[22.8231,58.8122],[22.8292,58.8183],[22.8264,58.8242],[22.8125,58.8264],[22.7981,58.825],[22.7758,58.8186],[22.7472,58.8055],[22.7394,58.8003],[22.7211,58.7817],[22.7014,58.7539],[22.6925,58.7394],[22.6897,58.7311],[22.6808,58.7167],[22.6747,58.7105],[22.6669,58.7053],[22.6464,58.6978],[22.6242,58.6911],[22.5956,58.6883],[22.5653,58.6867],[22.5475,58.6872],[22.5317,58.6886],[22.5178,58.6911],[22.48,58.6997],[22.4697,58.7036],[22.4653,58.7103],[22.4694,58.7155],[22.4719,58.7636],[22.45,58.8314],[22.4455,58.838],[22.4261,58.8553],[22.405,58.8717],[22.3903,58.8822],[22.3819,58.8869],[22.3697,58.8903],[22.3361,58.8922],[22.2769,58.8894],[22.2455,58.8786],[22.2294,58.878],[22.1772,58.8889],[22.165,58.8919],[22.0636,58.9236],[22.0533,58.9278],[22.045,58.9325],[22.0422,58.94],[22.0464,58.9453],[22.0522,58.9497],[22.065,58.9522],[22.1911,58.9475],[22.3756,58.9517],[22.4344,58.9664],[22.4681,58.978],[22.4878,58.9922],[22.5236,59.0225],[22.5758,59.0686],[22.6992,59.0514],[22.6947,59.0442],[22.6986,59.02],[22.703,59.0136],[22.7197,59.0036],[22.7339,59.0014],[22.7497,59],[22.8011,58.9972],[22.8431,59.0022],[22.8608,59.0017],[22.9297,58.9825],[22.9525,58.9669],[23.0436,58.8511],[23.0481,58.8444],[23.0453,58.8364],[23.0217,58.8205],[23.0053,58.8306],[22.9608,58.845],[22.9483,58.8444]]]]}},{"type":"Feature","properties":{"NAME":null,"ABBREVN":null,"INFO_UR":null,"SUBJECTO":null,"BORDERPRECISION":1,"PARTOF":null},"geometry":{"type":"MultiPolygon","coordinates":[[[[23.2061,58.445],[23.1981,58.4497],[23.1425,58.4436],[23.0769,58.4139],[23.0642,58.3858],[23.0286,58.3578],[22.7569,58.2403],[22.6489,58.2303],[22.5819,58.2411],[22.5206,58.2422],[22.4875,58.2422],[22.475,58.2419],[22.3783,58.223],[22.3675,58.2197],[22.2886,58.188],[22.2792,58.1839],[22.2717,58.1786],[22.2672,58.1714],[22.2664,58.1639],[22.2692,58.1564],[22.2736,58.1497],[22.2761,58.1425],[22.2647,58.1022],[22.2619,58.0939],[22.2025,57.9861],[22.0992,57.9305],[22.0733,57.9167],[22.0517,57.9097],[22.0378,57.9083],[22.0222,57.9097],[22.0103,57.913],[22.0006,57.9169],[21.9942,57.9228],[21.9805,57.958],[21.9858,57.9764],[22.0822,58.0767],[22.0897,58.0819],[22.1006,58.0853],[22.1125,58.0839],[22.1511,58.0864],[22.1972,58.1375],[22.2014,58.1447],[22.1969,58.1514],[22.1886,58.1564],[22.1769,58.1594],[22.1453,58.1586],[22.1317,58.1608],[22.0786,58.1708],[22.0686,58.1747],[21.8844,58.2522],[21.8697,58.2625],[21.8486,58.2789],[21.8442,58.2856],[21.8414,58.2931],[21.8439,58.2992],[21.8744,58.34],[21.8853,58.3433],[21.8992,58.3428],[21.9556,58.343],[22.0075,58.3533],[22.0064,58.36],[21.9964,58.3814],[21.9167,58.4575],[21.9103,58.4631],[21.9019,58.468],[21.8781,58.4742],[21.8678,58.4783],[21.8514,58.4878],[21.8319,58.505],[21.8428,58.5083],[21.925,58.5172],[21.9847,58.5164],[22.0006,58.515],[22.1125,58.4922],[22.1892,58.545],[22.1983,58.5494],[22.3272,58.5775],[22.5017,58.6022],[22.6242,58.5933],[22.7683,58.6003],[22.7758,58.6062],[22.8078,58.6164],[22.8236,58.6169],[22.8717,58.6178],[22.9053,58.6175],[22.9172,58.6161],[22.9789,58.6011],[22.9908,58.5978],[23.0908,58.5644],[23.2631,58.4961],[23.2731,58.4919],[23.2892,58.4822],[23.3197,58.4617],[23.3322,58.45],[23.3328,58.4417],[23.3281,58.4344],[23.2675,58.4294],[23.25,58.4303],[23.2261,58.4367],[23.2061,58.445]]]]}},{"type":"Feature","properties":{"NAME":"Samis","ABBREVN":"Samis","INFO_UR":null,"SUBJECTO":"Samis","BORDERPRECISION":1,"PARTOF":"Samis"},"geometry":{"type":"MultiPolygon","coordinates":[[[[20.1577,69.7478],[20.2864,69.7859],[20.3583,69.7104],[20.2782,69.5818],[20.1965,69.3177],[20.5527,69.5219],[20.7339,69.7792],[21.1027,69.8177],[21.412,70.0154],[21.6086,69.9625],[21.9081,69.804],[22.1633,70.0931],[22.3064,70.2156],[22.7456,70.1706],[23.2036,69.9428],[23.2925,70.0113],[23.5084,70.2791],[23.8273,70.4788],[23.9549,70.5021],[24.2077,70.4719],[24.3596,70.6103],[24.5705,70.7414],[24.849,70.8266],[25.389,70.9046],[25.8321,70.8978],[25.2307,70.5582],[25.1224,70.4352],[25.0741,70.1444],[25.263,70.1065],[25.574,70.3671],[26.2627,70.7907],[26.6065,70.9146],[26.6191,70.7991],[26.6174,70.392],[26.9344,70.4693],[27.1311,70.5771],[27.516,70.9703],[27.9475,71.0174],[28.2112,71.0179],[28.3084,70.9486],[28.1364,70.8327],[27.9853,70.717],[28.0189,70.6095],[27.8754,70.4251],[28.2897,70.3722],[28.3889,70.5718],[28.7948,70.8648],[28.9843,70.8574],[29.7412,70.605],[30.0414,70.5441],[30.462,70.5373],[30.7542,70.4304],[30.7988,70.308],[30.2519,70.1311],[29.7349,70.1149],[28.7301,70.1359],[28.8171,70.0979],[29.08,69.9612],[29.5559,69.8334],[29.7286,69.6976],[30.0558,69.7209],[30.3613,69.7668],[30.7354,69.7524],[31.0538,69.6396],[31.3313,69.6628],[31.7822,69.777],[32.0716,69.8835],[32.076,69.8154],[32.1906,69.6417],[32.3517,69.5137],[32.5963,69.4236],[33.0096,69.3867],[33.2806,69.342],[33.3156,69.0713],[33.6284,69.2147],[33.818,69.1925],[34.3051,69.1708],[34.6989,69.1641],[34.9341,69.1494],[35.4366,69.1504],[36.0183,69.0237],[37.2459,68.7935],[37.6886,68.6296],[38.4064,68.2427],[38.6685,68.1463],[39.3347,68.0359],[39.9181,67.9404],[40.8261,67.66],[40.9734,67.5344],[40.9508,67.3347],[41.0169,67.2019],[41.2088,67.0695],[41.2553,66.937],[41.147,66.7823],[40.8364,66.5614],[40.3451,66.3186],[39.9775,66.2009],[39.19,66.0387],[38.7821,66.0015],[38.0479,66.0074],[37.4224,66.0938],[36.5052,66.1725],[35.7717,66.2589],[35.1677,66.4115],[34.153,66.6296],[33.6513,66.6801],[33.4375,66.7017],[33.1577,66.9145],[32.991,66.9878],[32.6443,67.0461],[32.2194,66.9937],[32.3578,66.9203],[32.4247,66.891],[32.7535,66.649],[32.9709,66.5834],[33.4697,66.3131],[33.8442,66.1821],[34.2585,66.1098],[34.5437,66.0008],[34.7262,65.797],[34.7256,65.615],[34.6012,65.4839],[34.2934,65.3962],[30.604,64.938],[27.2316,63.3545],[23.1306,63.7834],[23.5803,64.0821],[24.094,64.3766],[24.4701,64.6355],[24.9319,64.816],[25.3251,64.8024],[25.3519,64.9391],[25.2934,65.0039],[25.1326,65.0759],[25.1861,65.2427],[25.2515,65.4169],[25.1036,65.5401],[24.5911,65.5828],[24.2148,65.7859],[23.9477,65.7967],[23.8441,65.7985],[23.4057,65.7248],[23.204,65.6808],[22.7982,65.8548],[22.6456,65.9348],[22.4898,65.8834],[22.2016,65.7153],[21.9575,65.4457],[21.8187,65.3801],[21.5223,65.3723],[21.2773,65.2123],[21.4237,65.1039],[21.4894,65.0172],[21.3294,64.8944],[20.9212,64.7138],[21.0643,64.592],[21.237,64.5205],[21.3858,64.3846],[21.0489,64.2192],[20.8733,64.0328],[20.8665,64.0256],[20.7007,63.8181],[19.9849,63.5173],[19.6703,63.3885],[19.465,63.4807],[19.3182,63.4448],[19.0759,63.2025],[18.785,63.138],[18.4866,62.9812],[18.3889,62.8534],[18.3032,62.7894],[17.9674,62.7746],[17.8682,62.7886],[16.1931,62.7557],[14.3437,62.9481],[14.5361,63.0976],[17.0094,67.2478],[19.58,69.1811],[19.8212,69.3697],[20.1577,69.7478]]]]}},{"type":"Feature","properties":{"NAME":"Kyivan Rus","ABBREVN":"Rus","INFO_UR":null,"SUBJECTO":"Kyivan Rus","BORDERPRECISION":1,"PARTOF":"Rus"},"geometry":{"type":"MultiPolygon","coordinates":[[[[41.5634,47.9027],[42.2074,48.2374],[42.7321,47.9347],[42.6367,47.3238],[41.6111,47.34],[41.5634,47.9027]]],[[[37.7133,45.2961],[37.7014,45.5586],[37.6373,45.5788],[37.6458,45.4494],[37.6033,45.415],[37.5846,45.5307],[37.6067,45.6553],[37.6635,45.6186],[37.7058,45.6219],[37.6636,45.6569],[37.8926,45.836],[38.4974,45.2392],[38.2688,44.4266],[38.2197,44.3836],[37.9882,44.5941],[37.8528,44.6997],[37.788,44.725],[37.8239,44.6633],[37.8139,44.6361],[37.4883,44.6694],[37.354,44.7873],[37.2964,44.8717],[37.2764,44.9311],[37.1563,45.0032],[36.9627,45.0614],[36.8309,45.0934],[36.7108,45.0997],[36.6217,45.1294],[36.5761,45.1925],[36.7286,45.2033],[36.9605,45.275],[36.9689,45.3075],[36.7797,45.3847],[36.6694,45.3261],[36.7569,45.4167],[36.8964,45.4236],[37.0574,45.366],[37.0941,45.3405],[37.0772,45.2364],[37.3147,45.27],[37.2164,45.2986],[37.3978,45.3164],[37.523,45.3625],[37.5842,45.3383],[37.7133,45.2961]]],[[[36.5494,45.3389],[36.4972,45.3414],[36.4328,45.2753],[36.4047,45.1519],[36.4569,45.0811],[36.2333,45.0061],[36.1286,45.0211],[36.0042,45.0047],[35.8347,44.9911],[35.7889,45.0505],[35.7189,45.0842],[35.6886,45.3261],[35.863,45.4044],[35.9328,45.3703],[36.0356,45.3714],[36.0708,45.4286],[36.15,45.4611],[36.2908,45.4653],[36.4853,45.4414],[36.6058,45.4192],[36.6364,45.3797],[36.6169,45.3314],[36.5494,45.3389]]],[[[27.1707,47.9726],[27.1705,47.9729],[24.2971,48.7565],[24.132,48.8111],[24.1445,51.2936],[24.3065,51.7797],[24.3483,51.905],[24.1694,54.2802],[25.1976,54.8311],[27.9593,56.311],[27.7133,58.0106],[27.8027,57.9902],[27.8816,57.937],[27.8754,57.9204],[27.9109,57.8958],[27.9921,57.8681],[28.1018,57.86],[28.1692,57.9145],[28.1492,57.9747],[28.097,58.0444],[27.973,58.1326],[27.8651,58.1735],[27.7144,58.1643],[27.6907,58.1663],[27.5918,58.1746],[27.5686,58.2148],[27.5613,58.2574],[27.5827,58.3064],[27.6619,58.3656],[27.7479,58.4299],[27.7981,58.4468],[27.8205,58.4849],[27.8137,58.5713],[27.7484,58.9121],[27.683,58.9796],[27.5702,58.999],[27.5246,59.314],[27.702,59.2975],[27.8936,59.3461],[28.0159,59.4542],[28.0131,59.4582],[27.9734,59.5167],[27.8967,59.5338],[27.9417,59.6476],[28.0942,59.6647],[28.1631,59.5907],[28.2663,59.5622],[28.351,59.6021],[28.3091,59.6644],[28.4444,59.7337],[28.6627,59.6443],[28.7959,59.6722],[28.9363,59.8246],[29.0761,59.9078],[29.4136,59.86],[29.7655,59.7362],[29.9632,59.7366],[30.1266,59.806],[29.9954,59.9416],[31.0066,60.187],[31.0276,60.1819],[31.066,60.1406],[31.0974,60.0689],[31.092,60.0139],[31.05,59.9755],[31.0441,59.9486],[31.0745,59.9329],[31.199,59.9248],[31.4176,59.9242],[31.5356,59.94],[31.5529,59.9724],[31.5395,60.0112],[31.4954,60.0567],[31.5345,60.1207],[31.6569,60.2032],[31.8239,60.2356],[32.0353,60.2178],[32.1658,60.1868],[32.2154,60.1425],[32.32,60.1346],[32.4796,60.1631],[32.5777,60.1944],[32.6143,60.2285],[32.6209,60.2723],[32.5975,60.3256],[32.6124,60.363],[32.6655,60.3842],[32.665,60.424],[32.6109,60.4822],[32.6475,60.5132],[32.775,60.5171],[32.8504,60.5241],[32.8736,60.5343],[32.8916,60.5438],[32.9043,60.5527],[32.9235,60.5757],[32.9489,60.6128],[32.9264,60.6511],[32.8559,60.6904],[32.8178,60.7425],[32.8122,60.8074],[32.7541,60.876],[32.7535,60.8767],[32.6417,60.9503],[32.6295,60.9623],[35.2928,61.4198],[35.5395,61.3092],[35.6437,61.1916],[35.6647,61.0989],[35.6024,61.0311],[35.5478,60.998],[35.5008,60.9995],[35.4976,60.9774],[35.5382,60.9316],[35.6717,60.9223],[35.8979,60.9494],[36.0332,60.9929],[36.0778,61.0528],[36.1848,61.1116],[36.3543,61.1692],[36.4147,61.2165],[36.366,61.2537],[36.3707,61.2897],[36.4074,61.3117],[41.2391,59.8848],[42.1708,56.399],[40.0283,52.4776],[39.7656,52.4972],[39.302,51.709],[32.9244,49.3554],[32.8606,49.4078],[32.7539,49.4848],[32.712,49.5594],[32.6646,49.537],[32.6595,49.4644],[32.6824,49.401],[32.6318,49.3818],[32.4614,49.4261],[32.35,49.4691],[32.1836,49.5209],[32.1145,49.5413],[31.9554,49.5697],[31.888,49.5544],[31.9005,49.5128],[32.1701,49.4044],[32.2936,49.3462],[32.4082,49.3017],[32.5683,49.224],[30.445,48.4404],[30.463,48.3957],[29.8799,48.3207],[27.1707,47.9726]],[[38.6917,58.207],[38.6383,58.2203],[38.6192,58.2013],[38.6979,58.133],[38.704,58.1131],[38.681,58.1082],[38.6117,58.1131],[38.3831,58.1219],[38.357,58.1001],[38.4369,58.0356],[38.4371,58.0175],[38.4153,58.0156],[38.3692,58.0316],[38.3102,58.0406],[38.2811,58.0539],[38.2592,58.0709],[38.2496,58.1027],[38.251,58.1987],[38.2205,58.2373],[38.1487,58.2486],[37.944,58.3009],[37.8972,58.2918],[37.5071,58.5354],[37.4169,58.6131],[37.3168,58.6574],[37.1553,58.695],[37.1546,58.7065],[37.1692,58.7256],[37.1508,58.8487],[37.3079,58.76],[37.3723,58.7314],[37.4229,58.7266],[37.4104,58.6891],[37.4104,58.67],[37.4592,58.6339],[37.5377,58.6127],[37.5646,58.5528],[37.6087,58.5453],[37.6611,58.5575],[37.6666,58.5725],[37.6209,58.6262],[37.6323,58.6362],[37.7148,58.6175],[37.7678,58.6176],[37.9949,58.5504],[38.0739,58.5419],[38.0738,58.5916],[38.1031,58.6195],[38.0955,58.6345],[37.9877,58.6722],[37.9842,58.6924],[37.9453,58.7203],[37.9417,58.7355],[37.9613,58.7436],[38.0239,58.7459],[37.9959,58.8617],[37.9176,58.8583],[37.8694,58.8971],[37.8283,58.9141],[37.7772,58.9262],[37.7137,58.9277],[37.6424,58.9189],[37.5812,58.8988],[37.5014,58.8448],[37.4713,58.8571],[37.4658,58.8746],[37.4844,58.9272],[37.4991,58.9442],[37.6089,58.989],[37.6732,59.0252],[37.6956,59.064],[37.6763,59.1023],[37.64,59.1377],[37.6449,59.1568],[37.8429,59.1553],[37.94,59.1741],[37.9873,59.1768],[38.0016,59.1598],[38.0074,59.1437],[38.0272,59.1281],[38.1162,59.1026],[38.1594,59.1016],[38.1797,59.1133],[38.1805,59.1321],[38.1764,59.1482],[38.124,59.2029],[38.1433,59.2098],[38.1829,59.2031],[38.294,59.1613],[38.4146,59.1734],[38.4073,59.1523],[38.3315,59.0926],[38.2395,59.0627],[38.1705,59.065],[37.9102,59.1027],[37.8664,59.0941],[37.8577,59.0751],[37.9199,59.0421],[38.047,58.9942],[38.1194,58.9546],[38.4273,58.747],[38.61,58.6366],[38.7528,58.5469],[38.9893,58.4956],[39.0037,58.4756],[38.9703,58.4408],[39.0004,58.3868],[39.0053,58.3581],[38.8709,58.3311],[38.8305,58.2956],[38.8121,58.2507],[38.8188,58.1348],[38.8052,58.122],[38.7795,58.1348],[38.6917,58.207]],[[31.647,58.3084],[31.6883,58.2023],[31.6306,58.2073],[31.531,58.2302],[31.4465,58.2059],[31.394,58.142],[31.1562,58.1713],[30.8762,58.2141],[30.857,58.2391],[30.9549,58.2844],[31.0194,58.3197],[31.08,58.3316],[31.1702,58.3595],[31.2517,58.4254],[31.2983,58.4766],[31.3743,58.4292],[31.4302,58.4166],[31.5107,58.3889],[31.5182,58.3726],[31.6371,58.388],[31.6534,58.3687],[31.6457,58.3514],[31.647,58.3084]]]]}},{"type":"Feature","properties":{"NAME":"Sweden","ABBREVN":"Sweden","INFO_UR":null,"SUBJECTO":"Sweden","BORDERPRECISION":1,"PARTOF":"Sweden"},"geometry":{"type":"MultiPolygon","coordinates":[[[[11.7661,57.6727],[11.7364,57.6982],[12.4879,58.5629],[12.4228,60.0388],[12.4359,60.2781],[12.548,60.4339],[12.431,60.6258],[12.174,60.9564],[12.5974,61.0286],[12.7917,61.3299],[13.1549,62.0242],[14.3437,62.9481],[16.1931,62.7557],[17.8682,62.7886],[17.9363,62.548],[17.7181,62.3567],[17.2902,62.4407],[17.3874,62.2008],[17.4968,62.0881],[17.387,61.6584],[17.1626,61.6299],[17.0652,61.5384],[17.1502,61.1977],[17.1462,60.9528],[17.3176,60.7531],[17.1885,60.6743],[17.605,60.6375],[17.7065,60.5536],[17.9307,60.5903],[18.2244,60.323],[18.4169,60.1816],[18.8041,60.1084],[18.8931,59.9257],[19.0373,59.8632],[19.0436,59.7124],[18.8679,59.7124],[18.6393,59.5669],[18.2514,59.4319],[18.0301,59.3593],[17.7953,59.3645],[17.73,59.4164],[17.368,59.4683],[17.0706,59.5461],[16.7855,59.5773],[16.7241,59.5306],[16.5232,59.5825],[16.4076,59.4475],[16.7765,59.4787],[16.9998,59.3593],[17.2658,59.3385],[17.3581,59.2452],[17.5749,59.2141],[17.5844,59.2711],[17.8617,59.24],[17.9776,59.3282],[18.1114,59.323],[18.3282,59.3697],[18.4296,59.3333],[18.4414,59.4008],[18.5155,59.4008],[18.6113,59.3333],[18.5982,59.297],[18.2734,59.2867],[18.372,59.1571],[18.0157,59.0379],[17.9401,58.9085],[17.7665,58.8723],[17.7264,58.9137],[17.7452,58.9861],[17.7391,59.1104],[17.6232,59.1001],[17.5822,58.893],[17.3567,58.743],[17.2454,58.7171],[17.083,58.7481],[17.0807,58.6499],[16.4429,58.6344],[16.5132,58.4281],[16.744,58.312],[16.7735,58.0379],[16.7246,57.8893],[16.5978,57.8665],[16.4595,57.8952],[16.4765,57.7021],[16.6072,57.6658],[16.5505,57.5452],[16.6587,57.443],[16.4942,57.2789],[16.3945,57.0743],[16.3762,56.8224],[16.0632,56.3962],[15.427,56.7657],[14.485,56.6801],[14.1754,56.8128],[13.4324,56.5239],[13.2261,57.1017],[12.8959,56.9779],[12.7308,57.4319],[12.5244,57.3907],[12.318,57.6796],[11.8766,57.3252],[11.8811,57.509],[11.7661,57.6727]]],[[[18.1478,56.9119],[18.1403,56.915],[18.1425,56.9203],[18.1583,56.9417],[18.2092,56.9892],[18.2567,57.0322],[18.2544,57.0792],[18.1733,57.1419],[18.1483,57.2353],[18.1581,57.3158],[18.1425,57.4094],[18.1153,57.4808],[18.1103,57.4961],[18.11,57.5131],[18.1114,57.5194],[18.1192,57.5311],[18.1386,57.5511],[18.1792,57.5883],[18.1914,57.5961],[18.2119,57.6058],[18.2278,57.6114],[18.2422,57.6175],[18.2492,57.6208],[18.2761,57.6342],[18.2947,57.6458],[18.3389,57.6817],[18.3558,57.6958],[18.3819,57.7186],[18.4017,57.7386],[18.4197,57.7603],[18.4564,57.8028],[18.4614,57.8078],[18.4672,57.8119],[18.4811,57.8186],[18.6819,57.9136],[18.69,57.9161],[18.7161,57.9211],[18.725,57.9228],[18.8819,57.9197],[18.9025,57.9183],[18.9142,57.9175],[19.0047,57.9086],[19.0061,57.9036],[19.0039,57.8989],[19.0333,57.8269],[18.9294,57.7397],[18.8489,57.7211],[18.8092,57.7036],[18.7933,57.6592],[18.7597,57.508],[18.7681,57.4722],[18.7694,57.4672],[18.7883,57.4483],[18.7144,57.2469],[18.7119,57.2417],[18.6581,57.2208],[18.5519,57.1828],[18.5147,57.1694],[18.4983,57.1653],[18.4556,57.1569],[18.4394,57.1528],[18.4172,57.1442],[18.3972,57.1342],[18.3914,57.13],[18.3867,57.125],[18.3456,57.0797],[18.3414,57.0739],[18.3392,57.0686],[18.3356,57.0233],[18.3358,57.0175],[18.3433,57.0144],[18.3467,56.9986],[18.3025,56.9375],[18.295,56.9347],[18.2156,56.9131],[18.2061,56.9119],[18.1689,56.91],[18.1478,56.9119]]],[[[16.5719,56.3717],[16.5753,56.3672],[16.5756,56.3614],[16.5717,56.355],[16.5531,56.3264],[16.4961,56.2408],[16.4864,56.2314],[16.4736,56.2244],[16.4372,56.2114],[16.4297,56.2089],[16.4208,56.2111],[16.4161,56.2153],[16.4108,56.225],[16.4033,56.2742],[16.3917,56.465],[16.3933,56.5292],[16.3958,56.5358],[16.4203,56.5864],[16.5425,56.7764],[16.6119,56.8683],[16.6167,56.8736],[16.6292,56.8792],[16.645,56.8836],[16.7494,56.9397],[16.8481,57.0642],[16.9,57.135],[16.9594,57.2236],[16.9631,57.2294],[16.9656,57.2417],[16.9603,57.2569],[16.9592,57.2742],[16.9606,57.2803],[16.9661,57.2936],[16.9733,57.3053],[16.9828,57.3156],[16.9931,57.3247],[17.01,57.3375],[17.0222,57.345],[17.0356,57.3519],[17.0567,57.3592],[17.0986,57.3506],[17.1056,57.3483],[17.1242,57.3208],[17.0506,57.1867],[17.0089,57.1319],[16.9611,57.0753],[16.9267,57.0381],[16.8803,56.9297],[16.8483,56.8439],[16.8411,56.8322],[16.8367,56.8269],[16.8281,56.8253],[16.8169,56.8258],[16.8083,56.8242],[16.785,56.81],[16.7794,56.8058],[16.7703,56.7958],[16.7267,56.7022],[16.6356,56.5189],[16.5767,56.4069],[16.5706,56.3944],[16.5694,56.3881],[16.5703,56.3769],[16.5719,56.3717]]]]}},{"type":"Feature","properties":{"NAME":"Kingdom of Georgia","ABBREVN":"Georgia","INFO_UR":null,"SUBJECTO":"Kingdom of Georgia","BORDERPRECISION":1,"PARTOF":"Kingdom of Georgia"},"geometry":{"type":"MultiPolygon","coordinates":[[[[43.325,40.9533],[42.6929,40.7005],[42.6711,40.6593],[41.5163,41.462],[41.5211,41.4658],[41.6661,41.7292],[41.6805,41.7933],[41.6518,42.1206],[41.5027,42.6085],[41.4097,42.7882],[41.1226,43.0191],[40.9693,43.0767],[40.5571,43.1466],[40.2516,43.2682],[40.0981,43.3776],[39.7379,43.634],[41.39,43.3345],[42.4784,43.1332],[43.0577,43.0262],[43.6254,42.8163],[45.2598,42.4385],[45.294,42.3698],[45.9792,42.4243],[46.2215,42.2282],[45.8684,42.0629],[45.8323,41.6951],[45.515,41.7081],[45.4319,41.459],[44.8912,41.3292],[44.8115,41.3498],[44.7822,41.3031],[44.552,40.9359],[44.0293,41.1224],[43.325,40.9533]]]]}},{"type":"Feature","properties":{"NAME":"Arran","ABBREVN":"","INFO_UR":null,"SUBJECTO":"Arran","BORDERPRECISION":1,"PARTOF":"Arran"},"geometry":{"type":"MultiPolygon","coordinates":[[[[46.4752,40.7772],[46.4243,40.9341],[46.5342,40.9428],[46.53,40.9312],[46.8158,40.8779],[46.8725,40.856],[46.8738,40.847],[48.0802,40.0709],[48.3387,39.9461],[48.3732,39.9666],[47.9393,39.6743],[47.8175,39.673],[47.129,39.6653],[47.0624,40.4414],[46.8587,40.4479],[46.7845,40.4503],[46.4948,40.5931],[46.4752,40.7772]]]]}},{"type":"Feature","properties":{"NAME":"Shirvan","ABBREVN":"Shirvan","INFO_UR":null,"SUBJECTO":"Shirvan","BORDERPRECISION":1,"PARTOF":"Shirvan"},"geometry":{"type":"MultiPolygon","coordinates":[[[[47.8493,41.1791],[47.8779,41.1677],[49.5404,40.5039],[49.6585,40.659],[49.8073,40.5807],[50.0201,40.602],[50.1902,40.5701],[50.3179,40.4956],[50.4243,40.4105],[50.4668,40.3254],[50.4668,40.2616],[50.3073,40.3254],[50.1264,40.3467],[50.0307,40.3467],[49.9137,40.3254],[49.8499,40.2722],[49.669,40.2403],[49.5733,40.1765],[49.552,40.0914],[49.5414,39.8786],[49.4882,39.7616],[49.4456,39.6553],[49.4035,39.4867],[49.0746,39.4782],[48.9516,39.8031],[48.8945,39.954],[48.5343,40.0619],[48.3732,39.9666],[48.3387,39.9461],[48.0802,40.0709],[46.8738,40.847],[46.8725,40.856],[47.0311,40.795],[47.1368,40.8098],[46.8612,40.9353],[46.8489,41.0214],[47.745,41.1627],[47.8493,41.1791]]]]}},{"type":"Feature","properties":{"NAME":"Alans","ABBREVN":"","INFO_UR":null,"SUBJECTO":"","BORDERPRECISION":1,"PARTOF":""},"geometry":{"type":"MultiPolygon","coordinates":[[[[29.8799,48.3207],[29.6371,47.2963],[28.9318,47.1581],[27.6153,46.9002],[27.6277,46.928],[27.5286,47.1545],[27.4283,47.3836],[27.3911,47.4687],[27.1707,47.9726],[29.8799,48.3207]]],[[[45.9792,42.4243],[45.294,42.3698],[45.2598,42.4385],[43.6254,42.8163],[43.0577,43.0262],[42.4784,43.1332],[42.4,44.306],[46.0642,43.9689],[47.0991,42.9642],[45.9389,42.4569],[45.9792,42.4243]]]]}},{"type":"Feature","properties":{"NAME":"Khazars","ABBREVN":"Khazars","INFO_UR":null,"SUBJECTO":"Khazars","BORDERPRECISION":1,"PARTOF":"Khazars"},"geometry":{"type":"MultiPolygon","coordinates":[[[[39.202,47.2278],[41.8469,48.4751],[45.0881,48.1218],[48.0507,45.721],[48.0149,45.7143],[47.871,45.6783],[47.7541,45.7143],[47.6732,45.7502],[47.6282,45.7322],[47.6013,45.6603],[47.6552,45.5434],[47.5563,45.4535],[47.4754,45.3186],[47.3945,45.1748],[47.2506,44.9859],[47.1697,44.86],[47.0258,44.7881],[46.8729,44.6802],[46.81,44.5363],[46.8459,44.4464],[46.9988,44.3565],[47.1427,44.3385],[47.2236,44.2036],[47.3315,44.1856],[47.4394,44.0328],[47.5653,43.844],[47.5383,43.6731],[47.4934,43.5832],[47.5203,43.5113],[47.5653,43.6012],[47.6103,43.754],[47.6642,43.8529],[47.7361,43.8619],[47.6732,43.6641],[47.5743,43.5023],[47.6013,43.3224],[47.6552,43.2775],[47.5833,43.1875],[47.5653,43.0077],[47.7361,42.8998],[47.7901,42.8548],[47.844,42.6211],[47.9699,42.5941],[48.1318,42.4053],[48.2217,42.2794],[46.7382,41.7118],[46.8225,41.2062],[46.8725,40.856],[46.8158,40.8779],[46.53,40.9312],[46.5342,40.9428],[46.4243,40.9341],[46.4752,40.7772],[46.4948,40.5931],[46.7845,40.4503],[46.8587,40.4479],[46.7382,40.0263],[46.1483,39.6892],[45.4319,41.459],[45.515,41.7081],[45.8323,41.6951],[45.8684,42.0629],[46.2215,42.2282],[45.9792,42.4243],[45.9389,42.4569],[47.0991,42.9642],[46.0642,43.9689],[42.4,44.306],[42.4784,43.1332],[41.39,43.3345],[39.7379,43.634],[39.4587,43.8329],[38.9237,44.2119],[38.5561,44.3851],[38.277,44.4232],[38.2688,44.4266],[38.4974,45.2392],[37.8926,45.836],[37.9899,46.0067],[38.149,46.0217],[38.2255,46.1361],[38.459,46.0789],[38.2649,46.3186],[37.9702,46.4413],[37.7571,46.6032],[37.8666,46.6554],[38.0319,46.6687],[38.4011,46.7214],[38.7227,46.8779],[39.2824,47.074],[39.202,47.2278]],[[41.5634,47.9027],[42.2074,48.2374],[42.7321,47.9347],[42.6367,47.3238],[41.6111,47.34],[41.5634,47.9027]]]]}},{"type":"Feature","properties":{"NAME":"Serbia","ABBREVN":"Serbia","INFO_UR":null,"SUBJECTO":"Serbia","BORDERPRECISION":1,"PARTOF":"Serbia"},"geometry":{"type":"MultiPolygon","coordinates":[[[[16.8173,44.8202],[18.8887,44.4708],[18.8997,42.4816],[19.8796,42.1397],[19.5203,41.7828],[19.4579,41.7981],[19.3677,41.8464],[19.3385,41.862],[19.143,41.9321],[19.1355,41.9995],[18.9099,42.2178],[18.5286,42.3527],[18.5136,42.3621],[18.2487,42.5274],[18.0014,42.6945],[17.6464,42.8646],[17.5957,42.8889],[17.548,42.9201],[17.3041,43.0762],[17.0751,43.2227],[16.9923,43.3227],[16.6398,43.3897],[16.7115,43.7713],[16.7015,43.8467],[16.8651,44.2447],[16.8173,44.8202]]]]}},{"type":"Feature","properties":{"NAME":"Peshemegs","ABBREVN":"Peshemegs","INFO_UR":null,"SUBJECTO":"Peshemegs","BORDERPRECISION":1,"PARTOF":"Peshemegs"},"geometry":{"type":"MultiPolygon","coordinates":[[[[61.2391,45.1772],[61.1746,45.1876],[61.0206,45.4873],[61.0403,45.7386],[60.9989,45.9216],[61.0344,46.0149],[60.9989,46.0779],[61.1193,46.1039],[61.1588,46.1833],[61.218,46.2215],[61.2694,46.2516],[61.2891,46.2952],[61.3681,46.3552],[61.5003,46.5207],[61.2391,45.1772]]],[[[59.2853,45.2752],[59.4472,45.1876],[59.461,45.0552],[59.2379,44.7966],[59.0464,44.9547],[59.1333,45.1945],[59.2853,45.2752]]],[[[59.7769,45.7014],[59.9012,45.6959],[60.0671,45.7138],[60.1145,45.689],[60.0177,45.6587],[59.9131,45.5979],[59.7927,45.5896],[59.7631,45.6324],[59.7769,45.7014]]]]}},{"type":"Feature","properties":{"NAME":"Holy Roman Empire","ABBREVN":"Holy Roman Empire","INFO_UR":null,"SUBJECTO":"Holy Roman Empire","BORDERPRECISION":1,"PARTOF":"Holy Roman Empire"},"geometry":{"type":"MultiPolygon","coordinates":[[[[8.475,46.4085],[10.0628,46.4756],[10.6599,47.6936],[9.9912,48.8162],[8.5104,48.7206],[7.8134,47.4622],[7.2699,47.4622],[6.7808,47.9513],[6.2518,47.9572],[6.2379,48.2912],[5.9456,48.3469],[6.0152,48.653],[5.8343,48.7783],[6.0013,48.9035],[5.876,49.0705],[5.7229,48.9592],[5.6116,49.2097],[5.9039,49.1958],[5.9093,49.2009],[5.3611,49.6968],[4.2552,49.8872],[3.8203,50.0395],[3.4384,51.0083],[3.6813,51.3214],[3.775,51.3877],[3.7435,51.4605],[3.5203,51.5791],[3.8781,51.7917],[4.2644,52.0709],[4.3872,52.2304],[4.641,52.7557],[4.7188,52.8024],[5.0084,52.8562],[5.1733,52.7434],[5.2346,52.6228],[5.1082,52.5315],[5.0061,52.5569],[5.0357,52.3337],[4.9498,52.2779],[5.4732,52.1766],[5.5744,52.283],[5.7569,52.3337],[5.8171,52.5214],[5.6113,52.5315],[5.5557,52.5873],[5.5469,52.6787],[5.6534,52.7498],[5.5764,52.7599],[5.3258,52.7904],[5.358,52.9378],[5.3427,52.9963],[5.3321,53.0115],[5.3895,53.1386],[5.6474,53.2278],[5.9663,53.335],[6.2607,53.3217],[6.7507,53.3899],[6.861,53.2658],[7.0091,53.2454],[7.0433,53.164],[7.1599,53.164],[7.1898,53.2301],[6.9807,53.3167],[7.0373,53.5102],[7.1656,53.5917],[7.3324,53.6044],[7.8364,53.6321],[7.875,53.6337],[7.9685,53.6375],[8.011,53.5657],[8.0987,53.4439],[8.0291,53.3727],[8.175,53.3217],[8.2419,53.3523],[8.2608,53.4389],[8.189,53.5305],[8.3056,53.5254],[8.5018,53.449],[8.4287,53.6121],[8.5162,53.761],[8.5395,53.8007],[8.5856,53.7931],[8.8485,53.7497],[9.125,53.7905],[8.8571,53.867],[8.819,53.969],[8.9463,54.015],[8.8326,54.066],[8.7788,54.1324],[8.8533,54.1682],[8.884,54.2294],[8.9617,54.2759],[9.0562,54.3486],[9.1361,54.2977],[9.1652,54.3195],[9.2161,54.2904],[9.2597,54.305],[9.296,54.2468],[9.4414,54.2468],[9.4487,54.1887],[9.674,54.1887],[9.7394,54.2759],[9.8267,54.2759],[9.8848,54.2541],[10.1417,54.3368],[10.2046,53.6984],[10.5714,53.0463],[11.7535,52.8425],[11.5497,52.6387],[11.6719,52.3534],[13.5877,52.3126],[13.6071,52.316],[14.1341,52.4089],[14.7289,51.1306],[14.6798,50.9092],[18.4785,49.4999],[18.2504,49.1805],[18.2232,48.9903],[18.1145,48.9903],[18.1145,48.8544],[17.8698,48.8],[17.3534,48.9631],[16.4816,48.1959],[16.557,47.4954],[16.644,47.2997],[16.557,47.191],[16.557,47.0605],[16.4483,46.93],[16.4483,46.7778],[16.5135,46.6256],[16.2961,46.4081],[16.5353,46.3647],[16.4483,46.1037],[16.2091,46.1472],[16.0787,45.8863],[16.2091,45.7341],[16.1222,45.5819],[15.9117,45.631],[15.4698,45.7341],[15.4236,45.4297],[14.88,45.484],[14.7985,45.8646],[14.5267,45.783],[14.3545,45.3229],[14.2386,45.0624],[14.1746,45.0104],[13.9081,44.9791],[13.7992,45.3056],[13.9516,45.3927],[13.9951,45.458],[13.8,45.5664],[13.6732,45.7145],[13.5646,45.7265],[13.4377,45.6384],[13.3677,45.6945],[13.0809,45.9804],[12.6455,45.9151],[12.1448,45.7628],[11.9707,45.4362],[12.1762,45.2143],[12.3125,45.1783],[12.3221,45.0424],[12.409,44.989],[12.5231,44.8828],[12.476,44.7871],[12.3778,44.7315],[12.2736,44.6726],[12.2807,44.5501],[12.3451,44.301],[12.5081,44.1315],[12.6972,43.9348],[13.6009,43.5348],[13.7316,43.3742],[13.7916,43.1233],[13.9151,42.8728],[14.0764,42.6338],[14.0928,42.6095],[14.4049,42.3531],[14.5193,42.2297],[14.72,42.1418],[14.7385,42.0472],[14.4392,41.8787],[13.3874,41.8517],[13.2526,41.663],[13.2714,41.3142],[12.9768,41.3714],[12.6415,41.5311],[12.3948,41.7296],[11.9634,42.0047],[11.9601,42.0074],[11.4974,42.3764],[11.1048,42.5491],[10.7428,42.8505],[10.4878,43.2359],[10.3379,43.5962],[10.2925,43.7054],[10.2614,43.7452],[10.1552,43.8811],[10.1367,43.9048],[9.9093,44.1105],[9.8255,44.1525],[9.6919,44.2196],[9.157,44.3732],[8.8966,44.4372],[8.6717,44.4174],[8.3428,44.2202],[8.2889,44.5682],[7.6775,44.7313],[7.5144,45.3834],[8.4927,46.1171],[8.475,46.4085]]]]}},{"type":"Feature","properties":{"NAME":"Bulgar Khanate","ABBREVN":"Bulgar Khan.","INFO_UR":null,"SUBJECTO":"Bulgar Khanate","BORDERPRECISION":1,"PARTOF":"Bulgar Khanate"},"geometry":{"type":"MultiPolygon","coordinates":[[[[29.9411,46.5445],[30.3061,46.3158],[30.4437,46.1851],[30.4328,46.1758],[30.2701,46.0352],[30.0688,45.8614],[29.7297,45.77],[29.6295,45.7504],[29.5004,45.5234],[29.5361,45.4522],[29.6159,45.4102],[29.6832,45.3748],[29.7108,45.2583],[29.579,45.0575],[29.4575,44.9151],[29.2616,44.8954],[29.0897,44.8757],[28.9182,44.7657],[28.6863,44.4881],[28.5731,44.1978],[28.5299,43.8435],[28.5101,43.7431],[28.4805,43.5923],[28.4457,43.4764],[28.3281,43.4375],[28.1871,43.4501],[28.0346,43.3919],[27.8873,43.0635],[27.8699,42.7999],[27.8362,42.7355],[27.654,42.6837],[27.502,42.5164],[27.4947,42.4009],[23.7307,42.1754],[23.2672,42.0489],[22.4921,40.4983],[22.6023,40.3972],[22.4896,40.2305],[22.4674,40.1185],[22.5256,40.0642],[22.5551,39.9866],[22.6951,39.8345],[21.5816,39.6892],[20.0908,39.6025],[20.0286,39.8138],[19.8037,40.017],[19.3691,40.2603],[19.3802,40.3236],[19.4837,40.2959],[19.4945,40.4027],[19.3392,40.5887],[19.5273,40.8659],[19.4454,40.9649],[19.5299,41.2184],[19.417,41.3453],[19.4989,41.5236],[19.6194,41.5593],[19.607,41.7615],[19.5203,41.7828],[19.8796,42.1397],[18.8997,42.4816],[18.8887,44.4708],[16.8173,44.8202],[16.8077,44.935],[17.3376,45.1388],[17.8267,45.1388],[17.949,44.8128],[19.7851,44.9361],[20.2907,44.8997],[20.3137,44.9011],[20.7053,44.6423],[20.9942,44.7001],[21.3584,44.7729],[22.0767,44.4464],[22.338,44.7729],[22.6645,44.6423],[23.0563,45.0341],[26.5175,45.8178],[27.3664,46.3402],[27.6153,46.9002],[28.9318,47.1581],[29.5792,46.6149],[29.9411,46.5445]]]]}},{"type":"Feature","properties":{"NAME":"Icelandic Commonwealth","ABBREVN":"Iceland","INFO_UR":null,"SUBJECTO":"Icelandic Commonwealth","BORDERPRECISION":1,"PARTOF":"Icelandic Commonwealth"},"geometry":{"type":"MultiPolygon","coordinates":[[[[-24.2188,65.5337],[-24.1615,65.6066],[-23.9726,65.6871],[-23.5705,65.6806],[-23.267,65.7249],[-23.4261,65.8267],[-23.6083,65.9796],[-23.4656,66.1334],[-23.3411,66.1337],[-22.9109,65.9444],[-22.6093,65.9231],[-22.4741,65.9964],[-22.5601,66.1132],[-22.8411,66.281],[-22.6764,66.3913],[-22.2098,66.2896],[-21.7791,66.2537],[-21.4432,66.1299],[-21.2425,65.8818],[-21.2962,65.6994],[-21.4947,65.568],[-21.0797,65.2054],[-20.8306,65.3656],[-20.6725,65.424],[-20.3889,65.4754],[-20.1684,65.5559],[-20.1413,65.6506],[-20.2174,66.0006],[-19.9733,66.1107],[-19.7477,65.9065],[-19.556,65.7683],[-19.336,65.6739],[-19.2392,65.6668],[-19.1559,65.7253],[-19.2745,65.9293],[-19.1654,66.0026],[-19.0441,66.0174],[-18.6763,66.0912],[-18.369,65.8945],[-18.1279,65.7855],[-17.8838,65.7568],[-17.861,65.8371],[-18.0225,66.0778],[-17.5697,66.0129],[-16.9221,65.9775],[-16.568,66.0293],[-16.3757,66.1321],[-16.3852,66.4544],[-15.8599,66.4187],[-15.574,66.2068],[-15.0708,66.0614],[-14.7633,66.0547],[-14.6407,65.9453],[-14.7541,65.6971],[-14.4001,65.5667],[-13.6469,65.4953],[-13.5898,65.43],[-13.5256,65.1834],[-13.5574,65.0094],[-13.6258,64.8939],[-13.6942,64.7786],[-13.8934,64.7207],[-14.2603,64.7128],[-14.3481,64.6695],[-14.3659,64.4756],[-14.5975,64.2671],[-14.8212,64.195],[-15.0768,64.2089],[-15.2665,64.2802],[-15.6341,64.0575],[-15.8765,63.9927],[-16.5338,63.7841],[-16.9175,63.7334],[-17.2444,63.7328],[-17.5915,63.6893],[-17.9441,63.4248],[-18.1569,63.3675],[-18.6419,63.3238],[-18.9608,63.3375],[-19.5531,63.4147],[-19.8268,63.4783],[-20.4039,63.6983],[-20.8799,63.7403],[-21.0791,63.7113],[-21.5475,63.7176],[-22.3729,63.7732],[-22.5066,63.8658],[-22.3113,63.952],[-21.8041,64.1104],[-21.4885,64.3761],[-21.8567,64.3826],[-22.0862,64.4396],[-22.2786,64.6188],[-22.3924,64.6617],[-22.5536,64.6255],[-23.2575,64.5738],[-23.5083,64.559],[-23.6746,64.6593],[-23.6112,64.7457],[-23.4367,64.8036],[-23.1356,64.8473],[-22.7784,64.8552],[-22.4503,64.9062],[-21.9783,64.9503],[-21.8092,65.0374],[-21.729,65.1825],[-21.7938,65.2985],[-21.9548,65.3781],[-22.1465,65.3849],[-22.3616,65.45],[-22.8137,65.4709],[-23.1832,65.4266],[-23.3742,65.3536],[-23.6785,65.3167],[-24.1469,65.4393],[-24.2188,65.5337]]]]}},{"type":"Feature","properties":{"NAME":"Denmark-Norway","ABBREVN":"","INFO_UR":null,"SUBJECTO":"","BORDERPRECISION":1,"PARTOF":""},"geometry":{"type":"MultiPolygon","coordinates":[[[[12.7308,57.4319],[12.8959,56.9779],[13.2261,57.1017],[13.4324,56.5239],[14.1754,56.8128],[14.485,56.6801],[15.427,56.7657],[16.0632,56.3962],[16.0314,56.3531],[15.7705,56.0332],[15.6962,56.061],[15.497,56.1672],[15.2208,56.0804],[14.6529,56.1206],[14.6052,55.9808],[14.4918,56.018],[14.2589,55.8993],[14.126,55.6666],[14.2864,55.5155],[14.1172,55.3471],[13.9011,55.4051],[13.8233,55.4218],[13.3018,55.3007],[12.8024,55.3529],[12.8019,55.4168],[12.8876,55.4516],[12.8593,55.5329],[12.9859,55.6666],[12.699,55.9051],[12.5983,56.0221],[12.5801,56.0046],[12.5543,55.974],[12.5285,55.9376],[12.5367,55.8656],[12.5791,55.758],[12.4979,55.6478],[12.2932,55.535],[12.2585,55.4305],[12.394,55.3344],[12.35,55.2551],[12.1267,55.1926],[12.0565,55.1503],[12.1396,55.1283],[12.1788,55.0876],[12.174,55.0285],[12.1467,54.9913],[12.0969,54.9762],[11.9866,54.9916],[11.8159,55.0376],[11.7474,55.0844],[11.781,55.132],[11.781,55.1678],[11.7476,55.1917],[11.6098,55.2026],[11.3677,55.2007],[11.2073,55.3155],[11.1285,55.547],[11.0353,55.6802],[10.9275,55.7151],[10.958,55.7241],[11.1267,55.7073],[11.2849,55.741],[11.4326,55.8251],[11.4481,55.8983],[11.3316,55.9605],[11.396,55.9849],[11.6412,55.9715],[11.7406,55.9271],[11.6939,55.8518],[11.7015,55.776],[11.7635,55.6998],[11.8244,55.7287],[11.8842,55.8627],[11.9499,55.8828],[12.0213,55.7891],[12.0267,55.72],[11.9661,55.6756],[11.9662,55.6533],[12.0269,55.6533],[12.0664,55.6678],[12.0847,55.6967],[12.0803,55.7644],[12.0533,55.8709],[11.9947,55.9348],[11.9045,55.956],[11.9672,56.0072],[12.1828,56.0883],[12.3726,56.1071],[12.5368,56.0637],[12.5814,56.0417],[12.5134,56.1206],[12.4144,56.243],[12.6524,56.2955],[12.6154,56.4356],[12.8048,56.4012],[12.8716,56.5115],[12.7859,56.6167],[12.6575,56.6108],[12.526,56.7804],[12.2886,56.8799],[12.0051,57.3252],[11.8766,57.3252],[12.318,57.6796],[12.5244,57.3907],[12.7308,57.4319]]],[[[8.631,55.1007],[8.5409,55.0737],[8.4861,55.0762],[8.4667,55.108],[8.4693,55.1423],[8.494,55.1791],[8.552,55.1822],[8.6433,55.1517],[8.6726,55.2092],[8.6401,55.3547],[8.5448,55.459],[8.3866,55.5219],[8.2949,55.5378],[8.2696,55.5067],[8.2145,55.5055],[8.1296,55.5344],[8.1118,55.5974],[8.161,55.6945],[8.171,55.8037],[8.1418,55.9249],[8.142,55.9417],[8.1716,55.8539],[8.2391,55.8319],[8.3445,55.8756],[8.3617,55.9438],[8.2905,56.0365],[8.2256,56.0898],[8.1669,56.1038],[8.1302,56.0876],[8.1156,56.041],[8.1226,56.1767],[8.151,56.4944],[8.1792,56.6674],[8.2072,56.6954],[8.2283,56.6833],[8.2426,56.6311],[8.3694,56.5743],[8.6087,56.5129],[8.7374,56.5028],[8.7554,56.5439],[8.7436,56.5783],[8.7019,56.6061],[8.749,56.6662],[8.8847,56.7585],[8.9833,56.8054],[9.0448,56.8068],[9.0948,56.7816],[9.1333,56.7298],[9.129,56.6696],[9.0821,56.6012],[9.1125,56.5827],[9.2203,56.6142],[9.286,56.6039],[9.3098,56.5517],[9.3354,56.5354],[9.3627,56.5551],[9.3584,56.5988],[9.3224,56.6662],[9.2699,56.6945],[9.2007,56.6835],[9.1691,56.7375],[9.1752,56.8565],[9.211,56.9375],[9.2766,56.9805],[9.4756,57.0194],[9.8081,57.0543],[10.0587,57.0491],[10.2275,57.0039],[10.3102,56.923],[10.3069,56.8064],[10.1956,56.7236],[9.9761,56.6747],[9.9844,56.6615],[10.2205,56.684],[10.3449,56.6812],[10.3574,56.653],[10.3274,56.6174],[10.2551,56.5745],[10.2111,56.5319],[10.1956,56.4897],[10.218,56.496],[10.2784,56.5508],[10.4282,56.5672],[10.6674,56.5452],[10.8304,56.5119],[10.9174,56.4673],[10.951,56.4196],[10.9313,56.3689],[10.8773,56.2987],[10.7891,56.2088],[10.7115,56.1788],[10.6446,56.2087],[10.5948,56.1924],[10.5622,56.1301],[10.4976,56.123],[10.4012,56.1712],[10.3919,56.2127],[10.4695,56.2476],[10.4814,56.2715],[10.4275,56.2844],[10.3544,56.2546],[10.2622,56.1823],[10.232,56.1143],[10.2638,56.0507],[10.2571,55.9712],[10.2118,55.8758],[10.1083,55.8326],[9.9465,55.8418],[9.9113,55.8384],[10.0029,55.8224],[10.0346,55.7871],[10.0067,55.7323],[9.8821,55.7052],[9.6607,55.7056],[9.6173,55.6805],[9.7519,55.63],[9.7615,55.559],[9.646,55.4674],[9.6134,55.3655],[9.6635,55.2531],[9.6312,55.1787],[9.5165,55.1422],[9.5262,55.0903],[9.6604,55.023],[9.7299,54.949],[9.7348,54.8682],[9.7081,54.8347],[9.6708,54.8434],[9.8644,54.7263],[9.9867,54.5924],[9.978,54.4901],[9.8648,54.4114],[10.0649,54.4339],[10.1417,54.3368],[9.8848,54.2541],[9.8267,54.2759],[9.7394,54.2759],[9.674,54.1887],[9.4487,54.1887],[9.4414,54.2468],[9.296,54.2468],[9.2597,54.305],[9.2161,54.2904],[9.1652,54.3195],[9.1361,54.2977],[9.0562,54.3486],[8.9617,54.2759],[8.884,54.2294],[8.5807,54.1937],[8.554,54.2754],[8.8524,54.3317],[8.9506,54.4186],[8.7421,54.6078],[8.596,54.7614],[8.6161,54.8874],[8.6451,55.069],[8.6372,55.0955],[8.631,55.1007]],[[9.6103,54.88],[9.5671,54.9021],[9.6147,54.9101],[9.6184,54.8751],[9.6103,54.88]]],[[[-26.3294,71.1324],[-27.0844,71.0846],[-27.606,71.0682],[-27.9162,70.998],[-28.0835,70.8973],[-28.2218,70.6273],[-28.3845,70.458],[-27.912,70.2825],[-27.4749,70.2068],[-26.5226,70.1779],[-26.252,70.1784],[-25.4533,70.2871],[-24.5847,70.304],[-24.1952,70.2435],[-23.7753,70.1448],[-23.5875,70.084],[-23.4595,70.0919],[-23.0089,70.0927],[-22.434,70.0785],[-22.1575,70.0561],[-22.7323,69.7741],[-23.4444,69.5685],[-24.3333,69.3328],[-24.5835,69.3399],[-24.8966,69.3921],[-25.3244,69.0899],[-25.8016,68.8636],[-26.3621,68.66],[-26.8687,68.5267],[-26.9636,68.5017],[-27.9591,68.4774],[-28.1953,68.4171],[-28.4212,68.4167],[-28.8631,68.3262],[-29.1621,68.251],[-29.3997,68.2281],[-29.8254,68.4141],[-29.9945,68.3914],[-30.305,67.9805],[-30.7365,67.9276],[-31.0203,67.9568],[-31.3547,68.0456],[-31.6346,68.2538],[-32.0187,68.4474],[-32.3099,68.5441],[-32.3591,68.544],[-32.3555,68.4542],[-32.0372,67.9847],[-32.1238,67.8729],[-32.2675,67.8652],[-32.578,67.7531],[-32.956,67.641],[-33.214,67.47],[-33.6642,67.0624],[-33.9601,66.7669],[-34.4331,66.3839],[-34.7823,66.266],[-35.2477,66.2285],[-35.708,66.3522],[-35.7745,66.1031],[-35.9719,65.8469],[-36.3244,65.7223],[-36.7705,65.7652],[-37.0479,65.7428],[-37.5789,65.5451],[-37.1548,66.3202],[-37.2094,66.3128],[-37.5673,66.3194],[-38.0418,66.3992],[-37.9249,66.2088],[-37.9367,66.004],[-38.1103,65.821],[-38.4674,65.6454],[-38.9894,65.5716],[-39.4271,65.5707],[-39.992,65.5333],[-39.7818,65.3519],[-39.6863,65.1706],[-39.7269,64.9965],[-39.8978,64.9529],[-40.0424,64.9815],[-40.2537,64.9667],[-41.0603,65.0375],[-40.8278,64.8935],[-40.4836,64.6854],[-40.3507,64.5275],[-40.3553,64.427],[-40.4724,64.3478],[-41.0111,64.3324],[-41.4841,64.2742],[-41.1042,64.0885],[-40.8925,64.0317],[-40.6912,63.9319],[-40.5162,63.7821],[-40.7657,63.5745],[-40.8939,63.5244],[-41.1634,63.5667],[-41.3782,63.5234],[-41.223,63.3099],[-41.227,63.253],[-41.4345,63.0392],[-41.6531,63.0957],[-41.9156,63.1236],[-41.9039,63.0525],[-41.7891,62.8468],[-41.8344,62.6906],[-41.9637,62.6904],[-42.2589,62.7324],[-42.2988,62.7394],[-42.7395,62.6889],[-43.226,62.6809],[-42.9191,62.4619],[-42.4204,62.286],[-42.2714,62.1944],[-42.3062,61.7289],[-42.4783,61.3068],[-42.6703,61.2643],[-43.0373,61.2917],[-42.8171,61.0256],[-42.8244,60.8016],[-42.7541,60.6969],[-42.7849,60.5292],[-42.9272,60.501],[-43.1499,60.5145],[-43.4971,60.479],[-43.1541,60.3053],[-42.962,60.0341],[-43.0145,59.8329],[-43.1436,59.8188],[-43.5788,59.9357],[-44.0523,60.1642],[-44.2761,60.0316],[-44.4674,59.7609],[-44.7531,60.0307],[-44.6822,60.2884],[-44.8562,60.3787],[-45.362,60.4615],[-45.6217,60.6006],[-45.6041,60.6845],[-45.4899,60.7966],[-45.4603,60.8946],[-45.6065,61.0204],[-45.7709,61.1041],[-46.0719,60.9425],[-46.1959,60.9352],[-46.3311,60.8719],[-46.531,60.8926],[-46.9721,60.8637],[-47.1594,60.8564],[-47.4162,60.723],[-47.6305,60.5968],[-47.8224,60.7782],[-47.8694,60.939],[-47.9692,61.0369],[-48.2,61.1416],[-48.5679,61.2461],[-48.9155,61.421],[-49.1483,61.7723],[-49.1164,62.1038],[-49.206,62.1743],[-49.4013,62.2163],[-49.6115,62.1947],[-50.0479,62.3141],[-50.0967,62.3564],[-50.1589,62.4624],[-50.0959,62.668],[-49.8893,62.8457],[-49.8575,62.9665],[-49.9737,62.9947],[-50.2217,63.0085],[-50.4658,63.0507],[-50.5909,63.15],[-50.6167,63.4348],[-50.8231,63.4915],[-51.1005,63.4695],[-51.3658,63.726],[-51.355,63.8118],[-51.2659,63.9264],[-50.9879,64.0915],[-50.439,64.2431],[-50.2569,64.3797],[-50.0426,64.4376],[-50.0199,64.6101],[-50.1445,64.7393],[-50.3574,64.6957],[-50.7718,64.659],[-50.9937,64.6154],[-51.2797,64.4281],[-51.5214,64.3702],[-51.8049,64.2333],[-51.9574,64.3766],[-51.9402,64.6568],[-51.9916,65.0097],[-52.0843,65.2126],[-52.0777,65.3724],[-52.1869,65.5177],[-52.4138,65.4809],[-52.536,65.4952],[-52.8354,65.6549],[-53.1025,65.8732],[-53.1084,66.034],[-52.7297,66.2764],[-52.6105,66.268],[-52.8604,66.3532],[-53.3481,66.3243],[-53.3943,66.4518],[-53.2217,66.5309],[-52.9168,66.5445],[-52.6532,66.5678],[-52.4481,66.6073],[-52.3032,66.9095],[-52.8468,66.9306],[-53.1042,66.9079],[-53.2673,66.9224],[-53.3974,66.9959],[-53.4496,67.0845],[-53.3494,67.2103],[-53.2512,67.2139],[-53.1703,67.2858],[-52.9781,67.3103],[-53.1467,67.3952],[-53.395,67.3623],[-53.4941,67.4735],[-53.4684,67.5582],[-53.4358,67.6176],[-53.319,67.6179],[-53.1801,67.6626],[-52.8079,67.7748],[-52.26,67.7386],[-51.876,67.6651],[-51.5268,67.6509],[-51.3565,67.5918],[-50.9394,67.5258],[-50.4771,67.4822],[-50.4911,67.6454],[-50.3567,67.8909],[-50.491,67.9726],[-50.9499,68.091],[-51.5605,68.2316],[-51.9667,68.3055],[-52.6834,68.4537],[-52.8425,68.5058],[-52.6912,68.6634],[-52.3369,68.6641],[-51.6787,68.5005],[-51.2137,68.4789],[-51.0052,68.5092],[-50.9538,68.5393],[-50.9138,68.8093],[-50.8744,68.9446],[-50.6066,68.9601],[-50.3688,68.9079],[-50.2665,68.9532],[-50.2788,69.1112],[-50.3665,69.1939],[-50.7674,69.3364],[-50.6944,69.5329],[-50.4566,69.7376],[-50.5726,69.8662],[-51.1171,69.9411],[-51.6365,69.9402],[-52.1668,70.0688],[-52.9091,70.2894],[-53.2599,70.3347],[-53.6663,70.357],[-54.0085,70.5099],[-54.3735,70.7247],[-54.3032,70.7403],[-54.158,70.8099],[-53.8855,70.8104],[-53.6281,70.8187],[-52.6898,70.6817],[-52.3675,70.6669],[-51.8057,70.5294],[-51.1528,70.3233],[-50.8245,70.2473],[-50.7995,70.3854],[-50.9391,70.5772],[-51.3264,70.823],[-51.4038,71.0236],[-51.6754,71.2244],[-51.8934,71.2473],[-52.198,71.3554],[-52.0356,71.48],[-51.7914,71.5427],[-51.7201,71.5896],[-52.0368,71.698],[-52.532,71.7049],[-52.8134,71.7434],[-53.3229,71.8908],[-53.7187,71.617],[-53.8646,71.5466],[-53.9882,71.4141],[-54.3816,71.3047],[-55.0124,71.3346],[-55.4766,71.4891],[-55.6143,71.5978],[-55.6264,71.7304],[-55.4296,71.8713],[-55.2976,72.1612],[-55.3661,72.7278],[-55.104,72.752],[-54.7931,72.6657],[-54.6261,72.7213],[-54.5581,72.8716],[-54.7304,73.0376],[-55.15,73.283],[-55.3535,73.3463],[-55.7793,73.7045],[-56.1822,74.1206],[-56.6795,74.7006],[-56.9394,74.919],[-57.7743,75.0895],[-58.0746,75.2045],[-58.2053,75.2952],[-58.2285,75.6106],[-58.6357,75.7933],[-59.0683,75.8426],[-59.7835,75.9165],[-60.6511,76.1077],[-61.5075,76.2575],[-62.4676,76.34],[-62.9162,76.3645],[-63.6508,76.3799],[-64.0038,76.2949],[-64.4734,76.2519],[-64.8359,76.167],[-65.4745,76.0986],[-66.0268,76.1732],[-66.6839,76.3067],[-66.5404,75.9707],[-66.5634,75.9287],[-67.0367,75.9362],[-67.6191,76.019],[-69.0448,76.2938],[-68.353,76.5486],[-68.1444,76.5999],[-68.1859,76.7016],[-68.3763,76.7778],[-68.8562,76.7854],[-69.851,76.792],[-70.2167,76.8253],[-70.4999,76.8333],[-71.057,77.0285],[-71.4483,77.1219],[-71.1839,77.2595],[-70.6184,77.2778],[-69.2521,77.2117],[-68.3406,77.1963],[-67.7363,77.1889],[-66.7838,77.2593],[-66.3093,77.3547],[-66.1778,77.398],[-66.1534,77.5532],[-66.4356,77.6822],[-66.8047,77.7768],[-67.3523,77.7065],[-67.8518,77.5931],[-68.4412,77.5833],[-68.9532,77.6342],[-69.2921,77.599],[-69.6875,77.5551],[-69.9936,77.5804],[-70.3795,77.6661],[-70.678,77.8301],[-71.0452,77.9163],[-71.343,77.9418],[-71.6695,77.9151],[-71.8884,77.9494],[-72.5254,78.1661],[-72.5453,78.3235],[-72.3832,78.5257],[-72.0188,78.5792],[-71.4628,78.6243],[-70.7802,78.6873],[-69.8468,78.7597],[-69.2663,78.7962],[-68.8385,78.9741],[-68.3485,79.0905],[-67.9691,79.1268],[-66.8543,79.1289],[-66.3587,79.1744],[-65.4849,79.1582],[-65.3041,79.2209],[-65.1645,79.3104],[-64.8905,79.3824],[-64.7995,79.6784],[-64.6755,79.9039],[-64.6232,79.9492],[-65.0237,80.0518],[-65.8996,80.0692],[-66.4194,79.9819],[-66.8512,80.0385],[-67.4103,80.2107],[-67.1428,80.5621],[-66.5217,80.7113],[-65.2413,80.8728],[-64.6083,80.974],[-63.7254,81.0862],[-62.7749,81.1587],[-62.2513,81.1195],[-61.7053,81.1509],[-61.1118,81.1825],[-60.9567,81.2637],[-60.9517,81.3654],[-61.1122,81.7042],[-61.1224,81.7976],[-60.8873,81.8606],[-60.0387,81.8833],[-59.3519,81.791],[-58.3887,81.6066],[-57.8053,81.505],[-57.4442,81.4239],[-57.074,81.5477],[-57.8196,81.7838],[-58.1333,82.0132],[-58.0578,82.0344],[-57.0681,82.0892],[-56.5433,82.1432],[-55.7092,82.2404],[-54.5752,82.3281],[-54.2467,82.2968],[-53.7679,82.2446],[-53.6636,81.4626],[-53.2527,81.5352],[-53.0104,81.68],[-52.816,82.1301],[-52.3643,82.1205],[-51.4623,81.975],[-50.6261,81.7888],[-49.938,81.6762],[-49.846,81.8113],[-50.1358,81.9464],[-50.5031,82.188],[-50.9054,82.3681],[-50.7724,82.4971],[-50.4385,82.4871],[-49.6476,82.4781],[-49.1365,82.3826],[-47.897,82.2148],[-47.3192,82.0891],[-46.3703,81.944],[-45.5252,81.8205],[-44.683,81.7289],[-44.3228,81.8231],[-43.9554,82.4905],[-44.102,82.5764],[-44.6835,82.727],[-45.2129,82.9667],[-44.8941,83.0779],[-43.8125,83.0803],[-42.4794,83.2279],[-41.8811,83.2628],[-41.194,83.1862],[-40.1946,82.9668],[-39.4894,82.8915],[-38.5872,82.8277],[-38.4521,83.17],[-38.5872,83.3824],[-37.3967,83.4753],[-36.4871,83.5113],[-35.322,83.4686],[-34.4269,83.403],[-33.5784,83.4839],[-32.5132,83.577],[-31.5937,83.5791],[-30.7572,83.479],[-29.936,83.5035],[-29.344,83.4709],[-29.0653,83.4264],[-28.8177,83.4721],[-27.9419,83.4064],[-27.1737,83.3856],[-26.4208,83.3423],[-25.3236,82.9999],[-24.7079,82.8913],[-24.1026,82.9255],[-23.5996,82.8499],[-22.4324,82.7433],[-22.2319,82.5596],[-22.3688,82.5054],[-22.59,82.4191],[-23.3474,82.3533],[-24.3837,82.2977],[-24.9023,82.2434],[-25.4572,82.221],[-26.1184,82.2514],[-27.3924,82.2806],[-28.3914,82.3104],[-29.0164,82.2345],[-29.7428,82.2224],[-30.6127,82.2099],[-31.1347,82.1981],[-31.8031,82.1226],[-32.0029,82.0695],[-32.5981,81.9736],[-32.7487,81.7647],[-32.4145,81.6516],[-31.2665,81.7783],[-30.6513,81.8107],[-28.8907,81.7937],[-27.8905,81.8479],[-26.8417,81.8501],[-26.3933,81.8615],[-25.9747,81.8311],[-25.1785,81.636],[-24.8766,81.5954],[-24.3873,81.679],[-23.6388,81.7738],[-22.9476,81.9002],[-22.0636,81.9648],[-21.7979,81.757],[-22.0529,81.5397],[-23.0953,81.2521],[-23.5329,81.0999],[-24.1096,80.7694],[-24.0554,80.6313],[-23.9117,80.5628],[-23.5533,80.6029],[-23.3389,80.623],[-22.6119,80.8718],[-21.8173,81.1135],[-21.1817,81.2866],[-20.4141,81.4307],[-20.0654,81.5235],[-19.3174,81.597],[-18.5894,81.5472],[-17.9635,81.5177],[-17.2897,81.6528],[-16.9734,81.7984],[-16.4654,81.9036],[-15.4988,81.9057],[-14.7463,81.8552],[-14.2525,81.8354],[-13.714,81.7742],[-13.2033,81.6718],[-12.7051,81.6213],[-12.5631,81.5086],[-12.6445,81.3858],[-13.531,81.2722],[-14.202,81.2101],[-14.7622,80.9879],[-15.0126,80.8577],[-15.7344,80.6978],[-16.4409,80.451],[-16.9196,80.411],[-17.3327,80.4297],[-18.0492,80.4087],[-19.045,80.4262],[-19.7158,80.3372],[-20.0448,80.2397],[-20.2674,79.9989],[-20.1929,79.8538],[-19.3159,79.9912],[-18.6046,80.0118],[-17.7692,79.9666],[-17.7677,79.7774],[-18.1023,79.6689],[-19.1767,79.613],[-19.3854,79.5499],[-19.4813,79.4603],[-19.5515,79.1927],[-19.7632,78.8731],[-20.0682,78.8018],[-20.545,78.8362],[-20.8788,78.8179],[-21.2557,78.4126],[-21.7,77.9235],[-21.7676,77.7673],[-21.5635,77.6294],[-21.382,77.5866],[-21.1112,77.8032],[-20.7767,77.9686],[-20.3913,77.9867],[-19.3358,77.8672],[-19.1773,77.8242],[-19.0592,77.6946],[-19.0857,77.5996],[-19.6409,77.6331],[-19.9437,77.6411],[-20.1743,77.5975],[-20.2351,77.5112],[-20.1049,77.3825],[-19.3147,77.2981],[-19.0644,77.2386],[-18.2534,77.3001],[-18.0164,77.2063],[-17.92,77.0611],[-17.942,76.8651],[-18.057,76.8053],[-18.8829,76.8888],[-19.6266,76.9129],[-19.9779,76.9463],[-20.5606,76.9112],[-21.1827,76.6975],[-21.553,76.7562],[-21.7733,76.8238],[-22.2502,76.8058],[-22.3777,76.6359],[-21.751,76.3666],[-21.217,76.2666],[-20.6328,76.2088],[-19.8835,76.1766],[-19.5702,76.11],[-19.3222,75.8927],[-19.1998,75.6928],[-19.1935,75.4435],[-19.3889,75.2611],[-19.5616,75.2277],[-20.143,75.3093],[-20.5118,75.3582],[-20.6792,75.3082],[-20.6688,75.0608],[-20.6158,74.9543],[-20.424,74.8816],[-20.146,74.8416],[-19.8206,74.745],[-19.4092,74.6811],[-19.0709,74.6089],[-18.8987,74.4398],[-19.051,74.3347],[-19.4251,74.2696],[-19.7162,74.2128],[-20.5023,74.2274],[-21.0315,74.2666],[-21.7623,74.3055],[-22.0288,74.104],[-21.7809,74.0162],[-21.1525,73.9933],[-20.6794,73.9221],[-20.3536,73.8106],[-20.3138,73.6668],[-20.3296,73.4196],[-20.3881,73.4221],[-20.8795,73.4425],[-21.4405,73.3937],[-21.7085,73.2739],[-22.2692,73.2649],[-22.8203,73.3275],[-23.4937,73.5093],[-23.9086,73.724],[-24.0764,73.7557],[-24.5689,73.6269],[-25.0099,73.4746],[-25.498,73.4339],[-25.7629,73.3538],[-26.4156,73.3685],[-26.8266,73.4075],[-27.2628,73.343],[-27.4406,73.287],[-27.5189,73.1598],[-27.5164,73.0964],[-27.3572,72.8591],[-27.0377,72.7491],[-26.4601,72.7265],[-25.7782,72.6095],[-25.073,72.6345],[-24.4778,72.3915],[-24.1365,72.2901],[-23.9196,72.1885],[-23.3813,72.0407],[-22.8178,71.8697],[-22.6485,71.7452],[-22.4309,71.3412],[-22.0297,71.4351],[-21.9044,71.4975],[-21.726,71.4046],[-21.5918,71.211],[-21.5601,71.0563],[-21.4708,70.5323],[-21.5471,70.4401],[-21.7139,70.3861],[-21.9573,70.4316],[-22.2032,70.4849],[-22.6157,70.4841],[-23.0842,70.4679],[-23.7537,70.5896],[-24.0402,70.7738],[-24.227,71.059],[-24.3864,71.1825],[-24.913,71.4374],[-25.2913,71.5689],[-25.6276,71.6306],[-26.1202,71.6686],[-26.3545,71.6058],[-26.7875,71.5583],[-25.8496,71.4357],[-25.6949,71.273],[-26.086,71.1948],[-26.3294,71.1324]]],[[[14.8451,55.2563],[15.0424,55.1778],[15.1188,55.1027],[15.074,55.0309],[14.9587,55.0212],[14.7727,55.0735],[14.6964,55.1487],[14.7297,55.2466],[14.8451,55.2563]]],[[[8.5444,56.774],[8.6148,56.851],[8.7187,56.8967],[8.856,56.9113],[8.8853,56.862],[8.8064,56.7488],[8.7025,56.703],[8.5736,56.7247],[8.5444,56.774]]],[[[11.6482,56.7225],[11.6485,56.7208],[11.6279,56.7077],[11.5865,56.6831],[11.5502,56.6801],[11.519,56.6985],[11.5395,56.7117],[11.6119,56.7194],[11.6482,56.7225]]],[[[10.5923,55.764],[10.5491,55.7652],[10.5265,55.8197],[10.5246,55.9275],[10.5503,55.9524],[10.6038,55.8945],[10.6264,55.84],[10.6181,55.7889],[10.5923,55.764]]],[[[8.5641,56.6084],[8.4763,56.6137],[8.319,56.676],[8.2462,56.7386],[8.2582,56.8014],[8.3524,56.905],[8.529,57.0494],[8.8104,57.129],[9.1968,57.1437],[9.5299,57.2592],[9.8098,57.4755],[10.1238,57.6218],[10.4719,57.6981],[10.5926,57.7002],[10.4859,57.6282],[10.4599,57.5017],[10.5148,57.3205],[10.4908,57.1704],[10.388,57.0513],[10.2541,57.0162],[10.0892,57.0654],[9.816,57.0664],[9.4346,57.0192],[9.2118,57.0099],[9.1476,57.0385],[9.0044,57.0259],[8.782,56.9721],[8.6071,56.8785],[8.4796,56.7449],[8.4597,56.6801],[8.5475,56.6841],[8.5823,56.6602],[8.5641,56.6084]]],[[[11.1463,57.2889],[11.0471,57.2452],[10.9617,57.2333],[10.8902,57.2531],[10.8973,57.2774],[10.983,57.306],[11.0683,57.3179],[11.1533,57.3132],[11.1463,57.2889]]],[[[10.4388,54.8583],[10.4348,54.8472],[10.3867,54.8573],[10.2944,54.8885],[10.2323,54.9215],[10.2002,54.9562],[10.2483,54.9462],[10.3767,54.8913],[10.4388,54.8583]]],[[[11.0004,54.8218],[11.0214,54.8837],[11.0651,54.9252],[11.1313,54.9462],[11.2518,54.9249],[11.4265,54.8615],[11.5496,54.8483],[11.6212,54.8853],[11.7051,54.8694],[11.8013,54.8003],[11.8025,54.799],[11.7726,54.8429],[11.791,54.9256],[11.9557,54.9035],[12.0709,54.8792],[12.1366,54.8525],[12.1195,54.8042],[12.0197,54.7344],[11.9684,54.665],[11.9658,54.5961],[11.9005,54.6554],[11.8527,54.7254],[11.8544,54.7039],[11.756,54.6673],[11.5557,54.6354],[11.3391,54.6623],[11.1063,54.748],[11.0004,54.8218]]],[[[10.6802,54.8699],[10.7487,54.9717],[10.8824,55.098],[10.9011,55.0651],[10.805,54.8732],[10.7365,54.7714],[10.6955,54.7597],[10.6767,54.7926],[10.6802,54.8699]]],[[[9.8329,54.9594],[9.8102,54.9939],[9.7568,55.0207],[9.6726,55.0399],[9.671,55.0558],[9.752,55.0686],[9.8374,55.0585],[9.9271,55.0254],[9.9967,54.9753],[10.0463,54.9083],[9.9998,54.8826],[9.8572,54.8983],[9.7795,54.9249],[9.7669,54.9624],[9.7815,54.9714],[9.8233,54.9519],[9.8329,54.9594]]],[[[10.6306,54.9601],[10.5985,54.9502],[10.5656,54.9501],[10.5365,54.9641],[10.5113,54.9923],[10.5319,55.0156],[10.5986,55.0341],[10.6433,55.0299],[10.6659,55.0029],[10.6617,54.9796],[10.6306,54.9601]]],[[[12.464,54.9432],[12.2771,54.9012],[12.1667,54.8862],[12.1328,54.8982],[12.1649,54.9369],[12.2629,55.0025],[12.3733,55.0175],[12.4961,54.9819],[12.464,54.9432]]],[[[12.6042,55.5612],[12.5626,55.566],[12.5288,55.5951],[12.5355,55.6313],[12.5826,55.6745],[12.6242,55.6697],[12.6605,55.6169],[12.6538,55.5808],[12.6042,55.5612]]],[[[10.4115,55.0428],[10.239,55.0705],[10.0335,55.1881],[9.7949,55.3955],[9.8341,55.5286],[10.1512,55.5875],[10.3535,55.5958],[10.441,55.5536],[10.4676,55.5126],[10.4333,55.4727],[10.4317,55.4491],[10.463,55.4417],[10.5105,55.4501],[10.5742,55.4743],[10.6094,55.5196],[10.6159,55.586],[10.6507,55.5849],[10.7137,55.5164],[10.7676,55.4351],[10.8124,55.341],[10.8217,55.251],[10.7958,55.1653],[10.7115,55.0991],[10.569,55.0523],[10.4115,55.0428]]],[[[8.4338,55.4342],[8.4596,55.4033],[8.4623,55.3572],[8.4485,55.3455],[8.4182,55.3681],[8.3924,55.399],[8.371,55.4382],[8.3848,55.4499],[8.4338,55.4342]]],[[[-54.5744,69.6089],[-54.6869,69.707],[-54.7227,70.0869],[-54.5937,70.2402],[-54.4283,70.2482],[-54.1375,70.1875],[-53.6167,70.1578],[-53.0375,70.0366],[-52.7012,69.9154],[-52.4336,69.8704],[-52.084,69.7725],[-51.8128,69.6216],[-51.8774,69.5307],[-51.9279,69.5155],[-52.1726,69.4923],[-52.5211,69.4766],[-52.8674,69.3928],[-53.3217,69.3241],[-53.5515,69.2784],[-53.8071,69.3383],[-54.1253,69.4812],[-54.4859,69.5636],[-54.5744,69.6089]]],[[[-23.5854,72.4404],[-23.657,72.4717],[-23.7984,72.6605],[-23.131,72.6775],[-22.7294,72.6152],[-22.2505,72.498],[-21.8821,72.365],[-21.8095,72.1454],[-21.9062,72.0512],[-22.1457,72.0273],[-22.8328,72.269],[-23.2649,72.3702],[-23.5854,72.4404]]],[[[11.112,59.1651],[10.8292,59.1058],[10.7689,59.1177],[10.6568,59.2244],[10.5493,59.3786],[10.6336,59.4498],[10.5697,59.5805],[10.4071,59.4973],[10.3786,59.3668],[10.4296,59.26],[10.3633,59.2125],[10.2111,59.0703],[10.1723,58.9874],[9.9376,58.94],[9.6976,58.9992],[9.3462,58.8453],[9.3716,58.7861],[9.1459,58.6561],[8.9217,58.5379],[8.1752,58.172],[8.1538,58.0896],[8.0302,58.066],[7.9084,58.066],[6.9586,57.9717],[6.8742,58.0778],[6.7257,58.1367],[6.6437,58.0424],[6.4791,58.0896],[6.6517,58.172],[6.2313,58.2782],[5.8738,58.4316],[5.6155,58.4552],[5.3997,58.7152],[5.531,58.8808],[5.4746,58.9755],[5.6275,58.9637],[5.6658,58.8216],[5.7937,58.9163],[6.0935,58.798],[5.9837,58.8867],[6.0412,58.9518],[6.2661,58.9933],[6.0506,58.9814],[5.9404,58.9341],[5.8223,59.017],[5.7719,59.0762],[6.0326,59.2007],[6.2375,59.2837],[6.0203,59.254],[5.8775,59.3133],[6.0762,59.4202],[6.1134,59.5271],[5.8159,59.3133],[5.7995,59.432],[5.6805,59.5092],[5.6829,59.4142],[5.7172,59.3371],[5.5285,59.2659],[5.3438,59.2659],[5.3503,59.3905],[5.2826,59.2718],[5.1767,59.3074],[5.0866,59.5092],[5.3826,59.7113],[5.4186,59.5152],[5.4493,59.6578],[5.6462,59.5864],[5.7411,59.628],[5.6665,59.6756],[5.9699,59.7113],[6.1854,59.8243],[5.9105,59.7529],[5.694,59.7529],[5.5433,59.8243],[5.6317,59.8838],[5.8058,59.9492],[5.8941,60.1613],[5.5246,60.1675],[5.279,60.1253],[5.0962,60.2641],[5.2618,60.3271],[5.5511,60.5089],[5.4558,60.5924],[5.2552,60.5641],[5.0755,60.5917],[4.9804,60.6892],[5.1085,60.9061],[5.3871,61.0256],[5.1196,61.1371],[5.0183,61.3051],[5.141,61.3896],[5.1011,61.6986],[5.149,61.7409],[5.416,61.7695],[5.5924,61.7897],[5.7971,61.7699],[5.8339,61.8194],[5.7195,61.8796],[5.5282,61.9325],[5.4257,62.0093],[5.4697,62.0937],[5.5646,62.1503],[5.8236,62.179],[6.0535,62.3348],[6.3084,62.2858],[6.5325,62.3357],[6.613,62.5833],[6.9887,62.5416],[7.2893,62.4856],[7.5467,62.5992],[7.1016,62.7046],[6.9819,62.8461],[7.0882,62.9102],[7.6065,62.9041],[7.9892,62.9403],[8.2313,62.8414],[8.258,63.0543],[8.4723,63.1755],[8.6059,63.3251],[8.9572,63.404],[9.1542,63.319],[9.2161,63.2836],[9.4409,63.4975],[9.8321,63.6836],[9.8701,63.8764],[10.0662,64.0555],[10.7399,64.3862],[10.8906,64.4725],[10.9966,64.4942],[11.2135,64.4157],[11.3641,64.416],[11.5077,64.5167],[11.4065,64.617],[11.4699,64.6746],[11.6897,64.7756],[11.8956,64.9127],[12.1121,65.1299],[12.2222,65.1012],[12.5265,65.1089],[12.4962,65.3845],[12.2841,65.4349],[12.4792,65.617],[12.7091,65.9089],[13.0874,65.8804],[13.1088,66.0337],[13.1519,66.1361],[13.581,66.1881],[13.4028,66.3488],[13.2554,66.3925],[13.1686,66.4583],[13.2421,66.5685],[13.3832,66.679],[13.592,66.6573],[13.9916,66.6875],[13.7472,66.9224],[13.8591,66.9595],[14.0547,66.9746],[14.3731,67.0931],[14.6393,67.1231],[14.7777,67.2165],[14.6165,67.2453],[14.5692,67.3293],[14.6991,67.3744],[14.9762,67.5229],[15.2267,67.5086],[15.3845,67.4644],[15.5799,67.5833],[15.7457,67.5973],[15.7618,67.6763],[15.5722,67.8207],[15.8542,67.9252],[15.9197,68.049],[16.0711,68.0447],[16.2327,67.9111],[16.4116,67.8743],[16.6486,68.0457],[16.5219,68.3409],[16.7191,68.3114],[17.0333,68.3376],[17.1264,68.4161],[16.8548,68.5578],[17.0397,68.6585],[17.4069,68.7715],[17.4489,68.887],[17.5659,68.9744],[17.8947,69.0351],[17.9281,69.0051],[18.0515,69.0279],[18.0973,69.058],[18.3191,69.3594],[18.5532,69.2469],[18.9849,69.3154],[19.1702,69.2555],[19.2892,69.2106],[19.58,69.1811],[17.0094,67.2478],[14.536,63.0976],[14.3437,62.9481],[13.1549,62.0242],[12.7917,61.3299],[12.5974,61.0286],[12.174,60.9564],[12.431,60.6258],[12.548,60.4339],[12.4359,60.2781],[12.4228,60.0388],[12.4879,58.5629],[11.7364,57.6982],[11.6098,57.807],[11.7091,58.0247],[11.8019,58.1779],[11.6139,58.2473],[11.4311,58.2015],[11.4067,58.3313],[11.2214,58.3083],[11.1404,58.8512],[11.0392,58.9104],[11.1789,59.0703],[11.112,59.1651]]]]}},{"type":"Feature","properties":{"NAME":"Peshemegs","ABBREVN":"Peshemegs","INFO_UR":null,"SUBJECTO":"Peshemegs","BORDERPRECISION":1,"PARTOF":"Peshemegs"},"geometry":{"type":"MultiPolygon","coordinates":[[[[30.4437,46.1851],[30.3061,46.3158],[29.9411,46.5445],[29.5792,46.6149],[28.9318,47.1581],[29.6371,47.2963],[29.8799,48.3207],[30.463,48.3957],[30.445,48.4404],[32.5683,49.224],[32.6205,49.1986],[32.7181,49.1401],[32.7695,49.1159],[32.8634,49.0873],[32.9809,49.0826],[33.0435,49.0631],[33.0661,49.0214],[33.0763,49.0044],[33.1625,48.9936],[33.1671,49.0193],[33.194,49.0939],[33.1943,49.1187],[33.1041,49.2002],[33.0154,49.2807],[32.9244,49.3554],[39.302,51.709],[39.7656,52.4972],[40.0283,52.4776],[44.826,52.1196],[45.4019,52.065],[50.8651,51.5475],[55.0619,51.1499],[55.7543,51.0842],[61.9593,48.8814],[61.6342,47.209],[61.5484,46.7677],[61.4658,46.7669],[61.3128,46.6819],[61.2496,46.6115],[61.1233,46.5653],[60.9381,46.4898],[60.8462,46.5244],[60.7994,46.569],[60.7831,46.6327],[60.8587,46.6975],[60.8429,46.7733],[60.6574,46.8219],[60.5034,46.8057],[60.5231,46.7273],[60.6378,46.7208],[60.728,46.676],[60.7257,46.6258],[60.6512,46.5891],[60.6045,46.5781],[60.5546,46.5856],[60.5012,46.6118],[60.4596,46.5928],[60.4297,46.5289],[60.3963,46.5431],[60.3594,46.6352],[60.3174,46.6874],[60.2705,46.6997],[60.1891,46.6768],[60.0731,46.6188],[60.0092,46.5606],[59.9977,46.5024],[60.0207,46.4494],[60.0787,46.4018],[60.2112,46.2871],[60.456,46.2734],[60.5665,46.2652],[60.8226,46.2432],[60.8241,46.2134],[60.7857,46.1518],[60.7235,46.1679],[60.605,46.1269],[60.5527,46.1549],[60.4787,46.2048],[60.3,46.1638],[60.0187,46.213],[59.8154,46.1814],[59.8008,46.2545],[59.7789,46.3015],[59.7494,46.3221],[59.6988,46.3313],[59.5769,46.3335],[59.5488,46.3448],[59.5308,46.3427],[59.4807,46.3171],[59.5459,46.2393],[59.5498,45.9943],[59.4314,45.8034],[59.2873,45.835],[59.3011,45.8804],[59.3603,45.9326],[59.3662,45.9902],[59.3287,46.0259],[59.2636,46.0272],[59.1984,46.0231],[59.1432,46.0067],[59.0701,46.0012],[58.9816,45.9746],[58.9574,45.9682],[58.8806,45.9559],[58.8154,45.9312],[58.7716,45.895],[58.7207,45.8477],[58.6812,45.7836],[58.6553,45.7157],[58.6279,45.6002],[58.6113,45.5847],[58.5887,45.5371],[58.5601,45.4572],[58.5136,45.3857],[58.4492,45.3224],[58.4041,45.253],[58.3783,45.1775],[58.2722,44.9817],[58.2381,44.9031],[58.2321,44.8513],[58.251,44.7864],[58.2946,44.7084],[58.2967,44.6384],[58.2571,44.5766],[58.1985,44.5197],[58.2301,44.452],[58.242,44.359],[58.3999,44.1667],[58.3762,44.0391],[58.3446,43.8657],[58.3673,43.7371],[58.5963,43.7571],[58.7799,43.7471],[58.8273,43.844],[58.9102,43.8525],[59.0188,43.8611],[59.0079,43.9795],[59.1264,44.0022],[59.2478,43.854],[59.5054,43.9141],[59.7157,43.6693],[60.0769,43.6086],[60.9436,44.4411],[61.1094,44.7167],[61.1525,44.7319],[60.848,43.1655],[54.2058,41.4637],[54.1672,41.483],[54.1385,41.6266],[54.1193,41.7799],[54.0235,41.8565],[54.0235,41.9523],[54.0235,42.0481],[53.9852,42.1055],[53.7362,42.1343],[53.4584,42.096],[53.2669,42.0864],[53.0657,42.0289],[52.9795,41.9044],[52.9412,41.7703],[52.9987,41.6841],[52.97,41.5596],[52.9316,41.3776],[52.9604,41.2723],[52.97,41.1382],[52.855,41.3872],[52.6922,41.5309],[52.7114,41.6075],[52.6826,41.6937],[52.5593,41.7578],[52.6007,41.9377],[52.5738,42.0186],[52.5198,42.0726],[52.5828,42.1895],[52.6727,42.2794],[52.7356,42.4232],[52.7536,42.5581],[52.8345,42.648],[52.7626,42.7559],[52.5828,42.8279],[52.376,42.8009],[52.295,42.8728],[52.1601,42.8459],[52.0702,42.8279],[51.9803,42.9088],[51.8814,43.0527],[51.7375,43.1786],[51.5847,43.1786],[51.4228,43.1696],[51.4228,43.2595],[51.4588,43.3854],[51.3689,43.5562],[51.261,43.6102],[51.171,43.7181],[50.9912,44.0777],[50.9552,44.2036],[50.7035,44.2576],[50.3887,44.2936],[50.3258,44.3655],[50.3348,44.5633],[50.4067,44.6173],[50.5416,44.6442],[50.7214,44.6352],[50.8743,44.6262],[51.0901,44.5633],[51.3329,44.4824],[51.4138,44.5183],[51.5757,44.5543],[51.4858,44.6262],[51.3689,44.6802],[51.189,44.7701],[51.0991,44.878],[51.216,45.0399],[51.3419,45.0579],[51.3779,45.1748],[51.4588,45.3096],[51.5127,45.3726],[51.6296,45.3546],[51.7735,45.3906],[51.8454,45.4355],[51.9983,45.3816],[52.1062,45.3816],[52.6097,45.3995],[53.0593,45.3366],[53.2841,45.3276],[53.2122,45.3636],[53.0593,45.4535],[52.8435,45.5074],[52.8345,45.6423],[52.9245,45.7323],[53.0503,45.8312],[53.1493,45.9571],[53.2032,46.1908],[53.2572,46.3167],[53.1852,46.4246],[53.1223,46.4966],[53.1672,46.5865],[53.2841,46.6764],[53.2302,46.7304],[53.1852,46.8652],[53.0234,46.9192],[52.8615,46.9372],[52.5558,46.9821],[52.4659,46.9102],[52.376,46.8742],[52.1422,46.8383],[51.9353,46.8922],[51.7915,47.0091],[51.6746,47.0361],[51.3689,47.09],[51.1171,47.063],[50.8203,46.9192],[50.6315,46.9102],[50.2719,46.6854],[49.9481,46.5595],[49.7234,46.5325],[49.5345,46.5415],[49.4086,46.4336],[49.3132,46.3527],[49.2378,46.2628],[49.0579,46.1369],[48.8871,46.0829],[48.8332,46.0829],[48.8332,46.02],[48.8332,45.9211],[48.7702,45.8851],[48.6353,45.975],[48.4825,45.8851],[48.3026,45.7682],[48.0507,45.721],[45.0881,48.1218],[41.8469,48.4751],[39.202,47.2278],[39.1941,47.243],[39.1598,47.2689],[38.8002,47.2292],[38.2097,47.1505],[37.8593,47.1037],[37.4221,47.0769],[37.1926,46.8944],[36.8646,46.8093],[36.2414,46.6314],[36.2131,46.6608],[36.0675,46.6703],[35.9072,46.6511],[35.8058,46.6161],[35.7255,46.5705],[35.6464,46.4994],[35.5111,46.4547],[35.3522,46.3317],[35.3469,46.355],[35.198,46.4433],[35.2167,46.405],[35.1197,46.2994],[35.038,46.2517],[34.8125,46.1814],[34.4912,46.1682],[34.2169,46.2303],[34.1746,46.266],[34.1586,46.2666],[34.158,46.2485],[34.1586,46.2435],[34.0642,46.2649],[33.911,46.216],[33.8482,46.2307],[33.7781,46.234],[33.728,46.2281],[33.7039,46.2148],[33.6962,46.2003],[33.7076,46.1818],[33.7705,46.1333],[33.8152,46.1423],[33.8314,46.1434],[33.8851,46.0599],[33.9243,46.0391],[33.9602,46.04],[33.9777,46.0518],[33.9983,46.0723],[34.0724,46.0593],[34.1215,46.0258],[34.1328,46.0097],[34.1403,45.9626],[34.1645,45.9444],[34.1866,45.9562],[34.1871,45.9766],[34.1819,46.0161],[34.1897,46.0296],[34.227,46.0214],[34.2715,46.0269],[34.3879,45.9504],[34.38,45.9013],[34.39,45.8879],[34.4117,45.8898],[34.449,45.911],[34.5031,45.8761],[34.6192,45.935],[34.5188,45.8244],[34.4951,45.8028],[34.4951,45.7983],[34.4664,45.7667],[34.6491,45.7856],[35.008,45.612],[35.0319,45.5343],[34.99,45.45],[35.042,45.3722],[33.528,44.8718],[33.5594,44.9361],[33.5167,45.1235],[33.3819,45.1867],[33.2756,45.1542],[33.0117,45.3044],[32.9369,45.3419],[32.6435,45.3806],[32.5753,45.3611],[32.5032,45.4451],[32.9023,45.6726],[33.1842,45.7386],[33.5395,45.8747],[33.6388,45.9268],[33.5279,46.1341],[33.3325,46.1661],[32.9729,46.1459],[32.5164,46.1256],[32.2022,46.1704],[32.1141,46.2156],[31.9259,46.4099],[32.1888,46.5922],[32.0075,46.6392],[31.9513,46.8646],[31.7811,46.7019],[31.5377,46.7014],[31.1678,46.6473],[31.0872,46.6355],[30.8329,46.5766],[30.5205,46.2514],[30.4437,46.1851]],[[34.4866,47.593],[34.7307,47.5775],[34.9971,47.5876],[35.0878,47.6755],[35.0856,47.8243],[35.1057,47.8416],[35.1303,47.84],[35.2424,47.6473],[35.3018,47.4918],[35.2694,47.4505],[35.2132,47.4499],[35.049,47.4282],[34.9605,47.4065],[34.8077,47.4631],[34.5924,47.5201],[34.4194,47.487],[34.1898,47.42],[34.1768,47.3893],[34.1834,47.3456],[34.1728,47.3246],[34.0972,47.3161],[33.9041,47.1587],[33.7182,46.9406],[33.6997,46.8987],[33.6873,46.8606],[33.5594,46.8222],[33.5398,46.8312],[33.5759,46.8826],[33.6298,47.034],[33.6554,47.0503],[33.6668,47.042],[33.7047,47.0608],[33.7613,47.119],[33.7771,47.1625],[33.8348,47.2123],[33.9335,47.2824],[33.9628,47.3312],[33.9646,47.3589],[33.9473,47.4514],[33.9361,47.5415],[33.984,47.5557],[34.067,47.5583],[34.1478,47.5423],[34.2107,47.5362],[34.2403,47.5749],[34.2662,47.5899],[34.3158,47.5668],[34.3803,47.5575],[34.4363,47.5689],[34.4866,47.593]]]]}}]}