{"type":"FeatureCollection","name":"world_2010","crs":{"type":"name","properties":{"name":"urn:ogc:def:crs:OGC:1.3:CRS84"}},"features":[{"type":"Feature","properties":{"NAME":"Luxembourg","ABBREVN":"Luxembourg","SUBJECTO":"Luxembourg","BORDERPRECISION":3,"PARTOF":"Luxembourg"},"geometry":{"type":"MultiPolygon","coordinates":[[[[5.8235,49.5071],[5.8844,49.6635],[5.7451,49.7553],[5.7379,49.9025],[5.8338,50.0474],[5.9438,50.1138],[6.0074,50.15],[6.1085,50.1175],[6.1366,49.982],[6.3215,49.8416],[6.5309,49.7984],[6.5114,49.6689],[6.3995,49.6042],[6.433,49.4453],[6.368,49.4735],[6.1123,49.4787],[5.8235,49.5071]]]]}},{"type":"Feature","properties":{"NAME":"Cyprus","ABBREVN":"Cyprus","SUBJECTO":"Cyprus","BORDERPRECISION":3,"PARTOF":"Cyprus"},"geometry":{"type":"MultiPolygon","coordinates":[[[[32.6591,35.1382],[32.6463,35.0949],[32.8359,35.0092],[33.1479,35.1272],[33.3849,35.1208],[33.4165,34.938],[33.5291,35.0044],[33.6713,34.9963],[33.6765,34.9355],[33.5385,34.9442],[33.4839,34.7958],[33.1314,34.6803],[32.9586,34.6593],[32.9145,34.6357],[32.9145,34.5413],[32.8167,34.5386],[32.7841,34.6252],[32.6034,34.6147],[32.3572,34.6803],[32.2711,34.7197],[32.271,34.8142],[32.1985,34.8614],[32.1437,35.0425],[32.1805,35.0583],[32.2345,35.0136],[32.301,35.0163],[32.4831,35.1529],[32.597,35.1556],[32.6591,35.1382]]]]}},{"type":"Feature","properties":{"NAME":"Qatar","ABBREVN":"Qatar","SUBJECTO":"Qatar","BORDERPRECISION":3,"PARTOF":"Qatar"},"geometry":{"type":"MultiPolygon","coordinates":[[[[51.2878,24.4108],[51.1198,24.3987],[50.9683,24.4362],[50.9649,24.7127],[50.8962,24.9096],[50.8473,25.2652],[50.9311,25.5386],[51.0154,25.5881],[50.989,25.6721],[51.0688,25.9455],[51.217,26.0665],[51.3577,26.029],[51.3888,25.8873],[51.5059,25.8453],[51.5345,25.7558],[51.5867,25.6091],[51.5391,25.4202],[51.5529,25.1015],[51.6062,24.9873],[51.5589,24.8157],[51.412,24.6057],[51.2878,24.4108]]]]}},{"type":"Feature","properties":{"NAME":"United Arab Emirates","ABBREVN":"Untd Arab Em","SUBJECTO":"United Arab Emirates","BORDERPRECISION":3,"PARTOF":"United Arab Emirates"},"geometry":{"type":"MultiPolygon","coordinates":[[[[51.1198,24.3987],[51.2878,24.4108],[51.2914,24.2814],[51.4542,24.2182],[51.5229,24.1607],[51.6064,24.2026],[51.5859,24.0032],[51.7646,24.0029],[51.9456,23.9455],[52.2546,23.9875],[52.301,24.0819],[52.383,24.1082],[52.4812,24.0557],[52.6716,24.0747],[52.9394,24.0244],[53.0402,24.04],[53.0757,24.0872],[53.6868,23.9875],[54.0165,24.0505],[54.0063,24.1817],[54.1075,24.1029],[54.276,24.1098],[54.3471,24.1545],[54.4874,24.3443],[54.5922,24.3773],[54.7121,24.5999],[54.7708,24.7335],[55.0908,25.02],[55.4572,25.4202],[55.5305,25.373],[55.6335,25.4532],[56.0155,25.7716],[56.1567,25.9665],[56.2242,25.8941],[56.1125,25.7048],[56.0642,25.5704],[56.0626,25.4911],[56.1069,25.4624],[56.1613,25.4733],[56.366,25.4547],[56.4063,25.3087],[56.4065,25.08],[56.4053,24.9187],[56.1848,24.9036],[56.0041,24.9407],[55.9556,24.7626],[55.9889,24.1656],[55.8993,24.0127],[55.6581,23.7445],[55.6592,23.3189],[55.67,22.3851],[55.6988,22.3027],[55.6301,22.2769],[55.3674,22.0657],[54.9901,22.1144],[53.4661,22.3151],[51.9529,22.4842],[51.8355,22.8901],[51.5889,23.4096],[51.1198,24.3987]]]]}},{"type":"Feature","properties":{"NAME":"Oman","ABBREVN":"Oman","SUBJECTO":"Oman","BORDERPRECISION":3,"PARTOF":"Oman"},"geometry":{"type":"MultiPolygon","coordinates":[[[[56.1567,25.9665],[56.2973,26.1597],[56.3671,26.2361],[56.405,25.8614],[56.2148,25.5433],[56.1613,25.4733],[56.1069,25.4624],[56.0626,25.4911],[56.0642,25.5704],[56.1125,25.7048],[56.2242,25.8941],[56.1567,25.9665]]],[[[56.4053,24.9187],[56.4054,24.8195],[56.6108,24.4769],[56.7942,24.2676],[57.1462,23.9825],[57.451,23.8052],[57.9042,23.5711],[58.0807,23.5016],[58.2053,23.4955],[58.4647,23.5088],[58.6285,23.4583],[59.0216,23.0208],[59.2543,22.729],[59.4614,22.5389],[59.8257,22.3745],[59.8373,22.2792],[59.5357,21.8021],[59.2588,21.4774],[58.8614,21.1145],[58.512,20.4212],[58.4031,20.3575],[58.1504,20.3951],[58.0444,20.433],[57.9313,20.4009],[57.8061,20.172],[57.7776,19.67],[57.7784,19.3142],[57.8386,19.0348],[57.657,18.9709],[57.1862,18.9381],[56.9043,18.8168],[56.7389,18.6894],[56.6086,18.4667],[56.5494,18.2188],[56.4576,18.0916],[56.2576,17.9768],[56.0128,17.9318],[55.8815,17.9315],[55.7081,17.9502],[55.5611,17.9372],[55.3895,17.8097],[55.2904,17.6761],[55.2344,17.4473],[55.2356,17.2884],[55.1948,17.1486],[54.9106,16.9701],[54.7561,16.9507],[54.4069,17.0452],[54.0843,17.0191],[53.6813,16.8975],[53.3357,16.7634],[53.2085,16.7186],[53.0209,16.6538],[52.9124,16.7911],[52.6949,17.1012],[52.6975,17.2346],[52.6405,17.3486],[52.2209,17.9624],[51.9488,18.3992],[51.8475,18.6845],[51.8061,18.9829],[52.5674,19.3494],[53.6244,19.8956],[56.0302,21.2374],[55.9602,21.8913],[55.6988,22.3027],[55.67,22.3851],[55.6592,23.3189],[55.6581,23.7445],[55.8993,24.0127],[55.9889,24.1656],[55.9556,24.7626],[56.0041,24.9407],[56.1848,24.9036],[56.4053,24.9187]]]]}},{"type":"Feature","properties":{"NAME":"Iceland","ABBREVN":"Iceland","SUBJECTO":"Iceland","BORDERPRECISION":3,"PARTOF":"Iceland"},"geometry":{"type":"MultiPolygon","coordinates":[[[[-24.2189,65.5337],[-24.1615,65.6066],[-23.9726,65.6871],[-23.5705,65.6806],[-23.267,65.7249],[-23.4261,65.8267],[-23.6083,65.9796],[-23.4656,66.1334],[-23.3411,66.1337],[-22.9109,65.9444],[-22.6093,65.9231],[-22.4741,65.9964],[-22.5601,66.1132],[-22.8411,66.281],[-22.6764,66.3913],[-22.2098,66.2896],[-21.7791,66.2537],[-21.4432,66.1299],[-21.2425,65.8818],[-21.2962,65.6994],[-21.4947,65.568],[-21.0797,65.2054],[-20.8306,65.3656],[-20.6725,65.424],[-20.3889,65.4755],[-20.1684,65.5559],[-20.1413,65.6506],[-20.2174,66.0006],[-19.9733,66.1107],[-19.7477,65.9065],[-19.556,65.7683],[-19.336,65.6739],[-19.2392,65.6668],[-19.1559,65.7253],[-19.2745,65.9293],[-19.1654,66.0026],[-19.0441,66.0174],[-18.6763,66.0912],[-18.369,65.8945],[-18.1279,65.7855],[-17.8838,65.7568],[-17.861,65.8371],[-18.0225,66.0778],[-17.5697,66.0129],[-16.9221,65.9776],[-16.568,66.0293],[-16.3757,66.1321],[-16.3852,66.4544],[-15.8599,66.4187],[-15.574,66.2068],[-15.0708,66.0614],[-14.7633,66.0547],[-14.6407,65.9453],[-14.7541,65.6971],[-14.4001,65.5667],[-13.6469,65.4953],[-13.5898,65.43],[-13.5256,65.1833],[-13.5574,65.0094],[-13.6258,64.8939],[-13.6942,64.7786],[-13.8934,64.7207],[-14.2603,64.7128],[-14.3481,64.6695],[-14.3659,64.4756],[-14.5975,64.2671],[-14.8212,64.195],[-15.0768,64.2089],[-15.2665,64.2802],[-15.6341,64.0575],[-15.8765,63.9927],[-16.5338,63.7841],[-16.9175,63.7334],[-17.2444,63.7328],[-17.5915,63.6893],[-17.9441,63.4248],[-18.1569,63.3675],[-18.6419,63.3238],[-18.9608,63.3375],[-19.5531,63.4147],[-19.8267,63.4783],[-20.4039,63.6983],[-20.8799,63.7403],[-21.0791,63.7113],[-21.5475,63.7176],[-22.3729,63.7732],[-22.5066,63.8658],[-22.3113,63.952],[-21.8041,64.1104],[-21.4885,64.3761],[-21.8567,64.3826],[-22.0862,64.4396],[-22.2786,64.6188],[-22.3924,64.6617],[-22.5536,64.6255],[-23.2575,64.5738],[-23.5083,64.559],[-23.6746,64.6593],[-23.6112,64.7457],[-23.4367,64.8036],[-23.1356,64.8473],[-22.7784,64.8552],[-22.4503,64.9062],[-21.9783,64.9503],[-21.8092,65.0374],[-21.7289,65.1825],[-21.7938,65.2985],[-21.9548,65.378],[-22.1465,65.3849],[-22.3616,65.4499],[-22.8137,65.4709],[-23.1832,65.4266],[-23.3742,65.3536],[-23.6785,65.3167],[-24.1469,65.4393],[-24.2189,65.5337]]]]}},{"type":"Feature","properties":{"NAME":"Estonia","ABBREVN":"Estonia","SUBJECTO":"Estonia","BORDERPRECISION":3,"PARTOF":"Estonia"},"geometry":{"type":"MultiPolygon","coordinates":[[[[28.0131,59.4582],[28.0784,59.4341],[28.1505,59.3752],[28.1308,59.2966],[28.0522,59.277],[27.9671,59.277],[27.9147,59.277],[27.8754,59.2573],[27.8492,59.1984],[27.7706,59.0739],[27.6723,58.9822],[27.5283,58.9233],[27.4366,58.8643],[27.3973,58.7923],[27.4104,58.7202],[27.4693,58.5237],[27.5021,58.4386],[27.5152,58.3665],[27.4366,58.3076],[27.4366,58.229],[27.5152,58.1242],[27.6069,58.0849],[27.6461,58.0522],[27.6461,58.0194],[27.6527,57.9801],[27.6723,57.9146],[27.7509,57.895],[27.7771,57.8688],[27.6985,57.836],[27.5807,57.8164],[27.5086,57.7902],[27.4824,57.7443],[27.4431,57.6919],[27.3842,57.6919],[27.3711,57.6395],[27.3645,57.6002],[27.3121,57.574],[27.3489,57.5264],[27.2925,57.5151],[27.2532,57.5216],[27.1156,57.5413],[27.0436,57.5675],[26.965,57.6002],[26.8733,57.6199],[26.8143,57.574],[26.7226,57.5871],[26.6637,57.5675],[26.5916,57.5282],[26.5261,57.5216],[26.4607,57.5609],[26.4083,57.574],[26.3297,57.574],[26.238,57.6264],[26.1856,57.705],[26.0939,57.7574],[26.0284,57.7771],[25.9956,57.8295],[25.9105,57.8295],[25.7991,57.8491],[25.7074,57.9015],[25.6943,57.9015],[25.5699,57.9081],[25.524,57.9539],[25.4127,57.9736],[25.3603,58.0194],[25.2752,58.0587],[25.2752,58.026],[25.2228,57.9867],[25.1638,58.0129],[25.1573,58.0456],[25.118,58.0587],[25.0721,58.0587],[24.9477,58.0063],[24.9018,57.9932],[24.8429,57.9867],[24.7446,57.9801],[24.6791,57.9605],[24.5612,57.9474],[24.4368,57.9081],[24.3844,57.8622],[24.3456,57.8622],[24.4156,57.9479],[24.4144,58.1059],[24.4968,58.2132],[24.3311,58.3079],[24.0584,58.1115],[23.9081,58.2244],[23.6709,58.2414],[23.6905,58.6655],[23.5119,58.5809],[23.3608,58.7674],[23.432,58.8581],[23.3379,58.9724],[23.457,59.0055],[23.4158,59.119],[23.5702,59.1381],[24.0321,59.1757],[24.0296,59.2354],[24.2819,59.2841],[24.3416,59.3689],[24.5376,59.3234],[24.5709,59.3743],[24.7138,59.3518],[24.7512,59.4485],[25.2483,59.3618],[25.4488,59.494],[25.49,59.42],[25.7211,59.4598],[26.3433,59.4466],[26.8619,59.3717],[26.999,59.3177],[27.2651,59.338],[27.702,59.2975],[27.8936,59.3461],[28.0159,59.4542],[28.0131,59.4582]]]]}},{"type":"Feature","properties":{"NAME":"Latvia","ABBREVN":"Latvia","SUBJECTO":"Latvia","BORDERPRECISION":3,"PARTOF":"Latvia"},"geometry":{"type":"MultiPolygon","coordinates":[[[[27.3489,57.5264],[27.5152,57.5282],[27.5086,57.4758],[27.5086,57.4234],[27.6134,57.3906],[27.7051,57.3513],[27.7444,57.3186],[27.8361,57.2924],[27.8295,57.2531],[27.8164,57.2007],[27.8099,57.1614],[27.764,57.1286],[27.7247,57.1221],[27.6789,57.109],[27.7378,57.0697],[27.7051,57.0108],[27.7182,56.9584],[27.6854,56.9191],[27.6396,56.8863],[27.62,56.8405],[27.7116,56.8667],[27.7771,56.8732],[27.8361,56.8405],[27.8754,56.8339],[27.9081,56.8143],[27.8819,56.775],[27.8623,56.7422],[27.9147,56.6964],[27.9736,56.6702],[27.9867,56.5981],[28.0522,56.5523],[28.1243,56.5326],[28.0981,56.4933],[28.157,56.4409],[28.1505,56.3558],[28.1898,56.251],[28.1701,56.2117],[28.1636,56.1593],[28.1364,56.1404],[28.0276,56.1203],[27.9196,56.0972],[27.8657,56.0433],[27.7655,56.0278],[27.7038,55.9585],[27.6421,55.9199],[27.6113,55.8737],[27.5805,55.7812],[27.4957,55.7658],[27.3878,55.7812],[27.2798,55.7966],[27.1334,55.812],[26.9715,55.812],[26.8944,55.7812],[26.8482,55.7195],[26.748,55.681],[26.6786,55.681],[26.6323,55.6887],[26.5938,55.6655],[26.4242,55.681],[26.3009,55.7118],[26.2315,55.7889],[26.1698,55.8583],[26.0234,55.9199],[25.7998,56.0201],[25.6456,56.1281],[25.4761,56.1435],[25.214,56.1589],[25.0675,56.2129],[24.9365,56.2976],[24.8979,56.4133],[24.8131,56.4056],[24.736,56.3747],[24.5742,56.2976],[24.3969,56.2899],[24.289,56.2899],[24.1656,56.2514],[24.0577,56.2899],[23.9189,56.3362],[23.6491,56.3439],[23.5181,56.3131],[23.3562,56.3439],[23.2252,56.367],[23.1558,56.3516],[23.0325,56.3208],[22.9862,56.3439],[22.9323,56.4056],[22.8629,56.4056],[22.7473,56.3747],[22.6625,56.3747],[22.3233,56.3824],[22.1229,56.421],[21.7837,56.3439],[21.5139,56.2745],[21.3212,56.2283],[21.2056,56.1666],[21.1824,56.0818],[20.9454,56.07],[20.916,56.0967],[20.949,56.4732],[20.9648,56.609],[21.0221,56.6839],[21.3244,56.8544],[21.3397,57.1771],[21.4596,57.2496],[21.5795,57.3726],[21.6773,57.4637],[21.8103,57.4754],[22.2854,57.565],[22.3599,57.5857],[22.433,57.6156],[22.5636,57.6156],[22.5854,57.5087],[22.8814,57.3341],[23.0709,57.2613],[23.1747,57.0485],[23.2154,56.9807],[23.4145,56.8924],[23.7678,56.8659],[24.1584,56.9755],[24.2663,57.0301],[24.3465,57.1597],[24.3229,57.3369],[24.2362,57.7282],[24.3254,57.8375],[24.3456,57.8622],[24.3844,57.8622],[24.4368,57.9081],[24.5612,57.9474],[24.6791,57.9605],[24.7446,57.9801],[24.8429,57.9867],[24.9018,57.9932],[24.9477,58.0063],[25.0721,58.0587],[25.118,58.0587],[25.1573,58.0456],[25.1638,58.0129],[25.2228,57.9867],[25.2752,58.026],[25.2752,58.0587],[25.3603,58.0194],[25.4127,57.9736],[25.524,57.9539],[25.5699,57.9081],[25.6943,57.9015],[25.7074,57.9015],[25.7991,57.8491],[25.9105,57.8295],[25.9956,57.8295],[26.0284,57.7771],[26.0939,57.7574],[26.1856,57.705],[26.238,57.6264],[26.3297,57.574],[26.4083,57.574],[26.4607,57.5609],[26.5261,57.5216],[26.5916,57.5282],[26.6637,57.5675],[26.7226,57.5871],[26.8143,57.574],[26.8733,57.6199],[26.965,57.6002],[27.0436,57.5675],[27.1156,57.5413],[27.2532,57.5216],[27.2925,57.5151],[27.3489,57.5264]]]]}},{"type":"Feature","properties":{"NAME":"Lithuania","ABBREVN":"Lithuania","SUBJECTO":"Lithuania","BORDERPRECISION":3,"PARTOF":"Lithuania"},"geometry":{"type":"MultiPolygon","coordinates":[[[[22.699,54.4149],[22.6856,54.4322],[22.6702,54.4939],[22.6625,54.5709],[22.6933,54.6634],[22.7241,54.7328],[22.8243,54.7868],[22.8012,54.8407],[22.7935,54.9024],[22.7164,54.9332],[22.6316,54.9487],[22.5854,54.9949],[22.5468,55.0566],[22.4466,55.0489],[22.331,55.0489],[22.1306,55.0489],[22.0304,55.0257],[21.9918,55.072],[21.7606,55.1028],[21.6449,55.1337],[21.5447,55.1876],[21.4368,55.1876],[21.3983,55.2108],[21.3751,55.2801],[21.3212,55.2647],[21.1623,55.2214],[21.143,55.2558],[21.2009,55.2614],[21.2163,55.3437],[21.0185,55.634],[21.0148,55.6971],[20.996,56.0241],[20.9454,56.07],[21.1824,56.0818],[21.2056,56.1666],[21.3212,56.2283],[21.5139,56.2745],[21.7837,56.3439],[22.1229,56.421],[22.3233,56.3824],[22.6625,56.3747],[22.7473,56.3747],[22.8629,56.4056],[22.9323,56.4056],[22.9862,56.3439],[23.0325,56.3208],[23.1558,56.3516],[23.2252,56.367],[23.3562,56.3439],[23.5181,56.3131],[23.6491,56.3439],[23.9189,56.3362],[24.0577,56.2899],[24.1656,56.2514],[24.289,56.2899],[24.3969,56.2899],[24.5742,56.2976],[24.736,56.3747],[24.8131,56.4056],[24.8979,56.4133],[24.9365,56.2976],[25.0675,56.2129],[25.214,56.1589],[25.4761,56.1435],[25.6456,56.1281],[25.7998,56.0201],[26.0234,55.9199],[26.1698,55.8583],[26.2315,55.7889],[26.3009,55.7118],[26.4242,55.681],[26.5938,55.6655],[26.5861,55.5885],[26.5475,55.5191],[26.5321,55.4651],[26.4782,55.4035],[26.4396,55.3418],[26.5938,55.3264],[26.7171,55.3033],[26.7557,55.2801],[26.7017,55.257],[26.6632,55.257],[26.6169,55.1876],[26.6092,55.1182],[26.5321,55.1105],[26.4782,55.1491],[26.4242,55.126],[26.3163,55.1414],[26.2469,55.126],[26.2084,55.0566],[26.1621,54.9872],[26.0465,54.9564],[25.8538,54.9564],[25.7921,54.8947],[25.7381,54.8407],[25.7227,54.7714],[25.6842,54.6943],[25.7304,54.6172],[25.6996,54.5555],[25.5917,54.4862],[25.5917,54.4245],[25.5608,54.3859],[25.53,54.3243],[25.6071,54.3089],[25.6996,54.3089],[25.7613,54.2164],[25.7227,54.1316],[25.5994,54.1239],[25.4992,54.1547],[25.4992,54.2241],[25.4838,54.2626],[25.4452,54.2934],[25.3681,54.2703],[25.3142,54.2318],[25.1831,54.2472],[25.1523,54.1855],[25.0444,54.1316],[24.975,54.1316],[24.8902,54.147],[24.7669,54.1007],[24.8054,54.0236],[24.7746,53.9697],[24.6975,53.9543],[24.6358,53.9697],[24.5433,53.9466],[24.3737,53.8772],[24.2427,53.8772],[24.2119,53.9234],[24.1579,53.9466],[24.05,53.9234],[23.8804,53.9157],[23.7725,53.9003],[23.6414,53.9157],[23.5721,53.9003],[23.5305,53.9163],[23.4898,53.9931],[23.4829,54.0062],[23.4385,54.0899],[23.3106,54.3089],[23.0051,54.4183],[22.9871,54.4247],[22.699,54.4149]]]]}},{"type":"Feature","properties":{"NAME":"Byelarus","ABBREVN":"Byelarus","SUBJECTO":"Byelarus","BORDERPRECISION":3,"PARTOF":"Byelarus"},"geometry":{"type":"MultiPolygon","coordinates":[[[[23.5305,53.9163],[23.5721,53.9003],[23.6414,53.9157],[23.7725,53.9003],[23.8804,53.9157],[24.05,53.9234],[24.1579,53.9466],[24.2119,53.9234],[24.2427,53.8772],[24.3737,53.8772],[24.5433,53.9466],[24.6358,53.9697],[24.6975,53.9543],[24.7746,53.9697],[24.8054,54.0236],[24.7669,54.1007],[24.8902,54.147],[24.975,54.1316],[25.0444,54.1316],[25.1523,54.1855],[25.1831,54.2472],[25.3142,54.2318],[25.3681,54.2703],[25.4452,54.2934],[25.4838,54.2626],[25.4992,54.2241],[25.4992,54.1547],[25.5994,54.1239],[25.7227,54.1316],[25.7613,54.2164],[25.6996,54.3089],[25.6071,54.3089],[25.53,54.3243],[25.5608,54.3859],[25.5917,54.4245],[25.5917,54.4862],[25.6996,54.5555],[25.7304,54.6172],[25.6842,54.6943],[25.7227,54.7714],[25.7381,54.8407],[25.7921,54.8947],[25.8538,54.9564],[26.0465,54.9564],[26.1621,54.9872],[26.2084,55.0566],[26.2469,55.126],[26.3163,55.1414],[26.4242,55.126],[26.4782,55.1491],[26.5321,55.1105],[26.6092,55.1182],[26.6169,55.1876],[26.6632,55.257],[26.7017,55.257],[26.7557,55.2801],[26.7171,55.3033],[26.5938,55.3264],[26.4396,55.3418],[26.4782,55.4035],[26.5321,55.4651],[26.5475,55.5191],[26.5861,55.5885],[26.5938,55.6655],[26.6323,55.6887],[26.6786,55.681],[26.748,55.681],[26.8482,55.7195],[26.8944,55.7812],[26.9715,55.812],[27.1334,55.812],[27.2798,55.7966],[27.3878,55.7812],[27.4957,55.7658],[27.5805,55.7812],[27.6113,55.8737],[27.6421,55.9199],[27.7038,55.9585],[27.7655,56.0278],[27.8657,56.0433],[27.9196,56.0972],[28.0276,56.1203],[28.1364,56.1404],[28.2104,56.0739],[28.3139,56.0443],[28.4027,56.1034],[28.484,56.096],[28.6245,56.0813],[28.6837,56.0147],[28.7207,55.9481],[28.8094,55.9629],[28.9056,55.9925],[29.0683,56.0147],[29.2088,55.9925],[29.3419,55.9629],[29.4084,55.9555],[29.4084,55.9038],[29.3345,55.8594],[29.3271,55.815],[29.3567,55.7485],[29.4306,55.6819],[29.5194,55.6819],[29.6155,55.7706],[29.7412,55.778],[29.8152,55.778],[29.8818,55.8224],[29.9853,55.8594],[30.0445,55.8372],[30.0888,55.815],[30.1998,55.8372],[30.4438,55.7854],[30.503,55.7263],[30.6287,55.6819],[30.6731,55.6375],[30.7396,55.5932],[30.8136,55.5784],[30.8801,55.5932],[30.9023,55.5414],[30.8728,55.4896],[30.8728,55.4526],[30.858,55.3787],[30.7988,55.3047],[30.8875,55.1938],[30.9541,55.1494],[30.9763,55.0755],[30.9467,55.0163],[30.8949,55.0163],[30.8949,54.9793],[30.8432,54.9423],[30.7988,54.9202],[30.784,54.8462],[30.7618,54.7796],[30.9171,54.7575],[30.9763,54.6761],[31.0133,54.6243],[31.0946,54.6465],[31.1538,54.6317],[31.1094,54.58],[31.0798,54.5208],[31.0872,54.4764],[31.1834,54.469],[31.2573,54.3507],[31.3091,54.2472],[31.5088,54.151],[31.6123,54.1214],[31.738,54.0845],[31.812,54.0401],[31.8416,53.9735],[31.7972,53.8848],[31.7676,53.8034],[31.849,53.7739],[32.0117,53.8034],[32.1818,53.7739],[32.3445,53.7295],[32.4628,53.6999],[32.448,53.6703],[32.4184,53.6481],[32.3814,53.6407],[32.4258,53.5594],[32.5589,53.4928],[32.6847,53.4632],[32.6994,53.4041],[32.6699,53.3301],[32.5367,53.3301],[32.4702,53.2932],[32.448,53.2636],[32.2483,53.1526],[32.0117,53.1083],[31.7824,53.1157],[31.6937,53.1748],[31.5457,53.197],[31.383,53.1896],[31.3239,53.1157],[31.2795,53.0565],[31.2869,52.9825],[31.4126,52.8642],[31.5457,52.7903],[31.5457,52.7163],[31.4866,52.6867],[31.531,52.6202],[31.5975,52.561],[31.5605,52.5166],[31.5753,52.4427],[31.5901,52.3391],[31.5753,52.2948],[31.6493,52.2578],[31.6863,52.206],[31.7602,52.1764],[31.7613,52.1127],[31.528,52.1148],[31.2928,52.0896],[31.2423,52.0308],[31.1499,52.056],[31.0659,52.0728],[30.9147,52.0392],[30.8895,51.9804],[30.8391,51.93],[30.6963,51.846],[30.6123,51.7284],[30.4947,51.6276],[30.4695,51.5351],[30.5787,51.4427],[30.6039,51.3755],[30.5451,51.2831],[30.4275,51.2915],[30.3603,51.3167],[30.2931,51.4091],[30.2427,51.4343],[30.1587,51.4679],[30.0578,51.4847],[29.957,51.4679],[29.8478,51.4343],[29.7134,51.4259],[29.6462,51.4847],[29.5454,51.4511],[29.4614,51.4091],[29.3186,51.3839],[29.2346,51.4091],[29.2178,51.5015],[29.1674,51.5604],[29.0918,51.6192],[29.033,51.6024],[28.9741,51.5688],[28.8985,51.5688],[28.7641,51.5015],[28.7053,51.4343],[28.6297,51.4343],[28.5877,51.5183],[28.5289,51.552],[28.4365,51.552],[28.3357,51.5015],[28.2769,51.5856],[28.1761,51.6276],[28.1173,51.5772],[27.9577,51.552],[27.84,51.6024],[27.7896,51.6024],[27.7812,51.5099],[27.7056,51.4679],[27.6636,51.4931],[27.6888,51.594],[27.5796,51.6108],[27.4956,51.636],[27.252,51.5856],[27.252,51.6528],[27.168,51.6528],[27.1764,51.7536],[27.0504,51.7704],[26.9412,51.7368],[26.7059,51.7872],[26.4455,51.8124],[26.4119,51.8376],[26.1767,51.8376],[26.0843,51.9132],[25.9667,51.9048],[25.7315,51.9468],[25.5214,51.9132],[25.303,51.9132],[25.1434,51.9384],[24.9838,51.9132],[24.8242,51.888],[24.6058,51.9048],[24.3873,51.8964],[24.2949,51.8124],[24.2781,51.7368],[24.1101,51.6612],[23.9421,51.5688],[23.8917,51.6192],[23.7741,51.6192],[23.6061,51.6276],[23.5893,51.5688],[23.5893,51.5484],[23.5327,51.6103],[23.6744,51.9487],[23.6686,52.0613],[23.5707,52.1271],[23.5034,52.2063],[23.314,52.272],[23.1841,52.2776],[23.2414,52.4087],[23.3726,52.5564],[23.6295,52.6659],[23.8279,52.6793],[23.9461,52.773],[23.9568,52.8794],[23.8792,53.1052],[23.6026,53.7802],[23.5305,53.9163]]]]}},{"type":"Feature","properties":{"NAME":"United Kingdom","ABBREVN":"UK","SUBJECTO":"United Kingdom","BORDERPRECISION":3,"PARTOF":"United Kingdom"},"geometry":{"type":"MultiPolygon","coordinates":[[[[-0.2037,53.5233],[0.081,53.3862],[0.1745,53.2931],[0.2678,53.1267],[0.2509,53.0401],[0.0055,52.7867],[0.3268,52.7075],[0.5047,52.8475],[0.7418,52.9012],[1.0127,52.8884],[1.3759,52.8092],[1.5857,52.65],[1.6917,52.3114],[1.6569,52.2118],[1.5119,52.0258],[1.0313,51.8127],[0.6862,51.5604],[0.2542,51.4536],[0.8043,51.3783],[1.0301,51.3588],[1.1894,51.4055],[1.3647,51.3529],[1.335,51.1207],[0.886,50.9819],[0.8883,50.8927],[0.6726,50.9307],[0.1918,50.7313],[-0.2037,50.7953],[-0.3357,50.8167],[-0.839,50.7218],[-1.1034,50.8167],[-1.3725,50.7663],[-2.0854,50.7028],[-2.0237,50.57],[-2.432,50.6459],[-2.5505,50.57],[-2.9606,50.7218],[-3.1109,50.6574],[-3.5215,50.6174],[-3.5632,50.3614],[-3.715,50.2193],[-3.8817,50.2004],[-4.0042,50.3141],[-4.2426,50.3915],[-4.3033,50.3235],[-4.5406,50.358],[-4.967,50.2122],[-5.2823,49.9638],[-5.4292,50.0679],[-5.7778,50.1341],[-5.2378,50.3463],[-5.0166,50.5605],[-4.8153,50.6042],[-4.6046,50.7787],[-4.5515,50.9972],[-4.4426,50.9687],[-4.2773,51.0637],[-4.281,51.1872],[-3.8252,51.2348],[-3.483,51.1811],[-3.066,51.1777],[-3.0331,51.3299],[-2.8947,51.3938],[-2.7502,51.644],[-3.1728,51.4669],[-3.4991,51.4597],[-4.1593,51.6768],[-4.999,51.7017],[-5.1786,51.7875],[-5.2488,51.8602],[-5.0615,52.0064],[-4.6191,52.0935],[-4.2947,52.2003],[-4.1236,52.3733],[-4.0939,52.7455],[-4.1475,52.8319],[-4.4683,52.8113],[-4.6214,52.831],[-4.4919,52.991],[-4.3175,53.0912],[-3.9567,53.2052],[-3.3295,53.233],[-2.9145,53.2671],[-3.0567,53.5136],[-2.9795,53.8209],[-2.8653,54.0283],[-2.8859,54.1687],[-3.2615,54.1412],[-3.4793,54.2746],[-3.5692,54.415],[-3.4304,54.6431],[-3.1525,54.8381],[-3.3087,54.8847],[-3.5767,54.9245],[-3.9077,54.7897],[-4.1216,54.7624],[-4.4607,54.8624],[-4.5003,54.7751],[-4.5999,54.6878],[-4.9025,54.7341],[-5.1114,54.7941],[-5.0667,54.9485],[-4.91,55.1103],[-4.6384,55.4279],[-4.7705,55.4884],[-4.9078,55.6639],[-4.8951,55.7721],[-4.7584,55.8197],[-4.6233,55.908],[-4.7107,56.1313],[-4.8484,56.0972],[-5.1346,55.8934],[-5.3336,55.8795],[-5.5702,55.7505],[-5.6331,55.9399],[-5.497,56.1773],[-5.3001,56.4287],[-5.2707,56.5441],[-5.4583,56.6321],[-5.5466,56.6524],[-5.6445,56.5163],[-5.8217,56.4005],[-6.0435,56.4748],[-5.909,56.7333],[-5.6659,56.9378],[-5.6253,56.9992],[-5.7263,57.258],[-5.5616,57.2993],[-5.4606,57.3881],[-5.763,57.6198],[-5.5685,57.7774],[-5.23,57.7096],[-5.0556,57.751],[-5.3459,58.0927],[-4.9071,58.169],[-5.1127,58.3949],[-4.9256,58.567],[-4.5099,58.4029],[-4.1389,58.4448],[-3.8305,58.5072],[-3.4405,58.5285],[-3.165,58.5222],[-3.0284,58.4057],[-3.1664,58.2751],[-3.9432,57.9584],[-4.1505,57.8348],[-4.2485,57.6363],[-4.1484,57.5545],[-3.7958,57.5415],[-3.4008,57.5764],[-3.0926,57.577],[-2.854,57.5433],[-2.1504,57.572],[-1.9446,57.4017],[-2.1078,57.2103],[-2.2032,57.0648],[-2.1589,57.0143],[-2.4131,56.7173],[-2.5148,56.6673],[-2.6671,56.471],[-2.9805,56.3536],[-3.1524,56.3368],[-2.9494,56.253],[-2.7209,56.1782],[-2.7729,56.1713],[-2.8953,56.0855],[-3.1698,56.0621],[-3.2935,55.9739],[-3.895,55.9851],[-3.713,55.8847],[-3.5772,55.8847],[-3.3559,55.8427],[-3.1615,55.8457],[-2.9279,55.946],[-2.7421,55.9572],[-2.5403,55.8847],[-2.245,55.811],[-1.942,55.5561],[-1.719,55.4537],[-1.666,55.3796],[-1.696,55.2725],[-1.5556,54.9216],[-1.3889,54.6805],[-1.1921,54.5954],[-0.8706,54.5472],[-0.6048,54.3002],[-0.2955,54.0332],[-0.2349,53.7994],[-0.3192,53.5789],[-0.2037,53.5233]]],[[[-5.6982,55.3307],[-5.7557,55.4773],[-5.6887,55.6281],[-5.5178,55.668],[-5.4824,55.4427],[-5.6203,55.3295],[-5.6982,55.3307]]],[[[-6.2064,53.9567],[-6.2864,54.079],[-6.7216,54.0465],[-6.6662,54.1619],[-6.8299,54.2293],[-6.9471,54.3448],[-7.0978,54.393],[-7.2117,54.2293],[-7.5496,54.1138],[-7.8995,54.2004],[-8.0801,54.3256],[-8.1252,54.4508],[-7.7383,54.5761],[-7.9557,54.6918],[-7.5878,54.74],[-7.4145,54.9579],[-7.4275,55.0638],[-7.2255,55.1042],[-6.9968,55.172],[-6.6452,55.2064],[-6.4543,55.1865],[-6.2793,55.1397],[-6.1165,55.1602],[-6.0182,55.093],[-5.7849,54.7374],[-5.7637,54.657],[-5.7999,54.5229],[-5.6615,54.3222],[-5.7314,54.1749],[-5.9122,54.0274],[-6.0717,53.9736],[-6.2064,53.9567]]]]}},{"type":"Feature","properties":{"NAME":"Kazakhstan","ABBREVN":"Kazakhstan","SUBJECTO":"Kazakhstan","BORDERPRECISION":3,"PARTOF":"Kazakhstan"},"geometry":{"type":"MultiPolygon","coordinates":[[[[80.2647,42.2414],[80.08,42.4101],[79.8702,42.4542],[79.5721,42.4542],[79.4838,42.5757],[79.3623,42.6419],[79.2961,42.7965],[79.0422,42.7744],[78.6005,42.8848],[78.3024,42.8517],[77.6952,42.8628],[77.3971,42.9069],[77.0769,43.0063],[76.7235,42.94],[76.3813,42.94],[75.9948,42.929],[75.7961,42.8075],[75.5532,42.8517],[75.1447,42.94],[74.8135,43.0504],[74.4712,43.1719],[74.2062,43.205],[73.8971,43.1498],[73.6873,42.9842],[73.5769,42.653],[73.5879,42.4542],[73.4333,42.5094],[73.069,42.5646],[72.7598,42.653],[72.3624,42.7634],[71.9649,42.8296],[71.6668,42.7855],[71.3355,42.7303],[71.192,42.5646],[71.0154,42.3659],[71.0353,42.2431],[70.8903,42.2289],[70.7206,42.0592],[70.5932,42.1157],[70.4942,42.0875],[70.3386,41.9601],[70.0981,41.7479],[69.7586,41.6631],[69.3342,41.4933],[69.2069,41.4084],[69.1079,41.1962],[68.9098,41.1113],[68.6835,40.9133],[68.7542,40.7294],[68.6976,40.6445],[68.4005,40.6445],[68.2025,40.8001],[68.2308,40.9274],[68.2025,41.0548],[68.0044,41.1962],[67.8488,41.1962],[67.3961,41.1538],[67.0849,41.1396],[66.8586,41.1679],[66.7029,41.6489],[66.6039,42.0167],[66.1512,42.0167],[66.1371,42.3562],[66.222,42.5401],[66.2361,43.007],[65.939,42.8655],[65.642,43.3182],[65.3732,43.4172],[65.0478,43.7426],[64.5527,43.5587],[63.3078,43.6436],[62.1478,43.488],[61.2424,44.2377],[58.6677,45.5816],[56.1213,45.0016],[56.0965,41.3235],[56.0253,41.3297],[55.8721,41.2818],[55.6518,41.2627],[55.4506,41.3776],[55.1633,41.6937],[55.0484,41.9236],[54.7706,42.096],[54.4641,42.2684],[54.2342,42.3737],[53.7937,42.3354],[53.219,42.2013],[52.7976,41.9619],[52.5593,41.7578],[52.6007,41.9377],[52.5738,42.0186],[52.5198,42.0726],[52.5828,42.1894],[52.6727,42.2794],[52.7356,42.4232],[52.7536,42.5581],[52.8345,42.648],[52.7626,42.7559],[52.5828,42.8279],[52.3759,42.8009],[52.295,42.8728],[52.1601,42.8459],[52.0702,42.8279],[51.9803,42.9088],[51.8814,43.0527],[51.7375,43.1786],[51.5847,43.1786],[51.4228,43.1696],[51.4228,43.2595],[51.4588,43.3854],[51.3689,43.5562],[51.261,43.6102],[51.171,43.7181],[50.9912,44.0777],[50.9552,44.2036],[50.7035,44.2576],[50.3887,44.2935],[50.3258,44.3655],[50.3348,44.5633],[50.4067,44.6173],[50.5416,44.6442],[50.7214,44.6352],[50.8743,44.6262],[51.0901,44.5633],[51.3329,44.4824],[51.4138,44.5183],[51.5757,44.5543],[51.4858,44.6262],[51.3689,44.6802],[51.189,44.7701],[51.0991,44.878],[51.216,45.0399],[51.3419,45.0579],[51.3778,45.1748],[51.4588,45.3096],[51.5127,45.3726],[51.6296,45.3546],[51.7735,45.3906],[51.8454,45.4355],[51.9983,45.3816],[52.1062,45.3816],[52.6097,45.3996],[53.0593,45.3366],[53.2841,45.3276],[53.2122,45.3636],[53.0593,45.4535],[52.8435,45.5075],[52.8345,45.6423],[52.9245,45.7322],[53.0503,45.8312],[53.1492,45.957],[53.2032,46.1908],[53.2572,46.3167],[53.1852,46.4246],[53.1223,46.4966],[53.1672,46.5865],[53.2841,46.6764],[53.2302,46.7303],[53.1852,46.8652],[53.0234,46.9192],[52.8615,46.9372],[52.5558,46.9821],[52.4659,46.9102],[52.3759,46.8742],[52.1422,46.8382],[51.9353,46.8922],[51.7915,47.0091],[51.6746,47.0361],[51.3689,47.09],[51.1171,47.063],[50.8204,46.9192],[50.6315,46.9102],[50.2718,46.6854],[49.9481,46.5595],[49.7233,46.5325],[49.5345,46.5415],[49.4086,46.4336],[49.3132,46.3527],[49.0356,46.4382],[48.6501,46.6079],[48.6192,46.7467],[48.7735,46.7929],[48.9123,46.7467],[49.1128,46.7004],[49.1744,46.7467],[48.7426,47.2556],[48.5884,47.4869],[48.3725,47.5795],[48.1411,47.78],[47.9098,47.7954],[47.7556,47.78],[47.4934,47.8725],[47.4471,47.7183],[47.2158,47.9496],[47.2466,48.0884],[47.1849,48.2581],[46.568,48.4123],[46.8611,48.9367],[47.0616,49.06],[47.1695,49.1526],[47.0616,49.2759],[46.9073,49.3531],[46.9999,49.9391],[47.37,50.0008],[47.5242,50.2476],[47.5705,50.3864],[47.7556,50.4172],[47.9869,50.3093],[48.2028,50.0625],[48.4342,49.8774],[48.7272,49.8774],[48.9123,49.9854],[48.9431,50.1859],[48.866,50.3709],[48.8351,50.5714],[49.0511,50.664],[49.452,50.849],[49.5292,50.957],[49.668,51.0958],[49.8993,51.1729],[50.1461,51.2038],[50.5008,51.3734],[50.7475,51.5276],[50.9789,51.6664],[51.2719,51.6356],[51.4878,51.6356],[51.6266,51.5122],[51.9196,51.5739],[52.043,51.6356],[52.3206,51.7435],[52.5057,51.7127],[52.6908,51.4814],[53.0455,51.4659],[53.3231,51.4968],[53.7549,51.4197],[53.7549,51.2654],[54.0171,51.1729],[54.3718,51.0187],[54.5569,50.8953],[54.5877,50.6331],[54.7111,50.5714],[54.8191,50.6948],[54.7265,50.9107],[54.7111,51.0187],[55.035,50.9878],[55.2972,50.7411],[55.6056,50.6794],[55.7907,50.5714],[56.0991,50.6485],[56.2225,50.7719],[56.3921,50.9262],[56.6235,51.0958],[56.9936,51.065],[57.2867,51.0495],[57.5797,50.8645],[57.8573,50.8953],[57.919,51.0804],[58.3971,51.1266],[58.7364,51.0804],[58.8597,50.8336],[59.2761,50.6948],[59.6154,50.6331],[59.8005,50.556],[60.0935,50.7102],[60.1706,50.849],[60.2786,50.849],[60.4328,50.6948],[60.8647,50.6794],[61.5741,50.8645],[61.6358,51.0033],[61.6975,51.3117],[61.5895,51.4197],[61.0652,51.4968],[60.9418,51.6356],[60.6487,51.6664],[60.4791,51.7281],[60.5099,51.8052],[60.3403,51.8669],[60.2323,51.8669],[60.1587,51.9903],[60.3688,52.0205],[60.6997,52.186],[60.9644,52.2522],[61.1133,52.3845],[60.9148,52.5996],[60.8486,52.7154],[61.1464,52.9471],[61.4608,53.0298],[61.9571,52.9636],[62.1888,52.9967],[62.2384,53.1125],[61.8082,53.2449],[61.3284,53.2945],[61.3284,53.4434],[61.4608,53.4765],[61.3284,53.5758],[61.2953,53.7743],[61.378,54.006],[61.5269,54.0391],[62.0068,53.9729],[62.2384,53.9729],[62.5858,53.9729],[62.7513,54.0556],[63.38,54.2376],[63.8433,54.2542],[64.1742,54.3038],[64.8691,54.3534],[65.1338,54.3865],[65.2827,54.3534],[65.382,54.5023],[65.6633,54.6512],[66.1927,54.6678],[67.1027,54.8498],[67.9465,54.8829],[68.2278,54.916],[68.3933,55.0814],[68.3933,55.2138],[68.6249,55.2303],[68.8896,55.3131],[68.9393,55.4123],[69.2702,55.4289],[69.6838,55.3627],[69.9154,55.3131],[70.2629,55.1972],[70.5442,55.2469],[70.9413,55.2634],[71.1067,55.0814],[71.0902,54.9325],[71.1563,54.8332],[71.388,54.734],[71.3383,54.5851],[71.2722,54.4692],[71.3053,54.3203],[71.1563,54.3038],[71.2391,54.188],[71.4542,54.1549],[71.5865,54.2211],[71.7851,54.1714],[71.9505,54.2376],[72.116,54.2045],[72.2649,54.3038],[72.3973,54.2542],[72.5296,54.0887],[72.6951,53.9894],[72.7612,54.0556],[72.844,54.1218],[73.0591,54.1052],[73.2411,53.9729],[73.4561,53.9232],[73.6547,54.0225],[73.8201,54.0225],[73.754,53.8902],[73.5554,53.8074],[73.4065,53.6089],[73.5554,53.5262],[73.754,53.5758],[74.1014,53.6089],[74.3,53.5923],[74.5481,53.5096],[74.6805,53.642],[75.028,53.8405],[75.5243,53.9563],[75.9545,54.188],[76.302,54.2872],[76.5336,54.3865],[76.8976,54.4196],[76.8976,54.2211],[76.6659,54.1714],[76.6163,54.006],[77.1127,53.7412],[77.4767,53.6089],[78.0558,53.2614],[78.5356,52.7982],[79.2967,51.8385],[79.6772,51.4414],[80.1736,50.7962],[80.4052,50.912],[80.5541,51.0278],[80.7196,51.2594],[81.1332,51.2594],[81.2987,51.1105],[81.2987,50.9451],[81.5137,50.9451],[81.6296,50.8293],[81.7123,50.7465],[81.977,50.7465],[82.4237,50.7465],[82.8705,50.8458],[83.2179,50.9451],[83.6646,50.9616],[83.979,50.7631],[84.3265,50.4984],[84.4754,50.2171],[84.9055,50.1509],[85.1703,49.9027],[85.4681,49.5884],[85.8652,49.5553],[86.3119,49.5222],[86.527,49.6876],[86.8083,49.7704],[86.7752,49.6215],[86.9737,49.4725],[87.1061,49.2575],[87.3708,49.2575],[87.3999,49.192],[87.1522,49.1769],[86.9081,49.1104],[86.7827,48.9923],[86.7777,48.8684],[86.7621,48.6533],[86.6243,48.5549],[86.4945,48.5281],[85.9544,48.4862],[85.7619,48.3614],[85.6092,48.1003],[85.6526,47.7625],[85.7486,47.4446],[85.678,47.269],[85.4776,47.0927],[85.2904,47.0462],[84.9671,47.0185],[84.3362,47.0541],[84.0691,47.1175],[83.7447,47.1807],[83.2517,47.2949],[83.0595,47.0667],[82.8275,46.5532],[82.63,46.1959],[82.5013,45.9234],[82.4399,45.7355],[82.7197,45.5043],[82.7765,45.3754],[82.7062,45.2652],[82.6019,45.2],[82.4251,45.1668],[81.9152,45.2738],[81.6903,45.3566],[81.5327,45.3299],[81.0459,45.2368],[80.2366,45.1226],[80.06,45.0378],[79.9629,44.9019],[79.9324,44.8052],[80.0368,44.7221],[80.2017,44.7487],[80.4195,44.6855],[80.4329,44.0746],[80.5879,43.7926],[80.7186,43.5941],[80.7721,43.3825],[80.6725,43.2342],[80.3551,42.9885],[80.2109,42.8081],[80.2023,42.6284],[80.2647,42.2414]]]]}},{"type":"Feature","properties":{"NAME":"Ireland","ABBREVN":"Ireland","SUBJECTO":"Ireland","BORDERPRECISION":3,"PARTOF":"Ireland"},"geometry":{"type":"MultiPolygon","coordinates":[[[[-6.2064,53.9567],[-6.3431,53.9396],[-6.4434,53.8994],[-6.335,53.786],[-6.1722,53.4392],[-6.0431,52.8931],[-6.0707,52.7666],[-6.2321,52.6133],[-6.3409,52.4271],[-6.406,52.2144],[-6.4892,52.1944],[-6.6168,52.2207],[-6.8939,52.2066],[-6.9617,52.1112],[-7.3724,52.0921],[-7.7506,52.0327],[-7.8616,51.9681],[-8.1588,51.8396],[-8.5652,51.6155],[-8.8478,51.5998],[-9.2433,51.4726],[-9.8191,51.4346],[-9.7952,51.6046],[-9.8354,51.8033],[-10.2169,51.7583],[-10.294,51.9776],[-9.9638,52.0921],[-10.4973,52.1017],[-10.4692,52.2066],[-9.8906,52.1944],[-9.8016,52.2411],[-9.784,52.3407],[-9.7357,52.4803],[-9.504,52.5405],[-9.1926,52.5545],[-9.1343,52.6809],[-9.6157,52.6366],[-9.4416,52.8333],[-9.5258,52.9046],[-9.3093,53.1153],[-8.997,53.1204],[-8.9236,53.1606],[-9.0017,53.3004],[-9.1582,53.2207],[-9.2974,53.2798],[-9.4407,53.2662],[-9.6167,53.3459],[-9.8029,53.3454],[-9.8848,53.2974],[-10.1598,53.3741],[-10.0211,53.5119],[-10.1514,53.5756],[-9.8096,53.6324],[-9.8724,53.7677],[-9.6965,53.8734],[-9.9129,53.9696],[-10.1785,53.9119],[-10.1597,54.1331],[-9.9888,54.2537],[-9.892,54.3256],[-9.4743,54.2413],[-9.3229,54.2751],[-9.0858,54.2582],[-8.5901,54.2028],[-8.6867,54.3641],[-8.3006,54.4893],[-8.2115,54.6339],[-8.8294,54.6339],[-8.76,54.7014],[-8.5037,54.7496],[-8.4763,54.8799],[-8.3454,55.0953],[-8.1183,55.1766],[-7.7562,55.2527],[-7.6573,55.1168],[-7.4978,55.0497],[-7.4275,55.0638],[-7.4145,54.9579],[-7.5878,54.74],[-7.9557,54.6918],[-7.7383,54.5761],[-8.1252,54.4508],[-8.0801,54.3256],[-7.8995,54.2004],[-7.5496,54.1138],[-7.2117,54.2293],[-7.0978,54.393],[-6.9471,54.3448],[-6.8299,54.2293],[-6.6662,54.1619],[-6.7216,54.0465],[-6.2864,54.079],[-6.2064,53.9567]]]]}},{"type":"Feature","properties":{"NAME":"Ukraine","ABBREVN":"Ukraine","SUBJECTO":"Ukraine","BORDERPRECISION":3,"PARTOF":"Ukraine"},"geometry":{"type":"MultiPolygon","coordinates":[[[[23.5893,51.5484],[23.5893,51.5688],[23.6061,51.6276],[23.7741,51.6192],[23.8917,51.6192],[23.9421,51.5688],[24.1101,51.6612],[24.2781,51.7368],[24.2949,51.8124],[24.3873,51.8964],[24.6058,51.9048],[24.8242,51.888],[24.9838,51.9132],[25.1434,51.9384],[25.303,51.9132],[25.5214,51.9132],[25.7315,51.9468],[25.9667,51.9048],[26.0843,51.9132],[26.1767,51.8376],[26.4119,51.8376],[26.4455,51.8124],[26.7059,51.7872],[26.9412,51.7368],[27.0504,51.7704],[27.1764,51.7536],[27.168,51.6528],[27.252,51.6528],[27.252,51.5856],[27.4956,51.636],[27.5796,51.6108],[27.6888,51.594],[27.6636,51.4931],[27.7056,51.4679],[27.7812,51.5099],[27.7896,51.6024],[27.84,51.6024],[27.9577,51.552],[28.1173,51.5772],[28.1761,51.6276],[28.2769,51.5856],[28.3357,51.5015],[28.4365,51.552],[28.5289,51.552],[28.5877,51.5183],[28.6297,51.4343],[28.7053,51.4343],[28.7641,51.5015],[28.8985,51.5688],[28.9741,51.5688],[29.033,51.6024],[29.0918,51.6192],[29.1674,51.5604],[29.2178,51.5015],[29.2346,51.4091],[29.3186,51.3839],[29.4614,51.4091],[29.5454,51.4511],[29.6462,51.4847],[29.7134,51.4259],[29.8478,51.4343],[29.957,51.4679],[30.0578,51.4847],[30.1587,51.4679],[30.2427,51.4343],[30.2931,51.4091],[30.3603,51.3167],[30.4275,51.2915],[30.5451,51.2831],[30.6039,51.3755],[30.5787,51.4427],[30.4695,51.5351],[30.4947,51.6276],[30.6123,51.7284],[30.6963,51.846],[30.8391,51.93],[30.8895,51.9804],[30.9147,52.0392],[31.0659,52.0728],[31.1499,52.056],[31.2423,52.0308],[31.2928,52.0896],[31.528,52.1148],[31.7613,52.1127],[31.9221,52.0725],[32.1332,52.0624],[32.274,52.1328],[32.3544,52.2635],[32.4147,52.3841],[32.656,52.2735],[32.8972,52.2836],[33.1988,52.3841],[33.5104,52.3338],[33.7416,52.3942],[33.8321,52.2735],[33.9728,52.2132],[34.0834,52.0624],[34.1437,51.972],[34.2543,51.9016],[34.395,51.8312],[34.395,51.7106],[34.2543,51.7207],[34.1136,51.6603],[34.1739,51.5297],[34.2241,51.3688],[34.3448,51.2381],[34.6363,51.2381],[34.7066,51.1879],[34.9378,51.218],[35.1087,51.208],[35.1087,51.0673],[35.2897,51.0673],[35.2897,50.9064],[35.3902,50.7858],[35.4304,50.6752],[35.3902,50.5948],[35.4304,50.4943],[35.5108,50.4541],[35.6415,50.3234],[35.7621,50.4038],[35.9732,50.434],[36.0939,50.4038],[36.3049,50.2731],[36.3954,50.3033],[36.4758,50.2932],[36.5563,50.2229],[36.7472,50.2731],[36.888,50.3234],[37.0086,50.3234],[37.2499,50.3837],[37.4107,50.4139],[37.461,50.3435],[37.5816,50.2631],[37.5816,50.2028],[37.6721,50.1223],[37.6821,50.062],[37.8631,50.0419],[37.9435,49.9615],[38.044,49.9112],[38.1747,49.9716],[38.1948,50.0419],[38.2953,50.0721],[38.426,49.9515],[38.617,49.9213],[38.8281,49.871],[38.9487,49.8208],[39.1095,49.8509],[39.2,49.7705],[39.3307,49.7303],[39.5418,49.7203],[39.592,49.6197],[39.7529,49.5494],[39.8735,49.5494],[39.9338,49.5695],[40.0243,49.6097],[40.0947,49.5695],[40.0545,49.5192],[40.0444,49.4388],[40.0947,49.3986],[40.1349,49.3182],[40.1148,49.2176],[40.0243,49.1774],[39.9539,49.1473],[39.7931,49.0568],[39.6524,49.0367],[39.7529,48.9261],[39.8735,48.8859],[40.0042,48.8658],[39.9439,48.7954],[39.8031,48.7954],[39.6926,48.7954],[39.6725,48.715],[39.6524,48.6145],[39.7227,48.5843],[39.8031,48.5542],[39.8232,48.4939],[39.8434,48.4135],[39.8836,48.323],[39.9137,48.2928],[39.8434,48.0717],[39.773,47.941],[39.773,47.8706],[39.6222,47.8103],[39.2603,47.8807],[38.9286,47.8606],[38.808,47.8606],[38.7979,47.7802],[38.6974,47.6997],[38.5265,47.6394],[38.3657,47.6294],[38.2651,47.5892],[38.2249,47.358],[38.2249,47.2574],[38.2149,47.2072],[38.2097,47.1505],[37.8593,47.1037],[37.4221,47.0769],[37.1926,46.8944],[36.8646,46.8093],[36.354,46.7758],[35.8506,46.6644],[35.6243,46.5211],[35.4161,46.4947],[35.2124,46.6371],[35.0464,46.3577],[34.9068,46.273],[34.6923,46.2531],[34.4957,46.2787],[34.0642,46.2649],[33.8391,46.1931],[34.1273,46.0639],[35.0081,45.6119],[35.0319,45.5343],[34.99,45.45],[35.0634,45.3401],[35.3167,45.3212],[35.5462,45.3799],[35.8498,45.4452],[36.3232,45.4397],[36.521,45.3883],[36.4151,45.2716],[36.3671,45.1615],[36.2648,45.0966],[36.0047,45.0443],[35.8655,45.0311],[35.5996,45.1017],[35.3867,45.0819],[35.0673,44.8617],[34.6142,44.8415],[34.3722,44.7572],[34.135,44.5375],[34.0137,44.4921],[33.6602,44.5237],[33.3955,44.6005],[33.5594,44.9361],[33.5167,45.1235],[33.3979,45.2527],[33.0135,45.3814],[32.9263,45.3877],[32.6434,45.3806],[32.5753,45.3611],[32.5032,45.4451],[32.9023,45.6726],[33.1916,45.7898],[33.5395,45.8747],[33.6388,45.9268],[33.5279,46.1341],[33.3325,46.1661],[32.9729,46.1459],[32.5164,46.1256],[32.2022,46.1704],[32.1141,46.2156],[31.9259,46.4099],[32.1888,46.5922],[31.9513,46.8646],[31.781,46.7019],[31.5377,46.7014],[31.0872,46.6355],[30.8329,46.5766],[30.5205,46.2514],[30.0688,45.8614],[29.7297,45.77],[29.6295,45.7504],[29.5004,45.5234],[29.5361,45.4522],[29.6159,45.4102],[29.2981,45.4694],[28.9988,45.352],[28.7934,45.352],[28.7785,45.2667],[28.504,45.288],[28.3248,45.3627],[28.2712,45.4747],[28.2035,45.4658],[28.2282,45.5004],[28.2736,45.5117],[28.3303,45.506],[28.3814,45.5004],[28.4665,45.5004],[28.5062,45.5514],[28.5062,45.5912],[28.4778,45.6422],[28.4892,45.6933],[28.5459,45.7217],[28.5686,45.75],[28.6027,45.7557],[28.6424,45.7671],[28.6821,45.7954],[28.7218,45.8352],[28.7332,45.8919],[28.7275,45.943],[28.7899,45.9486],[28.9204,45.977],[28.9545,46.0111],[28.9431,46.0508],[28.9148,46.0905],[28.9715,46.1416],[28.9885,46.1699],[28.9829,46.2097],[28.9318,46.2607],[28.9545,46.3061],[28.9148,46.3742],[28.8864,46.4196],[28.9772,46.4877],[29.085,46.4991],[29.1417,46.5388],[29.1928,46.5274],[29.1985,46.4877],[29.1928,46.3912],[29.2212,46.3856],[29.2722,46.3856],[29.2722,46.4253],[29.2666,46.4537],[29.312,46.4366],[29.3403,46.4139],[29.3517,46.448],[29.3857,46.465],[29.4482,46.4707],[29.4482,46.4366],[29.4879,46.4083],[29.5219,46.4083],[29.5787,46.3345],[29.6127,46.3685],[29.6468,46.4026],[29.6524,46.4253],[29.6978,46.4366],[29.7773,46.4366],[29.7602,46.3515],[29.8397,46.3402],[29.8567,46.3572],[29.8737,46.3742],[29.9362,46.3685],[30.0383,46.3685],[30.0553,46.3799],[30.0894,46.4139],[30.0326,46.4196],[29.9588,46.4764],[29.9135,46.4991],[29.8794,46.5218],[29.8851,46.5388],[29.9305,46.5671],[29.9191,46.6182],[29.9362,46.6636],[29.9305,46.7204],[29.9078,46.7828],[29.8624,46.8111],[29.7829,46.8452],[29.7489,46.8452],[29.6808,46.9019],[29.6127,46.9303],[29.5446,46.9473],[29.5673,47.0154],[29.5843,47.0551],[29.5673,47.0778],[29.5106,47.0608],[29.4822,47.1119],[29.5333,47.1289],[29.5276,47.214],[29.5673,47.2481],[29.556,47.2935],[29.5389,47.3332],[29.4879,47.3332],[29.4425,47.3105],[29.4028,47.2878],[29.3517,47.3275],[29.312,47.3729],[29.2269,47.4183],[29.1644,47.4297],[29.119,47.4921],[29.0963,47.5545],[29.1758,47.6169],[29.1758,47.702],[29.1871,47.7531],[29.2098,47.7758],[29.1531,47.8042],[29.2269,47.8723],[29.1758,47.8836],[29.1417,47.912],[29.1134,47.9687],[29.0509,47.9744],[29.0226,47.929],[28.9658,47.9403],[28.8694,47.9517],[28.8126,48.0368],[28.7899,48.1219],[28.6027,48.156],[28.4778,48.1503],[28.4495,48.1276],[28.4154,48.0822],[28.387,48.1049],[28.387,48.139],[28.3473,48.1503],[28.3019,48.1333],[28.319,48.156],[28.3587,48.2014],[28.3473,48.2297],[28.2963,48.2297],[28.2168,48.2127],[28.1601,48.2241],[28.1147,48.2184],[28.0806,48.2524],[28.0579,48.2808],[28.0125,48.3092],[27.9444,48.3149],[27.882,48.3376],[27.8196,48.3943],[27.7231,48.434],[27.7061,48.4397],[27.6494,48.4283],[27.6267,48.417],[27.5756,48.4397],[27.5359,48.451],[27.4735,48.4397],[27.394,48.417],[27.3146,48.4283],[27.2862,48.4113],[27.2295,48.3603],[27.1387,48.3603],[27.0195,48.3773],[26.9628,48.3546],[26.8209,48.4057],[26.7812,48.3603],[26.7869,48.3092],[26.7301,48.3092],[26.6961,48.3376],[26.6393,48.2865],[26.6128,48.2629],[26.3273,48.2272],[26.2595,48.087],[26.1343,48.0069],[25.2375,47.9209],[25.1542,47.8243],[25.0445,47.7706],[24.8922,47.7438],[24.8078,47.8458],[24.6607,47.8439],[24.6492,47.9478],[24.4856,47.9276],[23.9837,47.9575],[23.5529,48.0445],[23.4444,47.9961],[23.0902,48.0505],[23.0289,48.0122],[22.7239,48.1861],[22.4747,48.2761],[22.1742,48.4115],[22.0995,48.4046],[22.5704,49.0667],[22.8645,49.0584],[22.7078,49.2308],[22.688,49.4793],[22.7246,49.6169],[23.4038,50.1648],[23.6732,50.3439],[23.8017,50.4253],[23.9947,50.4312],[24.1093,50.5393],[24.1135,50.6805],[23.9658,50.8163],[24.0039,50.8761],[24.1383,50.8979],[23.9956,50.9849],[23.6284,51.3605],[23.6615,51.4695],[23.5893,51.5484]]]]}},{"type":"Feature","properties":{"NAME":"Belgium","ABBREVN":"Belgium","SUBJECTO":"Belgium","BORDERPRECISION":3,"PARTOF":"Belgium"},"geometry":{"type":"MultiPolygon","coordinates":[[[[2.5221,51.0911],[2.9953,51.3135],[3.2136,51.3536],[3.472,51.3144],[3.6813,51.3214],[3.775,51.3877],[3.9895,51.3437],[4.173,51.3249],[4.4067,51.3401],[4.3954,51.4109],[4.5331,51.4055],[4.6711,51.4055],[4.7914,51.4872],[4.9321,51.3782],[5.0101,51.4327],[5.1125,51.4055],[5.2437,51.2366],[5.4844,51.2856],[5.8239,51.1168],[5.7742,50.9264],[5.6968,50.8829],[5.6971,50.7307],[5.9996,50.7416],[6.1545,50.6618],[6.2814,50.4976],[6.2984,50.2869],[6.1085,50.1175],[6.0074,50.15],[5.9438,50.1138],[5.8338,50.0474],[5.7379,49.9025],[5.7451,49.7553],[5.8844,49.6635],[5.8235,49.5071],[5.7878,49.5587],[5.4754,49.4801],[5.4181,49.5826],[5.2513,49.6743],[5.0977,49.7607],[4.8599,49.7822],[4.8771,49.8848],[4.8116,49.9658],[4.8654,50.1337],[4.7549,50.1012],[4.6681,49.9604],[4.4675,49.9447],[4.2846,49.911],[4.1563,49.9658],[4.1885,50.0549],[4.1478,50.1337],[4.2196,50.2422],[4.0509,50.3181],[3.7915,50.3398],[3.675,50.3344],[3.6034,50.47],[3.3703,50.4646],[3.2828,50.5243],[3.1919,50.7307],[3.1228,50.8071],[2.9383,50.7138],[2.8751,50.6818],[2.7555,50.7392],[2.6157,50.8902],[2.5221,51.0911]]]]}},{"type":"Feature","properties":{"NAME":"Slovakia","ABBREVN":"Slovakia","SUBJECTO":"Slovakia","BORDERPRECISION":3,"PARTOF":"Slovakia"},"geometry":{"type":"MultiPolygon","coordinates":[[[[16.9388,48.661],[16.9566,48.6808],[16.9862,48.7282],[16.9921,48.7875],[17.0336,48.8171],[17.0988,48.8705],[17.1107,48.8883],[17.1877,48.912],[17.2292,48.9238],[17.2707,48.9001],[17.33,48.8764],[17.4011,48.8764],[17.4308,48.8883],[17.4723,48.8883],[17.5019,48.8764],[17.5315,48.8645],[17.573,48.8764],[17.6382,48.8942],[17.6975,48.8942],[17.7509,48.9179],[17.7864,48.9416],[17.8161,48.9535],[17.8635,48.9653],[17.8813,48.9653],[17.905,49.0009],[17.9227,49.0424],[17.9583,49.0779],[17.9998,49.0661],[18.0472,49.0839],[18.1124,49.1135],[18.1361,49.1609],[18.1599,49.1965],[18.1717,49.2558],[18.1836,49.2973],[18.2073,49.3387],[18.2606,49.3447],[18.308,49.3506],[18.3673,49.3862],[18.4207,49.4099],[18.474,49.4514],[18.4977,49.4869],[18.557,49.5166],[18.5866,49.5344],[18.64,49.5403],[18.7052,49.5344],[18.7526,49.5225],[18.7822,49.5403],[18.8119,49.5699],[18.8442,49.5645],[18.9721,49.5462],[18.986,49.4438],[19.1793,49.4653],[19.2616,49.5732],[19.3484,49.5662],[19.3762,49.6163],[19.4934,49.6271],[19.5811,49.5192],[19.6137,49.4433],[19.7629,49.4545],[19.7928,49.3737],[19.7809,49.3359],[19.7822,49.2443],[19.9571,49.282],[20.0381,49.2281],[20.1054,49.2889],[20.1524,49.3683],[20.4031,49.4599],[20.4788,49.4348],[20.6961,49.4556],[20.9032,49.3413],[21.0711,49.4222],[21.1042,49.4839],[21.3328,49.4655],[21.585,49.4996],[21.6429,49.441],[21.9592,49.3575],[22.0058,49.2605],[22.1964,49.215],[22.5704,49.0667],[22.0995,48.4046],[21.8163,48.3704],[21.6201,48.4346],[21.3795,48.5965],[20.9017,48.5809],[20.5791,48.5596],[20.1181,48.2178],[19.9261,48.1895],[19.6603,48.2219],[19.4361,48.1946],[19.0935,48.1341],[18.979,48.1335],[18.8285,47.878],[18.0856,47.894],[17.8991,47.906],[17.6215,47.9827],[17.4418,48.06],[17.3312,47.9947],[16.989,48.2406],[16.9193,48.3577],[16.9629,48.619],[16.9388,48.661]]]]}},{"type":"Feature","properties":{"NAME":"Hungary","ABBREVN":"Hungary","SUBJECTO":"Hungary","BORDERPRECISION":3,"PARTOF":"Hungary"},"geometry":{"type":"MultiPolygon","coordinates":[[[[18.8161,45.8891],[18.551,45.7978],[18.3561,45.7838],[18.0558,45.7627],[17.7944,45.8067],[17.2924,46.1087],[16.6568,46.3843],[16.5601,46.4729],[16.3964,46.6231],[16.2596,46.8888],[16.4152,47.0231],[16.4845,47.1558],[16.3929,47.2402],[16.4108,47.4091],[16.5951,47.4372],[16.6655,47.5298],[16.6045,47.6183],[16.4009,47.6465],[16.5012,47.735],[16.6474,47.735],[16.7216,47.6747],[17.0369,47.6988],[17.0452,47.8639],[17.3312,47.9947],[17.4418,48.06],[17.6215,47.9827],[17.8991,47.906],[18.0856,47.894],[18.8285,47.878],[18.979,48.1335],[19.0935,48.1341],[19.4361,48.1946],[19.6603,48.2219],[19.9261,48.1895],[20.1181,48.2178],[20.5791,48.5596],[20.9017,48.5809],[21.3795,48.5965],[21.6201,48.4346],[21.8163,48.3704],[22.0995,48.4046],[22.1742,48.4115],[22.4747,48.2761],[22.7239,48.1861],[23.0289,48.0122],[22.8263,47.8601],[22.32,47.7401],[22.0587,47.5564],[21.623,46.9035],[21.3397,46.5252],[21.0006,46.2703],[20.8382,46.198],[20.5126,46.1768],[20.394,46.1308],[20.3147,46.1315],[19.9064,46.1617],[19.5067,46.1271],[18.8161,45.8891]]]]}},{"type":"Feature","properties":{"NAME":"Moldova","ABBREVN":"Moldova","SUBJECTO":"Moldova","BORDERPRECISION":3,"PARTOF":"Moldova"},"geometry":{"type":"MultiPolygon","coordinates":[[[[26.6128,48.2629],[26.6393,48.2865],[26.6961,48.3376],[26.7301,48.3092],[26.7869,48.3092],[26.7812,48.3603],[26.8209,48.4057],[26.9628,48.3546],[27.0195,48.3773],[27.1387,48.3603],[27.2295,48.3603],[27.2862,48.4113],[27.3146,48.4283],[27.394,48.417],[27.4735,48.4397],[27.5359,48.451],[27.5756,48.4397],[27.6267,48.417],[27.6494,48.4283],[27.7061,48.4397],[27.7231,48.434],[27.8196,48.3943],[27.882,48.3376],[27.9444,48.3149],[28.0125,48.3092],[28.0579,48.2808],[28.0806,48.2524],[28.1147,48.2184],[28.1601,48.2241],[28.2168,48.2127],[28.2963,48.2297],[28.3473,48.2297],[28.3587,48.2014],[28.319,48.156],[28.3019,48.1333],[28.3473,48.1503],[28.387,48.139],[28.387,48.1049],[28.4154,48.0822],[28.4495,48.1276],[28.4778,48.1503],[28.6027,48.156],[28.7899,48.1219],[28.8126,48.0368],[28.8694,47.9517],[28.9658,47.9403],[29.0226,47.929],[29.0509,47.9744],[29.1134,47.9687],[29.1417,47.912],[29.1758,47.8836],[29.2269,47.8723],[29.1531,47.8042],[29.2098,47.7758],[29.1871,47.7531],[29.1758,47.702],[29.1758,47.6169],[29.0963,47.5545],[29.119,47.4921],[29.1644,47.4297],[29.2269,47.4183],[29.312,47.3729],[29.3517,47.3275],[29.4028,47.2878],[29.4425,47.3105],[29.4879,47.3332],[29.5389,47.3332],[29.556,47.2935],[29.5673,47.2481],[29.5276,47.214],[29.5333,47.1289],[29.4822,47.1119],[29.5106,47.0608],[29.5673,47.0778],[29.5843,47.0551],[29.5673,47.0154],[29.5446,46.9473],[29.6127,46.9303],[29.6808,46.9019],[29.7489,46.8452],[29.7829,46.8452],[29.8624,46.8111],[29.9078,46.7828],[29.9305,46.7204],[29.9362,46.6636],[29.9191,46.6182],[29.9305,46.5671],[29.8851,46.5388],[29.8794,46.5218],[29.9135,46.4991],[29.9588,46.4764],[30.0326,46.4196],[30.0894,46.4139],[30.0553,46.3799],[30.0383,46.3685],[29.9362,46.3685],[29.8737,46.3742],[29.8567,46.3572],[29.8397,46.3402],[29.7602,46.3515],[29.7773,46.4366],[29.6978,46.4366],[29.6524,46.4253],[29.6468,46.4026],[29.6127,46.3685],[29.5787,46.3345],[29.5219,46.4083],[29.4879,46.4083],[29.4482,46.4366],[29.4482,46.4707],[29.3857,46.465],[29.3517,46.448],[29.3403,46.4139],[29.312,46.4366],[29.2666,46.4537],[29.2722,46.4253],[29.2722,46.3856],[29.2212,46.3856],[29.1928,46.3912],[29.1985,46.4877],[29.1928,46.5274],[29.1417,46.5388],[29.085,46.4991],[28.9772,46.4877],[28.8864,46.4196],[28.9148,46.3742],[28.9545,46.3061],[28.9318,46.2607],[28.9829,46.2097],[28.9885,46.1699],[28.9715,46.1416],[28.9148,46.0905],[28.9431,46.0508],[28.9545,46.0111],[28.9204,45.977],[28.7899,45.9486],[28.7275,45.943],[28.7332,45.8919],[28.7218,45.8352],[28.6821,45.7954],[28.6424,45.7671],[28.6027,45.7557],[28.5686,45.75],[28.5459,45.7217],[28.4892,45.6933],[28.4778,45.6422],[28.5062,45.5912],[28.5062,45.5514],[28.4665,45.5004],[28.3814,45.5004],[28.3303,45.506],[28.2736,45.5117],[28.2282,45.5004],[28.2035,45.4658],[28.1898,45.464],[28.1618,45.5708],[28.0639,45.6188],[28.1358,45.6508],[28.1267,45.7707],[28.0797,46.0232],[28.2248,46.4631],[28.2371,46.645],[28.0787,47.0305],[27.807,47.1591],[27.3402,47.6629],[26.9953,48.1895],[26.7137,48.2755],[26.6128,48.2629]]]]}},{"type":"Feature","properties":{"NAME":"Romania","ABBREVN":"Romania","SUBJECTO":"Romania","BORDERPRECISION":3,"PARTOF":"Romania"},"geometry":{"type":"MultiPolygon","coordinates":[[[[20.3147,46.1315],[20.394,46.1308],[20.5126,46.1768],[20.8382,46.198],[21.0006,46.2703],[21.3397,46.5252],[21.623,46.9035],[22.0587,47.5564],[22.32,47.7401],[22.8263,47.8601],[23.0289,48.0122],[23.0902,48.0505],[23.4444,47.9961],[23.5529,48.0445],[23.9837,47.9575],[24.4856,47.9276],[24.6492,47.9478],[24.6607,47.8439],[24.8078,47.8458],[24.8922,47.7438],[25.0445,47.7706],[25.1542,47.8243],[25.2375,47.9209],[26.1343,48.0069],[26.2595,48.087],[26.3273,48.2272],[26.6128,48.2629],[26.7137,48.2755],[26.9953,48.1895],[27.3402,47.6629],[27.807,47.1591],[28.0787,47.0305],[28.2371,46.645],[28.2248,46.4631],[28.0797,46.0232],[28.1267,45.7707],[28.1358,45.6508],[28.0639,45.6188],[28.1618,45.5708],[28.1898,45.464],[28.2035,45.4658],[28.2712,45.4747],[28.3248,45.3627],[28.504,45.288],[28.7785,45.2667],[28.7934,45.352],[28.9988,45.352],[29.2981,45.4694],[29.6159,45.4102],[29.6832,45.3748],[29.7108,45.2583],[29.579,45.0575],[29.4575,44.9151],[29.2616,44.8954],[29.0897,44.8757],[28.9182,44.7658],[28.6862,44.4881],[28.5731,44.1978],[28.5299,43.8435],[28.5101,43.7431],[28.2083,43.7972],[27.6027,43.9484],[27.3714,44.0502],[27.2387,44.0688],[26.9371,44.2346],[26.6844,44.2526],[26.4062,44.1544],[25.5491,43.8073],[25.3781,43.7806],[24.755,43.9382],[24.6203,43.9439],[24.3095,43.8263],[24.1564,43.8126],[23.6383,43.9901],[23.4109,43.9909],[23.0641,43.906],[22.9444,43.8954],[22.9231,43.9803],[23.0283,44.1236],[22.8704,44.1714],[22.694,44.2631],[22.506,44.3466],[22.4406,44.4953],[22.5848,44.5856],[22.7424,44.5803],[22.6911,44.6387],[22.4095,44.7503],[22.2959,44.6919],[22.1994,44.5643],[22.1329,44.5112],[21.9465,44.6188],[21.8589,44.6812],[21.5919,44.7078],[21.5833,44.7928],[21.4777,44.7928],[21.3675,44.8087],[21.3442,44.8831],[21.4241,44.9255],[21.5458,44.9576],[21.4383,44.9948],[21.3558,45.0214],[21.4118,45.0869],[21.4974,45.144],[21.466,45.208],[21.3285,45.2612],[21.0791,45.3245],[20.7587,45.5365],[20.7845,45.5761],[20.7383,45.6295],[20.772,45.7896],[20.6811,45.8056],[20.595,45.9125],[20.3392,45.9926],[20.3147,46.1315]]]]}},{"type":"Feature","properties":{"NAME":"Slovenia","ABBREVN":"Slovenia","SUBJECTO":"Slovenia","BORDERPRECISION":3,"PARTOF":"Slovenia"},"geometry":{"type":"MultiPolygon","coordinates":[[[[13.5689,46.5104],[14.0366,46.4811],[14.1174,46.4329],[14.3929,46.4369],[14.5218,46.3687],[14.8129,46.5934],[15.0679,46.6416],[15.45,46.6055],[15.584,46.6938],[15.9846,46.6416],[15.9474,46.8183],[16.2596,46.8888],[16.3964,46.6231],[16.5601,46.4729],[16.5442,46.4773],[16.4995,46.5098],[16.4344,46.5261],[16.357,46.5261],[16.2919,46.522],[16.2675,46.4935],[16.2675,46.461],[16.2756,46.4203],[16.2797,46.3837],[16.2512,46.3796],[16.1902,46.3837],[16.1413,46.3999],[16.1006,46.3714],[16.0803,46.3348],[16.0436,46.3063],[16.007,46.286],[15.9704,46.2819],[15.8971,46.2656],[15.8442,46.2493],[15.7954,46.2331],[15.771,46.2127],[15.7018,46.2168],[15.6448,46.1842],[15.6163,46.1598],[15.6082,46.1232],[15.6244,46.0906],[15.6611,46.0662],[15.6896,46.0418],[15.7099,46.0214],[15.718,45.9929],[15.7262,45.9522],[15.7099,45.9034],[15.7018,45.8749],[15.6814,45.8301],[15.6326,45.8301],[15.5959,45.8342],[15.5552,45.822],[15.5064,45.8179],[15.4535,45.7935],[15.4128,45.7854],[15.3762,45.7732],[15.3314,45.7528],[15.307,45.7243],[15.2907,45.7121],[15.3151,45.704],[15.3436,45.6999],[15.3558,45.6877],[15.3721,45.6551],[15.3518,45.6266],[15.3395,45.6226],[15.3029,45.6104],[15.2988,45.59],[15.3192,45.5534],[15.3192,45.5208],[15.3395,45.4761],[15.3151,45.4435],[15.2866,45.4516],[15.2419,45.4313],[15.189,45.4231],[15.132,45.4394],[15.1035,45.4516],[15.0587,45.4801],[15.0139,45.4801],[14.9855,45.4923],[14.9325,45.5127],[14.9244,45.4923],[14.9122,45.472],[14.8674,45.4598],[14.8064,45.4598],[14.782,45.4801],[14.7494,45.5086],[14.6924,45.5167],[14.6843,45.5575],[14.6721,45.5656],[14.6436,45.59],[14.6192,45.6022],[14.611,45.6266],[14.607,45.6511],[14.5907,45.6551],[14.5622,45.647],[14.5459,45.6226],[14.5418,45.6104],[14.5174,45.5819],[14.5093,45.5737],[14.5011,45.5371],[14.4726,45.5167],[14.4523,45.5086],[14.4238,45.4842],[14.4075,45.4801],[14.2936,45.4801],[14.2447,45.4923],[14.1959,45.4801],[14.1308,45.4761],[14.086,45.4801],[14.0412,45.4964],[14.0209,45.5045],[13.9965,45.5045],[13.9965,45.4883],[13.9965,45.472],[13.9761,45.4598],[13.9558,45.4516],[13.8947,45.4557],[13.8825,45.472],[13.8337,45.4638],[13.8255,45.4557],[13.7645,45.4476],[13.736,45.4394],[13.679,45.4313],[13.5563,45.4596],[13.7491,45.4943],[13.8,45.5664],[13.825,45.6627],[13.6971,45.7518],[13.5351,45.8013],[13.592,45.9638],[13.4407,46.0039],[13.6063,46.1321],[13.522,46.2156],[13.3887,46.2163],[13.3445,46.2845],[13.6211,46.4209],[13.5689,46.5104]]]]}},{"type":"Feature","properties":{"NAME":"Croatia","ABBREVN":"Croatia","SUBJECTO":"Croatia","BORDERPRECISION":3,"PARTOF":"Croatia"},"geometry":{"type":"MultiPolygon","coordinates":[[[[17.548,42.9201],[17.0751,43.2227],[16.9923,43.3227],[16.6398,43.3897],[16.5485,43.4613],[16.3667,43.513],[16.0594,43.4335],[15.9128,43.6522],[15.4123,43.9348],[15.1495,44.2399],[15.2744,44.2366],[15.5482,44.2293],[15.2859,44.3289],[14.9891,44.54],[14.907,44.7233],[14.9455,44.9266],[14.8154,45.0779],[14.5246,45.2663],[14.3545,45.3229],[14.2386,45.0624],[14.1746,45.0104],[14.1885,44.9425],[14.0604,44.8947],[13.9913,44.7831],[13.8951,44.7592],[13.6721,45.0504],[13.6436,45.1791],[13.5269,45.4543],[13.5563,45.4596],[13.679,45.4313],[13.736,45.4394],[13.7645,45.4476],[13.8255,45.4557],[13.8337,45.4638],[13.8825,45.472],[13.8947,45.4557],[13.9558,45.4516],[13.9761,45.4598],[13.9965,45.472],[13.9965,45.4883],[13.9965,45.5045],[14.0209,45.5045],[14.0412,45.4964],[14.086,45.4801],[14.1308,45.4761],[14.1959,45.4801],[14.2447,45.4923],[14.2936,45.4801],[14.4075,45.4801],[14.4238,45.4842],[14.4523,45.5086],[14.4726,45.5167],[14.5011,45.5371],[14.5093,45.5737],[14.5174,45.5819],[14.5418,45.6104],[14.5459,45.6226],[14.5622,45.647],[14.5907,45.6551],[14.607,45.6511],[14.611,45.6266],[14.6192,45.6022],[14.6436,45.59],[14.6721,45.5656],[14.6843,45.5575],[14.6924,45.5167],[14.7494,45.5086],[14.782,45.4801],[14.8064,45.4598],[14.8674,45.4598],[14.9122,45.472],[14.9244,45.4923],[14.9325,45.5127],[14.9855,45.4923],[15.0139,45.4801],[15.0587,45.4801],[15.1035,45.4516],[15.132,45.4394],[15.189,45.4231],[15.2419,45.4313],[15.2866,45.4516],[15.3151,45.4435],[15.3395,45.4761],[15.3192,45.5208],[15.3192,45.5534],[15.2988,45.59],[15.3029,45.6104],[15.3395,45.6226],[15.3518,45.6266],[15.3721,45.6551],[15.3558,45.6877],[15.3436,45.6999],[15.3151,45.704],[15.2907,45.7121],[15.307,45.7243],[15.3314,45.7528],[15.3762,45.7732],[15.4128,45.7854],[15.4535,45.7935],[15.5064,45.8179],[15.5552,45.822],[15.5959,45.8342],[15.6326,45.8301],[15.6814,45.8301],[15.7018,45.8749],[15.7099,45.9034],[15.7262,45.9522],[15.718,45.9929],[15.7099,46.0214],[15.6896,46.0418],[15.6611,46.0662],[15.6244,46.0906],[15.6082,46.1232],[15.6163,46.1598],[15.6448,46.1842],[15.7018,46.2168],[15.771,46.2127],[15.7954,46.2331],[15.8442,46.2493],[15.8971,46.2656],[15.9704,46.2819],[16.007,46.286],[16.0436,46.3063],[16.0803,46.3348],[16.1006,46.3714],[16.1413,46.3999],[16.1902,46.3837],[16.2512,46.3796],[16.2797,46.3837],[16.2756,46.4203],[16.2675,46.461],[16.2675,46.4935],[16.2919,46.522],[16.357,46.5261],[16.4344,46.5261],[16.4995,46.5098],[16.5442,46.4773],[16.5601,46.4729],[16.6568,46.3843],[17.2924,46.1087],[17.7944,45.8067],[18.0558,45.7627],[18.3561,45.7838],[18.551,45.7978],[18.8161,45.8891],[18.9063,45.8254],[18.9314,45.7853],[18.9414,45.735],[18.9314,45.6999],[18.9515,45.6798],[18.9565,45.6497],[18.9213,45.6246],[18.9163,45.5593],[18.9515,45.5291],[19.0168,45.5442],[19.062,45.5291],[19.082,45.4889],[19.0469,45.4839],[19.0218,45.494],[19.0117,45.4588],[19.0268,45.4136],[19.0067,45.3985],[18.9866,45.3885],[19.0168,45.3383],[19.0921,45.3483],[19.1072,45.3132],[19.1624,45.268],[19.2176,45.268],[19.2628,45.268],[19.303,45.2328],[19.3583,45.2278],[19.4185,45.2278],[19.4236,45.1926],[19.4085,45.1675],[19.3482,45.1725],[19.308,45.1876],[19.2779,45.1776],[19.2428,45.1826],[19.2126,45.2027],[19.1875,45.2077],[19.1674,45.2027],[19.1825,45.1725],[19.1373,45.1324],[19.1021,45.1324],[19.1021,45.0621],[19.1222,45.0319],[19.1072,44.9968],[19.1172,44.9616],[19.1222,44.9265],[19.082,44.9114],[19.0419,44.9265],[19.0168,44.8963],[19.0519,44.8561],[19.0168,44.8511],[18.9314,44.8411],[18.841,44.8511],[18.7757,44.9064],[18.8008,44.9516],[18.7807,44.9917],[18.7255,44.9968],[18.7154,45.047],[18.6501,45.0721],[18.5848,45.0922],[18.5396,45.052],[18.4944,45.057],[18.4241,45.0922],[18.394,45.1022],[18.3287,45.1022],[18.2584,45.1223],[18.2082,45.0922],[18.1479,45.0721],[18.0876,45.0922],[18.0374,45.1223],[17.9872,45.1223],[17.9319,45.0821],[17.8566,45.047],[17.7863,45.0771],[17.6658,45.1173],[17.5854,45.1123],[17.5151,45.1073],[17.4297,45.1324],[17.3544,45.1374],[17.2841,45.1776],[17.2439,45.1424],[17.1937,45.1324],[17.1685,45.1575],[17.0631,45.1926],[16.9928,45.2177],[16.9325,45.2378],[16.8923,45.2429],[16.8321,45.1876],[16.7818,45.1926],[16.6814,45.2027],[16.6061,45.2177],[16.5106,45.2077],[16.4654,45.1575],[16.4001,45.0922],[16.3449,45.0018],[16.2545,45.0118],[16.139,45.0721],[16.0687,45.1575],[16.0235,45.2077],[15.8828,45.2228],[15.8276,45.2027],[15.7874,45.1223],[15.7673,45.047],[15.7874,44.9867],[15.7874,44.9516],[15.8025,44.8561],[15.7472,44.826],[15.7573,44.7858],[15.8176,44.7507],[15.8577,44.7105],[15.913,44.6954],[15.9582,44.6804],[16.0385,44.6],[16.1038,44.4945],[16.144,44.4343],[16.154,44.379],[16.2244,44.3288],[16.1892,44.3037],[16.1842,44.2585],[16.1942,44.1932],[16.2696,44.1982],[16.3097,44.148],[16.3348,44.0928],[16.3851,44.0425],[16.4604,44.0224],[16.5357,44.0074],[16.7015,43.8467],[16.7115,43.7713],[16.7467,43.7512],[16.8421,43.7161],[17.0129,43.5554],[17.1133,43.5001],[17.2137,43.47],[17.259,43.4449],[17.259,43.3947],[17.2941,43.2691],[17.3845,43.2339],[17.4699,43.1586],[17.5352,43.1084],[17.6457,43.0531],[17.6758,42.9577],[17.548,42.9201]]],[[[17.6464,42.8646],[17.7059,42.9175],[17.7662,42.9125],[17.8214,42.8974],[17.8415,42.8623],[17.8717,42.8221],[17.937,42.7819],[18.0173,42.7468],[18.1127,42.7418],[18.2534,42.6262],[18.2735,42.5961],[18.3337,42.6112],[18.389,42.6011],[18.4291,42.5861],[18.4574,42.5578],[18.4593,42.5559],[18.4492,42.5158],[18.4643,42.4806],[18.5011,42.4482],[18.5143,42.407],[18.5136,42.3621],[18.2487,42.5274],[18.0014,42.6945],[17.6464,42.8646]]]]}},{"type":"Feature","properties":{"NAME":"Serbia","ABBREVN":"Serbia","SUBJECTO":"Serbia","BORDERPRECISION":3,"PARTOF":"Serbia"},"geometry":{"type":"MultiPolygon","coordinates":[[[[22.694,44.2631],[22.5465,44.1077],[22.3739,43.9393],[22.2934,43.8036],[22.3181,43.6815],[22.9152,43.1764],[22.9278,43.0864],[22.7923,42.9507],[22.4495,42.8009],[22.3384,42.6654],[22.3349,42.434],[22.3292,42.3403],[22.3034,42.3481],[22.2707,42.335],[22.1989,42.3252],[22.1337,42.3155],[22.0815,42.3057],[22.0553,42.2991],[22.0097,42.322],[21.9705,42.3024],[21.9313,42.2926],[21.8857,42.3122],[21.8563,42.322],[21.7976,42.2698],[21.7584,42.2339],[21.6899,42.2404],[21.6018,42.2437],[21.5724,42.2404],[21.4941,42.26],[21.4255,42.2208],[21.357,42.1751],[21.3081,42.149],[21.3342,42.1164],[21.3211,42.0903],[21.2689,42.0903],[21.2265,42.1392],[21.1677,42.1653],[21.1286,42.198],[21.0927,42.1686],[21.0405,42.1425],[20.9295,42.1164],[20.8284,42.0903],[20.7892,42.0642],[20.7631,41.9891],[20.7762,41.9304],[20.7631,41.8978],[20.7305,41.8586],[20.6456,41.8586],[20.583,41.8807],[20.575,41.9299],[20.2452,42.3198],[20.073,42.4859],[20.0471,42.4875],[20.0965,42.6162],[20.0965,42.6463],[20.0614,42.6765],[20.0162,42.6765],[19.9911,42.7016],[20.0011,42.7418],[20.0513,42.7568],[20.1166,42.7518],[20.192,42.7367],[20.2171,42.7518],[20.2271,42.7819],[20.2673,42.802],[20.3276,42.8121],[20.3677,42.8171],[20.3627,42.8573],[20.3175,42.9025],[20.2422,42.9326],[20.1819,42.9527],[20.1568,42.9728],[20.1066,42.9627],[20.0714,42.9828],[20.0564,43.013],[20.0011,43.0582],[19.966,43.1034],[19.9358,43.1134],[19.9057,43.0933],[19.8705,43.0983],[19.8253,43.1235],[19.6998,43.1586],[19.6646,43.1687],[19.6395,43.1837],[19.5642,43.244],[19.519,43.3093],[19.4688,43.3595],[19.3934,43.3947],[19.3231,43.4399],[19.2227,43.465],[19.2227,43.5102],[19.303,43.5554],[19.3432,43.6056],[19.3784,43.6106],[19.4085,43.5955],[19.4436,43.5755],[19.4888,43.5654],[19.5089,43.5755],[19.514,43.6357],[19.519,43.7211],[19.4587,43.7864],[19.3784,43.8718],[19.2829,43.932],[19.2377,43.9973],[19.2829,43.9873],[19.3281,43.9823],[19.3934,43.9571],[19.4939,43.9371],[19.5541,43.9722],[19.5943,43.9973],[19.6245,44.0325],[19.5843,44.0526],[19.524,44.0626],[19.4838,44.1028],[19.4286,44.138],[19.3583,44.1781],[19.3432,44.2233],[19.3231,44.2685],[19.2277,44.2635],[19.1524,44.2886],[19.1172,44.3338],[19.1072,44.3941],[19.1423,44.4242],[19.1423,44.4644],[19.1272,44.5096],[19.1524,44.5347],[19.1825,44.5699],[19.2528,44.6402],[19.3231,44.7406],[19.3382,44.816],[19.3633,44.8612],[19.3532,44.8913],[19.298,44.9013],[19.2176,44.9064],[19.1473,44.9064],[19.0519,44.8561],[19.0168,44.8963],[19.0419,44.9265],[19.082,44.9114],[19.1222,44.9265],[19.1172,44.9616],[19.1072,44.9968],[19.1222,45.0319],[19.1021,45.0621],[19.1021,45.1324],[19.1373,45.1324],[19.1825,45.1725],[19.1674,45.2027],[19.1875,45.2077],[19.2126,45.2027],[19.2428,45.1826],[19.2779,45.1776],[19.308,45.1876],[19.3482,45.1725],[19.4085,45.1675],[19.4236,45.1926],[19.4185,45.2278],[19.3583,45.2278],[19.303,45.2328],[19.2628,45.268],[19.2176,45.268],[19.1624,45.268],[19.1072,45.3132],[19.0921,45.3483],[19.0168,45.3383],[18.9866,45.3885],[19.0067,45.3985],[19.0268,45.4136],[19.0117,45.4588],[19.0218,45.494],[19.0469,45.4839],[19.082,45.4889],[19.062,45.5291],[19.0168,45.5442],[18.9515,45.5291],[18.9163,45.5593],[18.9213,45.6246],[18.9565,45.6497],[18.9515,45.6798],[18.9314,45.6999],[18.9414,45.735],[18.9314,45.7853],[18.9063,45.8254],[18.8161,45.8891],[19.5067,46.1271],[19.9064,46.1617],[20.3147,46.1315],[20.3392,45.9926],[20.595,45.9125],[20.6811,45.8056],[20.772,45.7896],[20.7383,45.6295],[20.7845,45.5761],[20.7587,45.5365],[21.0791,45.3245],[21.3285,45.2612],[21.466,45.208],[21.4974,45.144],[21.4118,45.0869],[21.3558,45.0214],[21.4383,44.9948],[21.5458,44.9576],[21.4241,44.9255],[21.3442,44.8831],[21.3675,44.8087],[21.4777,44.7928],[21.5833,44.7928],[21.5919,44.7078],[21.8589,44.6812],[21.9465,44.6188],[22.1329,44.5112],[22.1994,44.5643],[22.2959,44.6919],[22.4095,44.7503],[22.6911,44.6387],[22.7424,44.5803],[22.5848,44.5856],[22.4406,44.4953],[22.506,44.3466],[22.694,44.2631]]]]}},{"type":"Feature","properties":{"NAME":"Uzbekistan","ABBREVN":"Uzbekistan","SUBJECTO":"Uzbekistan","BORDERPRECISION":3,"PARTOF":"Uzbekistan"},"geometry":{"type":"MultiPolygon","coordinates":[[[[67.7793,36.9408],[67.6218,37.1571],[67.5153,37.2138],[66.9677,37.2362],[66.6766,37.2409],[66.6338,37.2481],[66.6746,37.5747],[66.6464,37.8011],[66.7171,37.9142],[66.7454,38.0132],[66.519,38.0557],[66.2785,38.183],[66.0239,38.2679],[65.8117,38.2396],[65.642,38.3528],[65.1327,38.6216],[64.878,38.7206],[64.4536,38.9894],[64.3122,38.9611],[63.8595,39.1874],[63.6897,39.3855],[63.1522,39.6542],[62.5297,40.0928],[62.5297,40.2201],[62.4448,40.4182],[62.3175,40.503],[62.1336,40.7718],[62.077,41.0265],[61.978,41.1962],[61.5819,41.3094],[61.497,41.2387],[61.299,41.2104],[61.0585,41.267],[60.8604,41.2528],[60.6341,41.2104],[60.4926,41.2811],[60.1814,41.4226],[60.2238,41.5216],[60.2946,41.6065],[60.2097,41.7055],[60.2238,41.7904],[60.3087,41.8611],[60.1107,41.9884],[60.1107,42.0875],[60.0965,42.1865],[59.9833,42.2855],[59.7428,42.3279],[59.4316,42.3704],[59.3326,42.5118],[59.177,42.526],[58.894,42.6958],[58.6819,42.7382],[58.597,42.7099],[58.3423,42.6392],[58.4555,42.526],[58.5404,42.3562],[58.2716,42.4836],[58.1443,42.4836],[58.0877,42.427],[57.9887,42.2714],[57.8614,42.2148],[57.5784,42.2148],[57.3521,42.1016],[57.1257,41.9177],[57.0974,41.6348],[57.2389,41.4509],[57.1823,41.3094],[56.5599,41.2952],[56.0965,41.3235],[56.1213,45.0016],[58.6677,45.5816],[61.2424,44.2377],[62.1478,43.488],[63.3078,43.6436],[64.5527,43.5587],[65.0478,43.7426],[65.3732,43.4172],[65.642,43.3182],[65.939,42.8655],[66.2361,43.007],[66.222,42.5401],[66.1371,42.3562],[66.1512,42.0167],[66.6039,42.0167],[66.7029,41.6489],[66.8586,41.1679],[67.0849,41.1396],[67.3961,41.1538],[67.8488,41.1962],[68.0044,41.1962],[68.2025,41.0548],[68.2308,40.9274],[68.2025,40.8001],[68.4005,40.6445],[68.6976,40.6445],[68.7542,40.7294],[68.6835,40.9133],[68.9098,41.1113],[69.1079,41.1962],[69.2069,41.4084],[69.3342,41.4933],[69.7586,41.6631],[70.0981,41.7479],[70.3386,41.9601],[70.4942,42.0875],[70.5932,42.1157],[70.7206,42.0592],[70.8903,42.2289],[71.0353,42.2431],[71.192,42.2997],[71.3907,42.1893],[71.2251,42.112],[71.0595,42.0347],[70.9601,42.0126],[70.927,41.9243],[70.7945,41.9022],[70.662,41.8249],[70.5737,41.7587],[70.375,41.6262],[70.2977,41.582],[70.2866,41.5268],[70.4191,41.5047],[70.5516,41.4716],[70.6179,41.4164],[70.8056,41.4826],[70.8497,41.3833],[70.927,41.2839],[71.0926,41.1624],[71.3576,41.1624],[71.5343,41.1624],[71.5564,41.3391],[71.6557,41.317],[71.7441,41.4053],[71.7551,41.5157],[71.8434,41.4716],[71.9318,41.3943],[72.009,41.2618],[72.0311,41.1956],[72.2078,41.1845],[72.274,41.1956],[72.3071,41.0851],[72.3182,41.041],[72.4728,41.052],[72.6163,40.9858],[72.7267,40.8975],[72.9586,40.8643],[73.1683,40.8533],[73.2456,40.7981],[73.0248,40.6987],[72.9365,40.6325],[72.8371,40.5662],[72.6163,40.5773],[72.5059,40.5993],[72.528,40.5221],[72.528,40.4558],[72.3844,40.4558],[72.3071,40.4337],[72.1526,40.3454],[72.0532,40.2571],[71.9318,40.235],[71.8324,40.1467],[71.722,40.2129],[71.5784,40.2571],[71.4459,40.3012],[71.3466,40.2902],[71.2362,40.2571],[71.0926,40.2902],[71.074,40.246],[70.9186,40.2484],[70.7347,40.2343],[70.6498,40.3616],[70.5367,40.3899],[70.4801,40.4747],[70.5932,40.5313],[70.7771,40.6869],[70.862,40.786],[70.7489,40.8991],[70.5508,41.0689],[70.4518,40.9557],[70.2396,40.8001],[69.9284,40.7152],[69.8293,40.6445],[69.7162,40.7435],[69.6171,40.8143],[69.4615,40.8143],[69.4757,40.7152],[69.3483,40.5738],[69.4332,40.4323],[69.4191,40.2767],[69.3908,40.2201],[69.1786,40.2625],[68.924,40.2201],[68.6976,40.1777],[68.8108,40.1211],[69.0513,40.1352],[69.1079,40.0928],[68.9947,40.0645],[68.9098,40.0362],[68.8957,39.8806],[68.8108,39.8806],[68.6976,39.8099],[68.6693,39.626],[68.542,39.5411],[68.061,39.5835],[67.7781,39.6401],[67.5659,39.5128],[67.5093,39.3006],[67.6225,39.1733],[67.7781,39.0884],[67.8488,39.0177],[68.0469,39.0035],[68.2025,39.0035],[68.2591,38.9045],[68.2025,38.8055],[68.1883,38.5933],[68.2449,38.4094],[68.4571,38.2679],[68.5137,38.1406],[68.443,38.0415],[68.2166,37.8859],[68.0893,37.6596],[67.9195,37.4898],[67.9478,37.3201],[67.7793,36.9408]]]]}},{"type":"Feature","properties":{"NAME":"Bosnia and Herzegovina","ABBREVN":"Bosnia/Herz","SUBJECTO":"Bosnia and Herzegovina","BORDERPRECISION":3,"PARTOF":"Bosnia and Herzegovina"},"geometry":{"type":"MultiPolygon","coordinates":[[[[17.6464,42.8646],[17.5957,42.8889],[17.548,42.9201],[17.6758,42.9577],[17.6457,43.0531],[17.5352,43.1084],[17.4699,43.1586],[17.3845,43.2339],[17.2941,43.2691],[17.259,43.3947],[17.259,43.4449],[17.2137,43.47],[17.1133,43.5001],[17.0129,43.5554],[16.8421,43.7161],[16.7467,43.7512],[16.7115,43.7713],[16.7015,43.8467],[16.5357,44.0074],[16.4604,44.0224],[16.3851,44.0425],[16.3348,44.0928],[16.3097,44.148],[16.2696,44.1982],[16.1942,44.1932],[16.1842,44.2585],[16.1892,44.3037],[16.2244,44.3288],[16.154,44.379],[16.144,44.4343],[16.1038,44.4945],[16.0385,44.6],[15.9582,44.6804],[15.913,44.6954],[15.8577,44.7105],[15.8176,44.7507],[15.7573,44.7858],[15.7472,44.826],[15.8025,44.8561],[15.7874,44.9516],[15.7874,44.9867],[15.7673,45.047],[15.7874,45.1223],[15.8276,45.2027],[15.8828,45.2228],[16.0235,45.2077],[16.0687,45.1575],[16.139,45.0721],[16.2545,45.0118],[16.3449,45.0018],[16.4001,45.0922],[16.4654,45.1575],[16.5106,45.2077],[16.6061,45.2177],[16.6814,45.2027],[16.7818,45.1926],[16.8321,45.1876],[16.8923,45.2429],[16.9325,45.2378],[16.9928,45.2177],[17.0631,45.1926],[17.1685,45.1575],[17.1937,45.1324],[17.2439,45.1424],[17.2841,45.1776],[17.3544,45.1374],[17.4297,45.1324],[17.5151,45.1073],[17.5854,45.1123],[17.6658,45.1173],[17.7863,45.0771],[17.8566,45.047],[17.9319,45.0821],[17.9872,45.1223],[18.0374,45.1223],[18.0876,45.0922],[18.1479,45.0721],[18.2082,45.0922],[18.2584,45.1223],[18.3287,45.1022],[18.394,45.1022],[18.4241,45.0922],[18.4944,45.057],[18.5396,45.052],[18.5848,45.0922],[18.6501,45.0721],[18.7154,45.047],[18.7255,44.9968],[18.7807,44.9917],[18.8008,44.9516],[18.7757,44.9064],[18.841,44.8511],[18.9314,44.8411],[19.0168,44.8511],[19.0519,44.8561],[19.1473,44.9064],[19.2176,44.9064],[19.298,44.9013],[19.3532,44.8913],[19.3633,44.8612],[19.3382,44.816],[19.3231,44.7406],[19.2528,44.6402],[19.1825,44.5699],[19.1524,44.5347],[19.1272,44.5096],[19.1423,44.4644],[19.1423,44.4242],[19.1072,44.3941],[19.1172,44.3338],[19.1524,44.2886],[19.2277,44.2635],[19.3231,44.2685],[19.3432,44.2233],[19.3583,44.1781],[19.4286,44.138],[19.4838,44.1028],[19.524,44.0626],[19.5843,44.0526],[19.6245,44.0325],[19.5943,43.9973],[19.5541,43.9722],[19.4939,43.9371],[19.3934,43.9571],[19.3281,43.9823],[19.2829,43.9873],[19.2377,43.9973],[19.2829,43.932],[19.3784,43.8718],[19.4587,43.7864],[19.519,43.7211],[19.514,43.6357],[19.5089,43.5755],[19.4888,43.5654],[19.4436,43.5755],[19.4085,43.5955],[19.3784,43.6106],[19.3432,43.6056],[19.303,43.5554],[19.2227,43.5102],[19.1976,43.5252],[19.1272,43.5001],[19.077,43.5102],[19.0469,43.5303],[18.9967,43.5152],[18.9615,43.4901],[18.9665,43.4549],[19.0067,43.4097],[19.062,43.3344],[19.0871,43.2892],[19.062,43.244],[19.0117,43.244],[18.9716,43.2691],[18.9464,43.3093],[18.9213,43.3294],[18.8661,43.3344],[18.8108,43.3093],[18.7355,43.2741],[18.7154,43.2289],[18.6953,43.1887],[18.6451,43.1435],[18.6602,43.1034],[18.6652,43.0582],[18.6401,43.0331],[18.5798,43.028],[18.5296,43.018],[18.4844,42.9778],[18.4794,42.9175],[18.4844,42.8673],[18.4894,42.802],[18.4944,42.7819],[18.5246,42.7317],[18.5597,42.6915],[18.5798,42.6463],[18.5396,42.6062],[18.4574,42.5578],[18.4291,42.5861],[18.389,42.6011],[18.3337,42.6112],[18.2735,42.5961],[18.2534,42.6262],[18.1127,42.7418],[18.0173,42.7468],[17.937,42.7819],[17.8717,42.8221],[17.8415,42.8623],[17.8214,42.8974],[17.7662,42.9125],[17.7059,42.9175],[17.6464,42.8646]]]]}},{"type":"Feature","properties":{"NAME":"Bulgaria","ABBREVN":"Bulgaria","SUBJECTO":"Bulgaria","BORDERPRECISION":3,"PARTOF":"Bulgaria"},"geometry":{"type":"MultiPolygon","coordinates":[[[[22.3292,42.3403],[22.3349,42.434],[22.3384,42.6654],[22.4495,42.8009],[22.7923,42.9507],[22.9278,43.0864],[22.9152,43.1764],[22.3181,43.6815],[22.2934,43.8036],[22.3739,43.9393],[22.5465,44.1077],[22.694,44.2631],[22.8704,44.1714],[23.0283,44.1236],[22.9231,43.9803],[22.9444,43.8954],[23.0641,43.906],[23.4109,43.9909],[23.6383,43.9901],[24.1564,43.8126],[24.3095,43.8263],[24.6203,43.9439],[24.755,43.9382],[25.3781,43.7806],[25.5491,43.8073],[26.4062,44.1544],[26.6844,44.2526],[26.9371,44.2346],[27.2387,44.0688],[27.3714,44.0502],[27.6027,43.9484],[28.2083,43.7972],[28.5101,43.7431],[28.4805,43.5923],[28.4457,43.4764],[28.3281,43.4375],[28.1871,43.4501],[28.0346,43.3919],[27.8873,43.0635],[27.8699,42.7999],[27.8362,42.7355],[27.654,42.6837],[27.502,42.5163],[27.4947,42.4009],[27.6079,42.4168],[27.7225,42.3162],[27.7377,42.247],[27.9134,42.0781],[27.918,41.9777],[27.3179,41.9797],[27.0807,42.0298],[26.8571,42.0093],[26.5738,41.8409],[26.3499,41.6408],[26.1863,41.6527],[26.0318,41.5556],[26.0752,41.4083],[26.0364,41.2927],[25.5337,41.1681],[25.3593,41.1544],[25.0809,41.249],[24.4181,41.4762],[24.1554,41.4491],[23.7956,41.3317],[22.961,41.2437],[22.9202,41.2307],[22.8991,41.3203],[22.946,41.4553],[22.9485,41.6798],[22.8472,41.891],[22.6862,42.0635],[22.3862,42.1967],[22.3264,42.2927],[22.3292,42.3403]]]]}},{"type":"Feature","properties":{"NAME":"Spain","ABBREVN":"Spain","SUBJECTO":"Spain","BORDERPRECISION":3,"PARTOF":"Spain"},"geometry":{"type":"MultiPolygon","coordinates":[[[[1.212,38.898],[1.228,38.948],[1.243,38.968],[1.294,39.031],[1.304,39.039],[1.329,39.055],[1.363,39.073],[1.473,39.105],[1.52,39.118],[1.546,39.118],[1.601,39.096],[1.605,39.092],[1.609,39.081],[1.615,39.028],[1.532,38.952],[1.406,38.846],[1.372,38.831],[1.368,38.851],[1.362,38.861],[1.358,38.865],[1.353,38.868],[1.346,38.871],[1.277,38.88],[1.271,38.878],[1.258,38.864],[1.253,38.859],[1.246,38.86],[1.223,38.874],[1.212,38.898]]],[[[3.372,39.549],[3.332,39.526],[3.32,39.521],[3.306,39.502],[3.288,39.467],[3.267,39.413],[3.242,39.364],[3.082,39.273],[3.064,39.264],[3.057,39.263],[3.029,39.283],[2.986,39.319],[2.83,39.353],[2.799,39.361],[2.786,39.365],[2.781,39.369],[2.755,39.392],[2.746,39.406],[2.743,39.412],[2.728,39.473],[2.742,39.491],[2.746,39.495],[2.753,39.497],[2.755,39.502],[2.754,39.508],[2.745,39.516],[2.736,39.524],[2.732,39.527],[2.694,39.552],[2.675,39.559],[2.663,39.564],[2.656,39.564],[2.546,39.525],[2.543,39.52],[2.437,39.522],[2.389,39.525],[2.364,39.556],[2.386,39.613],[2.539,39.7],[2.684,39.794],[2.778,39.845],[2.988,39.911],[3.071,39.922],[3.097,39.911],[3.092,39.901],[3.089,39.891],[3.089,39.886],[3.124,39.812],[3.135,39.792],[3.138,39.787],[3.152,39.776],[3.181,39.76],[3.241,39.736],[3.248,39.735],[3.261,39.734],[3.275,39.738],[3.293,39.746],[3.324,39.759],[3.333,39.766],[3.344,39.776],[3.383,39.773],[3.44,39.75],[3.48,39.722],[3.48,39.711],[3.464,39.661],[3.447,39.64],[3.378,39.553],[3.372,39.549]]],[[[4.088,39.891],[4.085,39.896],[4.08,39.899],[4.041,39.916],[4.029,39.92],[3.985,39.93],[3.966,39.934],[3.938,39.932],[3.924,39.929],[3.911,39.926],[3.891,39.921],[3.885,39.92],[3.878,39.92],[3.827,39.922],[3.797,40.017],[3.831,40.053],[3.836,40.056],[3.868,40.058],[3.938,40.059],[4.122,40.056],[4.174,40.05],[4.241,39.994],[4.273,39.961],[4.316,39.879],[4.317,39.846],[4.314,39.832],[4.3,39.814],[4.295,39.811],[4.289,39.807],[4.276,39.806],[4.263,39.809],[4.257,39.811],[4.238,39.816],[4.116,39.868],[4.101,39.878],[4.091,39.885],[4.088,39.891]]],[[[1.39,38.643],[1.386,38.648],[1.386,38.658],[1.384,38.683],[1.383,38.694],[1.383,38.716],[1.383,38.721],[1.399,38.738],[1.445,38.741],[1.573,38.691],[1.578,38.688],[1.587,38.672],[1.588,38.667],[1.576,38.656],[1.569,38.654],[1.556,38.654],[1.531,38.654],[1.524,38.655],[1.518,38.657],[1.505,38.669],[1.494,38.676],[1.463,38.686],[1.457,38.687],[1.444,38.683],[1.39,38.643]]],[[[-8.7986,42.1945],[-8.6441,42.4197],[-8.805,42.6316],[-8.9417,42.8242],[-9.1731,42.8559],[-9.2469,42.9008],[-9.2708,43.0487],[-9.1975,43.1582],[-9.0136,43.2809],[-8.8492,43.3262],[-8.5957,43.3396],[-8.3104,43.353],[-8.2507,43.4304],[-8.2202,43.6172],[-7.9795,43.7401],[-7.6363,43.7214],[-7.1513,43.5549],[-6.808,43.5234],[-6.4676,43.5627],[-6.208,43.6405],[-5.9797,43.7054],[-5.8205,43.7057],[-5.5374,43.5775],[-5.2249,43.5072],[-4.8023,43.4694],[-4.1102,43.4515],[-3.8476,43.4392],[-3.417,43.3757],[-3.196,43.4469],[-3.0072,43.5503],[-2.7684,43.5379],[-2.3674,43.3262],[-2.0656,43.3333],[-1.9146,43.3054],[-1.7024,43.1959],[-1.4914,43.2096],[-1.4657,43.1549],[-1.5577,43.0454],[-1.5151,42.9976],[-1.4476,42.9839],[-1.3973,43.0318],[-0.9074,42.8813],[-0.84,42.9087],[-0.612,42.7309],[-0.5868,42.7651],[-0.4688,42.7514],[-0.4099,42.7856],[-0.2161,42.7172],[-0.2037,42.7003],[-0.1656,42.6488],[0.1796,42.6625],[0.1963,42.6078],[0.3478,42.6352],[0.5919,42.6283],[0.5841,42.7719],[0.7442,42.7719],[1.4369,42.6342],[1.4544,42.6129],[1.4458,42.6019],[1.4344,42.5764],[1.4214,42.5458],[1.4242,42.4933],[1.4483,42.4508],[1.4547,42.4417],[1.5122,42.4364],[1.5333,42.4361],[1.5417,42.4372],[1.6544,42.4678],[1.6611,42.4714],[1.7189,42.5031],[1.7212,42.5062],[1.9126,42.4539],[1.9721,42.3768],[1.9937,42.3072],[2.1711,42.3823],[2.3632,42.2935],[2.5815,42.2867],[2.5993,42.3481],[2.9365,42.4096],[3.0871,42.3686],[3.0865,42.3291],[3.0863,42.1207],[3.1566,42.0757],[3.1289,41.8572],[2.6283,41.6195],[2.2006,41.4461],[2.0807,41.2985],[1.6098,41.2092],[1.3112,41.1573],[0.8792,41.0217],[0.7338,40.875],[0.7098,40.7851],[0.8271,40.7274],[0.7876,40.6569],[0.5051,40.5928],[0.2379,40.2402],[-0.1606,39.886],[-0.2037,39.7994],[-0.2845,39.6368],[-0.3948,39.4345],[-0.2359,39.0624],[-0.2037,39.0127],[-0.1657,38.9541],[0.1261,38.8214],[0.1726,38.7383],[-0.107,38.5915],[-0.2037,38.544],[-0.4352,38.4303],[-0.5641,38.2149],[-0.6647,38.1766],[-0.8723,37.7598],[-0.8026,37.615],[-0.9183,37.5703],[-1.3646,37.5484],[-1.6257,37.4395],[-1.8169,37.2925],[-1.9405,36.9516],[-2.2388,36.7284],[-2.3551,36.8241],[-2.6243,36.8113],[-2.7615,36.6901],[-2.9153,36.6901],[-2.9698,36.7411],[-4.4466,36.722],[-4.7573,36.4861],[-5.2167,36.4096],[-5.3742,36.2375],[-5.3867,36.11],[-5.4243,36.0717],[-5.4571,36.1674],[-5.4879,36.1737],[-5.4855,36.0654],[-5.6606,36.008],[-5.85,36.0717],[-6.2045,36.2821],[-6.305,36.4542],[-6.2889,36.5722],[-6.444,36.6232],[-6.5005,36.7188],[-6.4217,36.7922],[-6.6322,37.0218],[-6.948,37.1493],[-7.0101,37.1653],[-7.2278,37.2259],[-7.4915,37.2082],[-7.488,37.2164],[-7.3514,37.6444],[-7.2425,37.8109],[-6.8448,38.1002],[-7.0281,38.2396],[-7.3939,38.295],[-7.3173,38.4996],[-7.0894,38.7945],[-6.9334,38.9613],[-7.0069,39.0503],[-7.2114,39.2982],[-7.431,39.5205],[-7.3013,39.5787],[-7.0842,39.5991],[-6.8783,39.7024],[-6.8587,39.7919],[-6.8842,40.214],[-6.8249,40.6566],[-6.8572,40.8616],[-6.8344,41.0605],[-6.7966,41.0928],[-6.2411,41.3205],[-6.1115,41.4175],[-6.1395,41.5264],[-6.5184,41.7491],[-6.5861,41.8579],[-6.7087,41.96],[-6.8595,41.9849],[-7.0984,41.868],[-7.9186,41.8892],[-8.1573,42.087],[-8.405,42.0021],[-8.8061,41.8892],[-8.8605,42.0145],[-8.7986,42.1945]]],[[[-13.8084,29.0486],[-13.5182,29.4285],[-13.4214,29.0909],[-13.7842,28.8793],[-13.881,28.1994],[-14.5098,28.05],[-14.147,28.391],[-13.8084,29.0486]]],[[[-15.2112,27.9005],[-15.574,27.7294],[-15.9127,27.9005],[-15.574,28.178],[-15.4047,28.1994],[-15.2112,27.9005]]],[[[-16.082,28.5399],[-16.2271,28.3698],[-16.6383,28.05],[-17.3397,28.0287],[-17.2913,28.2846],[-16.8801,28.3272],[-16.082,28.5399]]]]}},{"type":"Feature","properties":{"NAME":"Georgia","ABBREVN":"Georgia","SUBJECTO":"Georgia","BORDERPRECISION":3,"PARTOF":"Georgia"},"geometry":{"type":"MultiPolygon","coordinates":[[[[40.0981,43.3776],[40.1486,43.5166],[40.2656,43.5911],[40.3933,43.5698],[40.4252,43.5485],[40.606,43.5379],[40.8081,43.5272],[40.9358,43.4847],[41.0634,43.4209],[41.1485,43.3783],[41.2336,43.357],[41.3826,43.357],[41.4783,43.357],[41.574,43.2826],[41.691,43.24],[41.8293,43.2081],[41.9889,43.1868],[42.1272,43.1868],[42.3186,43.2294],[42.5633,43.2294],[42.7441,43.1549],[42.8292,43.1549],[42.9569,43.1762],[43.1164,43.1017],[43.159,43.0379],[43.2866,42.9422],[43.5207,42.889],[43.6802,42.8571],[43.7866,42.8039],[43.9249,42.7507],[43.861,42.6975],[43.8398,42.6443],[43.9568,42.5912],[44.0525,42.5592],[44.1695,42.6124],[44.2972,42.6124],[44.3716,42.6869],[44.4142,42.7294],[44.5099,42.7614],[44.6695,42.7614],[44.7865,42.7294],[44.8716,42.6656],[44.9354,42.7401],[44.978,42.772],[45.0312,42.772],[45.1375,42.7188],[45.2014,42.6763],[45.2971,42.6763],[45.3822,42.6231],[45.4779,42.5486],[45.6481,42.5486],[45.8077,42.538],[45.8609,42.4741],[45.8077,42.389],[45.7545,42.2508],[45.9141,42.1231],[46.0417,42.0487],[46.1587,42.0061],[46.2864,41.9848],[46.3927,41.9955],[46.4991,41.9636],[46.5558,41.8785],[46.4353,41.7934],[46.3715,41.7295],[46.3289,41.6976],[46.3927,41.5806],[46.4885,41.4423],[46.765,41.3679],[46.8182,41.2721],[46.7757,41.1232],[46.6693,41.0807],[46.5629,41.0594],[46.4459,41.1445],[46.3821,41.1764],[46.297,41.187],[46.1693,41.1658],[45.8821,41.2509],[45.797,41.3466],[45.6481,41.4317],[45.4354,41.4423],[45.329,41.4423],[45.141,41.304],[45.0099,41.2615],[44.8397,41.2402],[44.5737,41.1977],[44.3078,41.2189],[44.127,41.1658],[43.9355,41.1551],[43.7972,41.1126],[43.6589,41.1232],[43.4893,41.0747],[43.4753,41.0874],[42.8784,41.5455],[42.6938,41.5637],[42.3515,41.4016],[42.2501,41.369],[42.029,41.3998],[41.484,41.4365],[41.5211,41.4658],[41.6661,41.7292],[41.6805,41.7933],[41.6518,42.1206],[41.5027,42.6085],[41.4097,42.7882],[41.1226,43.0191],[40.9693,43.0767],[40.5571,43.1466],[40.2516,43.2682],[40.0981,43.3776]]]]}},{"type":"Feature","properties":{"NAME":"Montenegro","ABBREVN":"Montenegro","SUBJECTO":"Montenegro","BORDERPRECISION":3,"PARTOF":"Montenegro"},"geometry":{"type":"MultiPolygon","coordinates":[[[[19.3677,41.8464],[19.3385,41.862],[19.143,41.9321],[19.1355,41.9995],[18.9099,42.2178],[18.5286,42.3527],[18.5136,42.3621],[18.5143,42.407],[18.5011,42.4482],[18.4643,42.4806],[18.4492,42.5158],[18.4593,42.5559],[18.4574,42.5578],[18.5396,42.6062],[18.5798,42.6463],[18.5597,42.6915],[18.5246,42.7317],[18.4944,42.7819],[18.4894,42.802],[18.4844,42.8673],[18.4794,42.9175],[18.4844,42.9778],[18.5296,43.018],[18.5798,43.028],[18.6401,43.0331],[18.6652,43.0582],[18.6602,43.1034],[18.6451,43.1435],[18.6953,43.1887],[18.7154,43.2289],[18.7355,43.2741],[18.8108,43.3093],[18.8661,43.3344],[18.9213,43.3294],[18.9464,43.3093],[18.9716,43.2691],[19.0117,43.244],[19.062,43.244],[19.0871,43.2892],[19.062,43.3344],[19.0067,43.4097],[18.9665,43.4549],[18.9615,43.4901],[18.9967,43.5152],[19.0469,43.5303],[19.077,43.5102],[19.1272,43.5001],[19.1976,43.5252],[19.2227,43.5102],[19.2227,43.465],[19.3231,43.4399],[19.3934,43.3947],[19.4688,43.3595],[19.519,43.3093],[19.5642,43.244],[19.6395,43.1837],[19.6646,43.1687],[19.6998,43.1586],[19.8253,43.1235],[19.8705,43.0983],[19.9057,43.0933],[19.9358,43.1134],[19.966,43.1034],[20.0011,43.0582],[20.0564,43.013],[20.0714,42.9828],[20.1066,42.9627],[20.1568,42.9728],[20.1819,42.9527],[20.2422,42.9326],[20.3175,42.9025],[20.3627,42.8573],[20.3677,42.8171],[20.3276,42.8121],[20.2673,42.802],[20.2271,42.7819],[20.2171,42.7518],[20.192,42.7367],[20.1166,42.7518],[20.0513,42.7568],[20.0011,42.7418],[19.9911,42.7016],[20.0162,42.6765],[20.0614,42.6765],[20.0965,42.6463],[20.0965,42.6162],[20.0471,42.4875],[19.8846,42.4977],[19.5577,42.5473],[19.4346,42.4246],[19.3088,42.1926],[19.3687,42.0003],[19.3677,41.8464]]]]}},{"type":"Feature","properties":{"NAME":"Turkmenistan","ABBREVN":"Turkmenistan","SUBJECTO":"Turkmenistan","BORDERPRECISION":3,"PARTOF":"Turkmenistan"},"geometry":{"type":"MultiPolygon","coordinates":[[[[61.2213,35.5816],[61.1862,35.5942],[61.1187,35.9054],[61.1141,36.1599],[61.0969,36.5416],[61.014,36.6366],[60.6599,36.6028],[60.3463,36.6074],[60.0514,36.8349],[59.2405,37.4478],[58.9716,37.5992],[58.6749,37.6739],[58.4498,37.6982],[58.095,37.728],[57.7249,37.8788],[57.4065,37.9917],[57.2255,38.1882],[56.7508,38.2365],[56.5173,38.2607],[56.3633,38.2025],[56.1309,38.0483],[55.9807,38.0347],[55.6296,38.0519],[55.3557,38.0377],[55.1697,37.9729],[54.9558,37.8252],[54.6761,37.5307],[54.4666,37.3958],[54.2139,37.3371],[54.0151,37.3483],[53.9852,37.5177],[53.9278,37.8242],[53.8799,38.0254],[53.9373,38.1594],[53.9373,38.3318],[53.9373,38.5713],[53.9852,38.6575],[54.0331,38.7916],[54.0714,38.8969],[54.0331,38.9927],[53.9182,39.0502],[53.7745,39.1364],[53.6787,39.2513],[53.6596,39.3184],[53.5829,39.3184],[53.4967,39.3375],[53.3339,39.3854],[53.2477,39.2992],[53.2094,39.4046],[53.2477,39.4525],[53.3148,39.5674],[53.3722,39.5195],[53.5446,39.5387],[53.7362,39.5004],[53.7937,39.4908],[53.8128,39.5482],[53.6691,39.644],[53.5542,39.6536],[53.5159,39.7781],[53.5925,39.893],[53.6883,39.9792],[53.5063,39.9984],[53.3627,39.9601],[53.1903,39.9601],[53.0466,39.9984],[52.9891,39.9314],[52.9125,40.0463],[52.8455,40.1804],[52.8455,40.3336],[52.8263,40.4677],[52.9029,40.5635],[52.9508,40.7072],[52.97,40.8221],[53.0179,40.9466],[53.0562,41.052],[53.1519,40.8987],[53.1807,40.8413],[53.2573,40.7646],[53.4393,40.8029],[53.6117,40.7455],[53.6596,40.8125],[53.65,40.8796],[53.6979,40.8796],[53.7649,40.87],[53.7937,40.7263],[53.8416,40.6401],[53.9756,40.6497],[54.1097,40.6784],[54.2247,40.7263],[54.33,40.688],[54.4162,40.6593],[54.4545,40.7167],[54.3875,40.8029],[54.3683,40.8987],[54.4545,40.9179],[54.5024,40.8508],[54.6078,40.8125],[54.7227,40.8508],[54.8185,40.8796],[54.8281,40.9849],[54.7514,41.1382],[54.5982,41.2435],[54.3588,41.3872],[54.1672,41.483],[54.1385,41.6266],[54.1193,41.7799],[54.0235,41.8565],[54.0235,41.9523],[54.0235,42.0481],[53.9852,42.1055],[53.7362,42.1343],[53.4584,42.096],[53.2669,42.0864],[53.0657,42.0289],[52.9795,41.9044],[52.9412,41.7703],[52.9987,41.6841],[52.97,41.5596],[52.9317,41.3776],[52.9604,41.2723],[52.97,41.1382],[52.855,41.3872],[52.6922,41.5309],[52.7114,41.6075],[52.6826,41.6937],[52.5593,41.7578],[52.7976,41.9619],[53.219,42.2013],[53.7937,42.3354],[54.2342,42.3737],[54.4641,42.2684],[54.7706,42.096],[55.0484,41.9236],[55.1633,41.6937],[55.4506,41.3776],[55.6518,41.2627],[55.8721,41.2818],[56.0253,41.3297],[56.0965,41.3235],[56.5599,41.2952],[57.1823,41.3094],[57.2389,41.4509],[57.0974,41.6348],[57.1257,41.9177],[57.3521,42.1016],[57.5784,42.2148],[57.8614,42.2148],[57.9887,42.2714],[58.0877,42.427],[58.1443,42.4836],[58.2716,42.4836],[58.5404,42.3562],[58.4555,42.526],[58.3423,42.6392],[58.597,42.7099],[58.6819,42.7382],[58.894,42.6958],[59.177,42.526],[59.3326,42.5118],[59.4316,42.3704],[59.7428,42.3279],[59.9833,42.2855],[60.0965,42.1865],[60.1107,42.0875],[60.1107,41.9884],[60.3087,41.8611],[60.2238,41.7904],[60.2097,41.7055],[60.2946,41.6065],[60.2238,41.5216],[60.1814,41.4226],[60.4926,41.2811],[60.6341,41.2104],[60.8604,41.2528],[61.0585,41.267],[61.299,41.2104],[61.497,41.2387],[61.5819,41.3094],[61.978,41.1962],[62.077,41.0265],[62.1336,40.7718],[62.3175,40.503],[62.4448,40.4182],[62.5297,40.2201],[62.5297,40.0928],[63.1522,39.6542],[63.6897,39.3855],[63.8595,39.1874],[64.3122,38.9611],[64.4536,38.9894],[64.878,38.7206],[65.1327,38.6216],[65.642,38.3528],[65.8117,38.2396],[66.0239,38.2679],[66.2785,38.183],[66.519,38.0557],[66.7454,38.0132],[66.7171,37.9142],[66.6464,37.8011],[66.6746,37.5747],[66.6338,37.2481],[65.9791,37.358],[65.7247,37.4903],[65.5244,37.33],[65.3369,37.2398],[64.826,37.1479],[64.6321,36.784],[64.5407,36.3381],[64.4945,36.2806],[64.2658,36.1711],[63.3723,35.8608],[63.1166,35.7894],[63.063,35.7001],[63.0627,35.4902],[62.9636,35.4006],[62.6776,35.2655],[62.4375,35.2514],[62.1795,35.2881],[61.7297,35.4446],[61.3082,35.5312],[61.2213,35.5816]]]]}},{"type":"Feature","properties":{"NAME":"Albania","ABBREVN":"Albania","SUBJECTO":"Albania","BORDERPRECISION":3,"PARTOF":"Albania"},"geometry":{"type":"MultiPolygon","coordinates":[[[[20.1224,39.551],[20.0908,39.6025],[20.0286,39.8138],[19.8036,40.017],[19.3691,40.2603],[19.3802,40.3236],[19.4837,40.2959],[19.4945,40.4027],[19.3392,40.5887],[19.5273,40.8659],[19.4454,40.9649],[19.53,41.2184],[19.417,41.3453],[19.4989,41.5236],[19.6194,41.5593],[19.607,41.7615],[19.4579,41.7981],[19.3677,41.8464],[19.3687,42.0003],[19.3088,42.1926],[19.4346,42.4246],[19.5577,42.5473],[19.8846,42.4977],[20.0471,42.4875],[20.073,42.4859],[20.2452,42.3198],[20.575,41.9299],[20.583,41.8807],[20.5989,41.7824],[20.5396,41.5896],[20.5728,41.3011],[20.707,41.0006],[21.0316,40.7268],[20.9912,40.7138],[20.7889,40.3348],[20.6079,40.1609],[20.3847,39.9486],[20.1224,39.551]]]]}},{"type":"Feature","properties":{"NAME":"Macedonia","ABBREVN":"Macedonia","SUBJECTO":"Macedonia","BORDERPRECISION":3,"PARTOF":"Macedonia"},"geometry":{"type":"MultiPolygon","coordinates":[[[[22.9202,41.2307],[22.6924,41.1589],[22.4526,41.0486],[22.1729,41.0727],[22.0102,41.0911],[21.8457,41.0196],[21.6684,40.8264],[21.3953,40.7608],[21.0316,40.7268],[20.707,41.0006],[20.5728,41.3011],[20.5396,41.5896],[20.5989,41.7824],[20.583,41.8807],[20.6456,41.8586],[20.7305,41.8586],[20.7631,41.8978],[20.7762,41.9304],[20.7631,41.9891],[20.7892,42.0642],[20.8284,42.0903],[20.9295,42.1164],[21.0405,42.1425],[21.0927,42.1686],[21.1286,42.198],[21.1677,42.1653],[21.2265,42.1392],[21.2689,42.0903],[21.3211,42.0903],[21.3342,42.1164],[21.3081,42.149],[21.357,42.1751],[21.4255,42.2208],[21.4941,42.26],[21.5724,42.2404],[21.6018,42.2437],[21.6899,42.2404],[21.7584,42.2339],[21.7976,42.2698],[21.8563,42.322],[21.8857,42.3122],[21.9313,42.2926],[21.9705,42.3024],[22.0097,42.322],[22.0553,42.2991],[22.0815,42.3057],[22.1337,42.3155],[22.1989,42.3252],[22.2707,42.335],[22.3034,42.3481],[22.3292,42.3403],[22.3264,42.2927],[22.3862,42.1967],[22.6862,42.0635],[22.8472,41.891],[22.9485,41.6798],[22.946,41.4553],[22.8991,41.3203],[22.9202,41.2307]]]]}},{"type":"Feature","properties":{"NAME":"Portugal","ABBREVN":"Portugal","SUBJECTO":"Portugal","BORDERPRECISION":3,"PARTOF":"Portugal"},"geometry":{"type":"MultiPolygon","coordinates":[[[[-7.4915,37.2082],[-7.6034,37.163],[-7.836,37.0323],[-8.0336,37.0088],[-8.2802,37.0886],[-8.5411,37.0886],[-8.6671,37.1214],[-8.9908,36.99],[-9.0166,37.0698],[-8.8415,37.5251],[-8.851,37.9102],[-8.9328,37.9618],[-8.823,38.2061],[-8.8473,38.3846],[-8.7889,38.436],[-8.8537,38.4996],[-9.0223,38.461],[-9.2366,38.4174],[-9.2852,38.6195],[-9.0692,38.643],[-8.9419,38.7419],[-8.9608,38.8185],[-9.0408,38.9202],[-9.1758,38.7322],[-9.3616,38.6711],[-9.5224,38.6899],[-9.549,38.7745],[-9.4598,38.9531],[-9.3977,39.2304],[-9.4153,39.3667],[-9.2993,39.4177],[-9.1179,39.644],[-8.9156,40.1381],[-8.9697,40.19],[-8.6941,40.9922],[-8.8518,41.4078],[-8.8548,41.5969],[-8.9207,41.767],[-8.8061,41.8892],[-8.405,42.0021],[-8.1573,42.087],[-7.9186,41.8892],[-7.0984,41.868],[-6.8595,41.9849],[-6.7087,41.96],[-6.5861,41.8579],[-6.5184,41.7491],[-6.1395,41.5264],[-6.1115,41.4175],[-6.2411,41.3205],[-6.7966,41.0928],[-6.8344,41.0605],[-6.8572,40.8616],[-6.8249,40.6566],[-6.8842,40.214],[-6.8587,39.7919],[-6.8783,39.7024],[-7.0842,39.5991],[-7.3013,39.5787],[-7.431,39.5205],[-7.2114,39.2982],[-7.0069,39.0503],[-6.9334,38.9613],[-7.0894,38.7945],[-7.3173,38.4996],[-7.3939,38.295],[-7.0281,38.2396],[-6.8448,38.1002],[-7.2425,37.8109],[-7.3514,37.6444],[-7.488,37.2164],[-7.4915,37.2082]]]]}},{"type":"Feature","properties":{"NAME":"Turkey","ABBREVN":"Turkey","SUBJECTO":"Turkey","BORDERPRECISION":3,"PARTOF":"Turkey"},"geometry":{"type":"MultiPolygon","coordinates":[[[[44.7946,37.1318],[44.6114,37.1388],[44.4165,36.9641],[44.343,36.9072],[44.1998,36.9545],[44.1537,37.0756],[44.1674,37.192],[44.0438,37.2598],[43.8793,37.2967],[43.7695,37.1914],[43.6151,37.2017],[43.2504,37.2704],[43.0865,37.256],[42.9498,37.3283],[42.7533,37.286],[42.6337,37.2217],[42.53,37.202],[42.5012,37.3125],[42.4077,37.323],[42.2999,37.1914],[41.9878,37.0545],[41.4548,36.954],[41.135,36.9713],[40.7986,37.0268],[40.6007,36.9938],[39.9268,36.6907],[39.6713,36.632],[39.1747,36.5528],[38.9249,36.6215],[38.2354,36.8214],[38.1103,36.808],[37.6919,36.6401],[37.3566,36.6064],[37.0974,36.6176],[36.748,36.6921],[36.648,36.6915],[36.5843,36.7072],[36.5595,36.5637],[36.6054,36.3602],[36.7148,36.1698],[36.4328,36.1127],[36.3623,35.9443],[36.2721,35.8682],[36.1952,35.8865],[36.144,35.8293],[35.9685,35.8856],[35.8291,35.8848],[35.7185,36.0916],[35.6649,36.1335],[35.7086,36.2122],[35.8172,36.301],[36.0953,36.4825],[36.1045,36.5612],[36.0824,36.6215],[35.9568,36.7475],[35.8909,36.7711],[35.6717,36.6058],[35.5676,36.5874],[35.5062,36.5586],[35.5476,36.5402],[35.4946,36.4431],[35.4171,36.4326],[35.3887,36.4536],[35.3542,36.4142],[35.2205,36.388],[35.0714,36.4877],[34.8699,36.5769],[34.6624,36.6478],[34.4851,36.6268],[34.1032,36.3803],[33.9517,36.2516],[33.9541,36.1598],[33.891,36.1388],[33.8359,36.1073],[33.8337,36.0706],[33.7532,36.1466],[33.4817,36.0543],[33.1713,35.9709],[32.9041,35.9767],[32.6403,36.008],[32.335,36.1284],[31.902,36.4969],[31.3707,36.7123],[30.9053,36.7942],[30.5936,36.7617],[30.5401,36.647],[30.4967,36.373],[30.4728,36.1883],[30.3949,36.118],[30.2799,36.1178],[30.1661,36.1876],[29.662,36.0783],[29.4719,36.0907],[29.2982,36.1731],[29.0023,36.6948],[28.8135,36.5352],[28.4698,36.7383],[28.2669,36.7124],[28.0142,36.5272],[27.9119,36.6989],[27.9419,36.7563],[28.051,36.833],[27.9988,36.9094],[27.5535,36.9148],[27.3081,36.9207],[27.2686,37.0417],[27.5256,37.1314],[27.4925,37.2397],[27.3646,37.3286],[27.1604,37.3601],[27.1226,37.4939],[27.1411,37.6469],[27.1798,37.7744],[27.1398,37.8891],[26.9614,37.9461],[26.6793,38.1049],[26.5123,38.0663],[26.3932,38.1044],[26.3916,38.2191],[26.4687,38.4448],[26.5274,38.4182],[26.7425,38.2784],[26.9974,38.4001],[26.8197,38.5273],[26.8288,38.583],[26.6957,38.6408],[26.7095,38.6986],[26.9664,38.7699],[27.0349,38.8211],[27.0042,38.8848],[26.9368,38.9246],[26.7853,38.9403],[26.7898,39.0244],[26.8708,39.056],[26.7971,39.1296],[26.7079,39.1821],[26.7041,39.2505],[26.6022,39.2557],[26.7202,39.3372],[26.8535,39.4608],[26.9262,39.4765],[26.9575,39.5483],[26.8043,39.5672],[26.5462,39.5133],[26.139,39.4397],[26.0641,39.4555],[26.0849,39.604],[26.1419,39.6606],[26.1407,39.75],[26.1276,39.8786],[26.186,39.9972],[26.3203,39.9919],[26.4031,40.1765],[26.4817,40.187],[26.7653,40.3769],[26.9965,40.3717],[27.0561,40.4297],[27.2718,40.4508],[27.3292,40.3558],[27.4496,40.3098],[27.526,40.2971],[27.7639,40.2873],[27.8302,40.3453],[27.7998,40.4033],[27.6793,40.4614],[27.8078,40.5036],[27.9538,40.4877],[28.0065,40.4508],[27.9082,40.3506],[28.004,40.3621],[28.4777,40.3951],[28.7564,40.3765],[28.9268,40.3558],[29.0524,40.3347],[29.1223,40.4139],[29.0835,40.4561],[28.8732,40.4719],[28.778,40.5247],[28.9016,40.6201],[29.5252,40.6883],[29.7131,40.6936],[29.8827,40.7464],[29.6834,40.7516],[29.4172,40.7411],[29.3204,40.7411],[29.2896,40.8067],[29.0145,40.9787],[29.1612,41.2164],[29.5778,41.1534],[30.1376,41.1318],[30.2561,41.1847],[30.7448,41.0403],[31.2177,41.0541],[31.4041,41.1635],[31.3857,41.285],[31.6664,41.3948],[31.8713,41.4914],[32.419,41.7492],[32.6879,41.846],[33.1555,41.9496],[33.5555,41.9825],[33.8967,41.9511],[34.3039,41.8941],[34.6629,41.8756],[35.0019,42.0432],[35.0988,41.8059],[35.2861,41.6715],[35.4114,41.6268],[35.6779,41.6209],[35.9578,41.6856],[36.1614,41.3525],[36.3829,41.2375],[36.6412,41.315],[36.817,41.2897],[37.2528,41.0277],[37.8218,41.0096],[38.314,40.9209],[38.6512,40.9216],[39.1386,41.0443],[39.3702,41.064],[39.663,41.0005],[40.0067,40.9563],[40.361,40.9634],[40.6099,41.028],[41.2931,41.2858],[41.484,41.4365],[42.029,41.3998],[42.2501,41.369],[42.3515,41.4016],[42.6938,41.5637],[42.8784,41.5455],[43.4753,41.0874],[43.4893,41.0747],[43.8473,40.75],[43.8589,40.6604],[43.6697,40.2946],[43.6845,40.1091],[43.8124,40.0139],[44.4481,39.9599],[44.6696,39.757],[44.6373,39.6622],[44.4529,39.6728],[44.3489,39.6095],[44.3449,39.4144],[44.0821,39.2945],[44.0648,39.1733],[44.1832,38.8715],[44.1283,38.7029],[44.2291,38.4816],[44.2692,38.4289],[44.3176,38.4764],[44.447,38.3849],[44.4645,38.292],[44.3615,38.1656],[44.2319,37.9249],[44.2052,37.8674],[44.3009,37.8043],[44.4918,37.7543],[44.4268,37.6442],[44.4712,37.4546],[44.6601,37.2862],[44.7842,37.2704],[44.7946,37.1318]]],[[[27.918,41.9777],[28.0262,41.8824],[28.0182,41.7532],[28.0698,41.625],[28.1044,41.593],[28.3715,41.4331],[28.7402,41.3248],[29.0124,41.2548],[29.0811,41.2005],[28.9645,40.9892],[28.8278,40.9147],[28.5962,40.947],[28.1733,41.0579],[28.0264,41.0262],[27.9322,40.9575],[27.4742,40.9628],[27.313,40.7899],[27.2638,40.6672],[26.8889,40.5247],[26.6136,40.398],[26.5139,40.282],[26.3759,40.2134],[26.2552,40.0816],[26.1409,40.0447],[26.2143,40.1607],[26.2228,40.224],[26.1948,40.3031],[26.4575,40.435],[26.5565,40.4983],[26.4548,40.5843],[26.4181,40.5778],[26.124,40.6028],[26.0207,40.6693],[26.1676,40.9153],[26.3416,41.1662],[26.6465,41.45],[26.5896,41.5523],[26.3971,41.641],[26.3499,41.6408],[26.5738,41.8409],[26.8571,42.0093],[27.0807,42.0298],[27.3179,41.9797],[27.918,41.9777]]]]}},{"type":"Feature","properties":{"NAME":"Azerbaijan","ABBREVN":"Azerbaijan","SUBJECTO":"Azerbaijan","BORDERPRECISION":3,"PARTOF":"Azerbaijan"},"geometry":{"type":"MultiPolygon","coordinates":[[[[48.825,38.3096],[48.501,38.452],[48.3804,38.4448],[48.2202,38.6397],[48.0518,38.6871],[47.9932,38.8505],[48.2329,38.9717],[48.2755,39.0718],[48.0821,39.1509],[48.0698,39.2352],[48.3532,39.2932],[48.3955,39.363],[48.3683,39.4139],[48.1487,39.5083],[47.991,39.635],[47.8538,39.7097],[47.6486,39.6042],[47.1725,39.3828],[47.0044,39.1825],[46.7155,39.0982],[46.6011,38.9833],[46.5948,38.9957],[46.6374,39.0489],[46.5948,39.1447],[46.5097,39.1766],[46.6268,39.2191],[46.7012,39.2404],[46.5842,39.3255],[46.4778,39.4319],[46.5842,39.4851],[46.6268,39.5702],[46.4991,39.5914],[46.3395,39.6021],[46.2119,39.6553],[46.1162,39.751],[46.0098,39.7616],[45.8928,39.9212],[45.7651,39.985],[45.7439,40.0276],[45.8183,40.0276],[45.9885,40.0276],[46.063,40.1339],[46.063,40.2403],[45.9672,40.2509],[45.8821,40.3148],[45.6375,40.4637],[45.5098,40.6233],[45.5311,40.7509],[45.7119,40.8147],[45.6588,40.9211],[45.563,40.9956],[45.3715,41.0275],[45.2439,41.07],[45.2758,41.1126],[45.3077,41.1658],[45.1801,41.2083],[45.141,41.304],[45.329,41.4423],[45.4354,41.4423],[45.6481,41.4317],[45.797,41.3466],[45.8821,41.2509],[46.1693,41.1658],[46.297,41.187],[46.3821,41.1764],[46.4459,41.1445],[46.5629,41.0594],[46.6693,41.0807],[46.7757,41.1232],[46.8182,41.2721],[46.765,41.3679],[46.4885,41.4423],[46.3927,41.5806],[46.3289,41.6976],[46.3715,41.7295],[46.4353,41.7934],[46.5558,41.8785],[46.6587,41.8891],[46.6693,41.8146],[46.765,41.8359],[46.8501,41.8359],[46.914,41.7508],[47.1267,41.6232],[47.1693,41.57],[47.2224,41.57],[47.3501,41.4423],[47.3501,41.304],[47.616,41.2615],[47.8181,41.1977],[47.9883,41.2189],[48.0628,41.3147],[48.2011,41.4636],[48.3287,41.5061],[48.5521,41.6338],[48.6832,41.8359],[48.8925,41.687],[48.9989,41.5168],[49.1159,41.4317],[49.2435,41.2934],[49.2861,41.0594],[49.3499,40.953],[49.4775,40.836],[49.6052,40.7615],[49.6052,40.6871],[49.8073,40.5807],[50.0201,40.602],[50.1902,40.5701],[50.3179,40.4956],[50.4243,40.4105],[50.4668,40.3254],[50.4668,40.2616],[50.3073,40.3254],[50.1264,40.3467],[50.0307,40.3467],[49.9137,40.3254],[49.8499,40.2722],[49.669,40.2403],[49.5733,40.1765],[49.552,40.0914],[49.5414,39.8786],[49.4882,39.7616],[49.4456,39.6553],[49.4031,39.4851],[49.4988,39.3787],[49.4882,39.2936],[49.3818,39.3255],[49.3393,39.283],[49.3074,39.134],[49.2754,39.017],[49.2223,39.0383],[49.1797,39.1447],[49.1159,39.1872],[49.0414,39.1447],[49.0201,39.0064],[49.0521,38.9319],[48.9989,38.8787],[48.9457,38.8362],[48.9882,38.7192],[48.825,38.3096]]],[[[44.6696,39.757],[44.9886,39.7297],[45.0524,39.751],[45.1694,39.7829],[45.2758,39.6765],[45.3077,39.6021],[45.4779,39.5382],[45.5737,39.5063],[45.7119,39.5595],[45.946,39.5595],[45.9141,39.4638],[45.9247,39.3574],[45.9779,39.3468],[46.1268,39.2723],[46.0949,39.1659],[46.2844,38.8225],[46.2805,38.8221],[46.1667,38.8821],[45.9795,38.8651],[45.7492,38.8766],[45.5595,38.9329],[45.4088,39.0277],[45.2765,39.2088],[45.0287,39.309],[44.9021,39.4968],[44.783,39.6683],[44.6696,39.757]]]]}},{"type":"Feature","properties":{"NAME":"Greece","ABBREVN":"Greece","SUBJECTO":"Greece","BORDERPRECISION":3,"PARTOF":"Greece"},"geometry":{"type":"MultiPolygon","coordinates":[[[[24.6901,35.0924],[24.3244,35.2078],[24.0132,35.2104],[23.7856,35.2629],[23.5677,35.255],[23.5131,35.276],[23.4669,35.3179],[23.5294,35.5696],[23.6715,35.5722],[23.6691,35.6116],[23.6651,35.6667],[23.6967,35.6981],[23.7337,35.6273],[23.7429,35.5618],[23.8795,35.5524],[23.9568,35.5277],[24.039,35.5618],[24.0333,35.5985],[24.0819,35.6116],[24.1527,35.5644],[24.1358,35.5224],[24.0915,35.5198],[24.0733,35.4962],[24.1132,35.4857],[24.1777,35.47],[24.2197,35.449],[24.2296,35.3913],[24.3883,35.373],[24.7686,35.428],[24.9975,35.421],[25.0136,35.3625],[25.1001,35.3467],[25.374,35.3179],[25.5116,35.2948],[25.6732,35.3494],[25.7135,35.327],[25.6685,35.1868],[25.7418,35.137],[25.789,35.137],[25.9355,35.213],[26.0642,35.2392],[26.0994,35.2156],[26.1688,35.2471],[26.2735,35.3127],[26.236,35.2288],[26.2427,35.1449],[26.1605,35.0243],[25.8987,35.0453],[25.7417,35.0089],[25.5907,35.0164],[24.6935,34.9405],[24.7156,35.0348],[24.6901,35.0924]]],[[[20.6079,40.1609],[20.7889,40.3348],[20.9912,40.7138],[21.0316,40.7268],[21.3953,40.7608],[21.6684,40.8264],[21.8457,41.0196],[22.0102,41.0911],[22.1729,41.0727],[22.4526,41.0486],[22.6924,41.1589],[22.9202,41.2307],[22.961,41.2437],[23.7956,41.3317],[24.1554,41.4491],[24.4181,41.4762],[25.0809,41.249],[25.3593,41.1544],[25.5337,41.1681],[26.0364,41.2927],[26.0752,41.4083],[26.0318,41.5556],[26.1863,41.6527],[26.3499,41.6408],[26.3971,41.641],[26.5896,41.5523],[26.6465,41.45],[26.3416,41.1662],[26.1676,40.9153],[26.0207,40.6693],[25.9929,40.8525],[25.6357,40.8774],[25.3011,40.8959],[25.0463,40.9523],[25.0189,41.0171],[24.8121,40.9334],[24.7007,40.8783],[24.5191,40.8731],[24.505,40.9841],[24.3543,40.971],[24.2191,40.8297],[24.0252,40.7464],[23.886,40.7329],[23.7484,40.8044],[23.6347,40.7728],[23.633,40.7132],[23.7091,40.63],[23.7852,40.4772],[23.9237,40.4508],[24.2954,40.1765],[24.2206,40.1448],[24.0548,40.2609],[24.0478,40.3084],[23.9235,40.3453],[23.7748,40.3928],[23.7222,40.3482],[23.6272,40.3453],[23.6588,40.2873],[23.6517,40.2292],[23.8037,40.1554],[23.8687,40.1607],[23.9201,40.0552],[23.9066,39.9972],[23.796,39.9867],[23.5958,40.1923],[23.4425,40.2556],[23.3491,40.282],[23.2918,40.2873],[23.2931,40.2451],[23.2591,40.2292],[23.321,40.1554],[23.3668,40.1079],[23.4365,40.0447],[23.5233,40.0183],[23.5922,40.0025],[23.6386,39.9603],[23.5969,39.9341],[23.3744,39.9551],[23.2605,39.9709],[23.2763,40.0499],[23.2148,40.1818],[23.1411,40.2662],[22.9602,40.3147],[22.7481,40.4825],[22.8639,40.5352],[22.8755,40.5963],[22.8519,40.6513],[22.77,40.6672],[22.7013,40.5774],[22.4921,40.4983],[22.6023,40.3972],[22.4896,40.2305],[22.4674,40.1185],[22.5256,40.0642],[22.5551,39.9867],[22.6951,39.8345],[22.7545,39.8183],[22.8134,39.6027],[23.0742,39.4135],[23.2361,39.2032],[23.1585,39.1401],[23.0519,39.1033],[23.0998,39.1874],[23.0453,39.2715],[22.9813,39.3293],[22.919,39.3451],[22.8509,39.3661],[22.7203,39.2873],[22.7661,39.2028],[22.8349,39.1664],[22.8711,39.0243],[22.7842,38.9403],[22.4905,38.8769],[22.6023,38.8562],[22.7233,38.7932],[22.8994,38.7669],[22.9842,38.667],[23.0998,38.6723],[23.1695,38.667],[23.191,38.6103],[23.3562,38.4895],[23.4938,38.4831],[23.5558,38.3518],[23.6828,38.3465],[23.8039,38.3465],[23.9607,38.2099],[23.967,38.1521],[23.88,38.1154],[23.9873,37.7634],[23.9182,37.6846],[23.8355,37.6846],[23.7337,37.8579],[23.6341,37.879],[23.5407,38.0041],[23.4957,38.0681],[23.4193,38.0681],[23.1958,38.005],[22.9806,37.9578],[22.8981,37.9],[23.04,37.858],[23.0454,37.7736],[23.0489,37.6426],[23.1514,37.5901],[23.2205,37.6018],[23.3217,37.6374],[23.3122,37.5481],[23.4181,37.4693],[23.185,37.4273],[23.1858,37.3748],[23.1096,37.3466],[22.971,37.3853],[23.0253,37.4798],[22.9421,37.5184],[22.7133,37.5434],[22.6423,37.5849],[22.6387,37.4923],[22.7262,37.2885],[22.8133,37.2121],[22.7931,37.1386],[22.8869,37.0467],[22.9826,36.6148],[22.6736,36.7543],[22.5244,36.7221],[22.3903,36.5244],[22.1914,36.8552],[21.9842,37.0205],[21.7809,36.8225],[21.5882,36.9814],[21.5314,37.1151],[21.6265,37.3065],[21.6137,37.4148],[21.5173,37.5358],[21.2963,37.7265],[21.2211,37.8284],[21.2284,37.9049],[21.4405,38.1795],[21.7145,38.1354],[21.9058,38.2697],[21.9967,38.2508],[22.7472,37.9526],[22.8987,37.9976],[23.1163,38.1574],[22.9967,38.1793],[22.8756,38.2046],[22.3337,38.4267],[21.8265,38.464],[21.6613,38.4381],[21.3645,38.412],[21.1724,38.3478],[20.7718,38.8509],[20.8926,38.8958],[21.0065,38.8705],[21.1047,38.9218],[21.1595,39.0048],[21.0072,39.113],[20.9011,39.0617],[20.6778,39.0804],[20.2118,39.4049],[20.1224,39.551],[20.3847,39.9486],[20.6079,40.1609]]],[[[23.2424,39.0441],[23.4097,38.9437],[23.7898,38.7186],[24.1319,38.6534],[24.2079,38.5524],[24.2915,38.1948],[24.588,38.1529],[24.5272,37.9674],[24.3143,37.9853],[24.1927,38.1529],[24.0254,38.3857],[23.6605,38.4036],[23.5997,38.4572],[23.6377,38.5226],[23.4629,38.6237],[23.1208,38.8668],[22.8699,38.8372],[23.0143,38.9614],[23.2424,39.0441]]],[[[25.7892,36.4049],[25.8728,36.3559],[25.7664,36.3376],[25.7131,36.3498],[25.7359,36.3865],[25.7892,36.4049]]],[[[25.371,36.4966],[25.4927,36.4232],[25.4927,36.3314],[25.3862,36.3192],[25.3178,36.3988],[25.333,36.4599],[25.371,36.4966]]],[[[25.8576,36.8381],[25.9488,36.9111],[26.0248,36.9597],[26.0856,36.8989],[25.9564,36.8442],[25.8348,36.7833],[25.7511,36.7833],[25.7511,36.8138],[25.8576,36.8381]]],[[[24.4284,36.7955],[24.588,36.8685],[24.6792,36.759],[24.4664,36.6493],[24.2991,36.7529],[24.4284,36.7955]]],[[[24.8237,36.6614],[24.8769,36.6797],[24.9757,36.6371],[24.9453,36.5699],[24.8237,36.6371],[24.8237,36.6614]]],[[[25.1658,36.7407],[25.1962,36.6736],[25.105,36.6371],[25.0593,36.6187],[25.0441,36.6614],[25.1658,36.7407]]],[[[25.2494,36.759],[25.295,36.8077],[25.4319,36.698],[25.3862,36.6371],[25.2646,36.7041],[25.2418,36.7529],[25.2494,36.759]]],[[[24.5348,37.1175],[24.4436,37.0993],[24.4284,37.2083],[24.5348,37.1175]]],[[[24.398,37.6671],[24.3827,37.5707],[24.2611,37.5406],[24.2991,37.6611],[24.398,37.6671]]],[[[24.4892,37.3958],[24.3599,37.3052],[24.3599,37.3958],[24.398,37.4682],[24.4892,37.3958]]],[[[24.9453,37.5105],[25.0441,37.3777],[24.8465,37.3656],[24.8617,37.5286],[24.9453,37.5105]]],[[[24.7629,38.0033],[25.2722,37.5647],[25.4699,37.4381],[25.3178,37.4018],[24.9225,37.6912],[24.6564,37.9014],[24.7629,38.0033]]],[[[24.7172,37.0508],[24.7857,36.9475],[24.6792,36.905],[24.6488,37.0143],[24.7172,37.0508]]],[[[25.3102,37.1962],[25.3102,37.0022],[25.1126,36.9415],[24.9377,36.9597],[25.1506,37.172],[25.3102,37.1962]]],[[[25.5383,37.2204],[25.6067,37.1235],[25.5991,37.0265],[25.5459,36.9597],[25.4547,36.9232],[25.3634,37.0083],[25.3406,37.0871],[25.3786,37.1175],[25.5383,37.2204]]]]}},{"type":"Feature","properties":{"NAME":"Armenia","ABBREVN":"Armenia","SUBJECTO":"Armenia","BORDERPRECISION":3,"PARTOF":"Armenia"},"geometry":{"type":"MultiPolygon","coordinates":[[[[46.6011,38.9833],[46.4541,38.8359],[46.2844,38.8225],[46.0949,39.1659],[46.1268,39.2723],[45.9779,39.3468],[45.9247,39.3574],[45.9141,39.4638],[45.946,39.5595],[45.7119,39.5595],[45.5737,39.5063],[45.4779,39.5382],[45.3077,39.6021],[45.2758,39.6765],[45.1694,39.7829],[45.0524,39.751],[44.9886,39.7297],[44.6696,39.757],[44.4481,39.9599],[43.8124,40.0139],[43.6845,40.1091],[43.6697,40.2946],[43.8589,40.6604],[43.8473,40.75],[43.4893,41.0747],[43.6589,41.1232],[43.7972,41.1126],[43.9355,41.1551],[44.127,41.1658],[44.3078,41.2189],[44.5737,41.1977],[44.8397,41.2402],[45.0099,41.2615],[45.141,41.304],[45.1801,41.2083],[45.3077,41.1658],[45.2758,41.1126],[45.2439,41.07],[45.3715,41.0275],[45.563,40.9956],[45.6588,40.9211],[45.7119,40.8147],[45.5311,40.7509],[45.5098,40.6233],[45.6375,40.4637],[45.8821,40.3148],[45.9672,40.2509],[46.063,40.2403],[46.063,40.1339],[45.9885,40.0276],[45.8183,40.0276],[45.7439,40.0276],[45.7651,39.985],[45.8928,39.9212],[46.0098,39.7616],[46.1162,39.751],[46.2119,39.6553],[46.3395,39.6021],[46.4991,39.5914],[46.6268,39.5702],[46.5842,39.4851],[46.4778,39.4319],[46.5842,39.3255],[46.7012,39.2404],[46.6268,39.2191],[46.5097,39.1766],[46.5948,39.1447],[46.6374,39.0489],[46.5948,38.9957],[46.6011,38.9833]]]]}},{"type":"Feature","properties":{"NAME":"Iran","ABBREVN":"Iran","SUBJECTO":"Iran","BORDERPRECISION":3,"PARTOF":"Iran"},"geometry":{"type":"MultiPolygon","coordinates":[[[[44.7946,37.1318],[44.7842,37.2704],[44.6601,37.2862],[44.4712,37.4546],[44.4268,37.6442],[44.4918,37.7543],[44.3009,37.8043],[44.2052,37.8674],[44.2319,37.9249],[44.3615,38.1656],[44.4645,38.292],[44.447,38.3849],[44.3176,38.4764],[44.2692,38.4289],[44.2291,38.4816],[44.1283,38.7029],[44.1832,38.8715],[44.0648,39.1733],[44.0821,39.2945],[44.3449,39.4144],[44.3489,39.6095],[44.4529,39.6728],[44.6373,39.6622],[44.6696,39.757],[44.783,39.6683],[44.9021,39.4968],[45.0287,39.309],[45.2765,39.2088],[45.4088,39.0277],[45.5595,38.9329],[45.7492,38.8766],[45.9795,38.8651],[46.1667,38.8821],[46.2805,38.8221],[46.2844,38.8225],[46.4541,38.8359],[46.6011,38.9833],[46.7155,39.0982],[47.0044,39.1825],[47.1725,39.3828],[47.6486,39.6042],[47.8538,39.7097],[47.991,39.635],[48.1487,39.5083],[48.3683,39.4139],[48.3955,39.363],[48.3532,39.2932],[48.0698,39.2352],[48.0821,39.1509],[48.2755,39.0718],[48.2329,38.9717],[47.9932,38.8505],[48.0518,38.6871],[48.2202,38.6397],[48.3804,38.4448],[48.501,38.452],[48.825,38.3096],[48.8315,38.3063],[48.8092,37.9886],[48.7448,37.727],[48.8372,37.511],[49.0595,37.3976],[49.4758,37.2916],[49.848,37.2682],[50.0387,37.2247],[50.1113,37.0978],[50.2522,36.8948],[50.561,36.6864],[51.417,36.4557],[51.7955,36.4323],[51.9931,36.4589],[52.6022,36.5769],[53.139,36.6435],[53.7997,36.679],[53.9845,36.7819],[54.0674,36.9415],[54.0087,37.3487],[54.0151,37.3483],[54.2139,37.3371],[54.4666,37.3958],[54.6761,37.5307],[54.9558,37.8252],[55.1697,37.9729],[55.3557,38.0377],[55.6296,38.0519],[55.9807,38.0347],[56.1309,38.0483],[56.3633,38.2025],[56.5173,38.2607],[56.7508,38.2365],[57.2255,38.1882],[57.4065,37.9917],[57.7249,37.8788],[58.095,37.728],[58.4498,37.6982],[58.6749,37.6739],[58.9716,37.5992],[59.2405,37.4478],[60.0514,36.8349],[60.3463,36.6074],[60.6599,36.6028],[61.014,36.6366],[61.0969,36.5416],[61.1141,36.1599],[61.1187,35.9054],[61.1862,35.5942],[61.2213,35.5816],[61.1563,35.4731],[61.1187,35.3203],[61.0077,34.9573],[60.787,34.3848],[60.6873,34.2509],[60.4192,34.078],[60.4122,34.0145],[60.4658,33.7164],[60.5089,33.6723],[60.8414,33.5662],[60.8531,33.4838],[60.5554,33.0631],[60.5401,32.9932],[60.6542,32.505],[60.7295,31.9277],[60.7938,31.5789],[60.88,31.4842],[60.9741,31.4656],[61.5132,31.3417],[61.6936,31.2666],[61.7582,31.1019],[61.7792,30.9052],[61.5878,30.6565],[61.2043,30.2987],[60.8205,29.8333],[61.1811,29.3462],[61.501,28.8654],[61.6593,28.6568],[61.9724,28.4808],[62.4868,28.3059],[62.671,28.2054],[62.7466,28.0343],[62.7967,27.4314],[62.8798,27.2541],[63.1732,27.2303],[63.257,27.1038],[63.2405,26.6656],[63.1562,26.5508],[63.0623,26.5185],[62.6123,26.4841],[62.2984,26.368],[61.9413,26.1564],[61.8127,25.9841],[61.6735,25.6277],[61.6514,25.4688],[61.57,25.0396],[61.344,25.0269],[60.8583,25.0957],[60.7522,25.1844],[60.4796,25.2982],[60.2982,25.3232],[59.6546,25.3219],[59.3021,25.3402],[59.0315,25.3079],[58.818,25.4789],[58.7444,25.536],[58.3687,25.5479],[58.1096,25.5473],[57.9005,25.5409],[57.8051,25.6483],[57.4649,25.7048],[57.328,25.7871],[57.2548,25.7933],[57.2451,26.0185],[57.1124,26.0762],[57.0663,26.3075],[56.935,26.4645],[56.9291,26.7519],[56.7904,26.9739],[56.6836,26.9684],[56.6678,27.0499],[56.4309,27.1066],[56.0678,27.1122],[55.8997,27.1048],[55.8053,27.0051],[55.6576,26.9969],[55.4249,26.9631],[55.3401,26.7994],[55.0981,26.7374],[54.9255,26.538],[54.7599,26.4106],[54.6461,26.3913],[54.0649,26.7014],[53.6339,26.7479],[53.3807,26.9096],[52.8908,27.0523],[52.7799,27.1878],[52.6338,27.3146],[52.4104,27.581],[51.9616,27.7769],[51.6989,27.8145],[51.6113,27.827],[51.3501,28.0361],[51.0823,28.512],[50.7968,29.0133],[50.7025,29.1338],[50.7047,29.4006],[50.3598,29.7429],[50.1324,30.0664],[49.7178,30.0021],[49.511,30.0207],[49.4524,30.0777],[49.3214,30.1029],[49.2351,30.2234],[49.2222,30.4775],[49.0202,30.4326],[48.9457,30.3879],[48.8013,30.0827],[48.7138,30],[48.5536,29.9946],[48.5474,30.0487],[48.3898,30.1494],[48.0813,30.3953],[48.1104,30.4908],[48.107,30.6686],[48.0335,30.8777],[47.9367,30.8835],[47.6887,30.8821],[47.6733,31.0281],[47.6982,31.2886],[47.7869,31.5685],[47.793,31.7972],[47.7424,31.9048],[47.612,32.0311],[47.2636,32.3022],[47.0676,32.3963],[46.5085,32.8123],[46.2684,32.8236],[46.124,32.772],[46.0899,32.8417],[46.1051,33.2101],[45.6464,33.6393],[45.5062,33.7973],[45.505,33.8798],[45.565,34.2738],[45.6709,34.6173],[46.1844,35.0584],[45.9949,35.4009],[46.0007,35.5154],[46.211,35.7838],[45.7304,35.832],[45.3881,35.9256],[45.3587,36.0145],[45.1051,36.5032],[44.7946,37.1318]]]]}},{"type":"Feature","properties":{"NAME":"Afghanistan","ABBREVN":"Afghanistan","SUBJECTO":"Afghanistan","BORDERPRECISION":3,"PARTOF":"Afghanistan"},"geometry":{"type":"MultiPolygon","coordinates":[[[[60.8205,29.8333],[61.2043,30.2987],[61.5878,30.6565],[61.7792,30.9052],[61.7582,31.1019],[61.6936,31.2666],[61.5132,31.3417],[60.9741,31.4656],[60.88,31.4842],[60.7938,31.5789],[60.7295,31.9277],[60.6542,32.505],[60.5401,32.9932],[60.5554,33.0631],[60.8531,33.4838],[60.8414,33.5662],[60.5089,33.6723],[60.4658,33.7164],[60.4122,34.0145],[60.4192,34.078],[60.6873,34.2509],[60.787,34.3848],[61.0077,34.9573],[61.1187,35.3203],[61.1563,35.4731],[61.2213,35.5816],[61.3082,35.5312],[61.7297,35.4446],[62.1795,35.2881],[62.4375,35.2514],[62.6776,35.2655],[62.9636,35.4006],[63.0627,35.4902],[63.063,35.7001],[63.1166,35.7894],[63.3723,35.8608],[64.2658,36.1711],[64.4945,36.2806],[64.5407,36.3381],[64.6321,36.784],[64.826,37.1479],[65.3369,37.2398],[65.5244,37.33],[65.7247,37.4903],[65.9791,37.358],[66.6338,37.2481],[66.6766,37.2409],[66.9677,37.2362],[67.5153,37.2138],[67.6218,37.1571],[67.7793,36.9408],[67.7972,36.9162],[67.8555,36.8529],[67.9654,36.8344],[68.1842,36.8993],[68.445,37.0535],[68.7065,37.1822],[68.853,37.183],[69.1364,37.0764],[69.3078,37.0837],[69.4022,37.1415],[69.5373,37.2823],[69.5338,37.4223],[69.567,37.5053],[69.6984,37.5315],[69.9624,37.4629],[70.0222,37.4569],[70.2214,37.528],[70.315,37.6304],[70.3124,37.745],[70.3341,37.9361],[70.53,38.1287],[70.5902,38.292],[70.7188,38.3649],[70.8914,38.3722],[70.9606,38.3471],[71.2198,38.1448],[71.1494,37.8759],[71.3674,37.918],[71.4441,37.834],[71.4306,37.7194],[71.3865,37.3704],[71.3032,37.1704],[71.3929,36.9362],[71.467,36.7521],[71.5245,36.7143],[71.6898,36.7025],[71.8476,36.7161],[72.1829,36.9388],[72.4482,36.9676],[72.7142,37.1861],[73.0472,37.3283],[73.352,37.3417],[73.4412,37.3072],[73.3833,37.2283],[73.4447,37.2019],[73.8826,37.2683],[74.1371,37.3704],[74.2555,37.3022],[74.4786,37.278],[74.7333,37.2094],[74.6468,37.144],[74.3884,37.1704],[74.3927,37.0493],[74.4991,37.044],[74.5205,37.0046],[74.4538,36.9406],[74.2926,36.9388],[74.0876,36.8049],[73.9382,36.8072],[73.7863,36.7269],[73.4949,36.7914],[72.8899,36.7861],[72.3727,36.7177],[72.1343,36.5862],[72.0119,36.5007],[71.7603,36.3231],[71.6495,36.3336],[71.5334,36.2372],[71.3248,36.0516],[71.329,35.9075],[71.5142,35.7855],[71.5184,35.634],[71.6232,35.5572],[71.5695,35.3396],[71.6589,35.1251],[71.5128,34.9337],[71.2768,34.7737],[71.0967,34.6204],[71.0384,34.4931],[71.1386,34.2779],[71.1535,34.1384],[71.0235,34.0234],[70.7925,33.9269],[70.4783,33.9442],[70.0297,33.9988],[69.87,33.9408],[70.0272,33.7893],[70.1914,33.6062],[70.2493,33.4796],[70.2892,33.2831],[70.1991,33.1683],[70.0573,33.1167],[69.8267,33.1028],[69.6396,33.0509],[69.5079,32.9486],[69.4074,32.7576],[69.2777,32.3824],[69.2153,31.8362],[69.2064,31.798],[69.0533,31.6258],[68.9466,31.5871],[68.4962,31.7559],[68.2427,31.7672],[67.9918,31.6578],[67.8287,31.5363],[67.6837,31.2244],[67.5699,31.1857],[67.3375,31.2225],[67.0481,31.2399],[66.9208,31.2074],[66.6523,31.0091],[66.4666,30.843],[66.3817,30.6901],[66.2773,30.2959],[66.2328,29.8893],[66.2016,29.8066],[66.0906,29.7361],[65.6105,29.6128],[65.0783,29.5272],[64.6449,29.4485],[64.0893,29.3945],[63.6371,29.4554],[63.48,29.4546],[62.9464,29.3563],[62.6121,29.367],[62.3686,29.3847],[61.984,29.4904],[61.5031,29.602],[61.2195,29.6893],[60.8205,29.8333]]]]}},{"type":"Feature","properties":{"NAME":"Iraq","ABBREVN":"Iraq","SUBJECTO":"Iraq","BORDERPRECISION":3,"PARTOF":"Iraq"},"geometry":{"type":"MultiPolygon","coordinates":[[[[38.7536,33.2067],[41.1191,34.4266],[41.384,35.6423],[41.373,35.8522],[41.289,36.0808],[41.293,36.1954],[41.3969,36.3552],[41.5362,36.4514],[41.9257,36.53],[42.1316,36.6967],[42.5565,37.0939],[42.53,37.202],[42.6337,37.2217],[42.7533,37.286],[42.9498,37.3283],[43.0865,37.256],[43.2504,37.2704],[43.6151,37.2017],[43.7695,37.1914],[43.8793,37.2967],[44.0438,37.2598],[44.1674,37.192],[44.1537,37.0756],[44.1998,36.9545],[44.343,36.9072],[44.4165,36.9641],[44.6114,37.1388],[44.7946,37.1318],[45.1051,36.5032],[45.3587,36.0145],[45.3881,35.9256],[45.7304,35.832],[46.211,35.7838],[46.0007,35.5154],[45.9949,35.4009],[46.1844,35.0584],[45.6709,34.6173],[45.565,34.2738],[45.505,33.8798],[45.5062,33.7973],[45.6464,33.6393],[46.1051,33.2101],[46.0899,32.8417],[46.124,32.772],[46.2684,32.8236],[46.5085,32.8123],[47.0676,32.3963],[47.2636,32.3022],[47.612,32.0311],[47.7424,31.9048],[47.793,31.7972],[47.7869,31.5685],[47.6982,31.2886],[47.6733,31.0281],[47.6887,30.8821],[47.9367,30.8835],[48.0335,30.8777],[48.107,30.6686],[48.1104,30.4908],[48.0813,30.3953],[48.3898,30.1494],[48.5474,30.0487],[48.5536,29.9946],[48.5106,29.9932],[48.2118,29.9481],[48.0283,29.9731],[47.9572,29.9476],[47.9114,29.8903],[47.3393,29.8703],[47.1067,29.8118],[46.9522,29.4997],[46.744,29.2254],[46.5092,28.9701],[44.6879,29.0295],[43.9873,29.3431],[43.6216,29.468],[43.5685,29.582],[43.5475,29.9503],[43.6006,30.1284],[43.5399,30.2932],[43.1024,30.2717],[43.039,30.3031],[42.859,30.5879],[42.7432,30.6761],[41.6451,31.1716],[41.132,31.3846],[40.217,31.805],[39.8762,31.9047],[39.3684,32.1114],[39.3265,32.1365],[39.2846,32.1617],[39.1449,32.4721],[38.7536,33.2067]]]]}},{"type":"Feature","properties":{"NAME":"Syria","ABBREVN":"Syria","SUBJECTO":"Syria","BORDERPRECISION":3,"PARTOF":"Syria"},"geometry":{"type":"MultiPolygon","coordinates":[[[[35.7022,32.7194],[35.6652,32.7578],[35.6864,32.8128],[35.6771,32.8952],[35.5866,32.9528],[35.5044,33.1085],[35.684,33.2027],[35.7025,33.2472],[35.9391,33.4252],[35.9177,33.4514],[35.8176,33.4958],[35.852,33.5639],[35.9864,33.6764],[36.2556,33.679],[36.1929,33.7445],[36.1771,33.7654],[36.2123,33.8151],[36.2915,33.8884],[36.3678,33.9407],[36.5021,34.048],[36.4715,34.0742],[36.4821,34.1475],[36.4412,34.1684],[36.4275,34.2679],[36.3187,34.3385],[36.219,34.3647],[36.3107,34.4563],[36.2546,34.4799],[36.2309,34.5322],[36.1769,34.506],[36.026,34.4825],[35.8519,34.4929],[35.7508,34.7468],[35.8089,35.0138],[35.8414,35.0426],[35.7964,35.2707],[35.6073,35.4175],[35.664,35.4595],[35.6804,35.5277],[35.7332,35.5854],[35.6914,35.685],[35.7395,35.6903],[35.8559,35.8345],[35.8291,35.8848],[35.9685,35.8856],[36.144,35.8293],[36.1952,35.8865],[36.2721,35.8682],[36.3623,35.9443],[36.4328,36.1127],[36.7148,36.1698],[36.6054,36.3602],[36.5595,36.5637],[36.5843,36.7072],[36.648,36.6915],[36.748,36.6921],[37.0974,36.6176],[37.3566,36.6064],[37.6919,36.6401],[38.1103,36.808],[38.2354,36.8214],[38.9249,36.6215],[39.1747,36.5528],[39.6713,36.632],[39.9268,36.6907],[40.6007,36.9938],[40.7986,37.0268],[41.135,36.9713],[41.4548,36.954],[41.9878,37.0545],[42.2999,37.1914],[42.4077,37.323],[42.5012,37.3125],[42.53,37.202],[42.5565,37.0939],[42.1316,36.6967],[41.9257,36.53],[41.5362,36.4514],[41.3969,36.3552],[41.293,36.1954],[41.289,36.0808],[41.373,35.8522],[41.384,35.6423],[41.1191,34.4266],[38.7536,33.2067],[38.681,33.1745],[37.3491,32.481],[36.8366,32.1859],[36.7226,32.1789],[36.5584,32.2542],[35.7022,32.7194]]]]}},{"type":"Feature","properties":{"NAME":"Tunisia","ABBREVN":"Tunisia","SUBJECTO":"Tunisia","BORDERPRECISION":3,"PARTOF":"Tunisia"},"geometry":{"type":"MultiPolygon","coordinates":[[[[11.4707,33.1441],[11.4292,32.7027],[11.4583,32.4487],[11.4164,32.3277],[11.0556,32.1351],[10.7949,31.9938],[10.1324,31.4816],[10.0755,31.3224],[10.1991,30.8846],[10.1328,30.6427],[10.0626,30.5406],[9.6738,30.2715],[9.5749,30.2074],[9.3209,30.8987],[9.0065,31.9073],[8.8607,32.1162],[8.6975,32.2297],[8.5033,32.3112],[8.2853,32.685],[8.1843,32.8941],[8.0208,33.0203],[7.8174,33.0636],[7.666,33.4123],[7.5306,33.8119],[7.5812,34.041],[8.031,34.4249],[8.2177,34.5848],[8.291,34.7695],[8.3126,35.0112],[8.2892,35.2784],[8.2771,35.6795],[8.272,36.3228],[8.3237,36.5206],[8.6315,36.8027],[8.6367,36.8853],[8.8655,36.9684],[9.1503,37.1729],[9.4161,37.2754],[9.7322,37.2824],[10.0214,37.2001],[10.1327,37.1047],[10.1589,36.9965],[10.2715,36.7546],[10.3928,36.7166],[10.5806,36.7934],[10.8433,36.9915],[11.0238,37.0683],[11.0394,36.909],[10.9201,36.6539],[10.6334,36.424],[10.5092,36.2136],[10.5115,36.0862],[10.6026,35.8889],[10.8308,35.6793],[10.989,35.6223],[11.1251,35.2406],[11.0828,35.145],[10.8394,34.8012],[10.574,34.6481],[10.1164,34.2342],[10.0195,34.0815],[10.1487,33.8784],[10.4126,33.6311],[10.6502,33.4982],[10.7781,33.473],[10.9565,33.5751],[11.0991,33.5372],[11.2089,33.2515],[11.4707,33.1441]]]]}},{"type":"Feature","properties":{"NAME":"Algeria","ABBREVN":"Algeria","SUBJECTO":"Algeria","BORDERPRECISION":3,"PARTOF":"Algeria"},"geometry":{"type":"MultiPolygon","coordinates":[[[[-8.6292,27.1727],[-8.6412,27.5668],[-8.6101,28.4697],[-8.5932,28.6414],[-8.2845,28.783],[-7.6041,29.232],[-7.1705,29.476],[-6.6014,29.4411],[-6.4227,29.4676],[-6.3414,29.7795],[-5.9527,29.7945],[-5.603,29.8728],[-5.366,29.9758],[-5.1302,30.1361],[-4.9123,30.4298],[-4.4133,30.5788],[-3.7294,30.8942],[-3.6713,30.9962],[-3.8047,31.2752],[-3.8159,31.4531],[-3.7803,31.555],[-3.661,31.6066],[-3.1275,31.6604],[-2.9559,31.7441],[-2.8171,31.9928],[-2.3572,31.9827],[-2.0558,31.9907],[-1.2343,31.989],[-1.0813,32.4539],[-1.1126,32.5491],[-1.3409,32.694],[-1.6102,33.0485],[-1.6811,33.2578],[-1.6739,33.83],[-1.664,34.2051],[-1.7382,34.6051],[-1.8233,34.7],[-2.0766,34.8257],[-2.193,35.0542],[-2.0353,35.0546],[-1.7383,35.1188],[-1.4951,35.2339],[-1.3291,35.4889],[-1.1467,35.6294],[-0.9175,35.668],[-0.7343,35.7385],[-0.4288,35.8601],[-0.283,35.7585],[-0.2037,35.7507],[-0.0917,35.7398],[0.0153,35.8037],[0.1987,36.0333],[0.4744,36.225],[0.7812,36.3849],[1.0576,36.4619],[1.5797,36.5139],[2.2938,36.5408],[2.5244,36.5732],[2.8099,36.7139],[3.07,36.6189],[3.3238,36.6512],[3.5869,36.792],[3.7412,36.8369],[4.1639,36.8314],[4.3946,36.8382],[4.5326,36.813],[4.6321,36.7941],[4.7772,36.7434],[5.1445,36.6677],[5.3827,36.6745],[5.7302,36.7517],[6.0474,36.8416],[6.3229,37.0906],[6.7705,36.8621],[6.923,36.8178],[7.0632,36.8819],[7.2049,36.9905],[7.307,37.0608],[7.5449,37.0421],[7.719,36.9533],[7.792,36.8324],[7.9132,36.7752],[8.145,36.8139],[8.6367,36.8853],[8.6315,36.8027],[8.3237,36.5206],[8.272,36.3228],[8.2771,35.6795],[8.2892,35.2784],[8.3126,35.0112],[8.291,34.7695],[8.2177,34.5848],[8.031,34.4249],[7.5812,34.041],[7.5306,33.8119],[7.666,33.4123],[7.8174,33.0636],[8.0208,33.0203],[8.1843,32.8941],[8.2853,32.685],[8.5033,32.3112],[8.6975,32.2297],[8.8607,32.1162],[9.0065,31.9073],[9.3209,30.8987],[9.5749,30.2074],[9.4833,30.1369],[9.3747,29.9647],[9.7704,29.2425],[9.8371,28.8679],[9.8604,28.5566],[9.8153,28.1687],[9.8608,27.8321],[9.7885,27.5521],[9.7174,27.3292],[9.9233,26.8092],[9.8958,26.5104],[9.8574,26.4339],[9.5574,26.2224],[9.4454,26.1646],[9.3767,26.0371],[9.9493,25.2714],[10.0615,24.8589],[10.3147,24.4663],[10.4245,24.3971],[10.6692,24.4874],[10.9854,24.413],[11.4479,24.2568],[11.5279,24.181],[11.9153,23.5032],[11.959,23.4717],[11.8399,23.3884],[11.1057,23.0091],[9.3003,22.0008],[8.5771,21.5707],[7.5384,20.9164],[7.1631,20.6218],[5.7755,19.4442],[4.9565,19.2805],[4.2038,19.1363],[3.2252,18.9526],[3.1589,19.2064],[3.2314,19.5119],[3.1871,19.7469],[3.0624,19.905],[2.9233,19.9551],[2.5867,19.9658],[2.4181,20.0411],[2.1537,20.2938],[1.942,20.1527],[1.8395,20.1648],[1.3393,20.6323],[1.1628,20.7584],[1.1257,20.8408],[1.1687,21.019],[1.0874,21.133],[-0.0249,21.7939],[-0.2037,21.9079],[-0.7854,22.2789],[-1.6512,22.8459],[-3.1287,23.8544],[-3.4936,24.1129],[-4.4179,24.7178],[-4.8208,24.957],[-4.8658,24.9949],[-5.502,25.4044],[-7.356,26.4934],[-8.6292,27.1727]]]]}},{"type":"Feature","properties":{"NAME":"Morocco","ABBREVN":"Morocco","SUBJECTO":"Morocco","BORDERPRECISION":3,"PARTOF":"Morocco"},"geometry":{"type":"MultiPolygon","coordinates":[[[[-2.193,35.0542],[-2.0766,34.8257],[-1.8233,34.7],[-1.7382,34.6051],[-1.664,34.2051],[-1.6739,33.83],[-1.6811,33.2578],[-1.6102,33.0485],[-1.3409,32.694],[-1.1126,32.5491],[-1.0813,32.4539],[-1.2343,31.989],[-2.0558,31.9907],[-2.3572,31.9827],[-2.8171,31.9928],[-2.9559,31.7441],[-3.1275,31.6604],[-3.661,31.6066],[-3.7803,31.555],[-3.8159,31.4531],[-3.8047,31.2752],[-3.6713,30.9962],[-3.7294,30.8942],[-4.4133,30.5788],[-4.9123,30.4298],[-5.1302,30.1361],[-5.366,29.9758],[-5.603,29.8728],[-5.9527,29.7945],[-6.3414,29.7795],[-6.4227,29.4676],[-6.6014,29.4411],[-7.1705,29.476],[-7.6041,29.232],[-8.2845,28.783],[-8.5932,28.6414],[-8.6101,28.4697],[-8.6412,27.5668],[-9.2805,27.5631],[-10.0537,27.565],[-11.258,27.5644],[-12.3881,27.5643],[-13.1236,27.5463],[-13.0601,27.6726],[-12.8662,27.8573],[-12.6741,27.8959],[-12.0906,28.0242],[-11.5765,28.2286],[-11.3727,28.3689],[-10.8562,28.7512],[-10.3393,29.1463],[-9.8696,29.643],[-9.6626,29.9548],[-9.6027,30.1837],[-9.625,30.4061],[-9.817,30.7552],[-9.8578,31.0602],[-9.8133,31.2891],[-9.6353,31.5754],[-9.3176,31.9637],[-9.2223,32.2562],[-9.2508,32.4214],[-9.2187,32.5804],[-8.6403,33.1217],[-8.3144,33.3385],[-7.9024,33.4855],[-7.3326,33.6964],[-7.004,33.875],[-6.753,34.1234],[-6.5115,34.4543],[-6.302,34.8614],[-5.9288,35.7279],[-5.8079,35.7854],[-5.565,35.8623],[-5.4794,35.8052],[-5.1718,35.4238],[-5.1096,35.3793],[-4.593,35.1512],[-4.2954,35.1518],[-4.0279,35.1332],[-3.4408,35.1663],[-3.2058,35.2686],[-3.009,35.39],[-2.8299,35.1421],[-2.7148,35.0977],[-2.3557,35.0539],[-2.193,35.0542]]]]}},{"type":"Feature","properties":{"NAME":"Lebanon","ABBREVN":"Lebanon","SUBJECTO":"Lebanon","BORDERPRECISION":3,"PARTOF":"Lebanon"},"geometry":{"type":"MultiPolygon","coordinates":[[[[35.8519,34.4929],[36.026,34.4825],[36.1769,34.506],[36.2309,34.5322],[36.2546,34.4799],[36.3107,34.4563],[36.219,34.3647],[36.3187,34.3385],[36.4275,34.2679],[36.4412,34.1684],[36.4821,34.1475],[36.4715,34.0742],[36.5021,34.048],[36.3678,33.9407],[36.2915,33.8884],[36.2123,33.8151],[36.1771,33.7654],[36.1929,33.7445],[36.2556,33.679],[35.9864,33.6764],[35.852,33.5639],[35.8176,33.4958],[35.9177,33.4514],[35.9391,33.4252],[35.7025,33.2472],[35.684,33.2027],[35.5044,33.1085],[35.473,33.119],[35.4332,33.1007],[35.4029,33.014],[35.3991,32.9384],[35.2391,32.907],[35.2076,32.9515],[35.1392,32.9617],[34.972,32.9384],[35.089,33.0693],[35.1323,33.2315],[35.2084,33.3336],[35.3561,33.6398],[35.3486,33.7445],[35.4299,33.7445],[35.4919,33.8308],[35.5244,33.9748],[35.5321,34.1187],[35.7162,34.3124],[35.821,34.3438],[35.8731,34.4223],[35.8519,34.4929]]]]}},{"type":"Feature","properties":{"NAME":"Kuwait","ABBREVN":"Kuwait","SUBJECTO":"Kuwait","BORDERPRECISION":3,"PARTOF":"Kuwait"},"geometry":{"type":"MultiPolygon","coordinates":[[[[47.9114,29.8903],[47.9359,29.8014],[47.996,29.4903],[47.8449,29.5032],[47.614,29.2722],[47.8036,29.1849],[47.9915,29.2775],[48.1291,29.2682],[48.4435,28.4402],[48.1536,28.4206],[47.6721,28.4432],[47.589,28.5507],[47.4386,28.8293],[47.2553,28.8536],[46.5092,28.9701],[46.744,29.2254],[46.9522,29.4997],[47.1067,29.8118],[47.3393,29.8703],[47.9114,29.8903]]]]}},{"type":"Feature","properties":{"NAME":"Denmark","ABBREVN":"Denmark","SUBJECTO":"Denmark","BORDERPRECISION":3,"PARTOF":"Denmark"},"geometry":{"type":"MultiPolygon","coordinates":[[[[8.1835,56.7985],[8.3589,57.0227],[8.534,57.1406],[8.6613,57.1041],[8.9599,57.1322],[9.3024,57.1658],[9.4487,57.2276],[9.8493,57.5818],[10.2895,57.6719],[10.3901,57.6606],[10.4795,57.7591],[10.5581,57.7451],[10.4012,57.5059],[10.4507,57.458],[10.4628,57.2417],[10.3333,57.1715],[10.2566,57.0059],[9.503,56.9751],[9.3338,57.0227],[9.1412,57.0087],[9.0785,57.0368],[8.9709,57.0003],[8.847,56.9863],[8.7781,56.7985],[8.666,56.7005],[8.5071,56.6473],[8.4709,56.5969],[8.3682,56.6669],[8.1835,56.7985]]],[[[9.496,54.9383],[8.6686,54.8803],[8.6161,54.8874],[8.6451,55.069],[8.5596,55.3561],[8.4813,55.3492],[8.319,55.4811],[8.214,55.3986],[8.0346,55.4759],[8.1251,55.6358],[8.32,55.7677],[8.317,55.8489],[8.1166,56.0923],[8.1245,56.2075],[8.1834,56.4315],[8.3088,56.4792],[8.4522,56.4116],[8.6749,56.3577],[8.8686,56.6161],[9.0027,56.6572],[9.1359,56.4604],[9.3119,56.4811],[9.3221,56.7189],[9.3701,56.8823],[9.8346,56.8899],[10.2162,56.8498],[10.2297,56.6051],[10.3138,56.4695],[10.8258,56.4433],[10.8887,56.3687],[10.7507,56.0973],[10.4961,56.0336],[10.4425,56.1509],[10.2934,56.1371],[10.1752,56.0759],[10.2299,55.9509],[10.1471,55.7649],[10.0071,55.7304],[9.9757,55.6203],[9.6901,55.6049],[9.7607,55.5017],[9.6302,55.4594],[9.5439,55.3513],[9.5166,55.2231],[9.5178,55.1287],[9.421,54.9765],[9.496,54.9383]]],[[[11.9696,54.9542],[11.9073,55.0213],[11.7672,55.176],[11.5848,55.1622],[11.2854,55.1886],[11.2301,55.3368],[11.1019,55.6337],[11.2963,55.6746],[11.5677,55.8848],[11.7281,55.6619],[11.9625,55.5813],[12.0526,55.7031],[12.088,55.967],[12.2377,55.9876],[12.444,55.9677],[12.4692,55.7106],[12.4091,55.5483],[12.3444,55.5077],[12.1584,55.3791],[12.4297,55.2447],[12.3014,55.1703],[12.077,54.9947],[11.9696,54.9542]]]]}},{"type":"Feature","properties":{"NAME":"Poland","ABBREVN":"Poland","SUBJECTO":"Poland","BORDERPRECISION":3,"PARTOF":"Poland"},"geometry":{"type":"MultiPolygon","coordinates":[[[[22.5704,49.0667],[22.1964,49.215],[22.0058,49.2605],[21.9592,49.3575],[21.6429,49.441],[21.585,49.4996],[21.3328,49.4655],[21.1042,49.4839],[21.0711,49.4222],[20.9032,49.3413],[20.6961,49.4556],[20.4788,49.4348],[20.4031,49.4599],[20.1524,49.3683],[20.1054,49.2889],[20.0381,49.2281],[19.9571,49.282],[19.7822,49.2443],[19.7809,49.3359],[19.7928,49.3737],[19.7629,49.4545],[19.6137,49.4433],[19.5811,49.5192],[19.4934,49.6271],[19.3762,49.6163],[19.3484,49.5662],[19.2616,49.5732],[19.1793,49.4653],[18.986,49.4438],[18.9721,49.5462],[18.8442,49.5645],[18.7963,49.7134],[18.6247,49.7566],[18.54,49.85],[18.5487,49.9617],[18.1878,50.0213],[18.048,50.1026],[17.8825,50.0301],[17.7507,50.036],[17.7447,50.1351],[17.7456,50.2489],[17.5971,50.211],[17.6788,50.3383],[17.3597,50.3357],[17.2433,50.39],[17.0144,50.4768],[16.8856,50.4877],[16.8844,50.4225],[17.0115,50.2869],[16.8271,50.2327],[16.728,50.1486],[16.585,50.1812],[16.4514,50.352],[16.2044,50.4632],[16.3047,50.5583],[16.3986,50.5691],[16.4428,50.6234],[16.3531,50.7049],[16.2378,50.7158],[16.2102,50.6859],[16.0009,50.656],[16.0029,50.7321],[15.8775,50.7158],[15.8183,50.7973],[15.5628,50.8213],[15.4722,50.8326],[15.3088,50.906],[15.267,51.023],[15.1719,51.0638],[15.0093,51.0556],[14.981,51.0175],[15.0083,50.9849],[14.9973,50.9169],[14.8289,50.9169],[15.0242,51.231],[14.8975,51.4493],[14.6873,51.534],[14.7388,51.6502],[14.5921,51.7716],[14.5953,51.8576],[14.6914,51.9133],[14.7449,52.0449],[14.6858,52.0905],[14.6949,52.2273],[14.5544,52.2932],[14.5121,52.3743],[14.6097,52.5518],[14.3026,52.7447],[14.1268,52.7904],[14.1499,52.9377],[14.3256,53.0038],[14.4239,53.2378],[14.2802,53.6134],[14.4332,53.5942],[14.5371,53.5382],[14.4953,53.6248],[14.5653,53.6936],[14.5569,53.7599],[14.4825,53.8185],[14.4729,53.8768],[14.4674,53.9104],[14.8858,53.9796],[15.0797,54.0025],[15.3117,54.071],[15.8984,54.1284],[16.1147,54.1996],[16.4732,54.415],[16.9759,54.5493],[17.6576,54.6855],[18.2794,54.7241],[18.7595,54.5364],[18.3629,54.6689],[18.3385,54.6026],[18.4538,54.5254],[18.5132,54.3158],[18.6731,54.2551],[18.965,54.2276],[19.255,54.2772],[19.7336,54.4612],[19.7577,54.4592],[19.3176,54.2717],[19.2321,54.2221],[19.2303,54.167],[19.3281,54.1615],[19.4568,54.2166],[19.7331,54.3103],[19.9775,54.4239],[20.3563,54.4215],[21.3667,54.3695],[22.699,54.4149],[22.9871,54.4247],[23.0051,54.4183],[23.3106,54.3089],[23.4385,54.0899],[23.4829,54.0062],[23.4898,53.9931],[23.5305,53.9163],[23.6026,53.7802],[23.8792,53.1052],[23.9568,52.8794],[23.9461,52.773],[23.8279,52.6793],[23.6295,52.6659],[23.3726,52.5564],[23.2414,52.4087],[23.1841,52.2776],[23.314,52.272],[23.5034,52.2063],[23.5707,52.1271],[23.6686,52.0613],[23.6744,51.9487],[23.5327,51.6103],[23.5893,51.5484],[23.6615,51.4695],[23.6284,51.3605],[23.9956,50.9849],[24.1383,50.8979],[24.0039,50.8761],[23.9658,50.8163],[24.1135,50.6805],[24.1093,50.5393],[23.9947,50.4312],[23.8017,50.4253],[23.6732,50.3439],[23.4038,50.1648],[22.7246,49.6169],[22.688,49.4793],[22.7078,49.2308],[22.8645,49.0584],[22.5704,49.0667]]],[[[14.0699,53.9178],[14.1742,53.9068],[14.2054,53.8132],[14.1454,53.8265],[14.0699,53.9178]]],[[[14.4729,53.8768],[14.4591,53.8187],[14.3339,53.8297],[14.2479,53.816],[14.2272,53.9095],[14.3053,53.915],[14.4248,53.915],[14.4729,53.8768]]]]}},{"type":"Feature","properties":{"NAME":"Netherlands","ABBREVN":"Netherlands","SUBJECTO":"Netherlands","BORDERPRECISION":3,"PARTOF":"Netherlands"},"geometry":{"type":"MultiPolygon","coordinates":[[[[7.1599,53.164],[7.228,52.9667],[7.0729,52.8043],[7.0348,52.6235],[6.7781,52.6399],[6.7268,52.5583],[6.7136,52.4757],[6.9119,52.4155],[6.9969,52.4429],[7.069,52.3663],[7.0677,52.2186],[6.8822,52.1257],[6.8246,51.9564],[6.6804,51.8878],[6.3814,51.8199],[6.2114,51.8799],[6.1327,51.8384],[5.9794,51.8035],[5.9479,51.7217],[6.1169,51.6399],[6.1538,51.5207],[6.2223,51.3891],[6.1796,51.3223],[6.0892,51.1985],[6.1762,51.1441],[6.0702,51.0842],[5.9642,51.0243],[5.9279,50.9808],[6.0097,50.9645],[6.0739,50.8666],[5.9996,50.7416],[5.6971,50.7307],[5.6968,50.8829],[5.7742,50.9264],[5.8239,51.1168],[5.4844,51.2856],[5.2437,51.2366],[5.1125,51.4055],[5.0101,51.4327],[4.9321,51.3782],[4.7914,51.4872],[4.6711,51.4055],[4.5331,51.4055],[4.3954,51.4109],[4.4067,51.3401],[4.173,51.3249],[3.9895,51.3437],[3.775,51.3877],[3.7435,51.4605],[3.5203,51.5791],[3.8781,51.7917],[4.2644,52.0709],[4.3872,52.2304],[4.641,52.7557],[4.7188,52.8024],[5.0084,52.8562],[5.1733,52.7434],[5.2346,52.6229],[5.1082,52.5315],[5.0061,52.5569],[5.0357,52.3337],[4.9498,52.2779],[5.4732,52.1766],[5.5744,52.283],[5.7569,52.3337],[5.8171,52.5214],[5.6113,52.5315],[5.5557,52.5873],[5.5469,52.6787],[5.6534,52.7498],[5.5764,52.7599],[5.3257,52.7904],[5.358,52.9377],[5.3428,52.9963],[5.3321,53.0114],[5.3895,53.1386],[5.6473,53.2278],[5.9663,53.335],[6.2607,53.3217],[6.7507,53.3899],[6.861,53.2658],[7.0091,53.2454],[7.0433,53.164],[7.1599,53.164]]]]}},{"type":"Feature","properties":{"NAME":"Czech Republic","ABBREVN":"Czech Repub","SUBJECTO":"Czech Republic","BORDERPRECISION":3,"PARTOF":"Czech Republic"},"geometry":{"type":"MultiPolygon","coordinates":[[[[13.9467,48.6551],[13.7455,48.9399],[13.6521,48.9561],[13.5782,49.0369],[13.4797,48.9992],[13.3969,49.0895],[13.2031,49.1662],[12.9453,49.3979],[12.8608,49.3656],[12.6458,49.4846],[12.5363,49.5626],[12.5197,49.6676],[12.4483,49.7061],[12.4844,49.8888],[12.5542,50.0016],[12.3684,50.0456],[12.2523,50.2159],[12.2354,50.2408],[12.3448,50.3167],[12.4616,50.3981],[12.5939,50.3836],[12.7837,50.4741],[12.9823,50.4741],[13.0175,50.5555],[13.1894,50.561],[13.233,50.6638],[13.3942,50.6913],[13.4733,50.6587],[13.5242,50.7565],[13.8548,50.7674],[13.9107,50.8435],[14.1465,50.8653],[14.2747,50.9088],[14.3888,50.9468],[14.2617,51.0447],[14.4578,51.0774],[14.5964,51.023],[14.6103,50.8979],[14.7648,50.8653],[14.8289,50.9169],[14.9973,50.9169],[15.0083,50.9849],[14.981,51.0175],[15.0093,51.0556],[15.1719,51.0638],[15.267,51.023],[15.3088,50.906],[15.4722,50.8326],[15.5628,50.8213],[15.8183,50.7973],[15.8775,50.7158],[16.0029,50.7321],[16.0009,50.656],[16.2102,50.6859],[16.2378,50.7158],[16.3531,50.7049],[16.4428,50.6234],[16.3986,50.5691],[16.3047,50.5583],[16.2044,50.4632],[16.4514,50.352],[16.585,50.1812],[16.728,50.1486],[16.8271,50.2327],[17.0115,50.2869],[16.8844,50.4225],[16.8856,50.4877],[17.0144,50.4768],[17.2433,50.39],[17.3597,50.3357],[17.6788,50.3383],[17.5971,50.211],[17.7456,50.2489],[17.7447,50.1351],[17.7507,50.036],[17.8825,50.0301],[18.048,50.1026],[18.1878,50.0213],[18.5487,49.9617],[18.54,49.85],[18.6247,49.7566],[18.7963,49.7134],[18.8442,49.5645],[18.8119,49.5699],[18.7822,49.5403],[18.7526,49.5225],[18.7052,49.5344],[18.64,49.5403],[18.5866,49.5344],[18.557,49.5166],[18.4977,49.4869],[18.474,49.4514],[18.4207,49.4099],[18.3673,49.3862],[18.308,49.3506],[18.2606,49.3447],[18.2073,49.3387],[18.1836,49.2973],[18.1717,49.2558],[18.1599,49.1965],[18.1361,49.1609],[18.1124,49.1135],[18.0472,49.0839],[17.9998,49.0661],[17.9583,49.0779],[17.9227,49.0424],[17.905,49.0009],[17.8813,48.9653],[17.8635,48.9653],[17.8161,48.9535],[17.7864,48.9416],[17.7509,48.9179],[17.6975,48.8942],[17.6382,48.8942],[17.573,48.8764],[17.5315,48.8645],[17.5019,48.8764],[17.4723,48.8883],[17.4308,48.8883],[17.4011,48.8764],[17.33,48.8764],[17.2707,48.9001],[17.2292,48.9238],[17.1877,48.912],[17.1107,48.8883],[17.0988,48.8705],[17.0336,48.8171],[16.9921,48.7875],[16.9862,48.7282],[16.9566,48.6808],[16.9388,48.661],[16.9143,48.7037],[16.6692,48.7938],[16.0696,48.7122],[15.6115,48.8143],[14.9931,48.9678],[14.6575,48.6197],[14.3885,48.5465],[14.1709,48.591],[14.0118,48.6489],[13.9467,48.6551]]]]}},{"type":"Feature","properties":{"NAME":"Jordan","ABBREVN":"Jordan","SUBJECTO":"Jordan","BORDERPRECISION":3,"PARTOF":"Jordan"},"geometry":{"type":"MultiPolygon","coordinates":[[[[35.0721,29.2114],[35.0955,29.3427],[35.0734,29.4189],[34.9847,29.4672],[35.0332,29.5459],[35.1642,29.9596],[35.1577,30.328],[35.3904,30.8184],[35.5251,31.2194],[35.5234,31.4036],[35.5831,31.5309],[35.6147,31.8678],[35.6298,32.249],[35.6573,32.3273],[35.6695,32.4524],[35.64,32.6374],[35.6564,32.6911],[35.7022,32.7194],[36.5584,32.2542],[36.7226,32.1789],[36.8366,32.1859],[37.3491,32.481],[38.681,33.1745],[38.7536,33.2067],[39.1449,32.4721],[39.2846,32.1617],[39.3265,32.1365],[39.1196,31.9385],[39.0041,31.8616],[38.5674,31.7448],[37.4037,31.4651],[37.113,31.3618],[37.629,30.7677],[37.943,30.3693],[37.599,30.0434],[37.3937,29.877],[37.2854,29.8446],[36.7235,29.6953],[36.5157,29.421],[36.077,29.0691],[35.1418,29.2035],[35.0721,29.2114]]]]}},{"type":"Feature","properties":{"NAME":"Libya","ABBREVN":"Libya","SUBJECTO":"Libya","BORDERPRECISION":3,"PARTOF":"Libya"},"geometry":{"type":"MultiPolygon","coordinates":[[[[24.9529,21.8822],[24.943,21.431],[24.9579,20.0457],[24.9186,19.9693],[24.2164,19.9779],[23.9825,19.9829],[23.9497,19.4743],[23.0579,19.9076],[20.548,21.1639],[18.3247,22.2313],[15.9705,23.3806],[15.7858,23.3541],[14.9677,22.968],[14.2844,22.6399],[14.1801,22.5694],[13.6436,22.9794],[13.5274,23.0613],[13.0738,23.2112],[12.3336,23.4103],[11.959,23.4717],[11.9153,23.5032],[11.5279,24.181],[11.4479,24.2568],[10.9854,24.413],[10.6692,24.4874],[10.4245,24.3971],[10.3147,24.4663],[10.0615,24.8589],[9.9493,25.2714],[9.3767,26.0371],[9.4454,26.1646],[9.5574,26.2224],[9.8574,26.4339],[9.8958,26.5104],[9.9233,26.8092],[9.7174,27.3292],[9.7885,27.5521],[9.8608,27.8321],[9.8153,28.1687],[9.8604,28.5566],[9.8371,28.8679],[9.7704,29.2425],[9.3747,29.9647],[9.4833,30.1369],[9.5749,30.2074],[9.6738,30.2715],[10.0626,30.5406],[10.1328,30.6427],[10.1991,30.8846],[10.0755,31.3224],[10.1324,31.4816],[10.7949,31.9938],[11.0556,32.1351],[11.4164,32.3277],[11.4583,32.4487],[11.4292,32.7027],[11.4707,33.1441],[12.117,32.8785],[12.5648,32.7396],[12.7989,32.7338],[13.1871,32.7918],[13.4588,32.7796],[14.157,32.6794],[14.4334,32.4639],[14.7908,32.363],[15.0098,32.3634],[15.1637,32.2748],[15.2414,32.1733],[15.3581,31.805],[15.5334,31.5512],[15.8433,31.285],[16.0134,31.2282],[16.3184,31.1653],[16.7825,31.1281],[16.9838,31.0967],[17.4216,30.996],[17.709,30.8949],[17.9572,30.7684],[18.5372,30.4137],[18.915,30.2049],[19.1245,30.1989],[19.3228,30.2565],[19.6639,30.4415],[19.9815,30.7217],[20.1168,30.9571],[20.1167,31.0715],[19.9921,31.3508],[19.9416,31.6112],[19.9615,31.7955],[20.0684,32.0371],[20.3657,32.2982],[20.5155,32.3875],[20.7651,32.496],[21.0545,32.6301],[21.6734,32.8156],[22.216,32.7913],[22.5431,32.7221],[22.9228,32.5577],[23.0073,32.4816],[23.0267,32.2529],[23.1533,32.1388],[23.2886,32.1327],[23.714,32.0764],[24.0344,31.9373],[24.2369,31.925],[24.8159,31.9072],[24.9515,31.8185],[24.9822,31.647],[25.1066,31.5138],[25.0621,31.4203],[24.8962,31.3177],[24.8018,31.1647],[24.9612,30.5875],[24.8572,30.3963],[24.7119,30.1476],[24.687,30.0077],[24.7702,29.5825],[24.9444,29.1705],[24.9634,29.0054],[24.9569,28.5606],[24.9486,26.8196],[24.9416,26.1588],[24.9379,25.2374],[24.9375,24.926],[24.9578,23.6616],[24.9478,23.0578],[24.9529,21.8822]]]]}},{"type":"Feature","properties":{"NAME":"Israel","ABBREVN":"Israel","SUBJECTO":"Israel","BORDERPRECISION":3,"PARTOF":"Israel"},"geometry":{"type":"MultiPolygon","coordinates":[[[[34.9355,29.4181],[34.5603,30.2039],[34.2019,31.0784],[34.1463,31.2086],[34.1953,31.2381],[34.5007,31.6211],[34.5991,31.8179],[34.6813,32.046],[34.7585,32.3007],[34.8429,32.6707],[34.895,32.6628],[34.9566,32.7048],[34.9591,32.7967],[34.972,32.9384],[35.1392,32.9617],[35.2076,32.9515],[35.2391,32.907],[35.3991,32.9384],[35.4029,33.014],[35.4332,33.1007],[35.473,33.119],[35.5044,33.1085],[35.5866,32.9528],[35.6771,32.8952],[35.6864,32.8128],[35.6652,32.7578],[35.7022,32.7194],[35.6564,32.6911],[35.64,32.6374],[35.6695,32.4524],[35.6573,32.3273],[35.6298,32.249],[35.6147,31.8678],[35.5831,31.5309],[35.5234,31.4036],[35.5251,31.2194],[35.3904,30.8184],[35.1577,30.328],[35.1642,29.9596],[35.0332,29.5459],[34.9847,29.4672],[34.9543,29.4368],[34.9355,29.4181]]]]}},{"type":"Feature","properties":{"NAME":"Saudi Arabia","ABBREVN":"Saudi Arabia","SUBJECTO":"Saudi Arabia","BORDERPRECISION":3,"PARTOF":"Saudi Arabia"},"geometry":{"type":"MultiPolygon","coordinates":[[[[42.828,16.3215],[42.8144,16.4041],[42.7637,16.6455],[42.5353,17.0707],[42.2065,17.5147],[42.0094,17.7367],[41.6286,18.0472],[41.3992,18.4406],[41.033,19.2849],[40.8198,19.6847],[40.6938,19.8687],[40.3363,20.0967],[39.7641,20.4068],[39.5269,20.6922],[39.1667,21.2188],[39.1304,21.6508],[39.1033,22.0002],[39.1022,22.4004],[39.0556,22.5719],[38.9151,22.8702],[38.4901,23.6127],[38.3294,23.8347],[37.9884,24.1136],[37.7818,24.2148],[37.5572,24.2715],[37.4188,24.3983],[37.2015,24.6583],[37.2685,24.9698],[37.2183,25.1666],[37.0053,25.5347],[36.6693,26.0168],[36.3122,26.4227],[35.8311,27.0952],[35.5948,27.514],[35.4365,27.7297],[35.1116,28.0721],[34.8756,28.097],[34.7639,28.0967],[34.7989,28.2302],[34.8856,28.3575],[35.0257,28.9486],[35.0721,29.2114],[35.1418,29.2035],[36.077,29.0691],[36.5157,29.421],[36.7235,29.6953],[37.2854,29.8446],[37.3937,29.877],[37.599,30.0434],[37.943,30.3693],[37.629,30.7677],[37.113,31.3618],[37.4037,31.4651],[38.5674,31.7448],[39.0041,31.8616],[39.1196,31.9385],[39.3265,32.1365],[39.3684,32.1114],[39.8762,31.9047],[40.217,31.805],[41.132,31.3846],[41.6451,31.1716],[42.7432,30.6761],[42.859,30.5879],[43.039,30.3031],[43.1024,30.2717],[43.5399,30.2932],[43.6006,30.1284],[43.5475,29.9503],[43.5685,29.582],[43.6216,29.468],[43.9873,29.3431],[44.6879,29.0295],[46.5092,28.9701],[47.2553,28.8536],[47.4386,28.8293],[47.589,28.5507],[47.6721,28.4432],[48.1536,28.4206],[48.4435,28.4402],[48.4627,28.3859],[48.5875,28.0939],[48.7517,27.8719],[48.8318,27.5735],[48.855,27.5227],[49.1319,27.536],[49.2435,27.479],[49.1519,27.3725],[49.2392,27.2885],[49.3216,27.1616],[49.4273,27.131],[49.5325,27.0095],[49.9314,26.9341],[50.1218,26.7376],[50.0902,26.6115],[49.984,26.5957],[49.9342,26.4831],[50.0762,26.3118],[49.992,26.0448],[49.9369,25.9558],[50.0114,25.8352],[50.1469,25.5356],[50.2143,25.5881],[50.3819,25.4612],[50.4292,25.184],[50.6189,24.8709],[50.6065,24.6802],[50.7059,24.5597],[50.7783,24.4709],[50.9074,24.4331],[50.9683,24.4362],[51.1198,24.3987],[51.5889,23.4096],[51.8355,22.8901],[51.9529,22.4842],[53.4661,22.3151],[54.9901,22.1144],[55.3674,22.0657],[55.6301,22.2769],[55.6988,22.3027],[55.9602,21.8913],[56.0302,21.2374],[53.6244,19.8956],[52.5674,19.3494],[51.8061,18.9829],[51.7298,18.9443],[51.2134,18.7888],[49.8196,18.3232],[47.7417,17.6185],[47.5234,17.5156],[47.5049,17.4583],[47.3327,17.2794],[46.4746,16.2577],[45.5558,15.0578],[44.9701,16.2743],[44.4252,17.3767],[44.2215,17.3818],[43.8997,17.3609],[43.6992,17.4169],[43.3973,17.485],[43.2999,17.4399],[43.222,17.3569],[43.1723,17.1342],[43.1908,16.8293],[43.1397,16.5749],[42.828,16.3215]]]]}},{"type":"Feature","properties":{"NAME":"Egypt","ABBREVN":"Egypt","SUBJECTO":"Egypt","BORDERPRECISION":3,"PARTOF":"Egypt"},"geometry":{"type":"MultiPolygon","coordinates":[[[[34.1463,31.2086],[34.2019,31.0784],[34.5603,30.2039],[34.9355,29.4181],[34.7643,29.2467],[34.5489,28.7316],[34.3988,28.096],[34.322,27.829],[34.2412,27.7589],[34.058,27.7903],[33.856,28.025],[33.5041,28.3292],[33.3307,28.5512],[33.1785,28.9956],[32.9438,29.1984],[32.8136,29.4777],[32.7373,29.6935],[32.648,29.8522],[32.4384,29.7755],[32.3185,29.5402],[32.5906,28.9372],[32.6493,28.7658],[32.9347,28.3788],[33.3542,27.9095],[33.5669,27.37],[33.8041,26.9321],[33.9288,26.5638],[34.1042,26.3545],[34.5148,25.5739],[34.9974,24.7172],[35.1899,24.3999],[35.4535,24.1527],[35.6566,23.9943],[35.7247,23.9118],[35.6163,23.8353],[35.4879,23.7906],[35.4685,23.7207],[35.5759,23.2317],[35.6893,23.0213],[35.7463,22.9143],[36.1114,22.6483],[36.2902,22.5724],[36.4732,22.3377],[36.6604,22.1665],[36.8001,21.9149],[32.1281,21.9177],[31.1663,21.9184],[29.918,21.9175],[28.7869,21.9109],[27.7668,21.9241],[27.0177,21.9197],[26.4595,21.9164],[25.7329,21.9249],[25.3216,21.9225],[24.9529,21.8822],[24.9478,23.0578],[24.9578,23.6616],[24.9375,24.926],[24.9379,25.2374],[24.9416,26.1588],[24.9486,26.8196],[24.9569,28.5606],[24.9634,29.0054],[24.9444,29.1705],[24.7702,29.5825],[24.687,30.0077],[24.7119,30.1476],[24.8572,30.3963],[24.9612,30.5875],[24.8018,31.1647],[24.8962,31.3177],[25.0621,31.4203],[25.1066,31.5138],[25.2582,31.4379],[25.5072,31.4448],[25.7895,31.4898],[26.1433,31.4906],[26.824,31.3586],[27.0881,31.3067],[27.4388,31.2518],[27.7633,31.1826],[27.9194,30.9987],[28.0998,30.9991],[28.5172,30.9618],[28.9664,30.7848],[29.2488,30.7537],[29.3594,30.8111],[29.6831,31.0532],[30.0991,31.2319],[30.4761,31.3153],[30.8271,31.4367],[30.996,31.4689],[31.1514,31.4437],[31.3923,31.4443],[31.7174,31.3878],[31.8081,31.1783],[32.0765,31.0137],[32.3094,31.084],[32.5972,30.9639],[32.7687,30.9516],[33.0214,31.1321],[33.1296,31.0517],[33.2546,31.0265],[33.5576,30.9677],[33.7096,30.9957],[33.917,31.0701],[34.1463,31.2086]]]]}},{"type":"Feature","properties":{"NAME":"Greenland","ABBREVN":"Greenland","SUBJECTO":"Greenland","BORDERPRECISION":3,"PARTOF":"Greenland"},"geometry":{"type":"MultiPolygon","coordinates":[[[[-26.7875,71.5583],[-25.8496,71.4357],[-25.6949,71.273],[-26.086,71.1948],[-26.3294,71.1324],[-27.0844,71.0846],[-27.6061,71.0682],[-27.9162,70.998],[-28.0835,70.8973],[-28.2218,70.6273],[-28.3845,70.458],[-27.912,70.2825],[-27.4749,70.2068],[-26.5226,70.1779],[-26.252,70.1784],[-25.4533,70.2871],[-24.5847,70.304],[-24.1952,70.2435],[-23.7753,70.1448],[-23.5874,70.084],[-23.4595,70.0919],[-23.0089,70.0927],[-22.434,70.0785],[-22.1575,70.0561],[-22.7323,69.7741],[-23.4444,69.5685],[-24.3333,69.3328],[-24.5835,69.3399],[-24.8966,69.3921],[-25.3244,69.0899],[-25.8016,68.8636],[-26.3621,68.66],[-26.8687,68.5267],[-26.9636,68.5017],[-27.9591,68.4774],[-28.1953,68.4171],[-28.4212,68.4167],[-28.8631,68.3262],[-29.1621,68.251],[-29.3997,68.2281],[-29.8254,68.4141],[-29.9945,68.3914],[-30.305,67.9805],[-30.7365,67.9276],[-31.0203,67.9568],[-31.3547,68.0456],[-31.6346,68.2538],[-32.0188,68.4474],[-32.3099,68.5441],[-32.3591,68.544],[-32.3555,68.4542],[-32.0372,67.9847],[-32.1238,67.8729],[-32.2675,67.8652],[-32.578,67.7531],[-32.956,67.641],[-33.214,67.47],[-33.6642,67.0624],[-33.9601,66.7669],[-34.4331,66.384],[-34.7823,66.266],[-35.2477,66.2285],[-35.708,66.3522],[-35.7745,66.1031],[-35.9719,65.8469],[-36.3244,65.7223],[-36.7705,65.7652],[-37.0479,65.7428],[-37.5789,65.5451],[-37.1548,66.3202],[-37.2094,66.3128],[-37.5673,66.3194],[-38.0418,66.3992],[-37.9249,66.2088],[-37.9367,66.004],[-38.1103,65.821],[-38.4674,65.6454],[-38.9894,65.5716],[-39.4271,65.5707],[-39.992,65.5333],[-39.7818,65.3519],[-39.6863,65.1706],[-39.7269,64.9965],[-39.8978,64.9529],[-40.0424,64.9815],[-40.2537,64.9667],[-41.0603,65.0375],[-40.8277,64.8935],[-40.4836,64.6854],[-40.3507,64.5275],[-40.3553,64.427],[-40.4724,64.3478],[-41.0111,64.3324],[-41.4841,64.2742],[-41.1042,64.0886],[-40.8926,64.0317],[-40.6912,63.9319],[-40.5162,63.7821],[-40.7657,63.5745],[-40.8939,63.5244],[-41.1634,63.5667],[-41.3782,63.5234],[-41.223,63.3099],[-41.227,63.253],[-41.4345,63.0392],[-41.6531,63.0957],[-41.9156,63.1236],[-41.9039,63.0525],[-41.7891,62.8468],[-41.8344,62.6906],[-41.9637,62.6904],[-42.2589,62.7324],[-42.2988,62.7394],[-42.7395,62.6889],[-43.226,62.6809],[-42.9191,62.4619],[-42.4204,62.286],[-42.2714,62.1944],[-42.3062,61.7289],[-42.4783,61.3068],[-42.6703,61.2643],[-43.0373,61.2917],[-42.8171,61.0256],[-42.8244,60.8016],[-42.7541,60.6969],[-42.7849,60.5292],[-42.9272,60.501],[-43.1499,60.5145],[-43.4971,60.479],[-43.1541,60.3053],[-42.962,60.0341],[-43.0145,59.8329],[-43.1436,59.8188],[-43.5788,59.9357],[-44.0523,60.1642],[-44.2761,60.0316],[-44.4674,59.7609],[-44.7531,60.0307],[-44.6822,60.2884],[-44.8562,60.3787],[-45.362,60.4615],[-45.6217,60.6006],[-45.6041,60.6845],[-45.4899,60.7966],[-45.4603,60.8946],[-45.6065,61.0204],[-45.7709,61.1041],[-46.0719,60.9424],[-46.1959,60.9352],[-46.3311,60.8719],[-46.531,60.8926],[-46.9721,60.8637],[-47.1594,60.8564],[-47.4162,60.723],[-47.6305,60.5968],[-47.8224,60.7782],[-47.8694,60.939],[-47.9692,61.0369],[-48.2,61.1416],[-48.5679,61.2461],[-48.9155,61.421],[-49.1483,61.7723],[-49.1164,62.1038],[-49.206,62.1743],[-49.4013,62.2163],[-49.6115,62.1947],[-50.0479,62.3141],[-50.0967,62.3564],[-50.1589,62.4624],[-50.0959,62.668],[-49.8893,62.8457],[-49.8575,62.9665],[-49.9737,62.9947],[-50.2217,63.0085],[-50.4658,63.0507],[-50.5909,63.15],[-50.6167,63.4348],[-50.8231,63.4915],[-51.1005,63.4695],[-51.3658,63.726],[-51.355,63.8118],[-51.266,63.9264],[-50.9879,64.0915],[-50.439,64.2431],[-50.2569,64.3797],[-50.0426,64.4376],[-50.0199,64.6101],[-50.1445,64.7393],[-50.3574,64.6957],[-50.7718,64.659],[-50.9937,64.6154],[-51.2797,64.4281],[-51.5214,64.3702],[-51.8048,64.2333],[-51.9574,64.3766],[-51.9402,64.6568],[-51.9917,65.0097],[-52.0843,65.2126],[-52.0777,65.3724],[-52.1869,65.5177],[-52.4138,65.4809],[-52.536,65.4952],[-52.8354,65.6549],[-53.1025,65.8732],[-53.1084,66.034],[-52.7297,66.2764],[-52.6105,66.268],[-52.8604,66.3532],[-53.3481,66.3243],[-53.3943,66.4518],[-53.2217,66.5309],[-52.9169,66.5445],[-52.6532,66.5678],[-52.448,66.6073],[-52.3032,66.9095],[-52.8468,66.9306],[-53.1042,66.908],[-53.2673,66.9224],[-53.3974,66.9959],[-53.4496,67.0844],[-53.3494,67.2103],[-53.2512,67.2139],[-53.1703,67.2858],[-52.9781,67.3103],[-53.1467,67.3951],[-53.395,67.3623],[-53.4941,67.4735],[-53.4684,67.5582],[-53.4358,67.6176],[-53.319,67.6178],[-53.1801,67.6626],[-52.8079,67.7748],[-52.26,67.7386],[-51.876,67.6651],[-51.5268,67.6509],[-51.3565,67.5918],[-50.9394,67.5258],[-50.4771,67.4822],[-50.4911,67.6454],[-50.3567,67.8909],[-50.491,67.9726],[-50.9499,68.091],[-51.5605,68.2316],[-51.9667,68.3055],[-52.6834,68.4537],[-52.8425,68.5058],[-52.6912,68.6634],[-52.3369,68.6641],[-51.6787,68.5005],[-51.2137,68.4789],[-51.0052,68.5092],[-50.9538,68.5393],[-50.9138,68.8093],[-50.8744,68.9446],[-50.6066,68.9601],[-50.3688,68.9079],[-50.2665,68.9532],[-50.2788,69.1112],[-50.3665,69.1939],[-50.7674,69.3364],[-50.6944,69.5329],[-50.4566,69.7376],[-50.5726,69.8663],[-51.1171,69.9411],[-51.6365,69.9402],[-52.1668,70.0688],[-52.9091,70.2894],[-53.2599,70.3347],[-53.6663,70.357],[-54.0085,70.5099],[-54.3735,70.7247],[-54.3032,70.7402],[-54.158,70.8099],[-53.8855,70.8104],[-53.6281,70.8186],[-52.6898,70.6817],[-52.3675,70.6669],[-51.8057,70.5294],[-51.1528,70.3233],[-50.8245,70.2473],[-50.7995,70.3854],[-50.9392,70.5772],[-51.3264,70.823],[-51.4038,71.0236],[-51.6754,71.2244],[-51.8934,71.2473],[-52.198,71.3554],[-52.0356,71.48],[-51.7914,71.5427],[-51.7201,71.5896],[-52.0368,71.698],[-52.532,71.7049],[-52.8134,71.7434],[-53.3229,71.8908],[-53.7187,71.617],[-53.8646,71.5466],[-53.9882,71.4141],[-54.3816,71.3047],[-55.0124,71.3346],[-55.4766,71.4891],[-55.6143,71.5979],[-55.6264,71.7304],[-55.4296,71.8713],[-55.2976,72.1612],[-55.3661,72.7278],[-55.104,72.752],[-54.7931,72.6657],[-54.6261,72.7213],[-54.5582,72.8716],[-54.7304,73.0376],[-55.15,73.283],[-55.3535,73.3463],[-55.7793,73.7045],[-56.1822,74.1206],[-56.6795,74.7006],[-56.9394,74.919],[-57.7743,75.0895],[-58.0746,75.2045],[-58.2053,75.2952],[-58.2285,75.6106],[-58.6357,75.7933],[-59.0683,75.8425],[-59.7835,75.9165],[-60.6511,76.1077],[-61.5075,76.2575],[-62.4676,76.34],[-62.9162,76.3645],[-63.6508,76.3799],[-64.0038,76.2949],[-64.4734,76.2519],[-64.8359,76.167],[-65.4745,76.0986],[-66.0268,76.1732],[-66.6839,76.3067],[-66.5404,75.9707],[-66.5634,75.9287],[-67.0367,75.9362],[-67.6191,76.019],[-69.0448,76.2938],[-68.353,76.5486],[-68.1444,76.5998],[-68.1859,76.7016],[-68.3763,76.7778],[-68.8562,76.7854],[-69.851,76.792],[-70.2167,76.8253],[-70.5,76.8333],[-71.057,77.0285],[-71.4483,77.1219],[-71.1839,77.2595],[-70.6184,77.2778],[-69.2521,77.2117],[-68.3406,77.1963],[-67.7363,77.1889],[-66.7838,77.2593],[-66.3093,77.3547],[-66.1778,77.398],[-66.1534,77.5532],[-66.4356,77.6822],[-66.8047,77.7768],[-67.3523,77.7065],[-67.8518,77.5931],[-68.4412,77.5833],[-68.9532,77.6342],[-69.2921,77.599],[-69.6875,77.5551],[-69.9936,77.5804],[-70.3795,77.6661],[-70.678,77.8301],[-71.0452,77.9163],[-71.343,77.9418],[-71.6695,77.9151],[-71.8884,77.9494],[-72.5254,78.1661],[-72.5453,78.3235],[-72.3832,78.5257],[-72.0188,78.5792],[-71.4628,78.6243],[-70.7802,78.6873],[-69.8468,78.7598],[-69.2663,78.7962],[-68.8385,78.9741],[-68.3485,79.0905],[-67.9691,79.1268],[-66.8543,79.1289],[-66.3587,79.1744],[-65.4849,79.1582],[-65.3041,79.2209],[-65.1645,79.3104],[-64.8905,79.3824],[-64.7995,79.6784],[-64.6755,79.9039],[-64.6232,79.9492],[-65.0237,80.0518],[-65.8996,80.0692],[-66.4194,79.9819],[-66.8512,80.0385],[-67.4103,80.2107],[-67.1428,80.5621],[-66.5217,80.7113],[-65.2413,80.8728],[-64.6083,80.9739],[-63.7254,81.0862],[-62.7748,81.1587],[-62.2513,81.1195],[-61.7053,81.1509],[-61.1118,81.1824],[-60.9567,81.2637],[-60.9517,81.3655],[-61.1122,81.7042],[-61.1224,81.7976],[-60.8873,81.8606],[-60.0387,81.8833],[-59.3519,81.791],[-58.3887,81.6066],[-57.8053,81.505],[-57.4442,81.4239],[-57.074,81.5477],[-57.8196,81.7838],[-58.1333,82.0132],[-58.0578,82.0344],[-57.0681,82.0892],[-56.5433,82.1432],[-55.7092,82.2404],[-54.5752,82.3281],[-54.2467,82.2968],[-53.7679,82.2446],[-53.6635,81.4626],[-53.2527,81.5352],[-53.0104,81.68],[-52.816,82.1301],[-52.3643,82.1205],[-51.4623,81.975],[-50.6261,81.7888],[-49.938,81.6762],[-49.846,81.8113],[-50.1359,81.9464],[-50.503,82.188],[-50.9054,82.3681],[-50.7724,82.4971],[-50.4385,82.4871],[-49.6476,82.4781],[-49.1365,82.3826],[-47.897,82.2148],[-47.3192,82.0891],[-46.3703,81.944],[-45.5252,81.8205],[-44.683,81.7289],[-44.3228,81.8231],[-43.9554,82.4905],[-44.102,82.5764],[-44.6835,82.727],[-45.2129,82.9667],[-44.8941,83.0779],[-43.8125,83.0803],[-42.4794,83.2279],[-41.8811,83.2628],[-41.194,83.1862],[-40.1946,82.9668],[-39.4894,82.8915],[-38.5872,82.8277],[-38.4521,83.17],[-38.5872,83.3824],[-37.3966,83.4753],[-36.4871,83.5113],[-35.322,83.4687],[-34.4269,83.403],[-33.5784,83.4839],[-32.5132,83.577],[-31.5937,83.5791],[-30.7572,83.479],[-29.936,83.5035],[-29.344,83.4709],[-29.0653,83.4264],[-28.8177,83.4721],[-27.9419,83.4064],[-27.1738,83.3856],[-26.4208,83.3423],[-25.3236,82.9999],[-24.7079,82.8913],[-24.1026,82.9255],[-23.5996,82.8499],[-22.4324,82.7433],[-22.2319,82.5596],[-22.3688,82.5055],[-22.59,82.4191],[-23.3474,82.3533],[-24.3837,82.2977],[-24.9023,82.2434],[-25.4572,82.221],[-26.1184,82.2514],[-27.3924,82.2806],[-28.3914,82.3104],[-29.0164,82.2345],[-29.7428,82.2224],[-30.6127,82.2099],[-31.1347,82.1981],[-31.8031,82.1226],[-32.0028,82.0695],[-32.5981,81.9736],[-32.7487,81.7647],[-32.4145,81.6516],[-31.2665,81.7783],[-30.6513,81.8107],[-28.8907,81.7937],[-27.8905,81.8479],[-26.8417,81.8501],[-26.3933,81.8615],[-25.9747,81.8311],[-25.1785,81.636],[-24.8766,81.5954],[-24.3873,81.679],[-23.6388,81.7738],[-22.9476,81.9002],[-22.0636,81.9648],[-21.7979,81.757],[-22.0529,81.5398],[-23.0953,81.2521],[-23.5329,81.0999],[-24.1096,80.7694],[-24.0554,80.6313],[-23.9117,80.5628],[-23.5533,80.6028],[-23.3388,80.623],[-22.6119,80.8718],[-21.8173,81.1135],[-21.1817,81.2866],[-20.4141,81.4307],[-20.0654,81.5235],[-19.3174,81.597],[-18.5894,81.5471],[-17.9635,81.5177],[-17.2897,81.6528],[-16.9734,81.7984],[-16.4654,81.9036],[-15.4988,81.9057],[-14.7463,81.8552],[-14.2525,81.8354],[-13.714,81.7742],[-13.2033,81.6718],[-12.7051,81.6213],[-12.5631,81.5086],[-12.6445,81.3858],[-13.531,81.2723],[-14.2019,81.2101],[-14.7622,80.9879],[-15.0126,80.8577],[-15.7344,80.6978],[-16.4409,80.451],[-16.9196,80.411],[-17.3327,80.4297],[-18.0492,80.4087],[-19.045,80.4262],[-19.7158,80.3373],[-20.0447,80.2397],[-20.2674,79.9989],[-20.193,79.8538],[-19.3159,79.9912],[-18.6046,80.0118],[-17.7692,79.9666],[-17.7677,79.7774],[-18.1023,79.6689],[-19.1768,79.613],[-19.3854,79.5499],[-19.4813,79.4603],[-19.5515,79.1926],[-19.7632,78.8731],[-20.0682,78.8018],[-20.545,78.8362],[-20.8788,78.8179],[-21.2557,78.4126],[-21.7,77.9235],[-21.7676,77.7673],[-21.5635,77.6294],[-21.382,77.5866],[-21.1112,77.8032],[-20.7767,77.9686],[-20.3913,77.9867],[-19.3358,77.8672],[-19.1773,77.8242],[-19.0592,77.6946],[-19.0857,77.5996],[-19.6409,77.6331],[-19.9437,77.6411],[-20.1743,77.5975],[-20.2351,77.5112],[-20.1049,77.3825],[-19.3147,77.2981],[-19.0644,77.2386],[-18.2534,77.3001],[-18.0164,77.2063],[-17.9201,77.0611],[-17.942,76.8651],[-18.057,76.8053],[-18.8829,76.8888],[-19.6266,76.913],[-19.9779,76.9463],[-20.5606,76.9112],[-21.1827,76.6975],[-21.553,76.7562],[-21.7733,76.8238],[-22.2502,76.8058],[-22.3777,76.6359],[-21.751,76.3666],[-21.217,76.2666],[-20.6328,76.2088],[-19.8835,76.1766],[-19.5702,76.11],[-19.3222,75.8927],[-19.1998,75.6928],[-19.1935,75.4435],[-19.3888,75.2611],[-19.5616,75.2277],[-20.143,75.3093],[-20.5118,75.3582],[-20.6792,75.3082],[-20.6689,75.0608],[-20.6158,74.9543],[-20.424,74.8816],[-20.146,74.8416],[-19.8206,74.745],[-19.4092,74.6811],[-19.0709,74.6089],[-18.8987,74.4398],[-19.051,74.3347],[-19.4251,74.2696],[-19.7162,74.2128],[-20.5022,74.2274],[-21.0315,74.2666],[-21.7623,74.3055],[-22.0288,74.104],[-21.7809,74.0162],[-21.1525,73.9933],[-20.6794,73.9221],[-20.3536,73.8106],[-20.3138,73.6668],[-20.3296,73.4196],[-20.3881,73.4221],[-20.8796,73.4425],[-21.4405,73.3937],[-21.7085,73.2739],[-22.2692,73.2649],[-22.8203,73.3275],[-23.4938,73.5093],[-23.9086,73.724],[-24.0764,73.7557],[-24.5689,73.6269],[-25.0099,73.4746],[-25.498,73.4339],[-25.7629,73.3538],[-26.4156,73.3685],[-26.8266,73.4075],[-27.2628,73.343],[-27.4406,73.287],[-27.5189,73.1598],[-27.5164,73.0963],[-27.3572,72.8591],[-27.0377,72.7491],[-26.4601,72.7265],[-25.7782,72.6095],[-25.073,72.6344],[-24.4778,72.3915],[-24.1365,72.2901],[-23.9196,72.1885],[-23.3813,72.0407],[-22.8178,71.8697],[-22.6485,71.7452],[-22.4309,71.3412],[-22.0297,71.4351],[-21.9044,71.4975],[-21.726,71.4046],[-21.5918,71.211],[-21.5601,71.0562],[-21.4708,70.5323],[-21.5471,70.4401],[-21.7138,70.3861],[-21.9573,70.4316],[-22.2032,70.4849],[-22.6157,70.4841],[-23.0842,70.4679],[-23.7537,70.5896],[-24.0402,70.7737],[-24.227,71.059],[-24.3864,71.1825],[-24.913,71.4374],[-25.2913,71.5689],[-25.6276,71.6306],[-26.1202,71.6686],[-26.3545,71.6058],[-26.7875,71.5583]]],[[[-22.1457,72.0273],[-22.8328,72.269],[-23.2649,72.3702],[-23.5854,72.4404],[-23.657,72.4717],[-23.7984,72.6605],[-23.131,72.6775],[-22.7294,72.6152],[-22.2505,72.498],[-21.8821,72.365],[-21.8095,72.1454],[-21.9061,72.0512],[-22.1457,72.0273]]],[[[-53.5515,69.2784],[-53.8071,69.3383],[-54.1253,69.4812],[-54.4859,69.5636],[-54.5744,69.6089],[-54.6869,69.707],[-54.7227,70.0869],[-54.5937,70.2402],[-54.4283,70.2482],[-54.1375,70.1875],[-53.6167,70.1578],[-53.0375,70.0366],[-52.7012,69.9154],[-52.4336,69.8704],[-52.084,69.7725],[-51.8129,69.6216],[-51.8774,69.5307],[-51.9279,69.5155],[-52.1726,69.4923],[-52.5211,69.4766],[-52.8674,69.3928],[-53.3217,69.3241],[-53.5515,69.2784]]]]}},{"type":"Feature","properties":{"NAME":"Russia","ABBREVN":"Russia","SUBJECTO":"Russia","BORDERPRECISION":3,"PARTOF":"Russia"},"geometry":{"type":"MultiPolygon","coordinates":[[[[143.0334,52.3122],[142.9449,51.9611],[142.9439,51.6173],[143.0742,51.2676],[143.3407,50.8858],[143.6331,50.235],[144.0382,49.5088],[144.5399,48.7533],[143.9729,49.0581],[143.5984,49.2336],[143.1528,49.2589],[143.0326,49.2195],[142.854,49.1277],[142.6461,48.6575],[142.5266,48.1621],[142.4899,47.9016],[142.6146,47.4596],[142.697,47.3623],[142.9933,46.9537],[143.2365,46.8633],[143.4448,46.5717],[143.3034,46.0112],[143.0043,46.5774],[142.6148,46.7128],[142.5138,46.6996],[142.3273,46.5631],[142.1877,46.3229],[141.8983,45.9148],[141.7084,46.1398],[141.6228,46.558],[141.9094,47.0734],[141.7318,47.4712],[141.8106,47.6756],[142.0365,47.9593],[141.9775,48.2847],[141.8892,48.454],[141.7678,48.7015],[141.7396,48.8073],[141.9214,48.9431],[142.0491,49.3547],[142.0828,49.7077],[142.0851,50.3043],[142.1529,50.89],[142.1124,51.2196],[142.0166,51.4306],[141.6432,51.8131],[141.5982,52.2167],[141.6497,52.3029],[141.8115,52.628],[141.841,52.96],[141.6896,53.1657],[141.767,53.2723],[141.9352,53.2859],[142.2141,53.2997],[142.6749,53.5402],[142.8639,53.3409],[143.0569,53.062],[143.1389,52.8562],[143.1433,52.5112],[143.0334,52.3122]]],[[[31.5753,52.4427],[31.5605,52.5166],[31.5975,52.561],[31.531,52.6202],[31.4866,52.6867],[31.5457,52.7163],[31.5457,52.7903],[31.4126,52.8642],[31.2869,52.9825],[31.2795,53.0565],[31.3239,53.1157],[31.383,53.1896],[31.5457,53.197],[31.6937,53.1748],[31.7824,53.1157],[32.0117,53.1083],[32.2483,53.1526],[32.448,53.2636],[32.4702,53.2932],[32.5367,53.3301],[32.6699,53.3301],[32.6994,53.4041],[32.6847,53.4632],[32.5589,53.4928],[32.4258,53.5594],[32.3814,53.6407],[32.4184,53.6481],[32.448,53.6703],[32.4628,53.6999],[32.3445,53.7295],[32.1818,53.7739],[32.0117,53.8034],[31.849,53.7739],[31.7676,53.8034],[31.7972,53.8848],[31.8416,53.9735],[31.812,54.0401],[31.738,54.0845],[31.6123,54.1214],[31.5088,54.151],[31.3091,54.2472],[31.2573,54.3507],[31.1834,54.469],[31.0872,54.4764],[31.0798,54.5208],[31.1094,54.58],[31.1538,54.6317],[31.0946,54.6465],[31.0133,54.6243],[30.9763,54.6761],[30.9171,54.7575],[30.7618,54.7796],[30.784,54.8462],[30.7988,54.9202],[30.8432,54.9423],[30.8949,54.9793],[30.8949,55.0163],[30.9467,55.0163],[30.9763,55.0755],[30.9541,55.1494],[30.8875,55.1938],[30.7988,55.3047],[30.858,55.3787],[30.8728,55.4526],[30.8728,55.4896],[30.9023,55.5414],[30.8801,55.5932],[30.8136,55.5784],[30.7396,55.5932],[30.6731,55.6375],[30.6287,55.6819],[30.503,55.7263],[30.4438,55.7854],[30.1998,55.8372],[30.0888,55.815],[30.0445,55.8372],[29.9853,55.8594],[29.8818,55.8224],[29.8152,55.778],[29.7412,55.778],[29.6155,55.7706],[29.5194,55.6819],[29.4306,55.6819],[29.3567,55.7485],[29.3271,55.815],[29.3345,55.8594],[29.4084,55.9038],[29.4084,55.9555],[29.3419,55.9629],[29.2088,55.9925],[29.0683,56.0147],[28.9056,55.9925],[28.8094,55.9629],[28.7207,55.9481],[28.6837,56.0147],[28.6245,56.0813],[28.484,56.096],[28.4027,56.1034],[28.3139,56.0443],[28.2104,56.0739],[28.1364,56.1404],[28.1636,56.1593],[28.1701,56.2117],[28.1898,56.251],[28.1505,56.3558],[28.157,56.4409],[28.0981,56.4933],[28.1243,56.5326],[28.0522,56.5523],[27.9867,56.5981],[27.9736,56.6702],[27.9147,56.6964],[27.8623,56.7422],[27.8819,56.775],[27.9081,56.8143],[27.8754,56.8339],[27.8361,56.8405],[27.7771,56.8732],[27.7116,56.8667],[27.62,56.8405],[27.6396,56.8863],[27.6854,56.9191],[27.7182,56.9584],[27.7051,57.0108],[27.7378,57.0697],[27.6789,57.109],[27.7247,57.1221],[27.764,57.1286],[27.8099,57.1614],[27.8164,57.2007],[27.8295,57.2531],[27.8361,57.2924],[27.7444,57.3186],[27.7051,57.3513],[27.6134,57.3906],[27.5086,57.4234],[27.5086,57.4758],[27.5152,57.5282],[27.3489,57.5264],[27.3121,57.574],[27.3645,57.6002],[27.3711,57.6395],[27.3842,57.6919],[27.4431,57.6919],[27.4824,57.7443],[27.5086,57.7902],[27.5807,57.8164],[27.6985,57.836],[27.7771,57.8688],[27.7509,57.895],[27.6723,57.9146],[27.6527,57.9801],[27.6461,58.0194],[27.6461,58.0522],[27.6069,58.0849],[27.5152,58.1242],[27.4366,58.229],[27.4366,58.3076],[27.5152,58.3665],[27.5021,58.4386],[27.4693,58.5237],[27.4104,58.7202],[27.3973,58.7923],[27.4366,58.8643],[27.5283,58.9233],[27.6723,58.9822],[27.7706,59.0739],[27.8492,59.1984],[27.8754,59.2573],[27.9147,59.277],[27.9671,59.277],[28.0522,59.277],[28.1308,59.2966],[28.1505,59.3752],[28.0784,59.4341],[28.0131,59.4582],[27.9734,59.5167],[27.8967,59.5338],[27.9417,59.6476],[28.0942,59.6647],[28.1631,59.5907],[28.2663,59.5622],[28.351,59.6021],[28.3091,59.6644],[28.4444,59.7337],[28.6627,59.6443],[28.7959,59.6722],[28.9363,59.8246],[29.0761,59.9078],[29.4136,59.86],[29.7655,59.7362],[29.9632,59.7366],[30.1266,59.806],[29.9529,59.9856],[29.6873,60.131],[29.5107,60.1446],[28.969,60.1088],[28.6916,60.15],[28.5694,60.1984],[28.4352,60.3373],[28.5512,60.5326],[28.5215,60.6233],[28.4318,60.6035],[28.51,60.7318],[29.3861,61.2466],[30.2786,61.7845],[30.9018,62.1255],[31.1675,62.3666],[31.3609,62.6078],[31.4083,62.792],[31.3359,62.9474],[31.14,63.1237],[30.8236,63.2428],[30.2126,63.4671],[30.0149,63.6156],[30.1622,63.7018],[30.4058,63.8885],[30.4315,64.0029],[30.3635,64.1168],[29.7844,64.7443],[29.6182,64.9734],[29.6312,65.1398],[29.7153,65.3212],[29.9134,65.5617],[30.0017,65.7221],[29.6543,66.26],[29.0229,66.8874],[29.1709,67.0206],[29.757,67.3703],[29.9461,67.5339],[29.7018,67.7104],[29.2681,67.9382],[28.8757,68.0253],[28.6222,68.1207],[28.5701,68.3588],[28.686,68.5683],[28.6972,68.6955],[29.0074,68.8318],[29.4628,69.1342],[29.9236,69.3546],[30.2699,69.4091],[30.6408,69.4185],[30.8717,69.5101],[31.0538,69.6396],[31.3313,69.6628],[31.7822,69.777],[32.0716,69.8835],[32.076,69.8154],[32.1906,69.6417],[32.3517,69.5137],[32.5963,69.4236],[33.0096,69.3867],[33.2806,69.342],[33.3156,69.0713],[33.6284,69.2147],[33.818,69.1925],[34.3051,69.1708],[34.6989,69.1641],[34.9341,69.1494],[35.4366,69.1504],[36.0183,69.0237],[37.2459,68.7935],[37.6886,68.6296],[38.4064,68.2427],[38.6685,68.1463],[39.3347,68.0359],[39.9181,67.9404],[40.8261,67.66],[40.9734,67.5344],[40.9508,67.3347],[41.0169,67.2019],[41.2088,67.0695],[41.2553,66.937],[41.147,66.7823],[40.8364,66.5614],[40.3451,66.3186],[39.9775,66.2009],[39.19,66.0387],[38.7821,66.0015],[38.0479,66.0074],[37.4224,66.0938],[36.5052,66.1725],[35.7717,66.2589],[35.1677,66.4115],[34.153,66.6296],[33.6513,66.6801],[33.4375,66.7017],[33.1577,66.9145],[32.991,66.9878],[32.6443,67.0461],[32.2194,66.9937],[32.3578,66.9203],[32.4247,66.891],[32.7535,66.649],[32.9709,66.5834],[33.4697,66.3131],[33.8442,66.1821],[34.2585,66.1098],[34.5437,66.0008],[34.7262,65.797],[34.7256,65.615],[34.6012,65.4839],[34.2934,65.3962],[34.332,65.3455],[34.4257,65.1065],[34.7729,64.6822],[34.8148,64.4598],[34.8846,64.3668],[35.0818,64.2883],[35.6233,64.2536],[36.0155,64.197],[36.24,63.9186],[36.4206,63.8761],[36.9875,63.8415],[37.2465,63.7849],[37.4105,63.7495],[37.5915,63.8069],[37.9449,63.8504],[38.0541,63.9863],[38.0539,64.1293],[37.8799,64.3079],[37.6681,64.3433],[37.4633,64.3],[37.262,64.3139],[36.9967,64.4066],[36.5685,64.7646],[36.8839,65.0677],[37.1019,65.0681],[37.6041,64.8528],[38.2529,64.7031],[39.1934,64.511],[39.6216,64.476],[39.9971,64.5412],[40.3222,64.4629],[40.4398,64.5636],[40.4621,64.7503],[40.366,64.8579],[39.9794,65.1531],[39.8231,65.4356],[39.9513,65.5812],[40.0369,65.6031],[40.6814,65.7936],[41.3542,65.9552],[41.6233,66.0652],[42.1334,66.3879],[42.2108,66.41],[42.4185,66.3811],[43.2414,66.2509],[43.8762,66.011],[44.0294,66.0112],[44.0528,66.0405],[44.1221,66.2672],[44.3836,66.612],[44.362,66.906],[44.2192,67.0898],[43.8381,67.1629],[43.7036,67.2659],[44.2158,67.7183],[44.2611,67.8296],[44.1687,68.097],[43.8222,68.3273],[43.8532,68.4692],[44.012,68.4919],[44.6678,68.3886],[45.5796,68.4425],[45.8634,68.3833],[46.162,68.1082],[46.4394,67.9079],[46.6341,67.7005],[46.1641,67.6774],[45.4626,67.6391],[45.0925,67.5421],[44.8712,67.3124],[44.9571,67.2314],[45.3856,67.0994],[45.7154,66.8496],[46.0768,66.7621],[46.4021,66.7186],[46.9726,66.7785],[47.5712,66.8163],[47.7062,66.8901],[47.8221,67.1113],[47.9529,67.3773],[48.0807,67.5625],[48.6353,67.6524],[49.1856,67.8388],[49.6301,67.9362],[50.4959,68.1535],[51.139,68.2664],[51.8308,68.4094],[52.2449,68.5446],[52.3374,68.3357],[52.4627,68.2987],[52.7197,68.3514],[52.9388,68.4712],[53.0058,68.6806],[53.1794,68.7557],[53.5024,68.8163],[53.8891,68.787],[53.8084,68.6073],[53.7821,68.3384],[53.3959,68.3004],[53.3162,68.2332],[53.3168,68.1364],[53.6257,68.0477],[53.854,68.0853],[54.3797,68.1607],[54.576,68.1611],[54.6485,68.0719],[54.7523,68.0498],[54.8772,68.1095],[54.996,68.2065],[55.1265,68.4006],[55.3354,68.4831],[55.7229,68.5361],[56.1951,68.5669],[56.5403,68.5526],[57.0242,68.4489],[57.3637,68.457],[57.5259,68.4946],[57.9592,68.7048],[58.4093,68.8329],[58.7704,68.856],[59.199,68.7744],[59.3459,68.6999],[59.062,68.4975],[59.1198,68.3931],[59.2177,68.3485],[59.5019,68.2894],[59.7623,68.2974],[59.892,68.402],[59.9254,68.5813],[60.0791,68.619],[60.5121,68.5899],[60.7563,68.6725],[60.9341,68.8151],[60.986,69.0026],[60.3692,69.4677],[60.5517,69.5434],[60.8487,69.71],[61.03,69.7406],[61.3043,69.7335],[62.2813,69.7051],[62.8539,69.6156],[63.4123,69.5487],[63.9232,69.4592],[64.873,69.2277],[65.3554,69.1834],[66.1255,68.9972],[66.5843,68.8855],[67.1717,68.6471],[67.8265,68.3721],[68.2154,68.2014],[68.3846,68.1793],[68.4879,68.2242],[69.0026,68.6954],[69.109,68.8303],[68.6918,68.8145],[68.5118,68.8367],[68.2577,68.9411],[68.0935,69.1359],[68.1059,69.4293],[67.7787,69.5569],[66.8844,69.6231],[66.799,69.7437],[66.828,69.8194],[66.9649,69.9558],[67.2772,70.0706],[67.3833,70.1394],[67.4218,70.2234],[67.3982,70.5985],[67.2853,70.7058],[66.7748,70.7356],[66.6702,70.8661],[66.818,71.1054],[66.9796,71.2138],[67.1555,71.2296],[67.8225,71.4167],[68.3162,71.6349],[68.5508,71.822],[68.8121,72.0955],[69.0567,72.6447],[69.3431,72.8343],[69.5116,72.803],[70.2144,72.7335],[70.9403,72.79],[71.6629,72.8307],[71.9758,72.7998],[72.4553,72.8243],[72.714,72.7696],[72.8527,72.6439],[72.8448,72.4946],[72.6546,72.1183],[72.4983,71.9618],[71.8978,71.5872],[71.7976,71.4318],[72.1362,71.2776],[72.555,70.9772],[72.6797,70.8235],[72.7742,70.4552],[72.6959,70.3556],[72.4369,70.187],[72.5515,69.6563],[72.5255,69.0691],[72.6435,68.8069],[72.8462,68.6352],[73.3086,68.5166],[73.3941,68.4421],[73.3936,68.3824],[73.1752,68.1659],[72.9878,67.7941],[72.8377,67.6456],[72.485,67.4378],[71.9305,67.1563],[71.6471,67.0673],[71.3995,66.9491],[71.5441,66.7141],[71.3495,66.6624],[70.8399,66.5514],[70.1207,66.7188],[69.7915,66.7549],[69.3554,66.7394],[69.0848,66.6875],[69.1726,66.5483],[69.4351,66.4242],[69.7673,66.3297],[70.4736,66.236],[70.9834,66.2004],[71.2595,66.2228],[71.7943,66.1581],[72.2088,66.1735],[72.4211,66.3347],[72.5574,66.496],[73.1655,66.6438],[73.6902,66.8651],[73.8108,66.9904],[73.9845,67.2634],[74.3525,67.4044],[74.7417,67.6862],[74.7706,67.8494],[74.6694,68.1017],[74.3951,68.347],[74.505,68.5935],[74.6121,68.6385],[74.9163,68.7064],[75.5372,68.7749],[76.3278,68.7763],[76.6609,68.6722],[77.0398,68.4638],[77.1079,68.1138],[76.9549,67.6533],[77.0907,67.5277],[77.5048,67.4324],[78.089,67.4113],[78.4779,67.4785],[78.5357,67.6118],[78.3046,67.6929],[77.946,67.7737],[77.6889,67.7584],[77.4832,67.8025],[77.5142,67.9733],[77.9775,68.1451],[78.0072,68.2568],[77.9091,68.3237],[77.8342,68.4727],[77.6358,68.8162],[77.406,68.9356],[77.0299,68.9799],[76.538,69.0841],[76.1775,69.1359],[75.598,69.21],[75.1886,69.1266],[74.9017,69.081],[74.318,69.1625],[73.9145,69.1543],[73.9079,69.2745],[73.6541,69.7565],[73.791,70.0522],[74.1222,70.3659],[74.2496,70.5729],[74.1892,70.6726],[73.698,71.1414],[73.2707,71.3726],[73.2169,71.4577],[73.5914,71.7069],[74.1372,71.7545],[74.5866,71.8722],[74.9212,72.0287],[74.9987,72.1304],[75.0746,72.4203],[75.0161,72.7188],[75.1199,72.6875],[75.4076,72.6644],[75.6173,72.6255],[75.6662,72.4135],[75.5825,72.1706],[75.2966,71.8969],[75.2213,71.6477],[75.2843,71.4461],[75.452,71.3225],[75.6706,71.1991],[76.2932,71.1385],[77.0016,71.0626],[77.7362,71.0255],[78.1047,70.8413],[78.2492,70.8339],[78.6085,70.8499],[78.3716,71.2505],[78.1369,71.3739],[77.2849,71.4188],[76.8661,71.449],[76.6072,71.5183],[76.3329,71.7197],[76.4567,71.8679],[77.0749,71.8924],[77.2749,71.8149],[77.7899,71.7769],[78.1264,71.8476],[78.0857,72.1753],[78.2696,72.2147],[78.6473,72.2624],[79.2226,72.2713],[79.7032,72.1783],[80.3387,72.0076],[80.8283,71.767],[81.4253,71.6127],[81.6714,71.5743],[82.4914,71.5681],[82.8184,71.6463],[82.8801,71.4913],[82.5289,71.3202],[82.2153,71.2036],[82.1036,70.8564],[82.0456,70.4189],[82.1957,70.358],[82.5015,70.7111],[82.6755,70.8421],[82.8037,70.8193],[83.0759,70.5818],[83.0363,70.2449],[83.3707,70.3373],[83.677,70.4603],[83.6571,70.5982],[83.5709,70.6517],[83.5047,70.8129],[83.168,71.1822],[83.2526,71.2829],[83.5611,71.6244],[83.2024,71.8259],[82.8546,71.9421],[82.4363,72.0506],[82.3206,72.2223],[82.026,72.2452],[81.5853,72.354],[80.9823,72.447],[80.8442,72.5802],[80.8717,72.84],[80.8289,73.0135],[80.464,73.3136],[80.5005,73.4247],[80.6201,73.4965],[80.8382,73.5526],[81.8775,73.6022],[83.0204,73.6123],[83.9766,73.6698],[84.6161,73.7427],[84.8295,73.5997],[85.0015,73.5762],[85.3812,73.6963],[85.8562,73.8248],[86.4921,73.8738],[86.7569,73.7866],[86.3264,73.6344],[86.1235,73.4511],[86.905,73.5559],[87.1397,73.6041],[87.5696,73.7721],[87.6908,73.9],[87.5406,74.0997],[87.394,74.1795],[86.9776,74.299],[86.8135,74.4353],[86.8126,74.5399],[86.9583,74.7821],[87.4875,74.9609],[87.9223,75.0599],[89.2847,75.4661],[89.6846,75.5082],[89.7963,75.5244],[90,75.5585],[90,75.6015],[91.6347,75.6527],[92.6705,75.7626],[93.5921,75.8808],[94.3096,76.0741],[94.6943,76.1836],[95.4877,76.1683],[95.9673,76.1692],[96.1394,76.0859],[95.9818,75.902],[96.6582,75.8533],[97.1164,75.8708],[97.6837,75.9552],[98.2887,76.0565],[98.7162,76.074],[99.1586,75.9997],[99.4672,75.9669],[99.7794,76.0593],[99.8334,76.21],[99.7736,76.2854],[99.9832,76.437],[100.4074,76.4714],[100.8303,76.4554],[101.3895,76.625],[101.1115,76.8529],[101.1665,77.0058],[101.6905,77.2026],[102.3897,77.3748],[103.3933,77.5578],[103.9466,77.5922],[104.3937,77.5672],[105.0625,77.5685],[105.4495,77.4491],[105.4697,77.3293],[104.7823,77.1488],[104.4851,76.995],[104.7046,76.9275],[105.5281,76.98],[106.2429,76.9135],[107.1603,76.9491],[107.2401,76.8984],[107.0714,76.771],[106.5374,76.5672],[106.404,76.4323],[107.2908,76.4339],[107.666,76.4431],[107.7715,76.4012],[108.2445,76.6464],[108.8595,76.6475],[109.6564,76.6913],[109.9402,76.6327],[110.5477,76.6423],[111.4273,76.5681],[112.0572,76.4514],[112.5885,76.2592],[112.8223,76.0589],[113.1489,76.0595],[113.533,76.0937],[113.723,75.8688],[113.1134,75.4944],[113.2216,75.4368],[113.625,75.2727],[112.5771,74.8862],[112.1113,74.7804],[111.5866,74.731],[110.0547,74.2537],[108.6969,73.8194],[108.3399,73.6912],[107.2655,73.5222],[106.2083,73.2585],[105.2788,72.7515],[105.6002,72.7443],[106.087,72.8554],[106.5015,73.0613],[107.2499,73.1338],[107.8043,73.1428],[108.7496,73.2632],[109.5952,73.3916],[109.9906,73.44],[110.4423,73.5679],[110.4,73.7429],[110.1784,73.7982],[110.1632,73.8301],[110.2896,73.9421],[110.5513,74.0384],[110.9441,73.9433],[111.2153,73.7683],[111.4949,73.7449],[111.7617,73.6578],[112.0934,73.6346],[112.4768,73.6591],[112.997,73.7796],[113.2216,73.7481],[113.3077,73.613],[113.3117,73.3827],[113.547,73.2009],[114.1867,73.551],[114.9341,73.5603],[115.6115,73.6252],[116.6711,73.6192],[117.5346,73.5493],[117.9188,73.5341],[118.4604,73.5192],[118.3385,73.1861],[118.4978,73.0362],[119.4174,72.9669],[119.7986,72.9125],[120.1128,72.8815],[120.5785,72.8351],[121.6995,72.9002],[122.2433,72.9091],[122.8824,72.7528],[123.5148,73.172],[123.4422,73.3302],[123.425,73.4332],[123.4099,73.4808],[124.2222,73.6969],[124.4567,73.7053],[124.8177,73.6582],[125.3346,73.5241],[125.7173,73.3978],[126.487,73.3834],[127.0968,73.4163],[127.7196,73.4015],[128.3148,73.2075],[128.4989,73.1259],[128.5249,72.9523],[128.291,72.9125],[128.1706,72.8965],[127.3135,72.7139],[126.2164,72.3823],[126.1113,72.2804],[126.2253,72.2493],[126.69,72.2189],[127.1209,72.2119],[127.4175,72.1422],[127.7141,72.0101],[128.1701,71.8319],[128.4325,71.7546],[128.7835,71.538],[129.3552,71.1757],[130.1717,70.8153],[130.7793,70.6783],[131.0548,70.6865],[131.4127,70.8638],[131.7917,71.1879],[132.2836,71.6609],[132.5538,71.809],[132.6843,71.8014],[132.7906,71.592],[133.1384,71.4532],[133.7439,71.3228],[134.2414,71.2619],[134.6229,71.3013],[135.5106,71.5118],[135.8606,71.5434],[136.2266,71.5132],[136.765,71.4058],[137.6297,71.0754],[137.7713,71.0988],[137.8549,71.1298],[138.0758,71.246],[138.1754,71.362],[138.1138,71.3851],[138.1194,71.4702],[138.4461,71.6103],[138.6749,71.6184],[138.8999,71.5026],[139.1588,71.418],[139.7445,71.4036],[139.8257,71.6284],[139.7386,71.8379],[139.806,72.0015],[139.8479,72.2356],[139.3388,72.1644],[139.05,72.1638],[138.9693,72.2105],[139.1683,72.3438],[139.3118,72.3832],[139.7556,72.4232],[140.215,72.4319],[140.5891,72.4952],[141.294,72.7871],[141.4084,72.7873],[142.2002,72.6787],[142.9025,72.6172],[143.8188,72.5326],[144.2674,72.5021],[144.5618,72.4556],[145.6,72.4262],[144.8204,72.1433],[145.2096,72.1207],[145.6646,72.1605],[145.815,72.0984],[145.6782,71.9267],[145.2614,71.8404],[144.8808,71.7231],[144.8013,71.5911],[145.1004,71.5762],[145.3338,71.6309],[145.7462,71.6937],[146.1861,71.8421],[146.9151,72.2019],[148.1595,72.1964],[148.698,72.1662],[149.1045,72.0889],[149.5303,72.0274],[149.6225,71.9419],[149.722,71.8952],[148.7109,71.6294],[148.9622,71.5679],[149.7154,71.4376],[150.6937,71.3467],[151.1195,71.2548],[151.48,71.0858],[151.6448,70.8938],[151.8991,70.733],[152.134,70.6644],[152.7906,70.681],[153.4044,70.7282],[153.9165,70.7905],[155.0492,70.9385],[156.0432,70.9866],[157.3964,70.9275],[158.078,70.8673],[158.4087,70.8142],[158.9341,70.6235],[159.2292,70.5475],[159.4656,70.395],[159.6279,70.2198],[159.5727,69.999],[159.4438,69.7646],[159.673,69.6519],[160.0166,69.6224],[160.3924,69.6156],[160.6816,69.5785],[160.674,69.2703],[160.8623,69.0831],[161.1708,69.1586],[161.4161,69.3542],[161.961,69.5282],[162.1178,69.5586],[162.2749,69.5363],[163.0382,69.5452],[163.7224,69.6745],[164.0537,69.66],[164.3182,69.4649],[164.6365,69.4128],[165.3301,69.4066],[166.3092,69.3783],[166.7004,69.4317],[167.3201,69.6586],[167.5032,69.5686],[167.9216,69.3287],[168.1,69.2315],[168.5924,69.1125],[168.9861,68.9634],[169.1132,68.7842],[169.3886,68.7175],[170.0889,68.7785],[170.8328,68.9219],[170.9049,69.0343],[170.7932,69.184],[170.4313,69.5589],[170.0563,69.6109],[170.2363,69.762],[170.4517,70.0192],[171.3022,69.9752],[171.8484,69.9385],[172.3592,69.9092],[172.9082,69.8348],[173.0083,69.6917],[173.6367,69.7607],[174.5745,69.7851],[175.611,69.7794],[176.1922,69.7127],[176.546,69.6229],[177.0792,69.5336],[177.705,69.4896],[178.0428,69.4076],[178.6289,69.2585],[178.965,69.2291],[179.2815,69.1473],[180,68.9199],[180,67.9631],[180,66.9631],[180,65.9631],[180,65.3816],[180,65.311],[180,65.0519],[180,64.9535],[179.3091,64.7865],[179.016,64.7729],[178.726,64.6063],[178.4738,64.5772],[178.0044,64.5477],[177.8441,64.5832],[177.4267,64.6067],[177.3735,64.7614],[177.2515,64.8561],[177.0263,64.8442],[177.1347,64.9274],[176.7125,64.7817],[176.3317,64.7729],[176.1802,64.868],[175.9651,64.9037],[176.156,64.6779],[175.8998,64.5474],[176.044,64.5012],[176.4678,64.409],[176.7532,64.5711],[176.9305,64.5529],[177.0816,64.5174],[177.0816,64.303],[177.1932,64.2104],[177.5347,64.0897],[178.0111,64.1921],[177.8134,64.0474],[178.1473,64.1566],[178.1765,64.0053],[178.2878,63.9129],[178.3716,63.7494],[178.4026,63.6641],[178.0777,63.4291],[178.3444,63.458],[178.5011,63.3802],[178.714,63.1537],[178.9395,63.0833],[179.0043,62.9702],[178.9316,62.7651],[179.2877,62.8151],[179.2318,62.6385],[179.2422,62.5257],[179.0488,62.3914],[178.7377,62.2993],[178.4519,62.3199],[178.2503,62.3829],[177.691,62.4523],[177.2908,62.4868],[177.1349,62.55],[177.1903,62.67],[176.9683,62.6908],[176.832,62.6764],[176.5805,62.4291],[176.5491,62.3797],[175.1726,61.9691],[174.6527,61.8909],[174.5423,61.8907],[174.3487,61.799],[174.2504,61.7147],[173.9268,61.616],[173.4809,61.6011],[173.3426,61.5518],[173.1263,61.3694],[172.9183,61.2781],[172.4924,61.2633],[172.1082,60.9833],[172.0001,60.8576],[171.2484,60.6542],[171.0724,60.4521],[170.5197,60.3399],[170.3368,60.2771],[170.2684,60.1451],[170.2731,60.0134],[170.0601,59.8818],[169.8775,59.8746],[169.6136,60.0122],[169.5316,60.1299],[169.4557,60.2963],[169.1541,60.4346],[168.6708,60.4546],[168.2109,60.4329],[167.6896,60.3554],[167.104,60.271],[166.8684,60.1734],[166.2685,59.8333],[166.0272,59.7087],[165.945,59.7706],[166.2034,60.3526],[165.9563,60.3105],[165.78,60.3541],[165.4154,60.1152],[165.1136,60.0314],[164.933,59.9619],[164.8816,59.7341],[164.5846,59.6647],[164.4419,59.7402],[164.3281,59.9607],[164.1105,60.0782],[163.6497,59.792],[163.7668,59.8838],[163.5163,59.8557],[163.3887,59.8141],[163.1064,59.5792],[163.0429,59.462],[163.0998,59.3589],[163.2545,59.2904],[162.8352,59.0559],[162.7534,58.9665],[162.9074,58.8913],[162.6159,58.733],[162.22,58.4855],[161.9384,58.2592],[161.8044,58.1017],[161.7999,57.8627],[161.9892,57.7199],[162.2037,57.6794],[162.8257,57.701],[163.0784,57.6265],[163.1278,57.5516],[162.932,57.3742],[162.5933,57.1695],[162.5124,57.0335],[162.6128,56.8029],[162.7443,56.5997],[163.098,56.5597],[163.1723,56.3838],[163.166,56.1065],[163.0091,55.9441],[162.7713,55.9166],[162.5546,56.0107],[162.5472,56.1053],[162.7219,56.3423],[162.5218,56.3487],[162.3176,56.2401],[161.8613,55.8609],[161.6094,55.5569],[161.5027,55.2874],[161.6474,54.9851],[161.9385,54.8451],[162.0082,54.7382],[161.8759,54.5641],[161.5666,54.4232],[161.1364,54.4091],[160.8376,54.4486],[160.6829,54.4483],[160.4043,54.3676],[160.0274,54.1533],[159.9311,54.0864],[159.6951,53.8592],[159.6332,53.7058],[159.6835,53.5794],[159.9048,53.4002],[159.9221,53.3005],[159.8969,53.2406],[159.5918,53.1336],[159.3198,53.1265],[158.7881,52.9594],[158.4614,52.826],[158.4317,52.7131],[158.4624,52.5871],[158.3895,52.2027],[158.258,52.0171],[157.8978,51.666],[157.2095,51.229],[156.8246,51.0041],[156.6964,50.9577],[156.5637,51.2344],[156.4747,51.6038],[156.3619,51.9142],[156.3332,52.2716],[156.1752,52.6093],[156.0381,52.7815],[155.9418,53.1931],[155.7108,53.8049],[155.7075,54.065],[155.6381,54.3184],[155.6302,54.4654],[155.5831,54.5521],[155.4652,54.9198],[155.4535,55.2758],[155.5057,55.6396],[155.6276,56.2679],[155.703,56.3696],[156.2358,56.7568],[156.5579,56.9475],[156.8147,57.2606],[156.8777,57.3627],[156.8395,57.5057],[156.7769,57.5805],[157.5112,57.7455],[157.9617,57.8828],[158.3263,58.0268],[159.1043,58.4249],[159.3927,58.6104],[159.5863,58.8027],[159.6491,58.9537],[160.4519,59.3539],[160.8442,59.5542],[161.5352,59.9417],[161.7008,60.0735],[161.8179,60.268],[162.3811,60.4636],[163.3293,60.6949],[163.4448,60.8903],[163.7927,61.1282],[163.8314,61.2331],[163.5757,61.3305],[163.9423,61.7374],[163.9259,61.955],[164.0083,62.1309],[164.2772,62.2229],[165.0548,62.2595],[165.2857,62.2881],[165.0672,62.4357],[164.1377,62.5327],[163.8184,62.4897],[163.3403,62.4113],[162.9902,62.3261],[163.0092,62.1783],[162.7106,61.7632],[162.7669,61.6721],[162.7488,61.609],[162.4506,61.5594],[162.2352,61.5099],[161.5358,61.1868],[160.645,60.7178],[160.1188,60.5636],[160.0071,60.5913],[160.077,60.7376],[160.2356,60.947],[159.8155,60.9811],[159.7435,61.0996],[159.8569,61.3025],[160.0562,61.5129],[160.1493,61.6602],[160.1183,61.7513],[159.9658,61.765],[159.4546,61.5608],[159.2311,61.5463],[159.1064,61.7073],[158.8413,61.784],[158.1184,61.7195],[157.5283,61.6693],[157.098,61.6334],[156.8252,61.5628],[156.4232,61.401],[156.3812,61.2051],[156.4184,61.1213],[155.8508,60.883],[155.6667,60.778],[155.7339,60.5554],[155.1518,60.3944],[154.6933,60.199],[154.3157,59.9833],[154.0922,59.7759],[153.943,59.5688],[153.9445,59.3967],[154.1818,59.3008],[154.7528,59.2812],[154.878,59.1577],[154.9059,59.1028],[154.3871,59.04],[153.9244,58.9223],[153.4541,58.9489],[153.1399,59.0101],[152.9682,58.9961],[152.8283,58.9477],[152.5042,58.7687],[152.1912,58.9259],[151.6907,58.7535],[151.3545,58.6911],[151.1354,58.7318],[151.0075,58.7933],[151.0562,58.9238],[151.3927,58.9794],[151.7833,59.035],[151.8573,59.0558],[151.5236,59.3439],[151.1402,59.4396],[150.6634,59.4318],[150.2787,59.3622],[150.1201,59.3895],[149.7296,59.5953],[149.3803,59.6085],[149.0453,59.5872],[148.7284,59.4763],[148.7472,59.2974],[148.6303,59.194],[148.4161,59.0974],[148.1028,59.2068],[147.9192,59.2615],[147.3522,59.2329],[146.9996,59.191],[146.7064,59.2248],[146.3074,59.286],[146.054,59.2511],[146.0235,59.196],[145.957,58.9829],[145.6526,58.9754],[145.5128,59.0369],[145.4957,59.2088],[145.4041,59.3255],[144.8457,59.2832],[144.3898,59.3099],[143.8241,59.295],[143.3029,59.2665],[142.9268,59.2796],[142.8459,59.2725],[142.3578,59.141],[141.9238,58.9409],[141.5908,58.7275],[141.3496,58.5009],[140.9943,58.3906],[140.5874,58.2393],[140.4998,58.1708],[140.0287,57.6441],[139.2938,57.3362],[138.8668,57.1245],[138.3459,56.8042],[137.6019,56.2403],[137.2291,55.9827],[136.5213,55.5899],[136.1194,55.4206],[135.2695,55.0287],[134.9852,54.8539],[134.8937,54.7199],[134.902,54.5594],[135.0945,54.4328],[135.3126,54.4132],[135.7258,54.4073],[136.1964,54.475],[136.4916,54.4555],[136.3435,53.8878],[136.3507,53.7012],[136.4871,53.6548],[136.7702,53.6954],[137.0407,53.8625],[137.3829,53.8098],[137.3258,53.7431],[137.1217,53.5894],[137.0713,53.4895],[137.2392,53.4565],[137.9794,53.4646],[138.234,53.5716],[138.4095,53.8051],[138.4168,54.0919],[138.7604,54.0859],[139.0517,54.0865],[139.378,54.0804],[139.8059,53.9611],[140.1025,53.8017],[140.3213,53.5356],[140.7023,53.2769],[140.8937,53.1974],[141.1212,53.0516],[141.0897,52.9851],[140.8282,52.8252],[141.032,52.7261],[141.0905,52.5869],[140.9395,52.2618],[141.1606,52.2092],[141.2571,52.1035],[141.1263,51.8716],[140.9699,51.6928],[140.7303,51.4413],[140.4045,50.8274],[140.3235,50.5178],[140.3488,50.4192],[140.457,50.104],[140.3722,49.6913],[140.3282,49.3579],[140.1466,48.7244],[140.081,48.5026],[139.2137,47.8106],[139.0467,47.6152],[138.9493,47.3224],[138.685,47.1335],[138.3516,46.8732],[138.2429,46.7107],[137.9846,46.2693],[137.7205,45.9967],[137.2969,45.6463],[136.4941,44.966],[136.2851,44.753],[136.1792,44.5468],[136.034,44.3984],[135.6928,44.224],[135.4148,44.0368],[135.1561,43.7212],[134.9624,43.515],[134.5686,43.2122],[134.1389,42.993],[133.312,42.7794],[132.9528,42.6695],[132.8274,42.8619],[132.5944,42.9],[132.4847,42.8805],[132.3331,42.9637],[132.1818,43.1946],[131.8831,43.072],[131.6746,43.0266],[131.8652,43.2904],[131.5842,43.2127],[131.3568,42.9939],[131.0646,42.7492],[130.4676,42.2988],[130.4351,42.2768],[130.3599,42.4535],[130.2259,42.6513],[130.2763,42.6772],[130.8397,42.8853],[131.0695,43.0788],[131.1396,43.2266],[131.0892,43.3609],[131.1327,43.4189],[131.144,43.5921],[131.1467,43.868],[131.1184,44.163],[130.9692,44.5668],[130.9905,44.8174],[131.7395,45.2593],[131.9178,45.2409],[132.2262,45.133],[132.5314,45.0315],[132.7776,44.9877],[132.989,45.1436],[133.2367,45.4544],[133.3848,45.6488],[133.6667,46.1347],[133.909,46.6144],[134.0344,47.0164],[134.1653,47.3346],[134.4624,47.5112],[134.7174,47.6942],[134.7097,47.9213],[134.6575,48.0963],[134.6284,48.2131],[134.5178,48.2644],[134.1117,48.2493],[133.5803,48.1555],[132.9694,48.0159],[132.5405,47.8772],[132.2687,47.7784],[131.5228,47.755],[131.2305,47.7469],[130.9245,47.7323],[130.8074,47.9329],[130.6094,48.51],[130.4758,48.8996],[130.3836,48.9642],[129.1866,49.3421],[128.5012,49.4557],[127.94,49.6092],[127.712,49.6993],[127.5159,49.8744],[127.099,50.7306],[126.6756,51.4451],[126.1864,52.5181],[125.8527,52.9465],[125.5092,53.1568],[125.2666,53.1688],[124.6432,53.1125],[124.336,53.197],[123.8694,53.4134],[123.3526,53.5103],[122.9398,53.4882],[122.3987,53.4389],[122.0224,53.3838],[121.1878,53.3197],[120.9171,53.2586],[120.7022,53.1845],[120.1653,52.8305],[119.9965,52.7038],[119.9427,52.591],[120.3129,52.6261],[120.5636,52.6142],[120.7731,52.4763],[120.8211,52.3642],[120.746,52.0071],[120.129,51.7334],[119.8598,51.4881],[119.5595,51.1376],[119.3722,50.8933],[119.1823,50.7017],[119.1366,50.5899],[119.1639,50.5244],[119.3217,50.3677],[119.3465,50.2301],[119.2912,50.125],[118.9403,49.9725],[117.842,49.6338],[117.645,49.5936],[117.4905,49.5863],[116.9841,49.8446],[116.7805,49.9218],[116.7598,49.9299],[116.566,50.0056],[116.2862,49.9976],[115.7337,49.864],[115.3466,49.9403],[115.1937,49.9983],[114.8555,50.2259],[114.5226,50.2963],[114.2483,50.2751],[114.0983,50.2743],[113.5744,50.0552],[113.2347,49.8312],[113.0331,49.6539],[112.7612,49.535],[112.5245,49.462],[112.0081,49.4006],[111.6178,49.3529],[111.3783,49.319],[110.9203,49.2905],[110.1999,49.241],[109.8669,49.2588],[109.424,49.2955],[109.0169,49.4042],[108.4235,49.5185],[108.0583,49.6862],[107.5491,49.8271],[107.2684,49.9758],[106.6685,50.3135],[106.3229,50.4167],[105.6824,50.4264],[105.1551,50.4433],[104.7969,50.4086],[103.6808,50.1664],[103.3779,50.2173],[102.639,50.4562],[102.4496,50.6062],[102.2657,50.809],[102.1842,51.0256],[102.1822,51.2692],[102.1174,51.3611],[101.7724,51.4252],[101.327,51.5678],[101.0112,51.6717],[100.2246,51.8193],[99.7582,51.9027],[99.2954,51.9465],[98.9176,52.037],[98.3469,51.6048],[97.9396,51.2269],[97.8954,51.095],[98.0795,50.7079],[98.2577,50.5708],[98.3099,50.4791],[98.2363,50.2424],[97.9016,49.9849],[97.7623,49.9122],[97.4228,49.7863],[97.1696,49.7784],[96.91,49.862],[96.77,49.9135],[96.3761,49.9441],[95.994,49.942],[95.6706,49.9795],[95.0143,49.976],[94.7,50.0268],[94.5229,50.2095],[94.2105,50.5493],[93.8365,50.5867],[93.008,50.6415],[92.5886,50.7115],[92.1597,50.7553],[91.7817,50.6744],[91.1017,50.4605],[90,50.3067],[90,50.1276],[89.7963,49.8164],[89.7888,49.8111],[89.4621,49.6395],[89.1909,49.5728],[88.5667,49.5368],[88.2973,49.444],[87.9377,49.2528],[87.8684,49.2329],[87.7584,49.1997],[87.5023,49.1983],[87.3999,49.192],[87.3708,49.2575],[87.1061,49.2575],[86.9737,49.4725],[86.7752,49.6215],[86.8083,49.7704],[86.527,49.6876],[86.3119,49.5222],[85.8652,49.5553],[85.4681,49.5884],[85.1703,49.9027],[84.9055,50.1509],[84.4754,50.2171],[84.3265,50.4984],[83.979,50.7631],[83.6646,50.9616],[83.2179,50.9451],[82.8705,50.8458],[82.4237,50.7465],[81.977,50.7465],[81.7123,50.7465],[81.6296,50.8293],[81.5137,50.9451],[81.2987,50.9451],[81.2987,51.1105],[81.1332,51.2594],[80.7196,51.2594],[80.5541,51.0278],[80.4052,50.912],[80.1736,50.7962],[79.6772,51.4414],[79.2967,51.8385],[78.5356,52.7982],[78.0558,53.2614],[77.4767,53.6089],[77.1127,53.7412],[76.6163,54.006],[76.6659,54.1714],[76.8976,54.2211],[76.8976,54.4196],[76.5336,54.3865],[76.302,54.2872],[75.9545,54.188],[75.5243,53.9563],[75.028,53.8405],[74.6805,53.642],[74.5481,53.5096],[74.3,53.5923],[74.1014,53.6089],[73.754,53.5758],[73.5554,53.5262],[73.4065,53.6089],[73.5554,53.8074],[73.754,53.8902],[73.8201,54.0225],[73.6547,54.0225],[73.4561,53.9232],[73.2411,53.9729],[73.0591,54.1052],[72.844,54.1218],[72.7612,54.0556],[72.6951,53.9894],[72.5296,54.0887],[72.3973,54.2542],[72.2649,54.3038],[72.116,54.2045],[71.9505,54.2376],[71.7851,54.1714],[71.5865,54.2211],[71.4542,54.1549],[71.2391,54.188],[71.1563,54.3038],[71.3053,54.3203],[71.2722,54.4692],[71.3383,54.5851],[71.388,54.734],[71.1563,54.8332],[71.0902,54.9325],[71.1067,55.0814],[70.9413,55.2634],[70.5442,55.2469],[70.2629,55.1972],[69.9154,55.3131],[69.6838,55.3627],[69.2702,55.4289],[68.9393,55.4123],[68.8896,55.3131],[68.6249,55.2303],[68.3933,55.2138],[68.3933,55.0814],[68.2278,54.916],[67.9465,54.8829],[67.1027,54.8498],[66.1927,54.6678],[65.6633,54.6512],[65.382,54.5023],[65.2827,54.3534],[65.1338,54.3865],[64.8691,54.3534],[64.1742,54.3038],[63.8433,54.2542],[63.38,54.2376],[62.7513,54.0556],[62.5858,53.9729],[62.2384,53.9729],[62.0068,53.9729],[61.5269,54.0391],[61.378,54.006],[61.2953,53.7743],[61.3284,53.5758],[61.4608,53.4765],[61.3284,53.4434],[61.3284,53.2945],[61.8082,53.2449],[62.2384,53.1125],[62.1888,52.9967],[61.9571,52.9636],[61.4608,53.0298],[61.1464,52.9471],[60.8486,52.7154],[60.9148,52.5996],[61.1133,52.3845],[60.9644,52.2522],[60.6997,52.186],[60.3688,52.0205],[60.1587,51.9903],[60.2323,51.8669],[60.3403,51.8669],[60.5099,51.8052],[60.4791,51.7281],[60.6487,51.6664],[60.9418,51.6356],[61.0652,51.4968],[61.5895,51.4197],[61.6975,51.3117],[61.6358,51.0033],[61.5741,50.8645],[60.8647,50.6794],[60.4328,50.6948],[60.2786,50.849],[60.1706,50.849],[60.0935,50.7102],[59.8005,50.556],[59.6154,50.6331],[59.2761,50.6948],[58.8597,50.8336],[58.7364,51.0804],[58.3971,51.1266],[57.919,51.0804],[57.8573,50.8953],[57.5797,50.8645],[57.2867,51.0495],[56.9936,51.065],[56.6235,51.0958],[56.3921,50.9262],[56.2225,50.7719],[56.0991,50.6485],[55.7907,50.5714],[55.6056,50.6794],[55.2972,50.7411],[55.035,50.9878],[54.7111,51.0187],[54.7265,50.9107],[54.8191,50.6948],[54.7111,50.5714],[54.5877,50.6331],[54.5569,50.8953],[54.3718,51.0187],[54.0171,51.1729],[53.7549,51.2654],[53.7549,51.4197],[53.3231,51.4968],[53.0455,51.4659],[52.6908,51.4814],[52.5057,51.7127],[52.3206,51.7435],[52.043,51.6356],[51.9196,51.5739],[51.6266,51.5122],[51.4878,51.6356],[51.2719,51.6356],[50.9789,51.6664],[50.7475,51.5276],[50.5008,51.3734],[50.1461,51.2038],[49.8993,51.1729],[49.668,51.0958],[49.5292,50.957],[49.452,50.849],[49.0511,50.664],[48.8351,50.5714],[48.866,50.3709],[48.9431,50.1859],[48.9123,49.9854],[48.7272,49.8774],[48.4342,49.8774],[48.2028,50.0625],[47.9869,50.3093],[47.7556,50.4172],[47.5705,50.3864],[47.5242,50.2476],[47.37,50.0008],[46.9999,49.9391],[46.9073,49.3531],[47.0616,49.2759],[47.1695,49.1526],[47.0616,49.06],[46.8611,48.9367],[46.568,48.4123],[47.1849,48.2581],[47.2466,48.0884],[47.2158,47.9496],[47.4471,47.7183],[47.4934,47.8725],[47.7556,47.78],[47.9098,47.7954],[48.1411,47.78],[48.3725,47.5795],[48.5884,47.4869],[48.7426,47.2556],[49.1744,46.7467],[49.1128,46.7004],[48.9123,46.7467],[48.7735,46.7929],[48.6192,46.7467],[48.6501,46.6079],[49.0356,46.4382],[49.3132,46.3527],[49.2378,46.2628],[49.0579,46.1369],[48.8871,46.0829],[48.8331,46.0829],[48.8331,46.02],[48.8331,45.9211],[48.7702,45.8851],[48.6353,45.975],[48.4825,45.8851],[48.3026,45.7682],[48.0149,45.7143],[47.871,45.6783],[47.7541,45.7143],[47.6732,45.7502],[47.6282,45.7322],[47.6013,45.6603],[47.6552,45.5434],[47.5563,45.4535],[47.4754,45.3186],[47.3945,45.1748],[47.2506,44.9859],[47.1697,44.86],[47.0258,44.7881],[46.8729,44.6802],[46.81,44.5363],[46.8459,44.4464],[46.9988,44.3565],[47.1427,44.3385],[47.2236,44.2036],[47.3315,44.1856],[47.4394,44.0328],[47.5653,43.844],[47.5383,43.6731],[47.4934,43.5832],[47.5203,43.5113],[47.5653,43.6012],[47.6103,43.754],[47.6642,43.8529],[47.7361,43.8619],[47.6732,43.6641],[47.5743,43.5023],[47.6013,43.3224],[47.6552,43.2775],[47.5833,43.1875],[47.5653,43.0077],[47.7361,42.8998],[47.7901,42.8548],[47.844,42.6211],[47.9699,42.5941],[48.1318,42.4053],[48.2217,42.2794],[48.4195,42.0905],[48.5004,41.9287],[48.6623,41.9017],[48.6832,41.8359],[48.5521,41.6338],[48.3287,41.5061],[48.2011,41.4636],[48.0628,41.3147],[47.9883,41.2189],[47.8181,41.1977],[47.616,41.2615],[47.3501,41.304],[47.3501,41.4423],[47.2224,41.57],[47.1693,41.57],[47.1267,41.6232],[46.914,41.7508],[46.8501,41.8359],[46.765,41.8359],[46.6693,41.8146],[46.6587,41.8891],[46.5558,41.8785],[46.4991,41.9636],[46.3927,41.9955],[46.2864,41.9848],[46.1587,42.0061],[46.0417,42.0487],[45.9141,42.1231],[45.7545,42.2508],[45.8077,42.389],[45.8609,42.4741],[45.8077,42.538],[45.6481,42.5486],[45.4779,42.5486],[45.3822,42.6231],[45.2971,42.6763],[45.2014,42.6763],[45.1375,42.7188],[45.0312,42.772],[44.978,42.772],[44.9354,42.7401],[44.8716,42.6656],[44.7865,42.7294],[44.6695,42.7614],[44.5099,42.7614],[44.4142,42.7294],[44.3716,42.6869],[44.2972,42.6124],[44.1695,42.6124],[44.0525,42.5592],[43.9568,42.5912],[43.8398,42.6443],[43.861,42.6975],[43.9249,42.7507],[43.7866,42.8039],[43.6802,42.8571],[43.5207,42.889],[43.2866,42.9422],[43.159,43.0379],[43.1164,43.1017],[42.9569,43.1762],[42.8292,43.1549],[42.7441,43.1549],[42.5633,43.2294],[42.3186,43.2294],[42.1272,43.1868],[41.9889,43.1868],[41.8293,43.2081],[41.691,43.24],[41.574,43.2826],[41.4783,43.357],[41.3826,43.357],[41.2336,43.357],[41.1485,43.3783],[41.0634,43.4209],[40.9358,43.4847],[40.8081,43.5272],[40.606,43.5379],[40.4252,43.5485],[40.3933,43.5698],[40.2656,43.5911],[40.1486,43.5166],[40.0981,43.3776],[39.4587,43.8329],[38.9237,44.2119],[38.5561,44.3851],[38.277,44.4232],[38.1092,44.4938],[37.8804,44.7189],[37.7741,44.7445],[37.6217,44.6733],[37.4739,44.6924],[37.3179,44.9242],[36.9599,45.2274],[37.2277,45.312],[37.461,45.3125],[37.6613,45.3452],[37.7061,45.5784],[37.8679,45.7925],[37.9899,46.0067],[38.2272,46.0201],[38.459,46.0789],[38.2649,46.3186],[37.9702,46.4413],[37.7571,46.6032],[37.8666,46.6554],[38.0319,46.6687],[38.4011,46.7214],[38.7227,46.8779],[39.2824,47.074],[39.1941,47.243],[39.1599,47.2689],[38.8002,47.2292],[38.2097,47.1505],[38.2149,47.2072],[38.2249,47.2574],[38.2249,47.358],[38.2651,47.5892],[38.3657,47.6294],[38.5265,47.6394],[38.6974,47.6997],[38.7979,47.7802],[38.808,47.8606],[38.9286,47.8606],[39.2603,47.8807],[39.6222,47.8103],[39.773,47.8706],[39.773,47.941],[39.8434,48.0717],[39.9137,48.2928],[39.8836,48.323],[39.8434,48.4135],[39.8232,48.4939],[39.8031,48.5542],[39.7227,48.5843],[39.6524,48.6145],[39.6725,48.715],[39.6926,48.7954],[39.8031,48.7954],[39.9439,48.7954],[40.0042,48.8658],[39.8735,48.8859],[39.7529,48.9261],[39.6524,49.0367],[39.7931,49.0568],[39.9539,49.1473],[40.0243,49.1774],[40.1148,49.2176],[40.1349,49.3182],[40.0947,49.3986],[40.0444,49.4388],[40.0545,49.5192],[40.0947,49.5695],[40.0243,49.6097],[39.9338,49.5695],[39.8735,49.5494],[39.7529,49.5494],[39.592,49.6197],[39.5418,49.7203],[39.3307,49.7303],[39.2,49.7705],[39.1095,49.8509],[38.9487,49.8208],[38.8281,49.871],[38.617,49.9213],[38.426,49.9515],[38.2953,50.0721],[38.1948,50.0419],[38.1747,49.9716],[38.044,49.9112],[37.9435,49.9615],[37.8631,50.0419],[37.6821,50.062],[37.6721,50.1223],[37.5816,50.2028],[37.5816,50.2631],[37.461,50.3435],[37.4107,50.4139],[37.2499,50.3837],[37.0086,50.3234],[36.888,50.3234],[36.7472,50.2731],[36.5563,50.2229],[36.4758,50.2932],[36.3954,50.3033],[36.3049,50.2731],[36.0939,50.4038],[35.9732,50.434],[35.7621,50.4038],[35.6415,50.3234],[35.5108,50.4541],[35.4304,50.4943],[35.3902,50.5948],[35.4304,50.6752],[35.3902,50.7858],[35.2897,50.9064],[35.2897,51.0673],[35.1087,51.0673],[35.1087,51.208],[34.9378,51.218],[34.7066,51.1879],[34.6363,51.2381],[34.3448,51.2381],[34.2241,51.3688],[34.1739,51.5297],[34.1136,51.6603],[34.2543,51.7207],[34.395,51.7106],[34.395,51.8312],[34.2543,51.9016],[34.1437,51.972],[34.0834,52.0624],[33.9728,52.2132],[33.8321,52.2735],[33.7416,52.3942],[33.5104,52.3338],[33.1988,52.3841],[32.8972,52.2836],[32.656,52.2735],[32.4147,52.3841],[32.3544,52.2635],[32.274,52.1328],[32.1332,52.0624],[31.9221,52.0725],[31.7613,52.1127],[31.7602,52.1764],[31.6863,52.206],[31.6493,52.2578],[31.5753,52.2948],[31.5901,52.3391],[31.5753,52.4427]],[[34.6109,61.6406],[34.4142,61.7712],[34.3797,61.8251],[34.5075,61.8025],[34.5635,61.8095],[34.5477,61.8462],[34.5591,61.8626],[34.5978,61.8588],[34.5939,61.8637],[34.5474,61.8774],[34.5179,61.8887],[34.5054,61.8978],[34.532,61.9007],[34.5977,61.8974],[34.5443,61.9461],[34.3719,62.047],[34.2735,62.1238],[34.2491,62.1766],[34.2563,62.1909],[34.2951,62.1667],[34.3907,62.1338],[34.5431,62.0922],[34.6397,62.0598],[34.6807,62.0367],[34.7107,62.0241],[34.7297,62.022],[34.6903,62.0753],[34.5924,62.184],[34.5898,62.2197],[34.6824,62.1822],[34.7195,62.1821],[34.7009,62.2193],[34.6236,62.2976],[34.4875,62.4169],[34.5173,62.4141],[34.7128,62.2892],[34.7181,62.3219],[34.5332,62.512],[34.507,62.5659],[34.6395,62.4836],[34.7369,62.4103],[34.7991,62.3459],[34.8266,62.3037],[34.8192,62.2839],[34.8163,62.2721],[34.818,62.2685],[34.8225,62.2651],[34.8298,62.2618],[34.8361,62.269],[34.8414,62.2865],[34.8338,62.3101],[34.8133,62.3398],[34.8069,62.3534],[34.8148,62.351],[34.8352,62.3176],[34.868,62.2532],[34.8695,62.2306],[34.8398,62.2499],[34.8474,62.2293],[34.8925,62.1688],[34.9773,62.1034],[35.102,62.033],[35.1775,62.0106],[35.204,62.0361],[35.1679,62.099],[35.0692,62.1995],[35.1083,62.2182],[35.2853,62.1553],[35.4317,62.1513],[35.5478,62.2063],[35.5474,62.3146],[35.4305,62.4763],[35.3627,62.5425],[35.3439,62.5132],[35.2384,62.5354],[35.0463,62.6091],[34.9609,62.633],[34.982,62.6072],[34.9502,62.5985],[34.8652,62.6067],[34.8622,62.5778],[34.9412,62.5117],[35.0049,62.4443],[35.0534,62.3754],[34.919,62.4797],[34.6015,62.7573],[34.6862,62.8363],[35.1729,62.7167],[35.418,62.6449],[35.4216,62.6208],[35.4569,62.5896],[35.5241,62.5513],[35.5381,62.5512],[35.499,62.5892],[35.5006,62.6126],[35.5429,62.6213],[35.5586,62.6089],[35.5479,62.5753],[35.593,62.5541],[35.694,62.5452],[35.776,62.5086],[35.8392,62.4442],[35.8216,62.3193],[35.7233,62.1338],[35.7328,62.0121],[35.8501,61.9543],[35.8896,61.9062],[35.8514,61.8676],[35.8754,61.8323],[35.9615,61.8001],[36.0087,61.7561],[36.0171,61.7005],[36.0778,61.6256],[36.1908,61.5314],[36.2978,61.4688],[36.3986,61.4377],[36.4513,61.4021],[36.4556,61.362],[36.4288,61.3245],[36.3707,61.2897],[36.366,61.2537],[36.4147,61.2165],[36.3543,61.1692],[36.1848,61.1116],[36.0778,61.0528],[36.0332,60.9929],[35.8979,60.9494],[35.6717,60.9223],[35.5382,60.9316],[35.4976,60.9774],[35.5008,60.9995],[35.5478,60.998],[35.6024,61.0311],[35.6647,61.0989],[35.6437,61.1916],[35.5395,61.3092],[35.2928,61.4198],[34.9038,61.5235],[34.6109,61.6406]],[[30.0793,61.2645],[30.1274,61.2841],[30.2231,61.2978],[30.2384,61.3188],[30.1734,61.3471],[30.168,61.3763],[30.2221,61.4064],[30.2395,61.4477],[30.2203,61.5001],[30.275,61.5142],[30.4035,61.4901],[30.4531,61.4937],[30.4236,61.5251],[30.4665,61.5425],[30.5817,61.5459],[30.6138,61.5577],[30.5627,61.5777],[30.5829,61.5944],[30.6745,61.6077],[30.7041,61.6268],[30.6718,61.6517],[30.6829,61.6944],[30.7372,61.7549],[30.8475,61.7609],[31.0138,61.7124],[31.0999,61.6653],[31.106,61.6197],[31.1268,61.5976],[31.1625,61.5989],[31.1728,61.6117],[31.1577,61.636],[31.1548,61.653],[31.1639,61.6627],[31.199,61.6469],[31.26,61.6057],[31.32,61.5973],[31.379,61.6215],[31.4487,61.602],[31.5289,61.5389],[31.5615,61.4974],[31.5462,61.4774],[31.5562,61.4528],[31.5915,61.4235],[31.6265,61.4041],[31.6611,61.3947],[31.6594,61.4156],[31.6213,61.467],[31.6787,61.4436],[31.8316,61.3455],[32.061,61.2531],[32.3671,61.1665],[32.5365,61.0892],[32.5693,61.0212],[32.6417,60.9503],[32.7535,60.8767],[32.8122,60.8074],[32.8178,60.7425],[32.8559,60.6904],[32.9264,60.6511],[32.9489,60.6128],[32.9235,60.5757],[32.9043,60.5527],[32.8916,60.5438],[32.8736,60.5343],[32.8504,60.5241],[32.775,60.5171],[32.6475,60.5132],[32.6109,60.4822],[32.665,60.424],[32.6655,60.3842],[32.6124,60.363],[32.5975,60.3256],[32.6209,60.2723],[32.6143,60.2285],[32.5777,60.1944],[32.4796,60.1631],[32.32,60.1346],[32.2154,60.1425],[32.1658,60.1868],[32.0353,60.2178],[31.8239,60.2356],[31.6569,60.2032],[31.5345,60.1207],[31.4954,60.0567],[31.5395,60.0112],[31.5529,59.9724],[31.5356,59.94],[31.4176,59.9242],[31.199,59.9248],[31.0745,59.9329],[31.0441,59.9486],[31.05,59.9755],[31.092,60.0139],[31.0974,60.0689],[31.066,60.1406],[31.0276,60.1819],[30.9822,60.193],[30.8892,60.2936],[30.7484,60.4837],[30.6356,60.5894],[30.5508,60.6108],[30.5139,60.6691],[30.5251,60.7644],[30.4368,60.8787],[30.249,61.0121],[30.0631,61.1143],[29.8792,61.1852],[29.8188,61.2127],[29.882,61.1967],[29.898,61.1982],[29.8666,61.2172],[29.8685,61.229],[29.9036,61.2336],[29.8973,61.2406],[29.8495,61.25],[29.8265,61.2551],[29.8282,61.2561],[29.8275,61.2578],[29.8242,61.2602],[29.8226,61.2618],[29.8228,61.2628],[29.8432,61.2602],[29.8837,61.254],[29.8973,61.2585],[29.8839,61.2736],[29.8827,61.2801],[29.8937,61.2779],[29.8967,61.2814],[29.8916,61.2907],[29.8997,61.2967],[29.921,61.2993],[29.9684,61.282],[30.0419,61.2447],[30.0788,61.2389],[30.0793,61.2645]]],[[[54.6636,73.472],[54.4787,73.5194],[54.0176,73.7336],[54.3492,73.8699],[54.8936,74.0629],[55.1879,74.1035],[55.8852,74.1048],[55.9456,74.2654],[55.6185,74.4175],[55.7759,74.5385],[55.9645,74.6034],[56.2688,74.612],[56.652,74.6934],[56.5392,74.7659],[56.3026,74.8706],[56.995,75.2731],[57.2261,75.3313],[57.3273,75.2985],[57.7287,75.291],[58.1701,75.5316],[58.5585,75.6816],[59.0176,75.7989],[59.4559,75.8664],[60.043,75.9175],[60.6167,75.8936],[60.949,75.961],[61.3026,76.2379],[61.4255,76.2297],[61.8187,76.2892],[62.5933,76.1648],[62.8053,76.182],[63.6733,76.3263],[64.1046,76.3439],[65.0873,76.4552],[65.9261,76.5074],[66.2733,76.7615],[66.4423,76.8296],[67.5723,76.8912],[68.4567,76.9268],[68.6683,76.8678],[68.8672,76.7664],[68.9368,76.6058],[68.5715,76.3944],[68.3283,76.3183],[67.7225,76.1745],[66.5482,75.9799],[64.6005,75.7595],[63.6165,75.6331],[62.6615,75.4986],[61.8326,75.3565],[60.887,75.2475],[60.4633,75.1561],[60.3337,75.0326],[60.6234,74.9353],[60.4335,74.8378],[60.0088,74.6754],[59.7716,74.6588],[58.8506,74.6894],[58.6564,74.6084],[58.6025,74.5035],[58.8819,74.3914],[58.7331,74.2866],[58.1905,74.0851],[58.0093,74.1489],[57.6712,74.1883],[57.4047,74.0516],[57.7994,73.9243],[57.8228,73.7806],[57.3304,73.4849],[56.9604,73.3571],[56.6951,73.4201],[56.265,73.5147],[55.7574,73.5774],[55.4249,73.5529],[54.9936,73.5362],[54.6636,73.472]]],[[[19.9381,54.6082],[19.8818,54.5254],[19.8332,54.5309],[19.8632,54.7517],[19.9426,54.8499],[20.1271,54.8456],[20.7972,54.818],[20.9852,54.8116],[21.1373,54.8455],[21.1919,54.9596],[21.1133,55.0892],[21.2239,55.1114],[21.1931,55.1664],[21.1623,55.2214],[21.3212,55.2647],[21.3751,55.2801],[21.3983,55.2108],[21.4368,55.1876],[21.5447,55.1876],[21.6449,55.1337],[21.7606,55.1028],[21.9918,55.072],[22.0304,55.0257],[22.1306,55.0489],[22.331,55.0489],[22.4466,55.0489],[22.5468,55.0566],[22.5854,54.9949],[22.6316,54.9487],[22.7164,54.9332],[22.7935,54.9024],[22.8012,54.8407],[22.8243,54.7868],[22.7241,54.7328],[22.6933,54.6634],[22.6625,54.5709],[22.6702,54.4939],[22.6856,54.4322],[22.699,54.4149],[21.3667,54.3695],[20.3563,54.4215],[19.9775,54.4239],[20.1886,54.522],[20.3267,54.564],[20.1942,54.575],[20.0057,54.5475],[19.9381,54.6082]]],[[[-180,68.9169],[-178.8912,68.6425],[-178.1292,68.3736],[-177.7094,68.292],[-175.9906,67.8467],[-175.514,67.6688],[-175.4222,67.602],[-175.389,67.5053],[-175.1889,67.3126],[-175.0062,66.9573],[-175.1005,66.765],[-174.6352,66.4048],[-174.1933,66.288],[-174.202,66.3688],[-174.0683,66.4353],[-174.0912,66.5236],[-174.3783,66.7],[-174.3711,66.9437],[-174.3366,67.077],[-173.8749,67.1593],[-173.4322,67.0343],[-173.1744,66.9904],[-172.8292,66.9614],[-172.378,67.0141],[-171.958,66.9557],[-171.5397,66.7644],[-171.2272,66.6027],[-170.4731,66.2949],[-170.3291,66.2585],[-170.0662,66.1782],[-169.8727,66.0832],[-169.8324,66.0246],[-169.9869,66.0096],[-170.4487,66.0527],[-170.6127,66.0378],[-170.9762,65.6784],[-171.6686,65.8892],[-171.6065,65.8089],[-171.4096,65.7069],[-171.2003,65.5612],[-171.73,65.6113],[-172.1836,65.5885],[-172.7243,65.7629],[-173.0431,65.8062],[-172.9826,65.7478],[-172.8527,65.6311],[-172.8147,65.6311],[-172.5623,65.5148],[-172.4702,65.3765],[-172.4112,65.1727],[-172.4366,65.02],[-172.8027,64.9976],[-173.1651,64.9679],[-173.2504,64.8955],[-173.0252,64.5065],[-173.077,64.384],[-173.5449,64.4191],[-173.7238,64.3828],[-174.2607,64.4609],[-174.3794,64.6192],[-175.1872,64.8485],[-175.3009,64.7257],[-175.8274,64.934],[-175.9517,65.0062],[-176.0709,65.1877],[-175.9927,65.2679],[-176.1372,65.457],[-176.5285,65.6096],[-176.7828,65.6383],[-177.1256,65.6231],[-177.5119,65.5201],[-178.1163,65.4825],[-178.6535,65.5399],[-178.6272,65.686],[-178.6969,65.8321],[-178.9751,66.0514],[-179.3786,65.996],[-179.5812,65.8118],[-180,65.2592],[-180,65.311],[-180,65.3816],[-180,65.9631],[-180,66.9631],[-180,67.9631],[-180,68.9169]]],[[[55.1807,73.2665],[55.8162,73.3073],[56.0641,73.2761],[56.5085,73.1739],[56.4801,73.0946],[56.2716,72.8572],[56.1359,72.786],[55.8221,72.7539],[55.6227,72.6511],[55.5176,72.478],[55.5204,72.1098],[55.7207,71.6424],[56.1515,71.271],[56.3788,71.1323],[56.7275,70.994],[57.2507,70.8178],[57.2378,70.691],[56.0586,70.731],[55.6788,70.7072],[55.2663,70.5605],[54.9983,70.5217],[54.6941,70.7438],[54.5225,70.7589],[54.0316,70.7195],[53.7286,70.7651],[53.7147,70.9267],[54.3207,71.0898],[54.3535,71.198],[54.3079,71.2057],[53.8831,71.3287],[53.2338,71.5135],[52.5505,71.5899],[52.4019,71.5197],[52.121,71.4649],[51.8149,71.4798],[51.5335,71.6579],[51.4821,71.8447],[51.5851,71.9852],[51.7605,72.0793],[51.9149,72.0952],[52.0583,72.0486],[52.3511,72.0413],[52.584,72.1277],[53.0885,72.4735],[53.1978,72.6309],[53.0529,72.6306],[52.6111,72.74],[53.0797,72.9065],[53.3098,73.0413],[53.5023,73.1366],[54.1441,73.1457],[54.7362,73.2577],[55.1807,73.2665]]]]}},{"type":"Feature","properties":{"NAME":"Norway","ABBREVN":"Norway","SUBJECTO":"Norway","BORDERPRECISION":3,"PARTOF":"Norway"},"geometry":{"type":"MultiPolygon","coordinates":[[[[21.9708,79.7829],[21.2526,79.789],[20.3442,79.7963],[19.5617,79.7678],[19.2181,79.7402],[18.3306,79.8824],[18.6958,80.0874],[19.0676,80.165],[19.3988,80.3686],[19.9154,80.6334],[20.5245,80.3224],[20.9737,80.275],[21.4759,80.3147],[21.8812,80.2768],[22.1977,80.1233],[22.5874,80.2686],[22.826,80.473],[23.2164,80.6108],[23.0768,80.2406],[23.1154,80.0963],[23.4983,80.0971],[23.9442,80.3198],[24.4214,80.4373],[24.7829,80.3797],[25.034,80.1675],[25.3513,80.1489],[26.2544,80.1989],[26.9486,80.1137],[27.1968,79.9444],[26.9686,79.8539],[26.067,79.5741],[25.3367,79.403],[24.8552,79.3753],[24.4163,79.3122],[23.8205,79.1475],[20.9983,79.1911],[20.9833,79.3609],[21.6549,79.4781],[21.9708,79.7829]]],[[[13.2522,79.8007],[13.283,79.4871],[13.3967,79.4337],[14.1589,79.3638],[14.2581,79.5336],[14.3166,79.7219],[14.5747,79.7853],[14.8101,79.8037],[15.2372,79.5892],[15.7741,79.2423],[16.1332,79.1364],[16.3888,79.2346],[16.2892,79.3679],[16.082,79.5282],[15.935,79.7429],[15.9166,79.8418],[16.3263,80.0251],[16.7766,79.9786],[16.9953,79.8978],[17.5706,79.8899],[17.8341,79.8095],[17.7982,79.6209],[17.7222,79.4866],[17.769,79.4153],[18.016,79.3623],[18.3505,79.5146],[18.5487,79.5597],[18.8465,79.3817],[19.1516,79.2309],[19.5049,79.1606],[19.9319,79.1082],[20.6842,78.9149],[20.9081,78.8094],[20.3212,78.685],[19.4291,78.5866],[19.1158,78.4545],[18.7868,77.9398],[18.3886,77.5416],[17.8294,77.4889],[17.4849,77.2481],[17.2799,76.983],[17.267,76.8129],[16.913,76.7189],[16.6629,76.7269],[15.9461,76.8868],[15.0989,77.1153],[14.4846,77.3709],[14.7779,77.5348],[15.4821,77.5533],[16.2868,77.6152],[16.7116,77.7886],[16.418,77.9006],[15.5981,77.8384],[14.8934,77.7852],[14.131,77.7664],[13.9051,77.9999],[14.3365,78.0268],[14.9534,78.1236],[15.9209,78.2649],[16.617,78.4673],[15.4803,78.6494],[15.0839,78.7807],[14.819,78.7185],[14.3528,78.4279],[13.8718,78.2959],[13.6184,78.2692],[13.0621,78.3468],[12.9101,78.4252],[12.4375,78.5909],[12.0746,78.6957],[11.7603,78.8802],[12.5248,79.0586],[12.157,79.3154],[11.5452,79.172],[11.3352,79.2071],[10.9194,79.5452],[11.2843,79.7071],[11.5165,79.7165],[12.0003,79.7714],[12.4577,79.7543],[12.7174,79.7817],[13.2522,79.8007]]],[[[11.1789,59.0703],[11.1121,59.1651],[10.8292,59.1058],[10.7689,59.1177],[10.6568,59.2244],[10.5493,59.3786],[10.6336,59.4499],[10.5697,59.5805],[10.4071,59.4973],[10.3786,59.3667],[10.4296,59.26],[10.3633,59.2125],[10.2111,59.0703],[10.1723,58.9874],[9.9376,58.94],[9.6976,58.9992],[9.3462,58.8453],[9.3716,58.7861],[9.1459,58.6561],[8.9217,58.5379],[8.1752,58.172],[8.1537,58.0895],[8.0302,58.066],[7.9084,58.066],[6.9586,57.9717],[6.8742,58.0778],[6.7257,58.1367],[6.6437,58.0424],[6.4791,58.0895],[6.6517,58.172],[6.2313,58.2782],[5.8738,58.4316],[5.6155,58.4552],[5.3997,58.7152],[5.531,58.8808],[5.4746,58.9755],[5.6275,58.9637],[5.6658,58.8216],[5.7937,58.9163],[6.0936,58.798],[5.9837,58.8867],[6.0412,58.9518],[6.2661,58.9933],[6.0505,58.9814],[5.9404,58.9341],[5.8223,59.017],[5.7719,59.0762],[6.0326,59.2007],[6.2375,59.2837],[6.0203,59.254],[5.8775,59.3134],[6.0763,59.4202],[6.1134,59.527],[5.8159,59.3134],[5.7995,59.432],[5.6805,59.5092],[5.6829,59.4142],[5.7171,59.3371],[5.5285,59.2659],[5.3438,59.2659],[5.3503,59.3905],[5.2826,59.2718],[5.1766,59.3074],[5.0866,59.5092],[5.3826,59.7113],[5.4186,59.5152],[5.4493,59.6578],[5.6462,59.5865],[5.7411,59.628],[5.6666,59.6756],[5.9699,59.7113],[6.1854,59.8243],[5.9105,59.7529],[5.694,59.7529],[5.5433,59.8243],[5.6317,59.8838],[5.8058,59.9493],[5.8941,60.1613],[5.5246,60.1675],[5.2791,60.1253],[5.0962,60.2641],[5.2618,60.3271],[5.5511,60.5089],[5.4558,60.5924],[5.2552,60.5641],[5.0755,60.5917],[4.9804,60.6892],[5.1085,60.9061],[5.387,61.0256],[5.1196,61.1371],[5.0183,61.3051],[5.141,61.3896],[5.1011,61.6986],[5.149,61.7409],[5.416,61.7695],[5.5924,61.7897],[5.7971,61.7699],[5.8339,61.8194],[5.7195,61.8795],[5.5282,61.9326],[5.4257,62.0093],[5.4697,62.0937],[5.5646,62.1503],[5.8236,62.179],[6.0535,62.3348],[6.3084,62.2858],[6.5325,62.3357],[6.613,62.5833],[6.9887,62.5416],[7.2893,62.4856],[7.5467,62.5993],[7.1016,62.7046],[6.9819,62.8461],[7.0882,62.9102],[7.6065,62.9041],[7.9892,62.9403],[8.2313,62.8414],[8.258,63.0543],[8.4723,63.1755],[8.6059,63.3251],[8.9572,63.404],[9.1542,63.319],[9.2161,63.2836],[9.4409,63.4975],[9.8321,63.6836],[9.8701,63.8764],[10.0662,64.0555],[10.7398,64.3862],[10.8906,64.4725],[10.9966,64.4942],[11.2135,64.4157],[11.3641,64.416],[11.5077,64.5167],[11.4065,64.617],[11.4699,64.6746],[11.6897,64.7757],[11.8956,64.9127],[12.1121,65.1299],[12.2222,65.1011],[12.5265,65.109],[12.4962,65.3845],[12.2841,65.4349],[12.4792,65.617],[12.7091,65.9089],[13.0874,65.8804],[13.1088,66.0337],[13.1519,66.1361],[13.581,66.1881],[13.4028,66.3488],[13.2554,66.3925],[13.1686,66.4583],[13.2421,66.5685],[13.3832,66.679],[13.592,66.6573],[13.9916,66.6875],[13.7472,66.9224],[13.8591,66.9594],[14.0547,66.9746],[14.3731,67.0931],[14.6393,67.1231],[14.7777,67.2165],[14.6165,67.2453],[14.5692,67.3293],[14.6991,67.3744],[14.9762,67.5229],[15.2267,67.5086],[15.3845,67.4644],[15.5799,67.5833],[15.7457,67.5973],[15.7618,67.6763],[15.5722,67.8207],[15.8542,67.9252],[15.9197,68.049],[16.0711,68.0447],[16.2327,67.9111],[16.4116,67.8742],[16.6485,68.0457],[16.5219,68.3409],[16.7191,68.3114],[17.0333,68.3376],[17.1264,68.4161],[16.8548,68.5578],[17.0397,68.6585],[17.4069,68.7715],[17.4489,68.887],[17.5659,68.9744],[17.8947,69.0351],[17.9281,69.0051],[18.0515,69.0279],[18.0974,69.058],[18.3191,69.3594],[18.5532,69.2469],[18.9848,69.3154],[19.1702,69.2555],[19.2892,69.2106],[19.58,69.1811],[19.8212,69.3697],[20.1577,69.7478],[20.2864,69.7859],[20.3583,69.7104],[20.2782,69.5818],[20.1965,69.3177],[20.5527,69.5219],[20.7339,69.7792],[21.1027,69.8177],[21.412,70.0154],[21.6086,69.9625],[21.9081,69.804],[22.1633,70.0931],[22.3064,70.2156],[22.7456,70.1706],[23.2036,69.9428],[23.2925,70.0113],[23.5084,70.2791],[23.8273,70.4788],[23.9549,70.5021],[24.2077,70.4719],[24.3596,70.6103],[24.5705,70.7414],[24.849,70.8266],[25.389,70.9046],[25.8321,70.8978],[25.2307,70.5582],[25.1224,70.4352],[25.0741,70.1444],[25.263,70.1065],[25.574,70.3671],[26.2627,70.7907],[26.6065,70.9146],[26.6191,70.7991],[26.6174,70.392],[26.9344,70.4693],[27.1311,70.5771],[27.516,70.9703],[27.9475,71.0174],[28.2112,71.0179],[28.3084,70.9486],[28.1364,70.8327],[27.9853,70.717],[28.0189,70.6095],[27.8754,70.4251],[28.2897,70.3722],[28.3889,70.5718],[28.7948,70.8648],[28.9843,70.8574],[29.7412,70.605],[30.0414,70.5441],[30.462,70.5373],[30.7542,70.4304],[30.7988,70.308],[30.2519,70.1311],[29.7349,70.1149],[28.7301,70.1359],[28.8171,70.0979],[29.08,69.9612],[29.5559,69.8334],[29.7286,69.6976],[30.0558,69.7209],[30.3613,69.7668],[30.7354,69.7524],[31.0538,69.6396],[30.8717,69.5101],[30.6408,69.4185],[30.2699,69.4091],[29.9236,69.3546],[29.4628,69.1342],[29.0074,68.8318],[28.6972,68.6955],[28.6964,68.7853],[28.7397,68.9504],[29.133,69.3656],[29.1133,69.486],[28.717,69.6424],[28.4149,69.6937],[27.9087,69.8877],[27.6585,69.8864],[27.4089,69.8549],[26.5073,69.8125],[26.1177,69.6442],[25.8625,69.4544],[25.7456,69.258],[25.7099,69.0324],[25.6254,68.8071],[25.0628,68.5947],[24.8007,68.429],[24.6617,68.4955],[24.0818,68.7168],[23.3362,68.6158],[22.7012,68.6349],[22.4598,68.6935],[22.0723,68.9613],[21.6251,69.237],[21.4058,69.2735],[21.246,69.2275],[20.7906,68.9323],[20.7394,68.961],[20.5549,68.9751],[20.1656,68.9581],[20.039,68.4783],[19.9651,68.2765],[19.8427,68.1641],[19.6972,68.1708],[19.3961,68.2288],[18.9587,68.2937],[18.1795,68.4688],[18.1041,68.3863],[18.0942,68.0881],[18.057,67.9987],[17.9136,67.8642],[17.6009,67.8626],[17.2087,67.9051],[17.083,67.9119],[16.8739,67.8366],[16.206,67.3073],[16.2283,67.2113],[16.3051,66.9832],[16.2205,66.8281],[15.9435,66.6724],[15.3474,66.2587],[15.0384,66.0598],[14.5967,66.0502],[14.542,65.9404],[14.5153,65.5034],[14.3714,65.2341],[14.1989,65.0232],[13.9404,64.7986],[13.7179,64.5533],[13.8702,64.4967],[14.0416,64.3757],[14.155,64.1113],[14.0784,64.0322],[13.8802,63.9526],[13.5505,63.9366],[13.131,63.9487],[12.8531,63.8973],[12.5771,63.7816],[12.2992,63.5662],[12.1242,63.3446],[12.0896,63.046],[11.9327,62.554],[12.2256,62.2257],[12.0746,61.6985],[12.3366,61.5231],[12.658,61.4395],[12.7917,61.3299],[12.5974,61.0286],[12.174,60.9564],[12.431,60.6258],[12.548,60.4339],[12.4359,60.2781],[12.4228,60.0388],[12.077,59.8659],[11.8906,59.86],[11.8379,59.6696],[11.6103,59.5686],[11.7089,59.1949],[11.5633,58.8631],[11.3786,58.8571],[11.3108,59.0111],[11.1789,59.0703]]]]}},{"type":"Feature","properties":{"NAME":"Finland","ABBREVN":"Finland","SUBJECTO":"Finland","BORDERPRECISION":3,"PARTOF":"Finland"},"geometry":{"type":"MultiPolygon","coordinates":[[[[28.6972,68.6955],[28.686,68.5683],[28.5701,68.3588],[28.6222,68.1207],[28.8757,68.0253],[29.2681,67.9382],[29.7018,67.7104],[29.9461,67.5339],[29.757,67.3703],[29.1709,67.0206],[29.0229,66.8874],[29.6543,66.26],[30.0017,65.7221],[29.9134,65.5617],[29.7153,65.3212],[29.6312,65.1398],[29.6182,64.9734],[29.7844,64.7443],[30.3635,64.1168],[30.4315,64.0029],[30.4058,63.8885],[30.1622,63.7018],[30.0149,63.6156],[30.2126,63.4671],[30.8236,63.2428],[31.14,63.1237],[31.3359,62.9474],[31.4083,62.792],[31.3609,62.6078],[31.1675,62.3666],[30.9018,62.1255],[30.2786,61.7845],[29.3861,61.2466],[28.51,60.7318],[28.4318,60.6035],[28.0114,60.5107],[27.4736,60.4261],[27.4062,60.3448],[27.1785,60.4424],[26.9456,60.3763],[26.9223,60.3161],[26.6131,60.3478],[26.5259,60.3965],[26.5516,60.5707],[26.4428,60.3333],[26.3227,60.2702],[26.0377,60.2493],[25.8901,60.2358],[25.8455,60.1155],[25.5805,60.2623],[25.4499,60.1384],[25.1458,60.1097],[24.993,60.0296],[24.9695,60.0868],[24.743,60.0382],[24.516,59.9895],[24.4211,59.8698],[24.2814,59.9381],[23.9789,59.8811],[23.9611,59.9325],[23.6647,59.8356],[23.4189,59.8298],[23.2014,59.8185],[22.9821,59.9325],[22.882,60.0556],[23.0052,60.2088],[22.6246,60.2011],[22.3921,60.1212],[22.4215,60.2932],[22.2207,60.2588],[21.931,60.3808],[21.7468,60.4083],[21.5602,60.5125],[21.4432,60.6936],[21.4273,61.0151],[21.4983,61.1833],[21.5208,61.3796],[21.561,61.4849],[21.4052,61.7024],[21.2112,61.8709],[21.3464,62.1671],[21.3376,62.3436],[21.2001,62.4352],[21.0337,62.4773],[21.0618,62.6117],[21.1948,62.7607],[21.4813,62.8888],[21.546,62.9741],[21.4947,63.123],[21.6665,63.1873],[21.9513,63.131],[22.075,63.1028],[22.2924,63.2027],[22.4288,63.395],[22.4758,63.6016],[22.569,63.723],[22.7042,63.5806],[22.8255,63.5809],[23.5803,64.0821],[24.094,64.3766],[24.4701,64.6355],[24.9319,64.816],[25.3251,64.8024],[25.3519,64.9391],[25.2934,65.0039],[25.1326,65.0759],[25.1861,65.2427],[25.2515,65.4169],[25.1036,65.5401],[24.5911,65.5828],[24.2148,65.7859],[23.9477,65.7967],[23.8967,65.902],[23.7495,66.0398],[23.6561,66.2804],[23.8812,66.6406],[23.8682,66.8169],[23.6857,67.1251],[23.4579,67.4119],[23.4597,67.6488],[23.4877,67.8343],[23.1412,68.0852],[22.9127,68.1882],[22.2007,68.2815],[21.7125,68.4132],[21.1333,68.7092],[20.8564,68.9176],[20.7906,68.9323],[21.246,69.2275],[21.4058,69.2735],[21.6251,69.237],[22.0723,68.9613],[22.4598,68.6935],[22.7012,68.6349],[23.3362,68.6158],[24.0818,68.7168],[24.6617,68.4955],[24.8007,68.429],[25.0628,68.5947],[25.6254,68.8071],[25.7099,69.0324],[25.7456,69.258],[25.8625,69.4544],[26.1177,69.6442],[26.5073,69.8125],[27.4089,69.8549],[27.6585,69.8864],[27.9087,69.8877],[28.4149,69.6937],[28.717,69.6424],[29.1133,69.486],[29.133,69.3656],[28.7397,68.9504],[28.6964,68.7853],[28.6972,68.6955]]]]}},{"type":"Feature","properties":{"NAME":"Sweden","ABBREVN":"Sweden","SUBJECTO":"Sweden","BORDERPRECISION":3,"PARTOF":"Sweden"},"geometry":{"type":"MultiPolygon","coordinates":[[[[23.9477,65.7967],[23.8441,65.7985],[23.4057,65.7248],[23.204,65.6808],[22.7982,65.8548],[22.6456,65.9348],[22.4898,65.8834],[22.2016,65.7153],[21.9575,65.4457],[21.8187,65.3801],[21.5223,65.3723],[21.2773,65.2123],[21.4237,65.1039],[21.4894,65.0172],[21.3294,64.8944],[20.9212,64.7138],[21.0643,64.592],[21.237,64.5205],[21.3858,64.3846],[21.0489,64.2192],[20.8665,64.0256],[20.7007,63.8181],[19.9849,63.5173],[19.6703,63.3885],[19.465,63.4807],[19.3182,63.4448],[19.0759,63.2025],[18.785,63.138],[18.4866,62.9812],[18.3889,62.8534],[18.3032,62.7894],[17.9674,62.7746],[17.8682,62.7886],[17.9363,62.548],[17.7181,62.3567],[17.2902,62.4407],[17.3874,62.2008],[17.4968,62.0881],[17.387,61.6584],[17.1626,61.6299],[17.0652,61.5384],[17.1502,61.1977],[17.1462,60.9528],[17.3176,60.7531],[17.1885,60.6743],[17.605,60.6375],[17.7065,60.5536],[17.9307,60.5903],[18.2244,60.323],[18.4169,60.1816],[18.8041,60.1084],[18.8931,59.9257],[19.0373,59.8632],[19.0436,59.7124],[18.8679,59.7124],[18.6393,59.5669],[18.2514,59.4319],[18.0301,59.3593],[17.7953,59.3645],[17.73,59.4164],[17.368,59.4683],[17.0706,59.5461],[16.7855,59.5773],[16.7241,59.5306],[16.5232,59.5825],[16.4076,59.4475],[16.7765,59.4787],[16.9998,59.3593],[17.2658,59.3385],[17.3581,59.2452],[17.5749,59.2141],[17.5844,59.2711],[17.8617,59.24],[17.9776,59.3282],[18.1114,59.323],[18.3282,59.3697],[18.4296,59.3333],[18.4414,59.4008],[18.5155,59.4008],[18.6113,59.3333],[18.5982,59.297],[18.2734,59.2867],[18.372,59.1571],[18.0157,59.0379],[17.9401,58.9085],[17.7665,58.8723],[17.7264,58.9137],[17.7452,58.9861],[17.7391,59.1104],[17.6232,59.1001],[17.5822,58.893],[17.3567,58.743],[17.2454,58.7171],[17.083,58.7481],[17.0807,58.6499],[16.4429,58.6344],[16.5132,58.4281],[16.744,58.312],[16.7735,58.0379],[16.7246,57.8893],[16.5978,57.8665],[16.4595,57.8952],[16.4765,57.7021],[16.6072,57.6658],[16.5505,57.5452],[16.6587,57.443],[16.4942,57.2789],[16.3945,57.0743],[16.3762,56.8224],[16.0314,56.3531],[15.7705,56.0332],[15.6962,56.061],[15.497,56.1672],[15.2208,56.0804],[14.6529,56.1206],[14.6052,55.9808],[14.4918,56.018],[14.2589,55.8993],[14.126,55.6666],[14.2864,55.5155],[14.1172,55.3471],[13.9011,55.4052],[13.8233,55.4218],[13.3019,55.3007],[12.8024,55.3529],[12.8019,55.4168],[12.8876,55.4516],[12.8593,55.5329],[12.9859,55.6666],[12.699,55.9051],[12.5134,56.1206],[12.4144,56.243],[12.6524,56.2955],[12.6154,56.4356],[12.8048,56.4012],[12.8716,56.5115],[12.7859,56.6167],[12.6575,56.6108],[12.526,56.7804],[12.2886,56.8799],[12.0051,57.3252],[11.8766,57.3252],[11.8811,57.509],[11.7661,57.6727],[11.6098,57.8069],[11.7091,58.0247],[11.8019,58.1779],[11.6139,58.2473],[11.4311,58.2015],[11.4067,58.3313],[11.2214,58.3083],[11.1404,58.8512],[11.0392,58.9104],[11.1789,59.0703],[11.3108,59.0111],[11.3786,58.8571],[11.5633,58.8631],[11.7089,59.1949],[11.6103,59.5686],[11.8379,59.6696],[11.8906,59.86],[12.077,59.8659],[12.4228,60.0388],[12.4359,60.2781],[12.548,60.4339],[12.431,60.6258],[12.174,60.9564],[12.5974,61.0286],[12.7917,61.3299],[12.658,61.4395],[12.3366,61.5231],[12.0746,61.6985],[12.2256,62.2257],[11.9327,62.554],[12.0896,63.046],[12.1242,63.3446],[12.2992,63.5662],[12.5771,63.7816],[12.8531,63.8973],[13.131,63.9487],[13.5505,63.9366],[13.8802,63.9526],[14.0784,64.0322],[14.155,64.1113],[14.0416,64.3757],[13.8702,64.4967],[13.7179,64.5533],[13.9404,64.7986],[14.1989,65.0232],[14.3714,65.2341],[14.5153,65.5034],[14.542,65.9404],[14.5967,66.0502],[15.0384,66.0598],[15.3474,66.2587],[15.9435,66.6724],[16.2205,66.8281],[16.3051,66.9832],[16.2283,67.2113],[16.206,67.3073],[16.8739,67.8366],[17.083,67.9119],[17.2087,67.9051],[17.6009,67.8626],[17.9136,67.8642],[18.057,67.9987],[18.0942,68.0881],[18.1041,68.3863],[18.1795,68.4688],[18.9587,68.2937],[19.3961,68.2288],[19.6972,68.1708],[19.8427,68.1641],[19.9651,68.2765],[20.039,68.4783],[20.1656,68.9581],[20.5549,68.9751],[20.7394,68.961],[20.7906,68.9323],[20.8564,68.9176],[21.1333,68.7092],[21.7125,68.4132],[22.2007,68.2815],[22.9127,68.1882],[23.1412,68.0852],[23.4877,67.8343],[23.4597,67.6488],[23.4579,67.4119],[23.6857,67.1251],[23.8682,66.8169],[23.8812,66.6406],[23.6561,66.2804],[23.7495,66.0398],[23.8967,65.902],[23.9477,65.7967]]]]}},{"type":"Feature","properties":{"NAME":"Turkish Cypriot-administered area","ABBREVN":"Cyprus (TK)","SUBJECTO":"Turkish Cypriot-administered area","BORDERPRECISION":3,"PARTOF":"Turkish Cypriot-administered area"},"geometry":{"type":"MultiPolygon","coordinates":[[[[33.6765,34.9355],[33.6713,34.9963],[33.5291,35.0044],[33.4165,34.938],[33.3849,35.1208],[33.1479,35.1272],[32.8359,35.0092],[32.6463,35.0949],[32.6591,35.1382],[32.745,35.1143],[32.7795,35.1529],[32.8191,35.2817],[32.7951,35.3606],[33.0775,35.3186],[33.3737,35.3065],[33.539,35.3317],[33.9073,35.4368],[34.2173,35.5736],[34.4582,35.6446],[34.2447,35.5118],[34.0484,35.4079],[33.7805,35.2081],[33.7727,35.1293],[33.9247,34.9532],[33.792,34.9574],[33.7326,34.9086],[33.6858,34.9349],[33.6765,34.9355]]]]}},{"type":"Feature","properties":{"NAME":null,"ABBREVN":null,"SUBJECTO":null,"BORDERPRECISION":3,"PARTOF":null},"geometry":{"type":"MultiPolygon","coordinates":[[[[19.3344,57.9558],[19.2867,57.9375],[19.2775,57.9403],[19.2744,57.945],[19.2681,57.9486],[19.2567,57.9494],[19.2381,57.9469],[19.1706,57.9294],[19.1628,57.9269],[19.1508,57.9186],[19.1458,57.9136],[19.1417,57.9078],[19.14,57.9017],[19.1261,57.8397],[19.0933,57.8519],[19.0778,57.8583],[19.0731,57.8625],[19.0375,57.8964],[19.0344,57.9011],[19.0344,57.9125],[19.0361,57.9186],[19.0889,57.9703],[19.0958,57.9736],[19.1047,57.9753],[19.2858,57.9767],[19.2964,57.9767],[19.3075,57.9744],[19.3325,57.9653],[19.3356,57.9605],[19.3344,57.9558]]]]}},{"type":"Feature","properties":{"NAME":null,"ABBREVN":null,"SUBJECTO":null,"BORDERPRECISION":3,"PARTOF":null},"geometry":{"type":"MultiPolygon","coordinates":[[[[18.2061,56.9119],[18.1689,56.91],[18.1478,56.9119],[18.1403,56.915],[18.1425,56.9203],[18.1583,56.9417],[18.2092,56.9892],[18.2567,57.0322],[18.2544,57.0792],[18.1733,57.1419],[18.1483,57.2353],[18.1581,57.3158],[18.1425,57.4094],[18.1153,57.4808],[18.1103,57.4961],[18.11,57.5131],[18.1114,57.5194],[18.1192,57.5311],[18.1386,57.5511],[18.1792,57.5883],[18.1914,57.5961],[18.2119,57.6058],[18.2278,57.6114],[18.2422,57.6175],[18.2492,57.6208],[18.2761,57.6342],[18.2947,57.6458],[18.3389,57.6817],[18.3558,57.6958],[18.3819,57.7186],[18.4017,57.7386],[18.4197,57.7603],[18.4564,57.8028],[18.4614,57.8078],[18.4672,57.8119],[18.4811,57.8186],[18.6819,57.9136],[18.69,57.9161],[18.7161,57.9211],[18.725,57.9228],[18.8819,57.9197],[18.9025,57.9183],[18.9142,57.9175],[19.0047,57.9086],[19.0061,57.9036],[19.0039,57.8989],[19.0333,57.8269],[18.9294,57.7397],[18.8489,57.7211],[18.8092,57.7036],[18.7933,57.6592],[18.7597,57.508],[18.7681,57.4722],[18.7694,57.4672],[18.7883,57.4483],[18.7144,57.2469],[18.7119,57.2417],[18.6581,57.2208],[18.5519,57.1828],[18.5147,57.1694],[18.4983,57.1653],[18.4556,57.1569],[18.4394,57.1528],[18.4172,57.1442],[18.3972,57.1342],[18.3914,57.13],[18.3867,57.125],[18.3456,57.0797],[18.3414,57.0739],[18.3392,57.0686],[18.3356,57.0233],[18.3358,57.0175],[18.3433,57.0144],[18.3467,56.9986],[18.3025,56.9375],[18.295,56.9347],[18.2156,56.9131],[18.2061,56.9119]]]]}},{"type":"Feature","properties":{"NAME":"","ABBREVN":"","SUBJECTO":"","BORDERPRECISION":3,"PARTOF":""},"geometry":{"type":"MultiPolygon","coordinates":[[[[5.9895,46.1755],[5.9943,46.1728],[5.9974,46.1777],[5.9959,46.1793],[6.0009,46.184],[5.9705,46.198],[5.9787,46.204],[5.9862,46.2201],[5.9998,46.2185],[5.9975,46.2242],[6.0067,46.2246],[6.0076,46.2234],[6.0404,46.2407],[6.0526,46.2338],[6.0692,46.2479],[6.0752,46.2444],[6.0962,46.2484],[6.1076,46.2397],[6.1161,46.2425],[6.1288,46.2516],[6.1301,46.2529],[6.1261,46.2617],[6.1155,46.2722],[6.1186,46.2739],[6.1088,46.2855],[6.1275,46.299],[6.1247,46.3026],[6.1318,46.319],[6.1382,46.3266],[6.1442,46.3342],[6.1442,46.3358],[6.1631,46.352],[6.1753,46.3678],[6.1664,46.3777],[6.1634,46.38],[6.1563,46.3783],[6.1203,46.3993],[6.1176,46.3978],[6.0689,46.4169],[6.0788,46.4328],[6.0893,46.4402],[6.092,46.4457],[6.0794,46.4534],[6.0766,46.4652],[6.1009,46.4807],[6.1424,46.5319],[6.1485,46.5288],[6.1573,46.5361],[6.153,46.5386],[6.1626,46.5456],[6.1467,46.5593],[6.1329,46.5559],[6.1079,46.5759],[6.2053,46.6351],[6.2103,46.6358],[6.2243,46.6447],[6.3113,46.6991],[6.3674,46.7238],[6.3749,46.7256],[6.3755,46.7282],[6.3723,46.7283],[6.3828,46.732],[6.3895,46.733],[6.3946,46.7423],[6.3936,46.7448],[6.422,46.7539],[6.4449,46.7682],[6.4542,46.7741],[6.4562,46.7751],[6.4619,46.7896],[6.4399,46.8016],[6.4373,46.8136],[6.4644,46.8521],[6.4671,46.8753],[6.4685,46.8908],[6.4361,46.9287],[6.4757,46.9557],[6.4904,46.9678],[6.502,46.9751],[6.5106,46.9668],[6.5949,46.9911],[6.644,47.0028],[6.6766,47.0342],[6.7017,47.0395],[6.7214,47.0513],[6.7136,47.0549],[6.705,47.058],[6.6943,47.0676],[6.7081,47.0738],[6.7094,47.0776],[6.7052,47.082],[6.7277,47.0912],[6.7451,47.0907],[6.7468,47.0917],[6.7434,47.1087],[6.7965,47.1277],[6.8038,47.1296],[6.8299,47.1455],[6.8351,47.1465],[6.8587,47.1659],[6.8442,47.17],[6.8454,47.1723],[6.8718,47.1867],[6.8763,47.1862],[6.8836,47.2012],[6.8932,47.206],[6.9304,47.2254],[6.9355,47.2317],[6.945,47.2347],[6.958,47.2428],[6.9496,47.2538],[6.9543,47.2696],[6.9435,47.2854],[6.9525,47.2914],[6.9534,47.2922],[6.9767,47.292],[6.9803,47.2967],[6.999,47.2962],[7.0105,47.3027],[7.012,47.3028],[7.0171,47.3183],[7.0125,47.3193],[7.0123,47.3232],[7.0382,47.3294],[7.058,47.3339],[7.0553,47.336],[7.0633,47.3429],[7.0511,47.3469],[7.0516,47.3599],[7.0372,47.362],[7.0358,47.3667],[7.0355,47.3683],[7.0221,47.3695],[7.0198,47.3722],[7.0162,47.3717],[6.9761,47.3594],[6.9384,47.3565],[6.9087,47.3579],[6.9066,47.3584],[6.8913,47.3515],[6.8828,47.3515],[6.8865,47.37],[6.8936,47.3774],[6.8986,47.3822],[6.9094,47.3839],[6.9152,47.3889],[6.9134,47.396],[6.9195,47.4018],[6.9173,47.4041],[6.9411,47.4052],[6.9423,47.4324],[6.9561,47.4352],[6.9607,47.4338],[6.9665,47.4361],[6.9832,47.4489],[7.0041,47.4532],[7.0017,47.4551],[6.9999,47.4553],[7.0029,47.4617],[7.0024,47.4651],[6.993,47.466],[6.9942,47.4701],[6.9904,47.4809],[6.9853,47.4939],[7.028,47.5036],[7.0419,47.4976],[7.0442,47.4977],[7.0781,47.4913],[7.0795,47.4879],[7.1152,47.4956],[7.1311,47.5037],[7.1639,47.4905],[7.2056,47.4946],[7.207,47.4902],[7.1956,47.4868],[7.1832,47.4628],[7.1752,47.4433],[7.1967,47.4388],[7.2004,47.4357],[7.2293,47.4409],[7.2518,47.4231],[7.2848,47.4345],[7.2938,47.4337],[7.3036,47.4382],[7.3287,47.4406],[7.3853,47.4338],[7.3877,47.4326],[7.4226,47.4458],[7.4316,47.4595],[7.4479,47.4621],[7.4566,47.4706],[7.4582,47.4717],[7.4228,47.4791],[7.4366,47.498],[7.4642,47.4886],[7.4734,47.4801],[7.4896,47.482],[7.5004,47.4898],[7.5031,47.4907],[7.5024,47.4934],[7.5115,47.4973],[7.5112,47.5023],[7.4996,47.518],[7.5023,47.5195],[7.5264,47.5144],[7.5311,47.5263],[7.5316,47.5293],[7.5219,47.5335],[7.5188,47.5324],[7.5129,47.5278],[7.5032,47.528],[7.4998,47.5354],[7.5057,47.5422],[7.5558,47.5634],[7.5688,47.5778],[7.585,47.5774],[7.5982,47.5904],[7.6119,47.5887],[7.6132,47.5798],[7.6546,47.5962],[7.6828,47.5937],[7.6998,47.6015],[7.678,47.5861],[7.6866,47.5852],[7.6929,47.5672],[7.6908,47.5672],[7.6876,47.572],[7.6823,47.5664],[7.6849,47.5662],[7.679,47.564],[7.676,47.5663],[7.6432,47.5659],[7.64,47.5626],[7.6911,47.5339],[7.7131,47.5405],[7.8083,47.5653],[7.8281,47.5892],[7.8997,47.586],[7.919,47.5502],[7.9548,47.5489],[7.968,47.5581],[8.0418,47.5531],[8.0762,47.5635],[8.0986,47.5578],[8.1184,47.5837],[8.141,47.5841],[8.2171,47.6207],[8.2312,47.6048],[8.259,47.6156],[8.3006,47.6042],[8.3137,47.584],[8.3324,47.5708],[8.387,47.5648],[8.4032,47.5765],[8.429,47.5675],[8.4346,47.5658],[8.4945,47.5818],[8.4892,47.5886],[8.4693,47.5846],[8.4594,47.6025],[8.4729,47.6065],[8.4749,47.6094],[8.4763,47.6074],[8.4812,47.6149],[8.5092,47.6173],[8.5107,47.6239],[8.5171,47.6237],[8.5227,47.6338],[8.5398,47.6312],[8.5395,47.6269],[8.5433,47.6284],[8.5442,47.6261],[8.5575,47.6245],[8.5628,47.6174],[8.5713,47.617],[8.5753,47.6101],[8.5669,47.6089],[8.5671,47.5999],[8.5672,47.5971],[8.5838,47.5959],[8.5942,47.6061],[8.5985,47.605],[8.6076,47.6149],[8.5971,47.6414],[8.6049,47.6478],[8.6061,47.6516],[8.6151,47.6485],[8.6123,47.6422],[8.603,47.6412],[8.6056,47.6372],[8.6313,47.6499],[8.6094,47.6717],[8.6008,47.6719],[8.6001,47.6696],[8.5687,47.6643],[8.5643,47.67],[8.5406,47.6636],[8.5425,47.6576],[8.5342,47.6635],[8.5275,47.66],[8.5313,47.6448],[8.4955,47.6467],[8.4952,47.6421],[8.4909,47.6429],[8.49,47.6446],[8.4854,47.6434],[8.4829,47.6492],[8.4754,47.649],[8.4755,47.6475],[8.4806,47.6467],[8.4807,47.645],[8.4735,47.6435],[8.4735,47.6415],[8.48,47.6396],[8.4767,47.6383],[8.4671,47.6425],[8.4675,47.6566],[8.4595,47.6533],[8.4364,47.6579],[8.425,47.6675],[8.4144,47.6667],[8.4073,47.6744],[8.4187,47.6791],[8.4147,47.6952],[8.4087,47.6979],[8.4383,47.7179],[8.4426,47.7171],[8.448,47.7235],[8.4581,47.7262],[8.4584,47.7302],[8.4537,47.731],[8.4925,47.7726],[8.5129,47.776],[8.5207,47.7718],[8.5553,47.7855],[8.5671,47.7785],[8.5785,47.7823],[8.5645,47.7931],[8.5659,47.8054],[8.5718,47.8081],[8.5793,47.8001],[8.589,47.8017],[8.5899,47.8031],[8.5964,47.7992],[8.601,47.8033],[8.6168,47.8006],[8.6264,47.7956],[8.6168,47.786],[8.6182,47.7808],[8.6264,47.7781],[8.6211,47.77],[8.6342,47.7592],[8.6485,47.7669],[8.656,47.7759],[8.6517,47.7752],[8.6482,47.7936],[8.6604,47.8003],[8.6775,47.7856],[8.6809,47.7865],[8.6889,47.7725],[8.686,47.7708],[8.6949,47.7571],[8.7067,47.7613],[8.7152,47.7654],[8.7311,47.7604],[8.7298,47.7587],[8.7455,47.7488],[8.723,47.7439],[8.718,47.7201],[8.7369,47.7169],[8.7281,47.6924],[8.7976,47.6748],[8.8015,47.6915],[8.8116,47.6942],[8.8001,47.6963],[8.7935,47.7049],[8.7712,47.7069],[8.7731,47.7193],[8.7765,47.7182],[8.7807,47.7219],[8.7824,47.7208],[8.7878,47.7275],[8.8006,47.727],[8.7987,47.7336],[8.808,47.7369],[8.8134,47.7283],[8.807,47.726],[8.8071,47.7242],[8.8196,47.7172],[8.8247,47.7175],[8.8219,47.7115],[8.8363,47.7151],[8.8515,47.7032],[8.8736,47.704],[8.8694,47.7019],[8.8772,47.6974],[8.8726,47.6928],[8.8649,47.693],[8.8674,47.6965],[8.8636,47.6976],[8.8623,47.6967],[8.8618,47.6987],[8.8529,47.6975],[8.8525,47.6955],[8.859,47.6935],[8.8524,47.6808],[8.8718,47.673],[8.8781,47.6556],[8.8648,47.6579],[8.8606,47.6571],[8.8598,47.6572],[8.8604,47.657],[8.86,47.657],[8.8633,47.6552],[8.8702,47.6525],[8.875,47.6531],[8.8819,47.6513],[8.884,47.6503],[8.8947,47.6442],[8.907,47.6443],[8.9105,47.6456],[8.9233,47.6484],[8.9266,47.6484],[8.9278,47.6494],[8.961,47.6568],[8.964,47.6586],[8.9707,47.6601],[8.9721,47.6633],[8.9746,47.6648],[9.0039,47.671],[9.0362,47.6727],[9.0435,47.6726],[9.0456,47.6732],[9.0548,47.6737],[9.065,47.6735],[9.0689,47.674],[9.0776,47.6704],[9.0831,47.6734],[9.0861,47.6732],[9.094,47.6686],[9.0963,47.666],[9.0986,47.666],[9.0991,47.6657],[9.1147,47.6655],[9.1382,47.6629],[9.1412,47.6651],[9.1588,47.6647],[9.172,47.6545],[9.1827,47.6563],[9.1808,47.6518],[9.1903,47.6492],[9.1912,47.648],[9.222,47.6375],[9.2224,47.6355],[9.2285,47.6353],[9.2824,47.6168],[9.3132,47.6009],[9.3307,47.591],[9.3559,47.5815],[9.3828,47.5685],[9.3829,47.5682],[9.381,47.568],[9.3792,47.5655],[9.3811,47.5652],[9.3798,47.5564],[9.3811,47.553],[9.3838,47.5469],[9.3866,47.5454],[9.3868,47.5443],[9.4073,47.5341],[9.4154,47.5274],[9.4204,47.5242],[9.4373,47.5182],[9.4361,47.5093],[9.4356,47.5074],[9.4358,47.5069],[9.4358,47.5065],[9.436,47.5064],[9.4361,47.5062],[9.4368,47.5062],[9.4475,47.5026],[9.4489,47.5008],[9.4723,47.4907],[9.4819,47.4817],[9.4822,47.4817],[9.5097,47.4807],[9.5277,47.4813],[9.5278,47.4814],[9.5299,47.4814],[9.5601,47.4999],[9.5606,47.4998],[9.5615,47.5003],[9.5626,47.4999],[9.5758,47.4873],[9.5956,47.466],[9.6007,47.4639],[9.6069,47.4723],[9.6179,47.4619],[9.6585,47.4548],[9.6515,47.4433],[9.6455,47.4316],[9.6508,47.4162],[9.6511,47.4133],[9.6507,47.4077],[9.6723,47.3833],[9.6507,47.3684],[9.6224,47.3668],[9.5757,47.3092],[9.5659,47.3049],[9.5435,47.2789],[9.5299,47.2735],[9.5298,47.272],[9.53,47.2689],[9.5302,47.266],[9.5085,47.2307],[9.4959,47.2052],[9.4905,47.1978],[9.4887,47.1944],[9.4873,47.19],[9.4962,47.1591],[9.5019,47.1489],[9.5094,47.1414],[9.5156,47.122],[9.5169,47.1173],[9.5117,47.0852],[9.4744,47.0673],[9.4734,47.0575],[9.482,47.0582],[9.4838,47.0522],[9.4915,47.0596],[9.4968,47.0571],[9.4992,47.0594],[9.5278,47.0656],[9.5395,47.0675],[9.5479,47.0636],[9.5536,47.0535],[9.5572,47.0514],[9.5849,47.057],[9.597,47.0625],[9.602,47.064],[9.6158,47.0555],[9.6347,47.0547],[9.6421,47.0625],[9.6808,47.0647],[9.6831,47.0601],[9.7071,47.0567],[9.7092,47.0529],[9.7045,47.0507],[9.7422,47.0437],[9.746,47.0394],[9.7813,47.0411],[9.8107,47.0253],[9.8216,47.0238],[9.8289,47.0176],[9.8426,47.0185],[9.8566,47.0257],[9.8799,47.0202],[9.8703,47.0139],[9.8909,46.991],[9.882,46.9845],[9.8834,46.9821],[9.8703,46.9654],[9.8759,46.9528],[9.8742,46.9525],[9.8747,46.9439],[9.8792,46.9422],[9.8758,46.9382],[9.9139,46.9253],[9.9424,46.9163],[9.9606,46.9178],[9.9613,46.9156],[9.9758,46.9192],[9.9794,46.9097],[10.0113,46.9038],[10.0156,46.9054],[10.049,46.871],[10.0553,46.8652],[10.0851,46.8654],[10.0918,46.8629],[10.0906,46.8558],[10.0971,46.8522],[10.1041,46.8442],[10.1148,46.8481],[10.1145,46.8506],[10.1454,46.8514],[10.1563,46.8485],[10.1938,46.8669],[10.2328,46.8669],[10.2279,46.8908],[10.2418,46.9322],[10.2972,46.9206],[10.3166,46.9259],[10.3064,46.9412],[10.3223,46.9524],[10.3412,46.9788],[10.3401,46.9802],[10.3441,46.9826],[10.3498,46.9913],[10.3895,47.001],[10.4278,46.9738],[10.4293,46.9567],[10.4569,46.9524],[10.4901,46.9381],[10.4652,46.8847],[10.47,46.8552],[10.4676,46.8516],[10.4623,46.8449],[10.4637,46.8433],[10.464,46.8399],[10.4632,46.8375],[10.4585,46.8367],[10.4554,46.8336],[10.4567,46.8304],[10.4573,46.8293],[10.4575,46.8275],[10.4557,46.8263],[10.4546,46.8252],[10.4537,46.8232],[10.4542,46.8205],[10.4557,46.8188],[10.447,46.8053],[10.4462,46.8037],[10.4417,46.8024],[10.4388,46.8012],[10.4343,46.8001],[10.4286,46.7994],[10.4279,46.798],[10.4264,46.7977],[10.4256,46.7955],[10.4254,46.7943],[10.4248,46.7934],[10.4235,46.7923],[10.4207,46.7914],[10.4226,46.7902],[10.4277,46.7889],[10.4292,46.7879],[10.4308,46.787],[10.4321,46.7862],[10.4323,46.7839],[10.433,46.7828],[10.4349,46.7813],[10.4382,46.7791],[10.4405,46.7766],[10.4406,46.7727],[10.4412,46.7699],[10.4427,46.7652],[10.4424,46.7626],[10.4396,46.754],[10.4356,46.7549],[10.4324,46.7553],[10.4307,46.7544],[10.4088,46.7429],[10.4083,46.7417],[10.4053,46.7395],[10.4029,46.7388],[10.4002,46.7381],[10.3998,46.7367],[10.4054,46.7343],[10.4072,46.7334],[10.408,46.7326],[10.4091,46.7295],[10.4108,46.7273],[10.4142,46.7242],[10.4172,46.7223],[10.4154,46.7204],[10.4156,46.7188],[10.4151,46.7162],[10.4138,46.7147],[10.4138,46.714],[10.4132,46.7122],[10.405,46.7082],[10.4009,46.7079],[10.3947,46.6983],[10.3881,46.69],[10.38,46.6886],[10.3791,46.6879],[10.3801,46.6873],[10.3828,46.6859],[10.3846,46.6839],[10.3909,46.6743],[10.3891,46.6722],[10.3913,46.6627],[10.3907,46.6603],[10.3946,46.654],[10.3966,46.6522],[10.3979,46.6511],[10.3983,46.6501],[10.3985,46.6487],[10.3984,46.6466],[10.3983,46.6454],[10.3976,46.6423],[10.4004,46.6417],[10.406,46.6398],[10.4088,46.64],[10.419,46.643],[10.4324,46.6441],[10.4395,46.6444],[10.4404,46.6445],[10.4433,46.6463],[10.4492,46.6446],[10.4634,46.6355],[10.4721,46.629],[10.4788,46.6248],[10.4836,46.6219],[10.485,46.6214],[10.4894,46.6211],[10.491,46.6207],[10.4911,46.6199],[10.489,46.6148],[10.4833,46.6084],[10.4844,46.6067],[10.4854,46.6049],[10.4837,46.6],[10.4833,46.5981],[10.484,46.5965],[10.4852,46.5949],[10.4841,46.5879],[10.4826,46.5856],[10.4833,46.5833],[10.484,46.5824],[10.4774,46.5777],[10.4737,46.5717],[10.4728,46.5694],[10.4728,46.568],[10.476,46.5621],[10.4754,46.5611],[10.4693,46.5532],[10.4693,46.5521],[10.4692,46.5516],[10.4701,46.5487],[10.4679,46.5463],[10.4634,46.5447],[10.4576,46.5447],[10.4578,46.5429],[10.4564,46.5411],[10.4537,46.5391],[10.4504,46.5345],[10.4387,46.5395],[10.4333,46.5432],[10.4306,46.5453],[10.4237,46.5493],[10.4214,46.5512],[10.4197,46.5527],[10.4154,46.5554],[10.4141,46.5556],[10.4121,46.5549],[10.394,46.5477],[10.391,46.5486],[10.3839,46.5521],[10.3789,46.5541],[10.3762,46.5547],[10.3732,46.5555],[10.3643,46.558],[10.3596,46.5588],[10.3502,46.5583],[10.3473,46.5539],[10.3462,46.5519],[10.3447,46.5512],[10.3425,46.5497],[10.3418,46.5486],[10.3353,46.545],[10.3317,46.5488],[10.3297,46.5511],[10.3286,46.5528],[10.3242,46.5547],[10.3175,46.552],[10.3141,46.5508],[10.3093,46.5494],[10.3064,46.5508],[10.3051,46.5523],[10.3016,46.5523],[10.2964,46.5525],[10.2928,46.5536],[10.2912,46.5548],[10.2908,46.5565],[10.2916,46.5589],[10.2918,46.5625],[10.291,46.5631],[10.2887,46.5644],[10.2839,46.5715],[10.2826,46.5744],[10.2713,46.5765],[10.2684,46.5774],[10.2676,46.58],[10.2641,46.5792],[10.2607,46.5784],[10.257,46.5766],[10.2518,46.5738],[10.2424,46.578],[10.2408,46.5801],[10.2385,46.5871],[10.2379,46.5938],[10.2383,46.5974],[10.2405,46.5997],[10.2469,46.6056],[10.2539,46.6149],[10.2412,46.6257],[10.2375,46.63],[10.2358,46.6379],[10.2179,46.63],[10.2167,46.6274],[10.2164,46.6254],[10.2153,46.6234],[10.2134,46.6227],[10.2111,46.6225],[10.2101,46.6229],[10.2085,46.6246],[10.2072,46.6254],[10.2056,46.6261],[10.2035,46.6267],[10.2014,46.6272],[10.2005,46.6276],[10.1993,46.628],[10.1981,46.6278],[10.1972,46.6273],[10.1965,46.627],[10.1949,46.6267],[10.1933,46.6267],[10.1907,46.6261],[10.1898,46.6288],[10.184,46.628],[10.1809,46.6272],[10.1755,46.6249],[10.1696,46.6221],[10.1604,46.6189],[10.1561,46.6186],[10.1543,46.6187],[10.1498,46.6176],[10.1395,46.6132],[10.1359,46.614],[10.1358,46.6107],[10.1325,46.6099],[10.1311,46.6092],[10.1283,46.6088],[10.1197,46.6087],[10.1097,46.6107],[10.1032,46.6128],[10.0999,46.6126],[10.0981,46.6094],[10.0981,46.6079],[10.0985,46.6062],[10.0987,46.6047],[10.098,46.6029],[10.0963,46.5987],[10.0967,46.5967],[10.0982,46.5943],[10.101,46.5896],[10.1003,46.5875],[10.0961,46.5831],[10.0943,46.5795],[10.0787,46.5772],[10.0787,46.5768],[10.0798,46.5757],[10.0841,46.5724],[10.085,46.5708],[10.0848,46.5699],[10.0765,46.5636],[10.0731,46.5622],[10.0696,46.5611],[10.0671,46.5573],[10.0656,46.5543],[10.0631,46.553],[10.0598,46.5512],[10.0567,46.5491],[10.0551,46.5481],[10.044,46.5459],[10.0421,46.5415],[10.0443,46.5394],[10.0462,46.5384],[10.0514,46.5364],[10.0516,46.5351],[10.0497,46.5328],[10.0509,46.5303],[10.0517,46.5254],[10.0516,46.5235],[10.0495,46.5168],[10.0479,46.5149],[10.0404,46.513],[10.0416,46.5095],[10.0449,46.5063],[10.0463,46.5043],[10.0462,46.5029],[10.0451,46.5016],[10.044,46.5008],[10.0436,46.4997],[10.0439,46.4955],[10.0452,46.4925],[10.0459,46.4913],[10.0454,46.4906],[10.0444,46.4889],[10.0413,46.4857],[10.0412,46.4843],[10.0414,46.4834],[10.0429,46.4814],[10.0457,46.4783],[10.0502,46.4709],[10.051,46.4667],[10.0502,46.4649],[10.0492,46.4628],[10.0476,46.4611],[10.0445,46.4603],[10.0422,46.4591],[10.0404,46.457],[10.0398,46.4545],[10.0397,46.4523],[10.0378,46.4501],[10.0396,46.4466],[10.0444,46.4459],[10.0459,46.4457],[10.0507,46.4442],[10.0536,46.4458],[10.0545,46.4452],[10.0552,46.4438],[10.0552,46.4413],[10.0555,46.4391],[10.0557,46.4361],[10.058,46.4322],[10.0632,46.4299],[10.0726,46.4326],[10.0759,46.4325],[10.0784,46.4315],[10.0798,46.4296],[10.08,46.4267],[10.0863,46.426],[10.0885,46.4277],[10.0968,46.4263],[10.1002,46.43],[10.1026,46.4298],[10.1057,46.4321],[10.1132,46.4308],[10.1148,46.4326],[10.1174,46.4337],[10.1214,46.4348],[10.1257,46.4354],[10.1281,46.4349],[10.1304,46.4328],[10.1369,46.4332],[10.1388,46.4327],[10.1404,46.4313],[10.1425,46.4287],[10.1445,46.4262],[10.1459,46.4212],[10.1468,46.4183],[10.1482,46.4181],[10.1505,46.4194],[10.1525,46.4203],[10.1558,46.4203],[10.1591,46.4191],[10.1657,46.4098],[10.1594,46.4078],[10.1614,46.3905],[10.1553,46.3879],[10.1529,46.3876],[10.1509,46.3876],[10.142,46.3888],[10.136,46.3871],[10.1308,46.3839],[10.1253,46.3813],[10.1254,46.3785],[10.1258,46.376],[10.1246,46.3738],[10.1239,46.3729],[10.127,46.3645],[10.1216,46.3625],[10.1181,46.3613],[10.1153,46.3592],[10.1121,46.3566],[10.1098,46.3563],[10.1064,46.3564],[10.1059,46.3552],[10.1061,46.3492],[10.1053,46.3467],[10.1038,46.3445],[10.1029,46.3425],[10.103,46.3402],[10.1032,46.338],[10.1042,46.3354],[10.1077,46.3324],[10.1097,46.3296],[10.1101,46.3272],[10.1119,46.3232],[10.115,46.3171],[10.1176,46.3163],[10.1232,46.3151],[10.1254,46.3145],[10.1285,46.3131],[10.1328,46.3107],[10.1362,46.3094],[10.137,46.3086],[10.137,46.3073],[10.1367,46.3059],[10.1371,46.3038],[10.1455,46.2996],[10.1478,46.2993],[10.1501,46.2988],[10.1528,46.2967],[10.1543,46.2935],[10.1518,46.291],[10.1545,46.289],[10.1592,46.286],[10.1599,46.2846],[10.16,46.2807],[10.1602,46.2787],[10.1618,46.2762],[10.1676,46.2749],[10.1701,46.2729],[10.1714,46.2717],[10.1739,46.2676],[10.1753,46.263],[10.1752,46.2621],[10.1747,46.2602],[10.1729,46.2585],[10.1701,46.2563],[10.1627,46.2516],[10.1539,46.2478],[10.1489,46.2446],[10.1472,46.2411],[10.144,46.2361],[10.1422,46.2339],[10.1396,46.2324],[10.1288,46.2286],[10.1234,46.2286],[10.1198,46.2276],[10.1131,46.2292],[10.1086,46.2296],[10.0995,46.2317],[10.095,46.2312],[10.0926,46.232],[10.0905,46.2323],[10.0886,46.2322],[10.0857,46.2316],[10.08,46.2288],[10.0754,46.2251],[10.0693,46.2204],[10.0653,46.2212],[10.064,46.2219],[10.062,46.2236],[10.0603,46.2235],[10.0581,46.2249],[10.0554,46.2281],[10.0543,46.2286],[10.0523,46.2293],[10.05,46.2304],[10.046,46.2325],[10.0388,46.2341],[10.0388,46.2358],[10.039,46.2363],[10.0395,46.2367],[10.041,46.237],[10.0444,46.2387],[10.0495,46.2414],[10.0496,46.2437],[10.05,46.2455],[10.051,46.2475],[10.0526,46.25],[10.0542,46.2521],[10.0564,46.2539],[10.0563,46.2566],[10.0523,46.2621],[10.0509,46.2703],[10.0466,46.2708],[10.0247,46.2811],[10.0189,46.2825],[10.0021,46.2859],[9.9921,46.2883],[9.9904,46.2898],[9.9886,46.2944],[9.9886,46.2972],[9.9869,46.2989],[9.9867,46.3007],[9.9881,46.3024],[9.991,46.303],[9.9926,46.3036],[9.9952,46.3082],[9.9936,46.3092],[9.9912,46.3104],[9.9911,46.3118],[9.9929,46.3134],[9.9959,46.3162],[9.99,46.3188],[9.987,46.3194],[9.9839,46.3214],[9.9808,46.324],[9.976,46.3276],[9.9821,46.3402],[9.9854,46.3419],[9.9872,46.3441],[9.9916,46.348],[9.9906,46.3522],[9.9903,46.3556],[9.9867,46.3558],[9.9791,46.3558],[9.9648,46.3642],[9.9528,46.374],[9.9512,46.3764],[9.9516,46.3778],[9.9533,46.3795],[9.9531,46.3812],[9.9495,46.3813],[9.9472,46.3809],[9.9307,46.377],[9.9286,46.376],[9.9282,46.3752],[9.9283,46.3729],[9.9281,46.3714],[9.928,46.3707],[9.9274,46.3704],[9.9256,46.3697],[9.9232,46.3686],[9.9211,46.3685],[9.9198,46.3686],[9.9192,46.369],[9.9188,46.37],[9.9189,46.3712],[9.9189,46.3732],[9.9182,46.3741],[9.916,46.3741],[9.9126,46.3731],[9.9039,46.3828],[9.8987,46.3812],[9.8972,46.3798],[9.8942,46.3792],[9.8844,46.3761],[9.8822,46.3762],[9.881,46.3735],[9.8791,46.3713],[9.8704,46.3674],[9.8648,46.3657],[9.8602,46.3675],[9.8487,46.3667],[9.8463,46.3674],[9.8437,46.3653],[9.8415,46.3648],[9.8391,46.3653],[9.8379,46.3656],[9.8355,46.3644],[9.831,46.3642],[9.829,46.3609],[9.8274,46.3597],[9.8219,46.3565],[9.8197,46.3549],[9.8184,46.3532],[9.8161,46.3525],[9.8119,46.3529],[9.8079,46.3511],[9.8056,46.3497],[9.8034,46.3483],[9.7999,46.3476],[9.7966,46.3472],[9.7905,46.3458],[9.784,46.3428],[9.7791,46.34],[9.7761,46.3375],[9.7646,46.3394],[9.7622,46.3409],[9.7578,46.3423],[9.7563,46.3453],[9.7516,46.3486],[9.745,46.3496],[9.7436,46.3525],[9.7414,46.3534],[9.7382,46.3527],[9.7332,46.3515],[9.7252,46.3453],[9.7229,46.3445],[9.7237,46.3415],[9.7253,46.3403],[9.7267,46.338],[9.727,46.3352],[9.7188,46.3283],[9.7178,46.3268],[9.718,46.3249],[9.7215,46.325],[9.7242,46.3246],[9.7256,46.3236],[9.7263,46.3228],[9.7262,46.3204],[9.7257,46.3183],[9.724,46.3138],[9.7217,46.3121],[9.7192,46.31],[9.7168,46.3075],[9.7148,46.3032],[9.7133,46.2962],[9.7118,46.2957],[9.7027,46.294],[9.6992,46.2943],[9.6936,46.2968],[9.6886,46.2969],[9.6858,46.2969],[9.684,46.298],[9.679,46.3002],[9.6788,46.303],[9.675,46.3057],[9.669,46.3025],[9.6666,46.299],[9.662,46.3],[9.6553,46.2977],[9.6541,46.2963],[9.6496,46.2961],[9.648,46.2934],[9.6475,46.2925],[9.6438,46.2915],[9.6388,46.2897],[9.637,46.289],[9.6238,46.2912],[9.6213,46.2912],[9.6166,46.2905],[9.6135,46.2931],[9.6078,46.2973],[9.5997,46.2981],[9.5969,46.2977],[9.5918,46.2963],[9.5873,46.2987],[9.5832,46.2986],[9.5791,46.2986],[9.5748,46.2987],[9.5729,46.2998],[9.5708,46.3019],[9.5662,46.3033],[9.5634,46.3048],[9.5615,46.3061],[9.559,46.308],[9.5573,46.3099],[9.5554,46.3096],[9.5537,46.3087],[9.5512,46.3072],[9.5478,46.3051],[9.5357,46.3125],[9.5331,46.314],[9.515,46.3311],[9.5149,46.3327],[9.5151,46.3348],[9.5127,46.3351],[9.5113,46.3365],[9.5082,46.3415],[9.5075,46.3447],[9.5055,46.3555],[9.5022,46.3575],[9.4983,46.3591],[9.4969,46.3605],[9.4961,46.3639],[9.4956,46.3656],[9.4945,46.3666],[9.4906,46.3689],[9.4864,46.3697],[9.486,46.3707],[9.4816,46.371],[9.4794,46.3714],[9.4788,46.3726],[9.4775,46.3738],[9.4752,46.374],[9.4618,46.3778],[9.4606,46.3784],[9.4599,46.3793],[9.46,46.3814],[9.46,46.3823],[9.4603,46.3843],[9.4599,46.387],[9.4613,46.3876],[9.464,46.3885],[9.4656,46.3922],[9.4653,46.3983],[9.4622,46.4103],[9.4605,46.4133],[9.457,46.4171],[9.4547,46.4193],[9.4531,46.4212],[9.4524,46.4224],[9.4525,46.424],[9.4525,46.4247],[9.4525,46.4261],[9.4539,46.4304],[9.4546,46.4321],[9.4559,46.443],[9.4564,46.4445],[9.4573,46.4542],[9.4566,46.4563],[9.4562,46.459],[9.4568,46.4623],[9.4565,46.4649],[9.4578,46.4674],[9.4621,46.4705],[9.4619,46.4721],[9.4614,46.4752],[9.4609,46.4789],[9.4606,46.4821],[9.4596,46.4822],[9.4555,46.4826],[9.4551,46.4837],[9.455,46.4847],[9.4547,46.4861],[9.454,46.486],[9.4521,46.4856],[9.4511,46.4859],[9.4502,46.4861],[9.4496,46.4859],[9.4496,46.4854],[9.4495,46.4845],[9.4493,46.482],[9.447,46.4819],[9.4471,46.4877],[9.4588,46.4889],[9.4597,46.4938],[9.4599,46.4996],[9.4601,46.5026],[9.4596,46.507],[9.4598,46.5106],[9.457,46.51],[9.4556,46.5077],[9.435,46.5005],[9.433,46.4988],[9.4302,46.4954],[9.426,46.4928],[9.4261,46.4877],[9.4247,46.486],[9.4244,46.4831],[9.4254,46.481],[9.4247,46.4794],[9.4188,46.4757],[9.4173,46.4743],[9.4132,46.4692],[9.4071,46.4691],[9.4049,46.4696],[9.3999,46.4707],[9.3953,46.4715],[9.3944,46.4731],[9.3917,46.474],[9.3894,46.4751],[9.3867,46.4816],[9.3851,46.4825],[9.3786,46.4854],[9.3753,46.4869],[9.3733,46.4904],[9.3705,46.4918],[9.3687,46.4927],[9.3659,46.4986],[9.366,46.4995],[9.3677,46.5015],[9.3697,46.5024],[9.3704,46.5058],[9.367,46.508],[9.3654,46.5091],[9.3613,46.5115],[9.358,46.5085],[9.3555,46.5072],[9.3529,46.5084],[9.3475,46.5078],[9.3384,46.5056],[9.3373,46.5073],[9.3362,46.5081],[9.3256,46.5073],[9.3227,46.5064],[9.3153,46.5057],[9.3126,46.5057],[9.3035,46.5025],[9.2985,46.502],[9.2926,46.5002],[9.2895,46.4994],[9.283,46.4992],[9.2786,46.4935],[9.2784,46.4911],[9.2767,46.488],[9.275,46.4846],[9.2767,46.4824],[9.2781,46.4806],[9.2768,46.4743],[9.2755,46.4715],[9.2744,46.4703],[9.2745,46.4688],[9.276,46.4661],[9.2783,46.4643],[9.2756,46.4594],[9.2725,46.4574],[9.2596,46.4508],[9.2559,46.4502],[9.2508,46.4502],[9.2477,46.4486],[9.2486,46.4362],[9.2503,46.4328],[9.2522,46.4309],[9.2556,46.429],[9.264,46.4256],[9.2643,46.4228],[9.2705,46.422],[9.2744,46.4227],[9.2759,46.4222],[9.2789,46.4179],[9.2808,46.4162],[9.2824,46.411],[9.2819,46.408],[9.2799,46.4072],[9.2805,46.4065],[9.2822,46.4043],[9.2823,46.403],[9.2814,46.4018],[9.279,46.3997],[9.2769,46.3985],[9.2775,46.3962],[9.2796,46.3937],[9.2839,46.3896],[9.2847,46.3887],[9.2843,46.3876],[9.2818,46.3853],[9.2804,46.3834],[9.2788,46.3813],[9.2771,46.3793],[9.2773,46.3723],[9.2819,46.3631],[9.2837,46.3617],[9.2951,46.3598],[9.2967,46.3581],[9.297,46.3548],[9.2968,46.3527],[9.2986,46.3496],[9.2996,46.3469],[9.2989,46.3452],[9.2964,46.3432],[9.291,46.3386],[9.2932,46.3373],[9.2938,46.3356],[9.294,46.3339],[9.2956,46.3321],[9.2994,46.3292],[9.2949,46.3264],[9.2943,46.325],[9.2932,46.3212],[9.293,46.3191],[9.2838,46.3171],[9.2819,46.3118],[9.2831,46.3077],[9.2841,46.3046],[9.2831,46.2995],[9.2707,46.2921],[9.2696,46.2903],[9.2676,46.2864],[9.2663,46.2843],[9.2595,46.2811],[9.2594,46.2788],[9.2581,46.2732],[9.2573,46.272],[9.2514,46.2697],[9.2537,46.2674],[9.254,46.2667],[9.2537,46.266],[9.2524,46.2639],[9.25,46.2598],[9.2509,46.2564],[9.2509,46.2543],[9.2506,46.2527],[9.2495,46.2508],[9.2498,46.2452],[9.2485,46.2389],[9.2465,46.2359],[9.2454,46.2351],[9.244,46.2352],[9.24,46.2362],[9.2337,46.2371],[9.227,46.2345],[9.2234,46.2339],[9.2202,46.234],[9.2222,46.2299],[9.2221,46.2271],[9.2211,46.2256],[9.2197,46.2236],[9.2192,46.222],[9.2192,46.2177],[9.2169,46.2163],[9.2143,46.2145],[9.2119,46.2132],[9.2073,46.2127],[9.204,46.2123],[9.2019,46.2111],[9.2009,46.21],[9.2001,46.2083],[9.1993,46.2063],[9.1976,46.2002],[9.1966,46.1976],[9.1957,46.1964],[9.1954,46.1943],[9.1966,46.1925],[9.1973,46.1899],[9.1966,46.1893],[9.196,46.1876],[9.1951,46.1845],[9.1938,46.1817],[9.1886,46.1797],[9.1857,46.1779],[9.1826,46.1743],[9.1789,46.1721],[9.1757,46.1741],[9.1729,46.1744],[9.1685,46.1748],[9.1664,46.1737],[9.1644,46.1734],[9.1606,46.1731],[9.1592,46.1715],[9.1588,46.1702],[9.1565,46.1665],[9.1547,46.1653],[9.1504,46.1641],[9.1425,46.1612],[9.1396,46.159],[9.1352,46.1575],[9.1319,46.1533],[9.1263,46.1465],[9.1208,46.1374],[9.1154,46.138],[9.1122,46.1376],[9.108,46.1366],[9.1042,46.1355],[9.1021,46.1345],[9.0983,46.1304],[9.0932,46.1299],[9.0821,46.1256],[9.0806,46.1256],[9.0784,46.125],[9.0733,46.1226],[9.0721,46.1216],[9.0746,46.1187],[9.0753,46.1173],[9.0769,46.1155],[9.0776,46.1146],[9.08,46.1097],[9.0823,46.1063],[9.0824,46.1051],[9.0835,46.1027],[9.0845,46.1007],[9.0866,46.0976],[9.0891,46.0937],[9.0891,46.0912],[9.0889,46.0898],[9.0884,46.0884],[9.0873,46.0867],[9.0842,46.0835],[9.0824,46.0817],[9.081,46.0801],[9.0778,46.0787],[9.078,46.0756],[9.0784,46.0726],[9.0784,46.069],[9.0775,46.068],[9.077,46.0672],[9.0755,46.0665],[9.0731,46.0661],[9.0613,46.0643],[9.0579,46.0641],[9.0546,46.0651],[9.0533,46.0652],[9.0504,46.0654],[9.0472,46.0646],[9.0446,46.0619],[9.0432,46.0613],[9.0406,46.0613],[9.0261,46.0547],[9.0198,46.0548],[9.0179,46.0539],[9.0169,46.0533],[9.0162,46.0526],[9.0155,46.0514],[9.0155,46.0499],[9.0169,46.0484],[9.0171,46.0477],[9.0163,46.0464],[9.0096,46.042],[9.0091,46.041],[9.0074,46.0336],[9.0132,46.0297],[9.0161,46.0262],[9.0199,46.023],[9.0219,46.0206],[9.0229,46.0107],[9.0248,46.0053],[9.0261,46.0014],[9.0281,45.9967],[9.0236,45.996],[9.0231,45.9945],[9.0217,45.9923],[9.0191,45.9917],[9.0121,45.9917],[9.0114,45.9885],[9.0104,45.9866],[9.0079,45.9856],[9.006,45.9843],[9.0036,45.9837],[9.0018,45.9834],[8.9999,45.9836],[8.9961,45.9834],[8.9953,45.9765],[8.9907,45.9768],[8.9888,45.9752],[8.9909,45.9734],[8.9944,45.9714],[8.9957,45.9702],[8.9988,45.9695],[9.0024,45.9688],[9.0107,45.9669],[9.0134,45.965],[9.0142,45.9632],[9.0156,45.956],[9.0169,45.9545],[9.0169,45.9534],[9.0127,45.948],[9.0214,45.9431],[9.0218,45.9418],[9.0215,45.9387],[9.0207,45.9345],[9.0235,45.9344],[9.0253,45.9343],[9.0263,45.9339],[9.0272,45.9331],[9.0282,45.9323],[9.0289,45.9317],[9.0331,45.9314],[9.0358,45.9314],[9.0435,45.9323],[9.0506,45.9273],[9.0516,45.9262],[9.0599,45.9265],[9.0591,45.9208],[9.0669,45.9177],[9.0676,45.9165],[9.0703,45.9174],[9.072,45.9172],[9.0743,45.9163],[9.0756,45.9153],[9.0759,45.9138],[9.0757,45.9124],[9.0754,45.9107],[9.0753,45.9093],[9.0754,45.9084],[9.0756,45.9076],[9.0762,45.9049],[9.0809,45.907],[9.083,45.9073],[9.0854,45.9074],[9.087,45.9073],[9.0877,45.9054],[9.0872,45.9022],[9.0835,45.9002],[9.0826,45.8975],[9.0815,45.8964],[9.0801,45.8961],[9.0779,45.8957],[9.0767,45.8951],[9.0777,45.894],[9.0781,45.8903],[9.078,45.8895],[9.0762,45.889],[9.0737,45.8875],[9.071,45.8855],[9.0685,45.8831],[9.0659,45.8806],[9.0647,45.8797],[9.0621,45.8794],[9.0569,45.8795],[9.0548,45.8787],[9.0543,45.8776],[9.053,45.8731],[9.0503,45.8691],[9.05,45.8646],[9.0501,45.8632],[9.0509,45.8623],[9.052,45.8602],[9.0522,45.8587],[9.0519,45.858],[9.0511,45.8571],[9.0502,45.856],[9.0475,45.8542],[9.0452,45.8523],[9.0426,45.8501],[9.0385,45.8494],[9.0366,45.8466],[9.0358,45.8449],[9.0371,45.8428],[9.0374,45.8407],[9.0367,45.8391],[9.0317,45.8308],[9.0327,45.8304],[9.034,45.828],[9.0337,45.8271],[9.032,45.8254],[9.0307,45.8244],[9.0292,45.8239],[9.0279,45.8239],[9.0257,45.8242],[9.0212,45.8255],[9.0186,45.8234],[9.0169,45.8219],[9.015,45.8212],[9.0139,45.8212],[9.0113,45.8215],[9.0089,45.8222],[9.0056,45.8229],[8.9971,45.8267],[8.9929,45.8259],[8.9916,45.8261],[8.9906,45.8268],[8.9904,45.8279],[8.9908,45.8288],[8.994,45.8381],[8.9869,45.8411],[8.9865,45.8419],[8.9849,45.8423],[8.9834,45.8418],[8.9808,45.8403],[8.9796,45.8403],[8.978,45.8405],[8.9761,45.841],[8.9754,45.8396],[8.9749,45.8387],[8.9742,45.8379],[8.9724,45.8369],[8.9701,45.8363],[8.9682,45.8367],[8.9653,45.837],[8.9598,45.8397],[8.9594,45.8436],[8.9587,45.8443],[8.9578,45.8451],[8.9556,45.8458],[8.9537,45.8472],[8.9522,45.8475],[8.9513,45.8475],[8.95,45.8474],[8.9476,45.8469],[8.9416,45.8447],[8.9374,45.8438],[8.9339,45.8432],[8.9322,45.8425],[8.9305,45.8398],[8.9287,45.8376],[8.9276,45.8373],[8.9218,45.8385],[8.9202,45.8381],[8.9188,45.8376],[8.915,45.835],[8.9131,45.8343],[8.911,45.8351],[8.9104,45.8358],[8.9116,45.844],[8.9119,45.8451],[8.9144,45.8498],[8.9189,45.8552],[8.9299,45.8658],[8.9313,45.8671],[8.9375,45.8697],[8.9446,45.8719],[8.942,45.874],[8.94,45.8746],[8.9349,45.8724],[8.932,45.8761],[8.9313,45.8787],[8.9314,45.8822],[8.9298,45.8885],[8.9281,45.8909],[8.9244,45.8963],[8.9223,45.8968],[8.9217,45.8978],[8.921,45.8997],[8.9199,45.9006],[8.923,45.9055],[8.923,45.9071],[8.9212,45.9093],[8.9199,45.9107],[8.918,45.9135],[8.9144,45.9186],[8.9066,45.9234],[8.901,45.9281],[8.8939,45.9362],[8.8945,45.9431],[8.8983,45.9499],[8.8968,45.9564],[8.8935,45.9598],[8.8873,45.9606],[8.8806,45.9603],[8.8754,45.9624],[8.8638,45.9676],[8.8589,45.9702],[8.8561,45.9719],[8.8554,45.9723],[8.8533,45.9738],[8.8467,45.9781],[8.8452,45.9796],[8.8432,45.9818],[8.8417,45.9821],[8.8416,45.983],[8.8417,45.9849],[8.8412,45.9858],[8.8391,45.9859],[8.8384,45.9865],[8.8378,45.9878],[8.8361,45.9887],[8.8338,45.9894],[8.8333,45.9902],[8.8318,45.9918],[8.8302,45.9917],[8.8287,45.9914],[8.8236,45.9912],[8.8198,45.991],[8.818,45.9915],[8.8136,45.9936],[8.8112,45.9935],[8.8082,45.9935],[8.8054,45.9937],[8.8017,45.9945],[8.796,45.9957],[8.7935,45.9953],[8.7933,45.9942],[8.7925,45.9933],[8.7903,45.9926],[8.7853,45.993],[8.7911,46.0094],[8.7926,46.0127],[8.7934,46.0139],[8.7981,46.0172],[8.8016,46.0212],[8.8033,46.0238],[8.8044,46.0256],[8.8052,46.0267],[8.8135,46.0282],[8.8204,46.0301],[8.8226,46.0326],[8.824,46.0346],[8.826,46.0374],[8.8277,46.0397],[8.8288,46.0413],[8.8291,46.0473],[8.8337,46.0465],[8.8341,46.0487],[8.8307,46.0498],[8.8277,46.0514],[8.8302,46.0531],[8.8325,46.0547],[8.8343,46.0574],[8.8403,46.0553],[8.8438,46.054],[8.8522,46.0651],[8.8523,46.0671],[8.852,46.0739],[8.8508,46.0787],[8.8469,46.0797],[8.8444,46.0815],[8.843,46.0827],[8.8404,46.0836],[8.8367,46.0848],[8.832,46.0873],[8.8298,46.0894],[8.8273,46.0924],[8.8255,46.0922],[8.821,46.0966],[8.8173,46.0996],[8.8141,46.1014],[8.8071,46.1043],[8.8039,46.101],[8.8023,46.0988],[8.8005,46.0972],[8.7997,46.0966],[8.7825,46.0976],[8.776,46.1008],[8.7733,46.1021],[8.7617,46.1054],[8.7586,46.1061],[8.7561,46.1086],[8.7476,46.1163],[8.7396,46.1237],[8.7215,46.1084],[8.713,46.0982],[8.6977,46.1052],[8.6943,46.1054],[8.6896,46.105],[8.688,46.1052],[8.6835,46.1078],[8.6813,46.1099],[8.6798,46.1133],[8.6759,46.1134],[8.6718,46.1114],[8.6698,46.1119],[8.6585,46.1158],[8.6563,46.1175],[8.6475,46.1262],[8.6413,46.1253],[8.6331,46.1252],[8.629,46.1246],[8.6202,46.1242],[8.6157,46.124],[8.6133,46.1247],[8.6114,46.1277],[8.6101,46.131],[8.6102,46.1331],[8.6104,46.1349],[8.6068,46.1379],[8.603,46.1408],[8.595,46.1453],[8.5951,46.149],[8.5965,46.1508],[8.6003,46.1527],[8.6005,46.1545],[8.6011,46.1553],[8.6043,46.1564],[8.6036,46.1587],[8.5904,46.1591],[8.5883,46.1596],[8.5874,46.1608],[8.587,46.162],[8.5878,46.1645],[8.5857,46.1659],[8.577,46.1654],[8.5752,46.1662],[8.573,46.1679],[8.5716,46.1718],[8.5704,46.1777],[8.57,46.1804],[8.5682,46.182],[8.5673,46.1837],[8.5647,46.1876],[8.5592,46.1886],[8.5556,46.1898],[8.5547,46.1909],[8.5535,46.1955],[8.5498,46.1976],[8.5419,46.2007],[8.5401,46.2018],[8.5359,46.2085],[8.5341,46.2142],[8.5319,46.2207],[8.5227,46.2236],[8.5189,46.2226],[8.5159,46.2223],[8.512,46.2222],[8.5105,46.2231],[8.5069,46.2256],[8.5044,46.2275],[8.4922,46.2314],[8.4892,46.2319],[8.4732,46.2338],[8.4702,46.2347],[8.4669,46.2368],[8.4659,46.2378],[8.4646,46.2406],[8.4648,46.2454],[8.4638,46.2469],[8.4619,46.2478],[8.4496,46.2496],[8.446,46.2504],[8.4435,46.2511],[8.4423,46.2527],[8.4416,46.2575],[8.4433,46.2596],[8.4499,46.2643],[8.4512,46.2652],[8.4556,46.2668],[8.45,46.2769],[8.4457,46.2815],[8.4378,46.2866],[8.4359,46.2885],[8.4348,46.2908],[8.4342,46.2933],[8.433,46.2959],[8.4285,46.2999],[8.4279,46.3006],[8.4279,46.3013],[8.4277,46.3022],[8.4322,46.3047],[8.4341,46.3054],[8.4406,46.3063],[8.4383,46.309],[8.4383,46.3104],[8.4402,46.3131],[8.4406,46.3148],[8.4398,46.3187],[8.4403,46.32],[8.4415,46.3215],[8.4435,46.3229],[8.4541,46.3237],[8.4538,46.3255],[8.4538,46.3271],[8.4558,46.3295],[8.4573,46.3303],[8.4595,46.3311],[8.4642,46.3353],[8.4634,46.3463],[8.463,46.3497],[8.4621,46.3522],[8.4619,46.3534],[8.4615,46.3554],[8.4618,46.3572],[8.4629,46.36],[8.464,46.3609],[8.471,46.364],[8.4673,46.3672],[8.4658,46.3705],[8.4668,46.3801],[8.4658,46.3833],[8.4651,46.3853],[8.464,46.3864],[8.4621,46.3885],[8.4615,46.3894],[8.4617,46.3912],[8.464,46.3933],[8.4673,46.3967],[8.4702,46.3982],[8.4635,46.4038],[8.4626,46.4067],[8.4645,46.4113],[8.4671,46.4132],[8.4648,46.4165],[8.4627,46.4188],[8.4606,46.4203],[8.4592,46.4215],[8.4577,46.4241],[8.4573,46.4259],[8.4575,46.4279],[8.4593,46.4309],[8.4598,46.4326],[8.4579,46.4348],[8.4572,46.4359],[8.4571,46.4368],[8.4582,46.439],[8.4601,46.4398],[8.4633,46.441],[8.4657,46.4461],[8.4634,46.4474],[8.4627,46.4473],[8.4614,46.4499],[8.4616,46.452],[8.4573,46.4545],[8.4547,46.4554],[8.4534,46.4567],[8.4527,46.459],[8.4516,46.4611],[8.45,46.4633],[8.4448,46.465],[8.4389,46.4642],[8.4374,46.4658],[8.4245,46.4633],[8.4187,46.4606],[8.4169,46.4599],[8.4127,46.4607],[8.4079,46.4604],[8.4066,46.4596],[8.404,46.456],[8.3999,46.4566],[8.3983,46.4565],[8.3968,46.4553],[8.394,46.453],[8.3895,46.4532],[8.3846,46.4534],[8.3827,46.4523],[8.3816,46.4521],[8.3796,46.4525],[8.3765,46.4537],[8.375,46.454],[8.3721,46.4545],[8.3681,46.4537],[8.3602,46.4508],[8.3576,46.4491],[8.356,46.4458],[8.3505,46.4415],[8.3462,46.4396],[8.3439,46.4386],[8.3425,46.4356],[8.3395,46.4332],[8.3335,46.4304],[8.3291,46.4288],[8.327,46.4265],[8.3228,46.4266],[8.3196,46.4257],[8.3163,46.4249],[8.3119,46.425],[8.3105,46.4256],[8.3087,46.427],[8.3071,46.4262],[8.3062,46.4255],[8.3055,46.4237],[8.302,46.419],[8.3009,46.4175],[8.2992,46.4148],[8.2978,46.4141],[8.2928,46.4109],[8.2953,46.4083],[8.2962,46.4079],[8.3,46.4074],[8.3031,46.4057],[8.3042,46.4051],[8.3111,46.4067],[8.3182,46.4005],[8.3199,46.3984],[8.3183,46.3943],[8.3166,46.3933],[8.3166,46.3922],[8.3172,46.3916],[8.3197,46.3906],[8.3203,46.3896],[8.3203,46.3885],[8.3194,46.3879],[8.3183,46.3869],[8.3158,46.3838],[8.3155,46.382],[8.3144,46.3802],[8.3118,46.3787],[8.3096,46.3774],[8.3062,46.3765],[8.3032,46.3767],[8.2941,46.3712],[8.2911,46.3705],[8.2849,46.3648],[8.2747,46.3679],[8.2726,46.3675],[8.2651,46.3655],[8.2629,46.3637],[8.2629,46.3633],[8.2632,46.3626],[8.2644,46.3619],[8.2671,46.3607],[8.2674,46.3601],[8.2674,46.3596],[8.2673,46.3574],[8.2673,46.3552],[8.2671,46.354],[8.2662,46.3531],[8.2627,46.3512],[8.2645,46.3484],[8.2645,46.3472],[8.2637,46.3466],[8.2623,46.3464],[8.2584,46.3473],[8.2553,46.3475],[8.2532,46.3468],[8.2526,46.3423],[8.2431,46.3414],[8.2395,46.3417],[8.237,46.3418],[8.2254,46.3357],[8.2242,46.3346],[8.2242,46.3333],[8.2246,46.3323],[8.2261,46.3304],[8.2264,46.328],[8.2247,46.3254],[8.2225,46.3236],[8.2197,46.323],[8.2172,46.3218],[8.2168,46.3203],[8.2157,46.3166],[8.2141,46.3151],[8.2143,46.314],[8.2144,46.3121],[8.2133,46.311],[8.2067,46.3083],[8.1997,46.3044],[8.1937,46.3052],[8.1882,46.3029],[8.1852,46.3019],[8.1835,46.3007],[8.1802,46.2996],[8.1645,46.2985],[8.1587,46.2985],[8.1563,46.2998],[8.1546,46.3009],[8.154,46.3015],[8.1521,46.3016],[8.1491,46.3027],[8.1461,46.3037],[8.1416,46.3044],[8.1396,46.3042],[8.1374,46.3032],[8.1356,46.3023],[8.1318,46.2996],[8.1289,46.2969],[8.1255,46.2963],[8.1236,46.295],[8.1213,46.2921],[8.1205,46.2892],[8.1185,46.2881],[8.1173,46.2861],[8.1144,46.283],[8.1074,46.2813],[8.1053,46.2793],[8.1021,46.2763],[8.0919,46.269],[8.0886,46.2678],[8.0883,46.2661],[8.0881,46.264],[8.0831,46.2624],[8.0839,46.2607],[8.088,46.2584],[8.0901,46.2574],[8.0931,46.2563],[8.0958,46.256],[8.1023,46.2556],[8.1027,46.2554],[8.1039,46.2529],[8.1081,46.2539],[8.1104,46.254],[8.1138,46.2511],[8.1142,46.2472],[8.1142,46.2457],[8.1149,46.2423],[8.1162,46.2403],[8.117,46.2397],[8.1192,46.2391],[8.1221,46.2391],[8.1231,46.2378],[8.1259,46.2334],[8.1271,46.2323],[8.134,46.2301],[8.1352,46.2298],[8.1377,46.2298],[8.1395,46.2301],[8.1411,46.227],[8.1437,46.2183],[8.1441,46.2162],[8.1452,46.2147],[8.1469,46.2125],[8.1489,46.2113],[8.151,46.2097],[8.1523,46.2078],[8.1523,46.2063],[8.1526,46.2012],[8.1548,46.1959],[8.1595,46.1942],[8.1651,46.1905],[8.1667,46.189],[8.1678,46.1872],[8.1683,46.185],[8.1685,46.1837],[8.1684,46.1812],[8.1669,46.1797],[8.1633,46.1782],[8.1619,46.1775],[8.1608,46.1751],[8.1596,46.173],[8.1581,46.1716],[8.1559,46.1693],[8.1538,46.1669],[8.1532,46.1647],[8.1524,46.1632],[8.1524,46.161],[8.1537,46.1584],[8.1543,46.157],[8.1551,46.155],[8.1566,46.1523],[8.154,46.1457],[8.15,46.1415],[8.1483,46.1408],[8.145,46.1391],[8.1429,46.1383],[8.1413,46.138],[8.1405,46.1382],[8.1387,46.1385],[8.1359,46.1392],[8.1314,46.1381],[8.1263,46.1374],[8.1249,46.1367],[8.1231,46.1351],[8.1197,46.1333],[8.1188,46.1324],[8.1182,46.1307],[8.1176,46.1221],[8.1166,46.1195],[8.116,46.1188],[8.1137,46.1177],[8.1128,46.1168],[8.1105,46.1141],[8.1058,46.1138],[8.103,46.1132],[8.1018,46.1127],[8.1007,46.1115],[8.0943,46.1106],[8.0869,46.1086],[8.0842,46.1081],[8.0833,46.1081],[8.081,46.1087],[8.0737,46.1088],[8.0701,46.1083],[8.0678,46.1078],[8.0642,46.1066],[8.0605,46.1049],[8.0582,46.1044],[8.0551,46.1049],[8.0524,46.105],[8.0486,46.1029],[8.0465,46.1027],[8.0444,46.1027],[8.0372,46.1029],[8.0366,46.1003],[8.0356,46.0951],[8.0339,46.0929],[8.0333,46.0907],[8.0333,46.0886],[8.033,46.0871],[8.0322,46.0846],[8.026,46.0771],[8.0252,46.0757],[8.0259,46.0713],[8.0272,46.0666],[8.0298,46.0601],[8.0338,46.0542],[8.0347,46.0521],[8.0373,46.0489],[8.0378,46.0476],[8.0376,46.0467],[8.037,46.0463],[8.0361,46.0453],[8.0349,46.045],[8.0329,46.0438],[8.0313,46.0436],[8.0289,46.0429],[8.0253,46.0418],[8.0225,46.0395],[8.0204,46.0375],[8.0184,46.0354],[8.016,46.0334],[8.0191,46.0292],[8.0196,46.0277],[8.0191,46.0269],[8.0171,46.0258],[8.0147,46.0243],[8.0141,46.0225],[8.0144,46.0215],[8.0157,46.0192],[8.0146,46.0154],[8.0136,46.0141],[8.0073,46.0135],[8.0031,46.0138],[8.0026,46.0113],[8.0005,46.0087],[7.9987,46.0056],[7.9971,46.0024],[7.9928,45.9989],[7.991,45.9983],[7.9884,45.9987],[7.9866,45.9991],[7.9824,46.0006],[7.9808,46.0013],[7.9772,46.0013],[7.9735,46.0004],[7.9703,45.9998],[7.9642,45.9988],[7.9601,45.9979],[7.9554,45.9994],[7.9528,45.9999],[7.9495,45.9999],[7.9449,45.9995],[7.9382,45.999],[7.9328,45.998],[7.9301,45.999],[7.926,45.9991],[7.9238,45.9983],[7.9209,45.9978],[7.9166,45.9988],[7.9129,45.9988],[7.9117,45.9985],[7.9093,45.9968],[7.9082,45.9954],[7.9082,45.9939],[7.9064,45.9913],[7.9038,45.9905],[7.9023,45.9893],[7.9002,45.9876],[7.8972,45.9841],[7.8966,45.981],[7.894,45.9805],[7.8888,45.9798],[7.8858,45.9787],[7.8808,45.9772],[7.8831,45.9673],[7.88,45.9648],[7.8786,45.9623],[7.8794,45.9522],[7.8724,45.9506],[7.8726,45.9408],[7.8744,45.939],[7.8752,45.9365],[7.8766,45.9356],[7.8794,45.9306],[7.8792,45.9297],[7.8786,45.9285],[7.8771,45.9259],[7.8747,45.9223],[7.8733,45.9214],[7.8696,45.9215],[7.8679,45.921],[7.8661,45.9196],[7.8645,45.9197],[7.8631,45.9203],[7.8623,45.921],[7.8602,45.9227],[7.8587,45.9232],[7.8557,45.9231],[7.852,45.9231],[7.8463,45.9239],[7.8433,45.9242],[7.8391,45.9242],[7.836,45.9252],[7.8344,45.9265],[7.832,45.9277],[7.8229,45.929],[7.8205,45.9282],[7.8194,45.9271],[7.8178,45.9265],[7.8152,45.9258],[7.8127,45.925],[7.8082,45.9229],[7.8067,45.9209],[7.8059,45.9192],[7.8049,45.9193],[7.802,45.9199],[7.7994,45.9209],[7.7964,45.9222],[7.7937,45.925],[7.7918,45.9271],[7.7881,45.9292],[7.7837,45.93],[7.7805,45.9315],[7.7791,45.9323],[7.7745,45.9357],[7.7702,45.9396],[7.7683,45.9405],[7.7647,45.9413],[7.7599,45.9419],[7.751,45.9422],[7.7493,45.9389],[7.7476,45.9372],[7.7452,45.9344],[7.7416,45.9315],[7.7398,45.9303],[7.7389,45.9281],[7.7382,45.9269],[7.7376,45.9263],[7.7353,45.9262],[7.7296,45.926],[7.7228,45.9259],[7.7195,45.9282],[7.7149,45.9311],[7.714,45.934],[7.7127,45.9364],[7.7094,45.9371],[7.7088,45.9376],[7.7094,45.9395],[7.7103,45.9421],[7.7109,45.9454],[7.7111,45.9516],[7.7101,45.9526],[7.7032,45.9568],[7.7001,45.9581],[7.6978,45.9582],[7.6944,45.9585],[7.6878,45.9595],[7.6828,45.9601],[7.6786,45.9646],[7.678,45.9682],[7.6753,45.9698],[7.6739,45.9726],[7.6718,45.9732],[7.6697,45.9761],[7.6664,45.9781],[7.663,45.9785],[7.6619,45.9788],[7.6603,45.9789],[7.6577,45.9771],[7.6546,45.9764],[7.6526,45.9763],[7.6498,45.9752],[7.6475,45.9741],[7.6441,45.9728],[7.6401,45.9727],[7.6374,45.9728],[7.6232,45.9745],[7.6197,45.974],[7.6112,45.9712],[7.607,45.9721],[7.597,45.9735],[7.5934,45.973],[7.5895,45.9733],[7.5873,45.9741],[7.5854,45.9754],[7.5825,45.9777],[7.5824,45.9803],[7.5822,45.9822],[7.5809,45.9872],[7.5806,45.9883],[7.5799,45.9888],[7.5781,45.9903],[7.5769,45.9911],[7.5737,45.9911],[7.571,45.991],[7.5691,45.9907],[7.5664,45.9898],[7.5634,45.9894],[7.5547,45.988],[7.5513,45.9875],[7.5496,45.9868],[7.5496,45.9854],[7.5496,45.9831],[7.5457,45.9797],[7.5459,45.9747],[7.5494,45.9662],[7.5493,45.9636],[7.5443,45.9591],[7.5414,45.958],[7.5381,45.9594],[7.5357,45.9599],[7.5331,45.9594],[7.531,45.9594],[7.5281,45.9604],[7.5258,45.9604],[7.524,45.9613],[7.5195,45.9643],[7.5173,45.963],[7.5149,45.961],[7.5086,45.9606],[7.507,45.9621],[7.5055,45.9633],[7.5025,45.964],[7.5018,45.9636],[7.5007,45.963],[7.5004,45.9621],[7.5,45.9602],[7.4985,45.9587],[7.4958,45.9583],[7.492,45.9583],[7.489,45.9572],[7.4874,45.9561],[7.4828,45.9548],[7.4814,45.9538],[7.4784,45.9523],[7.4769,45.951],[7.4766,45.9486],[7.4781,45.9423],[7.4783,45.9404],[7.4783,45.9389],[7.4775,45.938],[7.4762,45.9372],[7.4739,45.9365],[7.4714,45.9365],[7.467,45.9373],[7.4633,45.9379],[7.4611,45.9355],[7.4591,45.9346],[7.4485,45.9334],[7.4469,45.9303],[7.4428,45.9273],[7.4404,45.925],[7.4312,45.9174],[7.4288,45.9167],[7.4268,45.9162],[7.4254,45.9142],[7.4228,45.9136],[7.4204,45.9132],[7.4182,45.9122],[7.4118,45.9105],[7.4092,45.9105],[7.4059,45.9123],[7.4036,45.9107],[7.4009,45.9061],[7.3968,45.9029],[7.3907,45.8992],[7.3885,45.8986],[7.384,45.9002],[7.3776,45.9031],[7.3735,45.9049],[7.3701,45.9059],[7.3673,45.9055],[7.3655,45.9054],[7.364,45.9061],[7.3597,45.9088],[7.3589,45.9122],[7.3528,45.9144],[7.3501,45.9158],[7.3477,45.9166],[7.342,45.9143],[7.3329,45.912],[7.3271,45.9119],[7.3217,45.9131],[7.3198,45.918],[7.3147,45.9182],[7.3121,45.9196],[7.3056,45.9189],[7.3008,45.9222],[7.2981,45.923],[7.2951,45.9226],[7.2944,45.9213],[7.2938,45.9201],[7.2908,45.9186],[7.2886,45.9139],[7.2869,45.912],[7.2851,45.9097],[7.2841,45.9073],[7.2828,45.9049],[7.2811,45.9039],[7.2762,45.9025],[7.2635,45.8928],[7.2614,45.8919],[7.2599,45.8923],[7.2567,45.8945],[7.2543,45.8955],[7.2499,45.8949],[7.2432,45.8933],[7.2393,45.8935],[7.2356,45.8943],[7.2334,45.8948],[7.2314,45.8944],[7.2299,45.8936],[7.2278,45.8936],[7.2213,45.8922],[7.2204,45.8879],[7.2186,45.887],[7.2125,45.8842],[7.2104,45.8825],[7.2098,45.8817],[7.2085,45.8801],[7.2057,45.8778],[7.2037,45.8748],[7.2036,45.8696],[7.2045,45.8675],[7.2054,45.8667],[7.2002,45.8622],[7.1957,45.8605],[7.191,45.8613],[7.1892,45.8625],[7.1842,45.8661],[7.1798,45.8653],[7.1652,45.8762],[7.1673,45.8771],[7.1681,45.878],[7.1679,45.8793],[7.1661,45.8806],[7.1594,45.8822],[7.1546,45.8804],[7.1415,45.8759],[7.1396,45.8741],[7.1387,45.8717],[7.1381,45.8707],[7.1341,45.8688],[7.1326,45.8667],[7.1301,45.8664],[7.1262,45.8643],[7.1235,45.8623],[7.1214,45.8618],[7.119,45.8617],[7.117,45.8612],[7.1109,45.8599],[7.1074,45.8601],[7.1062,45.8606],[7.1029,45.8624],[7.1016,45.8637],[7.1016,45.8647],[7.1011,45.8677],[7.099,45.8715],[7.0978,45.873],[7.0969,45.8741],[7.0967,45.8761],[7.0981,45.879],[7.0895,45.8869],[7.0873,45.8869],[7.0846,45.8878],[7.0835,45.8893],[7.082,45.8916],[7.08,45.8938],[7.0791,45.8958],[7.0791,45.8968],[7.077,45.897],[7.0746,45.8984],[7.0725,45.9001],[7.0697,45.9012],[7.0671,45.9029],[7.0675,45.9102],[7.0677,45.9123],[7.0654,45.9143],[7.0627,45.9156],[7.0576,45.9174],[7.0486,45.9239],[7.0413,45.9488],[7.0121,45.9745],[7.0246,45.9797],[7.0253,45.9833],[7.0168,45.9888],[7.0101,46.0019],[6.9993,46.0015],[6.9738,46.0288],[6.9669,46.0321],[6.9546,46.0535],[6.9388,46.0577],[6.9412,46.0651],[6.9387,46.0669],[6.9302,46.066],[6.9176,46.0548],[6.8961,46.0438],[6.8763,46.0545],[6.8952,46.0768],[6.8926,46.0822],[6.896,46.0865],[6.8856,46.0973],[6.9031,46.1254],[6.8977,46.1271],[6.8534,46.1284],[6.846,46.1335],[6.8194,46.1302],[6.804,46.1368],[6.7938,46.1544],[6.8158,46.1832],[6.8131,46.192],[6.8108,46.1982],[6.8245,46.2312],[6.8244,46.2351],[6.8333,46.2368],[6.8586,46.2609],[6.8637,46.2923],[6.8517,46.2911],[6.8321,46.3048],[6.8277,46.3125],[6.8227,46.3166],[6.8056,46.3196],[6.8004,46.3333],[6.7915,46.3324],[6.7782,46.3475],[6.7761,46.3622],[6.8094,46.3802],[6.8091,46.3937],[6.8569,46.3853],[6.8579,46.3882],[6.8639,46.3875],[6.8644,46.3955],[6.8665,46.3956],[6.8724,46.3934],[6.8876,46.3955],[6.9187,46.3952],[6.9191,46.3956],[6.9208,46.395],[6.9244,46.396],[6.9255,46.3962],[6.935,46.4099],[6.9275,46.4211],[6.9194,46.4295],[6.9132,46.4304],[6.9068,46.4402],[6.8938,46.4413],[6.8822,46.4439],[6.8815,46.4456],[6.8719,46.4482],[6.866,46.4476],[6.8641,46.4481],[6.8576,46.4534],[6.8568,46.4571],[6.8402,46.4614],[6.8387,46.4623],[6.8366,46.4681],[6.8363,46.4685],[6.8172,46.4698],[6.8031,46.4716],[6.7899,46.4738],[6.7803,46.4747],[6.7566,46.4867],[6.7494,46.4887],[6.744,46.4881],[6.7427,46.4886],[6.7266,46.4864],[6.7173,46.4898],[6.708,46.4958],[6.6819,46.5042],[6.6737,46.5052],[6.6612,46.5053],[6.601,46.5161],[6.5958,46.5192],[6.5916,46.5178],[6.5862,46.5159],[6.5627,46.5084],[6.5525,46.5083],[6.5355,46.5115],[6.5197,46.5166],[6.5165,46.5149],[6.5111,46.5159],[6.4486,46.4736],[6.4262,46.4668],[6.3995,46.4602],[6.3971,46.4614],[6.3896,46.4654],[6.3866,46.465],[6.3587,46.4622],[6.3551,46.4621],[6.3542,46.4616],[6.3469,46.4609],[6.2913,46.4227],[6.275,46.3918],[6.2646,46.3939],[6.2617,46.3921],[6.2589,46.3925],[6.2482,46.3861],[6.2353,46.3708],[6.2318,46.3679],[6.2181,46.3546],[6.2163,46.3486],[6.1714,46.2958],[6.1597,46.2516],[6.1578,46.2494],[6.1573,46.2425],[6.1478,46.2067],[6.156,46.2085],[6.1544,46.2069],[6.1613,46.2061],[6.1793,46.2136],[6.1785,46.2149],[6.1979,46.2384],[6.1986,46.2422],[6.1973,46.2447],[6.2022,46.2638],[6.2161,46.2668],[6.2219,46.2731],[6.2423,46.291],[6.2479,46.3026],[6.2473,46.305],[6.2487,46.3056],[6.2605,46.2911],[6.2508,46.2859],[6.2444,46.2823],[6.2574,46.263],[6.2699,46.2556],[6.2683,46.2531],[6.2743,46.2496],[6.3032,46.2649],[6.3021,46.2598],[6.3036,46.2571],[6.3085,46.2565],[6.3104,46.2575],[6.3157,46.257],[6.3156,46.2476],[6.2983,46.2243],[6.2517,46.2069],[6.2511,46.2054],[6.2422,46.2068],[6.2303,46.2017],[6.2287,46.1995],[6.1927,46.1789],[6.1822,46.1588],[6.1588,46.1523],[6.1537,46.1482],[6.1507,46.1455],[6.1351,46.1405],[6.1058,46.1442],[6.1034,46.1428],[6.1003,46.1458],[6.1036,46.1481],[6.0996,46.1522],[6.0831,46.1489],[6.0813,46.1501],[6.0592,46.1517],[6.0445,46.1352],[6.0305,46.1409],[5.9907,46.1429],[5.9778,46.1321],[5.9764,46.1306],[5.9656,46.1289],[5.9627,46.1327],[5.9833,46.1621],[5.9895,46.1755]],[[8.7035,47.6927],[8.6893,47.6958],[8.6664,47.6856],[8.6612,47.691],[8.6696,47.6913],[8.6792,47.6977],[8.6668,47.7114],[8.6786,47.7122],[8.681,47.7089],[8.6921,47.7093],[8.6919,47.7118],[8.6997,47.7138],[8.7025,47.7143],[8.717,47.6911],[8.7035,47.6927]],[[8.9694,45.9684],[8.967,45.969],[8.9588,45.97],[8.9606,45.9792],[8.9644,45.9865],[8.9682,45.986],[8.9731,45.9837],[8.9734,45.9822],[8.9733,45.9803],[8.9734,45.9785],[8.9735,45.9776],[8.9739,45.9759],[8.9763,45.9751],[8.9739,45.9667],[8.9701,45.9676],[8.9694,45.9684]]]]}},{"type":"Feature","properties":{"NAME":"Switzerland","ABBREVN":"Switzerland","SUBJECTO":"Switzerland","BORDERPRECISION":3,"PARTOF":"Switzerland"},"geometry":{"type":"MultiPolygon","coordinates":[[[[9.5843,47.4091],[9.4646,47.2855],[9.5608,47.1559],[9.5208,47.0694],[9.8006,47.0417],[9.8042,46.9769],[10.0515,46.8677],[10.3118,47.017],[10.4086,46.9645],[10.3957,46.8874],[10.3387,46.7483],[10.3892,46.6528],[10.3721,46.5663],[10.2303,46.5893],[10.1512,46.6619],[10.0237,46.6209],[9.9874,46.4981],[10.0971,46.4389],[9.9945,46.2525],[9.885,46.4025],[9.6737,46.3798],[9.642,46.3252],[9.5449,46.3116],[9.441,46.3752],[9.3768,46.5345],[9.2101,46.4981],[9.2183,46.348],[9.027,46.1752],[9.0189,45.9344],[8.8907,45.8662],[8.7176,46.007],[8.7617,46.0888],[8.6219,46.1207],[8.3816,46.2843],[8.3745,46.4708],[8.0248,46.2888],[8.0709,46.1934],[7.9139,45.999],[7.7899,45.927],[7.5068,46.0025],[7.2248,45.9109],[6.9553,45.9389],[6.9099,46.1298],[6.8074,46.394],[6.8569,46.3853],[6.8605,46.3957],[6.9187,46.3952],[6.9309,46.4084],[6.9009,46.4397],[6.8579,46.4495],[6.832,46.4668],[6.7765,46.4734],[6.7691,46.4926],[6.7461,46.4871],[6.7427,46.4886],[6.7209,46.4856],[6.6894,46.5002],[6.592,46.5177],[6.5588,46.5072],[6.5111,46.5159],[6.4486,46.4736],[6.3994,46.4587],[6.3848,46.4643],[6.3469,46.4609],[6.2913,46.4227],[6.2741,46.3901],[6.2589,46.3925],[6.2482,46.3861],[6.1714,46.2958],[6.1478,46.2067],[6.1722,46.2119],[6.1938,46.2384],[6.1991,46.264],[6.2353,46.2891],[6.2778,46.3504],[6.3035,46.366],[6.3435,46.3701],[6.3609,46.3479],[6.3837,46.3416],[6.1079,46.1255],[5.9415,46.1755],[6.049,46.2772],[6.0546,46.4219],[6.0186,46.4835],[6.0584,46.6161],[6.3815,46.8041],[6.3643,46.946],[6.6233,47.054],[6.6287,47.088],[6.8663,47.3102],[6.9442,47.3257],[6.892,47.3658],[6.823,47.3782],[6.9219,47.5141],[7.1229,47.511],[7.1209,47.4678],[7.3334,47.4647],[7.5066,47.6037],[7.6284,47.5635],[7.751,47.6161],[7.8727,47.5728],[8.128,47.6439],[8.2531,47.5944],[8.4123,47.6037],[8.332,47.6933],[8.6508,47.783],[8.6586,47.715],[8.748,47.7212],[8.8154,47.681],[8.9835,47.6796],[8.9357,47.659],[8.8942,47.652],[8.8598,47.6572],[8.9065,47.6447],[8.961,47.6568],[8.9835,47.67],[9.0657,47.6742],[9.0902,47.673],[9.0963,47.666],[9.1779,47.6643],[9.1912,47.648],[9.3001,47.6107],[9.3824,47.5712],[9.3868,47.5443],[9.4374,47.5189],[9.4358,47.5065],[9.4662,47.4963],[9.4819,47.4817],[9.5299,47.4814],[9.5393,47.4872],[9.5843,47.4091]]],[[[9.1986,47.6779],[9.2161,47.671],[9.2179,47.6663],[9.1243,47.6707],[9.1181,47.6785],[9.1986,47.6779]]]]}},{"type":"Feature","properties":{"NAME":"Austria","ABBREVN":"Austria","SUBJECTO":"Austria","BORDERPRECISION":3,"PARTOF":"Austria"},"geometry":{"type":"MultiPolygon","coordinates":[[[[9.5601,47.4999],[9.561,47.5005],[9.5615,47.5003],[9.5612,47.5001],[9.5606,47.4998],[9.5601,47.4999]]],[[[9.7367,47.6161],[9.78,47.5666],[9.892,47.5635],[9.9383,47.5017],[10.0258,47.4801],[10.021,47.406],[10.138,47.3887],[10.1029,47.301],[10.1995,47.301],[10.4031,47.4554],[10.3883,47.579],[10.4954,47.5604],[10.6132,47.5852],[10.8348,47.545],[10.8766,47.4801],[10.9029,47.4152],[11.1703,47.4245],[11.34,47.4708],[11.3598,47.5295],[11.5034,47.5357],[11.5596,47.613],[12.122,47.6284],[12.1633,47.7088],[12.3582,47.7243],[12.4461,47.6624],[12.7001,47.6902],[12.7654,47.6377],[12.7437,47.5635],[12.942,47.4832],[12.9789,47.5079],[13.023,47.6624],[12.9981,47.7335],[12.8475,47.7397],[12.9363,47.8727],[12.6942,48.1294],[12.8582,48.2316],[13.2936,48.3647],[13.3667,48.4421],[13.3841,48.5939],[13.4437,48.6063],[13.64,48.5382],[13.9467,48.6551],[14.0118,48.6489],[14.1709,48.591],[14.3885,48.5465],[14.6575,48.6197],[14.9931,48.9678],[15.6115,48.8143],[16.0696,48.7122],[16.6692,48.7938],[16.9143,48.7037],[16.9388,48.661],[16.9629,48.619],[16.9193,48.3577],[16.989,48.2406],[17.3312,47.9947],[17.0452,47.8639],[17.0369,47.6988],[16.7216,47.6747],[16.6474,47.735],[16.5012,47.735],[16.4009,47.6465],[16.6045,47.6183],[16.6655,47.5298],[16.5951,47.4372],[16.4108,47.4091],[16.3929,47.2402],[16.4845,47.1558],[16.4152,47.0231],[16.2596,46.8888],[15.9474,46.8183],[15.9846,46.6416],[15.584,46.6938],[15.45,46.6055],[15.0679,46.6416],[14.8129,46.5934],[14.5218,46.3687],[14.3929,46.4369],[14.1174,46.4329],[14.0366,46.4811],[13.5689,46.5104],[13.354,46.5607],[12.9519,46.5975],[12.3619,46.7085],[12.2178,46.8843],[12.0748,46.9275],[12.0643,47.091],[11.6786,46.9892],[11.5433,47.0355],[11.343,46.9861],[11.2608,47.0232],[11.0958,46.9799],[10.9478,46.7949],[10.6794,46.8103],[10.4719,46.8667],[10.4727,46.8721],[10.4656,46.8856],[10.4671,46.8889],[10.4863,46.9301],[10.4887,46.9351],[10.4901,46.9381],[10.4883,46.9389],[10.4569,46.9524],[10.4545,46.9528],[10.4293,46.9567],[10.429,46.96],[10.4278,46.9738],[10.4263,46.9749],[10.3913,46.9997],[10.3895,47.001],[10.3858,47.0001],[10.3758,46.9977],[10.3558,46.9928],[10.3496,46.9929],[10.3558,46.9928],[10.3498,46.9913],[10.3441,46.9826],[10.3401,46.9802],[10.3412,46.9788],[10.3283,46.9608],[10.323,46.9534],[10.3223,46.9524],[10.3064,46.9412],[10.3166,46.9259],[10.3157,46.9256],[10.3126,46.9248],[10.2972,46.9206],[10.2503,46.9304],[10.2418,46.9322],[10.2414,46.9311],[10.2384,46.9222],[10.2316,46.9019],[10.2279,46.8908],[10.2284,46.8885],[10.232,46.8706],[10.2328,46.8669],[10.1938,46.8669],[10.1842,46.8622],[10.1733,46.8568],[10.1563,46.8485],[10.1454,46.8514],[10.1419,46.8513],[10.1145,46.8506],[10.1148,46.8481],[10.1041,46.8442],[10.0971,46.8522],[10.0951,46.8533],[10.0906,46.8558],[10.0916,46.8617],[10.0918,46.8629],[10.0851,46.8654],[10.0553,46.8652],[10.0546,46.8658],[10.049,46.871],[10.0253,46.8954],[10.0156,46.9054],[10.0113,46.9038],[9.9831,46.909],[9.9794,46.9097],[9.9772,46.9154],[9.9758,46.9192],[9.9613,46.9156],[9.9606,46.9178],[9.9424,46.9163],[9.9139,46.9253],[9.8764,46.9381],[9.8758,46.9382],[9.8764,46.939],[9.8792,46.9422],[9.8766,46.9432],[9.8747,46.9439],[9.8742,46.9525],[9.8759,46.9528],[9.8716,46.9624],[9.871,46.9637],[9.8703,46.9654],[9.8834,46.9821],[9.882,46.9845],[9.8909,46.991],[9.8764,47.0071],[9.873,47.0109],[9.8703,47.0139],[9.8799,47.0202],[9.8632,47.0242],[9.8566,47.0257],[9.8426,47.0185],[9.8289,47.0176],[9.8216,47.0238],[9.8107,47.0253],[9.7813,47.0411],[9.7498,47.0396],[9.746,47.0394],[9.7422,47.0437],[9.7347,47.045],[9.7106,47.0495],[9.7102,47.0506],[9.7082,47.0561],[9.7106,47.0495],[9.7045,47.0507],[9.7092,47.0529],[9.7074,47.056],[9.7071,47.0567],[9.6854,47.0598],[9.6831,47.0601],[9.6815,47.0634],[9.6808,47.0647],[9.6421,47.0625],[9.6347,47.0547],[9.6187,47.0553],[9.6158,47.0555],[9.6025,47.0636],[9.602,47.064],[9.6064,47.0779],[9.6139,47.0789],[9.6274,47.0836],[9.6312,47.096],[9.6337,47.0976],[9.6169,47.1099],[9.6206,47.1172],[9.6299,47.1271],[9.6219,47.1307],[9.6177,47.15],[9.61,47.1455],[9.5879,47.1639],[9.5638,47.1695],[9.5648,47.1717],[9.5706,47.1746],[9.571,47.186],[9.5704,47.1887],[9.5773,47.1938],[9.5819,47.2041],[9.5584,47.2216],[9.555,47.2205],[9.5517,47.2218],[9.5542,47.224],[9.557,47.2285],[9.5658,47.2368],[9.5553,47.2491],[9.5397,47.259],[9.5415,47.2601],[9.5304,47.2659],[9.5302,47.266],[9.53,47.2689],[9.5298,47.272],[9.5299,47.2735],[9.5435,47.2789],[9.5515,47.2882],[9.5639,47.3026],[9.5659,47.3049],[9.5757,47.3092],[9.5952,47.3333],[9.6167,47.3598],[9.6224,47.3668],[9.644,47.368],[9.6507,47.3684],[9.6511,47.3686],[9.6723,47.3833],[9.6557,47.4021],[9.6515,47.4069],[9.6507,47.4077],[9.6511,47.4133],[9.6508,47.4162],[9.6455,47.4316],[9.6458,47.4322],[9.6515,47.4432],[9.6515,47.4433],[9.6571,47.4524],[9.6585,47.4548],[9.6179,47.4619],[9.6163,47.4634],[9.6094,47.4699],[9.6069,47.4723],[9.6007,47.4639],[9.5956,47.466],[9.5884,47.4737],[9.5798,47.483],[9.5758,47.4873],[9.5626,47.4999],[9.5984,47.4873],[9.6413,47.5071],[9.6478,47.4881],[9.6658,47.496],[9.6781,47.4888],[9.6992,47.5063],[9.7428,47.5046],[9.7524,47.5108],[9.7124,47.5506],[9.6803,47.5427],[9.6802,47.5563],[9.6655,47.5562],[9.7367,47.6161]],[[9.6158,47.06],[9.6152,47.061],[9.6187,47.0553],[9.6158,47.06]]]]}},{"type":"Feature","properties":{"NAME":"Liechtenstein","ABBREVN":"Liechtenstein","SUBJECTO":"Liechtenstein","BORDERPRECISION":3,"PARTOF":"Liechtenstein"},"geometry":{"type":"MultiPolygon","coordinates":[[[[9.5117,47.0852],[9.5169,47.1173],[9.5156,47.122],[9.5094,47.1414],[9.5019,47.1489],[9.4962,47.1591],[9.4873,47.19],[9.4887,47.1944],[9.4905,47.1978],[9.4959,47.2052],[9.5085,47.2307],[9.5302,47.266],[9.5415,47.2601],[9.5397,47.259],[9.5553,47.2491],[9.5658,47.2368],[9.557,47.2285],[9.5542,47.224],[9.5517,47.2218],[9.555,47.2205],[9.5584,47.2216],[9.5819,47.2041],[9.5773,47.1938],[9.5704,47.1887],[9.571,47.186],[9.5706,47.1746],[9.5648,47.1717],[9.5638,47.1695],[9.5879,47.1639],[9.61,47.1455],[9.6177,47.15],[9.6219,47.1307],[9.6299,47.1271],[9.6206,47.1172],[9.6169,47.1099],[9.6337,47.0976],[9.6312,47.096],[9.6274,47.0836],[9.6139,47.0789],[9.6064,47.0779],[9.602,47.064],[9.597,47.0625],[9.5849,47.057],[9.5572,47.0514],[9.5536,47.0535],[9.5479,47.0636],[9.5395,47.0675],[9.5278,47.0656],[9.4992,47.0594],[9.4968,47.0571],[9.4915,47.0596],[9.4853,47.0536],[9.4838,47.0522],[9.482,47.0582],[9.4734,47.0575],[9.4744,47.0673],[9.5117,47.0852]]],[[[9.5002,47.214],[9.5002,47.214],[9.4979,47.2092],[9.5002,47.214]]]]}},{"type":"Feature","properties":{"NAME":"Germany","ABBREVN":"Germany","SUBJECTO":"Germany","BORDERPRECISION":3,"PARTOF":"Germany"},"geometry":{"type":"MultiPolygon","coordinates":[[[[7.6385,47.5899],[7.6132,47.5798],[7.6119,47.5887],[7.5982,47.5904],[7.5965,47.5888],[7.5856,47.578],[7.5854,47.5777],[7.5066,47.6037],[7.446,47.7088],[7.5431,48.0242],[7.5021,48.0583],[7.536,48.1913],[7.6806,48.3585],[7.7046,48.5196],[7.7291,48.6156],[8.1583,48.9783],[7.8857,49.0652],[7.6705,49.059],[7.4654,49.0993],[7.4228,49.1831],[7.3174,49.1862],[7.285,49.1645],[6.9747,49.1366],[6.9544,49.2017],[6.7772,49.1769],[6.6255,49.3018],[6.433,49.4453],[6.3995,49.6042],[6.5114,49.6689],[6.5309,49.7984],[6.3215,49.8416],[6.1366,49.982],[6.1085,50.1175],[6.2984,50.2869],[6.2814,50.4976],[6.1545,50.6618],[5.9996,50.7416],[6.0739,50.8666],[6.0097,50.9645],[5.9279,50.9808],[5.9642,51.0243],[6.0702,51.0842],[6.1762,51.1441],[6.0892,51.1985],[6.1796,51.3223],[6.2223,51.3891],[6.1538,51.5207],[6.1169,51.6399],[5.9479,51.7217],[5.9794,51.8035],[6.1327,51.8384],[6.2114,51.8799],[6.3814,51.8199],[6.6804,51.8878],[6.8246,51.9564],[6.8822,52.1257],[7.0677,52.2186],[7.069,52.3663],[6.9969,52.4429],[6.9119,52.4155],[6.7136,52.4757],[6.7268,52.5583],[6.7781,52.6399],[7.0348,52.6235],[7.0729,52.8043],[7.228,52.9667],[7.1599,53.164],[7.1897,53.2301],[6.9807,53.3167],[7.0373,53.5101],[7.1656,53.5917],[7.3324,53.6044],[7.8364,53.6321],[7.9685,53.6375],[8.011,53.5657],[8.0987,53.4439],[8.0291,53.3726],[8.175,53.3217],[8.2419,53.3523],[8.2608,53.4388],[8.189,53.5305],[8.3057,53.5254],[8.5018,53.449],[8.4287,53.612],[8.5395,53.8007],[8.8485,53.7497],[9.125,53.7905],[8.8571,53.867],[8.819,53.969],[8.9463,54.015],[8.8327,54.066],[8.7788,54.1324],[8.8533,54.1682],[8.884,54.2294],[8.5807,54.1937],[8.5539,54.2754],[8.8524,54.3316],[8.9506,54.4186],[8.7421,54.6078],[8.596,54.7614],[8.6161,54.8874],[8.6686,54.8803],[9.496,54.9383],[9.6103,54.88],[9.8644,54.7263],[9.9867,54.5924],[9.978,54.4901],[9.8648,54.4114],[10.0649,54.4339],[10.1417,54.3368],[10.2129,54.3719],[10.3402,54.3623],[10.446,54.292],[10.6486,54.259],[11.0386,54.3133],[11.073,54.2196],[11.0414,54.1527],[11.0159,54.0967],[10.7167,53.9639],[10.8589,53.8772],[11.1514,53.9384],[11.2025,53.8568],[11.4078,53.8593],[11.565,54.0354],[12.0411,54.0967],[12.3119,54.2019],[12.6525,54.3214],[12.7648,54.2703],[12.9431,54.347],[13.0258,54.2652],[13.0638,54.1937],[13.3492,54.0635],[13.431,54.0302],[13.6676,54.0842],[13.7378,54.0303],[13.7643,53.8772],[13.7805,53.7752],[13.8502,53.7293],[14.0097,53.6732],[14.1769,53.6834],[14.1896,53.6248],[14.2802,53.6134],[14.4239,53.2378],[14.3256,53.0038],[14.1499,52.9377],[14.1268,52.7904],[14.3026,52.7447],[14.6097,52.5518],[14.5121,52.3743],[14.5544,52.2932],[14.6949,52.2273],[14.6858,52.0905],[14.7449,52.0449],[14.6914,51.9133],[14.5953,51.8576],[14.5921,51.7716],[14.7388,51.6502],[14.6873,51.534],[14.8975,51.4493],[15.0242,51.231],[14.8289,50.9169],[14.7648,50.8653],[14.6103,50.8979],[14.5964,51.023],[14.4578,51.0774],[14.2617,51.0447],[14.3888,50.9468],[14.2747,50.9088],[14.1465,50.8653],[13.9107,50.8435],[13.8548,50.7674],[13.5242,50.7565],[13.4733,50.6587],[13.3942,50.6913],[13.233,50.6638],[13.1894,50.561],[13.0175,50.5555],[12.9823,50.4741],[12.7837,50.4741],[12.5939,50.3836],[12.4616,50.3981],[12.3448,50.3167],[12.2354,50.2408],[12.2523,50.2159],[12.3684,50.0456],[12.5542,50.0016],[12.4844,49.8888],[12.4483,49.7061],[12.5197,49.6676],[12.5363,49.5626],[12.6458,49.4846],[12.8608,49.3656],[12.9453,49.3979],[13.2031,49.1662],[13.3969,49.0895],[13.4797,48.9992],[13.5782,49.0369],[13.6521,48.9561],[13.7455,48.9399],[13.9467,48.6551],[13.64,48.5382],[13.4437,48.6063],[13.3841,48.5939],[13.3667,48.4421],[13.2936,48.3647],[12.8582,48.2316],[12.6942,48.1294],[12.9363,47.8727],[12.8475,47.7397],[12.9981,47.7335],[13.023,47.6624],[12.9789,47.5079],[12.942,47.4832],[12.7437,47.5635],[12.7654,47.6377],[12.7001,47.6902],[12.4461,47.6624],[12.3582,47.7243],[12.1633,47.7088],[12.122,47.6284],[11.5596,47.613],[11.5034,47.5357],[11.3598,47.5295],[11.34,47.4708],[11.1703,47.4245],[10.9029,47.4152],[10.8766,47.4801],[10.8348,47.545],[10.6132,47.5852],[10.4954,47.5604],[10.3883,47.579],[10.4031,47.4554],[10.1995,47.301],[10.1029,47.301],[10.138,47.3887],[10.021,47.406],[10.0258,47.4801],[9.9383,47.5017],[9.892,47.5635],[9.78,47.5666],[9.7367,47.6161],[9.6655,47.5562],[9.6532,47.5562],[9.6282,47.5704],[9.6067,47.5725],[9.6009,47.5853],[9.5634,47.5847],[9.5339,47.5968],[9.5023,47.6464],[9.4882,47.6515],[9.4661,47.648],[9.4212,47.6659],[9.3476,47.6609],[9.2878,47.6838],[9.2372,47.7115],[9.2258,47.7393],[9.1324,47.7723],[9.1057,47.7924],[9.043,47.8176],[9.0306,47.805],[9.0669,47.7795],[9.1736,47.7344],[9.1798,47.7046],[9.2013,47.7074],[9.188,47.6993],[9.2115,47.6828],[9.2179,47.6663],[9.1243,47.6707],[9.1125,47.6857],[9.0814,47.6832],[9.0433,47.6935],[9.0482,47.7083],[9.0845,47.6897],[9.109,47.6902],[9.1009,47.7024],[8.9872,47.7434],[9.014,47.7196],[8.9592,47.7374],[8.94,47.7262],[8.9943,47.7067],[9.0064,47.6948],[8.9946,47.6844],[8.9357,47.659],[8.8942,47.652],[8.8606,47.6571],[8.8648,47.6579],[8.8781,47.6556],[8.8718,47.673],[8.8685,47.6743],[8.8535,47.6804],[8.8524,47.6808],[8.859,47.6935],[8.8557,47.6945],[8.8525,47.6955],[8.8529,47.6975],[8.8618,47.6987],[8.8623,47.6967],[8.8636,47.6976],[8.8674,47.6965],[8.8658,47.6942],[8.8649,47.693],[8.8726,47.6928],[8.8738,47.694],[8.8755,47.6957],[8.8772,47.6974],[8.8746,47.699],[8.8694,47.7019],[8.8732,47.7038],[8.8736,47.704],[8.8732,47.704],[8.8515,47.7032],[8.851,47.7036],[8.8482,47.7057],[8.8393,47.7127],[8.8363,47.7151],[8.8318,47.714],[8.8219,47.7115],[8.8247,47.7175],[8.8196,47.7172],[8.8071,47.7242],[8.807,47.726],[8.8116,47.7277],[8.8134,47.7283],[8.8103,47.7333],[8.808,47.7369],[8.7987,47.7336],[8.8006,47.727],[8.7878,47.7275],[8.7824,47.7208],[8.7807,47.7219],[8.7765,47.7182],[8.7731,47.7193],[8.7712,47.7069],[8.7935,47.7049],[8.8001,47.6963],[8.8116,47.6942],[8.8015,47.6915],[8.7976,47.6748],[8.7896,47.6768],[8.7757,47.6803],[8.7281,47.6924],[8.7283,47.6929],[8.7369,47.7169],[8.7344,47.7173],[8.718,47.7201],[8.7183,47.7215],[8.7228,47.7433],[8.723,47.7439],[8.7413,47.7479],[8.7455,47.7488],[8.7427,47.7505],[8.7388,47.753],[8.7338,47.7562],[8.7298,47.7587],[8.7307,47.7599],[8.7311,47.7604],[8.73,47.7607],[8.7172,47.7647],[8.7152,47.7654],[8.7149,47.7652],[8.7067,47.7613],[8.6949,47.7571],[8.6934,47.7593],[8.6871,47.7691],[8.686,47.7708],[8.6869,47.7713],[8.6889,47.7725],[8.6829,47.7829],[8.6809,47.7865],[8.6775,47.7856],[8.676,47.7869],[8.6604,47.8003],[8.6594,47.7997],[8.6482,47.7936],[8.6517,47.7752],[8.656,47.7759],[8.6485,47.7669],[8.6454,47.7652],[8.6441,47.7645],[8.6342,47.7592],[8.6316,47.7614],[8.6211,47.77],[8.6264,47.7781],[8.6182,47.7808],[8.618,47.7816],[8.6168,47.786],[8.6205,47.7897],[8.6264,47.7956],[8.6168,47.8006],[8.6141,47.8011],[8.6037,47.8028],[8.601,47.8033],[8.5983,47.801],[8.5964,47.7992],[8.5949,47.8001],[8.5899,47.8031],[8.5894,47.8023],[8.589,47.8017],[8.5793,47.8001],[8.5791,47.8004],[8.5718,47.8081],[8.5692,47.8069],[8.5659,47.8054],[8.5645,47.7931],[8.5707,47.7883],[8.575,47.785],[8.5785,47.7823],[8.5772,47.7819],[8.5671,47.7785],[8.5553,47.7855],[8.5517,47.7841],[8.5207,47.7718],[8.5149,47.7749],[8.5129,47.776],[8.5117,47.7758],[8.504,47.7745],[8.495,47.773],[8.4925,47.7726],[8.4537,47.731],[8.4584,47.7302],[8.4581,47.7262],[8.4559,47.7256],[8.448,47.7235],[8.4474,47.7228],[8.4426,47.7171],[8.4383,47.7179],[8.4087,47.6979],[8.4147,47.6952],[8.4168,47.6868],[8.4179,47.6824],[8.4187,47.6791],[8.4074,47.6744],[8.4073,47.6744],[8.4077,47.674],[8.4144,47.6667],[8.425,47.6675],[8.4364,47.6579],[8.4595,47.6533],[8.4675,47.6566],[8.4671,47.6425],[8.4762,47.6385],[8.4767,47.6383],[8.48,47.6396],[8.4778,47.6402],[8.4735,47.6415],[8.4735,47.6435],[8.4807,47.645],[8.4806,47.6467],[8.4755,47.6475],[8.4754,47.649],[8.4829,47.6492],[8.4854,47.6434],[8.49,47.6446],[8.4909,47.6429],[8.4943,47.6422],[8.4952,47.6421],[8.4955,47.6464],[8.4955,47.6467],[8.4956,47.6467],[8.5069,47.6461],[8.5308,47.6449],[8.5313,47.6448],[8.5311,47.6457],[8.5281,47.6576],[8.5276,47.6595],[8.5275,47.66],[8.5342,47.6635],[8.5421,47.6579],[8.5425,47.6576],[8.5423,47.6582],[8.5406,47.6636],[8.5456,47.665],[8.5639,47.6699],[8.5643,47.67],[8.5683,47.6648],[8.5687,47.6643],[8.5694,47.6644],[8.5948,47.6687],[8.6001,47.6696],[8.6008,47.6719],[8.606,47.6718],[8.6094,47.6717],[8.6313,47.6499],[8.6279,47.6482],[8.6071,47.6379],[8.6056,47.6372],[8.603,47.6412],[8.6094,47.6419],[8.6123,47.6422],[8.6131,47.6439],[8.6134,47.6447],[8.6151,47.6485],[8.6125,47.6494],[8.6061,47.6516],[8.6049,47.6478],[8.5971,47.6414],[8.6076,47.6149],[8.5985,47.605],[8.5958,47.6057],[8.5942,47.6061],[8.5913,47.6033],[8.5838,47.5959],[8.5672,47.5971],[8.5672,47.5991],[8.5671,47.5999],[8.567,47.6032],[8.5669,47.6089],[8.5753,47.6101],[8.5714,47.6168],[8.5713,47.617],[8.5707,47.617],[8.5628,47.6174],[8.5575,47.6245],[8.5442,47.6261],[8.5441,47.6265],[8.5433,47.6284],[8.5425,47.6281],[8.5395,47.6269],[8.5398,47.6312],[8.533,47.6322],[8.5227,47.6338],[8.5218,47.6322],[8.5171,47.6237],[8.5119,47.6239],[8.5107,47.6239],[8.5098,47.6203],[8.5092,47.6173],[8.4827,47.615],[8.4812,47.6149],[8.4793,47.612],[8.4763,47.6074],[8.4749,47.6094],[8.4729,47.6065],[8.4594,47.6025],[8.4693,47.5846],[8.4892,47.5886],[8.4945,47.5818],[8.4937,47.5816],[8.4442,47.5683],[8.4346,47.5658],[8.429,47.5675],[8.4287,47.5676],[8.4032,47.5765],[8.4023,47.5758],[8.387,47.5648],[8.3324,47.5708],[8.3316,47.5714],[8.3137,47.584],[8.3006,47.6042],[8.298,47.6049],[8.2781,47.6104],[8.259,47.6156],[8.2535,47.6135],[8.2312,47.6048],[8.2279,47.6085],[8.2171,47.6207],[8.213,47.6187],[8.185,47.6052],[8.1784,47.6021],[8.141,47.5841],[8.13,47.5839],[8.1184,47.5837],[8.1181,47.5833],[8.0986,47.5578],[8.0914,47.5596],[8.0762,47.5635],[8.0722,47.5622],[8.0418,47.5531],[8.0367,47.5534],[7.968,47.5581],[7.9669,47.5573],[7.9548,47.5489],[7.946,47.5492],[7.919,47.5502],[7.9104,47.5663],[7.9045,47.5771],[7.911,47.5703],[7.9045,47.5771],[7.8997,47.586],[7.8914,47.5864],[7.8599,47.5878],[7.8281,47.5892],[7.8266,47.5875],[7.8083,47.5653],[7.8027,47.5638],[7.7131,47.5405],[7.6911,47.5339],[7.6433,47.5608],[7.64,47.5626],[7.6432,47.5659],[7.676,47.5663],[7.6773,47.5653],[7.679,47.564],[7.6838,47.5658],[7.6849,47.5662],[7.6823,47.5664],[7.6876,47.572],[7.6897,47.5688],[7.6908,47.5672],[7.6929,47.5672],[7.6866,47.5852],[7.678,47.5861],[7.6998,47.6015],[7.6888,47.5964],[7.6828,47.5937],[7.669,47.5949],[7.6546,47.5962],[7.6525,47.5954],[7.6385,47.5899]],[[8.1961,47.617],[8.2087,47.6203],[8.1934,47.6162],[8.1961,47.617]]],[[[9.5277,47.4813],[9.5097,47.4807],[9.4822,47.4817],[9.5278,47.4814],[9.5277,47.4813]]],[[[9.4489,47.5008],[9.4481,47.5018],[9.4475,47.5026],[9.4662,47.4963],[9.4723,47.4907],[9.4489,47.5008]]],[[[9.4367,47.5062],[9.4361,47.5062],[9.436,47.5064],[9.4368,47.5062],[9.4367,47.5062]]],[[[9.4358,47.507],[9.4356,47.5074],[9.4358,47.5083],[9.4361,47.5093],[9.4358,47.5069],[9.4358,47.507]]],[[[9.4313,47.5204],[9.423,47.5233],[9.4204,47.5242],[9.4154,47.5274],[9.4074,47.534],[9.4073,47.5341],[9.4374,47.5189],[9.4373,47.5182],[9.4313,47.5204]]],[[[9.3861,47.5457],[9.3838,47.5469],[9.3811,47.553],[9.3798,47.5564],[9.3811,47.5652],[9.3792,47.5655],[9.381,47.568],[9.3829,47.5682],[9.3866,47.5454],[9.3861,47.5457]]],[[[9.3584,47.5803],[9.3559,47.5815],[9.3497,47.5839],[9.3307,47.591],[9.3132,47.6009],[9.2824,47.6168],[9.3001,47.6107],[9.3824,47.5712],[9.3828,47.5685],[9.3584,47.5803]]],[[[9.2224,47.6355],[9.222,47.6375],[9.2285,47.6353],[9.2224,47.6355]]],[[[9.1896,47.6494],[9.1808,47.6518],[9.1823,47.6555],[9.1827,47.6563],[9.1811,47.656],[9.172,47.6545],[9.1655,47.6595],[9.1588,47.6647],[9.1779,47.6643],[9.1903,47.6492],[9.1896,47.6494]]],[[[9.1387,47.6633],[9.1382,47.6629],[9.1147,47.6655],[9.0991,47.6657],[9.0986,47.666],[9.1412,47.6651],[9.1387,47.6633]]],[[[9.0912,47.6703],[9.0861,47.6732],[9.0902,47.673],[9.094,47.6686],[9.0912,47.6703]]],[[[9.0801,47.6717],[9.0784,47.6708],[9.0776,47.6704],[9.0763,47.6709],[9.0723,47.6726],[9.0689,47.674],[9.065,47.6735],[9.0548,47.6737],[9.0657,47.6742],[9.0831,47.6734],[9.0801,47.6717]]],[[[9.0435,47.6726],[9.0362,47.6727],[9.0456,47.6732],[9.0435,47.6726]]],[[[8.9746,47.6648],[8.9835,47.67],[9.0039,47.671],[8.9746,47.6648]]],[[[8.971,47.6609],[8.9707,47.6601],[8.967,47.6593],[8.964,47.6586],[8.9721,47.6633],[8.971,47.6609]]],[[[8.9266,47.6484],[8.9263,47.6484],[8.9233,47.6484],[8.9278,47.6494],[8.9266,47.6484]]],[[[8.907,47.6443],[8.8947,47.6442],[8.8919,47.6458],[8.884,47.6503],[8.8819,47.6513],[8.9065,47.6447],[8.9105,47.6456],[8.907,47.6443]]],[[[8.8722,47.6527],[8.8702,47.6525],[8.8656,47.6543],[8.8633,47.6552],[8.8604,47.6567],[8.86,47.657],[8.8601,47.657],[8.8604,47.657],[8.875,47.6531],[8.8722,47.6527]]],[[[14.0699,53.9178],[14.1454,53.8265],[14.0684,53.8435],[14.0287,53.8655],[13.8278,53.8297],[13.7774,53.9486],[13.7784,54.0444],[14.0699,53.9178]]],[[[8.6991,47.7137],[8.6997,47.7138],[8.7025,47.7143],[8.7153,47.6939],[8.717,47.6911],[8.7035,47.6927],[8.6893,47.6958],[8.6667,47.6857],[8.6664,47.6856],[8.6661,47.6859],[8.6623,47.6898],[8.6612,47.691],[8.6645,47.6911],[8.6696,47.6913],[8.6792,47.6977],[8.6668,47.7114],[8.6786,47.7122],[8.681,47.7089],[8.6852,47.7091],[8.6876,47.7091],[8.6921,47.7093],[8.6919,47.7114],[8.6919,47.7118],[8.6935,47.7122],[8.6991,47.7137]]]]}},{"type":"Feature","properties":{"NAME":"Italy","ABBREVN":"Italy","SUBJECTO":"Italy","BORDERPRECISION":3,"PARTOF":"Italy"},"geometry":{"type":"MultiPolygon","coordinates":[[[[8.9285,45.8863],[8.9267,45.8919],[8.9337,45.8704],[8.9285,45.8863]]]]}},{"type":"Feature","properties":{"NAME":null,"ABBREVN":null,"SUBJECTO":null,"BORDERPRECISION":3,"PARTOF":null},"geometry":{"type":"MultiPolygon","coordinates":[[[[27.7814,35.8903],[27.7686,35.8936],[27.7331,35.9111],[27.7303,35.9133],[27.7286,35.9167],[27.7222,35.9297],[27.7192,35.9408],[27.7214,35.9494],[27.7308,35.9789],[27.7408,36.1044],[27.7197,36.1661],[27.7889,36.2517],[27.8031,36.2683],[27.8058,36.2706],[27.8761,36.3197],[27.8958,36.3322],[27.9092,36.3397],[28.0683,36.405],[28.1075,36.4186],[28.2072,36.4425],[28.2108,36.4525],[28.2128,36.4555],[28.2158,36.4578],[28.2192,36.4569],[28.2258,36.453],[28.2339,36.4414],[28.238,36.4311],[28.2069,36.3436],[28.1869,36.3],[28.1414,36.2105],[28.1228,36.1858],[28.0636,36.1119],[28.0092,36.0689],[27.9567,36.045],[27.9458,36.0347],[27.9317,36.0186],[27.9061,35.9881],[27.8989,35.9756],[27.8928,35.9608],[27.8656,35.9322],[27.8428,35.9136],[27.8394,35.9117],[27.7997,35.8933],[27.7867,35.8905],[27.7814,35.8903]]],[[[26.9697,36.9244],[26.9464,36.9281],[26.9356,36.9322],[26.9192,36.9467],[26.8819,37.0689],[26.8867,37.0733],[26.8908,37.0764],[26.9605,37.0561],[26.9858,37.0442],[27.0483,36.9936],[27.05,36.9906],[27.05,36.9492],[27.0494,36.9461],[27.0458,36.9442],[26.9756,36.9244],[26.9697,36.9244]]],[[[26.9714,36.6722],[26.9667,36.6725],[26.9531,36.6753],[26.9464,36.6792],[26.9231,36.7061],[26.9208,36.7089],[26.9186,36.7161],[26.9178,36.7553],[26.9219,36.7611],[27.0608,36.8372],[27.0642,36.8389],[27.1525,36.8814],[27.1681,36.8872],[27.1775,36.8889],[27.2844,36.9006],[27.3405,36.8853],[27.3467,36.8811],[27.3528,36.8722],[27.3556,36.8653],[27.3553,36.8589],[27.3442,36.8494],[27.3294,36.8428],[27.3025,36.8375],[27.2794,36.8342],[27.2433,36.8269],[27.2183,36.8197],[27.0361,36.7661],[27.028,36.7636],[26.9922,36.7514],[26.9806,36.7469],[26.9742,36.7428],[26.9719,36.7403],[26.9706,36.7364],[26.9664,36.7036],[26.9658,36.6817],[26.9714,36.6722]]],[[[26.8867,37.0967],[26.8639,37.0953],[26.8539,37.0967],[26.8494,37.0978],[26.8206,37.1106],[26.7694,37.1694],[26.7683,37.1733],[26.7692,37.1764],[26.778,37.1878],[26.7808,37.19],[26.7856,37.1908],[26.8206,37.1872],[26.855,37.1828],[26.8583,37.1811],[26.8606,37.1772],[26.8725,37.1506],[26.8889,37.1092],[26.8897,37.1017],[26.8892,37.0986],[26.8867,37.0967]]]]}},{"type":"Feature","properties":{"NAME":"Malta","ABBREVN":"Malta","SUBJECTO":"Malta","BORDERPRECISION":3,"PARTOF":"Malta"},"geometry":{"type":"MultiPolygon","coordinates":[[[[14.5622,35.8203],[14.5197,35.8],[14.4239,35.8186],[14.3797,35.8444],[14.375,35.8475],[14.3669,35.8547],[14.3472,35.8725],[14.3394,35.8797],[14.3364,35.8839],[14.3331,35.895],[14.325,35.9728],[14.3264,35.9789],[14.3325,35.9811],[14.3617,35.9914],[14.3683,35.9925],[14.375,35.9908],[14.4433,35.9603],[14.5103,35.9253],[14.5483,35.8922],[14.5639,35.8778],[14.57,35.8694],[14.5681,35.8294],[14.5658,35.8242],[14.5622,35.8203]]],[[[14.2675,36.0114],[14.2514,36.0114],[14.2372,36.0128],[14.1969,36.0219],[14.1911,36.0244],[14.1858,36.0333],[14.1808,36.0553],[14.1811,36.0608],[14.1908,36.0664],[14.2089,36.0717],[14.2292,36.075],[14.2458,36.0742],[14.2533,36.0731],[14.315,36.0533],[14.3206,36.0511],[14.3411,36.0339],[14.3408,36.0297],[14.3358,36.0272],[14.275,36.0117],[14.2675,36.0114]]]]}},{"type":"Feature","properties":{"NAME":null,"ABBREVN":null,"SUBJECTO":null,"BORDERPRECISION":3,"PARTOF":null},"geometry":{"type":"MultiPolygon","coordinates":[[[[-4.1533,53.2256],[-4.2181,53.2003],[-4.3256,53.145],[-4.3514,53.1244],[-4.4022,53.1258],[-4.4789,53.1767],[-4.4944,53.1894],[-4.5675,53.2733],[-4.5692,53.3881],[-4.5669,53.3914],[-4.56,53.3967],[-4.4747,53.4186],[-4.4292,53.4244],[-4.4231,53.425],[-4.4161,53.425],[-4.3139,53.4119],[-4.2925,53.4075],[-4.2836,53.4033],[-4.2769,53.3983],[-4.27,53.3886],[-4.2222,53.3217],[-4.1269,53.3106],[-4.1222,53.3119],[-4.1158,53.3125],[-4.11,53.3122],[-4.06,53.3055],[-4.0467,53.3033],[-4.0464,53.2997],[-4.09,53.255],[-4.1014,53.2478],[-4.1533,53.2256]]]]}},{"type":"Feature","properties":{"NAME":null,"ABBREVN":null,"SUBJECTO":null,"BORDERPRECISION":3,"PARTOF":null},"geometry":{"type":"MultiPolygon","coordinates":[[[[-5.1036,55.4386],[-5.1719,55.4294],[-5.2236,55.43],[-5.2317,55.4303],[-5.2369,55.4319],[-5.2833,55.4469],[-5.2928,55.4511],[-5.3403,55.475],[-5.3422,55.4772],[-5.3572,55.5042],[-5.4003,55.6006],[-5.4008,55.6089],[-5.4003,55.6178],[-5.3964,55.6289],[-5.3811,55.6686],[-5.3781,55.6717],[-5.3708,55.6769],[-5.33,55.6997],[-5.3256,55.7019],[-5.2953,55.7167],[-5.2656,55.7172],[-5.2519,55.7161],[-5.2392,55.7136],[-5.2283,55.7103],[-5.1983,55.6992],[-5.1853,55.6928],[-5.1681,55.6842],[-5.1603,55.6792],[-5.1547,55.6733],[-5.0853,55.5567],[-5.0839,55.5531],[-5.0747,55.4633],[-5.0744,55.4592],[-5.0758,55.4553],[-5.0789,55.4522],[-5.0933,55.4417],[-5.1036,55.4386]]]]}},{"type":"Feature","properties":{"NAME":null,"ABBREVN":null,"SUBJECTO":null,"BORDERPRECISION":3,"PARTOF":null},"geometry":{"type":"MultiPolygon","coordinates":[[[[-6.1217,55.8789],[-6.1031,55.8111],[-6.1019,55.8072],[-6.0975,55.7967],[-6.0933,55.79],[-6.0883,55.7839],[-6.0756,55.7775],[-6.0594,55.7722],[-6.0522,55.7672],[-6.05,55.7642],[-6.0303,55.7206],[-6.0247,55.6808],[-6.0275,55.6778],[-6.0383,55.67],[-6.0767,55.65],[-6.2289,55.5922],[-6.2744,55.5728],[-6.3006,55.5769],[-6.3172,55.5817],[-6.3256,55.5867],[-6.3275,55.5894],[-6.3219,55.6153],[-6.3208,55.6189],[-6.2858,55.7072],[-6.2531,55.7636],[-6.2511,55.7672],[-6.2514,55.7714],[-6.2544,55.7747],[-6.2592,55.7767],[-6.2653,55.7778],[-6.3253,55.7814],[-6.3317,55.7814],[-6.3378,55.7803],[-6.3456,55.775],[-6.3483,55.7714],[-6.3525,55.7647],[-6.3564,55.758],[-6.3606,55.7503],[-6.3675,55.7408],[-6.3797,55.7281],[-6.3931,55.7172],[-6.4108,55.7039],[-6.4494,55.6803],[-6.4625,55.6739],[-6.4733,55.67],[-6.485,55.6686],[-6.4914,55.6694],[-6.5014,55.6733],[-6.505,55.6767],[-6.5092,55.6822],[-6.51,55.6906],[-6.5,55.7214],[-6.4953,55.7336],[-6.4497,55.8486],[-6.4417,55.8536],[-6.3697,55.8694],[-6.3097,55.8636],[-6.1922,55.9164],[-6.1631,55.9275],[-6.1419,55.9336],[-6.1367,55.9344],[-6.1294,55.9336],[-6.1219,55.9289],[-6.1186,55.9217],[-6.1228,55.895],[-6.1217,55.8789]]]]}},{"type":"Feature","properties":{"NAME":null,"ABBREVN":null,"SUBJECTO":null,"BORDERPRECISION":3,"PARTOF":null},"geometry":{"type":"MultiPolygon","coordinates":[[[[-5.9469,55.83],[-5.9719,55.7883],[-6.0272,55.7917],[-6.0325,55.7931],[-6.0531,55.8003],[-6.0631,55.8039],[-6.0706,55.8083],[-6.0736,55.8117],[-6.0756,55.8156],[-6.0792,55.8267],[-6.0881,55.8775],[-6.0878,55.8817],[-6.0844,55.8942],[-6.0789,55.9055],[-5.9681,56.0236],[-5.9558,56.0305],[-5.9064,56.0583],[-5.9017,56.0608],[-5.8092,56.1097],[-5.755,56.1333],[-5.745,56.1375],[-5.7114,56.1503],[-5.7056,56.1508],[-5.6944,56.1472],[-5.685,56.1258],[-5.6844,56.1219],[-5.6844,56.1175],[-5.6861,56.1131],[-5.6908,56.1067],[-5.7025,56.0989],[-5.7081,56.0961],[-5.7169,56.0894],[-5.7303,56.078],[-5.7461,56.0636],[-5.7519,56.0569],[-5.8458,55.9494],[-5.9042,55.8825],[-5.9469,55.83]]]]}},{"type":"Feature","properties":{"NAME":null,"ABBREVN":null,"SUBJECTO":null,"BORDERPRECISION":3,"PARTOF":null},"geometry":{"type":"MultiPolygon","coordinates":[[[[-7.4669,56.9408],[-7.4753,56.9408],[-7.5153,56.9431],[-7.5306,56.9442],[-7.5503,56.9475],[-7.5594,56.9514],[-7.5606,56.9556],[-7.56,56.9603],[-7.5536,56.9664],[-7.4456,57.0555],[-7.4397,57.0544],[-7.4186,57.0439],[-7.4147,57.0414],[-7.3781,56.9822],[-7.3761,56.9786],[-7.4347,56.945],[-7.4392,56.9428],[-7.4669,56.9408]]]]}},{"type":"Feature","properties":{"NAME":null,"ABBREVN":null,"SUBJECTO":null,"BORDERPRECISION":3,"PARTOF":null},"geometry":{"type":"MultiPolygon","coordinates":[[[[-7.2231,57.3375],[-7.2311,57.3328],[-7.2461,57.3278],[-7.2522,57.3267],[-7.2589,57.3272],[-7.2853,57.3361],[-7.2881,57.3225],[-7.2592,57.1525],[-7.2147,57.1144],[-7.2153,57.1103],[-7.2258,57.0969],[-7.2303,57.0947],[-7.2656,57.1036],[-7.2872,57.1061],[-7.3033,57.1061],[-7.3336,57.1],[-7.3561,57.0992],[-7.3631,57.1],[-7.3814,57.1086],[-7.3867,57.1147],[-7.3925,57.125],[-7.3961,57.1319],[-7.4175,57.1825],[-7.4189,57.1867],[-7.4208,57.2183],[-7.425,57.3822],[-7.4222,57.3853],[-7.4122,57.3897],[-7.3681,57.4014],[-7.3356,57.3958],[-7.2858,57.3811],[-7.2719,57.3753],[-7.2672,57.3722],[-7.2244,57.3417],[-7.2231,57.3375]]]]}},{"type":"Feature","properties":{"NAME":null,"ABBREVN":null,"SUBJECTO":null,"BORDERPRECISION":3,"PARTOF":null},"geometry":{"type":"MultiPolygon","coordinates":[[[[-7.2689,57.3989],[-7.2833,57.3975],[-7.3136,57.3997],[-7.3203,57.4014],[-7.3781,57.4203],[-7.3881,57.4239],[-7.4047,57.4419],[-7.4094,57.4483],[-7.41,57.4522],[-7.4064,57.4642],[-7.4042,57.4678],[-7.4003,57.4703],[-7.3578,57.4883],[-7.3511,57.4894],[-7.3006,57.4836],[-7.2761,57.4806],[-7.2442,57.4764],[-7.2047,57.4608],[-7.2025,57.4575],[-7.2022,57.4189],[-7.2044,57.415],[-7.2394,57.4036],[-7.2447,57.4022],[-7.2689,57.3989]]]]}},{"type":"Feature","properties":{"NAME":null,"ABBREVN":null,"SUBJECTO":null,"BORDERPRECISION":3,"PARTOF":null},"geometry":{"type":"MultiPolygon","coordinates":[[[[-7.1886,57.6872],[-7.0753,57.6422],[-7.0675,57.6375],[-7.0658,57.6333],[-7.1475,57.515],[-7.1539,57.5094],[-7.1683,57.508],[-7.2336,57.5036],[-7.3147,57.5042],[-7.3214,57.5053],[-7.3261,57.5078],[-7.3275,57.5275],[-7.3253,57.5442],[-7.3478,57.5508],[-7.4117,57.5681],[-7.4556,57.5639],[-7.4678,57.5619],[-7.4769,57.5625],[-7.4861,57.5661],[-7.5364,57.5861],[-7.5403,57.5881],[-7.5433,57.5908],[-7.5433,57.5956],[-7.4914,57.6464],[-7.4839,57.6519],[-7.4728,57.655],[-7.4325,57.6533],[-7.275,57.6564],[-7.2711,57.6594],[-7.2447,57.6769],[-7.1972,57.6869],[-7.1886,57.6872]]]]}},{"type":"Feature","properties":{"NAME":null,"ABBREVN":null,"SUBJECTO":null,"BORDERPRECISION":3,"PARTOF":null},"geometry":{"type":"MultiPolygon","coordinates":[[[[-7.0064,57.8814],[-7.0736,57.8778],[-7.0778,57.88],[-7.0767,57.8928],[-7.0736,57.8961],[-7.0328,57.9156],[-7.0275,57.9169],[-7.0072,57.9197],[-6.9994,57.92],[-6.9936,57.9186],[-6.9942,57.9139],[-6.9975,57.8908],[-6.9989,57.8872],[-7.0064,57.8814]]]]}},{"type":"Feature","properties":{"NAME":null,"ABBREVN":null,"SUBJECTO":null,"BORDERPRECISION":3,"PARTOF":null},"geometry":{"type":"MultiPolygon","coordinates":[[[[-6.8022,58.203],[-6.8389,58.2019],[-6.8692,58.2039],[-6.8731,58.2064],[-6.8889,58.2444],[-6.89,58.2486],[-6.8897,58.2525],[-6.8817,58.2542],[-6.8603,58.2511],[-6.8542,58.25],[-6.8097,58.2286],[-6.7944,58.218],[-6.7914,58.2069],[-6.7944,58.2033],[-6.8022,58.203]]]]}},{"type":"Feature","properties":{"NAME":null,"ABBREVN":null,"SUBJECTO":null,"BORDERPRECISION":3,"PARTOF":null},"geometry":{"type":"MultiPolygon","coordinates":[[[[-6.2042,58.3561],[-6.2325,58.3178],[-6.2797,58.2878],[-6.3239,58.2636],[-6.3283,58.2379],[-6.3284,58.2354],[-6.3276,58.2334],[-6.3253,58.2318],[-6.3218,58.2308],[-6.2851,58.2229],[-6.2813,58.2223],[-6.2769,58.2228],[-6.2736,58.2236],[-6.2654,58.2274],[-6.2208,58.2336],[-6.2086,58.2408],[-6.1725,58.2583],[-6.1678,58.2606],[-6.16,58.2597],[-6.1481,58.2561],[-6.1469,58.2528],[-6.1583,58.2183],[-6.1644,58.2122],[-6.1722,58.2069],[-6.2247,58.1836],[-6.2638,58.1766],[-6.3291,58.1828],[-6.3667,58.1586],[-6.3747,58.1356],[-6.3769,58.1319],[-6.3822,58.1297],[-6.4972,58.0975],[-6.5481,58.0919],[-6.6011,58.085],[-6.6203,58.0819],[-6.6192,58.0783],[-6.5947,58.0783],[-6.4969,58.0875],[-6.4203,58.1022],[-6.4103,58.1056],[-6.4025,58.1058],[-6.3961,58.1047],[-6.3906,58.0986],[-6.3539,58.0331],[-6.3567,58.03],[-6.3861,58.0092],[-6.4578,57.968],[-6.4739,57.9483],[-6.4728,57.9442],[-6.4739,57.9403],[-6.5381,57.9164],[-6.5442,57.915],[-6.5706,57.9114],[-6.5775,57.9108],[-6.6211,57.9144],[-6.6281,57.9153],[-6.6531,57.92],[-6.6622,57.9242],[-6.6664,57.9269],[-6.6919,57.9581],[-6.6986,57.9675],[-6.7047,57.9867],[-6.7069,57.9989],[-6.7061,58.0075],[-6.6975,58.0214],[-6.6944,58.0244],[-6.6628,58.0444],[-6.6592,58.0467],[-6.6528,58.0483],[-6.6294,58.0483],[-6.6219,58.0478],[-6.615,58.0461],[-6.5986,58.0453],[-6.5936,58.0464],[-6.5903,58.05],[-6.5953,58.0525],[-6.6003,58.0539],[-6.6078,58.0547],[-6.67,58.0581],[-6.6783,58.0583],[-6.6844,58.0575],[-6.6892,58.055],[-6.7614,57.9983],[-6.7258,57.9544],[-6.7228,57.9511],[-6.7189,57.9492],[-6.7053,57.9469],[-6.6964,57.9425],[-6.685,57.9344],[-6.6797,57.9283],[-6.6775,57.9256],[-6.6647,57.9006],[-6.6606,57.8847],[-6.6622,57.8806],[-6.7353,57.8258],[-6.9608,57.7275],[-6.9656,57.7256],[-6.9725,57.7247],[-6.9783,57.7258],[-6.9839,57.7283],[-7.12,57.8142],[-7.1231,57.8175],[-7.1244,57.8208],[-7.1267,57.8333],[-7.1253,57.8378],[-7.1183,57.8381],[-7.1039,57.8367],[-7.0922,57.8328],[-7.0836,57.8247],[-7.0658,57.8208],[-7.0289,57.8322],[-6.8303,57.9008],[-6.8342,57.9036],[-6.8794,57.9325],[-6.935,57.9497],[-6.9461,57.9528],[-6.985,57.9594],[-6.9928,57.9592],[-7.0219,57.9519],[-7.0297,57.9522],[-7.0356,57.9533],[-7.0753,57.9625],[-7.1128,57.9839],[-7.1139,57.9872],[-7.0842,58.008],[-7.0556,58.0203],[-7.0578,58.0364],[-7.0939,58.0705],[-7.1267,58.1233],[-7.1283,58.1303],[-7.1281,58.1347],[-7.0944,58.1819],[-7.0592,58.2203],[-7.0556,58.2233],[-7.0406,58.2333],[-7.0319,58.2381],[-7.0081,58.2353],[-7.0011,58.2344],[-6.9197,58.2161],[-6.9081,58.2128],[-6.9058,58.2097],[-6.9081,58.2061],[-6.9203,58.2036],[-6.9361,58.188],[-6.8742,58.1111],[-6.8681,58.1061],[-6.8619,58.1039],[-6.86,58.1081],[-6.8733,58.1786],[-6.8052,58.1959],[-6.7504,58.1852],[-6.7447,58.1972],[-6.7866,58.2294],[-6.8081,58.2597],[-6.8178,58.28],[-6.8156,58.2847],[-6.7978,58.3022],[-6.6731,58.3492],[-6.6583,58.3494],[-6.6522,58.3486],[-6.6469,58.3419],[-6.5603,58.3597],[-6.5503,58.3633],[-6.3553,58.4575],[-6.3106,58.4792],[-6.2928,58.4883],[-6.2769,58.5083],[-6.2722,58.5106],[-6.2669,58.5125],[-6.2597,58.5128],[-6.2531,58.5117],[-6.2444,58.5086],[-6.2347,58.5042],[-6.2233,58.4964],[-6.1661,58.4253],[-6.1658,58.4206],[-6.2042,58.3561]]]]}},{"type":"Feature","properties":{"NAME":null,"ABBREVN":null,"SUBJECTO":null,"BORDERPRECISION":3,"PARTOF":null},"geometry":{"type":"MultiPolygon","coordinates":[[[[-2.9183,58.7319],[-2.9394,58.73],[-2.9481,58.7306],[-2.9578,58.7347],[-2.9706,58.7419],[-2.98,58.7503],[-3.0369,58.8181],[-3.0336,58.8208],[-3.0289,58.8231],[-3.01,58.8317],[-3.0044,58.8331],[-2.9747,58.8353],[-2.9161,58.8389],[-2.8992,58.8383],[-2.8942,58.8369],[-2.8864,58.8319],[-2.8778,58.8242],[-2.8767,58.8203],[-2.9139,58.7339],[-2.9183,58.7319]]]]}},{"type":"Feature","properties":{"NAME":null,"ABBREVN":null,"SUBJECTO":null,"BORDERPRECISION":3,"PARTOF":null},"geometry":{"type":"MultiPolygon","coordinates":[[[[-3.2314,58.7756],[-3.2889,58.7756],[-3.2958,58.7761],[-3.3008,58.7781],[-3.4311,58.8714],[-3.4331,58.8747],[-3.4331,58.8789],[-3.4181,58.9042],[-3.4122,58.9106],[-3.3981,58.9172],[-3.3492,58.9269],[-3.3356,58.9275],[-3.2331,58.8872],[-3.2283,58.885],[-3.2147,58.8742],[-3.1364,58.8042],[-3.1347,58.8008],[-3.1369,58.7867],[-3.1417,58.7847],[-3.1603,58.7811],[-3.1808,58.7792],[-3.2314,58.7756]]]]}},{"type":"Feature","properties":{"NAME":null,"ABBREVN":null,"SUBJECTO":null,"BORDERPRECISION":3,"PARTOF":null},"geometry":{"type":"MultiPolygon","coordinates":[[[[-2.7931,58.9514],[-2.7558,58.9178],[-2.8244,58.8789],[-2.8692,58.8933],[-2.97,58.9394],[-3.0083,58.94],[-3.0572,58.9358],[-3.1106,58.9281],[-3.1197,58.9233],[-3.1197,58.9192],[-3.1722,58.9108],[-3.1883,58.91],[-3.195,58.9111],[-3.3033,58.9458],[-3.3133,58.95],[-3.3456,58.9658],[-3.3611,58.9922],[-3.3631,58.9956],[-3.3681,59.01],[-3.3681,59.0142],[-3.3514,59.1064],[-3.3503,59.11],[-3.3175,59.1294],[-3.2778,59.14],[-3.2722,59.1414],[-3.2389,59.1461],[-3.2189,59.1486],[-3.2025,59.1486],[-3.1958,59.1472],[-3.0769,59.1217],[-3.0731,59.1192],[-2.9983,59.0697],[-2.9953,59.0667],[-2.9958,59.0558],[-2.9472,58.9983],[-2.8522,58.9756],[-2.7931,58.9514]]]]}},{"type":"Feature","properties":{"NAME":null,"ABBREVN":null,"SUBJECTO":null,"BORDERPRECISION":3,"PARTOF":null},"geometry":{"type":"MultiPolygon","coordinates":[[[[-2.6814,59.1958],[-2.6858,59.1842],[-2.6897,59.1867],[-2.6917,59.19],[-2.6936,59.1975],[-2.6925,59.2103],[-2.6906,59.2144],[-2.6844,59.2208],[-2.5928,59.2906],[-2.5556,59.3031],[-2.5344,59.305],[-2.4144,59.3136],[-2.4072,59.3139],[-2.4022,59.3128],[-2.4,59.3103],[-2.3972,59.3033],[-2.3903,59.2831],[-2.39,59.2797],[-2.4956,59.245],[-2.5708,59.2422],[-2.5772,59.2422],[-2.6206,59.2361],[-2.625,59.2336],[-2.6814,59.1958]]]]}},{"type":"Feature","properties":{"NAME":null,"ABBREVN":null,"SUBJECTO":null,"BORDERPRECISION":3,"PARTOF":null},"geometry":{"type":"MultiPolygon","coordinates":[[[[-2.89,59.2953],[-2.8497,59.2681],[-2.8531,59.2494],[-2.8775,59.2286],[-2.8731,59.2519],[-2.8731,59.2561],[-2.8769,59.2586],[-2.9367,59.2836],[-2.9586,59.2878],[-2.9656,59.2881],[-2.9719,59.2872],[-2.9764,59.2847],[-2.9742,59.2814],[-2.9769,59.2728],[-2.9881,59.2642],[-2.9922,59.2617],[-2.9992,59.2611],[-3.0033,59.2636],[-3.0283,59.285],[-3.0736,59.3242],[-3.0756,59.3275],[-3.0764,59.3314],[-3.0717,59.3314],[-3.0489,59.3292],[-2.8972,59.2997],[-2.89,59.2953]]]]}},{"type":"Feature","properties":{"NAME":null,"ABBREVN":null,"SUBJECTO":null,"BORDERPRECISION":3,"PARTOF":null},"geometry":{"type":"MultiPolygon","coordinates":[[[[-1.2961,60.4911],[-1.2867,60.4711],[-1.1639,60.4544],[-1.0414,60.4469],[-1.0372,60.4442],[-1.0378,60.44],[-1.0661,60.3581],[-1.1011,60.2758],[-1.1642,60.2583],[-1.1658,60.2619],[-1.1869,60.2697],[-1.195,60.2708],[-1.1989,60.2678],[-1.2006,60.2633],[-1.1981,60.2558],[-1.1856,60.2306],[-1.1806,60.225],[-1.1575,60.1947],[-1.1261,60.1517],[-1.1256,60.1478],[-1.1286,60.1442],[-1.1467,60.1319],[-1.1531,60.133],[-1.1631,60.1375],[-1.1706,60.1372],[-1.1872,60.1272],[-1.2122,60.1028],[-1.2206,60.0225],[-1.2603,59.8622],[-1.2625,59.8583],[-1.2686,59.8511],[-1.3069,59.8575],[-1.3719,59.8917],[-1.3781,59.9022],[-1.3778,59.9064],[-1.3317,59.9969],[-1.33,60],[-1.3264,60.0044],[-1.3225,60.0075],[-1.3164,60.0089],[-1.3114,60.0067],[-1.3081,60.0089],[-1.3058,60.0128],[-1.2683,60.0936],[-1.2631,60.1069],[-1.2611,60.1158],[-1.2603,60.1242],[-1.2617,60.1308],[-1.285,60.22],[-1.2914,60.2414],[-1.4033,60.2558],[-1.4103,60.255],[-1.4142,60.2519],[-1.4103,60.2494],[-1.3875,60.2372],[-1.3636,60.2297],[-1.3531,60.2089],[-1.3583,60.1925],[-1.4486,60.1511],[-1.4536,60.1525],[-1.4906,60.1678],[-1.5203,60.1814],[-1.5272,60.1869],[-1.5278,60.1908],[-1.5267,60.1944],[-1.5197,60.2011],[-1.5889,60.2158],[-1.6478,60.2247],[-1.655,60.2261],[-1.6647,60.2308],[-1.6744,60.2394],[-1.6781,60.2464],[-1.6931,60.2797],[-1.6928,60.2839],[-1.6914,60.2883],[-1.6669,60.2997],[-1.6553,60.3031],[-1.6283,60.3072],[-1.5967,60.3081],[-1.5897,60.3064],[-1.4747,60.315],[-1.4458,60.3186],[-1.4269,60.3214],[-1.3458,60.34],[-1.3203,60.3564],[-1.4458,60.4605],[-1.5022,60.4697],[-1.5536,60.4756],[-1.5583,60.4731],[-1.565,60.4731],[-1.6097,60.4742],[-1.6117,60.4767],[-1.61,60.4814],[-1.5931,60.5078],[-1.5469,60.5358],[-1.4161,60.605],[-1.4106,60.6069],[-1.3019,60.6367],[-1.2958,60.6347],[-1.2942,60.6311],[-1.2875,60.6133],[-1.2961,60.4911]]]]}},{"type":"Feature","properties":{"NAME":null,"ABBREVN":null,"SUBJECTO":null,"BORDERPRECISION":3,"PARTOF":null},"geometry":{"type":"MultiPolygon","coordinates":[[[[-1.0294,60.4958],[-1.1047,60.4856],[-1.1275,60.4864],[-1.14,60.4894],[-1.1428,60.4925],[-1.1703,60.5272],[-1.1825,60.595],[-1.1836,60.6028],[-1.1814,60.6236],[-1.1794,60.6325],[-1.1772,60.6367],[-1.11,60.7258],[-1.0986,60.73],[-1.0925,60.7314],[-1.0847,60.7317],[-1.0569,60.7308],[-0.9967,60.7247],[-0.9911,60.72],[-0.9825,60.6555],[-0.9828,60.6514],[-1.0178,60.5194],[-1.0192,60.515],[-1.0233,60.5031],[-1.0256,60.4989],[-1.0294,60.4958]]]]}},{"type":"Feature","properties":{"NAME":null,"ABBREVN":null,"SUBJECTO":null,"BORDERPRECISION":3,"PARTOF":null},"geometry":{"type":"MultiPolygon","coordinates":[[[[-0.8197,60.6889],[-0.835,60.6733],[-0.9356,60.6744],[-0.9586,60.6825],[-0.9656,60.688],[-0.9597,60.7114],[-0.9389,60.7944],[-0.8831,60.8422],[-0.8783,60.8444],[-0.8061,60.8406],[-0.7728,60.8311],[-0.7678,60.8289],[-0.7581,60.8178],[-0.7572,60.8139],[-0.7636,60.7933],[-0.8197,60.6889]]]]}},{"type":"Feature","properties":{"NAME":null,"ABBREVN":null,"SUBJECTO":null,"BORDERPRECISION":3,"PARTOF":null},"geometry":{"type":"MultiPolygon","coordinates":[[[[-6.6553,61.3894],[-6.6603,61.3883],[-6.6681,61.3894],[-6.7192,61.4075],[-6.8458,61.468],[-6.9583,61.5986],[-6.9628,61.6192],[-6.96,61.6228],[-6.9447,61.6367],[-6.9264,61.6414],[-6.9122,61.6436],[-6.8894,61.645],[-6.7289,61.5758],[-6.7244,61.5733],[-6.7094,61.5583],[-6.6553,61.4331],[-6.6417,61.4008],[-6.6422,61.3972],[-6.6553,61.3894]]],[[[-6.6042,61.8217],[-6.63,61.7611],[-6.6389,61.7505],[-6.6522,61.7428],[-6.7047,61.7775],[-6.8361,61.8178],[-6.8411,61.8175],[-6.8661,61.8375],[-6.9089,61.9011],[-6.9083,61.9047],[-6.9047,61.9078],[-6.8644,61.9075],[-6.8558,61.9069],[-6.7833,61.8969],[-6.7769,61.8953],[-6.6614,61.8589],[-6.6522,61.8539],[-6.6042,61.8261],[-6.6042,61.8217]]],[[[-7.0497,62.0678],[-7.055,62.0603],[-7.0628,62.0494],[-7.1653,62.0236],[-7.1858,62.0197],[-7.2017,62.0186],[-7.1917,62.0311],[-7.1922,62.0397],[-7.1936,62.0433],[-7.1983,62.05],[-7.2119,62.0575],[-7.2267,62.0644],[-7.2325,62.0647],[-7.2333,62.0603],[-7.2511,62.0428],[-7.3456,62.0522],[-7.3522,62.0539],[-7.3781,62.065],[-7.3817,62.0681],[-7.4311,62.1161],[-7.4339,62.1236],[-7.4344,62.1278],[-7.435,62.1403],[-7.4336,62.1436],[-7.4264,62.1447],[-7.2311,62.16],[-7.2233,62.1594],[-7.1631,62.1288],[-7.0561,62.0986],[-7.045,62.0944],[-7.0414,62.0914],[-7.0403,62.0878],[-7.0411,62.0831],[-7.0497,62.0678]]],[[[-6.7069,61.9375],[-6.7178,61.9333],[-6.7253,61.9344],[-6.7731,61.95],[-6.8692,61.9975],[-6.9611,62.0467],[-7.0346,62.1121],[-7.1303,62.1256],[-7.2322,62.1725],[-7.2347,62.1758],[-7.235,62.18],[-7.2336,62.1933],[-7.2328,62.1981],[-7.2108,62.2847],[-7.1956,62.3047],[-7.1922,62.3078],[-7.135,62.3039],[-7.1281,62.3022],[-7.0875,62.2908],[-7.0706,62.2847],[-7.0658,62.2822],[-7.0625,62.2792],[-7.0575,62.2725],[-7.0522,62.2575],[-7.045,62.2433],[-7.0425,62.24],[-7.0367,62.2336],[-6.9908,62.1931],[-6.9739,62.1825],[-6.9458,62.1681],[-6.9164,62.1539],[-6.8414,62.1244],[-6.735,62.0436],[-6.7247,62.035],[-6.7189,62.0286],[-6.6964,61.9794],[-6.6961,61.9753],[-6.7025,61.9403],[-6.7069,61.9375]]],[[[-6.62,62.2297],[-6.6236,62.2267],[-6.6322,62.2275],[-6.6581,62.2344],[-6.6814,62.2425],[-6.6858,62.245],[-6.7117,62.2939],[-6.7208,62.3314],[-6.6322,62.2592],[-6.6256,62.2533],[-6.6203,62.2381],[-6.6192,62.2344],[-6.62,62.2297]]],[[[-6.6575,62.0925],[-6.6575,62.0558],[-6.6697,62.0586],[-6.7528,62.0928],[-6.9219,62.1672],[-6.9481,62.1825],[-6.9642,62.1933],[-7.0111,62.2264],[-7.025,62.2378],[-7.0294,62.2444],[-7.0625,62.2958],[-7.0603,62.3136],[-6.9581,62.3392],[-6.9503,62.3381],[-6.9381,62.3342],[-6.8072,62.2903],[-6.735,62.26],[-6.6011,62.1969],[-6.5978,62.1942],[-6.5881,62.1342],[-6.6497,62.1025],[-6.6542,62.0997],[-6.6569,62.0961],[-6.6575,62.0925]]],[[[-6.4186,62.1839],[-6.5181,62.1689],[-6.5272,62.1739],[-6.5556,62.1969],[-6.5725,62.2117],[-6.5819,62.225],[-6.5881,62.2397],[-6.5509,62.251],[-6.549,62.3009],[-6.5744,62.3499],[-6.5417,62.3575],[-6.5367,62.3425],[-6.5222,62.3181],[-6.4928,62.2914],[-6.4889,62.2883],[-6.43,62.2689],[-6.3978,62.26],[-6.3922,62.258],[-6.3889,62.255],[-6.3886,62.2508],[-6.3897,62.2461],[-6.4072,62.1917],[-6.4086,62.1886],[-6.4122,62.1853],[-6.4186,62.1839]]],[[[-6.5858,62.2564],[-6.595,62.2561],[-6.6083,62.2586],[-6.6131,62.2611],[-6.62,62.2669],[-6.6644,62.3225],[-6.6681,62.3297],[-6.6683,62.3339],[-6.6667,62.3472],[-6.6658,62.3519],[-6.6608,62.3725],[-6.6547,62.3742],[-6.6458,62.3742],[-6.6381,62.3731],[-6.6322,62.3708],[-6.5736,62.3064],[-6.5664,62.2964],[-6.5614,62.2814],[-6.5611,62.2769],[-6.5617,62.2733],[-6.5656,62.2653],[-6.5725,62.2589],[-6.5858,62.2564]]],[[[-6.4061,62.2844],[-6.415,62.2844],[-6.4228,62.2856],[-6.4803,62.2978],[-6.4886,62.3075],[-6.5469,62.3836],[-6.5453,62.3869],[-6.5308,62.3942],[-6.5253,62.3961],[-6.5192,62.3969],[-6.4983,62.3864],[-6.4892,62.3814],[-6.3917,62.2969],[-6.4061,62.2844]]]]}},{"type":"Feature","properties":{"NAME":null,"ABBREVN":null,"SUBJECTO":null,"BORDERPRECISION":3,"PARTOF":null},"geometry":{"type":"MultiPolygon","coordinates":[[[[-4.7778,54.0555],[-4.7839,54.0569],[-4.7875,54.0594],[-4.7886,54.063],[-4.7886,54.0672],[-4.7139,54.2144],[-4.7103,54.2172],[-4.6989,54.2192],[-4.6458,54.2381],[-4.6414,54.24],[-4.625,54.2489],[-4.6181,54.2542],[-4.6019,54.2678],[-4.5958,54.2739],[-4.5881,54.2836],[-4.5781,54.2969],[-4.5547,54.3311],[-4.5533,54.3353],[-4.5528,54.3439],[-4.5414,54.3561],[-4.5275,54.3672],[-4.485,54.3872],[-4.4431,54.398],[-4.3681,54.4167],[-4.3603,54.4161],[-4.3542,54.4108],[-4.3528,54.4092],[-4.3083,54.3006],[-4.3075,54.2969],[-4.3094,54.2933],[-4.3217,54.2767],[-4.3861,54.1955],[-4.3944,54.1864],[-4.4706,54.1375],[-4.4911,54.1267],[-4.5506,54.0978],[-4.6239,54.0686],[-4.6844,54.0769],[-4.6906,54.0783],[-4.7047,54.0797],[-4.7208,54.0761],[-4.7778,54.0555]]]]}},{"type":"Feature","properties":{"NAME":"Italy","ABBREVN":"Italy","SUBJECTO":"Italy","BORDERPRECISION":3,"PARTOF":"Italy"},"geometry":{"type":"MultiPolygon","coordinates":[[[[8.9694,45.9684],[8.967,45.969],[8.9588,45.97],[8.9606,45.9792],[8.9644,45.9865],[8.9682,45.986],[8.9731,45.9837],[8.9734,45.9822],[8.9733,45.9803],[8.9734,45.9785],[8.9735,45.9776],[8.9739,45.9759],[8.9763,45.9751],[8.9739,45.9667],[8.9701,45.9676],[8.9694,45.9684]]]]}},{"type":"Feature","properties":{"NAME":"France","ABBREVN":"France","SUBJECTO":"France","BORDERPRECISION":3,"PARTOF":"France"},"geometry":{"type":"MultiPolygon","coordinates":[[[[7.0369,45.9304],[6.9553,45.9389],[6.6745,45.8033],[6.9143,45.6483],[6.9255,45.5167],[7.1191,45.4305],[7.0292,45.308],[6.7859,45.1493],[6.7036,45.1992],[6.5073,45.1157],[6.6653,44.9545],[6.9426,44.8687],[7.0035,44.7195],[6.9247,44.715],[6.7829,44.5479],[6.8698,44.3492],[7.2092,44.1731],[7.5911,44.2047],[7.6188,44.0783],[7.5528,43.8675],[7.3971,43.7641],[7.2976,43.6673],[6.9231,43.4477],[6.523,43.1509],[6.3312,43.1119],[6.1878,43.0923],[5.8286,43.0208],[5.6466,43.0333],[5.4345,43.1037],[5.0518,43.3281],[4.9098,43.3664],[4.7506,43.3533],[4.6465,43.3209],[4.4168,43.3461],[4.0782,43.4871],[3.8075,43.4672],[3.4787,43.3121],[3.3179,43.196],[3.0679,42.9446],[3.0019,42.7708],[3.0459,42.5395],[3.0871,42.3686],[2.9365,42.4096],[2.5993,42.3481],[2.5815,42.2867],[2.3632,42.2935],[2.1711,42.3823],[1.9937,42.3072],[1.9721,42.3768],[1.9126,42.4539],[1.7729,42.4914],[1.7212,42.5062],[1.7236,42.5094],[1.7233,42.5153],[1.7244,42.525],[1.7253,42.53],[1.7353,42.5544],[1.7431,42.5636],[1.7539,42.57],[1.7681,42.5711],[1.7747,42.5711],[1.7817,42.57],[1.7386,42.6164],[1.6983,42.6261],[1.5631,42.6555],[1.5564,42.6564],[1.4919,42.6536],[1.4811,42.6472],[1.4544,42.6129],[1.4369,42.6342],[0.7442,42.7719],[0.5841,42.7719],[0.5919,42.6283],[0.3478,42.6352],[0.1963,42.6078],[0.1796,42.6625],[-0.1656,42.6488],[-0.2037,42.7003],[-0.2161,42.7172],[-0.4099,42.7856],[-0.4688,42.7514],[-0.5868,42.7651],[-0.612,42.7309],[-0.84,42.9087],[-0.9074,42.8813],[-1.3973,43.0318],[-1.4476,42.9839],[-1.5151,42.9976],[-1.5577,43.0454],[-1.4657,43.1549],[-1.4914,43.2096],[-1.7024,43.1959],[-1.9146,43.3054],[-1.7461,43.3602],[-1.5614,43.5244],[-1.3144,44.559],[-1.1358,44.6001],[-1.2303,44.7304],[-1.3318,44.6138],[-1.2755,45.1287],[-1.1752,45.5005],[-1.1234,45.4316],[-0.9004,45.2939],[-0.8142,45.1218],[-0.7285,45.0186],[-0.8547,45.3214],[-1.1384,45.5832],[-1.2474,45.6881],[-1.2365,45.8],[-1.0752,46.0146],[-1.166,46.1837],[-1.2561,46.3068],[-1.4027,46.4039],[-1.7107,46.4488],[-1.9425,46.7058],[-2.1297,46.8508],[-2.0046,47.0425],[-2.1095,47.124],[-2.2637,47.1829],[-2.4937,47.2469],[-2.5765,47.3249],[-2.4655,47.4944],[-2.6137,47.5722],[-2.8425,47.4919],[-3.0627,47.6039],[-3.4335,47.7168],[-3.7119,47.7981],[-3.8581,47.7918],[-3.9548,47.9043],[-4.3644,47.8293],[-4.3909,47.9418],[-4.5101,47.9981],[-4.6754,48.0169],[-4.7003,48.0638],[-4.3129,48.1013],[-4.351,48.2046],[-4.588,48.2515],[-4.3889,48.2984],[-4.3502,48.3905],[-4.4738,48.3829],[-4.592,48.3923],[-4.7796,48.3548],[-4.762,48.552],[-4.6257,48.5467],[-4.4883,48.6123],[-4.2515,48.6519],[-3.9989,48.7305],[-3.9022,48.646],[-3.8213,48.7211],[-3.6079,48.693],[-3.5577,48.8101],[-3.4351,48.8365],[-3.0912,48.8716],[-2.9145,48.7068],[-2.7905,48.5896],[-2.6364,48.552],[-2.3429,48.6741],[-2.2001,48.599],[-2.076,48.6562],[-1.8706,48.7117],[-1.8576,48.6084],[-1.5914,48.6375],[-1.4566,48.6836],[-1.5755,48.7681],[-1.5884,48.881],[-1.5634,49.0362],[-1.5798,49.229],[-1.639,49.2196],[-1.8915,49.5264],[-1.9413,49.7093],[-1.5242,49.6528],[-1.251,49.6999],[-1.2887,49.521],[-1.1771,49.3325],[-1.0232,49.3985],[-0.4649,49.3514],[-0.2394,49.2855],[-0.2037,49.2918],[0.0329,49.3337],[0.3308,49.455],[0.0904,49.5106],[0.1151,49.6023],[0.1894,49.681],[0.5286,49.8258],[0.8688,49.9072],[1.2745,50.0043],[1.4162,50.1098],[1.552,50.2288],[1.5283,50.5777],[1.5889,50.8219],[1.8236,50.9346],[2.0303,51.0067],[2.4426,51.048],[2.5221,51.0911],[2.6157,50.8902],[2.7555,50.7392],[2.8751,50.6818],[2.9383,50.7138],[3.1228,50.8071],[3.1919,50.7307],[3.2828,50.5243],[3.3703,50.4646],[3.6034,50.47],[3.675,50.3344],[3.7915,50.3398],[4.0509,50.3181],[4.2196,50.2422],[4.1478,50.1337],[4.1885,50.0549],[4.1563,49.9658],[4.2846,49.911],[4.4675,49.9447],[4.6681,49.9604],[4.7549,50.1012],[4.8654,50.1337],[4.8116,49.9658],[4.8771,49.8848],[4.8599,49.7822],[5.0977,49.7607],[5.2513,49.6743],[5.4181,49.5826],[5.4754,49.4801],[5.7878,49.5587],[5.8235,49.5071],[6.1123,49.4787],[6.368,49.4735],[6.433,49.4453],[6.6255,49.3018],[6.7772,49.1769],[6.9544,49.2017],[6.9747,49.1366],[7.285,49.1645],[7.3174,49.1862],[7.4228,49.1831],[7.4654,49.0993],[7.6705,49.059],[7.8857,49.0652],[8.1583,48.9783],[7.7291,48.6156],[7.7046,48.5196],[7.6806,48.3585],[7.536,48.1913],[7.5021,48.0583],[7.5431,48.0242],[7.446,47.7088],[7.5066,47.6037],[7.5854,47.5777],[7.585,47.5774],[7.5688,47.5778],[7.5685,47.5775],[7.5558,47.5634],[7.5057,47.5422],[7.4998,47.5354],[7.5024,47.5298],[7.5032,47.528],[7.5129,47.5278],[7.5183,47.5319],[7.5188,47.5324],[7.5219,47.5335],[7.5316,47.5293],[7.5311,47.5263],[7.5264,47.5144],[7.5125,47.5174],[7.5032,47.5193],[7.5023,47.5195],[7.4996,47.518],[7.5112,47.5023],[7.5115,47.4973],[7.5024,47.4934],[7.5031,47.4907],[7.5004,47.4898],[7.4896,47.482],[7.4734,47.4801],[7.4726,47.4809],[7.4642,47.4886],[7.4366,47.498],[7.4354,47.4964],[7.4236,47.4802],[7.4228,47.4791],[7.4459,47.4743],[7.4582,47.4717],[7.4566,47.4706],[7.4479,47.4621],[7.4316,47.4595],[7.4226,47.4458],[7.3877,47.4326],[7.3856,47.4336],[7.3853,47.4338],[7.341,47.4391],[7.3287,47.4406],[7.3036,47.4382],[7.2938,47.4337],[7.2848,47.4345],[7.2686,47.4289],[7.2678,47.4286],[7.2518,47.4231],[7.2504,47.4243],[7.2395,47.4329],[7.2309,47.4396],[7.2293,47.4409],[7.2264,47.4404],[7.2004,47.4357],[7.1979,47.4378],[7.1967,47.4388],[7.1752,47.4433],[7.1832,47.4628],[7.1951,47.4859],[7.1956,47.4868],[7.1994,47.488],[7.207,47.4902],[7.2056,47.4946],[7.2005,47.4941],[7.1829,47.4924],[7.175,47.4916],[7.1639,47.4905],[7.1629,47.4909],[7.1567,47.4934],[7.1313,47.5036],[7.1311,47.5037],[7.1311,47.5036],[7.1152,47.4956],[7.0795,47.4879],[7.0786,47.4901],[7.0781,47.4913],[7.0678,47.4932],[7.0479,47.497],[7.0442,47.4977],[7.0427,47.4977],[7.0419,47.4976],[7.0415,47.4978],[7.028,47.5036],[7.0249,47.5029],[6.9853,47.4939],[6.9904,47.4809],[6.9942,47.4701],[6.9933,47.467],[6.993,47.466],[7.0007,47.4653],[7.0024,47.4651],[7.0029,47.4617],[6.9999,47.4553],[7.0017,47.4551],[7.0041,47.4532],[6.9967,47.4517],[6.9832,47.4489],[6.9824,47.4483],[6.9665,47.4361],[6.9607,47.4338],[6.9566,47.435],[6.9561,47.4352],[6.954,47.4348],[6.9423,47.4324],[6.9411,47.4052],[6.9173,47.4041],[6.9195,47.4018],[6.9134,47.396],[6.9152,47.3889],[6.9094,47.3839],[6.9052,47.3833],[6.8986,47.3822],[6.8977,47.3813],[6.8936,47.3774],[6.8865,47.37],[6.8834,47.3546],[6.8828,47.3515],[6.8913,47.3515],[6.9066,47.3584],[6.9087,47.3579],[6.9112,47.3577],[6.928,47.357],[6.9384,47.3565],[6.9761,47.3594],[6.9837,47.3617],[7.0073,47.369],[7.0162,47.3717],[7.0169,47.3718],[7.0198,47.3722],[7.0209,47.3709],[7.0221,47.3695],[7.0305,47.3688],[7.0355,47.3683],[7.0358,47.3667],[7.0371,47.3623],[7.0372,47.362],[7.0465,47.3607],[7.0516,47.3599],[7.0511,47.347],[7.0511,47.3469],[7.062,47.3433],[7.0633,47.3429],[7.0603,47.3402],[7.0553,47.336],[7.0571,47.3346],[7.058,47.3339],[7.054,47.333],[7.0382,47.3294],[7.0334,47.3283],[7.0123,47.3232],[7.0125,47.3193],[7.0171,47.3183],[7.0159,47.3147],[7.0156,47.3138],[7.012,47.3028],[7.0105,47.3027],[6.999,47.2962],[6.9894,47.2965],[6.9803,47.2967],[6.9797,47.296],[6.9767,47.292],[6.9554,47.2922],[6.9534,47.2922],[6.9529,47.2918],[6.9525,47.2914],[6.9435,47.2854],[6.9543,47.2696],[6.9496,47.2538],[6.958,47.2428],[6.945,47.2347],[6.9355,47.2317],[6.9304,47.2254],[6.8932,47.206],[6.8836,47.2012],[6.8763,47.1862],[6.8735,47.1865],[6.8718,47.1867],[6.8693,47.1853],[6.866,47.1835],[6.8586,47.1795],[6.8454,47.1723],[6.8442,47.17],[6.8587,47.1659],[6.8578,47.1652],[6.8463,47.1557],[6.8351,47.1465],[6.8299,47.1455],[6.8038,47.1296],[6.7965,47.1277],[6.7434,47.1087],[6.7449,47.1014],[6.7458,47.0969],[6.7468,47.0917],[6.7451,47.0907],[6.738,47.0909],[6.7277,47.0912],[6.7218,47.0888],[6.7052,47.082],[6.7094,47.0776],[6.7081,47.0738],[6.7024,47.0713],[6.6999,47.0701],[6.6943,47.0676],[6.705,47.058],[6.7136,47.0549],[6.7214,47.0513],[6.7017,47.0395],[6.6991,47.0389],[6.6985,47.0388],[6.6766,47.0342],[6.644,47.0028],[6.6262,46.9985],[6.6109,46.9949],[6.5949,46.9911],[6.5841,46.988],[6.5232,46.9704],[6.5106,46.9668],[6.5102,46.9671],[6.502,46.9751],[6.4979,46.9725],[6.4904,46.9678],[6.4757,46.9557],[6.4539,46.9408],[6.4493,46.9377],[6.4361,46.9287],[6.4685,46.8908],[6.4671,46.8753],[6.4644,46.8521],[6.4373,46.8136],[6.4399,46.8016],[6.4619,46.7896],[6.4562,46.7751],[6.4542,46.7741],[6.4449,46.7682],[6.422,46.7539],[6.3936,46.7448],[6.3946,46.7423],[6.3895,46.733],[6.3828,46.732],[6.3723,46.7283],[6.3755,46.7282],[6.3749,46.7256],[6.3674,46.7238],[6.3113,46.6991],[6.2243,46.6447],[6.2103,46.6358],[6.2053,46.6351],[6.1956,46.6292],[6.1639,46.6099],[6.1226,46.5849],[6.1079,46.5759],[6.1329,46.5559],[6.1389,46.5574],[6.1467,46.5593],[6.1626,46.5456],[6.153,46.5386],[6.1573,46.5361],[6.1485,46.5288],[6.1424,46.5319],[6.1009,46.4807],[6.0766,46.4652],[6.0794,46.4534],[6.092,46.4457],[6.0893,46.4402],[6.0788,46.4328],[6.0689,46.4169],[6.0875,46.4096],[6.0988,46.4052],[6.1176,46.3978],[6.1203,46.3993],[6.1553,46.3789],[6.1563,46.3783],[6.1589,46.3789],[6.1634,46.38],[6.1664,46.3777],[6.1753,46.3678],[6.1631,46.352],[6.1442,46.3358],[6.1442,46.3342],[6.1382,46.3266],[6.1318,46.319],[6.1247,46.3026],[6.1275,46.299],[6.1088,46.2855],[6.1186,46.2739],[6.1155,46.2722],[6.1261,46.2617],[6.1301,46.2529],[6.1288,46.2516],[6.1161,46.2425],[6.1076,46.2397],[6.1052,46.2415],[6.0962,46.2484],[6.0911,46.2474],[6.0752,46.2444],[6.0747,46.2447],[6.0692,46.2479],[6.0664,46.2455],[6.0526,46.2338],[6.0475,46.2367],[6.0404,46.2407],[6.0371,46.239],[6.0076,46.2234],[6.0067,46.2246],[6.0045,46.2245],[5.9975,46.2242],[5.9983,46.2222],[5.9998,46.2185],[5.9866,46.22],[5.9862,46.2201],[5.9854,46.2183],[5.9787,46.204],[5.9705,46.198],[6.0009,46.184],[5.9959,46.1793],[5.9974,46.1777],[5.9943,46.1728],[5.9913,46.1745],[5.9895,46.1755],[5.9874,46.171],[5.9833,46.1621],[5.9627,46.1327],[5.9649,46.1298],[5.9656,46.1289],[5.9764,46.1306],[5.9778,46.1321],[5.9899,46.1423],[5.9907,46.1429],[6.0305,46.1409],[6.0407,46.1367],[6.0445,46.1352],[6.0564,46.1486],[6.0592,46.1517],[6.0813,46.1501],[6.0831,46.149],[6.0831,46.1489],[6.0865,46.1496],[6.0996,46.1522],[6.1036,46.1481],[6.1003,46.1458],[6.1034,46.1428],[6.1058,46.1442],[6.1316,46.1409],[6.1351,46.1405],[6.1507,46.1455],[6.1537,46.1482],[6.1582,46.1518],[6.1588,46.1523],[6.1613,46.153],[6.1822,46.1588],[6.1851,46.1643],[6.188,46.1699],[6.1927,46.1789],[6.1986,46.1822],[6.2001,46.1831],[6.2287,46.1995],[6.2303,46.2017],[6.2392,46.2055],[6.2422,46.2068],[6.2498,46.2056],[6.2511,46.2054],[6.2515,46.2064],[6.2517,46.2069],[6.2564,46.2086],[6.2624,46.2109],[6.2952,46.2231],[6.2983,46.2243],[6.3156,46.2476],[6.3157,46.257],[6.3104,46.2575],[6.3101,46.2573],[6.3085,46.2565],[6.3036,46.2571],[6.3035,46.2573],[6.3021,46.2598],[6.3032,46.2649],[6.2987,46.2625],[6.2743,46.2496],[6.2719,46.251],[6.2683,46.2531],[6.2699,46.2556],[6.2574,46.263],[6.2444,46.2823],[6.2508,46.2859],[6.2605,46.2911],[6.2519,46.3016],[6.2514,46.3023],[6.2487,46.3056],[6.2473,46.305],[6.2479,46.3028],[6.2479,46.3026],[6.2423,46.291],[6.2219,46.2731],[6.2161,46.2668],[6.2022,46.2638],[6.1973,46.2447],[6.1986,46.2422],[6.1979,46.2384],[6.1785,46.2149],[6.1793,46.2136],[6.1613,46.2061],[6.1591,46.2064],[6.1544,46.2069],[6.156,46.2085],[6.1722,46.2119],[6.1938,46.2384],[6.1991,46.264],[6.2353,46.2891],[6.2778,46.3504],[6.3035,46.366],[6.3435,46.3701],[6.3609,46.3479],[6.3892,46.34],[6.4135,46.36],[6.4773,46.3756],[6.4843,46.3934],[6.5149,46.4049],[6.5451,46.3948],[6.6368,46.4067],[6.7255,46.4083],[6.8091,46.3937],[6.8092,46.3929],[6.8094,46.3802],[6.8038,46.3772],[6.7867,46.368],[6.7761,46.3622],[6.7782,46.3475],[6.7915,46.3324],[6.8004,46.3333],[6.8056,46.3196],[6.8227,46.3166],[6.8277,46.3125],[6.8321,46.3048],[6.8517,46.2911],[6.8637,46.2923],[6.8621,46.2822],[6.8616,46.2791],[6.8586,46.2609],[6.8333,46.2368],[6.8244,46.2351],[6.8245,46.2312],[6.8108,46.1982],[6.8131,46.192],[6.8158,46.1832],[6.7938,46.1544],[6.804,46.1368],[6.8194,46.1302],[6.846,46.1335],[6.8534,46.1284],[6.8977,46.1271],[6.9031,46.1254],[6.8927,46.1087],[6.889,46.1028],[6.8856,46.0973],[6.896,46.0865],[6.8926,46.0822],[6.8952,46.0768],[6.8763,46.0545],[6.8958,46.044],[6.8961,46.0438],[6.9024,46.047],[6.9176,46.0548],[6.9302,46.066],[6.9387,46.0669],[6.9412,46.0651],[6.9388,46.0577],[6.9546,46.0535],[6.9669,46.0321],[6.9738,46.0288],[6.9993,46.0015],[7.0101,46.0019],[7.0168,45.9888],[7.0253,45.9833],[7.0246,45.9797],[7.0121,45.9745],[7.0413,45.9488],[7.0462,45.932],[7.0372,45.9299],[7.0369,45.9304]],[[7.1276,47.5041],[7.1225,47.5011],[7.112,47.4951],[7.1276,47.5041]]],[[[6.1597,46.2516],[6.1573,46.2425],[6.1578,46.2494],[6.1597,46.2516]]],[[[6.2318,46.3679],[6.2353,46.3708],[6.2163,46.3486],[6.2181,46.3546],[6.2318,46.3679]]],[[[6.2646,46.3939],[6.275,46.3918],[6.2741,46.3901],[6.2617,46.3921],[6.2626,46.3927],[6.2646,46.3939]]],[[[6.3587,46.4622],[6.3653,46.4628],[6.3811,46.4645],[6.3866,46.465],[6.3896,46.4654],[6.3971,46.4614],[6.3995,46.4602],[6.4098,46.4628],[6.4262,46.4668],[6.3994,46.4587],[6.3848,46.4643],[6.3542,46.4616],[6.3551,46.4621],[6.3587,46.4622]]],[[[6.5197,46.5166],[6.5355,46.5115],[6.5165,46.5149],[6.517,46.5151],[6.5197,46.5166]]],[[[6.5627,46.5084],[6.5588,46.5072],[6.5525,46.5083],[6.5618,46.5084],[6.5627,46.5084]]],[[[6.5916,46.5178],[6.5958,46.5192],[6.601,46.5161],[6.592,46.5177],[6.5862,46.5159],[6.5912,46.5177],[6.5916,46.5178]]],[[[6.6819,46.5042],[6.708,46.4958],[6.7173,46.4898],[6.7266,46.4864],[6.7209,46.4856],[6.6894,46.5002],[6.6612,46.5053],[6.6737,46.5052],[6.6819,46.5042]]],[[[6.7466,46.4872],[6.7507,46.4858],[6.7442,46.4881],[6.7494,46.4887],[6.7566,46.4867],[6.7803,46.4747],[6.7899,46.4738],[6.8031,46.4716],[6.8172,46.4698],[6.8363,46.4685],[6.8366,46.4681],[6.8387,46.4623],[6.832,46.4668],[6.7765,46.4734],[6.744,46.4881],[6.7442,46.4881],[6.7466,46.4872]]],[[[6.8576,46.4534],[6.8641,46.4481],[6.8579,46.4495],[6.8402,46.4614],[6.8568,46.4571],[6.8576,46.4534]]],[[[6.8815,46.4456],[6.8822,46.4439],[6.866,46.4476],[6.8719,46.4482],[6.8815,46.4456]]],[[[6.9132,46.4304],[6.9194,46.4295],[6.9275,46.4211],[6.935,46.4099],[6.9255,46.3962],[6.9244,46.396],[6.9208,46.395],[6.9193,46.3956],[6.9191,46.3956],[6.9309,46.4084],[6.9009,46.4397],[6.8938,46.4413],[6.9068,46.4402],[6.9132,46.4304]]],[[[6.8703,46.3942],[6.8665,46.3956],[6.8644,46.3955],[6.8644,46.3948],[6.8639,46.3875],[6.8595,46.388],[6.8579,46.3882],[6.8605,46.3957],[6.8876,46.3955],[6.8724,46.3934],[6.8703,46.3942]]],[[[8.6269,41.7321],[8.7424,41.8816],[8.6928,41.9135],[8.5619,41.8816],[8.5379,41.9478],[8.5896,41.9576],[8.6683,42.0287],[8.6265,42.0973],[8.5107,42.1341],[8.5172,42.2077],[8.6284,42.2617],[8.5004,42.3598],[8.6093,42.4873],[8.879,42.6248],[9.0004,42.6346],[9.0184,42.691],[9.1495,42.7107],[9.2377,42.664],[9.2804,42.7279],[9.2705,42.8825],[9.3032,42.9832],[9.3671,42.9881],[9.4142,42.9095],[9.4322,42.7941],[9.4055,42.5806],[9.4586,42.5561],[9.4867,42.4064],[9.4525,42.0483],[9.3575,41.9012],[9.3045,41.5753],[9.173,41.3499],[9.0389,41.3695],[9.0133,41.4577],[8.8288,41.492],[8.7269,41.5606],[8.8546,41.6537],[8.8233,41.688],[8.6269,41.7321]]]]}},{"type":"Feature","properties":{"NAME":"Italy","ABBREVN":"Italy","SUBJECTO":"Italy","BORDERPRECISION":3,"PARTOF":"Italy"},"geometry":{"type":"MultiPolygon","coordinates":[[[[15.4729,38.1101],[15.4225,38.0526],[15.181,37.6823],[15.1122,37.459],[15.1162,37.2869],[15.3013,37.0579],[15.2206,37.0004],[15.0273,36.7451],[14.9424,36.7386],[14.622,36.7761],[14.2159,37.0493],[13.8684,37.157],[13.0116,37.5249],[12.6369,37.5815],[12.532,37.6387],[12.4541,37.766],[12.5166,37.9192],[12.6643,38.0725],[12.7828,38.1174],[13.066,38.0669],[13.3225,38.2205],[13.628,38.0298],[13.8095,37.9664],[14.1345,37.9735],[14.7659,38.0576],[15.3867,38.2055],[15.4537,38.1674],[15.4729,38.1101]]],[[[9.3062,41.1844],[9.5909,40.9029],[9.7937,40.5637],[9.7878,40.442],[9.6957,40.3137],[9.6308,40.0959],[9.698,39.6935],[9.6483,39.4572],[9.4789,39.1442],[9.2963,39.2331],[9.0625,39.2199],[8.9985,39.1751],[8.9314,39.0537],[8.8196,38.9769],[8.6961,38.9958],[8.5824,39.0658],[8.4172,39.2122],[8.3742,39.3078],[8.465,39.6399],[8.5085,39.9465],[8.488,40.2088],[8.4282,40.4649],[8.2016,40.663],[8.1595,40.7847],[8.2407,40.8553],[8.4056,40.8621],[8.7661,40.8628],[8.9184,40.94],[9.3062,41.1844]]],[[[7.0576,45.9174],[7.0627,45.9156],[7.0654,45.9143],[7.0677,45.9123],[7.0675,45.9102],[7.0671,45.9029],[7.0697,45.9012],[7.0725,45.9001],[7.0746,45.8984],[7.077,45.897],[7.0791,45.8968],[7.0791,45.8958],[7.08,45.8938],[7.082,45.8916],[7.0835,45.8893],[7.0846,45.8878],[7.0873,45.8869],[7.0895,45.8869],[7.0981,45.879],[7.0967,45.8761],[7.0969,45.8741],[7.0978,45.873],[7.099,45.8715],[7.1011,45.8677],[7.1016,45.8647],[7.1016,45.8637],[7.1029,45.8624],[7.1062,45.8606],[7.1074,45.8601],[7.1109,45.8599],[7.117,45.8612],[7.119,45.8617],[7.1214,45.8618],[7.1235,45.8623],[7.1262,45.8643],[7.1301,45.8664],[7.1326,45.8667],[7.1341,45.8688],[7.1381,45.8707],[7.1387,45.8717],[7.1396,45.8741],[7.1415,45.8759],[7.1546,45.8804],[7.1594,45.8822],[7.1661,45.8806],[7.1679,45.8793],[7.1681,45.878],[7.1673,45.8771],[7.1652,45.8762],[7.1798,45.8653],[7.1842,45.8661],[7.1892,45.8625],[7.191,45.8613],[7.1957,45.8605],[7.2002,45.8622],[7.2028,45.8644],[7.2054,45.8667],[7.2045,45.8675],[7.2036,45.8696],[7.2037,45.8748],[7.2046,45.8761],[7.2057,45.8778],[7.2085,45.8801],[7.2098,45.8817],[7.2104,45.8825],[7.2125,45.8842],[7.2186,45.887],[7.2204,45.8879],[7.2213,45.8922],[7.2278,45.8936],[7.2299,45.8936],[7.2314,45.8944],[7.2334,45.8948],[7.2356,45.8943],[7.2393,45.8935],[7.2432,45.8933],[7.2499,45.8949],[7.2543,45.8955],[7.2567,45.8945],[7.2599,45.8923],[7.2614,45.8919],[7.2635,45.8928],[7.2762,45.9025],[7.2811,45.9039],[7.2818,45.9043],[7.2828,45.9049],[7.2841,45.9073],[7.2848,45.909],[7.286,45.9108],[7.2869,45.912],[7.2886,45.9139],[7.2893,45.9154],[7.2908,45.9186],[7.2938,45.9201],[7.2944,45.9213],[7.2951,45.9226],[7.2981,45.923],[7.3008,45.9222],[7.3056,45.9189],[7.3121,45.9196],[7.3147,45.9182],[7.3198,45.918],[7.3217,45.9131],[7.3271,45.9119],[7.3329,45.912],[7.342,45.9143],[7.3477,45.9166],[7.3501,45.9158],[7.3528,45.9144],[7.3589,45.9122],[7.3597,45.9088],[7.364,45.9061],[7.3655,45.9054],[7.3673,45.9055],[7.3701,45.9059],[7.3735,45.9049],[7.3776,45.9031],[7.384,45.9002],[7.3885,45.8986],[7.3907,45.8992],[7.3968,45.9029],[7.4009,45.9061],[7.4036,45.9107],[7.4059,45.9123],[7.4092,45.9105],[7.4118,45.9105],[7.4182,45.9122],[7.4204,45.9132],[7.4228,45.9136],[7.4254,45.9142],[7.4268,45.9162],[7.4288,45.9167],[7.4312,45.9174],[7.4404,45.925],[7.4428,45.9273],[7.4469,45.9303],[7.4485,45.9334],[7.4591,45.9346],[7.4611,45.9355],[7.4633,45.9379],[7.467,45.9373],[7.4714,45.9365],[7.4739,45.9365],[7.4762,45.9372],[7.4764,45.9374],[7.4775,45.938],[7.4783,45.9389],[7.4783,45.9404],[7.4781,45.9423],[7.4766,45.9486],[7.4767,45.9492],[7.4769,45.951],[7.4784,45.9523],[7.4814,45.9538],[7.4828,45.9548],[7.4874,45.9561],[7.489,45.9572],[7.492,45.9583],[7.4958,45.9583],[7.4966,45.9584],[7.4985,45.9587],[7.4993,45.9595],[7.5,45.9602],[7.5004,45.9621],[7.5007,45.963],[7.5018,45.9636],[7.5025,45.964],[7.5055,45.9633],[7.507,45.9621],[7.5086,45.9606],[7.5149,45.961],[7.5173,45.963],[7.5195,45.9643],[7.524,45.9613],[7.5258,45.9604],[7.5281,45.9604],[7.531,45.9594],[7.5331,45.9594],[7.5357,45.9599],[7.5381,45.9594],[7.5414,45.958],[7.5443,45.9591],[7.5467,45.9613],[7.5493,45.9636],[7.5494,45.9662],[7.5459,45.9747],[7.5458,45.9783],[7.5457,45.9797],[7.5474,45.9811],[7.5496,45.9831],[7.5496,45.9838],[7.5496,45.9854],[7.5496,45.9868],[7.5513,45.9875],[7.5547,45.988],[7.5634,45.9894],[7.5664,45.9898],[7.5691,45.9907],[7.571,45.991],[7.5737,45.9911],[7.5769,45.9911],[7.5781,45.9903],[7.5799,45.9888],[7.5806,45.9883],[7.5809,45.9872],[7.5822,45.9822],[7.5824,45.9803],[7.5825,45.9777],[7.5854,45.9754],[7.5873,45.9741],[7.5895,45.9733],[7.5934,45.973],[7.597,45.9735],[7.607,45.9721],[7.6112,45.9712],[7.6197,45.974],[7.6232,45.9745],[7.6374,45.9728],[7.6401,45.9727],[7.6441,45.9728],[7.6475,45.9741],[7.6498,45.9752],[7.6526,45.9763],[7.6546,45.9764],[7.6577,45.9771],[7.6603,45.9789],[7.6619,45.9788],[7.663,45.9785],[7.6664,45.9781],[7.6697,45.9761],[7.6718,45.9732],[7.6739,45.9726],[7.6753,45.9698],[7.678,45.9682],[7.6786,45.9646],[7.6828,45.9601],[7.6878,45.9595],[7.6944,45.9585],[7.6978,45.9582],[7.7001,45.9581],[7.7032,45.9568],[7.7101,45.9526],[7.7111,45.9516],[7.7109,45.9454],[7.7103,45.9421],[7.7094,45.9395],[7.7088,45.9376],[7.7094,45.9371],[7.7127,45.9364],[7.714,45.934],[7.7149,45.9311],[7.7195,45.9282],[7.7228,45.9259],[7.7296,45.926],[7.7353,45.9262],[7.7376,45.9263],[7.7382,45.9269],[7.7389,45.9281],[7.7398,45.9303],[7.7416,45.9315],[7.7452,45.9344],[7.7476,45.9372],[7.7493,45.9389],[7.751,45.9422],[7.7599,45.9419],[7.7647,45.9413],[7.7683,45.9405],[7.7702,45.9396],[7.7745,45.9357],[7.7791,45.9323],[7.7805,45.9315],[7.7837,45.93],[7.7881,45.9292],[7.7918,45.9271],[7.7937,45.925],[7.7964,45.9222],[7.7994,45.9209],[7.802,45.9199],[7.8049,45.9193],[7.8059,45.9192],[7.8067,45.9209],[7.8082,45.9229],[7.8127,45.925],[7.8152,45.9258],[7.8178,45.9265],[7.8194,45.9271],[7.8205,45.9282],[7.8229,45.929],[7.832,45.9277],[7.8344,45.9265],[7.836,45.9252],[7.8391,45.9242],[7.8433,45.9242],[7.8463,45.9239],[7.852,45.9231],[7.8557,45.9231],[7.8587,45.9232],[7.8602,45.9227],[7.8623,45.921],[7.8631,45.9203],[7.8645,45.9197],[7.8661,45.9196],[7.8679,45.921],[7.8696,45.9215],[7.8733,45.9214],[7.8747,45.9223],[7.8771,45.9259],[7.8784,45.9281],[7.8786,45.9285],[7.8792,45.9297],[7.8794,45.9306],[7.8766,45.9356],[7.8752,45.9365],[7.8744,45.939],[7.873,45.9404],[7.8726,45.9408],[7.8724,45.9506],[7.8794,45.9522],[7.8786,45.9623],[7.88,45.9648],[7.881,45.9656],[7.8831,45.9673],[7.8818,45.9729],[7.8808,45.9772],[7.8858,45.9787],[7.8888,45.9798],[7.894,45.9805],[7.8959,45.9809],[7.8966,45.981],[7.8967,45.9818],[7.8972,45.9841],[7.9002,45.9876],[7.9023,45.9893],[7.9038,45.9905],[7.9047,45.9907],[7.9064,45.9913],[7.9082,45.9939],[7.9082,45.9947],[7.9082,45.9954],[7.9093,45.9968],[7.9117,45.9985],[7.9129,45.9988],[7.9166,45.9988],[7.9209,45.9978],[7.9238,45.9983],[7.926,45.9991],[7.9301,45.999],[7.9328,45.998],[7.9382,45.999],[7.9449,45.9995],[7.9495,45.9999],[7.9528,45.9999],[7.9554,45.9994],[7.9601,45.9979],[7.9642,45.9988],[7.9703,45.9998],[7.9735,46.0004],[7.9772,46.0013],[7.9808,46.0013],[7.9824,46.0006],[7.9866,45.9991],[7.9884,45.9987],[7.991,45.9983],[7.9928,45.9989],[7.9932,45.9992],[7.9971,46.0024],[7.9987,46.0056],[8.0005,46.0087],[8.0026,46.0113],[8.0031,46.0138],[8.0073,46.0135],[8.0136,46.0141],[8.0137,46.0143],[8.0146,46.0154],[8.0157,46.0192],[8.015,46.0205],[8.0144,46.0215],[8.0141,46.0225],[8.0147,46.0243],[8.0171,46.0258],[8.0191,46.0269],[8.0193,46.0272],[8.0196,46.0277],[8.0191,46.0292],[8.0165,46.0328],[8.016,46.0334],[8.0184,46.0354],[8.0204,46.0375],[8.0225,46.0395],[8.0253,46.0418],[8.0289,46.0429],[8.0313,46.0436],[8.0329,46.0438],[8.0343,46.0446],[8.0349,46.045],[8.0361,46.0453],[8.037,46.0463],[8.0376,46.0467],[8.0378,46.0476],[8.0373,46.0489],[8.0347,46.0521],[8.0338,46.0542],[8.0298,46.0601],[8.0272,46.0666],[8.0259,46.0713],[8.0252,46.0757],[8.026,46.0771],[8.0289,46.0806],[8.0313,46.0835],[8.0322,46.0846],[8.033,46.0871],[8.0333,46.0886],[8.0333,46.0907],[8.0339,46.0929],[8.0356,46.0951],[8.0363,46.0986],[8.0366,46.1003],[8.0372,46.1029],[8.0444,46.1027],[8.0465,46.1027],[8.0486,46.1029],[8.0524,46.105],[8.0551,46.1049],[8.0582,46.1044],[8.0605,46.1049],[8.0642,46.1066],[8.0678,46.1078],[8.0701,46.1083],[8.0737,46.1088],[8.081,46.1087],[8.0833,46.1081],[8.0842,46.1081],[8.0869,46.1086],[8.0943,46.1106],[8.1007,46.1115],[8.1018,46.1127],[8.103,46.1132],[8.1058,46.1138],[8.1105,46.1141],[8.1128,46.1168],[8.1137,46.1177],[8.1152,46.1185],[8.116,46.1188],[8.1166,46.1195],[8.1176,46.1221],[8.118,46.1269],[8.1182,46.1307],[8.1188,46.1324],[8.1197,46.1333],[8.1231,46.1351],[8.1249,46.1367],[8.1263,46.1374],[8.1314,46.1381],[8.1359,46.1392],[8.1387,46.1385],[8.1405,46.1382],[8.1413,46.138],[8.1429,46.1383],[8.145,46.1391],[8.1483,46.1408],[8.15,46.1415],[8.154,46.1457],[8.1566,46.1523],[8.1551,46.155],[8.1543,46.157],[8.1537,46.1584],[8.1524,46.161],[8.1524,46.1632],[8.1532,46.1647],[8.1538,46.1669],[8.1559,46.1693],[8.1581,46.1716],[8.1596,46.173],[8.1608,46.1751],[8.1619,46.1775],[8.1633,46.1782],[8.1669,46.1797],[8.1683,46.1811],[8.1684,46.1812],[8.1685,46.1837],[8.1683,46.185],[8.1678,46.1872],[8.1667,46.189],[8.1651,46.1905],[8.1595,46.1942],[8.1548,46.1959],[8.1526,46.2012],[8.1523,46.2063],[8.1523,46.2078],[8.151,46.2097],[8.1497,46.2107],[8.1489,46.2113],[8.1469,46.2125],[8.1452,46.2147],[8.1441,46.2162],[8.1437,46.2183],[8.1411,46.227],[8.1407,46.2279],[8.1395,46.2301],[8.1377,46.2298],[8.1352,46.2298],[8.134,46.2301],[8.1271,46.2323],[8.1259,46.2334],[8.1231,46.2378],[8.1221,46.2391],[8.1192,46.2391],[8.117,46.2397],[8.1162,46.2403],[8.1149,46.2423],[8.1142,46.2457],[8.1142,46.2472],[8.1138,46.2511],[8.1104,46.254],[8.1081,46.2539],[8.104,46.2529],[8.1039,46.2529],[8.1027,46.2554],[8.1023,46.2556],[8.0958,46.256],[8.0931,46.2563],[8.0901,46.2574],[8.088,46.2584],[8.0855,46.2598],[8.0839,46.2607],[8.0831,46.2624],[8.0881,46.264],[8.0883,46.2661],[8.0886,46.2678],[8.0919,46.269],[8.1021,46.2763],[8.1053,46.2793],[8.1074,46.2813],[8.1144,46.283],[8.1173,46.2861],[8.1185,46.2881],[8.1205,46.2892],[8.1213,46.2921],[8.1236,46.295],[8.1255,46.2963],[8.1289,46.2969],[8.1318,46.2996],[8.1356,46.3023],[8.1374,46.3032],[8.1396,46.3042],[8.1416,46.3044],[8.1461,46.3037],[8.1491,46.3027],[8.1521,46.3016],[8.154,46.3015],[8.1546,46.3009],[8.1563,46.2998],[8.1587,46.2985],[8.1645,46.2985],[8.1802,46.2996],[8.1835,46.3007],[8.1852,46.3019],[8.1882,46.3029],[8.1937,46.3052],[8.1997,46.3044],[8.2067,46.3083],[8.2133,46.311],[8.2144,46.3121],[8.2143,46.314],[8.2141,46.3151],[8.2157,46.3166],[8.2168,46.3203],[8.2172,46.3218],[8.2197,46.323],[8.2225,46.3236],[8.2247,46.3254],[8.226,46.3274],[8.2264,46.328],[8.2261,46.3304],[8.2254,46.3313],[8.2246,46.3323],[8.2242,46.3333],[8.2242,46.3346],[8.2254,46.3357],[8.237,46.3418],[8.2395,46.3417],[8.2431,46.3414],[8.2514,46.3422],[8.2526,46.3423],[8.2529,46.3443],[8.2532,46.3468],[8.2553,46.3475],[8.2584,46.3473],[8.2623,46.3464],[8.2637,46.3466],[8.2645,46.3472],[8.2645,46.3484],[8.2627,46.3512],[8.2662,46.3531],[8.2671,46.354],[8.2673,46.3552],[8.2673,46.3557],[8.2673,46.3574],[8.2674,46.3596],[8.2674,46.3601],[8.2671,46.3607],[8.2669,46.3608],[8.2644,46.3619],[8.2632,46.3626],[8.2629,46.3633],[8.2629,46.3637],[8.2651,46.3655],[8.2726,46.3675],[8.2747,46.3679],[8.2849,46.3648],[8.2911,46.3705],[8.2941,46.3712],[8.3032,46.3767],[8.3062,46.3765],[8.3096,46.3774],[8.3118,46.3787],[8.3144,46.3802],[8.3155,46.382],[8.3158,46.3838],[8.3176,46.386],[8.3183,46.3869],[8.3194,46.3879],[8.3203,46.3885],[8.3203,46.3896],[8.3197,46.3906],[8.3184,46.3911],[8.3172,46.3916],[8.3166,46.3922],[8.3166,46.3933],[8.3183,46.3943],[8.319,46.396],[8.3199,46.3984],[8.3182,46.4005],[8.3111,46.4067],[8.3042,46.4051],[8.3031,46.4057],[8.3,46.4074],[8.2962,46.4079],[8.2953,46.4083],[8.2929,46.4108],[8.2928,46.4109],[8.2931,46.4111],[8.2978,46.4141],[8.2992,46.4148],[8.3009,46.4175],[8.302,46.419],[8.3055,46.4237],[8.3062,46.4255],[8.3065,46.4258],[8.3071,46.4262],[8.3087,46.427],[8.3105,46.4256],[8.3106,46.4256],[8.3119,46.425],[8.3163,46.4249],[8.3172,46.4252],[8.3196,46.4257],[8.3228,46.4266],[8.327,46.4265],[8.3291,46.4288],[8.3335,46.4304],[8.3395,46.4332],[8.3425,46.4356],[8.3439,46.4386],[8.3462,46.4396],[8.3505,46.4415],[8.356,46.4458],[8.3576,46.4491],[8.3602,46.4508],[8.3681,46.4537],[8.3721,46.4545],[8.375,46.454],[8.3765,46.4537],[8.3796,46.4525],[8.3816,46.4521],[8.3827,46.4523],[8.3846,46.4534],[8.3895,46.4532],[8.3907,46.4531],[8.394,46.453],[8.3955,46.4543],[8.3968,46.4553],[8.3983,46.4565],[8.3999,46.4566],[8.4036,46.456],[8.404,46.456],[8.4041,46.4561],[8.4066,46.4596],[8.4079,46.4604],[8.4127,46.4607],[8.4169,46.4599],[8.4187,46.4606],[8.4245,46.4633],[8.4374,46.4658],[8.4389,46.4642],[8.4448,46.465],[8.45,46.4633],[8.4516,46.4611],[8.4527,46.459],[8.4534,46.4567],[8.4547,46.4554],[8.4573,46.4545],[8.4616,46.452],[8.4615,46.4508],[8.4614,46.4499],[8.4623,46.4482],[8.4627,46.4473],[8.4634,46.4474],[8.4657,46.4461],[8.4633,46.441],[8.4603,46.4399],[8.4601,46.4398],[8.4582,46.439],[8.4571,46.4368],[8.4572,46.436],[8.4572,46.4359],[8.4579,46.4348],[8.4598,46.4326],[8.4593,46.4309],[8.4575,46.4279],[8.4573,46.426],[8.4573,46.4259],[8.4577,46.4241],[8.4592,46.4215],[8.4606,46.4203],[8.4612,46.4199],[8.4627,46.4188],[8.4648,46.4165],[8.4671,46.4132],[8.4645,46.4113],[8.4626,46.4067],[8.4635,46.4038],[8.4672,46.4007],[8.4702,46.3982],[8.4692,46.3977],[8.4673,46.3967],[8.464,46.3933],[8.4617,46.3912],[8.4615,46.3894],[8.4621,46.3885],[8.4624,46.3882],[8.464,46.3864],[8.4651,46.3853],[8.4658,46.3833],[8.4668,46.3801],[8.4666,46.3787],[8.4658,46.3705],[8.4673,46.3672],[8.4686,46.366],[8.471,46.364],[8.4687,46.363],[8.464,46.3609],[8.4629,46.36],[8.4618,46.3572],[8.4615,46.3554],[8.4615,46.3552],[8.4619,46.3534],[8.4621,46.3522],[8.463,46.3497],[8.4634,46.3463],[8.4642,46.3353],[8.4626,46.3338],[8.4595,46.3311],[8.4573,46.3303],[8.4558,46.3295],[8.4538,46.3271],[8.4538,46.3255],[8.4538,46.3254],[8.4541,46.3237],[8.4522,46.3235],[8.4435,46.3229],[8.4415,46.3215],[8.4403,46.32],[8.4398,46.3187],[8.4406,46.3148],[8.4402,46.3131],[8.4383,46.3104],[8.4383,46.309],[8.4406,46.3063],[8.4341,46.3054],[8.4322,46.3047],[8.4277,46.3022],[8.4278,46.3016],[8.4279,46.3013],[8.4279,46.3006],[8.4285,46.2999],[8.433,46.2959],[8.4342,46.2933],[8.4348,46.2908],[8.4359,46.2885],[8.4378,46.2866],[8.4457,46.2815],[8.45,46.2769],[8.4556,46.2668],[8.4535,46.266],[8.4512,46.2652],[8.4499,46.2643],[8.4433,46.2596],[8.4426,46.2587],[8.4425,46.2585],[8.4416,46.2575],[8.4423,46.2527],[8.4435,46.2511],[8.446,46.2504],[8.4496,46.2496],[8.4619,46.2478],[8.4638,46.2469],[8.4648,46.2454],[8.4647,46.2429],[8.4646,46.2406],[8.4659,46.2378],[8.4669,46.2368],[8.4676,46.2364],[8.4702,46.2347],[8.4732,46.2338],[8.4892,46.2319],[8.4922,46.2314],[8.5044,46.2275],[8.5069,46.2256],[8.5105,46.2231],[8.512,46.2222],[8.5159,46.2223],[8.5189,46.2226],[8.5227,46.2236],[8.5319,46.2207],[8.5335,46.216],[8.5341,46.2142],[8.5359,46.2085],[8.5374,46.206],[8.5401,46.2018],[8.5419,46.2007],[8.5498,46.1976],[8.5535,46.1955],[8.5547,46.1909],[8.5556,46.1898],[8.5592,46.1886],[8.5647,46.1876],[8.5673,46.1837],[8.5682,46.182],[8.57,46.1804],[8.5704,46.1777],[8.5716,46.1718],[8.573,46.1679],[8.5752,46.1662],[8.577,46.1654],[8.5857,46.1659],[8.5878,46.1645],[8.587,46.162],[8.5874,46.1608],[8.5883,46.1596],[8.5904,46.1591],[8.6036,46.1587],[8.6043,46.1564],[8.6011,46.1553],[8.6007,46.1548],[8.6005,46.1545],[8.6003,46.1527],[8.5965,46.1508],[8.5951,46.149],[8.595,46.1453],[8.5952,46.1452],[8.603,46.1408],[8.6068,46.1379],[8.6104,46.1349],[8.6102,46.1331],[8.6101,46.131],[8.6114,46.1277],[8.6133,46.1247],[8.6157,46.124],[8.6202,46.1242],[8.629,46.1246],[8.6331,46.1252],[8.6413,46.1253],[8.6475,46.1262],[8.6563,46.1175],[8.6585,46.1158],[8.6698,46.1119],[8.6718,46.1114],[8.6759,46.1134],[8.6798,46.1133],[8.6813,46.1099],[8.6835,46.1078],[8.688,46.1052],[8.6896,46.105],[8.6943,46.1054],[8.6977,46.1052],[8.6992,46.1045],[8.713,46.0982],[8.7215,46.1084],[8.7396,46.1237],[8.7476,46.1163],[8.7561,46.1086],[8.7585,46.1062],[8.7586,46.1061],[8.7617,46.1054],[8.7733,46.1021],[8.776,46.1008],[8.7825,46.0976],[8.7983,46.0967],[8.7997,46.0966],[8.8003,46.0971],[8.8005,46.0972],[8.8023,46.0988],[8.8039,46.101],[8.8071,46.1043],[8.8141,46.1014],[8.8173,46.0996],[8.821,46.0966],[8.8255,46.0922],[8.8273,46.0924],[8.8298,46.0894],[8.832,46.0873],[8.8367,46.0848],[8.8404,46.0836],[8.843,46.0827],[8.8444,46.0815],[8.8469,46.0797],[8.8508,46.0787],[8.8515,46.0759],[8.852,46.0739],[8.8523,46.0671],[8.8522,46.0651],[8.8438,46.054],[8.8403,46.0553],[8.8343,46.0574],[8.8325,46.0547],[8.8302,46.0531],[8.8277,46.0514],[8.8305,46.05],[8.8307,46.0498],[8.8341,46.0487],[8.8337,46.0465],[8.8291,46.0473],[8.8291,46.0462],[8.8288,46.0413],[8.8277,46.0397],[8.826,46.0374],[8.824,46.0346],[8.8226,46.0326],[8.8204,46.0301],[8.8135,46.0282],[8.8052,46.0267],[8.8044,46.0256],[8.8033,46.0238],[8.8016,46.0212],[8.7981,46.0172],[8.7934,46.0139],[8.7926,46.0127],[8.7911,46.0094],[8.7853,45.993],[8.7871,45.9929],[8.7903,45.9926],[8.7925,45.9933],[8.7933,45.9942],[8.7935,45.9953],[8.796,45.9957],[8.8017,45.9945],[8.8054,45.9937],[8.8082,45.9935],[8.8112,45.9935],[8.8136,45.9936],[8.818,45.9915],[8.8198,45.991],[8.8236,45.9912],[8.8287,45.9914],[8.8302,45.9917],[8.8318,45.9918],[8.8333,45.9902],[8.8338,45.9894],[8.8361,45.9887],[8.8378,45.9878],[8.8384,45.9865],[8.8391,45.9859],[8.8412,45.9858],[8.8417,45.9849],[8.8416,45.983],[8.8417,45.9821],[8.8432,45.9818],[8.8452,45.9796],[8.8467,45.9781],[8.8533,45.9738],[8.8554,45.9723],[8.8561,45.9719],[8.8589,45.9702],[8.862,45.9686],[8.8638,45.9676],[8.8706,45.9645],[8.8754,45.9624],[8.8806,45.9603],[8.8847,45.9605],[8.8873,45.9606],[8.8935,45.9598],[8.8968,45.9564],[8.8983,45.9499],[8.8945,45.9431],[8.8939,45.9362],[8.901,45.9281],[8.9066,45.9234],[8.9144,45.9186],[8.917,45.915],[8.918,45.9135],[8.9199,45.9107],[8.9212,45.9093],[8.923,45.9071],[8.923,45.9055],[8.9221,45.9041],[8.9199,45.9006],[8.921,45.8997],[8.9211,45.8997],[8.9217,45.8978],[8.9223,45.8968],[8.9244,45.8963],[8.9281,45.8909],[8.9298,45.8885],[8.9314,45.8822],[8.9313,45.8787],[8.932,45.8761],[8.9349,45.8724],[8.94,45.8746],[8.942,45.874],[8.9446,45.8719],[8.9379,45.8698],[8.9375,45.8697],[8.9313,45.8671],[8.9299,45.8658],[8.9189,45.8552],[8.9144,45.8498],[8.9119,45.8451],[8.9116,45.844],[8.9104,45.8358],[8.9108,45.8353],[8.911,45.8351],[8.9131,45.8343],[8.915,45.835],[8.9188,45.8376],[8.9202,45.8381],[8.9218,45.8385],[8.9276,45.8373],[8.9287,45.8376],[8.9305,45.8398],[8.9322,45.8425],[8.9339,45.8432],[8.9374,45.8438],[8.9416,45.8447],[8.9476,45.8469],[8.95,45.8474],[8.9513,45.8475],[8.9522,45.8475],[8.9537,45.8472],[8.9556,45.8458],[8.9578,45.8451],[8.9587,45.8443],[8.9594,45.8436],[8.9598,45.8397],[8.9653,45.837],[8.9682,45.8367],[8.9701,45.8363],[8.9724,45.8369],[8.9742,45.8379],[8.9749,45.8387],[8.9754,45.8396],[8.9761,45.841],[8.978,45.8405],[8.9796,45.8403],[8.9808,45.8403],[8.9834,45.8418],[8.9849,45.8423],[8.9865,45.8419],[8.9869,45.8411],[8.994,45.8381],[8.993,45.8352],[8.9908,45.8288],[8.9904,45.8279],[8.9906,45.8268],[8.9916,45.8261],[8.9929,45.8259],[8.9951,45.8264],[8.9971,45.8267],[9.0056,45.8229],[9.0089,45.8222],[9.0113,45.8215],[9.0139,45.8212],[9.015,45.8212],[9.0169,45.8219],[9.0186,45.8234],[9.0212,45.8255],[9.0257,45.8242],[9.0279,45.8239],[9.0292,45.8239],[9.0307,45.8244],[9.032,45.8254],[9.0337,45.8271],[9.034,45.828],[9.0327,45.8304],[9.0317,45.8308],[9.0351,45.8365],[9.0367,45.8391],[9.0374,45.8407],[9.0372,45.8419],[9.0371,45.8428],[9.0358,45.8449],[9.0366,45.8466],[9.0385,45.8494],[9.0426,45.8501],[9.0452,45.8523],[9.0475,45.8542],[9.0502,45.856],[9.0511,45.8571],[9.0519,45.858],[9.0522,45.8587],[9.0521,45.8593],[9.052,45.8602],[9.0509,45.8623],[9.0501,45.8632],[9.05,45.8646],[9.0503,45.8691],[9.053,45.8731],[9.0543,45.8776],[9.0548,45.8787],[9.0569,45.8795],[9.0621,45.8794],[9.0647,45.8797],[9.0659,45.8806],[9.0685,45.8831],[9.071,45.8855],[9.0737,45.8875],[9.0762,45.889],[9.078,45.8895],[9.0781,45.8903],[9.0777,45.894],[9.0767,45.8951],[9.0779,45.8957],[9.0801,45.8961],[9.0815,45.8964],[9.0826,45.8975],[9.0835,45.9002],[9.0868,45.902],[9.0872,45.9022],[9.0877,45.9054],[9.087,45.9073],[9.0854,45.9074],[9.083,45.9073],[9.0809,45.907],[9.0766,45.9051],[9.0762,45.9049],[9.0756,45.9076],[9.0754,45.9084],[9.0753,45.9093],[9.0754,45.9107],[9.0756,45.9117],[9.0757,45.9124],[9.0759,45.9138],[9.0756,45.9153],[9.0743,45.9163],[9.072,45.9172],[9.0703,45.9174],[9.0676,45.9165],[9.0669,45.9177],[9.0595,45.9207],[9.0591,45.9208],[9.0592,45.9218],[9.0599,45.9265],[9.0516,45.9262],[9.0506,45.9273],[9.0435,45.9323],[9.0358,45.9314],[9.0331,45.9314],[9.0289,45.9317],[9.0282,45.9323],[9.0272,45.9331],[9.0263,45.9339],[9.0253,45.9343],[9.0235,45.9344],[9.0219,45.9344],[9.0207,45.9345],[9.0215,45.9387],[9.0217,45.9405],[9.0218,45.9418],[9.0214,45.9431],[9.017,45.9456],[9.0127,45.948],[9.0169,45.9534],[9.0169,45.9545],[9.0156,45.956],[9.0142,45.9632],[9.0138,45.9641],[9.0134,45.965],[9.0107,45.9669],[9.0024,45.9688],[8.9988,45.9695],[8.9957,45.9702],[8.9948,45.9711],[8.9944,45.9714],[8.9909,45.9734],[8.9888,45.9752],[8.9907,45.9768],[8.9953,45.9765],[8.9961,45.9834],[8.9999,45.9836],[9.0018,45.9834],[9.0036,45.9837],[9.006,45.9843],[9.0079,45.9856],[9.0104,45.9866],[9.0114,45.9885],[9.0121,45.9917],[9.0191,45.9917],[9.0217,45.9923],[9.0231,45.9945],[9.0236,45.996],[9.0281,45.9967],[9.028,45.9969],[9.0261,46.0014],[9.0248,46.0053],[9.0229,46.0107],[9.0224,46.0159],[9.023,46.0162],[9.0224,46.0159],[9.0223,46.0168],[9.0219,46.0206],[9.0199,46.023],[9.0161,46.0262],[9.0132,46.0297],[9.009,46.0325],[9.0074,46.0336],[9.0091,46.041],[9.0096,46.042],[9.0158,46.0461],[9.0163,46.0464],[9.0171,46.0477],[9.017,46.0478],[9.0169,46.0484],[9.0155,46.0499],[9.0155,46.0514],[9.0162,46.0526],[9.0169,46.0533],[9.0179,46.0539],[9.0198,46.0548],[9.0261,46.0547],[9.0406,46.0613],[9.0432,46.0613],[9.0446,46.0619],[9.0472,46.0646],[9.0504,46.0654],[9.0533,46.0652],[9.0546,46.0651],[9.0579,46.0641],[9.0613,46.0643],[9.0731,46.0661],[9.0755,46.0665],[9.077,46.0672],[9.0775,46.068],[9.0784,46.069],[9.0784,46.0726],[9.078,46.0756],[9.0778,46.0787],[9.081,46.0801],[9.0824,46.0817],[9.0842,46.0835],[9.0873,46.0867],[9.0884,46.0884],[9.0889,46.0898],[9.0891,46.0912],[9.0891,46.0937],[9.0886,46.0945],[9.0866,46.0976],[9.0845,46.1007],[9.0835,46.1027],[9.0824,46.1051],[9.0823,46.1063],[9.08,46.1097],[9.0776,46.1146],[9.0769,46.1155],[9.0753,46.1173],[9.0746,46.1187],[9.0743,46.119],[9.0721,46.1216],[9.0733,46.1226],[9.0784,46.125],[9.0806,46.1256],[9.0821,46.1256],[9.0932,46.1299],[9.0983,46.1304],[9.1021,46.1345],[9.1042,46.1355],[9.108,46.1366],[9.1122,46.1376],[9.1154,46.138],[9.1208,46.1374],[9.1263,46.1465],[9.1319,46.1533],[9.1352,46.1575],[9.1396,46.159],[9.1425,46.1612],[9.1504,46.1641],[9.1547,46.1653],[9.1565,46.1665],[9.1588,46.1702],[9.1592,46.1715],[9.1606,46.1731],[9.1644,46.1734],[9.1664,46.1737],[9.1685,46.1748],[9.1729,46.1744],[9.1757,46.1741],[9.1789,46.1721],[9.1826,46.1743],[9.1857,46.1779],[9.1886,46.1797],[9.1938,46.1817],[9.1951,46.1845],[9.196,46.1876],[9.1966,46.1893],[9.1971,46.1898],[9.1973,46.1899],[9.1972,46.1901],[9.1966,46.1925],[9.1954,46.1943],[9.1957,46.1964],[9.1966,46.1976],[9.1976,46.2002],[9.1993,46.2063],[9.2001,46.2083],[9.2009,46.21],[9.2019,46.2111],[9.204,46.2123],[9.2073,46.2127],[9.2119,46.2132],[9.2143,46.2145],[9.2169,46.2163],[9.2192,46.2177],[9.2192,46.222],[9.2197,46.2236],[9.2211,46.2256],[9.2221,46.2271],[9.2222,46.2299],[9.2202,46.234],[9.2234,46.2339],[9.227,46.2345],[9.2337,46.2371],[9.24,46.2362],[9.244,46.2352],[9.2454,46.2351],[9.2465,46.2359],[9.2485,46.2389],[9.2498,46.2452],[9.2495,46.2508],[9.2506,46.2527],[9.2509,46.2543],[9.2509,46.2564],[9.25,46.2598],[9.2524,46.2639],[9.2537,46.266],[9.254,46.2667],[9.2537,46.2674],[9.2514,46.2697],[9.2573,46.272],[9.2581,46.2732],[9.2594,46.2788],[9.2595,46.2811],[9.2663,46.2843],[9.2676,46.2864],[9.2696,46.2903],[9.2707,46.2921],[9.2831,46.2995],[9.2841,46.3046],[9.2831,46.3077],[9.2819,46.3118],[9.2838,46.3171],[9.293,46.3191],[9.2932,46.3212],[9.2943,46.325],[9.2949,46.3264],[9.2986,46.3288],[9.2994,46.3292],[9.2973,46.3309],[9.2956,46.3321],[9.294,46.3339],[9.2938,46.3356],[9.2932,46.3373],[9.291,46.3386],[9.2964,46.3432],[9.2984,46.3448],[9.2989,46.3452],[9.2996,46.3469],[9.2986,46.3496],[9.2968,46.3527],[9.297,46.3548],[9.2967,46.3581],[9.2951,46.3598],[9.2837,46.3617],[9.2819,46.3631],[9.2773,46.3723],[9.2772,46.3745],[9.2771,46.3793],[9.2788,46.3813],[9.2804,46.3834],[9.2818,46.3853],[9.2828,46.3862],[9.2843,46.3876],[9.2847,46.3887],[9.2839,46.3896],[9.2796,46.3937],[9.2775,46.3962],[9.2773,46.397],[9.2769,46.3985],[9.279,46.3997],[9.2814,46.4018],[9.2823,46.403],[9.2822,46.4043],[9.2805,46.4065],[9.2799,46.4072],[9.2819,46.408],[9.2819,46.4081],[9.2824,46.411],[9.2808,46.4162],[9.2789,46.4179],[9.2759,46.4222],[9.2744,46.4227],[9.2705,46.422],[9.2663,46.4225],[9.2643,46.4228],[9.2642,46.4236],[9.264,46.4256],[9.2556,46.429],[9.2522,46.4309],[9.2503,46.4328],[9.2489,46.4356],[9.2486,46.4362],[9.2485,46.4382],[9.2478,46.447],[9.2477,46.4486],[9.2508,46.4502],[9.2559,46.4502],[9.2596,46.4508],[9.2725,46.4574],[9.2756,46.4594],[9.2775,46.4628],[9.2783,46.4643],[9.276,46.4661],[9.2753,46.4674],[9.2745,46.4688],[9.2744,46.4703],[9.2755,46.4715],[9.2768,46.4743],[9.2781,46.4806],[9.2773,46.4817],[9.2767,46.4824],[9.2754,46.484],[9.275,46.4846],[9.2767,46.488],[9.2784,46.4911],[9.2786,46.4935],[9.283,46.4992],[9.2895,46.4994],[9.2926,46.5002],[9.2985,46.502],[9.3035,46.5025],[9.3126,46.5057],[9.3153,46.5057],[9.3227,46.5064],[9.3256,46.5073],[9.3362,46.5081],[9.3373,46.5073],[9.3384,46.5056],[9.3475,46.5078],[9.3529,46.5084],[9.3555,46.5072],[9.358,46.5085],[9.3613,46.5115],[9.3654,46.5091],[9.367,46.508],[9.3704,46.5058],[9.3704,46.5055],[9.3697,46.5024],[9.3677,46.5015],[9.366,46.4995],[9.3659,46.4986],[9.3687,46.4927],[9.3705,46.4918],[9.3718,46.4912],[9.3733,46.4904],[9.3743,46.4887],[9.3753,46.4869],[9.3767,46.4862],[9.3786,46.4854],[9.3851,46.4825],[9.3867,46.4816],[9.3894,46.4751],[9.3917,46.474],[9.3944,46.4731],[9.3952,46.4716],[9.3897,46.4732],[9.3952,46.4716],[9.3953,46.4715],[9.3962,46.4713],[9.3999,46.4707],[9.4049,46.4696],[9.4071,46.4691],[9.4132,46.4692],[9.4173,46.4743],[9.4188,46.4757],[9.4247,46.4794],[9.4254,46.481],[9.4244,46.4831],[9.4247,46.486],[9.4261,46.4877],[9.426,46.4928],[9.4302,46.4954],[9.433,46.4988],[9.435,46.5005],[9.4556,46.5077],[9.457,46.51],[9.4598,46.5106],[9.4596,46.507],[9.4597,46.5061],[9.4601,46.5026],[9.4599,46.4996],[9.4597,46.4938],[9.459,46.49],[9.4588,46.4889],[9.4471,46.4877],[9.447,46.4819],[9.4493,46.482],[9.4495,46.4845],[9.4496,46.4854],[9.4496,46.4859],[9.4502,46.4861],[9.4511,46.4859],[9.4521,46.4856],[9.454,46.486],[9.4547,46.4861],[9.455,46.4847],[9.4551,46.4837],[9.4555,46.4826],[9.4596,46.4822],[9.4606,46.4821],[9.4609,46.4789],[9.4611,46.4775],[9.4614,46.4752],[9.4619,46.4721],[9.4621,46.4705],[9.4578,46.4674],[9.4565,46.4649],[9.4568,46.4623],[9.4566,46.4612],[9.4562,46.459],[9.4566,46.4563],[9.4573,46.4542],[9.4564,46.4445],[9.4559,46.443],[9.4547,46.4332],[9.4546,46.4321],[9.4539,46.4304],[9.4525,46.4261],[9.4525,46.4247],[9.4525,46.424],[9.4524,46.4224],[9.4531,46.4212],[9.4544,46.4197],[9.4547,46.4193],[9.457,46.4171],[9.4605,46.4133],[9.4622,46.4103],[9.4653,46.3983],[9.4654,46.3963],[9.4656,46.3922],[9.464,46.3885],[9.4613,46.3876],[9.4599,46.387],[9.4603,46.3843],[9.46,46.3823],[9.46,46.3814],[9.4599,46.3793],[9.4606,46.3784],[9.4611,46.3782],[9.4618,46.3778],[9.4752,46.374],[9.4775,46.3738],[9.4788,46.3726],[9.4794,46.3714],[9.4816,46.371],[9.486,46.3707],[9.4864,46.3697],[9.4906,46.3689],[9.4945,46.3666],[9.4956,46.3656],[9.4961,46.3639],[9.4967,46.3612],[9.4969,46.3605],[9.4975,46.3598],[9.4983,46.3591],[9.5022,46.3575],[9.5055,46.3555],[9.5075,46.3447],[9.5079,46.343],[9.5082,46.3415],[9.5113,46.3365],[9.5127,46.3352],[9.5127,46.3351],[9.5151,46.3348],[9.5149,46.3327],[9.5149,46.3316],[9.515,46.3311],[9.5166,46.3296],[9.5331,46.314],[9.5357,46.3125],[9.5478,46.3051],[9.5512,46.3072],[9.5537,46.3087],[9.5554,46.3096],[9.5573,46.3099],[9.559,46.308],[9.5615,46.3061],[9.5634,46.3048],[9.5662,46.3033],[9.5708,46.3019],[9.5729,46.2998],[9.5748,46.2987],[9.5791,46.2986],[9.5832,46.2986],[9.5873,46.2987],[9.5918,46.2963],[9.5969,46.2977],[9.5997,46.2981],[9.6078,46.2973],[9.6135,46.2931],[9.6166,46.2905],[9.6213,46.2912],[9.6238,46.2912],[9.637,46.289],[9.6388,46.2897],[9.6438,46.2915],[9.6475,46.2925],[9.648,46.2934],[9.6496,46.2961],[9.6541,46.2963],[9.6553,46.2977],[9.662,46.3],[9.6666,46.299],[9.669,46.3025],[9.675,46.3057],[9.6788,46.303],[9.679,46.3002],[9.684,46.298],[9.6858,46.2969],[9.6886,46.2969],[9.6936,46.2968],[9.6992,46.2943],[9.7027,46.294],[9.7118,46.2957],[9.7133,46.2962],[9.7148,46.3032],[9.7168,46.3075],[9.7192,46.31],[9.7217,46.3121],[9.724,46.3138],[9.7257,46.3183],[9.7262,46.3204],[9.7263,46.3207],[9.7263,46.3228],[9.7256,46.3236],[9.7242,46.3246],[9.7215,46.325],[9.7212,46.325],[9.718,46.3249],[9.7178,46.3268],[9.7188,46.3283],[9.7265,46.3347],[9.727,46.3352],[9.7267,46.338],[9.7253,46.3403],[9.7239,46.3414],[9.7237,46.3415],[9.7229,46.3445],[9.7252,46.3453],[9.7332,46.3515],[9.7382,46.3527],[9.7414,46.3534],[9.7436,46.3525],[9.745,46.3496],[9.7516,46.3486],[9.7563,46.3453],[9.7578,46.3423],[9.7622,46.3409],[9.7646,46.3394],[9.7761,46.3375],[9.7791,46.34],[9.784,46.3428],[9.7905,46.3458],[9.7966,46.3472],[9.7999,46.3476],[9.8034,46.3483],[9.8056,46.3497],[9.8079,46.3511],[9.8119,46.3529],[9.8161,46.3525],[9.8184,46.3532],[9.8197,46.3549],[9.8219,46.3565],[9.8274,46.3597],[9.829,46.3609],[9.831,46.3642],[9.8355,46.3644],[9.8379,46.3656],[9.8391,46.3653],[9.8415,46.3648],[9.8437,46.3653],[9.8463,46.3674],[9.8487,46.3667],[9.8602,46.3675],[9.8648,46.3657],[9.8704,46.3674],[9.8791,46.3713],[9.881,46.3735],[9.8822,46.3762],[9.8844,46.3761],[9.8942,46.3792],[9.8972,46.3798],[9.8987,46.3812],[9.9039,46.3828],[9.906,46.3805],[9.9126,46.3731],[9.9136,46.3734],[9.916,46.3741],[9.9182,46.3741],[9.9189,46.3732],[9.9189,46.3712],[9.9188,46.37],[9.9192,46.369],[9.9198,46.3686],[9.9211,46.3685],[9.9232,46.3686],[9.9256,46.3697],[9.9274,46.3704],[9.928,46.3707],[9.9281,46.3714],[9.9283,46.3729],[9.9282,46.3752],[9.9286,46.376],[9.9307,46.377],[9.9472,46.3809],[9.9495,46.3813],[9.9531,46.3812],[9.9533,46.3795],[9.9516,46.3778],[9.9514,46.377],[9.9512,46.3764],[9.9528,46.374],[9.9648,46.3642],[9.9662,46.3634],[9.9791,46.3558],[9.9867,46.3558],[9.9903,46.3556],[9.9906,46.3522],[9.9906,46.352],[9.9916,46.348],[9.9872,46.3441],[9.9854,46.3419],[9.9821,46.3402],[9.976,46.3276],[9.9787,46.3256],[9.9808,46.324],[9.9839,46.3214],[9.987,46.3194],[9.99,46.3188],[9.9959,46.3162],[9.9935,46.314],[9.9929,46.3134],[9.9911,46.3118],[9.9912,46.3104],[9.9936,46.3092],[9.9952,46.3082],[9.9926,46.3036],[9.991,46.303],[9.9881,46.3024],[9.9867,46.3007],[9.9869,46.2989],[9.9886,46.2972],[9.9886,46.2944],[9.9904,46.2898],[9.9921,46.2883],[9.9933,46.288],[10.0021,46.2859],[10.0189,46.2825],[10.0247,46.2811],[10.0466,46.2708],[10.0509,46.2703],[10.0512,46.2688],[10.0523,46.2621],[10.0563,46.2566],[10.0564,46.2539],[10.0542,46.2521],[10.0526,46.25],[10.051,46.2475],[10.05,46.2455],[10.0496,46.2437],[10.0495,46.2414],[10.0444,46.2387],[10.041,46.237],[10.0395,46.2367],[10.039,46.2363],[10.0388,46.2358],[10.0388,46.2341],[10.0455,46.2326],[10.046,46.2325],[10.05,46.2304],[10.0523,46.2293],[10.0543,46.2286],[10.0554,46.2281],[10.0581,46.2249],[10.0603,46.2235],[10.062,46.2236],[10.064,46.2219],[10.0653,46.2212],[10.0693,46.2204],[10.0754,46.2251],[10.08,46.2288],[10.0857,46.2316],[10.0886,46.2322],[10.0905,46.2323],[10.0926,46.232],[10.095,46.2312],[10.0995,46.2317],[10.1086,46.2296],[10.1131,46.2292],[10.1198,46.2276],[10.1234,46.2286],[10.1288,46.2286],[10.1396,46.2324],[10.1422,46.2339],[10.144,46.2361],[10.1472,46.2411],[10.1489,46.2446],[10.1539,46.2478],[10.1627,46.2516],[10.1701,46.2563],[10.1729,46.2585],[10.1747,46.2602],[10.1752,46.2621],[10.1753,46.263],[10.1739,46.2676],[10.1733,46.2686],[10.1714,46.2717],[10.1701,46.2729],[10.1676,46.2749],[10.1637,46.2758],[10.1618,46.2762],[10.1602,46.2787],[10.16,46.2807],[10.1599,46.2846],[10.1592,46.286],[10.1545,46.289],[10.1518,46.291],[10.1543,46.2935],[10.153,46.2965],[10.1528,46.2967],[10.1501,46.2988],[10.1478,46.2993],[10.1459,46.2996],[10.1455,46.2996],[10.1435,46.3006],[10.1424,46.3011],[10.1371,46.3038],[10.1367,46.3059],[10.1369,46.307],[10.137,46.3073],[10.137,46.3086],[10.1362,46.3094],[10.1328,46.3107],[10.1285,46.3131],[10.1254,46.3145],[10.1232,46.3151],[10.1176,46.3163],[10.1156,46.317],[10.115,46.3171],[10.1119,46.3232],[10.1101,46.3272],[10.1097,46.3296],[10.1077,46.3324],[10.1042,46.3354],[10.1032,46.338],[10.103,46.3402],[10.1029,46.3425],[10.1038,46.3445],[10.1053,46.3467],[10.1061,46.3492],[10.1059,46.3552],[10.1064,46.3564],[10.1098,46.3563],[10.1121,46.3566],[10.1153,46.3592],[10.1181,46.3613],[10.1216,46.3625],[10.127,46.3645],[10.1239,46.3729],[10.1246,46.3738],[10.1258,46.376],[10.1254,46.3785],[10.1253,46.3813],[10.1308,46.3839],[10.136,46.3871],[10.142,46.3888],[10.1509,46.3876],[10.1529,46.3876],[10.1553,46.3879],[10.1614,46.3905],[10.1594,46.4078],[10.1657,46.4098],[10.1602,46.4174],[10.1591,46.4191],[10.1558,46.4203],[10.1525,46.4203],[10.1505,46.4194],[10.15,46.4191],[10.1482,46.4181],[10.1468,46.4183],[10.1459,46.4212],[10.1445,46.4262],[10.1425,46.4287],[10.1406,46.4311],[10.1404,46.4313],[10.1388,46.4327],[10.1369,46.4332],[10.1352,46.4331],[10.1304,46.4328],[10.1296,46.4335],[10.1281,46.4349],[10.1257,46.4354],[10.1214,46.4348],[10.1174,46.4337],[10.1148,46.4326],[10.1132,46.4308],[10.1057,46.4321],[10.1026,46.4298],[10.1002,46.43],[10.0968,46.4263],[10.0885,46.4277],[10.0863,46.426],[10.0821,46.4265],[10.08,46.4267],[10.0798,46.4293],[10.0798,46.4296],[10.0784,46.4315],[10.0759,46.4325],[10.0726,46.4326],[10.0632,46.4299],[10.0596,46.4315],[10.058,46.4322],[10.0557,46.4361],[10.0555,46.4391],[10.0552,46.4413],[10.0552,46.4427],[10.0552,46.4438],[10.0545,46.4452],[10.0536,46.4458],[10.0507,46.4442],[10.0459,46.4457],[10.0444,46.4459],[10.0396,46.4466],[10.0395,46.4469],[10.0378,46.4501],[10.0397,46.4523],[10.0398,46.4545],[10.0404,46.457],[10.0422,46.4591],[10.0445,46.4603],[10.0472,46.461],[10.0476,46.4611],[10.0492,46.4628],[10.0502,46.4649],[10.051,46.4667],[10.051,46.4671],[10.0509,46.4676],[10.0502,46.4709],[10.0457,46.4783],[10.0437,46.4805],[10.0429,46.4814],[10.0414,46.4834],[10.0412,46.4843],[10.0413,46.4857],[10.0444,46.4889],[10.0454,46.4906],[10.0459,46.4913],[10.0452,46.4925],[10.0439,46.4955],[10.0436,46.4997],[10.044,46.5008],[10.0451,46.5016],[10.0457,46.5023],[10.0462,46.5029],[10.0463,46.5043],[10.0449,46.5063],[10.0436,46.5076],[10.0416,46.5095],[10.0404,46.513],[10.0479,46.5149],[10.0495,46.5168],[10.0516,46.5235],[10.0517,46.5254],[10.0509,46.5303],[10.0497,46.5328],[10.0516,46.535],[10.0516,46.5351],[10.0514,46.5364],[10.0493,46.5372],[10.0462,46.5384],[10.0443,46.5394],[10.0421,46.5415],[10.044,46.5459],[10.0551,46.5481],[10.0567,46.5491],[10.0598,46.5512],[10.0631,46.553],[10.0656,46.5543],[10.0671,46.5573],[10.0696,46.5611],[10.0731,46.5622],[10.0765,46.5636],[10.0847,46.5698],[10.0848,46.5699],[10.085,46.5708],[10.0841,46.5724],[10.0826,46.5736],[10.0798,46.5757],[10.0787,46.5768],[10.0787,46.5772],[10.0943,46.5795],[10.0961,46.5831],[10.1003,46.5875],[10.101,46.5896],[10.0982,46.5943],[10.0967,46.5967],[10.0963,46.5987],[10.098,46.6029],[10.0987,46.6047],[10.0985,46.6062],[10.0981,46.6079],[10.0981,46.6094],[10.0999,46.6126],[10.1032,46.6128],[10.1097,46.6107],[10.1197,46.6087],[10.1283,46.6088],[10.1311,46.6092],[10.1325,46.6099],[10.1358,46.6107],[10.1359,46.614],[10.1395,46.6132],[10.1498,46.6176],[10.1543,46.6187],[10.1561,46.6186],[10.1604,46.6189],[10.1696,46.6221],[10.1755,46.6249],[10.1809,46.6272],[10.184,46.628],[10.1898,46.6288],[10.1907,46.6261],[10.1933,46.6267],[10.1949,46.6267],[10.1965,46.627],[10.1972,46.6273],[10.1981,46.6278],[10.1993,46.628],[10.2005,46.6276],[10.2014,46.6272],[10.2035,46.6267],[10.2056,46.6261],[10.2072,46.6254],[10.2085,46.6246],[10.2101,46.6229],[10.2111,46.6225],[10.2134,46.6227],[10.2153,46.6234],[10.2164,46.6254],[10.2167,46.6274],[10.2179,46.63],[10.2358,46.6379],[10.2365,46.6346],[10.2375,46.63],[10.2412,46.6257],[10.2443,46.623],[10.2539,46.6149],[10.2537,46.6146],[10.2469,46.6056],[10.2405,46.5997],[10.2383,46.5974],[10.2379,46.5938],[10.2385,46.5871],[10.2408,46.5801],[10.2424,46.578],[10.248,46.5755],[10.2518,46.5738],[10.257,46.5766],[10.2607,46.5784],[10.2641,46.5792],[10.2676,46.58],[10.2684,46.5774],[10.2687,46.5773],[10.2713,46.5765],[10.2715,46.5765],[10.2826,46.5744],[10.2839,46.5715],[10.2886,46.5645],[10.2887,46.5644],[10.2888,46.5644],[10.291,46.5631],[10.2918,46.5625],[10.2917,46.5618],[10.2916,46.5589],[10.2908,46.5565],[10.2912,46.5548],[10.2917,46.5544],[10.2928,46.5536],[10.2964,46.5525],[10.3016,46.5523],[10.3051,46.5523],[10.3064,46.5508],[10.3093,46.5494],[10.3141,46.5508],[10.3175,46.552],[10.3242,46.5547],[10.3286,46.5528],[10.3297,46.5511],[10.3317,46.5488],[10.3353,46.545],[10.3418,46.5486],[10.3425,46.5497],[10.3447,46.5512],[10.3462,46.5519],[10.3473,46.5539],[10.3502,46.5583],[10.3596,46.5588],[10.3643,46.558],[10.3732,46.5555],[10.3762,46.5547],[10.3789,46.5541],[10.3839,46.5521],[10.391,46.5486],[10.394,46.5477],[10.4121,46.5549],[10.4141,46.5556],[10.4154,46.5554],[10.4197,46.5527],[10.4214,46.5512],[10.4237,46.5493],[10.4306,46.5453],[10.4333,46.5432],[10.4387,46.5395],[10.4504,46.5345],[10.4537,46.5391],[10.4564,46.5411],[10.4578,46.5429],[10.4576,46.5447],[10.4634,46.5447],[10.4679,46.5463],[10.4701,46.5487],[10.4692,46.5516],[10.4693,46.5521],[10.4693,46.5532],[10.4754,46.5611],[10.476,46.5621],[10.4728,46.568],[10.4728,46.5694],[10.4737,46.5717],[10.4774,46.5777],[10.484,46.5824],[10.4833,46.5833],[10.4826,46.5856],[10.4841,46.5879],[10.4852,46.5949],[10.484,46.5965],[10.4833,46.5981],[10.4837,46.6],[10.4854,46.6049],[10.4844,46.6067],[10.4833,46.6084],[10.489,46.6148],[10.4905,46.6184],[10.4911,46.6199],[10.491,46.6207],[10.4894,46.6211],[10.4858,46.6214],[10.485,46.6214],[10.4836,46.6219],[10.4788,46.6248],[10.4721,46.629],[10.4634,46.6355],[10.462,46.6364],[10.4492,46.6446],[10.4433,46.6463],[10.4404,46.6445],[10.4395,46.6444],[10.4324,46.6441],[10.419,46.643],[10.4088,46.64],[10.406,46.6398],[10.4004,46.6417],[10.3987,46.642],[10.3976,46.6423],[10.3981,46.6443],[10.3983,46.6454],[10.3984,46.6466],[10.3985,46.6487],[10.3983,46.6501],[10.3979,46.6511],[10.3966,46.6522],[10.3946,46.654],[10.3923,46.6577],[10.3907,46.6603],[10.3913,46.6627],[10.3891,46.6722],[10.3906,46.674],[10.3909,46.6743],[10.3846,46.6839],[10.3833,46.6853],[10.3828,46.6859],[10.3801,46.6873],[10.3791,46.6879],[10.38,46.6886],[10.3881,46.69],[10.3947,46.6983],[10.4009,46.7079],[10.405,46.7082],[10.4132,46.7122],[10.4138,46.714],[10.4138,46.7147],[10.4151,46.7162],[10.4156,46.7188],[10.4154,46.7204],[10.4159,46.7209],[10.4172,46.7223],[10.4142,46.7242],[10.4108,46.7273],[10.4091,46.7295],[10.408,46.7326],[10.4072,46.7334],[10.4054,46.7343],[10.4042,46.7348],[10.3998,46.7367],[10.4002,46.7381],[10.4029,46.7388],[10.4053,46.7395],[10.4083,46.7417],[10.4088,46.7429],[10.4307,46.7544],[10.4324,46.7553],[10.4356,46.7549],[10.4396,46.754],[10.4424,46.7626],[10.4427,46.7652],[10.4412,46.7699],[10.4406,46.7727],[10.4406,46.7732],[10.4405,46.7766],[10.4382,46.7791],[10.4349,46.7813],[10.433,46.7828],[10.4323,46.7839],[10.4321,46.7862],[10.4308,46.787],[10.4292,46.7879],[10.4277,46.7889],[10.4272,46.789],[10.4226,46.7902],[10.4207,46.7914],[10.4235,46.7923],[10.4248,46.7934],[10.4254,46.7943],[10.4256,46.7955],[10.4264,46.7977],[10.4279,46.798],[10.4286,46.7994],[10.4343,46.8001],[10.4388,46.8012],[10.4417,46.8024],[10.4462,46.8037],[10.447,46.8053],[10.4557,46.8188],[10.4542,46.8205],[10.4537,46.8232],[10.4546,46.8252],[10.4557,46.8263],[10.4575,46.8275],[10.4573,46.8293],[10.4567,46.8304],[10.4554,46.8336],[10.4585,46.8367],[10.4632,46.8375],[10.464,46.8399],[10.4637,46.8433],[10.4623,46.8449],[10.4676,46.8516],[10.47,46.8552],[10.4652,46.8847],[10.4656,46.8856],[10.4727,46.8721],[10.4705,46.8584],[10.4719,46.8667],[10.6794,46.8103],[10.9478,46.7949],[11.0958,46.9799],[11.2608,47.0232],[11.343,46.9861],[11.5433,47.0355],[11.6786,46.9892],[12.0643,47.091],[12.0748,46.9275],[12.2178,46.8843],[12.3619,46.7085],[12.9519,46.5975],[13.354,46.5607],[13.5689,46.5104],[13.6211,46.4209],[13.3445,46.2845],[13.3887,46.2163],[13.522,46.2156],[13.6063,46.1321],[13.4407,46.0039],[13.592,45.9638],[13.5351,45.8013],[13.6971,45.7518],[13.825,45.6627],[13.8,45.5664],[13.6732,45.7145],[13.5646,45.7265],[13.4377,45.6384],[13.3677,45.6945],[13.1562,45.7265],[13.1046,45.5824],[12.8987,45.5584],[12.4482,45.3943],[12.4832,45.4623],[12.2797,45.4023],[12.2514,45.2903],[12.1804,45.2703],[12.1762,45.2143],[12.3125,45.1783],[12.3221,45.0424],[12.409,44.989],[12.5231,44.8828],[12.476,44.7871],[12.2736,44.6726],[12.2807,44.5501],[12.3451,44.301],[12.6972,43.9348],[13.6009,43.5348],[13.7316,43.3742],[13.7916,43.1233],[13.9151,42.8728],[14.0928,42.6095],[14.4049,42.3531],[14.5193,42.2297],[14.72,42.1418],[14.7385,42.0472],[14.9224,41.9718],[15.4486,41.8567],[16.0128,41.9043],[16.1874,41.8409],[16.1984,41.7457],[15.9891,41.6346],[15.8733,41.5021],[15.991,41.4061],[16.4203,41.2787],[16.946,41.0938],[17.3193,40.9293],[18.0339,40.5967],[18.0599,40.5135],[18.3836,40.3078],[18.5226,40.0941],[18.4337,39.8984],[18.3649,39.7467],[18.1601,39.8731],[18.0171,39.9479],[17.9677,40.1669],[17.8496,40.2435],[17.6191,40.2878],[17.4017,40.2919],[17.2042,40.3979],[17.2428,40.4958],[17.0841,40.5251],[16.9487,40.4811],[16.8441,40.3631],[16.7276,40.1836],[16.6044,40.0899],[16.6239,39.9678],[16.535,39.8316],[16.5321,39.6975],[16.874,39.5437],[17.1491,39.4218],[17.1074,39.2805],[17.121,39.086],[17.1807,39.0222],[17.0947,38.915],[16.7977,38.9259],[16.6133,38.8273],[16.5222,38.725],[16.572,38.4571],[16.3307,38.3207],[16.0529,37.9312],[15.7852,37.9097],[15.7102,37.9414],[15.6275,38.0042],[15.6266,38.2331],[15.7909,38.2964],[15.9335,38.5399],[15.8273,38.6227],[15.9898,38.7348],[16.1522,38.7013],[16.2122,38.778],[16.1772,38.931],[16.0826,39.0125],[15.9896,39.4284],[15.8247,39.6606],[15.757,39.9336],[15.6662,40.0919],[15.5159,40.0659],[15.432,39.989],[15.0273,40.2122],[14.8987,40.2415],[14.9923,40.3722],[14.951,40.5515],[14.7433,40.7048],[14.3341,40.5936],[14.3498,40.6425],[14.4946,40.73],[14.3703,40.8515],[14.24,40.8529],[14.0509,40.7675],[13.9419,40.998],[13.8525,41.091],[13.797,41.1934],[13.4984,41.3019],[13.2714,41.3142],[12.9768,41.3714],[12.6415,41.5311],[12.3948,41.7295],[11.9634,42.0047],[11.4974,42.3764],[11.1048,42.5491],[10.7428,42.8505],[10.4877,43.2359],[10.2925,43.7054],[10.1367,43.9048],[9.9093,44.1105],[9.6919,44.2196],[9.157,44.3732],[8.8966,44.4372],[8.6717,44.4174],[8.1864,44.1264],[7.9795,43.9649],[7.6891,43.887],[7.5528,43.8675],[7.6188,44.0783],[7.5911,44.2047],[7.2092,44.1731],[6.8698,44.3492],[6.7829,44.5479],[6.9247,44.715],[7.0035,44.7195],[6.9426,44.8687],[6.6653,44.9545],[6.5073,45.1157],[6.7036,45.1992],[6.7859,45.1493],[7.0292,45.308],[7.1191,45.4305],[6.9255,45.5167],[6.9143,45.6483],[6.6745,45.8033],[6.9553,45.9389],[7.0369,45.9304],[7.0372,45.9299],[7.0462,45.932],[7.0486,45.9239],[7.0576,45.9174]],[[7.6678,45.9719],[7.6802,45.9563],[7.6814,45.9547],[7.6678,45.9719]],[[7.6964,45.9538],[7.7035,45.95],[7.7083,45.9474],[7.6964,45.9538]],[[8.3803,46.4496],[8.3753,46.45],[8.3634,46.451],[8.3803,46.4496]],[[8.6119,46.1197],[8.6481,46.1234],[8.6219,46.1207],[8.6119,46.1197]],[[8.67,46.1093],[8.6715,46.1094],[8.681,46.1097],[8.67,46.1093]]]]}},{"type":"Feature","properties":{"NAME":"Andorra","ABBREVN":"Andorra","SUBJECTO":"Andorra","BORDERPRECISION":3,"PARTOF":"Andorra"},"geometry":{"type":"MultiPolygon","coordinates":[[[[1.7817,42.57],[1.7747,42.5711],[1.7681,42.5711],[1.7539,42.57],[1.7431,42.5636],[1.7353,42.5544],[1.7253,42.53],[1.7244,42.525],[1.7233,42.5153],[1.7236,42.5094],[1.7189,42.5031],[1.6611,42.4714],[1.6544,42.4678],[1.5417,42.4372],[1.5333,42.4361],[1.5122,42.4364],[1.4547,42.4417],[1.4483,42.4508],[1.4242,42.4933],[1.4214,42.5458],[1.4344,42.5764],[1.4458,42.6019],[1.4811,42.6472],[1.4919,42.6536],[1.5564,42.6564],[1.5631,42.6555],[1.6983,42.6261],[1.7386,42.6164],[1.7817,42.57]]]]}}]}