{"type":"FeatureCollection","name":"world_900","crs":{"type":"name","properties":{"name":"urn:ogc:def:crs:OGC:1.3:CRS84"}},"features":[{"type":"Feature","properties":{"NAME":"Cyprus","ABBREVN":"Cyprus","wikipedia":null,"SUBJECTO":"Cyprus","BORDERPRECISION":1,"PARTOF":"Cyprus"},"geometry":{"type":"MultiPolygon","coordinates":[[[[33.7805,35.2081],[33.7727,35.1293],[33.9247,34.9532],[33.792,34.9574],[33.7326,34.9086],[33.6858,34.9349],[33.5385,34.9442],[33.4839,34.7958],[33.1314,34.6803],[32.9586,34.6593],[32.9145,34.6357],[32.9145,34.5413],[32.8167,34.5386],[32.7841,34.6252],[32.6034,34.6147],[32.3572,34.6803],[32.2711,34.7197],[32.271,34.8142],[32.1985,34.8614],[32.1437,35.0425],[32.1805,35.0583],[32.2345,35.0136],[32.301,35.0163],[32.4831,35.1529],[32.597,35.1556],[32.745,35.1143],[32.7795,35.1529],[32.8191,35.2817],[32.7951,35.3606],[33.0775,35.3186],[33.3737,35.3065],[33.539,35.3317],[33.9073,35.4368],[34.2173,35.5736],[34.4582,35.6446],[34.2447,35.5118],[34.0484,35.4079],[33.7805,35.2081]]]]}},{"type":"Feature","properties":{"NAME":null,"ABBREVN":null,"wikipedia":null,"SUBJECTO":null,"BORDERPRECISION":1,"PARTOF":null},"geometry":{"type":"MultiPolygon","coordinates":[[[[-25.8496,71.4357],[-25.6949,71.273],[-26.086,71.1948],[-26.3294,71.1324],[-27.0844,71.0846],[-27.6061,71.0682],[-27.9162,70.998],[-28.0835,70.8973],[-28.2218,70.6273],[-28.3845,70.458],[-27.912,70.2825],[-27.4749,70.2068],[-26.5226,70.1779],[-26.252,70.1784],[-25.4533,70.2871],[-24.5847,70.304],[-24.1952,70.2435],[-23.7753,70.1448],[-23.5874,70.084],[-23.4595,70.0919],[-23.0089,70.0927],[-22.434,70.0785],[-22.1575,70.0561],[-22.7323,69.7741],[-23.4444,69.5685],[-24.3333,69.3328],[-24.5835,69.3399],[-24.8966,69.3921],[-25.3244,69.0899],[-25.8016,68.8636],[-26.3621,68.66],[-26.8687,68.5267],[-26.9636,68.5017],[-27.9591,68.4774],[-28.1953,68.4171],[-28.4212,68.4167],[-28.8631,68.3262],[-29.1621,68.251],[-29.3997,68.2281],[-29.8254,68.4141],[-29.9945,68.3914],[-30.305,67.9805],[-30.7365,67.9276],[-31.0203,67.9568],[-31.3547,68.0456],[-31.6346,68.2538],[-32.0188,68.4474],[-32.3099,68.5441],[-32.3591,68.544],[-32.3555,68.4542],[-32.0372,67.9847],[-32.1238,67.8729],[-32.2675,67.8652],[-32.578,67.7531],[-32.956,67.641],[-33.214,67.47],[-33.6642,67.0624],[-33.9601,66.7669],[-34.4331,66.384],[-34.7823,66.266],[-35.2477,66.2285],[-35.708,66.3522],[-35.7745,66.1031],[-35.9719,65.8469],[-36.3244,65.7223],[-36.7705,65.7652],[-37.0479,65.7428],[-37.5789,65.5451],[-37.1548,66.3202],[-37.2094,66.3128],[-37.5673,66.3194],[-38.0418,66.3992],[-37.9249,66.2088],[-37.9367,66.004],[-38.1103,65.821],[-38.4674,65.6454],[-38.9894,65.5716],[-39.4271,65.5707],[-39.992,65.5333],[-39.7818,65.3519],[-39.6949,65.187],[-42.7934,65.4031],[-43.848,64.2061],[-44.2581,61.8699],[-43.848,61.0583],[-43.7197,60.0037],[-43.5788,59.9357],[-44.0523,60.1642],[-44.2761,60.0316],[-44.4674,59.7609],[-44.7531,60.0307],[-44.6822,60.2884],[-44.8562,60.3787],[-45.362,60.4615],[-45.6217,60.6006],[-45.6041,60.6845],[-45.4899,60.7966],[-45.4603,60.8946],[-45.6065,61.0204],[-45.7709,61.1041],[-46.0719,60.9424],[-46.1581,60.9374],[-46.1329,61.7592],[-47.6563,62.7948],[-49.0624,64.7863],[-49.4725,67.0327],[-50.5391,67.4881],[-50.4771,67.4822],[-50.4911,67.6454],[-50.3567,67.8909],[-50.491,67.9726],[-50.9499,68.091],[-51.5605,68.2316],[-51.9667,68.3055],[-52.6834,68.4537],[-52.8425,68.5058],[-52.6912,68.6634],[-52.3369,68.6641],[-51.6787,68.5005],[-51.2137,68.4789],[-51.0052,68.5092],[-50.9538,68.5393],[-50.9138,68.8093],[-50.8744,68.9446],[-50.6066,68.9601],[-50.3688,68.9079],[-50.2665,68.9532],[-50.2788,69.1112],[-50.3665,69.1939],[-50.7674,69.3364],[-50.6944,69.5329],[-50.4566,69.7376],[-50.5726,69.8663],[-51.1171,69.9411],[-51.6365,69.9402],[-52.1668,70.0688],[-52.9091,70.2894],[-53.2599,70.3347],[-53.6663,70.357],[-54.0085,70.5099],[-54.3735,70.7247],[-54.3032,70.7402],[-54.158,70.8099],[-53.8855,70.8104],[-53.6281,70.8186],[-52.6898,70.6817],[-52.3675,70.6669],[-51.8057,70.5294],[-51.1528,70.3233],[-50.8245,70.2473],[-50.7995,70.3854],[-50.9392,70.5772],[-51.3264,70.823],[-51.4038,71.0236],[-51.6754,71.2244],[-51.8934,71.2473],[-52.198,71.3554],[-52.0356,71.48],[-51.7914,71.5427],[-51.7201,71.5896],[-52.0368,71.698],[-52.532,71.7049],[-52.8134,71.7434],[-53.3229,71.8908],[-53.7187,71.617],[-53.8646,71.5466],[-53.9882,71.4141],[-54.3816,71.3047],[-55.0124,71.3346],[-55.4766,71.4891],[-55.6143,71.5979],[-55.6264,71.7304],[-55.4296,71.8713],[-55.2976,72.1612],[-55.3661,72.7278],[-55.104,72.752],[-54.7931,72.6657],[-54.6261,72.7213],[-54.5582,72.8716],[-54.7304,73.0376],[-55.15,73.283],[-55.3535,73.3463],[-55.7793,73.7045],[-56.1822,74.1206],[-56.6795,74.7006],[-56.9394,74.919],[-57.7743,75.0895],[-58.0746,75.2045],[-58.2053,75.2952],[-58.2285,75.6106],[-58.6357,75.7933],[-59.0683,75.8425],[-59.7835,75.9165],[-60.6511,76.1077],[-61.5075,76.2575],[-62.4487,76.3384],[-63.3582,78.2356],[-62.8114,81.156],[-62.7748,81.1587],[-62.2513,81.1195],[-61.7053,81.1509],[-61.1118,81.1824],[-60.9567,81.2637],[-60.9517,81.3655],[-61.1122,81.7042],[-61.1224,81.7976],[-60.8873,81.8606],[-60.0387,81.8833],[-59.3519,81.791],[-58.3887,81.6066],[-57.8053,81.505],[-57.4442,81.4239],[-57.074,81.5477],[-57.8196,81.7838],[-58.1333,82.0132],[-58.0578,82.0344],[-57.0681,82.0892],[-56.5433,82.1432],[-55.7092,82.2404],[-54.5752,82.3281],[-54.2467,82.2968],[-53.7679,82.2446],[-53.6635,81.4626],[-53.2527,81.5352],[-53.0104,81.68],[-52.816,82.1301],[-52.3643,82.1205],[-51.4623,81.975],[-50.6261,81.7888],[-49.938,81.6762],[-49.846,81.8113],[-50.1359,81.9464],[-50.503,82.188],[-50.9054,82.3681],[-50.7724,82.4971],[-50.4385,82.4871],[-49.6476,82.4781],[-49.1365,82.3826],[-47.897,82.2148],[-47.3192,82.0891],[-46.3703,81.944],[-45.5252,81.8205],[-44.683,81.7289],[-44.3228,81.8231],[-43.9554,82.4905],[-44.102,82.5764],[-44.6835,82.727],[-45.2129,82.9667],[-44.8941,83.0779],[-43.8125,83.0803],[-42.4794,83.2279],[-41.8811,83.2628],[-41.194,83.1862],[-40.1946,82.9668],[-39.4894,82.8915],[-38.5872,82.8277],[-38.4521,83.17],[-38.5872,83.3824],[-37.3966,83.4753],[-36.4871,83.5113],[-35.322,83.4687],[-34.4269,83.403],[-33.5784,83.4839],[-32.5132,83.577],[-31.5937,83.5791],[-30.7572,83.479],[-29.936,83.5035],[-29.344,83.4709],[-29.0653,83.4264],[-28.8177,83.4721],[-27.9419,83.4064],[-27.1738,83.3856],[-26.4208,83.3423],[-25.3236,82.9999],[-24.7079,82.8913],[-24.1026,82.9255],[-23.5996,82.8499],[-22.4324,82.7433],[-22.2319,82.5596],[-22.3688,82.5055],[-22.59,82.4191],[-23.3474,82.3533],[-24.3837,82.2977],[-24.9023,82.2434],[-25.4572,82.221],[-26.1184,82.2514],[-27.3924,82.2806],[-28.3914,82.3104],[-29.0164,82.2345],[-29.7428,82.2224],[-30.6127,82.2099],[-31.1347,82.1981],[-31.8031,82.1226],[-32.0028,82.0695],[-32.5981,81.9736],[-32.7487,81.7647],[-32.4145,81.6516],[-31.2665,81.7783],[-30.6513,81.8107],[-28.8907,81.7937],[-27.8905,81.8479],[-26.8417,81.8501],[-26.3933,81.8615],[-25.9747,81.8311],[-25.1785,81.636],[-24.8766,81.5954],[-24.3873,81.679],[-23.6388,81.7738],[-22.9476,81.9002],[-22.0636,81.9648],[-21.7979,81.757],[-22.0529,81.5398],[-23.0953,81.2521],[-23.5329,81.0999],[-24.1096,80.7694],[-24.0554,80.6313],[-23.9117,80.5628],[-23.5533,80.6028],[-23.3388,80.623],[-22.6119,80.8718],[-21.8173,81.1135],[-21.1817,81.2866],[-20.4141,81.4307],[-20.0654,81.5235],[-19.3174,81.597],[-18.5894,81.5471],[-17.9635,81.5177],[-17.2897,81.6528],[-16.9734,81.7984],[-16.4654,81.9036],[-15.4988,81.9057],[-14.7463,81.8552],[-14.2525,81.8354],[-13.714,81.7742],[-13.2033,81.6718],[-12.7051,81.6213],[-12.5631,81.5086],[-12.6445,81.3858],[-13.531,81.2723],[-14.2019,81.2101],[-14.7622,80.9879],[-15.0126,80.8577],[-15.7344,80.6978],[-16.4409,80.451],[-16.9196,80.411],[-17.3327,80.4297],[-18.0492,80.4087],[-19.045,80.4262],[-19.7158,80.3373],[-20.0447,80.2397],[-20.2674,79.9989],[-20.193,79.8538],[-19.3159,79.9912],[-18.6046,80.0118],[-17.7692,79.9666],[-17.7677,79.7774],[-18.1023,79.6689],[-19.1768,79.613],[-19.3854,79.5499],[-19.4813,79.4603],[-19.5515,79.1926],[-19.7632,78.8731],[-20.0682,78.8018],[-20.545,78.8362],[-20.8788,78.8179],[-21.2557,78.4126],[-21.7,77.9235],[-21.7676,77.7673],[-21.5635,77.6294],[-21.382,77.5866],[-21.1112,77.8032],[-20.7767,77.9686],[-20.3913,77.9867],[-19.3358,77.8672],[-19.1773,77.8242],[-19.0592,77.6946],[-19.0857,77.5996],[-19.6409,77.6331],[-19.9437,77.6411],[-20.1743,77.5975],[-20.2351,77.5112],[-20.1049,77.3825],[-19.3147,77.2981],[-19.0644,77.2386],[-18.2534,77.3001],[-18.0164,77.2063],[-17.9201,77.0611],[-17.942,76.8651],[-18.057,76.8053],[-18.8829,76.8888],[-19.6266,76.913],[-19.9779,76.9463],[-20.5606,76.9112],[-21.1827,76.6975],[-21.553,76.7562],[-21.7733,76.8238],[-22.2502,76.8058],[-22.3777,76.6359],[-21.751,76.3666],[-21.217,76.2666],[-20.6328,76.2088],[-19.8835,76.1766],[-19.5702,76.11],[-19.3222,75.8927],[-19.1998,75.6928],[-19.1935,75.4435],[-19.3888,75.2611],[-19.5616,75.2277],[-20.143,75.3093],[-20.5118,75.3582],[-20.6792,75.3082],[-20.6689,75.0608],[-20.6158,74.9543],[-20.424,74.8816],[-20.146,74.8416],[-19.8206,74.745],[-19.4092,74.6811],[-19.0709,74.6089],[-18.8987,74.4398],[-19.051,74.3347],[-19.4251,74.2696],[-19.7162,74.2128],[-20.5022,74.2274],[-21.0315,74.2666],[-21.7623,74.3055],[-22.0288,74.104],[-21.7809,74.0162],[-21.1525,73.9933],[-20.6794,73.9221],[-20.3536,73.8106],[-20.3138,73.6668],[-20.3296,73.4196],[-20.3881,73.4221],[-20.8796,73.4425],[-21.4405,73.3937],[-21.7085,73.2739],[-22.2692,73.2649],[-22.8203,73.3275],[-23.4938,73.5093],[-23.9086,73.724],[-24.0764,73.7557],[-24.5689,73.6269],[-25.0099,73.4746],[-25.498,73.4339],[-25.7629,73.3538],[-26.4156,73.3685],[-26.8266,73.4075],[-27.2628,73.343],[-27.4406,73.287],[-27.5189,73.1598],[-27.5164,73.0963],[-27.3572,72.8591],[-27.0377,72.7491],[-26.4601,72.7265],[-25.7782,72.6095],[-25.073,72.6344],[-24.4778,72.3915],[-24.1365,72.2901],[-23.9196,72.1885],[-23.3813,72.0407],[-22.8178,71.8697],[-22.6485,71.7452],[-22.4309,71.3412],[-22.0297,71.4351],[-21.9044,71.4975],[-21.726,71.4046],[-21.5918,71.211],[-21.5601,71.0562],[-21.4708,70.5323],[-21.5471,70.4401],[-21.7138,70.3861],[-21.9573,70.4316],[-22.2032,70.4849],[-22.6157,70.4841],[-23.0842,70.4679],[-23.7537,70.5896],[-24.0402,70.7737],[-24.227,71.059],[-24.3864,71.1825],[-24.913,71.4374],[-25.2913,71.5689],[-25.6276,71.6306],[-26.1202,71.6686],[-26.3545,71.6058],[-26.7875,71.5583],[-25.8496,71.4357]]],[[[-50.5391,67.4881],[-50.9394,67.5258],[-50.5391,67.4881],[-50.5391,67.4881]]],[[[-22.8328,72.269],[-23.2649,72.3702],[-23.5854,72.4404],[-23.657,72.4717],[-23.7984,72.6605],[-23.131,72.6775],[-22.7294,72.6152],[-22.2505,72.498],[-21.8821,72.365],[-21.8095,72.1454],[-21.9061,72.0512],[-22.1457,72.0273],[-22.8328,72.269]]]]}},{"type":"Feature","properties":{"NAME":"Wessex","ABBREVN":"Wessex","wikipedia":null,"SUBJECTO":"Wessex","BORDERPRECISION":1,"PARTOF":"Wessex"},"geometry":{"type":"MultiPolygon","coordinates":[[[[-2.0508,51.2546],[-2.0399,51.4461],[-0.8577,51.4515],[0.2666,51.4567],[0.2542,51.4536],[0.4515,51.4266],[0.2047,51.0919],[0.1918,50.7313],[-0.2037,50.7953],[-0.3357,50.8167],[-0.839,50.7218],[-1.1034,50.8167],[-1.3725,50.7663],[-1.7713,50.7308],[-2.0508,51.2546]]]]}},{"type":"Feature","properties":{"NAME":"Aghlabid Emirate","ABBREVN":"Aghlabid E.","wikipedia":null,"SUBJECTO":"Aghlabid Emirate","BORDERPRECISION":1,"PARTOF":"Aghlabid Emirate"},"geometry":{"type":"MultiPolygon","coordinates":[[[[6.5029,32.7326],[5.6813,32.8154],[2.4531,32.6687],[0.4578,32.5474],[0.8706,33.0739],[1.2374,35.8864],[1.5797,36.5139],[2.2938,36.5408],[2.5244,36.5732],[2.8099,36.7139],[3.07,36.6189],[3.3238,36.6512],[3.5869,36.792],[3.7412,36.8369],[4.1639,36.8314],[4.3946,36.8382],[4.5326,36.813],[4.6321,36.7941],[4.7772,36.7434],[5.1445,36.6677],[5.3827,36.6745],[5.7302,36.7517],[6.0474,36.8416],[6.3229,37.0906],[6.7705,36.8621],[6.923,36.8178],[7.0632,36.8819],[7.2049,36.9905],[7.307,37.0608],[7.5449,37.0421],[7.719,36.9533],[7.792,36.8324],[7.9132,36.7752],[8.145,36.8139],[8.6367,36.8853],[8.8655,36.9684],[9.1503,37.1729],[9.4161,37.2754],[9.7322,37.2824],[10.0214,37.2001],[10.1327,37.1047],[10.1589,36.9965],[10.2715,36.7546],[10.3928,36.7166],[10.5806,36.7934],[10.8433,36.9915],[11.0238,37.0683],[11.0394,36.909],[10.9201,36.6539],[10.6334,36.424],[10.5092,36.2136],[10.5115,36.0862],[10.6026,35.8889],[10.8308,35.6793],[10.989,35.6223],[11.1251,35.2406],[11.0828,35.145],[10.8394,34.8012],[10.574,34.6481],[10.1164,34.2342],[10.0195,34.0815],[10.1487,33.8784],[10.4126,33.6311],[10.6502,33.4982],[10.7781,33.473],[10.9565,33.5751],[11.0991,33.5372],[11.2089,33.2515],[11.4707,33.1441],[12.117,32.8785],[12.5648,32.7396],[12.7989,32.7338],[13.1871,32.7918],[13.4588,32.7796],[14.157,32.6794],[14.4334,32.4639],[14.7908,32.363],[15.0098,32.3634],[15.1637,32.2748],[15.2414,32.1733],[15.3581,31.805],[15.5334,31.5512],[15.8433,31.285],[16.0134,31.2282],[16.3184,31.1653],[16.7825,31.1281],[16.9838,31.0967],[17.4216,30.996],[17.709,30.8949],[17.9572,30.7684],[18.5372,30.4137],[18.8854,30.2212],[18.915,30.2049],[19.1245,30.1989],[19.3165,28.4199],[17.9705,28.6124],[17.002,28.751],[15.7523,29.3253],[12.5327,30.8049],[7.8923,32.5926],[6.5029,32.7326]]]]}},{"type":"Feature","properties":{"NAME":"Asturias","ABBREVN":"Asturias","wikipedia":null,"SUBJECTO":"Asturias","BORDERPRECISION":1,"PARTOF":"Asturias"},"geometry":{"type":"MultiPolygon","coordinates":[[[[-8.6441,42.4197],[-8.805,42.6316],[-8.9417,42.8242],[-9.1731,42.8559],[-9.2469,42.9008],[-9.2708,43.0487],[-9.1975,43.1582],[-9.0136,43.2809],[-8.8492,43.3262],[-8.5957,43.3396],[-8.3104,43.353],[-8.2507,43.4304],[-8.2202,43.6172],[-7.9795,43.7401],[-7.6363,43.7214],[-7.1513,43.5549],[-6.808,43.5234],[-6.4676,43.5627],[-6.208,43.6405],[-5.9797,43.7054],[-5.8205,43.7057],[-5.5374,43.5775],[-5.2249,43.5072],[-4.8023,43.4694],[-4.1102,43.4515],[-3.8476,43.4392],[-3.417,43.3757],[-3.196,43.4469],[-3.0072,43.5503],[-2.7684,43.5379],[-2.3674,43.3262],[-2.1429,43.3315],[-2.0656,43.3333],[-1.9146,43.3054],[-1.9417,42.6386],[-4.1719,42.245],[-5.5493,42.245],[-8.6441,42.4197]]]]}},{"type":"Feature","properties":{"NAME":"Lombard duchies","ABBREVN":"Lombard duchies","wikipedia":null,"SUBJECTO":"Lombard duchies","BORDERPRECISION":1,"PARTOF":"Lombard duchies"},"geometry":{"type":"MultiPolygon","coordinates":[[[[15.4486,41.8567],[16.0128,41.9043],[16.1874,41.8409],[16.1984,41.7457],[15.9891,41.6346],[15.8733,41.5021],[15.991,41.4061],[16.4203,41.2787],[16.946,41.0938],[17.2586,40.956],[17.0841,40.5251],[16.9487,40.4811],[16.8441,40.3631],[16.7276,40.1836],[16.6044,40.0899],[16.6239,39.9678],[16.535,39.8316],[16.5321,39.6975],[15.8465,39.6299],[15.8247,39.6606],[15.757,39.9336],[15.6662,40.0919],[15.5159,40.0659],[15.432,39.989],[15.0273,40.2122],[14.8987,40.2415],[14.9923,40.3722],[14.951,40.5515],[14.7433,40.7048],[14.3341,40.5936],[14.3498,40.6425],[14.4946,40.73],[14.3703,40.8515],[14.24,40.8529],[14.0509,40.7675],[13.9419,40.998],[13.8525,41.091],[13.797,41.1934],[13.7605,41.2067],[13.9062,41.865],[14.0764,42.6338],[14.0928,42.6095],[14.4049,42.3531],[14.5193,42.2297],[14.72,42.1418],[14.7385,42.0472],[14.9224,41.9718],[15.4486,41.8567]]]]}},{"type":"Feature","properties":{"NAME":"Idrisid Caliphate","ABBREVN":"Idrisid Cal.","wikipedia":null,"SUBJECTO":"Idrisid Caliphate","BORDERPRECISION":1,"PARTOF":"Idrisid Caliphate"},"geometry":{"type":"MultiPolygon","coordinates":[[[[-1.8022,32.4272],[-4.7728,31.6597],[-6.73,29.5197],[-8.5667,27.1583],[-9.6818,26.1088],[-11.1904,25.7153],[-14.632,25.6821],[-14.3673,26.1192],[-14.1878,26.2721],[-14.0058,26.3615],[-13.6287,26.5911],[-13.4663,26.8138],[-13.316,27.1637],[-13.1236,27.5463],[-13.0601,27.6726],[-12.8662,27.8573],[-12.6741,27.8959],[-12.0906,28.0242],[-11.5765,28.2286],[-11.3727,28.3689],[-10.8562,28.7512],[-10.3393,29.1463],[-9.8696,29.643],[-9.6626,29.9548],[-9.6027,30.1837],[-9.625,30.4061],[-9.817,30.7552],[-9.8578,31.0602],[-9.8133,31.2891],[-9.6353,31.5754],[-9.3176,31.9637],[-9.2223,32.2562],[-9.2508,32.4214],[-9.2187,32.5804],[-8.6403,33.1217],[-8.3144,33.3385],[-7.9024,33.4855],[-7.3326,33.6964],[-7.004,33.875],[-6.753,34.1234],[-6.5115,34.4543],[-6.472,34.5309],[-6.302,34.8614],[-5.9288,35.7279],[-5.8079,35.7854],[-5.565,35.8623],[-5.4794,35.8052],[-5.1718,35.4238],[-5.1096,35.3793],[-4.593,35.1512],[-4.2954,35.1518],[-4.0279,35.1332],[-3.4408,35.1663],[-3.2058,35.2686],[-3.009,35.39],[-2.8299,35.1421],[-2.7148,35.0977],[-2.3557,35.0539],[-2.3259,35.054],[-2.193,35.0542],[-2.0353,35.0546],[-1.7383,35.1188],[-1.4951,35.2339],[-1.3291,35.4889],[-1.1467,35.6294],[-0.9175,35.668],[-0.7343,35.7385],[-0.4288,35.8601],[-0.283,35.7585],[-0.2037,35.7507],[-0.0917,35.7398],[0.0153,35.8037],[0.1987,36.0333],[0.4744,36.225],[0.7812,36.3849],[1.0576,36.4619],[1.5797,36.5139],[1.2374,35.8864],[0.8706,33.0739],[0.4578,32.5474],[-1.0813,32.4539],[-1.1792,32.4503],[-1.8022,32.4272]]]]}},{"type":"Feature","properties":{"NAME":"Emirate of Córdoba","ABBREVN":"Emirate of Córdoba","wikipedia":null,"SUBJECTO":"Emirate of Córdoba","BORDERPRECISION":1,"PARTOF":"Emirate of Córdoba"},"geometry":{"type":"MultiPolygon","coordinates":[[[[-2.6243,36.8113],[-2.7615,36.6901],[-2.9153,36.6901],[-2.9698,36.7411],[-4.4466,36.722],[-4.7573,36.4861],[-5.2167,36.4096],[-5.3742,36.2375],[-5.3867,36.11],[-5.4243,36.0717],[-5.4571,36.1674],[-5.4879,36.1737],[-5.4855,36.0654],[-5.6606,36.008],[-5.85,36.0717],[-6.2045,36.2821],[-6.305,36.4542],[-6.2889,36.5722],[-6.444,36.6232],[-6.5005,36.7188],[-6.4217,36.7922],[-6.6322,37.0218],[-6.948,37.1493],[-7.0101,37.1653],[-7.2278,37.2259],[-7.4915,37.2082],[-7.6034,37.163],[-7.836,37.0323],[-8.0336,37.0088],[-8.2802,37.0886],[-8.5411,37.0886],[-8.6671,37.1214],[-8.9908,36.99],[-9.0166,37.0698],[-8.8415,37.5251],[-8.851,37.9102],[-8.9328,37.9618],[-8.823,38.2061],[-8.8473,38.3846],[-8.7889,38.436],[-8.8537,38.4996],[-9.0223,38.461],[-9.2366,38.4174],[-9.2852,38.6195],[-9.0692,38.643],[-8.9419,38.7419],[-8.9608,38.8185],[-9.0408,38.9202],[-9.1758,38.7322],[-9.3616,38.6711],[-9.5224,38.6899],[-9.549,38.7745],[-9.4598,38.9531],[-9.3977,39.2304],[-9.4153,39.3667],[-9.2993,39.4177],[-9.1179,39.644],[-8.9156,40.1381],[-8.9697,40.19],[-8.6941,40.9922],[-8.8518,41.4078],[-8.8548,41.5969],[-8.9207,41.767],[-8.8061,41.8892],[-8.8605,42.0145],[-8.7986,42.1945],[-8.6441,42.4197],[-5.5493,42.245],[-4.1719,42.245],[-1.9417,42.6386],[-0.4986,42.9009],[0.4853,42.573],[2.0655,41.2956],[1.6098,41.2092],[1.4421,41.18],[1.3112,41.1573],[0.8792,41.0217],[0.7338,40.875],[0.7098,40.7851],[0.8271,40.7274],[0.7876,40.6569],[0.5051,40.5928],[0.2379,40.2402],[-0.1606,39.886],[-0.2037,39.7994],[-0.2845,39.6368],[-0.3948,39.4345],[-0.2359,39.0624],[-0.2037,39.0127],[-0.1657,38.9541],[0.1261,38.8214],[0.1726,38.7383],[-0.107,38.5915],[-0.2037,38.544],[-0.4352,38.4303],[-0.5641,38.2149],[-0.6647,38.1766],[-0.8723,37.7598],[-0.8026,37.615],[-0.9183,37.5703],[-1.3646,37.5484],[-1.6257,37.4395],[-1.8169,37.2925],[-1.9405,36.9516],[-2.2388,36.7284],[-2.3551,36.8241],[-2.6243,36.8113]]]]}},{"type":"Feature","properties":{"NAME":"West Francia","ABBREVN":"West Francia","wikipedia":null,"SUBJECTO":"West Francia","BORDERPRECISION":1,"PARTOF":"Carolingian Empire"},"geometry":{"type":"MultiPolygon","coordinates":[[[[3.5981,51.3186],[4.9444,47.5382],[4.1076,46.5631],[4.4613,43.3412],[4.4168,43.3461],[4.0782,43.4871],[3.8075,43.4672],[3.4787,43.3121],[3.3179,43.196],[3.0679,42.9446],[3.0019,42.7708],[3.0459,42.5395],[3.0871,42.3686],[3.0865,42.3291],[3.0863,42.1207],[3.1566,42.0757],[3.1289,41.8572],[2.6283,41.6195],[2.2006,41.4461],[2.0807,41.2985],[2.0655,41.2956],[0.4853,42.573],[-0.4986,42.9009],[-1.9417,42.6386],[-1.9146,43.3054],[-1.7461,43.3602],[-1.5614,43.5244],[-1.3144,44.559],[-1.1358,44.6001],[-1.2303,44.7304],[-1.3318,44.6138],[-1.2755,45.1287],[-1.1752,45.5005],[-1.1234,45.4316],[-0.9004,45.2939],[-0.8142,45.1218],[-0.7285,45.0186],[-0.8547,45.3214],[-1.1384,45.5832],[-1.2474,45.6881],[-1.2365,45.8],[-1.0752,46.0146],[-1.166,46.1837],[-1.2561,46.3068],[-1.4027,46.4039],[-1.7107,46.4488],[-1.9425,46.7058],[-2.1297,46.8508],[-2.0046,47.0425],[-2.1095,47.124],[-2.2637,47.1829],[-2.4937,47.2469],[-2.5755,47.324],[-2.0104,47.7457],[-1.752,48.1782],[-1.9991,48.677],[-1.8706,48.7117],[-1.8576,48.6084],[-1.5914,48.6375],[-1.4566,48.6836],[-1.5755,48.7681],[-1.5884,48.881],[-1.5634,49.0362],[-1.5798,49.229],[-1.639,49.2196],[-1.8915,49.5264],[-1.9413,49.7093],[-1.5242,49.6528],[-1.251,49.6999],[-1.2887,49.521],[-1.1771,49.3325],[-1.0232,49.3985],[-0.4649,49.3514],[-0.2394,49.2855],[-0.2037,49.2918],[0.0329,49.3337],[0.3308,49.455],[0.0904,49.5106],[0.1151,49.6023],[0.1894,49.681],[0.5286,49.8258],[0.8688,49.9072],[1.2745,50.0043],[1.4162,50.1098],[1.552,50.2288],[1.5283,50.5777],[1.5889,50.8219],[1.7962,50.9214],[1.8236,50.9346],[2.0303,51.0067],[2.4426,51.048],[2.5221,51.0911],[2.9953,51.3135],[3.2136,51.3536],[3.472,51.3144],[3.5981,51.3186]]]]}},{"type":"Feature","properties":{"NAME":"Welsh","ABBREVN":"Welsh","wikipedia":null,"SUBJECTO":"Welsh","BORDERPRECISION":1,"PARTOF":"Welsh"},"geometry":{"type":"MultiPolygon","coordinates":[[[[-3.4991,51.4597],[-4.1593,51.6768],[-4.999,51.7017],[-5.1786,51.7875],[-5.2488,51.8602],[-5.0615,52.0064],[-4.6191,52.0935],[-4.2947,52.2003],[-4.1236,52.3733],[-4.0939,52.7455],[-4.1475,52.8319],[-4.4683,52.8113],[-4.6214,52.831],[-4.4919,52.991],[-4.3175,53.0912],[-3.9567,53.2052],[-3.3295,53.233],[-2.9145,53.2671],[-2.7502,51.644],[-3.1728,51.4669],[-3.4991,51.4597]]]]}},{"type":"Feature","properties":{"NAME":"Sindh","ABBREVN":"Sindh","wikipedia":null,"SUBJECTO":"Sindh","BORDERPRECISION":1,"PARTOF":"Sindh"},"geometry":{"type":"MultiPolygon","coordinates":[[[[70.2074,27.1557],[73.4264,25.0622],[72.2656,24.2231],[70.3806,22.8606],[70.3102,22.8286],[70.0459,22.7773],[69.6649,22.7892],[69.3918,22.8394],[69.1072,22.8989],[68.8824,22.9971],[68.7908,23.0287],[68.3729,23.3264],[68.0722,23.6752],[68.8645,24.4809],[69.7399,26.3838],[70.2074,27.1557]]]]}},{"type":"Feature","properties":{"NAME":null,"ABBREVN":null,"wikipedia":null,"SUBJECTO":null,"BORDERPRECISION":1,"PARTOF":null},"geometry":{"type":"MultiPolygon","coordinates":[[[[13.8278,53.8297],[13.7774,53.9486],[13.7784,54.0444],[14.0699,53.9178],[14.1742,53.9068],[14.2054,53.8132],[14.1454,53.8265],[14.0684,53.8435],[14.0287,53.8655],[13.8278,53.8297]]]]}},{"type":"Feature","properties":{"NAME":null,"ABBREVN":null,"wikipedia":null,"SUBJECTO":null,"BORDERPRECISION":1,"PARTOF":null},"geometry":{"type":"MultiPolygon","coordinates":[[[[14.4729,53.8768],[14.4591,53.8187],[14.3339,53.8297],[14.2479,53.816],[14.2272,53.9095],[14.3053,53.915],[14.4248,53.915],[14.4729,53.8768]]]]}},{"type":"Feature","properties":{"NAME":"Nothumbria","ABBREVN":"Nothumbria","wikipedia":null,"SUBJECTO":"Nothumbria","BORDERPRECISION":1,"PARTOF":"Nothumbria"},"geometry":{"type":"MultiPolygon","coordinates":[[[[-1.8969,54.3362],[-2.0646,55.3003],[-1.942,55.5561],[-1.719,55.4537],[-1.666,55.3796],[-1.696,55.2725],[-1.3889,54.6805],[-1.1921,54.5954],[-0.8706,54.5472],[-0.2955,54.0332],[-0.2349,53.7994],[-0.3192,53.5789],[-1.3205,53.7381],[-1.8969,54.3362]]]]}},{"type":"Feature","properties":{"NAME":"Kent","ABBREVN":"Kent","wikipedia":null,"SUBJECTO":"Kent","BORDERPRECISION":1,"PARTOF":"Kent"},"geometry":{"type":"MultiPolygon","coordinates":[[[[1.0301,51.3588],[1.1894,51.4055],[1.3647,51.3529],[1.335,51.1207],[0.886,50.9819],[0.8883,50.8927],[0.6726,50.9307],[0.1918,50.7313],[0.2047,51.0919],[0.4551,51.4315],[1.0301,51.3588]]]]}},{"type":"Feature","properties":{"NAME":"Essex","ABBREVN":"Essex","wikipedia":null,"SUBJECTO":"Essex","BORDERPRECISION":1,"PARTOF":"Essex"},"geometry":{"type":"MultiPolygon","coordinates":[[[[-0.8577,51.4515],[-0.8317,51.9276],[-0.3624,52.0272],[1.2719,51.9194],[1.0313,51.8127],[0.6862,51.5604],[0.2666,51.4567],[-0.8577,51.4515]]]]}},{"type":"Feature","properties":{"NAME":"Mercia","ABBREVN":"Mercia","wikipedia":null,"SUBJECTO":"Mercia","BORDERPRECISION":1,"PARTOF":"Mercia"},"geometry":{"type":"MultiPolygon","coordinates":[[[[1.2719,51.9194],[-0.3624,52.0272],[-0.8317,51.9276],[-0.8577,51.4515],[-2.0399,51.4461],[-2.0508,51.2546],[-1.7713,50.7308],[-2.0854,50.7028],[-2.0237,50.57],[-2.432,50.6459],[-2.5505,50.57],[-2.9606,50.7218],[-3.1109,50.6574],[-3.5215,50.6174],[-3.5632,50.3614],[-3.715,50.2193],[-3.8817,50.2004],[-4.0042,50.3141],[-4.2426,50.3915],[-4.3033,50.3235],[-4.5406,50.358],[-4.967,50.2122],[-5.2823,49.9638],[-5.4292,50.0679],[-5.7778,50.1341],[-5.2378,50.3463],[-5.0166,50.5605],[-4.8153,50.6042],[-4.6046,50.7787],[-4.5515,50.9972],[-4.4426,50.9687],[-4.2773,51.0637],[-4.281,51.1872],[-3.8252,51.2348],[-3.483,51.1811],[-3.066,51.1777],[-3.0331,51.3299],[-2.8947,51.3938],[-2.7502,51.644],[-2.9145,53.2671],[-3.0567,53.5136],[-2.9795,53.8209],[-2.8653,54.0283],[-2.8859,54.1687],[-1.8969,54.3362],[-1.3205,53.7381],[-0.3192,53.5789],[-0.2037,53.5233],[0.081,53.3862],[0.1745,53.2931],[0.2678,53.1267],[0.2509,53.0401],[0.0055,52.7867],[0.3268,52.7075],[0.5047,52.8475],[0.7418,52.9012],[1.0127,52.8884],[1.3759,52.8092],[1.5857,52.65],[1.6917,52.3114],[1.6569,52.2118],[1.5119,52.0258],[1.2719,51.9194]]]]}},{"type":"Feature","properties":{"NAME":"Magyars","ABBREVN":"Magyars","wikipedia":null,"SUBJECTO":"Magyars","BORDERPRECISION":1,"PARTOF":"Magyars"},"geometry":{"type":"MultiPolygon","coordinates":[[[[32.7181,49.1401],[32.7695,49.1159],[32.8634,49.0873],[32.9809,49.0826],[33.0435,49.0631],[33.0661,49.0214],[33.0763,49.0043],[33.1625,48.9936],[33.1671,49.0193],[33.1939,49.0939],[33.1943,49.1187],[36.1482,48.6065],[36.4988,47.8157],[35.3011,47.491],[35.3018,47.4918],[35.2424,47.6473],[35.1303,47.84],[35.1057,47.8416],[35.0856,47.8243],[35.0878,47.6755],[34.9971,47.5876],[34.7307,47.5775],[34.4866,47.593],[34.4363,47.5689],[34.3803,47.5575],[34.3158,47.5668],[34.2662,47.5899],[34.2403,47.5749],[34.2107,47.5362],[34.1479,47.5423],[34.067,47.5583],[33.984,47.5557],[33.9361,47.5415],[33.9473,47.4514],[33.9646,47.3589],[33.9628,47.3312],[33.9335,47.2824],[33.8348,47.2123],[33.7771,47.1625],[33.7613,47.119],[33.7047,47.0608],[33.6924,47.0547],[33.661,47.0462],[33.6554,47.0503],[33.6401,47.0405],[32.1502,46.6365],[31.9513,46.8646],[31.781,46.7019],[31.5377,46.7014],[31.0872,46.6355],[30.8329,46.5766],[30.5205,46.2514],[30.4328,46.1757],[30.0688,45.8614],[29.7297,45.77],[29.6295,45.7504],[29.5004,45.5234],[29.5361,45.4522],[29.6159,45.4102],[29.6832,45.3748],[29.7108,45.2583],[29.579,45.0575],[29.4575,44.9151],[29.2616,44.8954],[29.0897,44.8757],[28.9182,44.7658],[27.0122,45.0046],[26.9375,48.2659],[28.6649,48.5798],[31.075,49.0178],[32.4706,49.2714],[32.6205,49.1986],[32.7181,49.1401]]],[[[34.1729,47.3246],[34.1834,47.3457],[34.1768,47.3893],[34.1898,47.42],[34.4194,47.487],[34.5924,47.5201],[34.8077,47.4631],[34.9605,47.4065],[35.049,47.4282],[35.0891,47.4335],[33.8524,47.0981],[33.9041,47.1587],[34.0972,47.3161],[34.1729,47.3246]]]]}},{"type":"Feature","properties":{"NAME":null,"ABBREVN":null,"wikipedia":null,"SUBJECTO":null,"BORDERPRECISION":1,"PARTOF":null},"geometry":{"type":"MultiPolygon","coordinates":[[[[19.3344,57.9558],[19.2867,57.9375],[19.2775,57.9403],[19.2744,57.945],[19.2681,57.9486],[19.2567,57.9494],[19.2381,57.9469],[19.1706,57.9294],[19.1628,57.9269],[19.1508,57.9186],[19.1458,57.9136],[19.1417,57.9078],[19.14,57.9017],[19.1261,57.8397],[19.0933,57.8519],[19.0778,57.8583],[19.0731,57.8625],[19.0375,57.8964],[19.0344,57.9011],[19.0344,57.9125],[19.0361,57.9186],[19.0889,57.9703],[19.0958,57.9736],[19.1047,57.9753],[19.2858,57.9767],[19.2964,57.9767],[19.3075,57.9744],[19.3325,57.9653],[19.3356,57.9605],[19.3344,57.9558]]]]}},{"type":"Feature","properties":{"NAME":null,"ABBREVN":null,"wikipedia":null,"SUBJECTO":null,"BORDERPRECISION":1,"PARTOF":null},"geometry":{"type":"MultiPolygon","coordinates":[[[[18.2061,56.9119],[18.1689,56.91],[18.1478,56.9119],[18.1403,56.915],[18.1425,56.9203],[18.1583,56.9417],[18.2092,56.9892],[18.2567,57.0322],[18.2544,57.0792],[18.1733,57.1419],[18.1483,57.2353],[18.1581,57.3158],[18.1425,57.4094],[18.1153,57.4808],[18.1103,57.4961],[18.11,57.5131],[18.1114,57.5194],[18.1192,57.5311],[18.1386,57.5511],[18.1792,57.5883],[18.1914,57.5961],[18.2119,57.6058],[18.2278,57.6114],[18.2422,57.6175],[18.2492,57.6208],[18.2761,57.6342],[18.2947,57.6458],[18.3389,57.6817],[18.3558,57.6958],[18.3819,57.7186],[18.4017,57.7386],[18.4197,57.7603],[18.4564,57.8028],[18.4614,57.8078],[18.4672,57.8119],[18.4811,57.8186],[18.6819,57.9136],[18.69,57.9161],[18.7161,57.9211],[18.725,57.9228],[18.8819,57.9197],[18.9025,57.9183],[18.9142,57.9175],[19.0047,57.9086],[19.0061,57.9036],[19.0039,57.8989],[19.0333,57.8269],[18.9294,57.7397],[18.8489,57.7211],[18.8092,57.7036],[18.7933,57.6592],[18.7597,57.508],[18.7681,57.4722],[18.7694,57.4672],[18.7883,57.4483],[18.7144,57.2469],[18.7119,57.2417],[18.6581,57.2208],[18.5519,57.1828],[18.5147,57.1694],[18.4983,57.1653],[18.4556,57.1569],[18.4394,57.1528],[18.4172,57.1442],[18.3972,57.1342],[18.3914,57.13],[18.3867,57.125],[18.3456,57.0797],[18.3414,57.0739],[18.3392,57.0686],[18.3356,57.0233],[18.3358,57.0175],[18.3433,57.0144],[18.3467,56.9986],[18.3025,56.9375],[18.295,56.9347],[18.2156,56.9131],[18.2061,56.9119]]]]}},{"type":"Feature","properties":{"NAME":"Danes","ABBREVN":"Danes","wikipedia":null,"SUBJECTO":"Danes","BORDERPRECISION":1,"PARTOF":"Danes"},"geometry":{"type":"MultiPolygon","coordinates":[[[[9.5177,55.1357],[9.5165,55.1421],[9.5176,55.1425],[9.5177,55.1357]]]]}},{"type":"Feature","properties":{"NAME":"Swedes and Goths","ABBREVN":"Swedes and Goths","wikipedia":null,"SUBJECTO":"Swedes and Goths","BORDERPRECISION":1,"PARTOF":"Swedes and Goths"},"geometry":{"type":"MultiPolygon","coordinates":[[[[11.8629,58.3455],[12.1663,58.5486],[12.2879,59.2373],[17.1978,60.68],[17.1885,60.6743],[17.605,60.6375],[17.7065,60.5536],[17.9307,60.5903],[18.2244,60.323],[18.4169,60.1816],[18.8041,60.1084],[18.8931,59.9257],[19.0373,59.8632],[19.0436,59.7124],[18.8679,59.7124],[18.6393,59.5669],[18.2514,59.4319],[18.0301,59.3593],[17.7953,59.3645],[17.73,59.4164],[17.368,59.4683],[17.0706,59.5461],[16.7855,59.5773],[16.7241,59.5306],[16.5232,59.5825],[16.4076,59.4475],[16.7765,59.4787],[16.9998,59.3593],[17.2658,59.3385],[17.3581,59.2452],[17.5749,59.2141],[17.5844,59.2711],[17.8617,59.24],[17.9776,59.3282],[18.1114,59.323],[18.3282,59.3697],[18.4296,59.3333],[18.4414,59.4008],[18.5155,59.4008],[18.6113,59.3333],[18.5982,59.297],[18.2734,59.2867],[18.372,59.1571],[18.0157,59.0379],[17.9401,58.9085],[17.7665,58.8723],[17.7264,58.9137],[17.7452,58.9861],[17.7391,59.1104],[17.6232,59.1001],[17.5822,58.893],[17.3567,58.743],[17.2454,58.7171],[17.083,58.7481],[17.0807,58.6499],[16.4429,58.6344],[16.5132,58.4281],[16.744,58.312],[16.7735,58.0379],[16.7246,57.8893],[16.5978,57.8665],[16.4595,57.8952],[16.4765,57.7021],[16.6072,57.6658],[16.5505,57.5452],[16.6587,57.443],[16.4942,57.2789],[16.3945,57.0743],[16.3762,56.8224],[16.0632,56.3962],[16.0314,56.3531],[15.7725,56.0356],[15.217,56.8341],[14.2176,56.6032],[13.9283,57.7015],[11.8629,58.3455]]]]}},{"type":"Feature","properties":{"NAME":"Danes","ABBREVN":"Danes","wikipedia":null,"SUBJECTO":"Danes","BORDERPRECISION":1,"PARTOF":"Danes"},"geometry":{"type":"MultiPolygon","coordinates":[[[[8.5409,55.0737],[8.4861,55.0762],[8.4667,55.108],[8.4693,55.1423],[8.494,55.1791],[8.552,55.1822],[8.6433,55.1517],[8.6726,55.2092],[8.6401,55.3547],[8.5448,55.459],[8.3866,55.5219],[8.2949,55.5378],[8.2696,55.5067],[8.2145,55.5055],[8.1297,55.5344],[8.1118,55.5974],[8.161,55.6945],[8.171,55.8037],[8.1418,55.9249],[8.142,55.9417],[8.1716,55.8539],[8.2391,55.8319],[8.3445,55.8756],[8.3617,55.9438],[8.2906,56.0365],[8.2256,56.0898],[8.1669,56.1038],[8.1302,56.0876],[8.1156,56.041],[8.1226,56.1767],[8.151,56.4944],[8.1792,56.6674],[8.2072,56.6954],[8.2283,56.6833],[8.2426,56.6311],[8.3694,56.5743],[8.6087,56.5129],[8.7374,56.5028],[8.7554,56.5439],[8.7436,56.5783],[8.7019,56.6061],[8.749,56.6662],[8.8847,56.7585],[8.9833,56.8054],[9.0448,56.8068],[9.0948,56.7816],[9.1333,56.7298],[9.129,56.6697],[9.0821,56.6012],[9.1125,56.5827],[9.2203,56.6142],[9.286,56.6039],[9.3098,56.5517],[9.3353,56.5354],[9.3627,56.5551],[9.3584,56.5987],[9.3224,56.6662],[9.2699,56.6945],[9.2007,56.6835],[9.1691,56.7375],[9.1752,56.8565],[9.211,56.9375],[9.2766,56.9805],[9.4757,57.0194],[9.8081,57.0543],[10.0587,57.0491],[10.2275,57.0039],[10.3102,56.923],[10.3069,56.8064],[10.1956,56.7236],[9.9761,56.6747],[9.9844,56.6615],[10.2206,56.684],[10.3449,56.6812],[10.3574,56.653],[10.3274,56.6174],[10.2551,56.5745],[10.2111,56.5319],[10.1956,56.4897],[10.218,56.496],[10.2784,56.5508],[10.4282,56.5672],[10.6674,56.5452],[10.8304,56.5119],[10.9174,56.4673],[10.951,56.4197],[10.9313,56.369],[10.8773,56.2987],[10.7891,56.2088],[10.7115,56.1788],[10.6446,56.2087],[10.5948,56.1924],[10.5622,56.1301],[10.4976,56.123],[10.4012,56.1712],[10.3919,56.2127],[10.4695,56.2476],[10.4814,56.2715],[10.4275,56.2844],[10.3544,56.2547],[10.2622,56.1823],[10.232,56.1143],[10.2638,56.0507],[10.2571,55.9712],[10.2118,55.8758],[10.1083,55.8326],[9.9465,55.8418],[9.9113,55.8384],[10.0028,55.8224],[10.0347,55.7871],[10.0067,55.7324],[9.8821,55.7052],[9.6607,55.7056],[9.6173,55.6805],[9.7519,55.63],[9.7615,55.559],[9.646,55.4674],[9.6134,55.3655],[9.6635,55.2531],[9.6312,55.1787],[9.5165,55.1421],[9.5262,55.0903],[9.6604,55.0231],[9.7299,54.949],[9.7348,54.8682],[9.7081,54.8346],[9.6497,54.8484],[9.6708,54.8434],[9.8644,54.7263],[9.9867,54.5924],[9.978,54.4901],[9.8648,54.4114],[10.0649,54.4339],[10.1417,54.3368],[9.8848,54.2541],[9.8267,54.2759],[9.7394,54.2759],[9.674,54.1887],[9.4487,54.1887],[9.4414,54.2468],[9.296,54.2468],[9.2597,54.305],[9.2161,54.2904],[9.1652,54.3195],[9.1361,54.2977],[9.0562,54.3486],[8.9617,54.2759],[8.884,54.2294],[8.5807,54.1937],[8.5539,54.2754],[8.8524,54.3316],[8.9506,54.4186],[8.7421,54.6078],[8.596,54.7614],[8.6161,54.8874],[8.6451,55.069],[8.6372,55.0955],[8.631,55.1007],[8.5409,55.0737]],[[9.6147,54.9101],[9.6186,54.8735],[9.6184,54.8751],[9.6103,54.88],[9.5671,54.9021],[9.5453,54.8984],[9.6147,54.9101]]],[[[14.7727,55.0735],[14.6964,55.1487],[14.7297,55.2466],[14.8451,55.2563],[15.0424,55.1778],[15.1187,55.1027],[15.074,55.0309],[14.9587,55.0212],[14.7727,55.0735]]],[[[8.8064,56.7488],[8.7025,56.703],[8.5736,56.7247],[8.5444,56.774],[8.6148,56.851],[8.7187,56.8967],[8.856,56.9113],[8.8853,56.862],[8.8064,56.7488]]],[[[11.5502,56.6801],[11.519,56.6985],[11.5395,56.7117],[11.6119,56.7194],[11.6482,56.7225],[11.6485,56.7208],[11.6279,56.7077],[11.5865,56.6831],[11.5502,56.6801]]],[[[10.5246,55.9275],[10.5503,55.9524],[10.6038,55.8945],[10.6264,55.84],[10.6181,55.7889],[10.5923,55.764],[10.5491,55.7652],[10.5265,55.8197],[10.5246,55.9275]]],[[[9.8098,57.4755],[10.1238,57.6218],[10.4719,57.6981],[10.5926,57.7003],[10.4859,57.6282],[10.4599,57.5017],[10.5148,57.3206],[10.4908,57.1704],[10.388,57.0512],[10.2541,57.0162],[10.0892,57.0654],[9.816,57.0664],[9.4346,57.0192],[9.2118,57.0099],[9.1476,57.0385],[9.0044,57.0259],[8.782,56.9721],[8.6071,56.8785],[8.4796,56.7449],[8.4597,56.6801],[8.5475,56.6841],[8.5823,56.6602],[8.5641,56.6084],[8.4763,56.6137],[8.319,56.676],[8.2462,56.7386],[8.2582,56.8014],[8.3524,56.905],[8.529,57.0494],[8.8104,57.129],[9.1968,57.1437],[9.5299,57.2592],[9.8098,57.4755]]],[[[11.0471,57.2452],[10.9617,57.2333],[10.8902,57.2531],[10.8973,57.2774],[10.983,57.306],[11.0683,57.3179],[11.1533,57.3132],[11.1462,57.289],[11.0471,57.2452]]],[[[10.4388,54.8583],[10.4348,54.8472],[10.3867,54.8573],[10.2944,54.8885],[10.2323,54.9215],[10.2002,54.9562],[10.2483,54.9462],[10.3767,54.8913],[10.4388,54.8583]]],[[[11.6212,54.8853],[11.7051,54.8694],[11.8013,54.8003],[11.8025,54.799],[11.7726,54.8429],[11.791,54.9256],[11.9557,54.9035],[12.0709,54.8792],[12.1366,54.8525],[12.1195,54.8042],[12.0197,54.7344],[11.9684,54.665],[11.9658,54.5961],[11.9005,54.6554],[11.8527,54.7254],[11.8544,54.704],[11.756,54.6674],[11.5557,54.6354],[11.3391,54.6623],[11.1063,54.748],[11.0004,54.8218],[11.0214,54.8838],[11.0651,54.9252],[11.1313,54.9462],[11.2518,54.9249],[11.4265,54.8615],[11.5497,54.8483],[11.6212,54.8853]]],[[[10.6955,54.7597],[10.6767,54.7926],[10.6802,54.8699],[10.7487,54.9717],[10.8824,55.098],[10.9011,55.0651],[10.805,54.8732],[10.7365,54.7714],[10.6955,54.7597]]],[[[9.752,55.0686],[9.8374,55.0585],[9.9271,55.0254],[9.9967,54.9753],[10.0463,54.9083],[9.9998,54.8826],[9.8572,54.8983],[9.7795,54.9249],[9.7669,54.9624],[9.7815,54.9714],[9.8233,54.9519],[9.8328,54.9594],[9.8102,54.9939],[9.7568,55.0207],[9.6726,55.0399],[9.671,55.0558],[9.752,55.0686]]],[[[10.5112,54.9923],[10.5319,55.0156],[10.5986,55.0341],[10.6433,55.0299],[10.6659,55.0029],[10.6617,54.9796],[10.6306,54.9601],[10.5985,54.9502],[10.5656,54.9501],[10.5365,54.9641],[10.5112,54.9923]]],[[[12.1328,54.8982],[12.1649,54.9369],[12.2629,55.0025],[12.3733,55.0175],[12.4961,54.9819],[12.464,54.9432],[12.2771,54.9012],[12.1667,54.8862],[12.1328,54.8982]]],[[[12.5288,55.5951],[12.5355,55.6313],[12.5826,55.6745],[12.6242,55.6697],[12.6605,55.6169],[12.6538,55.5808],[12.6042,55.5612],[12.5626,55.566],[12.5288,55.5951]]],[[[10.239,55.0706],[10.0335,55.1881],[9.7949,55.3955],[9.8341,55.5286],[10.1512,55.5875],[10.3535,55.5958],[10.441,55.5536],[10.4676,55.5126],[10.4333,55.4727],[10.4317,55.4491],[10.463,55.4417],[10.5105,55.4501],[10.5742,55.4743],[10.6094,55.5196],[10.6159,55.586],[10.6507,55.5849],[10.7137,55.5165],[10.7676,55.4351],[10.8124,55.341],[10.8217,55.251],[10.7958,55.1653],[10.7115,55.0991],[10.569,55.0523],[10.4115,55.0428],[10.239,55.0706]]],[[[8.4338,55.4342],[8.4597,55.4033],[8.4623,55.3572],[8.4485,55.3455],[8.4182,55.3681],[8.3924,55.399],[8.371,55.4382],[8.3848,55.4499],[8.4338,55.4342]]],[[[11.8629,58.3455],[13.9283,57.7015],[14.2176,56.6032],[15.217,56.8341],[15.7725,56.0356],[15.7705,56.0332],[15.6962,56.061],[15.497,56.1672],[15.2208,56.0804],[14.6529,56.1206],[14.6052,55.9808],[14.4918,56.018],[14.2589,55.8993],[14.126,55.6666],[14.2864,55.5155],[14.1172,55.3471],[13.9011,55.4052],[13.8233,55.4218],[13.3019,55.3007],[12.8024,55.3529],[12.8019,55.4168],[12.8876,55.4516],[12.8593,55.5329],[12.9859,55.6666],[12.699,55.9051],[12.5982,56.0221],[12.5801,56.0046],[12.5543,55.974],[12.5285,55.9376],[12.5367,55.8656],[12.5791,55.758],[12.4979,55.6478],[12.2932,55.535],[12.2585,55.4306],[12.394,55.3344],[12.35,55.2551],[12.1267,55.1926],[12.0565,55.1503],[12.1396,55.1283],[12.1787,55.0876],[12.174,55.0285],[12.1467,54.9913],[12.0969,54.9762],[11.9866,54.9916],[11.8159,55.0376],[11.7474,55.0844],[11.781,55.132],[11.781,55.1678],[11.7476,55.1917],[11.6098,55.2026],[11.3677,55.2007],[11.2073,55.3155],[11.1285,55.547],[11.0353,55.6802],[10.9275,55.7151],[10.958,55.7241],[11.1267,55.7073],[11.2849,55.741],[11.4326,55.8251],[11.4481,55.8983],[11.3316,55.9606],[11.396,55.9849],[11.6412,55.9715],[11.7406,55.9271],[11.6939,55.8518],[11.7015,55.776],[11.7635,55.6998],[11.8244,55.7287],[11.8842,55.8627],[11.9499,55.8828],[12.0212,55.7891],[12.0267,55.72],[11.9661,55.6756],[11.9662,55.6533],[12.0269,55.6533],[12.0664,55.6678],[12.0847,55.6967],[12.0803,55.7644],[12.0533,55.8709],[11.9947,55.9348],[11.9045,55.956],[11.9672,56.0072],[12.1828,56.0883],[12.3726,56.1071],[12.5368,56.0637],[12.606,56.0295],[12.5814,56.0417],[12.5134,56.1206],[12.4144,56.243],[12.6524,56.2955],[12.6154,56.4356],[12.8048,56.4012],[12.8716,56.5115],[12.7859,56.6167],[12.6575,56.6108],[12.526,56.7804],[12.2886,56.8799],[12.0051,57.3252],[11.8766,57.3252],[11.8811,57.509],[11.7661,57.6727],[11.7364,57.6982],[11.6098,57.8069],[11.7091,58.0247],[11.8019,58.1779],[11.6799,58.223],[11.8629,58.3455]]]]}},{"type":"Feature","properties":{"NAME":"Celtic kingdoms","ABBREVN":"Celtic kingdoms","wikipedia":null,"SUBJECTO":"Celtic kingdoms","BORDERPRECISION":1,"PARTOF":"Celtic kingdoms"},"geometry":{"type":"MultiPolygon","coordinates":[[[[-4.6296,55.9241],[-3.8281,55.9482],[-3.713,55.8847],[-3.5772,55.8847],[-3.3559,55.8427],[-3.1615,55.8457],[-2.9279,55.946],[-2.7421,55.9572],[-2.5403,55.8847],[-2.245,55.811],[-1.942,55.5561],[-2.0646,55.3003],[-1.9174,54.4539],[-1.8969,54.3362],[-2.8859,54.1687],[-3.2615,54.1412],[-3.4793,54.2746],[-3.5692,54.415],[-3.4304,54.6431],[-3.1525,54.8381],[-3.3087,54.8847],[-3.5767,54.9245],[-3.9077,54.7897],[-4.1216,54.7624],[-4.4607,54.8624],[-4.5003,54.7751],[-4.5999,54.6878],[-4.9025,54.7341],[-5.1114,54.7941],[-5.0667,54.9485],[-4.91,55.1103],[-4.6384,55.4279],[-4.7705,55.4884],[-4.9078,55.6639],[-4.8951,55.7721],[-4.7584,55.8197],[-4.6233,55.908],[-4.6296,55.9241]]]]}},{"type":"Feature","properties":{"NAME":"Picts","ABBREVN":"Picts","wikipedia":null,"SUBJECTO":"Picts","BORDERPRECISION":1,"PARTOF":"Picts"},"geometry":{"type":"MultiPolygon","coordinates":[[[[-3.8947,55.9849],[-4.1524,56.0527],[-4.6521,56.949],[-5.2263,57.7105],[-5.0556,57.751],[-5.3459,58.0927],[-4.9071,58.169],[-5.1127,58.3949],[-4.9256,58.567],[-4.5099,58.4029],[-4.1389,58.4448],[-3.8305,58.5072],[-3.4405,58.5285],[-3.165,58.5222],[-3.0284,58.4057],[-3.1664,58.2751],[-3.9432,57.9584],[-4.1505,57.8348],[-4.2485,57.6363],[-4.1484,57.5545],[-3.7958,57.5415],[-3.4008,57.5764],[-3.0926,57.577],[-2.854,57.5433],[-2.1504,57.572],[-1.9446,57.4017],[-2.1078,57.2103],[-2.2032,57.0648],[-2.1589,57.0143],[-2.4131,56.7173],[-2.5148,56.6673],[-2.6671,56.471],[-2.9805,56.3536],[-3.1524,56.3368],[-2.9494,56.253],[-2.7209,56.1782],[-2.7729,56.1713],[-2.8953,56.0855],[-3.1698,56.0621],[-3.2935,55.9739],[-3.895,55.9851],[-3.8947,55.9849]]]]}},{"type":"Feature","properties":{"NAME":"Scots","ABBREVN":"Scots","wikipedia":null,"SUBJECTO":"Scots","BORDERPRECISION":1,"PARTOF":"Scots"},"geometry":{"type":"MultiPolygon","coordinates":[[[[-3.8281,55.9482],[-4.6296,55.9241],[-4.7107,56.1313],[-4.8484,56.0972],[-5.1346,55.8934],[-5.3336,55.8795],[-5.5702,55.7505],[-5.6331,55.9399],[-5.497,56.1773],[-5.3001,56.4287],[-5.2707,56.5441],[-5.4583,56.6321],[-5.5466,56.6524],[-5.6445,56.5163],[-5.8217,56.4005],[-6.0435,56.4748],[-5.909,56.7333],[-5.6659,56.9378],[-5.6253,56.9992],[-5.7263,57.258],[-5.5616,57.2993],[-5.4606,57.3881],[-5.763,57.6198],[-5.5685,57.7774],[-5.23,57.7096],[-5.2263,57.7105],[-4.6521,56.949],[-4.1524,56.0527],[-3.8947,55.9849],[-3.8281,55.9482]]]]}},{"type":"Feature","properties":{"NAME":"Irlanda","ABBREVN":"Irlanda","wikipedia":null,"SUBJECTO":"Irlanda","BORDERPRECISION":1,"PARTOF":"Irlanda"},"geometry":{"type":"MultiPolygon","coordinates":[[[[-6.6452,55.2064],[-6.4543,55.1865],[-6.2793,55.1397],[-6.1165,55.1602],[-6.0182,55.093],[-5.7849,54.7374],[-5.7637,54.657],[-5.7999,54.5229],[-5.6615,54.3222],[-5.7314,54.1749],[-5.9122,54.0274],[-6.0717,53.9736],[-6.2064,53.9567],[-6.3431,53.9396],[-6.4434,53.8994],[-6.335,53.786],[-6.1722,53.4392],[-6.0431,52.8931],[-6.0707,52.7666],[-6.2321,52.6133],[-6.3409,52.4271],[-6.406,52.2144],[-6.4892,52.1944],[-6.6168,52.2207],[-6.8939,52.2066],[-6.9617,52.1112],[-7.3724,52.0921],[-7.7506,52.0327],[-7.8616,51.9681],[-8.1588,51.8396],[-8.5652,51.6155],[-8.8478,51.5998],[-9.2433,51.4726],[-9.8191,51.4346],[-9.7952,51.6046],[-9.8354,51.8033],[-10.2169,51.7583],[-10.294,51.9776],[-9.9638,52.0921],[-10.4973,52.1017],[-10.4692,52.2066],[-9.8906,52.1944],[-9.8016,52.2411],[-9.784,52.3407],[-9.7357,52.4803],[-9.504,52.5405],[-9.1926,52.5545],[-9.1343,52.6809],[-9.6157,52.6366],[-9.4416,52.8333],[-9.5258,52.9046],[-9.3093,53.1153],[-8.997,53.1204],[-8.9236,53.1606],[-9.0017,53.3004],[-9.1582,53.2207],[-9.2974,53.2798],[-9.4407,53.2662],[-9.6167,53.3459],[-9.8029,53.3454],[-9.8848,53.2974],[-10.1598,53.3741],[-10.0211,53.5119],[-10.1514,53.5756],[-9.8096,53.6324],[-9.8724,53.7677],[-9.6965,53.8734],[-9.9129,53.9696],[-10.1785,53.9119],[-10.1597,54.1331],[-9.9888,54.2537],[-9.892,54.3256],[-9.4743,54.2413],[-9.3229,54.2751],[-9.0858,54.2582],[-8.5901,54.2028],[-8.6867,54.3641],[-8.3006,54.4893],[-8.2115,54.6339],[-8.8294,54.6339],[-8.76,54.7014],[-8.5037,54.7496],[-8.4763,54.8799],[-8.3454,55.0953],[-8.1183,55.1766],[-7.7562,55.2527],[-7.4265,55.2941],[-7.3339,55.3836],[-7.1116,55.3152],[-6.9634,55.2413],[-6.9968,55.172],[-6.6452,55.2064]]],[[[-5.5178,55.668],[-5.4824,55.4427],[-5.6203,55.3295],[-5.6982,55.3307],[-5.7557,55.4773],[-5.6887,55.6281],[-5.5178,55.668]]]]}},{"type":"Feature","properties":{"NAME":"Baltic tribes","ABBREVN":"Baltic tribes","wikipedia":null,"SUBJECTO":"Baltic tribes","BORDERPRECISION":1,"PARTOF":"Baltic tribes"},"geometry":{"type":"MultiPolygon","coordinates":[[[[24.6978,55.3077],[22.5413,53.533],[17.86,53.6579],[18.1424,54.7156],[18.2794,54.7241],[18.7595,54.5364],[18.3629,54.6689],[18.3385,54.6026],[18.4538,54.5254],[18.5132,54.3158],[18.6731,54.2551],[18.6849,54.254],[18.965,54.2276],[19.255,54.2772],[19.7336,54.4612],[19.7577,54.4592],[19.3176,54.2717],[19.2321,54.2221],[19.2303,54.167],[19.3281,54.1615],[19.4568,54.2166],[19.5704,54.2551],[19.7331,54.3103],[19.9146,54.3947],[19.9775,54.4239],[20.1886,54.522],[20.3267,54.564],[20.1942,54.575],[20.0057,54.5475],[19.9381,54.6082],[19.8818,54.5254],[19.8332,54.5309],[19.8632,54.7517],[19.9426,54.8499],[20.1271,54.8456],[20.7972,54.818],[20.9852,54.8116],[21.1373,54.8455],[21.1919,54.9596],[21.1133,55.0892],[21.2239,55.1114],[21.1931,55.1664],[21.1623,55.2214],[21.143,55.2558],[21.2009,55.2614],[21.2163,55.3437],[21.0185,55.634],[21.0148,55.6971],[20.996,56.0241],[20.9454,56.07],[20.916,56.0967],[20.949,56.4732],[20.9648,56.609],[21.0221,56.6839],[21.3244,56.8544],[21.3397,57.1771],[21.4596,57.2496],[21.5795,57.3726],[21.6773,57.4637],[21.8103,57.4754],[22.2854,57.565],[22.3599,57.5857],[22.433,57.6156],[22.5636,57.6156],[22.5854,57.5087],[22.8814,57.3341],[23.0709,57.2613],[23.1098,57.1815],[22.8043,55.9903],[25.329,56.5452],[25.7498,58.5486],[27.3689,58.3581],[27.4255,58.3031],[27.4727,58.2167],[27.4971,58.1841],[27.6238,58.0143],[27.6783,58.0185],[27.8027,57.9902],[27.8816,57.937],[27.8754,57.9204],[27.9109,57.8958],[27.9921,57.8681],[28.0684,57.8624],[28.3817,56.3146],[24.6978,55.3077]],[[26.019,58.3962],[26.0774,58.3912],[26.1215,58.3737],[26.1428,58.3273],[26.1406,58.2688],[26.1103,58.2098],[26.0848,58.1435],[26.051,58.1458],[26.0037,58.2195],[25.9279,58.3051],[25.9409,58.345],[25.9661,58.3816],[26.019,58.3962]]]]}},{"type":"Feature","properties":{"NAME":"Avars","ABBREVN":"Avars","wikipedia":null,"SUBJECTO":"Avars","BORDERPRECISION":1,"PARTOF":"Avars"},"geometry":{"type":"MultiPolygon","coordinates":[[[[26.118,44.837],[24.9005,44.4711],[23.3972,43.842],[22.7082,43.9323],[22.0633,43.9013],[21.0836,43.3715],[20.2381,43.3942],[19.233,43.7714],[19.3074,44.0365],[19.7331,46.1665],[21.0171,47.07],[23.3346,47.6428],[25.4955,48.084],[26.9375,48.2659],[27.4586,45.563],[26.118,44.837]]]]}},{"type":"Feature","properties":{"NAME":"Slavic tribes","ABBREVN":"Slavic tribes","wikipedia":null,"SUBJECTO":"Slavic tribes","BORDERPRECISION":1,"PARTOF":"Slavic tribes"},"geometry":{"type":"MultiPolygon","coordinates":[[[[26.9375,48.2659],[25.4955,48.084],[23.3346,47.6428],[21.0171,47.07],[19.7331,46.1665],[17.6035,46.0362],[16.9458,46.2099],[16.57,46.5556],[16.2568,46.6846],[15.946,46.8918],[16.9495,47.9517],[17.3718,48.0039],[17.4872,47.9168],[17.7239,47.7382],[17.4158,46.9429],[18.6482,46.9329],[19.7338,47.6691],[20.0368,47.7515],[20.8929,47.9843],[21.5237,48.5701],[22.1399,49.2451],[22.228,50.0431],[18.9122,50.062],[18.5429,49.6822],[16.6856,50.1898],[15.0025,50.9083],[14.3187,50.8087],[13.8432,50.6513],[12.3988,50.1729],[12.1926,50.6553],[10.9828,52.0188],[10.3901,53.5272],[10.1417,54.3368],[10.2129,54.3719],[10.3402,54.3623],[10.446,54.292],[10.6486,54.259],[11.0386,54.3133],[11.073,54.2196],[11.0414,54.1527],[11.0159,54.0967],[10.7167,53.9639],[10.7709,53.9309],[10.8589,53.8772],[10.8837,53.8824],[10.8935,53.8844],[10.9604,53.8984],[11.1514,53.9384],[11.2025,53.8568],[11.4078,53.8593],[11.565,54.0354],[12.0411,54.0967],[12.3119,54.2019],[12.4625,54.2548],[12.6525,54.3214],[12.7648,54.2703],[12.9431,54.347],[13.0258,54.2652],[13.0638,54.1937],[13.3492,54.0635],[13.431,54.0302],[13.6676,54.0842],[13.7378,54.0303],[13.7643,53.8772],[13.7805,53.7752],[13.8502,53.7293],[14.0097,53.6732],[14.1769,53.6834],[14.1896,53.6248],[14.2802,53.6134],[14.4332,53.5942],[14.5371,53.5382],[14.4953,53.6248],[14.5653,53.6936],[14.5569,53.7599],[14.4825,53.8185],[14.4729,53.8768],[14.4674,53.9104],[14.5802,53.929],[14.8858,53.9796],[15.0797,54.0025],[15.3117,54.071],[15.8984,54.1284],[16.1147,54.1996],[16.4732,54.415],[16.9759,54.5493],[17.6576,54.6855],[18.1424,54.7156],[17.86,53.6579],[22.5413,53.533],[24.6978,55.3077],[28.3817,56.3146],[28.9837,55.8186],[28.4637,54.3138],[27.1532,53.9606],[24.6907,51.6826],[26.5712,49.9585],[26.6748,49.8635],[28.6649,48.5798],[26.9375,48.2659]]]]}},{"type":"Feature","properties":{"NAME":"Kingdom of Norway","ABBREVN":"Kingdom of Norway","wikipedia":null,"SUBJECTO":"Kingdom of Norway","BORDERPRECISION":1,"PARTOF":"Kingdom of Norway"},"geometry":{"type":"MultiPolygon","coordinates":[[[[14.2497,65.9316],[13.8022,64.9547],[12.9815,63.163],[12.2879,59.2373],[12.1663,58.5486],[11.8629,58.3455],[11.6799,58.223],[11.6139,58.2473],[11.4311,58.2015],[11.4067,58.3313],[11.2214,58.3083],[11.1843,58.5571],[11.1404,58.8512],[11.0848,58.8837],[11.0392,58.9104],[11.1789,59.0703],[11.1121,59.1651],[10.8292,59.1058],[10.7689,59.1177],[10.6568,59.2244],[10.5493,59.3786],[10.6336,59.4499],[10.5697,59.5805],[10.4071,59.4973],[10.3786,59.3667],[10.4296,59.26],[10.3633,59.2125],[10.2111,59.0703],[10.1723,58.9874],[9.9376,58.94],[9.6976,58.9992],[9.3462,58.8453],[9.3716,58.7861],[9.1459,58.6561],[8.9217,58.5379],[8.1752,58.172],[8.1537,58.0895],[8.0302,58.066],[7.9084,58.066],[6.9586,57.9717],[6.8742,58.0778],[6.7257,58.1367],[6.6437,58.0424],[6.4791,58.0895],[6.6517,58.172],[6.2313,58.2782],[5.8738,58.4316],[5.6155,58.4552],[5.3997,58.7152],[5.531,58.8808],[5.4746,58.9755],[5.6275,58.9637],[5.6658,58.8216],[5.7937,58.9163],[6.0936,58.798],[5.9837,58.8867],[6.0412,58.9518],[6.2661,58.9933],[6.0505,58.9814],[5.9404,58.9341],[5.8223,59.017],[5.7719,59.0762],[6.0326,59.2007],[6.2375,59.2837],[6.0203,59.254],[5.8775,59.3134],[6.0763,59.4202],[6.1134,59.527],[5.8159,59.3134],[5.7995,59.432],[5.6805,59.5092],[5.6829,59.4142],[5.7171,59.3371],[5.5285,59.2659],[5.3438,59.2659],[5.3503,59.3905],[5.2826,59.2718],[5.1766,59.3074],[5.0866,59.5092],[5.3826,59.7113],[5.4186,59.5152],[5.4493,59.6578],[5.6462,59.5865],[5.7411,59.628],[5.6666,59.6756],[5.9699,59.7113],[6.1854,59.8243],[5.9105,59.7529],[5.694,59.7529],[5.5433,59.8243],[5.6317,59.8838],[5.8058,59.9493],[5.8941,60.1613],[5.5246,60.1675],[5.2791,60.1253],[5.0962,60.2641],[5.2618,60.3271],[5.5511,60.5089],[5.4558,60.5924],[5.2552,60.5641],[5.0755,60.5917],[4.9804,60.6892],[5.1085,60.9061],[5.387,61.0256],[5.1196,61.1371],[5.0183,61.3051],[5.141,61.3896],[5.1011,61.6986],[5.149,61.7409],[5.416,61.7695],[5.5924,61.7897],[5.7971,61.7699],[5.8339,61.8194],[5.7195,61.8795],[5.5282,61.9326],[5.4257,62.0093],[5.4697,62.0937],[5.5646,62.1503],[5.8236,62.179],[6.0535,62.3348],[6.3084,62.2858],[6.5325,62.3357],[6.613,62.5833],[6.9887,62.5416],[7.2893,62.4856],[7.5467,62.5993],[7.1016,62.7046],[6.9819,62.8461],[7.0882,62.9102],[7.6065,62.9041],[7.9892,62.9403],[8.2313,62.8414],[8.258,63.0543],[8.4723,63.1755],[8.6059,63.3251],[8.9572,63.404],[9.1542,63.319],[9.2161,63.2836],[9.4409,63.4975],[9.8321,63.6836],[9.8701,63.8764],[10.0662,64.0555],[10.7398,64.3862],[10.8906,64.4725],[10.9966,64.4942],[11.2135,64.4157],[11.3641,64.416],[11.5077,64.5167],[11.4065,64.617],[11.4699,64.6746],[11.6897,64.7757],[11.8956,64.9127],[12.1121,65.1299],[12.2222,65.1011],[12.5265,65.109],[12.5021,65.3306],[12.4962,65.3845],[12.2841,65.4349],[12.4792,65.617],[12.7091,65.9089],[13.0874,65.8804],[13.1088,66.0337],[13.1519,66.1361],[13.581,66.1881],[13.4028,66.3488],[13.2554,66.3925],[13.1686,66.4583],[13.2421,66.5685],[13.3832,66.679],[13.592,66.6573],[13.9916,66.6875],[13.7472,66.9224],[13.8591,66.9594],[14.0547,66.9746],[14.3731,67.0931],[14.6393,67.1231],[14.7777,67.2165],[14.6165,67.2453],[14.5692,67.3293],[14.6991,67.3744],[14.9762,67.5229],[14.9785,67.5228],[15.2267,67.5086],[15.3845,67.4644],[15.5799,67.5833],[15.7457,67.5973],[15.7618,67.6763],[15.5722,67.8207],[15.8542,67.9252],[15.9197,68.049],[16.0711,68.0447],[16.2327,67.9111],[16.4116,67.8742],[16.6485,68.0457],[16.5219,68.3409],[16.7191,68.3114],[17.0333,68.3376],[17.1264,68.4161],[16.8548,68.5578],[17.0397,68.6585],[17.4069,68.7715],[17.4489,68.887],[17.5659,68.9744],[17.8947,69.0351],[17.9281,69.0051],[18.0515,69.0279],[18.0974,69.058],[18.3191,69.3594],[18.5532,69.2469],[18.9848,69.3154],[19.1702,69.2555],[19.2892,69.2106],[19.58,69.1811],[19.8212,69.3697],[20.1577,69.7478],[20.2864,69.7859],[20.3583,69.7104],[20.2782,69.5818],[20.1965,69.3177],[20.3394,69.3996],[20.3256,69.2223],[14.2497,65.9316]],[[8.4456,61.0607],[8.0272,61.9742],[9.943,62.4465],[10.1192,60.3169],[8.842,59.1291],[7.4987,58.7085],[7.3886,60.0541],[8.4456,61.0607]]]]}},{"type":"Feature","properties":{"NAME":"Britany","ABBREVN":"Britany","wikipedia":null,"SUBJECTO":"Britany","BORDERPRECISION":1,"PARTOF":"Britany"},"geometry":{"type":"MultiPolygon","coordinates":[[[[-1.9991,48.677],[-1.752,48.1782],[-2.0104,47.7457],[-2.5755,47.324],[-2.5765,47.3249],[-2.4655,47.4944],[-2.6137,47.5722],[-2.6636,47.5128],[-2.8425,47.4919],[-2.6947,47.635],[-2.9253,47.5811],[-3.0627,47.6039],[-3.1197,47.5983],[-3.1314,47.4753],[-3.1572,47.6139],[-3.4335,47.7168],[-3.7119,47.7981],[-3.8581,47.7918],[-3.9548,47.9043],[-4.215,47.7986],[-4.3644,47.8293],[-4.3909,47.9418],[-4.5101,47.9981],[-4.6754,48.0169],[-4.7003,48.0638],[-4.3129,48.1013],[-4.2756,48.1519],[-4.351,48.2046],[-4.4747,48.2422],[-4.5558,48.175],[-4.6239,48.2819],[-4.5314,48.3381],[-4.5508,48.3031],[-4.1861,48.3],[-4.4421,48.3418],[-4.4406,48.355],[-4.6053,48.3447],[-4.7528,48.3333],[-4.7796,48.3548],[-4.7903,48.4214],[-4.762,48.552],[-4.6319,48.5797],[-4.5897,48.56],[-4.5369,48.6364],[-4.3542,48.6742],[-3.9989,48.7305],[-3.9022,48.646],[-3.8213,48.7211],[-3.6079,48.693],[-3.5319,48.7392],[-3.5577,48.8101],[-3.4351,48.8365],[-3.0912,48.8716],[-2.9145,48.7068],[-2.6853,48.5017],[-2.4183,48.6536],[-2.3072,48.6761],[-2.1283,48.6386],[-2.0396,48.5969],[-1.9991,48.677]]]]}},{"type":"Feature","properties":{"NAME":"Sami","ABBREVN":"Sami","wikipedia":null,"SUBJECTO":"Sami","BORDERPRECISION":1,"PARTOF":"Sami"},"geometry":{"type":"MultiPolygon","coordinates":[[[[14.2497,65.9316],[20.3256,69.2223],[20.3394,69.3996],[20.5527,69.5219],[20.7339,69.7792],[21.1027,69.8177],[21.412,70.0154],[21.6086,69.9625],[21.9081,69.804],[22.1633,70.0931],[22.3064,70.2156],[22.7456,70.1706],[23.2036,69.9428],[23.2925,70.0113],[23.5084,70.2791],[23.8273,70.4788],[23.9549,70.5021],[24.2077,70.4719],[24.3596,70.6103],[24.5705,70.7414],[24.849,70.8266],[25.389,70.9046],[25.8321,70.8978],[25.2307,70.5582],[25.1224,70.4352],[25.0741,70.1444],[25.263,70.1065],[25.574,70.3671],[26.2627,70.7907],[26.6065,70.9146],[26.6191,70.7991],[26.6174,70.392],[26.9344,70.4693],[27.1311,70.5771],[27.516,70.9703],[27.9475,71.0174],[28.2112,71.0179],[28.3084,70.9486],[28.1364,70.8327],[27.9853,70.717],[28.0189,70.6095],[27.8754,70.4251],[28.2897,70.3722],[28.3889,70.5718],[28.7948,70.8648],[28.9843,70.8574],[29.7412,70.605],[30.0414,70.5441],[30.462,70.5373],[30.7542,70.4304],[30.7988,70.308],[30.2519,70.1311],[29.7349,70.1149],[28.7301,70.1359],[28.8171,70.0979],[29.08,69.9612],[29.5559,69.8334],[29.7286,69.6976],[30.0558,69.7209],[30.3613,69.7668],[30.7354,69.7524],[31.0538,69.6396],[31.3313,69.6628],[31.7822,69.777],[32.0716,69.8835],[32.076,69.8154],[32.1906,69.6417],[32.3517,69.5137],[32.5963,69.4236],[33.0096,69.3867],[33.2806,69.342],[33.3156,69.0713],[33.6284,69.2147],[33.818,69.1925],[34.3051,69.1708],[34.6989,69.1641],[34.9341,69.1494],[35.4366,69.1504],[36.0183,69.0237],[37.2459,68.7935],[37.6886,68.6296],[38.4064,68.2427],[38.6685,68.1463],[39.3347,68.0359],[39.9181,67.9404],[40.8261,67.66],[40.9734,67.5344],[40.9508,67.3347],[41.0169,67.2019],[41.2088,67.0695],[41.2553,66.937],[41.147,66.7823],[40.8364,66.5614],[40.3451,66.3186],[39.9775,66.2009],[39.19,66.0387],[38.7821,66.0015],[38.0479,66.0074],[37.4224,66.0938],[36.5052,66.1725],[35.7717,66.2589],[35.1677,66.4115],[34.153,66.6296],[33.6513,66.6801],[33.4375,66.7017],[33.1577,66.9145],[32.991,66.9878],[32.6443,67.0461],[32.2194,66.9937],[32.3578,66.9203],[32.4247,66.891],[32.7535,66.649],[32.9709,66.5834],[33.4697,66.3131],[33.8442,66.1821],[34.0761,66.1417],[34.2585,66.1098],[34.5437,66.0008],[34.7262,65.797],[34.7256,65.615],[34.7261,65.7803],[25.1956,65.268],[25.1861,65.2427],[25.2173,65.3258],[25.2515,65.4169],[25.1036,65.5401],[24.5911,65.5828],[24.2148,65.7859],[23.9477,65.7967],[23.8441,65.7985],[23.4057,65.7248],[23.204,65.6808],[22.7982,65.8548],[22.6456,65.9348],[22.4898,65.8834],[22.2016,65.7153],[21.9575,65.4457],[21.8187,65.3801],[21.5223,65.3723],[21.2773,65.2123],[21.4237,65.1039],[21.4894,65.0172],[21.3294,64.8944],[20.9212,64.7138],[21.0643,64.592],[21.237,64.5205],[21.3858,64.3846],[21.0489,64.2192],[20.8733,64.0328],[20.8665,64.0256],[20.7007,63.8181],[19.9849,63.5173],[19.6703,63.3885],[19.465,63.4807],[19.3182,63.4448],[19.2524,63.379],[19.0759,63.2025],[18.785,63.138],[18.4866,62.9812],[18.3889,62.8534],[18.3032,62.7894],[17.9674,62.7746],[17.8682,62.7886],[17.9363,62.548],[17.7181,62.3567],[17.2902,62.4407],[17.3874,62.2008],[17.4968,62.0881],[17.387,61.6584],[17.1626,61.6299],[17.0652,61.5384],[17.1502,61.1977],[17.1462,60.9528],[17.3176,60.7531],[17.1978,60.68],[12.2879,59.2373],[12.9815,63.163],[13.8022,64.9547],[14.2497,65.9316]]]]}},{"type":"Feature","properties":{"NAME":"Emirate of Sicily","ABBREVN":"Emirate of Sicily","wikipedia":null,"SUBJECTO":"Emirate of Sicily","BORDERPRECISION":1,"PARTOF":"Emirate of Sicily"},"geometry":{"type":"MultiPolygon","coordinates":[[[[12.5166,37.9192],[12.6643,38.0725],[12.7828,38.1174],[13.066,38.0669],[13.3225,38.2205],[13.628,38.0298],[13.8095,37.9664],[14.1345,37.9735],[14.7659,38.0576],[15.3867,38.2055],[15.4537,38.1674],[15.4729,38.1101],[15.4225,38.0526],[15.181,37.6823],[15.1122,37.459],[15.1162,37.2869],[15.3013,37.0579],[15.2206,37.0004],[15.0273,36.7451],[14.9424,36.7386],[14.622,36.7761],[14.2159,37.0493],[13.8684,37.157],[13.0116,37.5249],[12.6369,37.5815],[12.532,37.6387],[12.4541,37.766],[12.5166,37.9192]]]]}},{"type":"Feature","properties":{"NAME":"Byzantine Empire","ABBREVN":"Byzantine E.","wikipedia":null,"SUBJECTO":"Byzantine Empire","BORDERPRECISION":1,"PARTOF":"Byzantine Empire"},"geometry":{"type":"MultiPolygon","coordinates":[[[[25.7892,36.4049],[25.8728,36.3559],[25.7664,36.3376],[25.7131,36.3498],[25.7359,36.3865],[25.7892,36.4049]]],[[[25.371,36.4966],[25.4927,36.4232],[25.4927,36.3314],[25.3862,36.3192],[25.3178,36.3988],[25.333,36.4599],[25.371,36.4966]]],[[[25.7511,36.7833],[25.7511,36.8138],[25.8576,36.8381],[25.9488,36.9111],[26.0248,36.9597],[26.0856,36.8989],[25.9564,36.8442],[25.8348,36.7833],[25.7511,36.7833]]],[[[24.4284,36.7955],[24.588,36.8685],[24.6792,36.759],[24.4664,36.6493],[24.2991,36.7529],[24.4284,36.7955]]],[[[24.8237,36.6614],[24.8769,36.6797],[24.9757,36.6371],[24.9453,36.5699],[24.8237,36.6371],[24.8237,36.6614]]],[[[25.0593,36.6187],[25.0441,36.6614],[25.1658,36.7407],[25.1962,36.6736],[25.105,36.6371],[25.0593,36.6187]]],[[[25.4319,36.698],[25.3862,36.6371],[25.2646,36.7041],[25.2418,36.7529],[25.2494,36.759],[25.295,36.8077],[25.4319,36.698]]],[[[24.5348,37.1175],[24.4436,37.0993],[24.4284,37.2083],[24.5348,37.1175]]],[[[24.398,37.6671],[24.3827,37.5707],[24.2611,37.5406],[24.2991,37.6611],[24.398,37.6671]]],[[[24.4892,37.3958],[24.3599,37.3052],[24.3599,37.3958],[24.398,37.4682],[24.4892,37.3958]]],[[[24.8465,37.3656],[24.8617,37.5286],[24.9453,37.5105],[25.0441,37.3777],[24.8465,37.3656]]],[[[25.4699,37.4381],[25.3178,37.4018],[24.9225,37.6912],[24.6564,37.9014],[24.7629,38.0033],[25.2722,37.5647],[25.4699,37.4381]]],[[[24.6792,36.905],[24.6488,37.0143],[24.7172,37.0508],[24.7857,36.9475],[24.6792,36.905]]],[[[25.3102,37.0022],[25.1126,36.9415],[24.9377,36.9597],[25.1506,37.172],[25.3102,37.1962],[25.3102,37.0022]]],[[[25.3406,37.0871],[25.3786,37.1175],[25.5383,37.2204],[25.6067,37.1235],[25.5991,37.0265],[25.5459,36.9597],[25.4547,36.9232],[25.3634,37.0083],[25.3406,37.0871]]],[[[9.3062,41.1844],[9.5909,40.9029],[9.7937,40.5637],[9.7878,40.442],[9.6957,40.3137],[9.6308,40.0959],[9.698,39.6935],[9.6483,39.4572],[9.4789,39.1442],[9.2963,39.2331],[9.0625,39.2199],[8.9985,39.1751],[8.9314,39.0537],[8.8196,38.9769],[8.6961,38.9958],[8.5824,39.0658],[8.4172,39.2122],[8.3742,39.3078],[8.465,39.6399],[8.5085,39.9465],[8.488,40.2088],[8.4282,40.4649],[8.2016,40.663],[8.1595,40.7847],[8.2407,40.8553],[8.4056,40.8621],[8.7661,40.8628],[8.9184,40.94],[9.3062,41.1844]]],[[[15.6275,38.0042],[15.6266,38.2331],[15.7909,38.2964],[15.9335,38.5399],[15.8273,38.6227],[15.9898,38.7348],[16.1522,38.7013],[16.2122,38.778],[16.1772,38.931],[16.0826,39.0125],[15.9896,39.4284],[15.8465,39.6299],[16.5321,39.6975],[16.874,39.5437],[17.1491,39.4218],[17.1074,39.2805],[17.121,39.086],[17.1807,39.0222],[17.0947,38.915],[16.7977,38.9259],[16.6133,38.8273],[16.5222,38.725],[16.572,38.4571],[16.3307,38.3207],[16.0529,37.9312],[15.7852,37.9097],[15.7102,37.9414],[15.6275,38.0042]]],[[[27.4925,37.2397],[27.3646,37.3286],[27.1604,37.3601],[27.1226,37.4939],[27.1411,37.6469],[27.1798,37.7744],[27.1398,37.8891],[26.9614,37.9461],[26.6793,38.1049],[26.5123,38.0663],[26.3932,38.1044],[26.3916,38.2191],[26.4687,38.4448],[26.5274,38.4182],[26.7425,38.2784],[26.9974,38.4001],[26.8197,38.5273],[26.8288,38.583],[26.6957,38.6408],[26.7095,38.6986],[26.9664,38.7699],[27.0349,38.8211],[27.0042,38.8848],[26.9368,38.9246],[26.7853,38.9403],[26.7898,39.0244],[26.8708,39.056],[26.7971,39.1296],[26.7079,39.1821],[26.7041,39.2505],[26.6022,39.2557],[26.7202,39.3372],[26.8535,39.4608],[26.9262,39.4765],[26.9575,39.5483],[26.8043,39.5672],[26.5462,39.5133],[26.139,39.4397],[26.0641,39.4555],[26.0849,39.604],[26.1419,39.6606],[26.1407,39.75],[26.1276,39.8786],[26.186,39.9972],[26.3203,39.9919],[26.4031,40.1765],[26.4817,40.187],[26.7653,40.3769],[26.9965,40.3717],[27.0561,40.4297],[27.2718,40.4508],[27.3292,40.3558],[27.4496,40.3098],[27.526,40.2971],[27.7639,40.2873],[27.8302,40.3453],[27.7998,40.4033],[27.6793,40.4614],[27.8078,40.5036],[27.9538,40.4877],[28.0065,40.4508],[27.9082,40.3506],[28.004,40.3621],[28.4777,40.3951],[28.7564,40.3765],[28.9268,40.3558],[29.0524,40.3347],[29.1223,40.4139],[29.0835,40.4561],[28.8732,40.4719],[28.778,40.5247],[28.9016,40.6201],[29.5252,40.6883],[29.7131,40.6936],[29.8827,40.7464],[29.6834,40.7516],[29.4172,40.7411],[29.3204,40.7411],[29.2896,40.8067],[29.0145,40.9787],[29.1612,41.2164],[29.5778,41.1534],[30.1376,41.1318],[30.2561,41.1847],[30.7448,41.0403],[31.2177,41.0541],[31.4041,41.1635],[31.3857,41.285],[31.6664,41.3948],[31.8713,41.4914],[32.419,41.7492],[32.6879,41.846],[33.1555,41.9496],[33.5555,41.9825],[33.8967,41.9511],[34.3039,41.8941],[34.6629,41.8756],[35.0019,42.0432],[35.0988,41.8059],[35.2861,41.6715],[35.4114,41.6268],[35.6779,41.6209],[35.9578,41.6856],[36.1614,41.3525],[36.3829,41.2375],[36.6412,41.315],[36.817,41.2897],[37.2528,41.0277],[37.8218,41.0096],[38.314,40.9209],[38.6512,40.9216],[39.1386,41.0443],[39.3702,41.064],[39.663,41.0005],[40.0067,40.9563],[40.361,40.9634],[40.6099,41.028],[41.2778,41.28],[40.629,39.8836],[37.3493,38.8341],[34.6624,36.6478],[34.4851,36.6268],[34.1032,36.3803],[33.9517,36.2516],[33.9541,36.1598],[33.891,36.1388],[33.8359,36.1073],[33.8337,36.0706],[33.7532,36.1466],[33.4817,36.0543],[33.1713,35.9709],[32.9041,35.9767],[32.6403,36.008],[32.335,36.1284],[31.902,36.4969],[31.3707,36.7123],[30.9053,36.7942],[30.5936,36.7617],[30.5401,36.647],[30.4967,36.373],[30.4728,36.1883],[30.3949,36.118],[30.2799,36.1178],[30.1661,36.1876],[29.662,36.0783],[29.4719,36.0907],[29.2982,36.1731],[29.0023,36.6948],[28.8135,36.5352],[28.4698,36.7383],[28.2669,36.7124],[28.0142,36.5272],[27.9119,36.6989],[27.9419,36.7563],[28.051,36.833],[27.9988,36.9094],[27.5535,36.9148],[27.3081,36.9207],[27.2686,37.0417],[27.5256,37.1314],[27.4925,37.2397]]],[[[23.6715,35.5722],[23.6691,35.6116],[23.6651,35.6667],[23.6967,35.6981],[23.7337,35.6273],[23.7429,35.5618],[23.8795,35.5524],[23.9568,35.5277],[24.039,35.5618],[24.0333,35.5985],[24.0819,35.6116],[24.1527,35.5644],[24.1358,35.5224],[24.0915,35.5198],[24.0733,35.4962],[24.1132,35.4857],[24.1777,35.47],[24.2197,35.449],[24.2296,35.3913],[24.3883,35.373],[24.7686,35.428],[24.9975,35.421],[25.0136,35.3625],[25.1001,35.3467],[25.374,35.3179],[25.5116,35.2948],[25.6732,35.3494],[25.7135,35.327],[25.6685,35.1868],[25.7418,35.137],[25.789,35.137],[25.9355,35.213],[26.0642,35.2392],[26.0994,35.2156],[26.1688,35.2471],[26.2735,35.3127],[26.236,35.2288],[26.2427,35.1449],[26.1605,35.0243],[25.8987,35.0453],[25.7417,35.0089],[25.5907,35.0164],[24.6935,34.9405],[24.7156,35.0348],[24.6901,35.0924],[24.3244,35.2078],[24.0132,35.2104],[23.7856,35.2629],[23.5677,35.255],[23.5131,35.276],[23.4669,35.3179],[23.5294,35.5696],[23.6715,35.5722]]],[[[17.9677,40.1669],[17.8496,40.2435],[17.6191,40.2878],[17.4017,40.2919],[17.2042,40.3979],[17.2428,40.4958],[17.0841,40.5251],[17.2586,40.956],[17.3193,40.9293],[18.0339,40.5967],[18.0599,40.5135],[18.3836,40.3078],[18.5226,40.0941],[18.4337,39.8984],[18.3649,39.7467],[18.1601,39.8731],[18.0171,39.9479],[17.9677,40.1669]]],[[[28.0698,41.625],[28.1044,41.593],[28.3715,41.4331],[28.7402,41.3248],[29.0124,41.2548],[29.0811,41.2005],[28.9645,40.9892],[28.8278,40.9147],[28.5962,40.947],[28.1733,41.0579],[28.0264,41.0262],[27.9322,40.9575],[27.4742,40.9628],[27.313,40.7899],[27.2638,40.6672],[26.8889,40.5247],[26.6136,40.398],[26.5139,40.282],[26.3759,40.2134],[26.2552,40.0816],[26.1409,40.0447],[26.2143,40.1607],[26.2228,40.224],[26.1948,40.3031],[26.4575,40.435],[26.5565,40.4983],[26.4548,40.5843],[26.4181,40.5778],[26.124,40.6028],[26.0207,40.6693],[25.9929,40.8525],[25.6357,40.8774],[25.3011,40.8959],[25.0463,40.9523],[25.0189,41.0171],[24.8121,40.9334],[24.7007,40.8783],[24.5191,40.8731],[24.505,40.9841],[24.3543,40.971],[24.2191,40.8297],[24.0252,40.7464],[23.886,40.7329],[23.7484,40.8044],[23.6347,40.7728],[23.633,40.7132],[23.7091,40.63],[23.7852,40.4772],[23.9237,40.4508],[24.2954,40.1765],[24.2206,40.1448],[24.0548,40.2609],[24.0478,40.3084],[23.9235,40.3453],[23.7748,40.3928],[23.7222,40.3482],[23.6272,40.3453],[23.6588,40.2873],[23.6517,40.2292],[23.8037,40.1554],[23.8687,40.1607],[23.9201,40.0552],[23.9066,39.9972],[23.796,39.9867],[23.5958,40.1923],[23.4425,40.2556],[23.3491,40.282],[23.2918,40.2873],[23.2931,40.2451],[23.2591,40.2292],[23.321,40.1554],[23.3668,40.1079],[23.4365,40.0447],[23.5233,40.0183],[23.5922,40.0025],[23.6386,39.9603],[23.5969,39.9341],[23.3744,39.9551],[23.2605,39.9709],[23.2763,40.0499],[23.2148,40.1818],[23.1411,40.2662],[22.9602,40.3147],[22.7481,40.4825],[22.8639,40.5352],[22.8755,40.5963],[22.8519,40.6513],[22.77,40.6672],[22.7013,40.5774],[22.4921,40.4983],[22.6023,40.3972],[22.4896,40.2305],[22.4674,40.1185],[22.5256,40.0642],[22.5551,39.9867],[22.6951,39.8345],[22.7545,39.8183],[22.8134,39.6027],[23.0742,39.4135],[23.2361,39.2032],[23.1585,39.1401],[23.0519,39.1033],[23.0998,39.1874],[23.0453,39.2715],[22.9813,39.3293],[22.919,39.3451],[22.8509,39.3661],[22.7203,39.2873],[22.7661,39.2028],[22.8349,39.1664],[22.8711,39.0243],[22.7842,38.9403],[22.4905,38.8769],[22.6023,38.8562],[22.7233,38.7932],[22.8994,38.7669],[22.9842,38.667],[23.0998,38.6723],[23.1695,38.667],[23.191,38.6103],[23.3562,38.4895],[23.4938,38.4831],[23.5558,38.3518],[23.6828,38.3465],[23.8039,38.3465],[23.9607,38.2099],[23.967,38.1521],[23.88,38.1154],[23.9873,37.7634],[23.9182,37.6846],[23.8355,37.6846],[23.7337,37.8579],[23.6341,37.879],[23.5407,38.0041],[23.4957,38.0681],[23.4193,38.0681],[23.1958,38.005],[22.9806,37.9578],[22.8981,37.9],[23.04,37.858],[23.0454,37.7736],[23.0489,37.6426],[23.1514,37.5901],[23.2205,37.6018],[23.3217,37.6374],[23.3122,37.5481],[23.4181,37.4693],[23.185,37.4273],[23.1858,37.3748],[23.1096,37.3466],[22.971,37.3853],[23.0253,37.4798],[22.9421,37.5184],[22.7133,37.5434],[22.6423,37.5849],[22.6387,37.4923],[22.7262,37.2885],[22.8133,37.2121],[22.7931,37.1386],[22.8869,37.0467],[22.9826,36.6148],[22.6736,36.7543],[22.5244,36.7221],[22.3903,36.5244],[22.1914,36.8552],[21.9842,37.0205],[21.7809,36.8225],[21.5882,36.9814],[21.5314,37.1151],[21.6265,37.3065],[21.6137,37.4148],[21.5173,37.5358],[21.2963,37.7265],[21.2211,37.8284],[21.2284,37.9049],[21.4405,38.1795],[21.7145,38.1354],[21.9058,38.2697],[21.9967,38.2508],[22.7472,37.9526],[22.8987,37.9976],[23.1163,38.1574],[22.9967,38.1793],[22.8756,38.2046],[22.3337,38.4267],[21.8265,38.464],[21.6613,38.4381],[21.3645,38.412],[21.1724,38.3478],[20.7718,38.8509],[20.8926,38.8958],[21.0065,38.8705],[21.1047,38.9218],[21.1595,39.0048],[21.0072,39.113],[20.9011,39.0617],[20.6778,39.0804],[20.2118,39.4049],[20.1224,39.551],[20.0908,39.6025],[20.0286,39.8138],[19.8036,40.017],[19.3691,40.2603],[19.3802,40.3236],[19.4837,40.2959],[19.4945,40.4027],[19.3392,40.5887],[19.5273,40.8659],[19.4454,40.9649],[19.53,41.2184],[19.417,41.3453],[21.0819,40.6051],[21.6067,41.7858],[23.7307,42.1754],[24.0352,42.1936],[27.4947,42.4009],[27.6079,42.4168],[27.7225,42.3162],[27.7377,42.247],[27.9134,42.0781],[27.918,41.9777],[28.0262,41.8824],[28.0182,41.7532],[28.0698,41.625]]],[[[23.4097,38.9437],[23.7898,38.7186],[24.1319,38.6534],[24.2079,38.5524],[24.2915,38.1948],[24.588,38.1529],[24.5272,37.9674],[24.3143,37.9853],[24.1927,38.1529],[24.0254,38.3857],[23.6605,38.4036],[23.5997,38.4572],[23.6377,38.5226],[23.4629,38.6237],[23.1208,38.8668],[22.8699,38.8372],[23.0143,38.9614],[23.2424,39.0441],[23.4097,38.9437]]]]}},{"type":"Feature","properties":{"NAME":null,"ABBREVN":null,"wikipedia":null,"SUBJECTO":null,"BORDERPRECISION":1,"PARTOF":null},"geometry":{"type":"MultiPolygon","coordinates":[[[[-4.1533,53.2256],[-4.2181,53.2003],[-4.3256,53.145],[-4.3514,53.1244],[-4.4022,53.1258],[-4.4789,53.1767],[-4.4944,53.1894],[-4.5675,53.2733],[-4.5692,53.3881],[-4.5669,53.3914],[-4.56,53.3967],[-4.4747,53.4186],[-4.4292,53.4244],[-4.4231,53.425],[-4.4161,53.425],[-4.3139,53.4119],[-4.2925,53.4075],[-4.2836,53.4033],[-4.2769,53.3983],[-4.27,53.3886],[-4.2222,53.3217],[-4.1269,53.3106],[-4.1222,53.3119],[-4.1158,53.3125],[-4.11,53.3122],[-4.06,53.3055],[-4.0467,53.3033],[-4.0464,53.2997],[-4.09,53.255],[-4.1014,53.2478],[-4.1533,53.2256]]]]}},{"type":"Feature","properties":{"NAME":null,"ABBREVN":null,"wikipedia":null,"SUBJECTO":null,"BORDERPRECISION":1,"PARTOF":null},"geometry":{"type":"MultiPolygon","coordinates":[[[[-5.1036,55.4386],[-5.1719,55.4294],[-5.2236,55.43],[-5.2317,55.4303],[-5.2369,55.4319],[-5.2833,55.4469],[-5.2928,55.4511],[-5.3403,55.475],[-5.3422,55.4772],[-5.3572,55.5042],[-5.4003,55.6006],[-5.4008,55.6089],[-5.4003,55.6178],[-5.3964,55.6289],[-5.3811,55.6686],[-5.3781,55.6717],[-5.3708,55.6769],[-5.33,55.6997],[-5.3256,55.7019],[-5.2953,55.7167],[-5.2656,55.7172],[-5.2519,55.7161],[-5.2392,55.7136],[-5.2283,55.7103],[-5.1983,55.6992],[-5.1853,55.6928],[-5.1681,55.6842],[-5.1603,55.6792],[-5.1547,55.6733],[-5.0853,55.5567],[-5.0839,55.5531],[-5.0747,55.4633],[-5.0744,55.4592],[-5.0758,55.4553],[-5.0789,55.4522],[-5.0933,55.4417],[-5.1036,55.4386]]]]}},{"type":"Feature","properties":{"NAME":null,"ABBREVN":null,"wikipedia":null,"SUBJECTO":null,"BORDERPRECISION":1,"PARTOF":null},"geometry":{"type":"MultiPolygon","coordinates":[[[[-6.1217,55.8789],[-6.1031,55.8111],[-6.1019,55.8072],[-6.0975,55.7967],[-6.0933,55.79],[-6.0883,55.7839],[-6.0756,55.7775],[-6.0594,55.7722],[-6.0522,55.7672],[-6.05,55.7642],[-6.0303,55.7206],[-6.0247,55.6808],[-6.0275,55.6778],[-6.0383,55.67],[-6.0767,55.65],[-6.2289,55.5922],[-6.2744,55.5728],[-6.3006,55.5769],[-6.3172,55.5817],[-6.3256,55.5867],[-6.3275,55.5894],[-6.3219,55.6153],[-6.3208,55.6189],[-6.2858,55.7072],[-6.2531,55.7636],[-6.2511,55.7672],[-6.2514,55.7714],[-6.2544,55.7747],[-6.2592,55.7767],[-6.2653,55.7778],[-6.3253,55.7814],[-6.3317,55.7814],[-6.3378,55.7803],[-6.3456,55.775],[-6.3483,55.7714],[-6.3525,55.7647],[-6.3564,55.758],[-6.3606,55.7503],[-6.3675,55.7408],[-6.3797,55.7281],[-6.3931,55.7172],[-6.4108,55.7039],[-6.4494,55.6803],[-6.4625,55.6739],[-6.4733,55.67],[-6.485,55.6686],[-6.4914,55.6694],[-6.5014,55.6733],[-6.505,55.6767],[-6.5092,55.6822],[-6.51,55.6906],[-6.5,55.7214],[-6.4953,55.7336],[-6.4497,55.8486],[-6.4417,55.8536],[-6.3697,55.8694],[-6.3097,55.8636],[-6.1922,55.9164],[-6.1631,55.9275],[-6.1419,55.9336],[-6.1367,55.9344],[-6.1294,55.9336],[-6.1219,55.9289],[-6.1186,55.9217],[-6.1228,55.895],[-6.1217,55.8789]]]]}},{"type":"Feature","properties":{"NAME":null,"ABBREVN":null,"wikipedia":null,"SUBJECTO":null,"BORDERPRECISION":1,"PARTOF":null},"geometry":{"type":"MultiPolygon","coordinates":[[[[-5.9469,55.83],[-5.9719,55.7883],[-6.0272,55.7917],[-6.0325,55.7931],[-6.0531,55.8003],[-6.0631,55.8039],[-6.0706,55.8083],[-6.0736,55.8117],[-6.0756,55.8156],[-6.0792,55.8267],[-6.0881,55.8775],[-6.0878,55.8817],[-6.0844,55.8942],[-6.0789,55.9055],[-5.9681,56.0236],[-5.9558,56.0305],[-5.9064,56.0583],[-5.9017,56.0608],[-5.8092,56.1097],[-5.755,56.1333],[-5.745,56.1375],[-5.7114,56.1503],[-5.7056,56.1508],[-5.6944,56.1472],[-5.685,56.1258],[-5.6844,56.1219],[-5.6844,56.1175],[-5.6861,56.1131],[-5.6908,56.1067],[-5.7025,56.0989],[-5.7081,56.0961],[-5.7169,56.0894],[-5.7303,56.078],[-5.7461,56.0636],[-5.7519,56.0569],[-5.8458,55.9494],[-5.9042,55.8825],[-5.9469,55.83]]]]}},{"type":"Feature","properties":{"NAME":null,"ABBREVN":null,"wikipedia":null,"SUBJECTO":null,"BORDERPRECISION":1,"PARTOF":null},"geometry":{"type":"MultiPolygon","coordinates":[[[[-7.4669,56.9408],[-7.4753,56.9408],[-7.5153,56.9431],[-7.5306,56.9442],[-7.5503,56.9475],[-7.5594,56.9514],[-7.5606,56.9556],[-7.56,56.9603],[-7.5536,56.9664],[-7.4456,57.0555],[-7.4397,57.0544],[-7.4186,57.0439],[-7.4147,57.0414],[-7.3781,56.9822],[-7.3761,56.9786],[-7.4347,56.945],[-7.4392,56.9428],[-7.4669,56.9408]]]]}},{"type":"Feature","properties":{"NAME":null,"ABBREVN":null,"wikipedia":null,"SUBJECTO":null,"BORDERPRECISION":1,"PARTOF":null},"geometry":{"type":"MultiPolygon","coordinates":[[[[-7.2231,57.3375],[-7.2311,57.3328],[-7.2461,57.3278],[-7.2522,57.3267],[-7.2589,57.3272],[-7.2853,57.3361],[-7.2881,57.3225],[-7.2592,57.1525],[-7.2147,57.1144],[-7.2153,57.1103],[-7.2258,57.0969],[-7.2303,57.0947],[-7.2656,57.1036],[-7.2872,57.1061],[-7.3033,57.1061],[-7.3336,57.1],[-7.3561,57.0992],[-7.3631,57.1],[-7.3814,57.1086],[-7.3867,57.1147],[-7.3925,57.125],[-7.3961,57.1319],[-7.4175,57.1825],[-7.4189,57.1867],[-7.4208,57.2183],[-7.425,57.3822],[-7.4222,57.3853],[-7.4122,57.3897],[-7.3681,57.4014],[-7.3356,57.3958],[-7.2858,57.3811],[-7.2719,57.3753],[-7.2672,57.3722],[-7.2244,57.3417],[-7.2231,57.3375]]]]}},{"type":"Feature","properties":{"NAME":null,"ABBREVN":null,"wikipedia":null,"SUBJECTO":null,"BORDERPRECISION":1,"PARTOF":null},"geometry":{"type":"MultiPolygon","coordinates":[[[[-7.2689,57.3989],[-7.2833,57.3975],[-7.3136,57.3997],[-7.3203,57.4014],[-7.3781,57.4203],[-7.3881,57.4239],[-7.4047,57.4419],[-7.4094,57.4483],[-7.41,57.4522],[-7.4064,57.4642],[-7.4042,57.4678],[-7.4003,57.4703],[-7.3578,57.4883],[-7.3511,57.4894],[-7.3006,57.4836],[-7.2761,57.4806],[-7.2442,57.4764],[-7.2047,57.4608],[-7.2025,57.4575],[-7.2022,57.4189],[-7.2044,57.415],[-7.2394,57.4036],[-7.2447,57.4022],[-7.2689,57.3989]]]]}},{"type":"Feature","properties":{"NAME":null,"ABBREVN":null,"wikipedia":null,"SUBJECTO":null,"BORDERPRECISION":1,"PARTOF":null},"geometry":{"type":"MultiPolygon","coordinates":[[[[-7.1886,57.6872],[-7.0753,57.6422],[-7.0675,57.6375],[-7.0658,57.6333],[-7.1475,57.515],[-7.1539,57.5094],[-7.1683,57.508],[-7.2336,57.5036],[-7.3147,57.5042],[-7.3214,57.5053],[-7.3261,57.5078],[-7.3275,57.5275],[-7.3253,57.5442],[-7.3478,57.5508],[-7.4117,57.5681],[-7.4556,57.5639],[-7.4678,57.5619],[-7.4769,57.5625],[-7.4861,57.5661],[-7.5364,57.5861],[-7.5403,57.5881],[-7.5433,57.5908],[-7.5433,57.5956],[-7.4914,57.6464],[-7.4839,57.6519],[-7.4728,57.655],[-7.4325,57.6533],[-7.275,57.6564],[-7.2711,57.6594],[-7.2447,57.6769],[-7.1972,57.6869],[-7.1886,57.6872]]]]}},{"type":"Feature","properties":{"NAME":null,"ABBREVN":null,"wikipedia":null,"SUBJECTO":null,"BORDERPRECISION":1,"PARTOF":null},"geometry":{"type":"MultiPolygon","coordinates":[[[[-7.0064,57.8814],[-7.0736,57.8778],[-7.0778,57.88],[-7.0767,57.8928],[-7.0736,57.8961],[-7.0328,57.9156],[-7.0275,57.9169],[-7.0072,57.9197],[-6.9994,57.92],[-6.9936,57.9186],[-6.9942,57.9139],[-6.9975,57.8908],[-6.9989,57.8872],[-7.0064,57.8814]]]]}},{"type":"Feature","properties":{"NAME":null,"ABBREVN":null,"wikipedia":null,"SUBJECTO":null,"BORDERPRECISION":1,"PARTOF":null},"geometry":{"type":"MultiPolygon","coordinates":[[[[-6.8022,58.203],[-6.8389,58.2019],[-6.8692,58.2039],[-6.8731,58.2064],[-6.8889,58.2444],[-6.89,58.2486],[-6.8897,58.2525],[-6.8817,58.2542],[-6.8603,58.2511],[-6.8542,58.25],[-6.8097,58.2286],[-6.7944,58.218],[-6.7914,58.2069],[-6.7944,58.2033],[-6.8022,58.203]]]]}},{"type":"Feature","properties":{"NAME":null,"ABBREVN":null,"wikipedia":null,"SUBJECTO":null,"BORDERPRECISION":1,"PARTOF":null},"geometry":{"type":"MultiPolygon","coordinates":[[[[-6.2042,58.3561],[-6.2325,58.3178],[-6.2797,58.2878],[-6.3239,58.2636],[-6.3283,58.2379],[-6.3284,58.2354],[-6.3276,58.2334],[-6.3253,58.2318],[-6.3218,58.2308],[-6.2851,58.2229],[-6.2813,58.2223],[-6.2769,58.2228],[-6.2736,58.2236],[-6.2654,58.2274],[-6.2208,58.2336],[-6.2086,58.2408],[-6.1725,58.2583],[-6.1678,58.2606],[-6.16,58.2597],[-6.1481,58.2561],[-6.1469,58.2528],[-6.1583,58.2183],[-6.1644,58.2122],[-6.1722,58.2069],[-6.2247,58.1836],[-6.2638,58.1766],[-6.3291,58.1828],[-6.3667,58.1586],[-6.3747,58.1356],[-6.3769,58.1319],[-6.3822,58.1297],[-6.4972,58.0975],[-6.5481,58.0919],[-6.6011,58.085],[-6.6203,58.0819],[-6.6192,58.0783],[-6.5947,58.0783],[-6.4969,58.0875],[-6.4203,58.1022],[-6.4103,58.1056],[-6.4025,58.1058],[-6.3961,58.1047],[-6.3906,58.0986],[-6.3539,58.0331],[-6.3567,58.03],[-6.3861,58.0092],[-6.4578,57.968],[-6.4739,57.9483],[-6.4728,57.9442],[-6.4739,57.9403],[-6.5381,57.9164],[-6.5442,57.915],[-6.5706,57.9114],[-6.5775,57.9108],[-6.6211,57.9144],[-6.6281,57.9153],[-6.6531,57.92],[-6.6622,57.9242],[-6.6664,57.9269],[-6.6919,57.9581],[-6.6986,57.9675],[-6.7047,57.9867],[-6.7069,57.9989],[-6.7061,58.0075],[-6.6975,58.0214],[-6.6944,58.0244],[-6.6628,58.0444],[-6.6592,58.0467],[-6.6528,58.0483],[-6.6294,58.0483],[-6.6219,58.0478],[-6.615,58.0461],[-6.5986,58.0453],[-6.5936,58.0464],[-6.5903,58.05],[-6.5953,58.0525],[-6.6003,58.0539],[-6.6078,58.0547],[-6.67,58.0581],[-6.6783,58.0583],[-6.6844,58.0575],[-6.6892,58.055],[-6.7614,57.9983],[-6.7258,57.9544],[-6.7228,57.9511],[-6.7189,57.9492],[-6.7053,57.9469],[-6.6964,57.9425],[-6.685,57.9344],[-6.6797,57.9283],[-6.6775,57.9256],[-6.6647,57.9006],[-6.6606,57.8847],[-6.6622,57.8806],[-6.7353,57.8258],[-6.9608,57.7275],[-6.9656,57.7256],[-6.9725,57.7247],[-6.9783,57.7258],[-6.9839,57.7283],[-7.12,57.8142],[-7.1231,57.8175],[-7.1244,57.8208],[-7.1267,57.8333],[-7.1253,57.8378],[-7.1183,57.8381],[-7.1039,57.8367],[-7.0922,57.8328],[-7.0836,57.8247],[-7.0658,57.8208],[-7.0289,57.8322],[-6.8303,57.9008],[-6.8342,57.9036],[-6.8794,57.9325],[-6.935,57.9497],[-6.9461,57.9528],[-6.985,57.9594],[-6.9928,57.9592],[-7.0219,57.9519],[-7.0297,57.9522],[-7.0356,57.9533],[-7.0753,57.9625],[-7.1128,57.9839],[-7.1139,57.9872],[-7.0842,58.008],[-7.0556,58.0203],[-7.0578,58.0364],[-7.0939,58.0705],[-7.1267,58.1233],[-7.1283,58.1303],[-7.1281,58.1347],[-7.0944,58.1819],[-7.0592,58.2203],[-7.0556,58.2233],[-7.0406,58.2333],[-7.0319,58.2381],[-7.0081,58.2353],[-7.0011,58.2344],[-6.9197,58.2161],[-6.9081,58.2128],[-6.9058,58.2097],[-6.9081,58.2061],[-6.9203,58.2036],[-6.9361,58.188],[-6.8742,58.1111],[-6.8681,58.1061],[-6.8619,58.1039],[-6.86,58.1081],[-6.8733,58.1786],[-6.8052,58.1959],[-6.7504,58.1852],[-6.7447,58.1972],[-6.7866,58.2294],[-6.8081,58.2597],[-6.8178,58.28],[-6.8156,58.2847],[-6.7978,58.3022],[-6.6731,58.3492],[-6.6583,58.3494],[-6.6522,58.3486],[-6.6469,58.3419],[-6.5603,58.3597],[-6.5503,58.3633],[-6.3553,58.4575],[-6.3106,58.4792],[-6.2928,58.4883],[-6.2769,58.5083],[-6.2722,58.5106],[-6.2669,58.5125],[-6.2597,58.5128],[-6.2531,58.5117],[-6.2444,58.5086],[-6.2347,58.5042],[-6.2233,58.4964],[-6.1661,58.4253],[-6.1658,58.4206],[-6.2042,58.3561]]]]}},{"type":"Feature","properties":{"NAME":null,"ABBREVN":null,"wikipedia":null,"SUBJECTO":null,"BORDERPRECISION":1,"PARTOF":null},"geometry":{"type":"MultiPolygon","coordinates":[[[[-2.9183,58.7319],[-2.9394,58.73],[-2.9481,58.7306],[-2.9578,58.7347],[-2.9706,58.7419],[-2.98,58.7503],[-3.0369,58.8181],[-3.0336,58.8208],[-3.0289,58.8231],[-3.01,58.8317],[-3.0044,58.8331],[-2.9747,58.8353],[-2.9161,58.8389],[-2.8992,58.8383],[-2.8942,58.8369],[-2.8864,58.8319],[-2.8778,58.8242],[-2.8767,58.8203],[-2.9139,58.7339],[-2.9183,58.7319]]]]}},{"type":"Feature","properties":{"NAME":null,"ABBREVN":null,"wikipedia":null,"SUBJECTO":null,"BORDERPRECISION":1,"PARTOF":null},"geometry":{"type":"MultiPolygon","coordinates":[[[[-3.2314,58.7756],[-3.2889,58.7756],[-3.2958,58.7761],[-3.3008,58.7781],[-3.4311,58.8714],[-3.4331,58.8747],[-3.4331,58.8789],[-3.4181,58.9042],[-3.4122,58.9106],[-3.3981,58.9172],[-3.3492,58.9269],[-3.3356,58.9275],[-3.2331,58.8872],[-3.2283,58.885],[-3.2147,58.8742],[-3.1364,58.8042],[-3.1347,58.8008],[-3.1369,58.7867],[-3.1417,58.7847],[-3.1603,58.7811],[-3.1808,58.7792],[-3.2314,58.7756]]]]}},{"type":"Feature","properties":{"NAME":null,"ABBREVN":null,"wikipedia":null,"SUBJECTO":null,"BORDERPRECISION":1,"PARTOF":null},"geometry":{"type":"MultiPolygon","coordinates":[[[[-2.7931,58.9514],[-2.7558,58.9178],[-2.8244,58.8789],[-2.8692,58.8933],[-2.97,58.9394],[-3.0083,58.94],[-3.0572,58.9358],[-3.1106,58.9281],[-3.1197,58.9233],[-3.1197,58.9192],[-3.1722,58.9108],[-3.1883,58.91],[-3.195,58.9111],[-3.3033,58.9458],[-3.3133,58.95],[-3.3456,58.9658],[-3.3611,58.9922],[-3.3631,58.9956],[-3.3681,59.01],[-3.3681,59.0142],[-3.3514,59.1064],[-3.3503,59.11],[-3.3175,59.1294],[-3.2778,59.14],[-3.2722,59.1414],[-3.2389,59.1461],[-3.2189,59.1486],[-3.2025,59.1486],[-3.1958,59.1472],[-3.0769,59.1217],[-3.0731,59.1192],[-2.9983,59.0697],[-2.9953,59.0667],[-2.9958,59.0558],[-2.9472,58.9983],[-2.8522,58.9756],[-2.7931,58.9514]]]]}},{"type":"Feature","properties":{"NAME":null,"ABBREVN":null,"wikipedia":null,"SUBJECTO":null,"BORDERPRECISION":1,"PARTOF":null},"geometry":{"type":"MultiPolygon","coordinates":[[[[-2.6814,59.1958],[-2.6858,59.1842],[-2.6897,59.1867],[-2.6917,59.19],[-2.6936,59.1975],[-2.6925,59.2103],[-2.6906,59.2144],[-2.6844,59.2208],[-2.5928,59.2906],[-2.5556,59.3031],[-2.5344,59.305],[-2.4144,59.3136],[-2.4072,59.3139],[-2.4022,59.3128],[-2.4,59.3103],[-2.3972,59.3033],[-2.3903,59.2831],[-2.39,59.2797],[-2.4956,59.245],[-2.5708,59.2422],[-2.5772,59.2422],[-2.6206,59.2361],[-2.625,59.2336],[-2.6814,59.1958]]]]}},{"type":"Feature","properties":{"NAME":null,"ABBREVN":null,"wikipedia":null,"SUBJECTO":null,"BORDERPRECISION":1,"PARTOF":null},"geometry":{"type":"MultiPolygon","coordinates":[[[[-2.89,59.2953],[-2.8497,59.2681],[-2.8531,59.2494],[-2.8775,59.2286],[-2.8731,59.2519],[-2.8731,59.2561],[-2.8769,59.2586],[-2.9367,59.2836],[-2.9586,59.2878],[-2.9656,59.2881],[-2.9719,59.2872],[-2.9764,59.2847],[-2.9742,59.2814],[-2.9769,59.2728],[-2.9881,59.2642],[-2.9922,59.2617],[-2.9992,59.2611],[-3.0033,59.2636],[-3.0283,59.285],[-3.0736,59.3242],[-3.0756,59.3275],[-3.0764,59.3314],[-3.0717,59.3314],[-3.0489,59.3292],[-2.8972,59.2997],[-2.89,59.2953]]]]}},{"type":"Feature","properties":{"NAME":null,"ABBREVN":null,"wikipedia":null,"SUBJECTO":null,"BORDERPRECISION":1,"PARTOF":null},"geometry":{"type":"MultiPolygon","coordinates":[[[[-1.2961,60.4911],[-1.2867,60.4711],[-1.1639,60.4544],[-1.0414,60.4469],[-1.0372,60.4442],[-1.0378,60.44],[-1.0661,60.3581],[-1.1011,60.2758],[-1.1642,60.2583],[-1.1658,60.2619],[-1.1869,60.2697],[-1.195,60.2708],[-1.1989,60.2678],[-1.2006,60.2633],[-1.1981,60.2558],[-1.1856,60.2306],[-1.1806,60.225],[-1.1575,60.1947],[-1.1261,60.1517],[-1.1256,60.1478],[-1.1286,60.1442],[-1.1467,60.1319],[-1.1531,60.133],[-1.1631,60.1375],[-1.1706,60.1372],[-1.1872,60.1272],[-1.2122,60.1028],[-1.2206,60.0225],[-1.2603,59.8622],[-1.2625,59.8583],[-1.2686,59.8511],[-1.3069,59.8575],[-1.3719,59.8917],[-1.3781,59.9022],[-1.3778,59.9064],[-1.3317,59.9969],[-1.33,60],[-1.3264,60.0044],[-1.3225,60.0075],[-1.3164,60.0089],[-1.3114,60.0067],[-1.3081,60.0089],[-1.3058,60.0128],[-1.2683,60.0936],[-1.2631,60.1069],[-1.2611,60.1158],[-1.2603,60.1242],[-1.2617,60.1308],[-1.285,60.22],[-1.2914,60.2414],[-1.4033,60.2558],[-1.4103,60.255],[-1.4142,60.2519],[-1.4103,60.2494],[-1.3875,60.2372],[-1.3636,60.2297],[-1.3531,60.2089],[-1.3583,60.1925],[-1.4486,60.1511],[-1.4536,60.1525],[-1.4906,60.1678],[-1.5203,60.1814],[-1.5272,60.1869],[-1.5278,60.1908],[-1.5267,60.1944],[-1.5197,60.2011],[-1.5889,60.2158],[-1.6478,60.2247],[-1.655,60.2261],[-1.6647,60.2308],[-1.6744,60.2394],[-1.6781,60.2464],[-1.6931,60.2797],[-1.6928,60.2839],[-1.6914,60.2883],[-1.6669,60.2997],[-1.6553,60.3031],[-1.6283,60.3072],[-1.5967,60.3081],[-1.5897,60.3064],[-1.4747,60.315],[-1.4458,60.3186],[-1.4269,60.3214],[-1.3458,60.34],[-1.3203,60.3564],[-1.4458,60.4605],[-1.5022,60.4697],[-1.5536,60.4756],[-1.5583,60.4731],[-1.565,60.4731],[-1.6097,60.4742],[-1.6117,60.4767],[-1.61,60.4814],[-1.5931,60.5078],[-1.5469,60.5358],[-1.4161,60.605],[-1.4106,60.6069],[-1.3019,60.6367],[-1.2958,60.6347],[-1.2942,60.6311],[-1.2875,60.6133],[-1.2961,60.4911]]]]}},{"type":"Feature","properties":{"NAME":null,"ABBREVN":null,"wikipedia":null,"SUBJECTO":null,"BORDERPRECISION":1,"PARTOF":null},"geometry":{"type":"MultiPolygon","coordinates":[[[[-1.0294,60.4958],[-1.1047,60.4856],[-1.1275,60.4864],[-1.14,60.4894],[-1.1428,60.4925],[-1.1703,60.5272],[-1.1825,60.595],[-1.1836,60.6028],[-1.1814,60.6236],[-1.1794,60.6325],[-1.1772,60.6367],[-1.11,60.7258],[-1.0986,60.73],[-1.0925,60.7314],[-1.0847,60.7317],[-1.0569,60.7308],[-0.9967,60.7247],[-0.9911,60.72],[-0.9825,60.6555],[-0.9828,60.6514],[-1.0178,60.5194],[-1.0192,60.515],[-1.0233,60.5031],[-1.0256,60.4989],[-1.0294,60.4958]]]]}},{"type":"Feature","properties":{"NAME":null,"ABBREVN":null,"wikipedia":null,"SUBJECTO":null,"BORDERPRECISION":1,"PARTOF":null},"geometry":{"type":"MultiPolygon","coordinates":[[[[-0.8197,60.6889],[-0.835,60.6733],[-0.9356,60.6744],[-0.9586,60.6825],[-0.9656,60.688],[-0.9597,60.7114],[-0.9389,60.7944],[-0.8831,60.8422],[-0.8783,60.8444],[-0.8061,60.8406],[-0.7728,60.8311],[-0.7678,60.8289],[-0.7581,60.8178],[-0.7572,60.8139],[-0.7636,60.7933],[-0.8197,60.6889]]]]}},{"type":"Feature","properties":{"NAME":null,"ABBREVN":null,"wikipedia":null,"SUBJECTO":null,"BORDERPRECISION":1,"PARTOF":null},"geometry":{"type":"MultiPolygon","coordinates":[[[[-6.6553,61.3894],[-6.6603,61.3883],[-6.6681,61.3894],[-6.7192,61.4075],[-6.8458,61.468],[-6.9583,61.5986],[-6.9628,61.6192],[-6.96,61.6228],[-6.9447,61.6367],[-6.9264,61.6414],[-6.9122,61.6436],[-6.8894,61.645],[-6.7289,61.5758],[-6.7244,61.5733],[-6.7094,61.5583],[-6.6553,61.4331],[-6.6417,61.4008],[-6.6422,61.3972],[-6.6553,61.3894]]],[[[-6.6042,61.8217],[-6.63,61.7611],[-6.6389,61.7505],[-6.6522,61.7428],[-6.7047,61.7775],[-6.8361,61.8178],[-6.8411,61.8175],[-6.8661,61.8375],[-6.9089,61.9011],[-6.9083,61.9047],[-6.9047,61.9078],[-6.8644,61.9075],[-6.8558,61.9069],[-6.7833,61.8969],[-6.7769,61.8953],[-6.6614,61.8589],[-6.6522,61.8539],[-6.6042,61.8261],[-6.6042,61.8217]]],[[[-7.0497,62.0678],[-7.055,62.0603],[-7.0628,62.0494],[-7.1653,62.0236],[-7.1858,62.0197],[-7.2017,62.0186],[-7.1917,62.0311],[-7.1922,62.0397],[-7.1936,62.0433],[-7.1983,62.05],[-7.2119,62.0575],[-7.2267,62.0644],[-7.2325,62.0647],[-7.2333,62.0603],[-7.2511,62.0428],[-7.3456,62.0522],[-7.3522,62.0539],[-7.3781,62.065],[-7.3817,62.0681],[-7.4311,62.1161],[-7.4339,62.1236],[-7.4344,62.1278],[-7.435,62.1403],[-7.4336,62.1436],[-7.4264,62.1447],[-7.2311,62.16],[-7.2233,62.1594],[-7.1631,62.1288],[-7.0561,62.0986],[-7.045,62.0944],[-7.0414,62.0914],[-7.0403,62.0878],[-7.0411,62.0831],[-7.0497,62.0678]]],[[[-6.7069,61.9375],[-6.7178,61.9333],[-6.7253,61.9344],[-6.7731,61.95],[-6.8692,61.9975],[-6.9611,62.0467],[-7.0346,62.1121],[-7.1303,62.1256],[-7.2322,62.1725],[-7.2347,62.1758],[-7.235,62.18],[-7.2336,62.1933],[-7.2328,62.1981],[-7.2108,62.2847],[-7.1956,62.3047],[-7.1922,62.3078],[-7.135,62.3039],[-7.1281,62.3022],[-7.0875,62.2908],[-7.0706,62.2847],[-7.0658,62.2822],[-7.0625,62.2792],[-7.0575,62.2725],[-7.0522,62.2575],[-7.045,62.2433],[-7.0425,62.24],[-7.0367,62.2336],[-6.9908,62.1931],[-6.9739,62.1825],[-6.9458,62.1681],[-6.9164,62.1539],[-6.8414,62.1244],[-6.735,62.0436],[-6.7247,62.035],[-6.7189,62.0286],[-6.6964,61.9794],[-6.6961,61.9753],[-6.7025,61.9403],[-6.7069,61.9375]]],[[[-6.62,62.2297],[-6.6236,62.2267],[-6.6322,62.2275],[-6.6581,62.2344],[-6.6814,62.2425],[-6.6858,62.245],[-6.7117,62.2939],[-6.7208,62.3314],[-6.6322,62.2592],[-6.6256,62.2533],[-6.6203,62.2381],[-6.6192,62.2344],[-6.62,62.2297]]],[[[-6.6575,62.0925],[-6.6575,62.0558],[-6.6697,62.0586],[-6.7528,62.0928],[-6.9219,62.1672],[-6.9481,62.1825],[-6.9642,62.1933],[-7.0111,62.2264],[-7.025,62.2378],[-7.0294,62.2444],[-7.0625,62.2958],[-7.0603,62.3136],[-6.9581,62.3392],[-6.9503,62.3381],[-6.9381,62.3342],[-6.8072,62.2903],[-6.735,62.26],[-6.6011,62.1969],[-6.5978,62.1942],[-6.5881,62.1342],[-6.6497,62.1025],[-6.6542,62.0997],[-6.6569,62.0961],[-6.6575,62.0925]]],[[[-6.4186,62.1839],[-6.5181,62.1689],[-6.5272,62.1739],[-6.5556,62.1969],[-6.5725,62.2117],[-6.5819,62.225],[-6.5881,62.2397],[-6.5509,62.251],[-6.549,62.3009],[-6.5744,62.3499],[-6.5417,62.3575],[-6.5367,62.3425],[-6.5222,62.3181],[-6.4928,62.2914],[-6.4889,62.2883],[-6.43,62.2689],[-6.3978,62.26],[-6.3922,62.258],[-6.3889,62.255],[-6.3886,62.2508],[-6.3897,62.2461],[-6.4072,62.1917],[-6.4086,62.1886],[-6.4122,62.1853],[-6.4186,62.1839]]],[[[-6.5858,62.2564],[-6.595,62.2561],[-6.6083,62.2586],[-6.6131,62.2611],[-6.62,62.2669],[-6.6644,62.3225],[-6.6681,62.3297],[-6.6683,62.3339],[-6.6667,62.3472],[-6.6658,62.3519],[-6.6608,62.3725],[-6.6547,62.3742],[-6.6458,62.3742],[-6.6381,62.3731],[-6.6322,62.3708],[-6.5736,62.3064],[-6.5664,62.2964],[-6.5614,62.2814],[-6.5611,62.2769],[-6.5617,62.2733],[-6.5656,62.2653],[-6.5725,62.2589],[-6.5858,62.2564]]],[[[-6.4061,62.2844],[-6.415,62.2844],[-6.4228,62.2856],[-6.4803,62.2978],[-6.4886,62.3075],[-6.5469,62.3836],[-6.5453,62.3869],[-6.5308,62.3942],[-6.5253,62.3961],[-6.5192,62.3969],[-6.4983,62.3864],[-6.4892,62.3814],[-6.3917,62.2969],[-6.4061,62.2844]]]]}},{"type":"Feature","properties":{"NAME":null,"ABBREVN":null,"wikipedia":null,"SUBJECTO":null,"BORDERPRECISION":1,"PARTOF":null},"geometry":{"type":"MultiPolygon","coordinates":[[[[-4.7778,54.0555],[-4.7839,54.0569],[-4.7875,54.0594],[-4.7886,54.063],[-4.7886,54.0672],[-4.7139,54.2144],[-4.7103,54.2172],[-4.6989,54.2192],[-4.6458,54.2381],[-4.6414,54.24],[-4.625,54.2489],[-4.6181,54.2542],[-4.6019,54.2678],[-4.5958,54.2739],[-4.5881,54.2836],[-4.5781,54.2969],[-4.5547,54.3311],[-4.5533,54.3353],[-4.5528,54.3439],[-4.5414,54.3561],[-4.5275,54.3672],[-4.485,54.3872],[-4.4431,54.398],[-4.3681,54.4167],[-4.3603,54.4161],[-4.3542,54.4108],[-4.3528,54.4092],[-4.3083,54.3006],[-4.3075,54.2969],[-4.3094,54.2933],[-4.3217,54.2767],[-4.3861,54.1955],[-4.3944,54.1864],[-4.4706,54.1375],[-4.4911,54.1267],[-4.5506,54.0978],[-4.6239,54.0686],[-4.6844,54.0769],[-4.6906,54.0783],[-4.7047,54.0797],[-4.7208,54.0761],[-4.7778,54.0555]]]]}},{"type":"Feature","properties":{"NAME":"Finno-Ugric taiga hunter-gatherers","ABBREVN":"Finno-Ugric taiga hunter-gatherers","wikipedia":null,"SUBJECTO":"Finno-Ugric taiga hunter-gatherers","BORDERPRECISION":1,"PARTOF":"Finno-Ugric taiga hunter-gatherers"},"geometry":{"type":"MultiPolygon","coordinates":[[[[24.9695,60.0868],[24.743,60.0382],[24.516,59.9895],[24.4211,59.8698],[24.2814,59.9381],[23.9789,59.8811],[23.9611,59.9325],[23.6647,59.8356],[23.4189,59.8298],[23.2014,59.8185],[22.9821,59.9325],[22.882,60.0556],[23.0052,60.2088],[22.6246,60.2011],[22.3921,60.1212],[22.4215,60.2932],[22.2207,60.2588],[21.931,60.3808],[21.7468,60.4083],[21.5602,60.5125],[21.4432,60.6936],[21.4273,61.0151],[21.4983,61.1833],[21.5208,61.3796],[21.561,61.4849],[21.4052,61.7024],[21.2112,61.8709],[21.3464,62.1671],[21.3376,62.3436],[21.2001,62.4352],[21.0337,62.4773],[21.0618,62.6117],[21.1948,62.7607],[21.4813,62.8888],[21.546,62.9741],[21.4947,63.123],[21.6665,63.1873],[21.9513,63.131],[22.075,63.1028],[22.2924,63.2027],[22.4288,63.395],[22.4758,63.6016],[22.569,63.723],[22.7042,63.5806],[22.8255,63.5809],[23.1306,63.7834],[23.5803,64.0821],[24.094,64.3766],[24.4701,64.6355],[24.9319,64.816],[25.3251,64.8024],[25.3519,64.9391],[25.2934,65.0039],[25.1326,65.0759],[25.1861,65.2427],[25.1956,65.268],[34.7261,65.7803],[34.7256,65.615],[34.6012,65.4839],[34.2934,65.3962],[34.332,65.3455],[34.4257,65.1065],[34.7729,64.6822],[34.8148,64.4598],[34.8846,64.3668],[35.0818,64.2883],[35.6233,64.2536],[36.0155,64.197],[36.24,63.9186],[36.4206,63.8761],[36.9875,63.8415],[37.2465,63.7849],[37.4105,63.7495],[37.5915,63.8069],[37.9449,63.8504],[38.0541,63.9863],[38.0539,64.1293],[37.8799,64.3079],[37.6681,64.3433],[37.4633,64.3],[37.262,64.3139],[36.9967,64.4066],[36.5685,64.7646],[36.8839,65.0677],[37.1019,65.0681],[37.6041,64.8528],[38.2529,64.7031],[39.1934,64.511],[39.6216,64.476],[39.9971,64.5412],[40.3222,64.4629],[40.4398,64.5636],[40.4621,64.7503],[40.366,64.8579],[39.9794,65.1531],[39.8231,65.4356],[39.9513,65.5812],[40.0369,65.6031],[40.6814,65.7936],[41.3542,65.9552],[41.6233,66.0652],[42.1334,66.3879],[42.2108,66.41],[42.4185,66.3811],[43.2414,66.2509],[43.8762,66.011],[44.0294,66.0112],[44.0528,66.0405],[44.1221,66.2672],[44.3836,66.612],[44.362,66.906],[44.2192,67.0898],[43.8381,67.1629],[43.7036,67.2659],[44.2158,67.7183],[44.2611,67.8296],[44.1687,68.097],[43.8222,68.3273],[43.8532,68.4692],[44.012,68.4919],[44.6678,68.3886],[45.5796,68.4425],[45.8634,68.3833],[46.162,68.1082],[46.4394,67.9079],[46.6341,67.7005],[46.1641,67.6774],[45.4626,67.6391],[45.0925,67.5421],[44.8712,67.3124],[44.9571,67.2314],[45.3856,67.0994],[45.7154,66.8496],[46.0768,66.7621],[46.4021,66.7186],[46.9726,66.7785],[47.5712,66.8163],[47.7062,66.8901],[47.8221,67.1113],[47.9529,67.3773],[48.0807,67.5625],[48.6353,67.6524],[49.1856,67.8388],[49.6301,67.9362],[50.4959,68.1535],[51.139,68.2664],[51.8308,68.4094],[52.2449,68.5446],[52.3374,68.3357],[52.4627,68.2987],[52.7197,68.3514],[52.9388,68.4712],[53.0058,68.6806],[53.1794,68.7557],[53.5024,68.8163],[53.8891,68.787],[53.8084,68.6073],[53.7821,68.3384],[53.3959,68.3004],[53.3162,68.2332],[53.3168,68.1364],[53.6257,68.0477],[53.854,68.0853],[54.3797,68.1607],[54.576,68.1611],[54.6485,68.0719],[54.7523,68.0498],[54.8772,68.1095],[54.996,68.2065],[55.1265,68.4006],[55.3354,68.4831],[55.7229,68.5361],[56.1951,68.5669],[56.5403,68.5526],[57.0242,68.4489],[57.3637,68.457],[57.5259,68.4946],[57.9592,68.7048],[58.4093,68.8329],[58.7704,68.856],[59.199,68.7744],[59.3459,68.6999],[59.062,68.4975],[59.1198,68.3931],[59.2177,68.3485],[59.5019,68.2894],[59.7623,68.2974],[59.892,68.402],[59.9254,68.5813],[60.0791,68.619],[60.5121,68.5899],[60.7563,68.6725],[60.9341,68.8151],[60.986,69.0026],[60.3692,69.4677],[60.5517,69.5434],[60.8487,69.71],[61.03,69.7406],[61.3043,69.7335],[62.2813,69.7051],[62.8539,69.6156],[63.4123,69.5487],[63.9232,69.4592],[64.873,69.2277],[65.3554,69.1834],[66.1255,68.9972],[66.5843,68.8855],[67.1717,68.6471],[67.6455,68.4481],[67.8265,68.3721],[68.2154,68.2014],[68.3846,68.1793],[68.4879,68.2242],[69.0026,68.6954],[69.109,68.8303],[68.6918,68.8145],[68.5118,68.8367],[68.2577,68.9411],[68.0935,69.1359],[68.1059,69.4293],[67.7787,69.5569],[66.8844,69.6231],[66.799,69.7437],[66.828,69.8194],[66.9649,69.9558],[67.2772,70.0706],[67.3833,70.1394],[67.4218,70.2234],[67.3982,70.5985],[67.2853,70.7058],[66.7748,70.7356],[66.6702,70.8661],[66.818,71.1054],[66.9796,71.2138],[67.1555,71.2296],[67.8225,71.4167],[68.3162,71.6349],[68.5508,71.822],[68.8121,72.0955],[69.0567,72.6447],[69.3431,72.8343],[69.5116,72.803],[70.2144,72.7335],[70.9403,72.79],[71.6629,72.8307],[71.9758,72.7998],[72.4553,72.8243],[72.714,72.7696],[72.8527,72.6439],[72.8448,72.4946],[72.6546,72.1183],[72.4983,71.9618],[71.8978,71.5872],[71.7976,71.4318],[72.1362,71.2776],[72.555,70.9772],[72.6797,70.8235],[72.7742,70.4552],[72.6959,70.3556],[72.4369,70.187],[72.5515,69.6563],[72.5255,69.0691],[72.6435,68.8069],[72.8462,68.6352],[73.3086,68.5166],[73.3941,68.4421],[73.3936,68.3824],[73.1752,68.1659],[72.9878,67.7941],[72.8377,67.6456],[72.485,67.4378],[71.9305,67.1563],[71.6471,67.0673],[71.3995,66.9491],[71.5441,66.7141],[71.3495,66.6624],[70.8399,66.5514],[70.1207,66.7188],[69.7915,66.7549],[69.3554,66.7394],[69.0848,66.6875],[69.1726,66.5483],[69.4351,66.4242],[69.7673,66.3297],[70.4736,66.236],[70.9834,66.2004],[71.2595,66.2228],[71.7943,66.1581],[72.2088,66.1735],[72.4211,66.3347],[72.5574,66.496],[73.1655,66.6438],[73.6902,66.8651],[73.8108,66.9904],[73.9845,67.2634],[74.3525,67.4044],[74.7417,67.6862],[74.7706,67.8494],[74.6694,68.1017],[74.3951,68.347],[74.505,68.5935],[74.6121,68.6385],[74.9163,68.7064],[75.5372,68.7749],[76.3278,68.7763],[76.6609,68.6722],[77.0398,68.4638],[77.1079,68.1138],[76.9549,67.6533],[77.0907,67.5277],[77.5048,67.4324],[78.089,67.4113],[78.4779,67.4785],[78.5357,67.6118],[78.3046,67.6929],[77.946,67.7737],[77.6889,67.7584],[77.4832,67.8025],[77.5142,67.9733],[77.9775,68.1451],[78.0072,68.2568],[77.9091,68.3237],[77.8342,68.4727],[77.6358,68.8162],[77.406,68.9356],[77.0299,68.9799],[76.538,69.0841],[76.1775,69.1359],[75.598,69.21],[75.1886,69.1266],[74.9017,69.081],[74.318,69.1625],[73.9145,69.1543],[73.9079,69.2745],[73.6541,69.7565],[73.791,70.0522],[74.1222,70.3659],[74.2496,70.5729],[74.1892,70.6726],[73.698,71.1414],[73.2707,71.3726],[73.2169,71.4577],[73.5914,71.7069],[74.1372,71.7545],[74.5866,71.8722],[74.9212,72.0287],[74.9987,72.1304],[75.0746,72.4203],[75.0161,72.7188],[75.1199,72.6875],[75.4076,72.6644],[75.6173,72.6255],[75.6662,72.4135],[75.5825,72.1706],[75.2966,71.8969],[75.2213,71.6477],[75.2843,71.4461],[75.452,71.3225],[75.6706,71.1991],[76.2932,71.1385],[77.0016,71.0626],[77.7362,71.0255],[78.1047,70.8413],[78.2492,70.8339],[78.6085,70.8499],[78.3716,71.2505],[78.1369,71.3739],[77.2849,71.4188],[76.8661,71.449],[76.6072,71.5183],[76.3329,71.7197],[76.4567,71.8679],[77.0749,71.8924],[77.2749,71.8149],[77.7899,71.7769],[78.1264,71.8476],[78.0857,72.1753],[78.2696,72.2147],[78.6473,72.2624],[79.2226,72.2713],[79.7032,72.1783],[80.3387,72.0076],[80.8283,71.767],[81.4253,71.6127],[81.6714,71.5743],[82.4914,71.5681],[82.8184,71.6463],[82.8801,71.4913],[82.5289,71.3202],[82.2153,71.2036],[82.1036,70.8564],[82.0456,70.4189],[82.1957,70.358],[82.5015,70.7111],[82.6755,70.8421],[82.8037,70.8193],[83.0759,70.5818],[83.0363,70.2449],[83.3707,70.3373],[83.677,70.4603],[83.6571,70.5982],[83.5709,70.6517],[83.5047,70.8129],[83.168,71.1822],[83.2526,71.2829],[83.5611,71.6244],[83.2024,71.8259],[82.8546,71.9421],[82.4363,72.0506],[82.3206,72.2223],[82.026,72.2452],[81.5853,72.354],[80.9823,72.447],[80.8442,72.5802],[80.8717,72.84],[80.8289,73.0135],[80.464,73.3136],[80.5005,73.4247],[80.6201,73.4965],[80.8382,73.5526],[81.8775,73.6022],[83.0204,73.6123],[83.9766,73.6698],[84.6161,73.7427],[84.8295,73.5997],[85.0015,73.5762],[85.3812,73.6963],[85.8562,73.8248],[86.4921,73.8738],[86.7569,73.7866],[86.3264,73.6344],[86.1235,73.4511],[86.905,73.5559],[87.1397,73.6041],[87.5696,73.7721],[87.6908,73.9],[87.5406,74.0997],[87.394,74.1795],[86.9776,74.299],[86.8135,74.4353],[86.8126,74.5399],[86.9583,74.7821],[87.4875,74.9609],[87.9223,75.0599],[89.2847,75.4661],[89.6846,75.5082],[89.7963,75.5244],[90.0313,75.5585],[90.8862,75.6015],[91.6347,75.6527],[92.6705,75.7626],[93.5921,75.8808],[94.3096,76.0741],[94.6943,76.1836],[95.4877,76.1683],[95.9673,76.1692],[96.1394,76.0859],[95.9818,75.902],[96.6582,75.8533],[97.1164,75.8708],[97.6837,75.9552],[98.2887,76.0565],[98.7162,76.074],[99.1586,75.9997],[99.4672,75.9669],[99.7794,76.0593],[99.8334,76.21],[99.7736,76.2854],[99.9832,76.437],[100.4074,76.4714],[100.8303,76.4554],[101.3895,76.625],[101.1115,76.8529],[101.1665,77.0058],[101.6905,77.2026],[102.3897,77.3748],[103.3933,77.5578],[103.9466,77.5922],[104.3937,77.5672],[105.0625,77.5685],[105.4495,77.4491],[105.4697,77.3293],[104.7823,77.1488],[104.4851,76.995],[104.7046,76.9275],[105.5281,76.98],[106.2429,76.9135],[107.1603,76.9491],[107.2401,76.8984],[107.0714,76.771],[106.5374,76.5672],[106.404,76.4323],[107.2908,76.4339],[107.666,76.4431],[107.7715,76.4012],[108.2445,76.6464],[108.8595,76.6475],[109.6564,76.6913],[109.9402,76.6327],[110.5477,76.6423],[111.4273,76.5681],[112.0572,76.4514],[112.5885,76.2592],[112.8223,76.0589],[113.1489,76.0595],[113.533,76.0937],[113.723,75.8688],[113.1134,75.4944],[113.2216,75.4368],[113.625,75.2727],[112.5771,74.8862],[112.1113,74.7804],[111.5866,74.731],[110.0547,74.2537],[108.6969,73.8194],[108.3399,73.6912],[107.2655,73.5222],[106.2083,73.2585],[105.2788,72.7515],[105.4031,72.7487],[98.4595,69.7909],[75.8564,61.4268],[62.8058,56.9552],[59.0943,56.4318],[57.3415,56.8284],[53.9245,57.6014],[53.9765,57.7086],[51.7857,57.7086],[48.2158,57.7086],[46.1057,57.7086],[43.3225,58.3689],[42.9535,58.4564],[42.9298,58.5328],[41.2783,59.0157],[39.7588,59.55],[39.7215,59.5783],[39.7442,59.6097],[39.7798,59.6378],[39.7071,59.6338],[39.5817,59.6652],[39.5109,59.7072],[39.4537,59.7114],[39.3484,59.7655],[39.3055,59.7736],[39.267,59.7825],[39.2296,59.7944],[39.192,59.8093],[39.1389,59.8417],[39.0934,59.8693],[39.0535,59.8685],[39.053,59.852],[38.9516,59.9057],[37.5999,61.5071],[36.3302,61.4512],[36.312,61.4595],[36.2473,61.4933],[36.2002,61.5312],[36.1591,61.5715],[36.1087,61.6111],[36.0606,61.6544],[36.0256,61.7036],[35.9854,61.7559],[35.9789,61.7614],[35.9256,61.8064],[35.8707,61.8548],[35.843,61.9019],[35.8184,61.9511],[35.7495,61.9991],[35.6894,62.0402],[35.6744,62.0794],[35.7302,62.1392],[35.7643,62.2052],[35.8004,62.2814],[35.8227,62.3522],[35.8219,62.4118],[35.8029,62.4611],[35.7712,62.4959],[35.7398,62.5202],[35.698,62.5376],[35.6412,62.5556],[35.5846,62.576],[35.5436,62.5994],[35.5194,62.6173],[35.5037,62.6247],[35.495,62.6192],[35.4876,62.6059],[35.4639,62.6042],[35.4157,62.6267],[35.326,62.6662],[35.202,62.7053],[35.083,62.7412],[35.0058,62.773],[34.9581,62.7974],[34.9104,62.8154],[34.8549,62.8256],[34.7879,62.8311],[34.7033,62.8442],[34.6054,62.8728],[34.5325,62.9157],[34.4895,62.9036],[34.4796,62.8738],[34.5355,62.8185],[34.5831,62.7557],[34.6211,62.7124],[34.6582,62.6799],[34.7037,62.6434],[34.7393,62.6213],[34.7761,62.6223],[34.8386,62.5912],[34.868,62.6105],[34.9434,62.6428],[34.967,62.639],[35.0237,62.6133],[35.093,62.5805],[35.1472,62.5592],[35.2014,62.5497],[35.2709,62.5454],[35.3518,62.5227],[35.4331,62.4686],[35.4983,62.4036],[35.5402,62.3542],[35.5586,62.3188],[35.5672,62.2871],[35.5639,62.2602],[35.5535,62.2359],[35.5183,62.2105],[35.455,62.1807],[35.3872,62.1578],[35.3413,62.149],[35.284,62.1616],[35.1884,62.1902],[35.0959,62.2181],[35.0459,62.2288],[35.0518,62.2116],[35.0938,62.1722],[35.1436,62.1272],[35.1678,62.0967],[35.165,62.0807],[35.1496,62.071],[35.1146,62.0536],[35.0749,62.0536],[35.0286,62.0779],[34.9757,62.1176],[34.928,62.1597],[34.8925,62.1871],[34.8708,62.2194],[34.8593,62.2604],[34.852,62.2944],[34.8405,62.3101],[34.8105,62.3323],[34.7585,62.3826],[34.6959,62.4427],[34.6406,62.4891],[34.5953,62.5191],[34.5566,62.5399],[34.532,62.5463],[34.5202,62.5417],[34.527,62.5236],[34.547,62.4978],[34.5922,62.458],[34.6596,62.4063],[34.6956,62.3646],[34.6815,62.3388],[34.6332,62.3483],[34.609,62.3388],[34.6148,62.3043],[34.6581,62.2452],[34.647,62.2126],[34.6324,62.1819],[34.644,62.1361],[34.6532,62.1085],[34.6356,62.095],[34.5914,62.0965],[34.5142,62.1196],[34.417,62.1582],[34.3429,62.1989],[34.3212,62.227],[34.3295,62.2457],[34.3275,62.264],[34.2916,62.2973],[34.2177,62.3523],[34.1369,62.414],[34.0842,62.4635],[34.0539,62.4945],[34.0271,62.5118],[34.0029,62.5161],[33.9787,62.5159],[33.9586,62.51],[33.944,62.5005],[33.9406,62.4816],[33.9473,62.453],[33.9618,62.4251],[33.9775,62.408],[34.0033,62.4008],[34.0424,62.3965],[34.0983,62.3789],[34.1649,62.3392],[34.2226,62.2937],[34.2565,62.2623],[34.2654,62.2382],[34.2621,62.2105],[34.2552,62.1857],[34.2552,62.1686],[34.294,62.1415],[34.381,62.0926],[34.4768,62.0385],[34.5373,61.999],[34.5663,61.9689],[34.5859,61.9378],[34.5938,61.906],[34.5943,61.874],[34.5829,61.846],[34.5624,61.8238],[34.5312,61.8116],[34.4944,61.8076],[34.4453,61.8188],[34.3847,61.843],[34.3356,61.8644],[34.3146,61.8687],[34.3227,61.8545],[34.3445,61.8312],[34.388,61.7961],[34.4482,61.7533],[34.5314,61.7043],[34.63,61.6544],[34.7725,61.6009],[34.8734,61.5702],[32.4415,61.1497],[32.3596,61.1805],[31.8986,61.324],[31.8707,61.3474],[31.7623,61.3837],[31.6979,61.4155],[31.6369,61.4627],[31.6204,61.4611],[31.6165,61.4425],[31.6197,61.427],[31.6036,61.4226],[31.5758,61.4372],[31.5332,61.4974],[31.4861,61.5508],[31.3648,61.6274],[31.3341,61.6274],[31.3278,61.6167],[31.3081,61.605],[31.2859,61.6152],[31.2575,61.6411],[31.2382,61.643],[31.1723,61.6298],[31.1606,61.6187],[31.0984,61.6204],[31.0711,61.6451],[31.0567,61.6892],[31.0259,61.7144],[30.9057,61.7422],[30.8959,61.7544],[30.8882,61.7648],[30.852,61.775],[30.7575,61.7334],[30.5943,61.6058],[30.5934,61.5795],[30.6167,61.5603],[30.6059,61.5413],[30.5508,61.5354],[30.5127,61.5252],[30.4863,61.5149],[30.4807,61.49],[30.4662,61.4872],[30.2852,61.5166],[30.2388,61.5148],[30.2349,61.4926],[30.2516,61.4727],[30.2521,61.4586],[30.2373,61.4463],[30.2169,61.4313],[30.21,61.418],[30.2009,61.389],[30.1793,61.3727],[30.1826,61.3611],[30.196,61.3478],[30.193,61.3272],[30.1739,61.3141],[30.13,61.3126],[30.09,61.2993],[30.0895,61.2706],[30.0941,61.2585],[30.0793,61.2426],[30.0291,61.2545],[29.9494,61.2894],[29.8913,61.295],[29.8551,61.2712],[29.8646,61.251],[29.8602,61.2393],[29.8367,61.2261],[29.825,61.2156],[29.8572,61.188],[30.1249,61.0874],[30.2927,61.0051],[30.4087,60.928],[30.4358,60.9027],[30.4412,60.8736],[30.4559,60.86],[30.5021,60.8432],[30.5229,60.8179],[29.9056,60.7111],[29.9248,60.6842],[30.0518,60.5342],[28.6008,60.186],[28.5694,60.1984],[28.4352,60.3373],[28.5512,60.5326],[28.5215,60.6233],[28.4318,60.6035],[28.0114,60.5107],[27.4736,60.4261],[27.4062,60.3448],[27.1785,60.4424],[26.9456,60.3763],[26.9223,60.3161],[26.6131,60.3478],[26.5259,60.3965],[26.5516,60.5707],[26.4428,60.3333],[26.3227,60.2702],[26.0377,60.2493],[25.8901,60.2358],[25.8455,60.1155],[25.5805,60.2623],[25.4499,60.1384],[25.1458,60.1097],[24.993,60.0296],[24.9695,60.0868]],[[29.6973,62.6093],[29.7757,62.5773],[29.825,62.5181],[29.8854,62.4627],[29.9262,62.4336],[29.835,62.3887],[29.8019,62.3618],[29.7926,62.3348],[29.7685,62.313],[29.6876,62.3159],[29.6406,62.3099],[29.6202,62.2943],[29.599,62.2698],[29.6479,62.2234],[29.7274,62.1993],[29.7907,62.1995],[29.8737,62.1851],[29.9604,62.1638],[29.9815,62.1328],[29.9111,62.1152],[29.7083,62.1511],[29.6876,62.138],[29.6066,62.1448],[29.5178,62.1231],[29.4921,62.0889],[29.4697,62.08],[29.4922,62.0458],[29.5524,62.0028],[29.6148,61.9831],[29.6381,62.0045],[29.6854,62.0037],[29.7565,61.9495],[29.7754,61.9064],[29.777,61.8894],[29.7326,61.8741],[29.7271,61.8479],[29.6943,61.8343],[29.6601,61.8261],[29.6099,61.8021],[29.5311,61.7782],[29.4768,61.7421],[29.4262,61.7344],[29.2899,61.6487],[29.2657,61.6148],[29.1151,61.6002],[29.0984,61.5784],[28.941,61.6258],[28.7302,61.6712],[28.6291,61.6416],[28.6084,61.6174],[28.7604,61.6099],[28.7896,61.5899],[28.7225,61.5807],[28.6799,61.5581],[28.6795,61.5244],[28.6929,61.4839],[28.6455,61.4762],[28.5822,61.473],[28.568,61.4412],[28.4637,61.3993],[28.4062,61.37],[28.3451,61.3494],[28.3596,61.3313],[28.477,61.3321],[28.6408,61.3516],[28.6626,61.3678],[28.7142,61.3518],[28.8204,61.2973],[28.867,61.2473],[28.7879,61.2042],[28.61,61.1616],[28.3588,61.0934],[28.2916,61.08],[27.9875,61.0797],[27.9468,61.0677],[27.9187,61.0803],[27.8919,61.1141],[27.8816,61.1572],[27.9655,61.188],[28.0824,61.1785],[28.1724,61.1529],[28.1974,61.1634],[28.1737,61.1881],[28.0725,61.2332],[27.8619,61.2523],[27.6775,61.2323],[27.6253,61.2139],[27.5193,61.2296],[27.4062,61.2595],[27.4324,61.2701],[27.4354,61.2955],[27.368,61.326],[27.3028,61.3294],[27.2703,61.3243],[27.2646,61.3787],[27.3006,61.4333],[27.2737,61.4681],[27.2978,61.4836],[27.2961,61.557],[27.2763,61.6529],[27.3292,61.6926],[27.3274,61.6318],[27.3392,61.5967],[27.359,61.5306],[27.4592,61.5235],[27.4764,61.5388],[27.4725,61.5499],[27.4709,61.5994],[27.488,61.6182],[27.4987,61.6],[27.515,61.5771],[27.5932,61.5813],[27.6646,61.6068],[27.6781,61.6364],[27.7575,61.6562],[27.773,61.6853],[27.7051,61.7307],[27.6226,61.7642],[27.6048,61.7808],[27.6264,61.801],[27.8163,61.7279],[27.8658,61.6964],[27.9178,61.657],[27.921,61.6269],[27.946,61.6014],[27.9996,61.5493],[28.0538,61.5105],[28.1039,61.5224],[28.1289,61.549],[28.1473,61.5507],[28.1846,61.5439],[28.2344,61.6213],[28.2479,61.7156],[28.2617,61.7445],[28.3056,61.7555],[28.3394,61.7493],[28.3687,61.7508],[28.4421,61.7679],[28.5391,61.8409],[28.6722,61.8256],[28.8067,61.8278],[28.8397,61.8463],[28.8384,61.8635],[28.7371,61.891],[28.697,61.9207],[28.5792,61.9928],[28.4269,62.0524],[28.4028,62.0691],[28.2967,62.0968],[28.1682,62.0961],[28.0862,62.1004],[28.0319,62.1083],[27.9257,62.1333],[27.8992,62.1572],[27.9024,62.2445],[27.8849,62.3061],[27.8766,62.3292],[27.8521,62.354],[27.844,62.3756],[27.7996,62.4294],[27.7554,62.4286],[27.6789,62.412],[27.5969,62.4178],[27.547,62.412],[27.4895,62.4431],[27.4591,62.4794],[27.4194,62.4961],[27.3666,62.4823],[27.2972,62.4768],[27.2358,62.5072],[27.1777,62.5534],[27.1589,62.5773],[27.1911,62.5718],[27.2954,62.518],[27.3395,62.5191],[27.3521,62.5436],[27.3728,62.5624],[27.398,62.5757],[27.6,62.4941],[27.6467,62.4984],[27.6699,62.5128],[27.669,62.5285],[27.608,62.6008],[27.6186,62.7098],[27.6483,62.735],[27.6662,62.7595],[27.6495,62.816],[27.6668,62.8738],[27.6838,62.9116],[27.652,62.9247],[27.6215,62.916],[27.5875,62.8997],[27.5637,62.8773],[27.5599,62.8507],[27.4941,62.8631],[27.4146,62.9016],[27.3912,62.9405],[27.3301,63.0013],[27.1761,63.0836],[27.1948,63.0993],[27.2068,63.1216],[27.1932,63.1694],[27.1966,63.2292],[27.1932,63.2893],[27.2135,63.3091],[27.2465,63.3084],[27.2393,63.332],[27.1902,63.3875],[27.1748,63.4385],[27.1348,63.4961],[27.068,63.5232],[27.0382,63.5166],[27.0203,63.501],[26.9589,63.5243],[26.8994,63.566],[26.8986,63.584],[27.1128,63.5463],[27.183,63.5179],[27.2338,63.4565],[27.2344,63.4271],[27.2105,63.4167],[27.2502,63.3762],[27.297,63.3557],[27.3382,63.346],[27.3628,63.3158],[27.347,63.2794],[27.3373,63.2133],[27.2639,63.1457],[27.3585,63.0679],[27.4396,63.0234],[27.5588,63.0012],[27.6053,63.0146],[27.6766,62.9794],[27.7228,62.9543],[27.7697,62.9456],[27.774,62.9957],[27.736,63.0585],[27.7674,63.0999],[27.8098,63.0923],[27.8484,63.0707],[27.8511,63.0321],[27.8882,63.0189],[28.0056,63.0403],[28.1064,63.0089],[28.2792,63.0314],[28.352,63.0397],[28.3497,63.0258],[28.3084,63.0029],[28.2623,62.9836],[28.1922,62.9635],[28.1545,62.933],[28.1868,62.8574],[28.1439,62.8252],[28.1494,62.8037],[28.1807,62.7718],[28.2113,62.73],[28.2389,62.706],[28.2683,62.6892],[28.2644,62.6628],[28.6531,62.5272],[28.799,62.4558],[28.898,62.3903],[28.8098,62.3817],[28.6593,62.42],[28.5289,62.4741],[28.4965,62.5014],[28.5651,62.4986],[28.5554,62.5226],[28.4817,62.5552],[28.4242,62.5753],[28.3671,62.5871],[28.34,62.5771],[28.2743,62.5652],[28.2114,62.5078],[28.1909,62.4476],[28.1693,62.4337],[28.1026,62.4419],[28.1057,62.476],[28.1384,62.5381],[28.0567,62.6904],[27.9794,62.7321],[27.8493,62.7194],[27.7656,62.6795],[27.7551,62.6524],[27.8015,62.6274],[27.7581,62.5832],[27.8458,62.5236],[27.9154,62.4303],[28.0396,62.4089],[28.042,62.3789],[27.9911,62.3374],[27.9626,62.2979],[27.97,62.2589],[28.0673,62.2437],[28.1439,62.2525],[28.2765,62.2562],[28.2771,62.2761],[28.3237,62.2873],[28.3579,62.2697],[28.4062,62.237],[28.506,62.2199],[28.5658,62.2216],[28.6085,62.2789],[28.6299,62.2943],[28.6703,62.3059],[28.699,62.3285],[28.6676,62.368],[28.6658,62.387],[28.6926,62.3833],[28.765,62.3484],[28.8351,62.2675],[28.8704,62.235],[28.8522,62.2124],[28.8373,62.1854],[28.7863,62.1772],[28.8258,62.1341],[28.9758,62.1424],[29.1394,62.1692],[29.1979,62.1771],[29.3305,62.1658],[29.3453,62.1859],[29.3527,62.2186],[29.319,62.2424],[29.2984,62.2748],[29.2984,62.3127],[29.278,62.3489],[29.2646,62.3936],[29.2967,62.4263],[29.3,62.4758],[29.2613,62.5508],[29.2792,62.5987],[29.3346,62.6003],[29.3518,62.5706],[29.3639,62.5304],[29.4216,62.5226],[29.5089,62.467],[29.6265,62.4185],[29.6503,62.4274],[29.6117,62.4618],[29.5889,62.5003],[29.5929,62.5268],[29.6163,62.5594],[29.6327,62.5972],[29.6973,62.6093]],[[26.6891,62.7872],[26.6707,62.8169],[26.5949,62.8718],[26.5684,62.9],[26.5897,62.9009],[26.6802,62.846],[26.7302,62.8359],[26.7434,62.8656],[26.7133,62.929],[26.7291,62.9571],[26.7615,62.959],[26.765,62.9796],[26.9167,63.0066],[26.9965,63.0308],[27.0335,63.0194],[26.9779,62.9984],[26.9312,62.9408],[26.9477,62.9156],[26.9299,62.9127],[26.8941,62.9168],[26.8887,62.8946],[26.9272,62.8587],[26.9499,62.8517],[26.9863,62.8577],[27.0923,62.8425],[27.0843,62.833],[27.018,62.8319],[27.0184,62.8001],[26.9571,62.7942],[26.8801,62.7959],[26.9158,62.7444],[26.9826,62.6864],[26.9521,62.6524],[26.9987,62.6134],[26.9837,62.6032],[26.8957,62.624],[26.8526,62.6056],[26.8187,62.5638],[26.8253,62.5264],[26.851,62.4974],[26.8863,62.4954],[26.9301,62.4819],[26.909,62.4563],[26.7783,62.4789],[26.7355,62.4944],[26.7242,62.5534],[26.6902,62.5955],[26.6623,62.5828],[26.6652,62.5509],[26.6294,62.4791],[26.5805,62.4121],[26.5001,62.3915],[26.426,62.3659],[26.4316,62.3292],[26.4199,62.3177],[26.3794,62.3459],[26.3843,62.3809],[26.407,62.4183],[26.4654,62.427],[26.5076,62.4245],[26.5103,62.4528],[26.5577,62.49],[26.5265,62.5389],[26.3828,62.5665],[26.2734,62.551],[26.2388,62.522],[26.2381,62.4813],[26.2543,62.4375],[26.2881,62.4066],[26.3123,62.3676],[26.277,62.3399],[26.1727,62.3583],[26.1277,62.329],[26.1282,62.2798],[26.0895,62.295],[26.0496,62.3476],[25.9921,62.3725],[25.956,62.3555],[25.9785,62.3111],[26.0023,62.2769],[25.9742,62.2536],[25.9459,62.2101],[25.9512,62.1446],[25.9227,62.1489],[25.8982,62.1995],[25.8763,62.2056],[25.8265,62.1482],[25.821,62.0721],[25.8783,62.021],[25.8579,62.0014],[25.7897,61.9923],[25.7742,61.9666],[25.7033,61.9642],[25.6408,61.9502],[25.6324,61.9162],[25.6515,61.9032],[25.701,61.8852],[25.682,61.8689],[25.6151,61.8416],[25.5883,61.793],[25.6217,61.7735],[25.6829,61.8018],[25.7215,61.8127],[25.723,61.7785],[25.6804,61.7119],[25.682,61.6379],[25.7057,61.601],[25.63,61.6021],[25.5857,61.5911],[25.5826,61.5406],[25.5732,61.4944],[25.6409,61.4668],[25.6066,61.4421],[25.5432,61.4229],[25.557,61.3925],[25.5473,61.335],[25.5803,61.3078],[25.7593,61.2785],[25.9774,61.255],[26.0125,61.2349],[26.0271,61.2119],[26.0815,61.1955],[26.1182,61.2105],[26.1057,61.2456],[26.1625,61.3104],[26.2751,61.3741],[26.2784,61.3603],[26.2379,61.3167],[26.255,61.2845],[26.2569,61.2473],[26.2337,61.242],[26.2119,61.2634],[26.1726,61.2711],[26.1479,61.2562],[26.1754,61.2181],[26.197,61.1751],[26.1843,61.1478],[26.2411,61.1017],[26.2162,61.0808],[26.1784,61.0592],[26.1753,61.0409],[26.1501,61.003],[26.0951,60.9638],[26.0253,60.9614],[26.0707,61.0039],[26.1018,61.1013],[26.0262,61.1697],[25.9608,61.1902],[25.9125,61.1835],[25.871,61.1684],[25.7875,61.2151],[25.6703,61.2727],[25.6215,61.2628],[25.6453,61.235],[25.6566,61.2059],[25.5826,61.1665],[25.5314,61.1149],[25.5639,61.0795],[25.6032,61.0548],[25.5918,61.0239],[25.5487,61.0266],[25.5182,61.0617],[25.4801,61.0877],[25.454,61.0728],[25.4054,61.0584],[25.3556,61.0756],[25.3975,61.1159],[25.459,61.1562],[25.4995,61.2289],[25.4654,61.2804],[25.4418,61.2725],[25.4308,61.25],[25.406,61.2506],[25.3936,61.2839],[25.3556,61.3146],[25.3025,61.3337],[25.2705,61.3522],[25.2546,61.3662],[25.2629,61.3882],[25.1938,61.4745],[25.1879,61.5318],[25.2326,61.546],[25.2699,61.5683],[25.3385,61.5804],[25.3981,61.5838],[25.4182,61.6259],[25.403,61.67],[25.3576,61.6972],[25.228,61.7594],[25.2093,61.7937],[25.2373,61.7962],[25.3062,61.7772],[25.3887,61.7935],[25.4436,61.8441],[25.393,61.8717],[25.3139,61.8778],[25.3175,61.902],[25.4234,61.9207],[25.5104,61.9307],[25.5062,61.9499],[25.5428,61.9892],[25.6245,62.0053],[25.6715,62.0588],[25.5855,62.1013],[25.4984,62.1112],[25.4721,62.1421],[25.5495,62.1427],[25.6679,62.1356],[25.7129,62.1617],[25.7164,62.1942],[25.7353,62.2192],[25.7607,62.2346],[25.824,62.252],[25.8812,62.2917],[25.9071,62.33],[25.9225,62.3854],[25.8971,62.4408],[25.8646,62.4429],[25.8405,62.433],[25.825,62.4483],[25.8148,62.4913],[25.7632,62.5342],[25.6896,62.5428],[25.6438,62.5891],[25.6322,62.6274],[25.7811,62.6515],[25.7949,62.7047],[25.8271,62.725],[25.8937,62.7196],[25.8877,62.7561],[25.8312,62.783],[25.8184,62.7941],[25.8566,62.825],[25.8658,62.8749],[25.9341,62.9126],[25.8703,62.9868],[25.8323,63.0135],[25.7374,63.0456],[25.6175,63.0707],[25.541,63.0301],[25.5221,62.9661],[25.4954,62.9573],[25.4363,62.9745],[25.3679,63.0068],[25.3839,63.0276],[25.4442,63.052],[25.4485,63.0979],[25.4403,63.1283],[25.5054,63.1454],[25.5888,63.2106],[25.6229,63.2158],[25.6215,63.182],[25.6812,63.1375],[25.792,63.0915],[25.8217,63.1035],[25.8368,63.1298],[25.9034,63.1107],[25.9324,63.0822],[25.9909,63.0426],[26.0836,62.9935],[26.079,62.9814],[26.0152,62.991],[26.0141,62.9719],[26.0771,62.9297],[26.2197,62.8541],[26.3641,62.7676],[26.3707,62.7255],[26.3021,62.7289],[26.2032,62.7808],[26.1032,62.8264],[26.0666,62.8192],[26.0375,62.7964],[26.0129,62.7516],[26.0068,62.7097],[25.9797,62.7062],[26.0204,62.6655],[26.0293,62.632],[25.9129,62.6479],[25.8205,62.6133],[25.8339,62.535],[25.9381,62.4623],[26.0244,62.4768],[26.0562,62.521],[26.0963,62.5188],[26.1029,62.4882],[26.0691,62.4536],[26.0838,62.4208],[26.1601,62.3883],[26.185,62.4604],[26.1781,62.5503],[26.2168,62.5722],[26.3423,62.6078],[26.359,62.6333],[26.451,62.6332],[26.469,62.7038],[26.3871,62.7893],[26.3576,62.8263],[26.3595,62.8536],[26.4466,62.7969],[26.5023,62.75],[26.5629,62.7063],[26.6904,62.6365],[26.7854,62.6087],[26.8132,62.6233],[26.8268,62.6586],[26.8219,62.6973],[26.75,62.7424],[26.6891,62.7872]],[[27.6918,61.0116],[27.7035,61.056],[27.7243,61.0779],[27.7767,61.068],[27.8098,61.0437],[27.8487,60.9842],[27.7439,60.95],[27.5354,60.9382],[27.4289,60.9688],[27.3423,61.0012],[27.3396,61.0214],[27.367,61.0332],[27.4484,60.9939],[27.5793,60.984],[27.6918,61.0116]],[[29.4216,62.8832],[29.4401,62.8936],[29.4723,62.8694],[29.5212,62.8331],[29.5623,62.8336],[29.583,62.8884],[29.5367,62.9761],[29.4937,63.0293],[29.522,63.0514],[29.5948,62.9815],[29.7474,62.8757],[29.8225,62.7947],[29.8119,62.7319],[29.7415,62.6971],[29.6664,62.682],[29.6234,62.7401],[29.5405,62.7737],[29.458,62.8326],[29.4216,62.8832]],[[29.345,62.7454],[29.3896,62.7212],[29.4648,62.7344],[29.5221,62.7059],[29.4541,62.641],[29.3386,62.6583],[29.2186,62.6501],[29.1875,62.6838],[29.2295,62.7053],[29.2193,62.7725],[29.293,62.8047],[29.345,62.7454]],[[33.6566,63.4332],[33.6969,63.4093],[33.8471,63.4385],[33.9328,63.4181],[33.9912,63.2968],[34.066,63.2288],[34.0171,63.2007],[33.8969,63.1886],[33.7033,63.1902],[33.5722,63.2027],[33.4992,63.2163],[33.3068,63.2837],[33.2738,63.3164],[33.2738,63.3414],[33.2829,63.3817],[33.2574,63.4234],[33.3553,63.424],[33.4414,63.4438],[33.5862,63.4874],[33.6371,63.4763],[33.6566,63.4332]],[[30.5869,62.9371],[30.6146,62.9657],[30.6765,62.9734],[30.7035,63.0124],[30.7549,63.0498],[30.8309,63.0267],[30.8468,62.9544],[30.742,62.8641],[30.6895,62.8474],[30.659,62.808],[30.6675,62.7838],[30.659,62.7669],[30.6345,62.7747],[30.502,62.7791],[30.4808,62.7877],[30.5389,62.8198],[30.604,62.8763],[30.5869,62.9371]],[[29.2985,63.2557],[29.2375,63.3234],[29.1231,63.4068],[29.0425,63.4746],[29.0715,63.5083],[29.0773,63.5639],[29.092,63.5734],[29.1867,63.5143],[29.3093,63.4606],[29.3719,63.4401],[29.5273,63.3767],[29.722,63.3154],[29.7843,63.2943],[29.8308,63.2912],[29.9151,63.3151],[29.9937,63.2927],[30.0037,63.2707],[29.9658,63.2646],[29.9588,63.2267],[29.9944,63.1397],[30.1385,62.9735],[30.3298,62.8292],[30.3167,62.809],[30.2286,62.8044],[30.1426,62.7217],[30.0902,62.7292],[30.1553,62.7896],[30.216,62.8685],[30.1368,62.9288],[30.0646,62.9436],[30.0331,62.9594],[29.8542,63.0873],[29.8141,63.1452],[29.5937,63.1575],[29.528,63.1789],[29.393,63.1826],[29.2985,63.2557]],[[31.0526,61.9701],[31.0198,61.9288],[30.9389,61.9214],[30.8853,61.9407],[30.8682,61.974],[30.8685,62.0095],[30.8527,62.0488],[30.8496,62.0829],[30.9256,62.0829],[30.9712,62.065],[31.0526,61.9701]],[[26.7047,61.993],[26.7548,61.9751],[26.8192,61.9482],[26.8729,61.9018],[26.8809,61.8715],[26.8768,61.8548],[26.8943,61.7965],[26.9,61.753],[26.9267,61.73],[26.9826,61.7122],[27.0276,61.704],[27.0428,61.6883],[27.0445,61.6712],[27.0371,61.6624],[26.9982,61.6637],[26.9375,61.6699],[26.8625,61.6955],[26.795,61.7032],[26.7433,61.6942],[26.7702,61.6664],[26.8371,61.6477],[26.8794,61.6261],[26.8843,61.5935],[26.8862,61.5808],[26.8898,61.5689],[26.8696,61.5636],[26.8338,61.5735],[26.8105,61.5707],[26.7962,61.5581],[26.7782,61.576],[26.7581,61.6119],[26.6646,61.681],[26.5538,61.7581],[26.4683,61.7908],[26.4059,61.8092],[26.35,61.8343],[26.2902,61.8541],[26.2764,61.8662],[26.3055,61.9],[26.3512,61.9348],[26.4119,61.976],[26.4415,61.9623],[26.4278,61.9451],[26.3906,61.9053],[26.3761,61.8703],[26.4185,61.8629],[26.4637,61.8747],[26.4907,61.8903],[26.5244,61.8995],[26.5403,61.9152],[26.5273,61.9285],[26.5313,61.9391],[26.5754,61.9375],[26.6027,61.9168],[26.6314,61.8858],[26.6678,61.8678],[26.6839,61.8715],[26.686,61.8814],[26.692,61.888],[26.7133,61.8856],[26.744,61.8708],[26.7742,61.8609],[26.7961,61.8706],[26.8096,61.8873],[26.8094,61.9025],[26.7641,61.9127],[26.6976,61.9307],[26.6441,61.9683],[26.5913,62.0218],[26.5883,62.0373],[26.6399,62.0115],[26.7047,61.993]],[[26.5242,63.3405],[26.6229,63.3207],[26.6975,63.3217],[26.717,63.3143],[26.685,63.3035],[26.6492,63.2932],[26.6915,63.2778],[26.7329,63.2569],[26.7414,63.2268],[26.7138,63.1912],[26.6629,63.1638],[26.6438,63.1382],[26.6297,63.1136],[26.5917,63.089],[26.6028,63.035],[26.6483,62.9823],[26.6498,62.9611],[26.6292,62.9519],[26.5375,62.9814],[26.4615,63.0149],[26.4682,63.0239],[26.4693,63.0393],[26.4621,63.0651],[26.4536,63.0945],[26.4268,63.1234],[26.353,63.1684],[26.2719,63.2162],[26.2349,63.2476],[26.2316,63.2643],[26.2569,63.2604],[26.3043,63.2263],[26.3601,63.1865],[26.4289,63.1639],[26.4906,63.1698],[26.5648,63.1958],[26.586,63.2343],[26.5111,63.2762],[26.449,63.3025],[26.4196,63.3295],[26.4233,63.3543],[26.4594,63.3645],[26.5242,63.3405]],[[26.2784,61.7506],[26.2791,61.7328],[26.2946,61.7161],[26.3287,61.7138],[26.3543,61.7148],[26.4063,61.7168],[26.438,61.7349],[26.466,61.7354],[26.507,61.7182],[26.5435,61.6875],[26.5634,61.6482],[26.5702,61.6231],[26.5672,61.6162],[26.5449,61.6093],[26.4732,61.6116],[26.3463,61.6552],[26.2404,61.7178],[26.1827,61.7297],[26.1213,61.7162],[26.0767,61.704],[26.0725,61.679],[26.0853,61.6573],[26.1033,61.648],[26.123,61.6572],[26.1436,61.669],[26.1668,61.6529],[26.1832,61.6293],[26.1725,61.6004],[26.1581,61.5649],[26.1482,61.5458],[26.1137,61.5417],[26.0592,61.5547],[26.0066,61.5896],[25.9584,61.6187],[25.9,61.647],[25.8914,61.6754],[25.9309,61.6915],[25.9547,61.7166],[25.966,61.7433],[25.9527,61.7668],[25.9355,61.7857],[25.9439,61.796],[26.0323,61.7722],[26.1265,61.7675],[26.1764,61.7981],[26.2194,61.8412],[26.2374,61.841],[26.2461,61.8224],[26.2652,61.7847],[26.2784,61.7506]],[[31.1286,63.613],[31.0677,63.64],[30.999,63.6677],[30.9491,63.6828],[30.9121,63.7081],[30.9191,63.7379],[30.9163,63.7673],[30.8827,63.7897],[30.7488,63.8046],[30.7271,63.8253],[30.7685,63.8336],[30.795,63.879],[30.7971,63.9223],[30.8325,63.9176],[30.8728,63.9028],[30.8816,63.8865],[30.8957,63.8679],[31.0228,63.8358],[31.1668,63.8148],[31.1994,63.7862],[31.191,63.775],[31.1695,63.7712],[31.1404,63.7826],[31.0998,63.7902],[31.0803,63.7801],[31.0877,63.7544],[31.121,63.7334],[31.1379,63.709],[31.1343,63.6978],[31.1139,63.681],[31.122,63.6543],[31.1438,63.6292],[31.1286,63.613]],[[24.497,61.6678],[24.4908,61.679],[24.5241,61.6869],[24.6036,61.7025],[24.6911,61.7214],[24.7021,61.7021],[24.6736,61.6678],[24.6593,61.6561],[24.6352,61.6555],[24.6084,61.6545],[24.5575,61.6396],[24.4934,61.6141],[24.4557,61.5901],[24.5067,61.5525],[24.4693,61.528],[24.3419,61.5202],[24.2646,61.4964],[24.1942,61.4567],[24.1719,61.4231],[24.1686,61.4035],[24.1528,61.376],[24.1284,61.3438],[24.1584,61.3275],[24.2404,61.3149],[24.2793,61.2932],[24.2445,61.2887],[24.1611,61.2805],[24.0805,61.2595],[24.024,61.2468],[24.014,61.2306],[24.0407,61.2072],[24.0918,61.1851],[24.1764,61.1825],[24.2419,61.1951],[24.2955,61.187],[24.3552,61.1619],[24.3721,61.1452],[24.3541,61.1418],[24.3299,61.139],[24.3369,61.1196],[24.3957,61.0706],[24.4393,61.0312],[24.414,61.0358],[24.3521,61.0731],[24.2772,61.0927],[24.0302,61.1539],[23.8748,61.1833],[23.7813,61.2141],[23.773,61.2825],[23.8025,61.2599],[23.8448,61.2282],[23.9188,61.2105],[23.9521,61.224],[23.9808,61.2558],[24.021,61.282],[24.0354,61.3118],[24.0175,61.3691],[24.0433,61.4231],[24.1712,61.4836],[24.2541,61.5295],[24.3056,61.5527],[24.3575,61.5875],[24.3332,61.6066],[24.3095,61.6212],[24.3215,61.6327],[24.3677,61.6288],[24.422,61.6208],[24.454,61.6261],[24.4811,61.6474],[24.497,61.6678]],[[23.8337,61.6365],[23.7718,61.6181],[23.7844,61.6123],[23.798,61.5992],[23.7908,61.5603],[23.7765,61.521],[23.7305,61.4954],[23.6107,61.4603],[23.511,61.419],[23.5067,61.3908],[23.5275,61.3688],[23.5676,61.3481],[23.6465,61.3314],[23.7068,61.3173],[23.7118,61.3038],[23.7175,61.2869],[23.7245,61.2703],[23.7175,61.2616],[23.675,61.2758],[23.5723,61.2961],[23.4853,61.3313],[23.4396,61.3715],[23.3804,61.3819],[23.349,61.3896],[23.3647,61.4031],[23.4155,61.4177],[23.5087,61.4507],[23.6388,61.4907],[23.7086,61.5109],[23.6767,61.5306],[23.6384,61.5561],[23.6268,61.5893],[23.5993,61.6234],[23.5703,61.6414],[23.6029,61.6469],[23.6319,61.6517],[23.6268,61.6652],[23.6028,61.6879],[23.6206,61.7115],[23.667,61.7281],[23.6675,61.7449],[23.6798,61.7769],[23.6924,61.8098],[23.7033,61.8245],[23.7245,61.8357],[23.7082,61.8648],[23.7509,61.8772],[23.8378,61.8698],[23.8613,61.8791],[23.8594,61.8941],[23.8651,61.9111],[23.9515,61.9436],[24.0316,61.9742],[24.0246,61.9867],[24.0159,62.0003],[24.0146,62.0381],[24.0034,62.076],[23.9738,62.0902],[23.8727,62.0949],[23.7381,62.1029],[23.6812,62.1163],[23.6843,62.125],[23.6734,62.1366],[23.6491,62.1656],[23.638,62.1975],[23.6445,62.2155],[23.6752,62.2267],[23.699,62.2274],[23.6912,62.2135],[23.6831,62.1911],[23.7012,62.1636],[23.75,62.1587],[23.8104,62.1553],[23.855,62.1396],[23.885,62.1421],[23.9059,62.1541],[23.9151,62.1879],[23.9282,62.2214],[23.9679,62.2332],[23.9991,62.2319],[23.979,62.2083],[23.9529,62.1776],[23.9543,62.1598],[23.9799,62.1597],[24.0338,62.1541],[24.1218,62.1509],[24.181,62.1571],[24.1455,62.1426],[24.1227,62.1235],[24.1172,62.0922],[24.1263,62.0574],[24.1812,62.0446],[24.2201,62.0451],[24.2574,62.0803],[24.2854,62.117],[24.3008,62.1203],[24.3209,62.1148],[24.3354,62.1027],[24.3189,62.0729],[24.3044,62.0424],[24.3243,62.03],[24.3752,62.029],[24.4976,62.0272],[24.5651,62.0453],[24.5241,62.0809],[24.4586,62.0994],[24.384,62.119],[24.343,62.1456],[24.3626,62.1558],[24.4379,62.1408],[24.5327,62.1063],[24.5947,62.0902],[24.6113,62.1085],[24.5993,62.1457],[24.5824,62.1803],[24.5853,62.1968],[24.6008,62.2011],[24.6151,62.2048],[24.6133,62.2272],[24.6108,62.2511],[24.6299,62.2628],[24.6615,62.2656],[24.6735,62.2293],[24.6815,62.1936],[24.7223,62.198],[24.7284,62.1807],[24.7089,62.1337],[24.6859,62.0953],[24.6305,62.0427],[24.634,61.9859],[24.6839,61.9494],[24.7061,61.9215],[24.6776,61.9292],[24.5991,61.9647],[24.5491,61.9931],[24.4824,62.0013],[24.4168,61.9953],[24.4175,61.9874],[24.3771,61.9898],[24.2939,61.9964],[24.1808,62.0103],[24.0943,62.0202],[24.1193,61.9882],[24.105,61.9511],[24.0528,61.9275],[24.0043,61.9069],[23.962,61.8938],[23.9535,61.8802],[23.8518,61.8349],[23.7584,61.7857],[23.7758,61.7558],[23.7857,61.7288],[23.767,61.7032],[23.7429,61.6725],[23.7395,61.651],[23.8199,61.6459],[23.8337,61.6365]],[[22.9748,61.3952],[23.0534,61.4288],[23.1367,61.4455],[23.2599,61.4604],[23.2926,61.4521],[23.2487,61.4331],[23.2438,61.4242],[23.2406,61.4171],[23.1854,61.4066],[23.0998,61.392],[23.0457,61.3857],[22.9865,61.3693],[22.8466,61.3241],[22.702,61.2625],[22.6586,61.219],[22.6129,61.2017],[22.5791,61.211],[22.6315,61.234],[22.6631,61.2681],[22.7179,61.3004],[22.8406,61.3407],[22.9748,61.3952]],[[37.0153,62.4279],[37.0349,62.3684],[37.0116,62.2955],[37.0255,62.2617],[36.983,62.2112],[36.8983,62.1793],[36.8674,62.1981],[36.8271,62.2229],[36.776,62.2388],[36.768,62.2604],[36.7843,62.2913],[36.8021,62.3639],[36.813,62.4303],[36.8471,62.4589],[36.9087,62.4663],[37.0153,62.4279]],[[34.9896,63.5851],[34.9841,63.5641],[34.9525,63.5402],[35.0128,63.5056],[35.1446,63.4823],[35.2492,63.4917],[35.3736,63.4923],[35.4132,63.4479],[35.3817,63.4341],[35.1928,63.404],[35.1724,63.3805],[35.0994,63.3831],[35.0494,63.3989],[34.9769,63.4291],[34.8716,63.4638],[34.8288,63.4337],[34.8851,63.2939],[34.953,63.1811],[34.9573,63.119],[34.9459,63.0333],[34.9104,62.9508],[34.8631,62.919],[34.861,62.9412],[34.8675,62.9761],[34.864,63.0104],[34.8734,63.0403],[34.8986,63.0547],[34.8907,63.1065],[34.8585,63.1723],[34.8529,63.2252],[34.8354,63.2764],[34.804,63.3256],[34.702,63.3988],[34.5521,63.459],[34.5168,63.4839],[34.5254,63.5024],[34.4533,63.6234],[34.3581,63.6967],[34.3078,63.6919],[34.2664,63.6562],[34.2154,63.613],[34.2144,63.676],[34.2844,63.777],[34.3473,63.8512],[34.4284,63.8482],[34.5626,63.8164],[34.644,63.7892],[34.6158,63.7662],[34.8567,63.7208],[34.8614,63.6882],[34.9896,63.5851]],[[38.7973,61.4524],[38.8941,61.4669],[38.9167,61.4447],[38.8842,61.3812],[38.8576,61.3231],[38.8749,61.289],[38.8949,61.2548],[38.8856,61.2288],[38.8365,61.2066],[38.7613,61.1955],[38.6971,61.1985],[38.6632,61.2165],[38.6475,61.2734],[38.6506,61.3444],[38.6747,61.3896],[38.7082,61.421],[38.7973,61.4524]],[[39.1876,60.4961],[39.1503,60.4425],[39.0957,60.3945],[39.0312,60.3953],[39.0278,60.4108],[39.0415,60.4378],[39.0689,60.4746],[39.0545,60.5229],[39.0083,60.5733],[38.9585,60.5946],[38.909,60.5859],[38.892,60.5849],[38.8898,60.6641],[38.8443,60.7343],[38.8658,60.7773],[38.9377,60.7671],[39.0852,60.7182],[39.1727,60.6797],[39.1851,60.6169],[39.1876,60.4961]]]]}},{"type":"Feature","properties":{"NAME":"Great Moravia","ABBREVN":"Great Moravia","wikipedia":null,"SUBJECTO":"Great Moravia","BORDERPRECISION":1,"PARTOF":"Slavic tribes"},"geometry":{"type":"MultiPolygon","coordinates":[[[[16.4933,48.3934],[15.2547,48.6862],[14.5989,48.8412],[14.6319,48.8334],[13.9505,48.7197],[12.6618,49.5115],[12.3988,50.1729],[13.8432,50.6513],[14.3187,50.8087],[15.0025,50.9083],[16.6856,50.1898],[18.5429,49.6822],[18.9122,50.062],[22.228,50.0431],[22.1399,49.2451],[21.5237,48.5701],[20.8929,47.9843],[20.0368,47.7515],[19.7338,47.6691],[18.6482,46.9329],[17.4158,46.9429],[17.7239,47.7382],[17.4872,47.9168],[17.3718,48.0039],[16.9495,47.9517],[16.4933,48.3934]]]]}},{"type":"Feature","properties":{"NAME":"Bulgars","ABBREVN":"Bulgars","wikipedia":null,"SUBJECTO":"Bulgars","BORDERPRECISION":1,"PARTOF":"Bulgars"},"geometry":{"type":"MultiPolygon","coordinates":[[[[19.6184,41.5755],[19.7693,41.5903],[19.7035,41.9112],[22.1623,42.3861],[22.1406,42.5002],[22.3442,42.6156],[22.3442,42.9718],[22.5164,43.61],[22.3755,43.8363],[22.4557,44.61],[26.118,44.837],[27.4586,45.563],[28.7791,45.419],[29.0897,44.8757],[28.9182,44.7658],[28.6862,44.4881],[28.4457,43.4764],[28.1871,43.4501],[28.0346,43.3919],[27.8362,42.7355],[27.654,42.6837],[27.4947,42.4009],[24.0352,42.1936],[22.5731,41.973],[21.6067,41.7858],[21.0819,40.6051],[19.417,41.3453],[19.4989,41.5236],[19.6194,41.5593],[19.6184,41.5755]]]]}},{"type":"Feature","properties":{"NAME":"Serbia","ABBREVN":"Serbia","wikipedia":null,"SUBJECTO":"Serbia","BORDERPRECISION":1,"PARTOF":"Serbia"},"geometry":{"type":"MultiPolygon","coordinates":[[[[19.7035,41.9112],[19.6832,42.0105],[18.8063,42.7278],[17.6246,43.4717],[22.4557,44.61],[22.3755,43.8363],[22.5164,43.61],[22.3442,42.9718],[22.3442,42.6156],[22.1406,42.5002],[22.1623,42.3861],[19.7035,41.9112]]]]}},{"type":"Feature","properties":{"NAME":"Croatian kingdom","ABBREVN":"Croatian kingdom","wikipedia":null,"SUBJECTO":"Croatian kingdom","BORDERPRECISION":1,"PARTOF":"Croatian kingdom"},"geometry":{"type":"MultiPolygon","coordinates":[[[[17.6637,43.4471],[17.5536,43.5164],[16.9886,43.3255],[16.8844,43.4031],[16.6189,43.4489],[16.3483,43.5508],[15.9883,43.5044],[15.9692,43.6336],[15.6889,43.7789],[15.4056,43.9653],[15.1495,44.2399],[15.1745,44.2461],[15.2928,44.2575],[15.2879,44.3239],[15.1817,44.4386],[15.0008,44.5686],[14.8886,44.7125],[14.8819,44.8592],[14.9114,44.915],[14.9208,44.9669],[14.8425,45.1117],[14.7175,45.1528],[14.585,45.2522],[14.4828,45.3111],[14.3294,45.3544],[14.4688,45.6955],[15.2359,46.1407],[15.946,46.8918],[16.2568,46.6846],[16.57,46.5556],[16.9458,46.2099],[17.6035,46.0362],[19.7331,46.1665],[19.2046,43.5306],[18.3287,43.5703],[17.6637,43.4471]]]]}},{"type":"Feature","properties":{"NAME":"Chelmia","ABBREVN":"Chelmia","wikipedia":null,"SUBJECTO":"Chelmia","BORDERPRECISION":1,"PARTOF":"Chelmia"},"geometry":{"type":"MultiPolygon","coordinates":[[[[19.7693,41.5903],[19.6184,41.5755],[19.607,41.7615],[19.4579,41.7981],[19.3677,41.8464],[19.143,41.9321],[19.1355,41.9995],[18.9099,42.2178],[18.5286,42.3527],[18.0014,42.6945],[17.548,42.9201],[17.3041,43.0762],[17.0751,43.2227],[16.9923,43.3227],[16.9886,43.3255],[17.5536,43.5164],[17.6637,43.4471],[18.8063,42.7278],[19.6832,42.0105],[19.7035,41.9112],[19.7693,41.5903]]]]}},{"type":"Feature","properties":{"NAME":null,"ABBREVN":null,"wikipedia":null,"SUBJECTO":null,"BORDERPRECISION":1,"PARTOF":null},"geometry":{"type":"MultiPolygon","coordinates":[[[[59.446,45.1649],[59.3814,45.0414],[59.261,44.8564],[59.2319,44.8016],[59.0464,44.9547],[59.1333,45.1945],[59.2853,45.2752],[59.4472,45.1876],[59.448,45.1795],[59.446,45.1649]]],[[[59.7769,45.7014],[59.9012,45.6959],[60.0671,45.7138],[60.1145,45.689],[60.0177,45.6587],[59.9131,45.5979],[59.7927,45.5896],[59.7631,45.6324],[59.7769,45.7014]]]]}},{"type":"Feature","properties":{"NAME":"Volga Bulgars","ABBREVN":"Volga Bulgars","wikipedia":null,"SUBJECTO":"Volga Bulgars","BORDERPRECISION":1,"PARTOF":"Volga Bulgars"},"geometry":{"type":"MultiPolygon","coordinates":[[[[52.7282,51.8892],[52.2946,52.4878],[47.8269,54.4189],[47.1638,54.3761],[48.2158,57.7086],[51.7857,57.7086],[53.9765,57.7086],[53.9245,57.6014],[57.3415,56.8284],[57.7478,54.7542],[55.1429,53.2674],[52.7282,51.8892]]]]}},{"type":"Feature","properties":{"NAME":null,"ABBREVN":null,"wikipedia":null,"SUBJECTO":null,"BORDERPRECISION":1,"PARTOF":null},"geometry":{"type":"MultiPolygon","coordinates":[[[[8.0272,61.9742],[9.943,62.4465],[10.1192,60.3169],[8.842,59.1291],[7.4987,58.7085],[7.3886,60.0541],[8.4456,61.0607],[8.0272,61.9742]]]]}},{"type":"Feature","properties":{"NAME":"Carolingian Empire","ABBREVN":"Carol. Empir","wikipedia":null,"SUBJECTO":"Carolingian Empire","BORDERPRECISION":1,"PARTOF":"Carolingian Empire"},"geometry":{"type":"MultiPolygon","coordinates":[[[[8.087,53.3524],[7.1299,52.7775],[6.7996,51.9031],[6.0509,51.8351],[6.0729,50.9974],[6.6014,49.3618],[8.1208,48.8138],[7.8566,47.3428],[8.2089,46.0134],[13.5158,46.1966],[14.6042,45.5546],[14.3545,45.3229],[14.2386,45.0624],[14.1746,45.0104],[14.1885,44.9425],[14.0604,44.8947],[13.9913,44.7831],[13.8951,44.7592],[13.6721,45.0504],[13.6436,45.1791],[13.5269,45.4543],[13.5563,45.4596],[13.7491,45.4943],[13.8,45.5664],[13.6732,45.7145],[13.5646,45.7265],[13.4377,45.6384],[13.3677,45.6945],[13.1562,45.7265],[13.1046,45.5824],[12.8987,45.5584],[12.4482,45.3943],[12.4832,45.4623],[12.2797,45.4023],[12.2514,45.2903],[12.1804,45.2703],[12.1762,45.2143],[12.3125,45.1783],[12.3221,45.0424],[12.409,44.989],[12.5231,44.8828],[12.476,44.7871],[12.3778,44.7315],[12.2736,44.6726],[12.2807,44.5501],[12.3451,44.301],[12.5081,44.1315],[12.6972,43.9348],[13.6009,43.5348],[13.7316,43.3742],[13.7916,43.1233],[13.9151,42.8728],[14.0764,42.6338],[13.9062,41.865],[13.7605,41.2067],[13.4984,41.3019],[13.2714,41.3142],[12.9768,41.3714],[12.6415,41.5311],[12.3948,41.7295],[11.9634,42.0047],[11.9601,42.0074],[11.4974,42.3764],[11.1048,42.5491],[10.7428,42.8505],[10.4877,43.2359],[10.3379,43.5962],[10.2925,43.7054],[10.2614,43.7452],[10.1552,43.8811],[10.1367,43.9048],[9.9093,44.1105],[9.8255,44.1525],[9.6919,44.2196],[9.157,44.3732],[8.8966,44.4372],[8.6717,44.4174],[8.3428,44.2202],[8.1864,44.1264],[8.0896,44.0508],[7.9795,43.9649],[7.6891,43.887],[7.5528,43.8675],[7.4675,43.8108],[7.3971,43.7641],[7.2976,43.6673],[6.9231,43.4477],[6.523,43.1509],[6.3312,43.1119],[6.1878,43.0923],[5.8286,43.0208],[5.6466,43.0333],[5.4345,43.1037],[5.0518,43.3281],[4.9098,43.3664],[4.7506,43.3533],[4.6465,43.3209],[4.4613,43.3412],[4.1076,46.5631],[4.9444,47.5382],[3.5981,51.3186],[3.6813,51.3214],[3.775,51.3877],[3.7435,51.4605],[3.5203,51.5791],[3.8781,51.7917],[4.2644,52.0709],[4.3872,52.2304],[4.641,52.7557],[4.7188,52.8024],[5.0084,52.8562],[5.1733,52.7434],[5.2346,52.6229],[5.1082,52.5315],[5.0061,52.5569],[5.0357,52.3337],[4.9498,52.2779],[5.4732,52.1766],[5.5744,52.283],[5.7569,52.3337],[5.8171,52.5214],[5.6113,52.5315],[5.5557,52.5873],[5.5469,52.6787],[5.6534,52.7498],[5.5764,52.7599],[5.3257,52.7904],[5.358,52.9377],[5.3428,52.9963],[5.3321,53.0114],[5.3895,53.1386],[5.6473,53.2278],[5.9663,53.335],[6.2607,53.3217],[6.7507,53.3899],[6.861,53.2658],[7.0091,53.2454],[7.0433,53.164],[7.1599,53.164],[7.1897,53.2301],[6.9807,53.3167],[7.0373,53.5101],[7.1656,53.5917],[7.3324,53.6044],[7.8364,53.6321],[7.875,53.6337],[7.9685,53.6375],[8.011,53.5657],[8.0987,53.4439],[8.0291,53.3726],[8.087,53.3524]]]]}},{"type":"Feature","properties":{"NAME":"Carolingian Empire","ABBREVN":"Carol. Empir","wikipedia":null,"SUBJECTO":"Carolingian Empire","BORDERPRECISION":1,"PARTOF":"Carolingian Empire"},"geometry":{"type":"MultiPolygon","coordinates":[[[[9.3575,41.9012],[9.3045,41.5753],[9.173,41.3499],[9.0389,41.3695],[9.0133,41.4577],[8.8288,41.492],[8.7269,41.5606],[8.8546,41.6537],[8.8233,41.688],[8.6269,41.7321],[8.7424,41.8816],[8.6928,41.9135],[8.5619,41.8816],[8.5379,41.9478],[8.5896,41.9576],[8.6683,42.0287],[8.6265,42.0973],[8.5107,42.1341],[8.5172,42.2077],[8.6284,42.2617],[8.5004,42.3598],[8.6093,42.4873],[8.879,42.6248],[9.0004,42.6346],[9.0184,42.691],[9.1495,42.7107],[9.2377,42.664],[9.2804,42.7279],[9.2705,42.8825],[9.3032,42.9832],[9.3671,42.9881],[9.4142,42.9095],[9.4322,42.7941],[9.4055,42.5806],[9.4586,42.5561],[9.4867,42.4064],[9.4525,42.0483],[9.3575,41.9012]]],[[[-2.4655,47.4944],[-2.5765,47.3249],[-2.5765,47.3249],[-2.4655,47.4944],[-2.4655,47.4944]]]]}},{"type":"Feature","properties":{"NAME":"East Francia","ABBREVN":"Carol. Empir","wikipedia":null,"SUBJECTO":"East Francia","BORDERPRECISION":1,"PARTOF":"Carolingian Empire"},"geometry":{"type":"MultiPolygon","coordinates":[[[[14.6042,45.5546],[13.5158,46.1966],[8.2089,46.0134],[7.8566,47.3428],[8.1208,48.8138],[6.6014,49.3618],[6.0729,50.9974],[6.0509,51.8351],[6.7996,51.9031],[7.1299,52.7775],[8.087,53.3524],[8.175,53.3217],[8.2419,53.3523],[8.2608,53.4388],[8.189,53.5305],[8.3057,53.5254],[8.5018,53.449],[8.4287,53.612],[8.5162,53.761],[8.5395,53.8007],[8.5856,53.7931],[8.8485,53.7497],[9.125,53.7905],[8.8571,53.867],[8.819,53.969],[8.9463,54.015],[8.8327,54.066],[8.7788,54.1324],[8.8533,54.1682],[8.884,54.2294],[8.9617,54.2759],[9.0562,54.3486],[9.1361,54.2977],[9.1652,54.3195],[9.2161,54.2904],[9.2597,54.305],[9.296,54.2468],[9.4414,54.2468],[9.4487,54.1887],[9.674,54.1887],[9.7394,54.2759],[9.8267,54.2759],[9.8848,54.2541],[10.1417,54.3368],[10.2129,54.3719],[10.3402,54.3623],[10.446,54.292],[10.6486,54.259],[11.0386,54.3133],[11.073,54.2196],[11.0159,54.0967],[10.7167,53.9639],[10.7709,53.9309],[10.8589,53.8772],[10.8837,53.8824],[10.8935,53.8844],[10.9604,53.8984],[11.1514,53.9384],[11.2025,53.8568],[11.4078,53.8593],[11.565,54.0354],[12.0411,54.0967],[12.6525,54.3214],[12.7648,54.2703],[12.9431,54.347],[13.0258,54.2652],[13.0638,54.1937],[13.431,54.0302],[13.6676,54.0842],[13.7378,54.0303],[13.7805,53.7752],[12.9643,51.5179],[13.8432,50.6513],[12.3988,50.1729],[12.6618,49.5115],[13.9505,48.7197],[14.6319,48.8334],[15.2547,48.6862],[16.4933,48.3934],[16.9495,47.9517],[16.2878,47.2589],[15.6041,46.5944],[15.2359,46.1407],[14.6042,45.5546]]]]}},{"type":"Feature","properties":{"NAME":"Chuds","ABBREVN":"Chuds","wikipedia":null,"SUBJECTO":"Chuds","BORDERPRECISION":1,"PARTOF":"Chuds"},"geometry":{"type":"MultiPolygon","coordinates":[[[[27.5237,59.0069],[27.2981,58.9949],[27.1073,58.9542],[26.9741,58.8843],[26.9664,58.8056],[27.1567,58.6479],[27.2366,58.4522],[27.3239,58.4019],[27.3689,58.3581],[25.7498,58.5486],[25.329,56.5452],[22.8043,55.9903],[23.1098,57.1815],[23.1747,57.0485],[23.2154,56.9807],[23.4145,56.8924],[23.7678,56.8659],[24.1584,56.9755],[24.2663,57.0301],[24.3465,57.1597],[24.3229,57.3369],[24.2362,57.7282],[24.3254,57.8375],[24.3456,57.8622],[24.4156,57.9479],[24.4144,58.1059],[24.4968,58.2132],[24.3311,58.3079],[24.0584,58.1115],[23.9081,58.2244],[23.6709,58.2414],[23.6905,58.6655],[23.5119,58.5809],[23.3608,58.7674],[23.432,58.8581],[23.3379,58.9724],[23.457,59.0055],[23.4158,59.119],[23.5702,59.1381],[24.0321,59.1757],[24.0296,59.2354],[24.2819,59.2841],[24.3416,59.3689],[24.5376,59.3234],[24.5709,59.3743],[24.7138,59.3518],[24.7512,59.4485],[25.2483,59.3618],[25.4488,59.494],[25.49,59.42],[25.7211,59.4598],[26.3433,59.4466],[26.8619,59.3717],[26.999,59.3177],[27.2651,59.338],[27.6072,59.3063],[27.6841,59.2468],[27.5865,58.9962],[27.5237,59.0069]]]]}},{"type":"Feature","properties":{"NAME":"Abbasid Caliphate","ABBREVN":"Abbasid Cal.","wikipedia":null,"SUBJECTO":"Abbasid Caliphate","BORDERPRECISION":1,"PARTOF":"Abbasid Caliphate"},"geometry":{"type":"MultiPolygon","coordinates":[[[[52.9902,36.6251],[50.5297,29.5744],[50.3598,29.7429],[50.1324,30.0664],[49.7178,30.0021],[49.511,30.0207],[49.4524,30.0777],[49.3214,30.1029],[49.2351,30.2234],[49.2222,30.4775],[49.0202,30.4326],[48.9457,30.3879],[48.8013,30.0827],[48.7138,30],[48.5536,29.9946],[48.5106,29.9932],[48.2118,29.9481],[48.0283,29.9731],[47.9572,29.9476],[47.9114,29.8903],[47.9359,29.8014],[47.996,29.4903],[47.8449,29.5032],[47.614,29.2722],[47.8036,29.1849],[47.9915,29.2775],[48.1291,29.2682],[48.4435,28.4402],[48.4627,28.3859],[48.5875,28.0939],[48.7517,27.8719],[48.8318,27.5735],[48.855,27.5227],[49.1319,27.536],[49.2435,27.479],[49.1519,27.3725],[49.2392,27.2885],[49.3216,27.1616],[49.4273,27.131],[49.5325,27.0095],[49.9314,26.9341],[50.1218,26.7376],[50.0902,26.6115],[49.984,26.5957],[49.9342,26.4831],[50.0762,26.3118],[49.992,26.0448],[49.9369,25.9558],[50.0114,25.8352],[50.1469,25.5356],[50.2143,25.5881],[50.3819,25.4612],[50.4292,25.184],[50.6189,24.8709],[50.6065,24.6802],[50.7059,24.5597],[50.7783,24.4709],[50.9074,24.4331],[50.9683,24.4362],[50.9649,24.7127],[50.8962,24.9096],[50.8473,25.2652],[50.9311,25.5386],[51.0154,25.5881],[50.989,25.6721],[51.0688,25.9455],[51.217,26.0665],[51.3577,26.029],[51.3888,25.8873],[51.5059,25.8453],[51.5345,25.7558],[51.5867,25.6091],[51.5391,25.4202],[51.5529,25.1015],[51.6062,24.9873],[51.5589,24.8157],[51.412,24.6057],[51.2878,24.4108],[51.2914,24.2814],[51.4542,24.2182],[51.5229,24.1607],[51.6064,24.2026],[51.5859,24.0032],[51.7646,24.0029],[51.9456,23.9455],[52.2546,23.9875],[52.301,24.0819],[52.383,24.1082],[52.4812,24.0557],[52.6716,24.0747],[52.9394,24.0244],[53.0402,24.04],[53.0757,24.0872],[53.6868,23.9875],[54.0165,24.0505],[54.0063,24.1817],[54.1075,24.1029],[54.276,24.1098],[54.3471,24.1545],[54.4874,24.3443],[54.5922,24.3773],[54.7121,24.5999],[54.7708,24.7335],[55.0908,25.02],[55.4572,25.4202],[55.5305,25.373],[55.6335,25.4532],[56.0155,25.7716],[56.1567,25.9665],[56.2973,26.1597],[56.3671,26.2361],[56.405,25.8614],[56.2148,25.5433],[56.1613,25.4733],[56.2816,25.4624],[56.366,25.4547],[56.4063,25.3087],[56.4065,25.08],[56.4053,24.9187],[56.4054,24.8195],[56.6108,24.4769],[56.7942,24.2676],[57.1462,23.9825],[57.3963,23.837],[57.451,23.8052],[57.9042,23.5711],[58.0807,23.5016],[58.2053,23.4955],[58.4647,23.5088],[58.6285,23.4583],[59.0216,23.0208],[59.2543,22.729],[59.4614,22.5389],[59.8257,22.3745],[59.8373,22.2792],[59.5357,21.8021],[59.2588,21.4774],[58.8614,21.1145],[58.7741,20.9412],[58.512,20.4212],[58.4031,20.3575],[58.1504,20.3951],[58.0444,20.433],[57.9313,20.4009],[57.8061,20.172],[57.7776,19.67],[57.7784,19.3142],[57.8386,19.0348],[57.657,18.9709],[57.1862,18.9381],[56.9043,18.8168],[56.7389,18.6894],[56.6086,18.4667],[56.5494,18.2188],[56.4576,18.0916],[56.2576,17.9768],[56.0128,17.9318],[55.8815,17.9315],[55.7081,17.9502],[55.5611,17.9372],[55.3895,17.8097],[55.2904,17.6761],[55.2344,17.4473],[55.2356,17.2884],[55.1948,17.1486],[54.9106,16.9701],[54.7561,16.9507],[54.4069,17.0452],[54.0843,17.0191],[53.6813,16.8975],[53.3357,16.7634],[53.2085,16.7186],[53.0209,16.6538],[52.8943,16.61],[52.6522,16.4887],[52.3566,16.2339],[52.2376,16.1003],[52.1629,15.8714],[52.1352,15.6871],[51.9504,15.5405],[51.599,15.3788],[51.3126,15.2469],[50.2911,14.9588],[49.7129,14.7733],[49.3338,14.6327],[49.1732,14.4989],[48.9604,14.2189],[48.8793,14.1687],[48.7646,14.0977],[48.5367,14.0464],[48.2701,14.0776],[48.0362,14.0454],[47.6623,13.8476],[47.3696,13.6691],[46.9394,13.4902],[46.8777,13.4739],[46.6012,13.4005],[46.0793,13.3994],[45.8259,13.4052],[45.6925,13.3478],[45.5186,13.2076],[45.396,13.0739],[45.1934,12.9337],[44.9636,12.8252],[44.7888,12.8057],[44.6811,12.8246],[44.4405,12.6398],[44.0627,12.6136],[43.8406,12.6639],[43.6049,12.8289],[43.5601,12.8603],[43.4836,12.93],[43.3408,13.1267],[43.3028,13.241],[43.384,13.5652],[43.3476,13.851],[43.2069,14.0795],[43.0533,14.6065],[42.7959,15.4701],[42.7635,15.667],[42.8839,15.9849],[42.828,16.3215],[42.8144,16.4041],[42.7637,16.6455],[42.5353,17.0707],[42.2065,17.5147],[42.0094,17.7367],[41.6286,18.0472],[41.3992,18.4406],[41.033,19.2849],[40.8198,19.6847],[40.6938,19.8687],[40.3363,20.0967],[39.7641,20.4068],[39.5269,20.6922],[39.1667,21.2188],[39.1304,21.6508],[39.1033,22.0002],[39.1022,22.4004],[39.0556,22.5719],[38.9151,22.8702],[38.4901,23.6127],[38.3294,23.8347],[37.9884,24.1136],[37.7818,24.2148],[37.5572,24.2715],[37.4188,24.3983],[37.2015,24.6583],[37.2685,24.9698],[37.2183,25.1666],[37.0053,25.5347],[36.6693,26.0168],[36.3298,26.4028],[36.3122,26.4227],[35.8311,27.0952],[35.5948,27.514],[35.4365,27.7297],[35.1116,28.0721],[34.8756,28.097],[34.7639,28.0967],[34.7989,28.2302],[34.8856,28.3575],[35.0257,28.9486],[35.0721,29.2114],[35.0955,29.3427],[35.0734,29.4189],[34.9847,29.4672],[34.9543,29.4368],[34.9355,29.4181],[34.7643,29.2467],[34.5489,28.7316],[34.3988,28.096],[34.322,27.829],[34.2412,27.7589],[34.058,27.7903],[33.856,28.025],[33.5041,28.3292],[33.3307,28.5512],[33.1785,28.9956],[32.9438,29.1984],[32.8136,29.4777],[32.7373,29.6935],[32.648,29.8522],[32.4384,29.7755],[32.3185,29.5402],[32.5906,28.9372],[32.6493,28.7658],[32.9347,28.3788],[33.3542,27.9095],[33.5669,27.37],[33.8041,26.9321],[33.9288,26.5638],[34.1042,26.3545],[34.5148,25.5739],[34.9974,24.7172],[35.1899,24.3999],[32.5142,23.7331],[30.8189,23.6594],[29.3447,24.028],[27.3516,24.1348],[25.0457,28.0159],[21.6791,28.0819],[19.3165,28.4199],[19.1245,30.1989],[19.3188,30.2554],[19.3228,30.2565],[19.6639,30.4415],[19.9815,30.7217],[20.1168,30.9571],[20.1167,31.0715],[19.9921,31.3508],[19.9416,31.6112],[19.9615,31.7955],[20.0684,32.0371],[20.3657,32.2982],[20.5155,32.3875],[20.7651,32.496],[21.0545,32.6301],[21.6734,32.8156],[22.216,32.7913],[22.5431,32.7221],[22.9228,32.5577],[23.0073,32.4816],[23.0267,32.2529],[23.1533,32.1388],[23.2886,32.1327],[23.714,32.0764],[23.7424,32.0641],[24.0344,31.9373],[24.2369,31.925],[24.8159,31.9072],[24.9515,31.8185],[24.9822,31.647],[25.1066,31.5138],[25.2582,31.4379],[25.5072,31.4448],[25.7895,31.4898],[26.1433,31.4906],[26.824,31.3586],[27.0881,31.3067],[27.4388,31.2518],[27.7633,31.1826],[27.9194,30.9987],[28.0998,30.9991],[28.5172,30.9618],[28.9664,30.7848],[29.2488,30.7537],[29.3594,30.8111],[29.6831,31.0532],[30.0991,31.2319],[30.4761,31.3153],[30.8271,31.4367],[30.996,31.4689],[31.1514,31.4437],[31.3923,31.4443],[31.7174,31.3878],[31.8081,31.1783],[32.0765,31.0137],[32.3094,31.084],[32.5972,30.9639],[32.7687,30.9516],[33.0214,31.1321],[33.1296,31.0517],[33.2546,31.0265],[33.5576,30.9677],[33.7096,30.9957],[33.917,31.0701],[34.1463,31.2086],[34.1953,31.2381],[34.5007,31.6211],[34.5991,31.8179],[34.6813,32.046],[34.7585,32.3007],[34.8429,32.6707],[34.895,32.6628],[34.9566,32.7048],[34.9591,32.7967],[34.972,32.9384],[35.089,33.0693],[35.1323,33.2315],[35.2084,33.3336],[35.3561,33.6398],[35.3486,33.7445],[35.4299,33.7445],[35.4919,33.8308],[35.5244,33.9748],[35.5321,34.1187],[35.7162,34.3124],[35.821,34.3438],[35.8731,34.4223],[35.8519,34.4929],[35.7508,34.7468],[35.8089,35.0138],[35.8414,35.0426],[35.7964,35.2707],[35.6073,35.4175],[35.664,35.4595],[35.6804,35.5277],[35.7332,35.5854],[35.6914,35.685],[35.7395,35.6903],[35.8559,35.8345],[35.8291,35.8848],[35.7185,36.0916],[35.6649,36.1335],[35.7086,36.2122],[35.8141,36.2985],[35.8172,36.301],[36.0953,36.4825],[36.1045,36.5612],[36.0824,36.6215],[35.9568,36.7475],[35.8909,36.7711],[35.6717,36.6058],[35.5676,36.5874],[35.5062,36.5586],[35.5476,36.5402],[35.4946,36.4431],[35.4171,36.4326],[35.3887,36.4536],[35.3542,36.4142],[35.2205,36.388],[35.0714,36.4877],[34.8699,36.5769],[34.6624,36.6478],[37.3493,38.8341],[40.629,39.8836],[41.2778,41.28],[41.2931,41.2858],[41.484,41.4365],[41.5211,41.4658],[41.6661,41.7292],[41.6805,41.7933],[43.3617,41.3205],[44.0493,41.1272],[45.7611,40.6457],[46.8294,40.3453],[48.2379,39.9492],[48.9594,40.146],[48.6315,41.1955],[49.0869,41.4528],[49.1159,41.4317],[49.2435,41.2934],[49.2861,41.0594],[49.3499,40.953],[49.4775,40.836],[49.6052,40.7615],[49.6052,40.6871],[49.8073,40.5807],[50.0201,40.602],[50.1902,40.5701],[50.3179,40.4956],[50.4243,40.4105],[50.4668,40.3254],[50.4668,40.2616],[50.3073,40.3254],[50.1264,40.3467],[50.0307,40.3467],[49.9137,40.3254],[49.8499,40.2722],[49.669,40.2403],[49.5733,40.1765],[49.552,40.0914],[49.5414,39.8786],[49.4882,39.7616],[49.4456,39.6553],[49.4031,39.4851],[49.4988,39.3787],[49.4882,39.2936],[49.3818,39.3255],[49.3393,39.283],[49.3074,39.134],[49.2754,39.017],[49.2223,39.0383],[49.1797,39.1447],[49.1159,39.1872],[49.0414,39.1447],[49.0201,39.0064],[49.0521,38.9319],[48.9989,38.8787],[48.9457,38.8362],[48.9882,38.7192],[48.825,38.3096],[48.8315,38.3063],[48.8092,37.9886],[48.7448,37.727],[48.8372,37.511],[49.0595,37.3976],[49.4758,37.2916],[49.848,37.2682],[50.0387,37.2247],[50.1113,37.0978],[50.2522,36.8948],[50.561,36.6864],[51.417,36.4557],[51.7955,36.4323],[51.9931,36.4589],[52.6022,36.5769],[52.9902,36.6251]]]]}},{"type":"Feature","properties":{"NAME":"Khazars","ABBREVN":"Khazars","wikipedia":null,"SUBJECTO":"Khazars","BORDERPRECISION":1,"PARTOF":"Khazars"},"geometry":{"type":"MultiPolygon","coordinates":[[[[53.1852,46.4246],[53.1223,46.4966],[53.1672,46.5865],[53.2841,46.6764],[53.2302,46.7303],[53.1852,46.8652],[53.0234,46.9192],[52.9572,46.9265],[52.8615,46.9372],[52.5558,46.9821],[52.4659,46.9102],[52.3759,46.8742],[52.1422,46.8382],[51.9353,46.8922],[51.7915,47.0091],[51.6746,47.0361],[51.3689,47.09],[51.1171,47.063],[50.8204,46.9192],[50.6315,46.9102],[50.2718,46.6854],[49.9481,46.5595],[49.7233,46.5325],[49.5345,46.5415],[49.4086,46.4336],[49.3132,46.3527],[49.2378,46.2628],[49.0579,46.1369],[48.8871,46.0829],[48.8331,46.0829],[48.8331,46.02],[48.8331,45.9211],[48.7702,45.8851],[48.6353,45.975],[48.4825,45.8851],[48.3026,45.7682],[48.0149,45.7143],[47.871,45.6783],[47.7541,45.7143],[47.6732,45.7502],[47.6282,45.7322],[47.6013,45.6603],[47.6552,45.5434],[47.5563,45.4535],[47.4754,45.3186],[47.3945,45.1748],[47.2506,44.9859],[47.1697,44.86],[47.0258,44.7881],[46.8729,44.6802],[46.81,44.5363],[46.8459,44.4464],[46.9988,44.3565],[47.1427,44.3385],[47.2236,44.2036],[47.3315,44.1856],[47.4394,44.0328],[47.5653,43.844],[47.5383,43.6731],[47.4934,43.5832],[47.5203,43.5113],[47.5653,43.6012],[47.6103,43.754],[47.6642,43.8529],[47.7361,43.8619],[47.6732,43.6641],[47.5743,43.5023],[47.6013,43.3224],[47.6552,43.2775],[47.5833,43.1875],[47.5653,43.0077],[47.7361,42.8998],[47.7901,42.8548],[47.844,42.6211],[47.9699,42.5941],[48.1318,42.4053],[48.2217,42.2794],[48.4195,42.0905],[48.5004,41.9287],[48.6623,41.9017],[48.6832,41.8359],[48.8925,41.687],[48.9989,41.5168],[49.0869,41.4528],[48.6315,41.1955],[48.9594,40.146],[48.2379,39.9492],[46.8294,40.3453],[45.7611,40.6457],[44.0493,41.1272],[43.3617,41.3205],[41.6805,41.7933],[41.6518,42.1206],[41.5027,42.6085],[41.4097,42.7882],[41.1226,43.0191],[40.9693,43.0767],[40.5571,43.1466],[40.2516,43.2682],[40.0981,43.3776],[39.4587,43.8329],[38.9237,44.2119],[38.5561,44.3851],[38.277,44.4232],[38.1092,44.4938],[37.8804,44.7189],[37.7741,44.7445],[37.6217,44.6733],[37.4739,44.6924],[37.3179,44.9242],[36.9599,45.2274],[37.2277,45.312],[37.461,45.3125],[37.6613,45.3452],[37.7061,45.5784],[37.8679,45.7925],[37.9899,46.0067],[38.2272,46.0201],[38.459,46.0789],[38.2649,46.3186],[37.9702,46.4413],[37.7571,46.6032],[37.8666,46.6554],[38.0319,46.6687],[38.4011,46.7214],[38.7227,46.8779],[39.2824,47.074],[39.1941,47.243],[39.1599,47.2689],[38.8002,47.2292],[38.2097,47.1505],[37.8593,47.1037],[37.4221,47.0769],[37.1926,46.8944],[36.9367,46.828],[36.354,46.7758],[35.8506,46.6644],[35.6243,46.5211],[35.4161,46.4947],[35.2124,46.6371],[35.0464,46.3577],[34.9068,46.273],[34.6923,46.2531],[34.4957,46.2787],[34.0642,46.2649],[33.8391,46.1931],[34.1273,46.0639],[35.0081,45.6119],[35.0319,45.5343],[34.99,45.45],[35.0634,45.3401],[35.3167,45.3212],[35.5462,45.3799],[35.8498,45.4452],[36.3232,45.4397],[36.521,45.3883],[36.4151,45.2716],[36.3671,45.1615],[36.2648,45.0966],[36.0047,45.0443],[35.8655,45.0311],[35.5996,45.1017],[35.3867,45.0819],[35.0673,44.8617],[34.6142,44.8415],[34.3722,44.7572],[34.135,44.5375],[34.0137,44.4921],[33.6602,44.5237],[33.3955,44.6005],[33.5594,44.9361],[33.5167,45.1235],[33.3979,45.2527],[33.0135,45.3814],[32.9263,45.3877],[32.6434,45.3806],[32.5753,45.3611],[32.5032,45.4451],[32.9023,45.6726],[33.1916,45.7898],[33.5395,45.8747],[33.6388,45.9268],[33.5279,46.1341],[33.3325,46.1661],[32.9729,46.1459],[32.5164,46.1256],[32.2022,46.1704],[32.1141,46.2156],[31.9259,46.4099],[32.1888,46.5922],[32.1502,46.6365],[32.2589,47.362],[30.8387,47.0762],[28.5244,47.9818],[31.075,49.0178],[32.4706,49.2714],[32.6205,49.1986],[32.7181,49.1401],[32.7695,49.1159],[32.8634,49.0873],[32.9809,49.0826],[33.0435,49.0631],[33.0661,49.0214],[33.0763,49.0043],[33.1625,48.9936],[33.1671,49.0193],[33.1939,49.0939],[33.1943,49.1187],[36.2942,48.5812],[35.2194,50.7012],[35.217,50.7231],[34.9746,52.8589],[35.2878,55.3612],[36.8288,56.742],[43.143,57.1144],[43.3225,58.3689],[46.1057,57.7086],[48.2158,57.7086],[50.4607,55.7028],[51.5978,54.7298],[53.1772,53.7329],[54.188,53.2443],[55.1429,53.2674],[56.0911,52.8923],[58.3077,51.896],[59.0997,47.853],[58.8847,47.2434],[53.1896,46.1321],[53.2032,46.1908],[53.2572,46.3167],[53.1852,46.4246]],[[35.0856,47.8243],[35.1057,47.8416],[35.1303,47.84],[35.2424,47.6473],[35.3018,47.4918],[35.2694,47.4505],[35.2132,47.4499],[35.049,47.4282],[34.9605,47.4065],[34.8077,47.4631],[34.5924,47.5201],[34.4194,47.487],[34.1898,47.42],[34.1768,47.3893],[34.1834,47.3457],[34.1729,47.3246],[34.0972,47.3161],[33.9041,47.1587],[33.7182,46.9406],[33.6997,46.8987],[33.6873,46.8606],[33.5594,46.8222],[33.5398,46.8312],[33.5759,46.8826],[33.6298,47.034],[33.6554,47.0503],[33.6668,47.042],[33.7047,47.0608],[33.7613,47.119],[33.7771,47.1625],[33.8348,47.2123],[33.9335,47.2824],[33.9628,47.3312],[33.9646,47.3589],[33.9473,47.4514],[33.9361,47.5415],[33.984,47.5557],[34.067,47.5583],[34.1479,47.5423],[34.2107,47.5362],[34.2403,47.5749],[34.2662,47.5899],[34.3158,47.5668],[34.3803,47.5575],[34.4363,47.5689],[34.4866,47.593],[34.7307,47.5775],[34.9971,47.5876],[35.0878,47.6755],[35.0856,47.8243]]]]}},{"type":"Feature","properties":{"NAME":"Karluks","ABBREVN":"Karluks","wikipedia":null,"SUBJECTO":"Karluks","BORDERPRECISION":1,"PARTOF":"Karluks"},"geometry":{"type":"MultiPolygon","coordinates":[[[[75.2502,39.683],[73.1915,39.965],[71.6953,40.8857],[70.8897,41.0008],[69.969,40.5405],[68.5879,40.6555],[67.2068,41.6914],[64.9481,43.7536],[70.6474,43.5662],[73.6081,45.5164],[73.6147,45.5133],[73.6627,45.4356],[73.8397,45.2639],[73.8768,45.2393],[73.9807,45.2042],[73.9993,45.1887],[74.0077,45.1465],[73.9934,45.1124],[74.0156,45.0565],[74.0096,45.0338],[74.0172,45.0129],[74.0561,44.9944],[74.1,44.9889],[74.1195,44.9997],[74.0942,45.0401],[74.101,45.0586],[74.1356,45.0702],[74.1434,45.1029],[74.1557,45.2706],[74.151,45.3173],[74.1283,45.3369],[74.0865,45.3435],[74.0828,45.3521],[74.0894,45.5091],[74.1006,45.5369],[74.2308,45.6153],[74.2895,45.6506],[74.3127,45.6709],[74.3109,45.6955],[74.2453,45.7395],[74.2429,45.7517],[74.2508,45.761],[74.2893,45.7647],[74.3033,45.7898],[74.2531,45.9417],[74.2582,45.9767],[74.278,46.0041],[74.3699,46.0201],[74.5499,46.0059],[74.5992,46.0222],[74.7714,46.1078],[74.7938,46.1303],[74.8152,46.2156],[74.8566,46.2939],[74.8881,46.3766],[74.9112,46.4046],[75.0125,46.4171],[75.0667,46.451],[75.0932,46.4609],[75.1211,46.4464],[75.1519,46.4375],[75.2122,46.4266],[75.2408,46.4477],[75.2559,46.4742],[75.2777,46.5149],[75.304,46.5194],[75.3301,46.5127],[75.3501,46.4699],[75.4057,46.4708],[75.448,46.4983],[75.4321,46.5419],[75.404,46.6097],[75.4172,46.6411],[75.4633,46.6706],[75.5092,46.678],[75.5528,46.6726],[75.5598,46.653],[75.5624,46.646],[75.548,46.6345],[75.5082,46.6362],[75.4902,46.631],[75.4916,46.5965],[75.5148,46.5667],[75.5578,46.5303],[75.6113,46.5072],[75.7146,46.5165],[75.867,46.5356],[75.9094,46.5357],[76.0333,46.5117],[76.1763,46.532],[76.2385,46.5549],[76.464,46.5419],[76.7418,46.532],[76.8526,46.4923],[77.0036,46.4637],[77.1039,46.4542],[77.1651,46.489],[77.282,46.4729],[77.3553,46.5022],[77.4293,46.4997],[77.5626,46.4354],[77.6521,46.4154],[77.7258,46.4071],[77.7812,46.4229],[77.8175,46.4394],[77.8654,46.4287],[78.0176,46.3426],[78.0752,46.3283],[78.1275,46.3187],[78.1606,46.3187],[78.2334,46.3369],[78.3173,46.3499],[78.3674,46.3385],[78.4087,46.2988],[78.4451,46.2972],[78.4621,46.3128],[78.4352,46.3518],[78.4384,46.3769],[78.4654,46.3924],[78.5443,46.4014],[78.6253,46.3798],[78.7113,46.3964],[78.7874,46.3848],[78.8898,46.3699],[78.9711,46.406],[79.0228,46.4475],[79.068,46.5258],[79.0949,46.5816],[79.1574,46.6028],[79.2173,46.6097],[79.2355,46.6335],[79.2451,46.6452],[79.2448,46.6721],[80.7939,46.6825],[80.7188,46.436],[91.3339,45.9203],[90.9597,43.5492],[90,43.763],[87.5778,43.763],[85.6213,43.4177],[82.0535,41.4612],[79.9819,40.7706],[77.9102,40.4254],[75.3782,40.1952],[75.2502,39.683]]]]}},{"type":"Feature","properties":{"NAME":"Samanid Empire","ABBREVN":"Samanid Empire","wikipedia":null,"SUBJECTO":"Samanid Empire","BORDERPRECISION":1,"PARTOF":"Samanid Empire"},"geometry":{"type":"MultiPolygon","coordinates":[[[[75.2502,39.683],[75.1481,39.2745],[75.1481,37.7783],[75.9537,37.433],[76.5291,36.9726],[76.5291,35.1312],[76.7597,33.1839],[72.8486,33.3457],[72.2708,32.369],[72.0406,30.1823],[71.6992,29.6187],[71.0207,28.4984],[57.2291,37.5223],[61.107,38.699],[61.4523,39.2745],[61.2764,39.6966],[60.8768,40.6555],[59.7259,41.8065],[58.6901,42.7272],[58.6901,43.2293],[58.6901,43.752],[58.7799,43.7471],[58.8273,43.844],[58.9102,43.8525],[59.0188,43.8611],[59.0079,43.9795],[59.1264,44.0022],[59.2478,43.854],[59.5054,43.9141],[59.7157,43.6693],[59.7403,43.6652],[60.0769,43.6086],[60.9436,44.4411],[61.1094,44.7167],[61.7274,44.9338],[61.8616,45.0483],[61.68,45.1068],[61.2511,45.1753],[61.4523,45.2592],[63.5239,45.029],[64.5597,44.1083],[64.9481,43.7536],[67.2068,41.6914],[68.5879,40.6555],[69.969,40.5405],[70.8897,41.0008],[71.6953,40.8857],[73.1915,39.965],[75.2502,39.683]]]]}},{"type":"Feature","properties":{"NAME":"Saffarids","ABBREVN":"Saffarids","wikipedia":null,"SUBJECTO":"Saffarids","BORDERPRECISION":1,"PARTOF":"Saffarids"},"geometry":{"type":"MultiPolygon","coordinates":[[[[50.5297,29.5744],[52.9902,36.6251],[53.139,36.6435],[53.7997,36.679],[53.9845,36.7819],[54.0674,36.9415],[54.8676,36.8057],[57.2291,37.5223],[71.0207,28.4984],[70.2074,27.1557],[69.7399,26.3838],[68.8645,24.4809],[68.0722,23.6752],[68.047,23.7641],[67.6923,23.8142],[67.486,23.9281],[67.3159,24.0929],[67.2042,24.5882],[67.1536,24.6516],[66.9995,24.7148],[66.7017,24.7523],[66.6542,24.7839],[66.6481,24.9046],[66.7005,25.1144],[66.6205,25.3175],[66.4323,25.4886],[66.3001,25.4947],[65.7688,25.3093],[65.2157,25.2701],[64.8512,25.2058],[64.425,25.1731],[64.2383,25.2108],[64.1201,25.3122],[64.0592,25.401],[63.6503,25.3366],[63.4035,25.1646],[63.0181,25.1574],[62.4496,25.1626],[62.1383,25.1048],[61.8133,25.0533],[61.57,25.0396],[61.344,25.0269],[60.8583,25.0957],[60.7522,25.1844],[60.4796,25.2982],[60.2982,25.3232],[59.6546,25.3219],[59.3021,25.3402],[59.0315,25.3079],[58.818,25.4789],[58.7444,25.536],[58.3687,25.5479],[58.1096,25.5473],[57.9005,25.5409],[57.8051,25.6483],[57.4649,25.7048],[57.328,25.7871],[57.2548,25.7933],[57.2451,26.0185],[57.1124,26.0762],[57.0663,26.3075],[56.935,26.4645],[56.9291,26.7519],[56.7904,26.9739],[56.6836,26.9684],[56.6678,27.0499],[56.4309,27.1066],[56.0678,27.1122],[55.8997,27.1048],[55.8053,27.0051],[55.6576,26.9969],[55.4249,26.9631],[55.3401,26.7994],[55.0981,26.7374],[54.9255,26.538],[54.7599,26.4106],[54.6461,26.3913],[54.0649,26.7014],[53.6339,26.7479],[53.3807,26.9096],[52.8908,27.0523],[52.7799,27.1878],[52.6338,27.3146],[52.4104,27.581],[51.9616,27.7769],[51.6989,27.8145],[51.6113,27.827],[51.3501,28.0361],[51.0823,28.512],[50.7968,29.0133],[50.7025,29.1338],[50.7047,29.4006],[50.5297,29.5744]]]]}},{"type":"Feature","properties":{"NAME":null,"ABBREVN":null,"wikipedia":null,"SUBJECTO":null,"BORDERPRECISION":1,"PARTOF":null},"geometry":{"type":"MultiPolygon","coordinates":[[[[-14.822,66.048],[-14.783,66.06],[-14.752,66.065],[-14.731,66.066],[-14.715,66.064],[-14.688,66.056],[-14.677,66.052],[-14.663,66.044],[-14.619,65.994],[-14.611,65.974],[-14.606,65.958],[-14.605,65.949],[-14.622,65.911],[-14.626,65.908],[-14.653,65.883],[-14.727,65.849],[-14.757,65.839],[-14.776,65.837],[-14.797,65.832],[-14.801,65.829],[-14.819,65.814],[-14.855,65.771],[-14.866,65.756],[-14.848,65.731],[-14.833,65.724],[-14.818,65.721],[-14.797,65.726],[-14.746,65.737],[-14.677,65.751],[-14.669,65.752],[-14.637,65.757],[-14.418,65.787],[-14.382,65.791],[-14.349,65.791],[-14.34,65.786],[-14.337,65.783],[-14.332,65.776],[-14.313,65.67],[-14.409,65.614],[-14.508,65.554],[-14.531,65.541],[-14.539,65.535],[-14.543,65.532],[-14.548,65.525],[-14.562,65.504],[-14.564,65.495],[-14.556,65.497],[-14.552,65.5],[-14.527,65.526],[-14.333,65.641],[-14.306,65.652],[-14.293,65.656],[-14.284,65.656],[-14.192,65.631],[-14,65.599],[-13.988,65.6],[-13.969,65.606],[-13.964,65.608],[-13.94,65.612],[-13.913,65.612],[-13.87,65.612],[-13.864,65.611],[-13.681,65.548],[-13.611,65.51],[-13.608,65.502],[-13.609,65.489],[-13.61,65.485],[-13.637,65.425],[-13.673,65.377],[-13.678,65.37],[-13.732,65.32],[-13.739,65.314],[-13.661,65.301],[-13.595,65.279],[-13.584,65.274],[-13.568,65.267],[-13.567,65.262],[-13.57,65.259],[-13.575,65.257],[-13.614,65.232],[-13.628,65.224],[-13.639,65.219],[-13.66,65.214],[-13.701,65.209],[-13.748,65.205],[-13.758,65.205],[-13.788,65.204],[-13.863,65.204],[-14.026,65.194],[-14.035,65.193],[-14.018,65.186],[-14.008,65.186],[-13.979,65.187],[-13.948,65.192],[-13.921,65.195],[-13.872,65.197],[-13.851,65.197],[-13.651,65.194],[-13.622,65.192],[-13.617,65.19],[-13.618,65.186],[-13.637,65.158],[-13.592,65.123],[-13.518,65.112],[-13.499,65.069],[-13.585,65.007],[-13.594,65.001],[-13.604,64.997],[-13.616,64.992],[-13.637,64.987],[-13.659,64.983],[-13.679,64.982],[-13.767,64.992],[-13.776,64.993],[-13.78,64.994],[-13.783,64.996],[-13.785,64.998],[-13.786,65],[-13.818,65.013],[-13.823,65.02],[-13.853,65.034],[-13.873,65.04],[-13.887,65.043],[-13.988,65.064],[-14.007,65.018],[-13.871,64.973],[-13.763,64.945],[-13.744,64.942],[-13.708,64.933],[-13.704,64.93],[-13.7,64.922],[-13.701,64.918],[-13.706,64.916],[-13.713,64.914],[-13.761,64.912],[-13.814,64.911],[-13.941,64.921],[-14.051,64.934],[-14.052,64.931],[-14.042,64.921],[-14.025,64.914],[-14.012,64.91],[-14.005,64.909],[-13.961,64.905],[-13.933,64.903],[-13.902,64.903],[-13.871,64.903],[-13.862,64.902],[-13.847,64.9],[-13.803,64.882],[-13.791,64.878],[-13.775,64.871],[-13.771,64.868],[-13.768,64.865],[-13.765,64.861],[-13.766,64.857],[-13.773,64.851],[-13.82,64.825],[-13.871,64.799],[-13.909,64.797],[-14.012,64.796],[-14.041,64.786],[-14.045,64.782],[-14.046,64.778],[-14.039,64.772],[-14.019,64.757],[-14.015,64.755],[-14.007,64.754],[-14.002,64.751],[-13.99,64.742],[-13.989,64.739],[-13.994,64.736],[-14.018,64.724],[-14.065,64.712],[-14.08,64.709],[-14.234,64.69],[-14.243,64.689],[-14.25,64.689],[-14.32,64.711],[-14.327,64.714],[-14.329,64.716],[-14.33,64.718],[-14.332,64.725],[-14.368,64.749],[-14.423,64.784],[-14.433,64.788],[-14.444,64.792],[-14.474,64.798],[-14.493,64.799],[-14.511,64.797],[-14.513,64.796],[-14.454,64.776],[-14.388,64.722],[-14.366,64.674],[-14.368,64.66],[-14.427,64.609],[-14.429,64.607],[-14.441,64.606],[-14.465,64.605],[-14.507,64.593],[-14.556,64.593],[-14.575,64.592],[-14.584,64.587],[-14.585,64.583],[-14.58,64.576],[-14.571,64.566],[-14.529,64.551],[-14.523,64.549],[-14.507,64.547],[-14.497,64.547],[-14.48,64.54],[-14.467,64.544],[-14.46,64.547],[-14.462,64.539],[-14.473,64.506],[-14.539,64.406],[-14.543,64.403],[-14.568,64.4],[-14.596,64.398],[-14.71,64.408],[-14.872,64.34],[-14.891,64.302],[-14.878,64.281],[-14.883,64.278],[-14.925,64.264],[-14.961,64.254],[-14.975,64.26],[-15.081,64.292],[-15.094,64.295],[-15.102,64.296],[-15.22,64.299],[-15.291,64.332],[-15.383,64.372],[-15.39,64.368],[-15.379,64.355],[-15.372,64.344],[-15.366,64.332],[-15.369,64.309],[-15.384,64.277],[-15.389,64.275],[-15.437,64.256],[-15.447,64.252],[-15.499,64.242],[-15.506,64.241],[-15.636,64.226],[-15.679,64.22],[-15.708,64.214],[-15.804,64.182],[-16.016,64.133],[-16.026,64.129],[-16.029,64.126],[-16.041,64.101],[-16.178,64.038],[-16.201,64.03],[-16.213,64.026],[-16.234,64.021],[-16.257,64.017],[-16.264,64.018],[-16.339,63.986],[-16.434,63.918],[-16.443,63.913],[-16.453,63.908],[-16.489,63.896],[-16.614,63.862],[-16.805,63.826],[-16.885,63.865],[-16.948,63.907],[-16.961,63.915],[-16.967,63.917],[-16.973,63.916],[-17.01,63.86],[-17.011,63.816],[-17.023,63.794],[-17.118,63.791],[-17.137,63.792],[-17.201,63.794],[-17.244,63.799],[-17.251,63.797],[-17.306,63.784],[-17.321,63.781],[-17.723,63.713],[-17.837,63.733],[-17.852,63.733],[-17.862,63.733],[-17.87,63.732],[-17.874,63.729],[-17.973,63.669],[-17.965,63.622],[-17.944,63.608],[-17.924,63.604],[-17.87,63.602],[-17.861,63.602],[-17.864,63.597],[-17.874,63.584],[-17.914,63.543],[-17.928,63.531],[-17.933,63.528],[-17.951,63.522],[-18.113,63.481],[-18.148,63.473],[-18.164,63.471],[-18.302,63.454],[-18.566,63.417],[-18.71,63.391],[-18.729,63.39],[-18.775,63.391],[-19.086,63.413],[-19.276,63.433],[-19.394,63.461],[-19.599,63.504],[-19.627,63.51],[-19.727,63.527],[-19.781,63.536],[-19.842,63.544],[-19.868,63.546],[-20.049,63.537],[-20.071,63.536],[-20.088,63.534],[-20.11,63.533],[-20.137,63.534],[-20.171,63.536],[-20.197,63.542],[-20.221,63.55],[-20.501,63.667],[-20.519,63.687],[-20.524,63.691],[-20.531,63.696],[-20.541,63.707],[-20.542,63.722],[-20.541,63.725],[-20.543,63.746],[-20.539,63.748],[-20.487,63.767],[-20.477,63.768],[-20.458,63.768],[-20.441,63.767],[-20.412,63.762],[-20.393,63.757],[-20.37,63.744],[-20.337,63.731],[-20.321,63.729],[-20.311,63.73],[-20.312,63.732],[-20.352,63.756],[-20.362,63.762],[-20.38,63.767],[-20.443,63.783],[-20.513,63.767],[-20.556,63.753],[-20.561,63.751],[-20.565,63.748],[-20.584,63.74],[-20.584,63.738],[-20.582,63.727],[-20.582,63.72],[-20.585,63.719],[-20.651,63.729],[-20.728,63.759],[-20.731,63.76],[-20.729,63.762],[-20.711,63.762],[-20.692,63.76],[-20.685,63.762],[-20.655,63.756],[-20.608,63.761],[-20.602,63.765],[-20.674,63.847],[-20.683,63.847],[-20.686,63.845],[-20.692,63.838],[-20.752,63.807],[-20.755,63.805],[-20.799,63.793],[-20.807,63.795],[-20.846,63.791],[-20.873,63.802],[-20.902,63.812],[-20.948,63.823],[-21.014,63.833],[-21.062,63.839],[-21.075,63.842],[-21.117,63.855],[-21.163,63.871],[-21.175,63.875],[-21.18,63.878],[-21.184,63.881],[-21.186,63.885],[-21.194,63.923],[-21.193,63.927],[-21.189,63.929],[-21.181,63.931],[-21.155,63.934],[-21.146,63.935],[-21.134,63.931],[-21.128,63.929],[-21.119,63.929],[-21.111,63.929],[-21.059,63.936],[-21.051,63.937],[-21.046,63.94],[-21.046,63.944],[-21.054,63.945],[-21.17,63.954],[-21.187,63.955],[-21.195,63.955],[-21.203,63.953],[-21.258,63.943],[-21.264,63.942],[-21.3,63.918],[-21.319,63.887],[-21.369,63.867],[-21.431,63.849],[-21.619,63.824],[-21.639,63.823],[-21.655,63.825],[-21.683,63.836],[-21.704,63.844],[-21.854,63.853],[-21.93,63.841],[-21.947,63.84],[-22.047,63.835],[-22.142,63.835],[-22.249,63.85],[-22.326,63.861],[-22.42,63.847],[-22.67,63.806],[-22.676,63.804],[-22.683,63.804],[-22.689,63.806],[-22.719,63.826],[-22.74,63.983],[-22.726,64.064],[-22.716,64.073],[-22.703,64.081],[-22.698,64.083],[-22.688,64.084],[-22.674,64.082],[-22.661,64.078],[-22.644,64.072],[-22.634,64.067],[-22.59,64.044],[-22.566,64.026],[-22.555,64.011],[-22.545,63.995],[-22.545,63.992],[-22.523,63.978],[-22.455,63.975],[-22.404,63.974],[-22.396,63.975],[-22.389,63.977],[-22.382,63.983],[-22.391,63.988],[-22.392,63.992],[-22.39,63.995],[-22.373,64.01],[-22.368,64.012],[-22.257,64.029],[-22.248,64.029],[-22.241,64.028],[-22.215,64.021],[-22.203,64.017],[-22.194,64.017],[-22.186,64.018],[-22.046,64.047],[-21.969,64.068],[-21.915,64.107],[-21.916,64.11],[-21.939,64.123],[-21.974,64.146],[-21.973,64.157],[-21.871,64.157],[-21.822,64.154],[-21.751,64.163],[-21.699,64.179],[-21.705,64.187],[-21.808,64.232],[-21.823,64.234],[-21.841,64.235],[-21.872,64.234],[-21.88,64.232],[-21.836,64.284],[-21.759,64.34],[-21.749,64.345],[-21.653,64.367],[-21.624,64.374],[-21.591,64.381],[-21.583,64.382],[-21.578,64.38],[-21.572,64.368],[-21.567,64.365],[-21.549,64.364],[-21.489,64.362],[-21.435,64.368],[-21.363,64.385],[-21.367,64.388],[-21.374,64.389],[-21.478,64.396],[-21.628,64.402],[-21.646,64.403],[-21.678,64.401],[-21.733,64.387],[-21.739,64.385],[-21.75,64.38],[-21.788,64.36],[-21.791,64.357],[-21.793,64.349],[-21.795,64.346],[-21.81,64.339],[-21.939,64.304],[-21.977,64.297],[-21.986,64.296],[-22.023,64.296],[-22.093,64.309],[-22.099,64.311],[-22.103,64.314],[-22.025,64.419],[-22.024,64.443],[-21.979,64.501],[-21.783,64.577],[-21.709,64.606],[-21.702,64.608],[-21.691,64.609],[-21.659,64.609],[-21.652,64.608],[-21.648,64.605],[-21.644,64.588],[-21.609,64.589],[-21.584,64.571],[-21.497,64.566],[-21.568,64.577],[-21.579,64.607],[-21.606,64.61],[-21.648,64.614],[-21.656,64.614],[-21.665,64.614],[-21.675,64.614],[-21.68,64.618],[-21.61,64.644],[-21.6,64.644],[-21.559,64.641],[-21.52,64.641],[-21.511,64.642],[-21.508,64.646],[-21.514,64.647],[-21.614,64.65],[-21.701,64.628],[-21.953,64.552],[-22.029,64.521],[-22.088,64.469],[-22.162,64.454],[-22.171,64.454],[-22.178,64.456],[-22.205,64.47],[-22.348,64.555],[-22.352,64.557],[-22.355,64.561],[-22.41,64.651],[-22.327,64.689],[-22.314,64.694],[-22.3,64.704],[-22.323,64.756],[-22.327,64.759],[-22.407,64.812],[-22.536,64.804],[-22.678,64.8],[-22.691,64.804],[-22.868,64.801],[-22.878,64.801],[-22.951,64.796],[-23.043,64.795],[-23.052,64.795],[-23.141,64.798],[-23.166,64.801],[-23.201,64.808],[-23.253,64.821],[-23.267,64.824],[-23.283,64.826],[-23.291,64.826],[-23.392,64.823],[-23.527,64.811],[-23.631,64.772],[-23.632,64.76],[-23.633,64.752],[-23.645,64.744],[-23.664,64.738],[-23.832,64.726],[-23.84,64.726],[-23.848,64.727],[-23.902,64.74],[-23.908,64.741],[-23.918,64.747],[-23.945,64.765],[-24.019,64.826],[-24.048,64.854],[-24.051,64.857],[-24.06,64.891],[-23.944,64.917],[-23.872,64.925],[-23.834,64.927],[-23.816,64.922],[-23.777,64.912],[-23.751,64.905],[-23.717,64.897],[-23.696,64.893],[-23.67,64.891],[-23.649,64.892],[-23.634,64.896],[-23.55,64.917],[-23.545,64.919],[-23.537,64.929],[-23.523,64.941],[-23.504,64.947],[-23.363,64.966],[-23.354,64.966],[-23.239,64.991],[-23.236,64.994],[-23.22,65.005],[-23.205,65.012],[-23.19,65.016],[-22.98,65.011],[-22.972,65.011],[-22.962,65.006],[-22.958,65.002],[-22.616,65.021],[-22.614,65.024],[-22.596,65.031],[-22.565,65.042],[-22.529,65.051],[-22.521,65.051],[-22.355,65.059],[-22.323,65.056],[-22.277,65.049],[-22.231,65.043],[-22.229,65.039],[-22.226,65.035],[-22.219,65.034],[-22.173,65.028],[-22.147,65.027],[-21.949,65.026],[-21.836,65.03],[-21.8,65.06],[-21.729,65.157],[-21.727,65.161],[-21.729,65.174],[-21.733,65.191],[-21.734,65.196],[-21.737,65.199],[-21.742,65.202],[-21.759,65.204],[-21.787,65.204],[-21.808,65.203],[-21.823,65.2],[-21.831,65.194],[-21.837,65.188],[-21.837,65.184],[-21.836,65.174],[-21.879,65.156],[-21.913,65.142],[-21.994,65.116],[-22.037,65.109],[-22.071,65.105],[-22.078,65.105],[-22.28,65.127],[-22.541,65.157],[-22.548,65.159],[-22.557,65.164],[-22.561,65.167],[-22.561,65.171],[-22.505,65.229],[-22.399,65.274],[-22.354,65.289],[-22.311,65.3],[-22.277,65.305],[-22.233,65.31],[-22.218,65.312],[-22.16,65.327],[-22.056,65.362],[-22.024,65.376],[-21.982,65.394],[-21.919,65.414],[-21.912,65.415],[-21.858,65.421],[-21.818,65.423],[-21.787,65.424],[-21.763,65.429],[-21.705,65.447],[-21.699,65.449],[-21.805,65.434],[-21.815,65.434],[-21.871,65.446],[-21.939,65.463],[-21.941,65.466],[-21.993,65.501],[-22.038,65.499],[-22.115,65.483],[-22.118,65.481],[-22.181,65.439],[-22.195,65.432],[-22.213,65.426],[-22.223,65.424],[-22.23,65.425],[-22.288,65.441],[-22.334,65.478],[-22.335,65.481],[-22.336,65.486],[-22.334,65.488],[-22.332,65.49],[-22.324,65.494],[-22.316,65.497],[-22.311,65.497],[-22.292,65.498],[-22.268,65.5],[-22.23,65.52],[-22.206,65.524],[-22.159,65.542],[-22.15,65.551],[-22.111,65.592],[-22.109,65.595],[-22.119,65.595],[-22.126,65.593],[-22.159,65.579],[-22.167,65.574],[-22.175,65.564],[-22.189,65.552],[-22.203,65.544],[-22.232,65.533],[-22.259,65.526],[-22.318,65.519],[-22.474,65.505],[-22.495,65.504],[-22.5,65.509],[-22.502,65.511],[-22.574,65.531],[-22.678,65.527],[-22.72,65.501],[-22.726,65.499],[-22.741,65.5],[-22.783,65.504],[-22.854,65.555],[-22.913,65.565],[-23.017,65.539],[-23.055,65.539],[-23.086,65.541],[-23.15,65.548],[-23.2,65.498],[-23.211,65.489],[-23.222,65.485],[-23.229,65.483],[-23.249,65.482],[-23.295,65.483],[-23.375,65.491],[-23.623,65.464],[-23.655,65.457],[-23.662,65.451],[-23.713,65.422],[-23.723,65.417],[-23.741,65.415],[-23.879,65.402],[-23.907,65.403],[-23.963,65.41],[-23.976,65.413],[-23.981,65.416],[-23.994,65.438],[-23.998,65.45],[-24.016,65.47],[-24.183,65.496],[-24.266,65.499],[-24.408,65.489],[-24.454,65.483],[-24.463,65.483],[-24.509,65.489],[-24.538,65.495],[-24.542,65.498],[-24.537,65.504],[-24.466,65.531],[-24.401,65.551],[-24.376,65.559],[-24.37,65.565],[-24.368,65.569],[-24.367,65.584],[-24.368,65.589],[-24.371,65.592],[-24.376,65.595],[-24.377,65.599],[-24.375,65.603],[-24.367,65.609],[-24.326,65.636],[-24.318,65.637],[-24.309,65.637],[-24.157,65.608],[-24.15,65.607],[-24.144,65.605],[-24.136,65.598],[-24.126,65.593],[-24.121,65.591],[-24.051,65.565],[-24.038,65.561],[-23.892,65.518],[-23.876,65.516],[-23.846,65.519],[-23.811,65.528],[-23.806,65.531],[-23.806,65.532],[-23.913,65.553],[-24.013,65.595],[-24.059,65.623],[-24.068,65.629],[-24.071,65.632],[-24.081,65.643],[-24.084,65.647],[-24.075,65.649],[-24.065,65.649],[-23.961,65.642],[-23.948,65.639],[-23.911,65.627],[-23.811,65.608],[-23.803,65.608],[-23.804,65.61],[-23.814,65.616],[-23.829,65.624],[-23.869,65.639],[-23.917,65.656],[-23.929,65.66],[-23.939,65.66],[-23.955,65.662],[-23.994,65.667],[-24.001,65.669],[-24.014,65.672],[-24.039,65.68],[-24.059,65.69],[-24.073,65.699],[-24.111,65.732],[-24.121,65.742],[-24.124,65.751],[-24.133,65.783],[-24.132,65.787],[-24.126,65.792],[-24.114,65.801],[-24.106,65.807],[-24.101,65.807],[-24.023,65.796],[-23.947,65.774],[-23.824,65.739],[-23.73,65.72],[-23.683,65.714],[-23.634,65.703],[-23.62,65.7],[-23.608,65.696],[-23.574,65.674],[-23.572,65.672],[-23.567,65.664],[-23.554,65.65],[-23.553,65.642],[-23.527,65.628],[-23.412,65.651],[-23.344,65.666],[-23.366,65.67],[-23.386,65.668],[-23.453,65.672],[-23.514,65.696],[-23.516,65.698],[-23.539,65.716],[-23.537,65.719],[-23.495,65.724],[-23.481,65.727],[-23.461,65.731],[-23.45,65.73],[-23.442,65.728],[-23.437,65.728],[-23.366,65.732],[-23.254,65.738],[-23.233,65.739],[-23.226,65.742],[-23.192,65.776],[-23.206,65.779],[-23.214,65.779],[-23.234,65.772],[-23.255,65.767],[-23.308,65.759],[-23.401,65.755],[-23.532,65.751],[-23.549,65.751],[-23.582,65.754],[-23.728,65.774],[-23.744,65.776],[-23.756,65.78],[-23.772,65.787],[-23.837,65.827],[-23.848,65.837],[-23.873,65.867],[-23.874,65.871],[-23.872,65.878],[-23.871,65.882],[-23.868,65.889],[-23.866,65.892],[-23.845,65.91],[-23.836,65.915],[-23.83,65.917],[-23.811,65.92],[-23.793,65.919],[-23.675,65.901],[-23.638,65.894],[-23.446,65.865],[-23.255,65.837],[-23.23,65.835],[-23.221,65.836],[-23.213,65.837],[-23.213,65.84],[-23.219,65.842],[-23.303,65.855],[-23.379,65.867],[-23.439,65.877],[-23.564,65.901],[-23.586,65.905],[-23.604,65.911],[-23.746,65.967],[-23.801,65.996],[-23.806,65.999],[-23.816,66.009],[-23.819,66.013],[-23.819,66.017],[-23.818,66.029],[-23.815,66.037],[-23.801,66.057],[-23.789,66.065],[-23.783,66.067],[-23.767,66.071],[-23.733,66.068],[-23.636,66.05],[-23.622,66.048],[-23.617,66.047],[-23.53,66.03],[-23.414,65.999],[-23.409,65.996],[-23.399,65.991],[-23.393,65.989],[-23.378,65.986],[-23.371,65.987],[-23.416,66.026],[-23.426,66.032],[-23.51,66.057],[-23.52,66.058],[-23.533,66.058],[-23.537,66.059],[-23.593,66.079],[-23.603,66.084],[-23.613,66.091],[-23.666,66.111],[-23.667,66.115],[-23.579,66.161],[-23.541,66.178],[-23.535,66.18],[-23.474,66.199],[-23.464,66.2],[-23.446,66.199],[-23.353,66.191],[-23.273,66.175],[-23.16,66.145],[-23.031,66.105],[-23.026,66.103],[-22.989,66.085],[-22.985,66.082],[-22.981,66.079],[-22.979,66.075],[-22.978,66.07],[-22.979,66.034],[-22.81,65.994],[-22.761,66.054],[-22.757,66.057],[-22.749,66.058],[-22.678,66.045],[-22.616,66.012],[-22.605,66.002],[-22.591,65.983],[-22.577,65.963],[-22.587,65.93],[-22.596,65.914],[-22.599,65.91],[-22.613,65.899],[-22.621,65.889],[-22.645,65.856],[-22.656,65.839],[-22.656,65.831],[-22.653,65.827],[-22.646,65.826],[-22.642,65.828],[-22.634,65.834],[-22.567,65.912],[-22.532,65.958],[-22.5,65.966],[-22.423,65.924],[-22.42,65.921],[-22.419,65.916],[-22.421,65.909],[-22.432,65.876],[-22.434,65.872],[-22.441,65.866],[-22.449,65.861],[-22.46,65.852],[-22.463,65.849],[-22.467,65.838],[-22.468,65.834],[-22.464,65.832],[-22.454,65.832],[-22.445,65.834],[-22.436,65.839],[-22.425,65.847],[-22.402,65.877],[-22.395,65.887],[-22.386,65.904],[-22.388,65.927],[-22.398,65.956],[-22.409,65.986],[-22.413,65.99],[-22.5,66.077],[-22.595,66.107],[-22.609,66.111],[-22.662,66.121],[-22.716,66.129],[-22.751,66.131],[-22.768,66.133],[-22.827,66.144],[-22.834,66.146],[-22.842,66.147],[-22.912,66.174],[-22.944,66.194],[-22.953,66.2],[-22.963,66.21],[-22.972,66.221],[-22.966,66.229],[-22.922,66.24],[-22.856,66.256],[-22.833,66.261],[-22.801,66.261],[-22.743,66.261],[-22.735,66.259],[-22.658,66.242],[-22.59,66.231],[-22.548,66.23],[-22.459,66.256],[-22.434,66.268],[-22.445,66.267],[-22.493,66.265],[-22.522,66.266],[-22.547,66.269],[-22.671,66.287],[-22.708,66.294],[-22.833,66.324],[-22.938,66.299],[-22.945,66.298],[-22.975,66.299],[-23.027,66.302],[-23.051,66.306],[-23.073,66.31],[-23.134,66.326],[-23.146,66.33],[-23.175,66.341],[-23.181,66.343],[-23.189,66.35],[-23.19,66.353],[-23.19,66.356],[-23.132,66.359],[-23.058,66.392],[-23.078,66.437],[-22.946,66.465],[-22.938,66.466],[-22.887,66.466],[-22.861,66.464],[-22.738,66.439],[-22.612,66.442],[-22.422,66.433],[-22.258,66.34],[-22.203,66.272],[-22.086,66.268],[-21.979,66.273],[-21.97,66.273],[-21.766,66.186],[-21.755,66.179],[-21.73,66.16],[-21.644,66.067],[-21.637,66.055],[-21.637,66.051],[-21.638,66.047],[-21.651,66.019],[-21.619,66.061],[-21.511,66.061],[-21.399,66.027],[-21.393,65.983],[-21.517,65.971],[-21.534,65.968],[-21.594,65.958],[-21.6,65.956],[-21.603,65.953],[-21.601,65.944],[-21.594,65.942],[-21.585,65.942],[-21.576,65.943],[-21.552,65.947],[-21.541,65.952],[-21.533,65.954],[-21.473,65.959],[-21.464,65.96],[-21.41,65.962],[-21.393,65.96],[-21.379,65.957],[-21.302,65.934],[-21.297,65.931],[-21.289,65.925],[-21.285,65.922],[-21.283,65.918],[-21.278,65.891],[-21.278,65.856],[-21.336,65.737],[-21.338,65.733],[-21.343,65.731],[-21.399,65.704],[-21.438,65.688],[-21.472,65.687],[-21.477,65.686],[-21.589,65.688],[-21.594,65.691],[-21.64,65.724],[-21.663,65.742],[-21.665,65.746],[-21.665,65.75],[-21.664,65.754],[-21.665,65.757],[-21.67,65.761],[-21.682,65.765],[-21.724,65.773],[-21.771,65.767],[-21.778,65.766],[-21.776,65.763],[-21.653,65.654],[-21.648,65.651],[-21.624,65.643],[-21.603,65.639],[-21.587,65.637],[-21.535,65.637],[-21.504,65.638],[-21.493,65.64],[-21.483,65.639],[-21.421,65.635],[-21.406,65.632],[-21.4,65.63],[-21.309,65.597],[-21.299,65.582],[-21.296,65.574],[-21.296,65.569],[-21.296,65.553],[-21.303,65.531],[-21.283,65.479],[-21.278,65.477],[-21.205,65.436],[-21.201,65.433],[-21.199,65.429],[-21.191,65.395],[-21.188,65.34],[-21.122,65.224],[-21.084,65.159],[-21.076,65.164],[-21.067,65.178],[-21.067,65.186],[-21.068,65.191],[-21.086,65.232],[-21.097,65.437],[-21.097,65.445],[-21.095,65.452],[-21.09,65.455],[-21.081,65.456],[-21.071,65.456],[-21.064,65.455],[-21.052,65.451],[-21.044,65.445],[-20.978,65.431],[-20.978,65.442],[-20.987,65.464],[-20.989,65.468],[-20.988,65.476],[-20.985,65.508],[-20.983,65.516],[-20.982,65.52],[-20.946,65.574],[-20.943,65.577],[-20.939,65.581],[-20.927,65.589],[-20.918,65.594],[-20.853,65.626],[-20.729,65.674],[-20.682,65.692],[-20.664,65.691],[-20.626,65.676],[-20.624,65.672],[-20.623,65.668],[-20.637,65.623],[-20.645,65.567],[-20.645,65.547],[-20.644,65.543],[-20.639,65.541],[-20.501,65.489],[-20.493,65.487],[-20.474,65.488],[-20.457,65.49],[-20.45,65.492],[-20.447,65.495],[-20.326,65.629],[-20.269,65.709],[-20.263,65.724],[-20.264,65.741],[-20.272,65.77],[-20.309,65.856],[-20.311,65.86],[-20.375,65.925],[-20.399,65.954],[-20.415,66.009],[-20.419,66.044],[-20.424,66.083],[-20.421,66.086],[-20.179,66.129],[-20.169,66.129],[-20.095,66.125],[-20.091,66.122],[-19.993,66.024],[-19.941,65.958],[-19.926,65.94],[-19.922,65.937],[-19.874,65.911],[-19.847,65.899],[-19.789,65.884],[-19.771,65.883],[-19.751,65.885],[-19.743,65.884],[-19.737,65.882],[-19.7,65.862],[-19.698,65.858],[-19.662,65.789],[-19.656,65.772],[-19.653,65.764],[-19.648,65.756],[-19.636,65.747],[-19.608,65.741],[-19.461,65.726],[-19.452,65.726],[-19.427,65.733],[-19.423,65.736],[-19.396,65.789],[-19.39,65.829],[-19.39,65.833],[-19.391,65.836],[-19.418,65.883],[-19.451,65.922],[-19.468,65.934],[-19.473,65.936],[-19.485,65.941],[-19.476,65.981],[-19.456,66.053],[-19.453,66.056],[-19.436,66.063],[-19.388,66.081],[-19.38,66.082],[-19.26,66.09],[-19.231,66.091],[-19.151,66.084],[-19.08,66.077],[-19.091,66.125],[-19.09,66.133],[-19.088,66.141],[-19.08,66.151],[-19.078,66.154],[-19.07,66.16],[-19.065,66.162],[-18.991,66.183],[-18.969,66.188],[-18.857,66.201],[-18.848,66.201],[-18.791,66.193],[-18.784,66.191],[-18.683,66.165],[-18.653,66.149],[-18.63,66.136],[-18.556,66.088],[-18.548,66.082],[-18.533,66.064],[-18.519,66.024],[-18.52,66.016],[-18.532,66.003],[-18.54,65.985],[-18.541,65.976],[-18.54,65.973],[-18.536,65.97],[-18.53,65.968],[-18.443,65.955],[-18.378,65.948],[-18.359,65.947],[-18.336,65.943],[-18.326,65.938],[-18.283,65.909],[-18.207,65.821],[-18.205,65.812],[-18.183,65.74],[-18.181,65.736],[-18.092,65.657],[-18.069,65.643],[-18.063,65.644],[-18.051,65.653],[-18.049,65.656],[-18.047,65.66],[-18.047,65.664],[-18.063,65.824],[-18.07,65.838],[-18.101,65.893],[-18.145,65.923],[-18.152,65.924],[-18.158,65.922],[-18.164,65.916],[-18.168,65.913],[-18.174,65.911],[-18.183,65.911],[-18.221,65.929],[-18.29,66.009],[-18.293,66.012],[-18.316,66.057],[-18.318,66.061],[-18.333,66.148],[-18.333,66.152],[-18.33,66.155],[-18.299,66.175],[-18.291,66.176],[-18.254,66.18],[-18.246,66.179],[-18.219,66.172],[-18.163,66.167],[-18.083,66.16],[-18.016,66.157],[-17.968,66.154],[-17.951,66.152],[-17.913,66.146],[-17.907,66.143],[-17.753,66.08],[-17.735,66.069],[-17.723,66.06],[-17.609,65.987],[-17.419,65.984],[-17.416,65.988],[-17.365,66.055],[-17.342,66.101],[-17.266,66.167],[-17.233,66.19],[-17.222,66.194],[-17.215,66.196],[-17.131,66.211],[-17.103,66.213],[-17.045,66.209],[-17.037,66.208],[-17.023,66.204],[-16.993,66.194],[-16.969,66.186],[-16.91,66.125],[-16.737,66.115],[-16.595,66.091],[-16.656,66.126],[-16.66,66.129],[-16.689,66.159],[-16.686,66.162],[-16.558,66.19],[-16.526,66.196],[-16.509,66.198],[-16.448,66.228],[-16.436,66.236],[-16.428,66.247],[-16.417,66.271],[-16.416,66.275],[-16.418,66.279],[-16.426,66.29],[-16.509,66.392],[-16.577,66.475],[-16.579,66.479],[-16.567,66.492],[-16.564,66.495],[-16.556,66.501],[-16.528,66.508],[-16.469,66.515],[-16.431,66.517],[-16.356,66.512],[-16.241,66.512],[-16.178,66.534],[-16.173,66.535],[-16.029,66.536],[-16.022,66.536],[-15.957,66.511],[-15.894,66.487],[-15.854,66.417],[-15.833,66.415],[-15.71,66.397],[-15.698,66.383],[-15.684,66.35],[-15.682,66.341],[-15.686,66.334],[-15.689,66.331],[-15.721,66.308],[-15.739,66.297],[-15.75,66.292],[-15.729,66.265],[-15.698,66.231],[-15.691,66.224],[-15.559,66.216],[-15.382,66.143],[-15.375,66.144],[-15.37,66.147],[-15.358,66.156],[-15.341,66.176],[-15.339,66.179],[-15.331,66.198],[-15.328,66.215],[-15.213,66.264],[-15.146,66.27],[-15.128,66.272],[-15.113,66.275],[-15.099,66.279],[-15.012,66.334],[-15.008,66.341],[-15.002,66.349],[-15,66.35],[-14.97,66.367],[-14.96,66.372],[-14.944,66.379],[-14.93,66.383],[-14.907,66.387],[-14.889,66.389],[-14.856,66.39],[-14.837,66.389],[-14.711,66.367],[-14.711,66.348],[-14.804,66.326],[-14.964,66.289],[-14.977,66.286],[-15.001,66.277],[-15.007,66.275],[-15.01,66.272],[-15.011,66.267],[-14.99,66.258],[-14.976,66.254],[-14.971,66.252],[-14.949,66.233],[-14.94,66.223],[-14.938,66.219],[-14.936,66.207],[-14.936,66.203],[-14.941,66.196],[-14.946,66.189],[-14.963,66.178],[-14.977,66.17],[-15.023,66.156],[-15.071,66.144],[-15.142,66.138],[-15.149,66.136],[-15.162,66.128],[-15.173,66.119],[-15.176,66.116],[-15.178,66.112],[-15.177,66.108],[-15.149,66.096],[-15.011,66.05],[-14.934,66.042],[-14.827,66.046],[-14.822,66.048]]]]}},{"type":"Feature","properties":{"NAME":null,"ABBREVN":null,"wikipedia":null,"SUBJECTO":null,"BORDERPRECISION":1,"PARTOF":null},"geometry":{"type":"MultiPolygon","coordinates":[[[[-26.03,70.521],[-26.04,70.521],[-26.054,70.523],[-26.064,70.525],[-26.129,70.541],[-26.134,70.543],[-26.141,70.547],[-26.145,70.552],[-26.152,70.562],[-26.158,70.572],[-26.17,70.579],[-26.181,70.582],[-26.2,70.585],[-26.213,70.585],[-26.243,70.583],[-26.257,70.581],[-26.464,70.55],[-26.512,70.539],[-26.533,70.529],[-26.721,70.522],[-26.819,70.522],[-26.941,70.519],[-26.99,70.513],[-27.003,70.505],[-27.015,70.501],[-27.026,70.498],[-27.263,70.474],[-27.612,70.453],[-27.811,70.434],[-27.878,70.429],[-28.036,70.426],[-28.067,70.428],[-28.1,70.434],[-28.111,70.437],[-28.128,70.447],[-28.134,70.451],[-28.137,70.455],[-28.134,70.465],[-28.067,70.576],[-28.059,70.583],[-28.055,70.586],[-28.027,70.601],[-27.936,70.63],[-27.914,70.635],[-27.881,70.64],[-27.816,70.639],[-27.753,70.641],[-27.721,70.642],[-27.696,70.645],[-27.67,70.652],[-27.653,70.658],[-27.624,70.675],[-27.617,70.681],[-27.605,70.689],[-27.562,70.711],[-27.52,70.731],[-27.417,70.766],[-27.37,70.778],[-27.354,70.781],[-27.337,70.782],[-27.298,70.788],[-27.267,70.796],[-27.251,70.804],[-27.24,70.811],[-27.225,70.821],[-27.217,70.828],[-27.212,70.834],[-27.203,70.841],[-27.15,70.874],[-27.064,70.888],[-27.028,70.891],[-26.994,70.891],[-26.887,70.886],[-26.845,70.886],[-26.64,70.89],[-26.589,70.896],[-26.429,70.915],[-26.332,70.929],[-26.298,70.934],[-26.278,70.94],[-26.271,70.945],[-26.148,70.984],[-26.041,71.002],[-25.944,71.019],[-25.906,71.029],[-25.803,71.055],[-25.738,71.074],[-25.727,71.078],[-25.712,71.081],[-25.686,71.081],[-25.679,71.079],[-25.676,71.077],[-25.684,71.063],[-25.686,71.002],[-25.583,70.973],[-25.517,70.969],[-25.499,70.964],[-25.488,70.959],[-25.401,70.917],[-25.395,70.912],[-25.334,70.816],[-25.283,70.69],[-25.281,70.677],[-25.286,70.666],[-25.294,70.66],[-25.299,70.657],[-25.315,70.652],[-25.463,70.631],[-25.66,70.605],[-25.799,70.602],[-26.017,70.525],[-26.03,70.521]]]]}},{"type":"Feature","properties":{"NAME":null,"ABBREVN":null,"wikipedia":null,"SUBJECTO":null,"BORDERPRECISION":1,"PARTOF":null},"geometry":{"type":"MultiPolygon","coordinates":[[[[16.57,56.377],[16.572,56.372],[16.575,56.367],[16.576,56.361],[16.572,56.355],[16.553,56.326],[16.496,56.241],[16.486,56.231],[16.474,56.224],[16.437,56.211],[16.43,56.209],[16.421,56.211],[16.416,56.215],[16.411,56.225],[16.403,56.274],[16.392,56.465],[16.393,56.529],[16.396,56.536],[16.42,56.586],[16.543,56.776],[16.612,56.868],[16.617,56.874],[16.629,56.879],[16.645,56.884],[16.749,56.94],[16.848,57.064],[16.9,57.135],[16.959,57.224],[16.963,57.229],[16.966,57.242],[16.96,57.257],[16.959,57.274],[16.961,57.28],[16.966,57.294],[16.973,57.305],[16.983,57.316],[16.993,57.325],[17.01,57.337],[17.022,57.345],[17.036,57.352],[17.057,57.359],[17.099,57.351],[17.106,57.348],[17.124,57.321],[17.051,57.187],[17.009,57.132],[16.961,57.075],[16.927,57.038],[16.88,56.93],[16.848,56.844],[16.841,56.832],[16.837,56.827],[16.828,56.825],[16.817,56.826],[16.808,56.824],[16.785,56.81],[16.779,56.806],[16.77,56.796],[16.727,56.702],[16.636,56.519],[16.577,56.407],[16.571,56.394],[16.569,56.388],[16.57,56.377]]]]}},{"type":"Feature","properties":{"NAME":null,"ABBREVN":null,"wikipedia":null,"SUBJECTO":null,"BORDERPRECISION":1,"PARTOF":null},"geometry":{"type":"MultiPolygon","coordinates":[[[[22.948,58.844],[22.884,58.833],[22.866,58.824],[22.868,58.819],[22.882,58.817],[22.889,58.811],[22.887,58.788],[22.884,58.78],[22.848,58.774],[22.816,58.773],[22.798,58.774],[22.784,58.776],[22.778,58.782],[22.777,58.79],[22.783,58.796],[22.793,58.8],[22.804,58.804],[22.823,58.812],[22.829,58.818],[22.826,58.824],[22.812,58.826],[22.798,58.825],[22.776,58.819],[22.747,58.806],[22.739,58.8],[22.721,58.782],[22.701,58.754],[22.692,58.739],[22.69,58.731],[22.681,58.717],[22.675,58.711],[22.667,58.705],[22.646,58.698],[22.624,58.691],[22.596,58.688],[22.565,58.687],[22.547,58.687],[22.532,58.689],[22.518,58.691],[22.48,58.7],[22.47,58.704],[22.465,58.71],[22.469,58.716],[22.472,58.764],[22.45,58.831],[22.446,58.838],[22.426,58.855],[22.405,58.872],[22.39,58.882],[22.382,58.887],[22.37,58.89],[22.336,58.892],[22.277,58.889],[22.246,58.879],[22.229,58.878],[22.177,58.889],[22.165,58.892],[22.064,58.924],[22.053,58.928],[22.045,58.932],[22.042,58.94],[22.046,58.945],[22.052,58.95],[22.065,58.952],[22.191,58.947],[22.376,58.952],[22.434,58.966],[22.468,58.978],[22.488,58.992],[22.524,59.022],[22.576,59.069],[22.699,59.051],[22.695,59.044],[22.699,59.02],[22.703,59.014],[22.72,59.004],[22.734,59.001],[22.75,59],[22.801,58.997],[22.843,59.002],[22.861,59.002],[22.93,58.982],[22.952,58.967],[23.044,58.851],[23.048,58.844],[23.045,58.836],[23.022,58.821],[23.005,58.831],[22.961,58.845],[22.948,58.844]]]]}},{"type":"Feature","properties":{"NAME":null,"ABBREVN":null,"wikipedia":null,"SUBJECTO":null,"BORDERPRECISION":1,"PARTOF":null},"geometry":{"type":"MultiPolygon","coordinates":[[[[13.672,54.569],[13.677,54.565],[13.678,54.563],[13.679,54.542],[13.678,54.532],[13.675,54.526],[13.67,54.522],[13.667,54.521],[13.647,54.516],[13.641,54.513],[13.591,54.486],[13.585,54.483],[13.581,54.478],[13.578,54.472],[13.576,54.462],[13.577,54.46],[13.578,54.454],[13.584,54.442],[13.617,54.404],[13.621,54.402],[13.631,54.401],[13.646,54.401],[13.667,54.402],[13.676,54.401],[13.702,54.388],[13.707,54.384],[13.714,54.378],[13.731,54.355],[13.744,54.331],[13.731,54.276],[13.727,54.274],[13.715,54.272],[13.711,54.272],[13.696,54.281],[13.694,54.283],[13.696,54.284],[13.711,54.297],[13.713,54.321],[13.712,54.324],[13.689,54.348],[13.684,54.349],[13.508,54.343],[13.504,54.342],[13.469,54.328],[13.359,54.275],[13.357,54.273],[13.355,54.27],[13.357,54.26],[13.403,54.265],[13.408,54.265],[13.413,54.265],[13.42,54.261],[13.422,54.259],[13.426,54.252],[13.429,54.244],[13.429,54.238],[13.424,54.234],[13.398,54.222],[13.393,54.221],[13.319,54.249],[13.268,54.255],[13.257,54.256],[13.25,54.258],[13.156,54.306],[13.122,54.331],[13.118,54.334],[13.117,54.339],[13.118,54.343],[13.129,54.368],[13.131,54.371],[13.134,54.372],[13.142,54.374],[13.151,54.375],[13.157,54.375],[13.201,54.373],[13.217,54.37],[13.223,54.369],[13.236,54.372],[13.261,54.379],[13.265,54.38],[13.268,54.383],[13.239,54.411],[13.208,54.428],[13.165,54.434],[13.229,54.465],[13.232,54.486],[13.167,54.513],[13.147,54.546],[13.231,54.552],[13.256,54.551],[13.304,54.55],[13.338,54.566],[13.367,54.58],[13.378,54.558],[13.395,54.542],[13.42,54.522],[13.447,54.489],[13.484,54.484],[13.503,54.493],[13.517,54.513],[13.503,54.55],[13.459,54.551],[13.426,54.57],[13.384,54.578],[13.375,54.61],[13.355,54.604],[13.33,54.583],[13.311,54.573],[13.286,54.565],[13.282,54.564],[13.251,54.558],[13.246,54.558],[13.245,54.559],[13.225,54.634],[13.225,54.64],[13.226,54.643],[13.231,54.648],[13.245,54.657],[13.263,54.667],[13.279,54.671],[13.292,54.673],[13.364,54.679],[13.384,54.681],[13.424,54.683],[13.43,54.682],[13.438,54.68],[13.443,54.676],[13.444,54.673],[13.442,54.671],[13.429,54.66],[13.422,54.657],[13.397,54.652],[13.391,54.649],[13.386,54.645],[13.383,54.639],[13.391,54.607],[13.407,54.589],[13.433,54.578],[13.456,54.573],[13.482,54.575],[13.516,54.577],[13.593,54.585],[13.618,54.586],[13.634,54.586],[13.639,54.585],[13.647,54.583],[13.672,54.569]]]]}},{"type":"Feature","properties":{"NAME":null,"ABBREVN":null,"wikipedia":null,"SUBJECTO":null,"BORDERPRECISION":1,"PARTOF":null},"geometry":{"type":"MultiPolygon","coordinates":[[[[23.206,58.445],[23.198,58.45],[23.142,58.444],[23.077,58.414],[23.064,58.386],[23.029,58.358],[22.757,58.24],[22.649,58.23],[22.582,58.241],[22.521,58.242],[22.487,58.242],[22.475,58.242],[22.378,58.223],[22.367,58.22],[22.289,58.188],[22.279,58.184],[22.272,58.179],[22.267,58.171],[22.266,58.164],[22.269,58.156],[22.274,58.15],[22.276,58.142],[22.265,58.102],[22.262,58.094],[22.202,57.986],[22.099,57.931],[22.073,57.917],[22.052,57.91],[22.038,57.908],[22.022,57.91],[22.01,57.913],[22.001,57.917],[21.994,57.923],[21.981,57.958],[21.986,57.976],[22.082,58.077],[22.09,58.082],[22.101,58.085],[22.112,58.084],[22.151,58.086],[22.197,58.137],[22.201,58.145],[22.197,58.151],[22.189,58.156],[22.177,58.159],[22.145,58.159],[22.132,58.161],[22.079,58.171],[22.069,58.175],[21.884,58.252],[21.87,58.262],[21.849,58.279],[21.844,58.286],[21.841,58.293],[21.844,58.299],[21.874,58.34],[21.885,58.343],[21.899,58.343],[21.956,58.343],[22.008,58.353],[22.006,58.36],[21.996,58.381],[21.917,58.457],[21.91,58.463],[21.902,58.468],[21.878,58.474],[21.868,58.478],[21.851,58.488],[21.832,58.505],[21.843,58.508],[21.925,58.517],[21.985,58.516],[22.001,58.515],[22.112,58.492],[22.189,58.545],[22.198,58.549],[22.327,58.577],[22.502,58.602],[22.624,58.593],[22.768,58.6],[22.776,58.606],[22.808,58.616],[22.824,58.617],[22.872,58.618],[22.905,58.617],[22.917,58.616],[22.979,58.601],[22.991,58.598],[23.091,58.564],[23.263,58.496],[23.273,58.492],[23.289,58.482],[23.32,58.462],[23.332,58.45],[23.333,58.442],[23.328,58.434],[23.267,58.429],[23.25,58.43],[23.226,58.437],[23.206,58.445]]]]}},{"type":"Feature","properties":{"NAME":null,"ABBREVN":null,"wikipedia":null,"SUBJECTO":null,"BORDERPRECISION":1,"PARTOF":null},"geometry":{"type":"MultiPolygon","coordinates":[[[[-8.955,70.822],[-8.989,70.811],[-9.006,70.808],[-9.043,70.804],[-9.059,70.804],[-9.071,70.807],[-9.076,70.809],[-9.12,70.858],[-9.12,70.863],[-9.114,70.867],[-9.106,70.872],[-8.934,70.923],[-8.921,70.926],[-8.888,70.932],[-8.764,70.951],[-8.581,70.992],[-8.511,71.013],[-8.499,71.022],[-8.452,71.058],[-8.443,71.072],[-8.434,71.082],[-8.382,71.121],[-8.356,71.133],[-8.344,71.137],[-8.326,71.141],[-8.129,71.171],[-8.109,71.173],[-7.997,71.181],[-7.984,71.179],[-7.971,71.176],[-7.96,71.172],[-7.95,71.168],[-7.932,71.157],[-7.927,71.151],[-7.928,71.146],[-7.982,71.048],[-7.985,71.043],[-7.991,71.038],[-8.008,71.03],[-8.119,71.004],[-8.291,70.974],[-8.394,70.959],[-8.409,70.96],[-8.419,70.965],[-8.432,70.968],[-8.46,70.971],[-8.495,70.969],[-8.566,70.964],[-8.62,70.959],[-8.632,70.956],[-8.938,70.84],[-8.949,70.831],[-8.955,70.822]]]]}},{"type":"Feature","properties":{"NAME":null,"ABBREVN":null,"wikipedia":null,"SUBJECTO":null,"BORDERPRECISION":1,"PARTOF":null},"geometry":{"type":"MultiPolygon","coordinates":[[[[20.067,60.296],[20.062,60.301],[20.047,60.308],[20.037,60.311],[20.025,60.311],[19.914,60.217],[19.914,60.212],[19.927,60.193],[19.931,60.188],[19.937,60.184],[19.946,60.181],[19.987,60.17],[20.026,60.154],[20.051,60.101],[20.053,60.096],[20.051,60.09],[20.044,60.086],[20.022,60.086],[19.999,60.089],[19.968,60.09],[19.958,60.089],[19.951,60.085],[19.948,60.079],[19.944,60.043],[19.939,60.059],[19.928,60.084],[19.925,60.089],[19.918,60.093],[19.908,60.095],[19.895,60.097],[19.875,60.095],[19.869,60.091],[19.87,60.086],[19.873,60.081],[19.868,60.077],[19.859,60.076],[19.848,60.076],[19.772,60.081],[19.751,60.095],[19.722,60.126],[19.699,60.159],[19.696,60.164],[19.648,60.257],[19.649,60.262],[19.749,60.305],[19.783,60.293],[19.777,60.261],[19.768,60.249],[19.762,60.244],[19.761,60.238],[19.793,60.191],[19.796,60.187],[19.809,60.185],[19.817,60.188],[19.931,60.277],[19.935,60.283],[19.937,60.289],[19.937,60.295],[19.931,60.304],[19.899,60.34],[19.892,60.343],[19.883,60.342],[19.878,60.336],[19.874,60.329],[19.872,60.323],[19.868,60.317],[19.862,60.312],[19.839,60.32],[19.834,60.322],[19.78,60.349],[19.783,60.354],[19.808,60.377],[19.825,60.392],[19.857,60.404],[19.869,60.404],[19.906,60.4],[20.085,60.35],[20.277,60.274],[20.218,60.208],[20.172,60.164],[20.162,60.162],[20.092,60.17],[20.086,60.174],[20.082,60.179],[20.101,60.216],[20.106,60.221],[20.123,60.226],[20.12,60.24],[20.067,60.296]]]]}},{"type":"Feature","properties":{"NAME":"Tuaregs","ABBREVN":"Tuaregs","wikipedia":null,"SUBJECTO":"Tuaregs","BORDERPRECISION":1,"PARTOF":"Tuaregs"},"geometry":{"type":"MultiPolygon","coordinates":[[[[15.7523,29.3253],[15.5336,15.0501],[15.1258,14.8993],[14.3753,13.2919],[14.4066,12.896],[14.5817,12.6734],[8.2658,12.3673],[2.3459,13.2856],[-1.3415,13.3137],[-1.1792,32.4503],[-1.0813,32.4539],[0.4578,32.5474],[2.4531,32.6687],[5.6813,32.8154],[6.5029,32.7326],[7.8923,32.5926],[12.5327,30.8049],[15.7523,29.3253]]]]}},{"type":"Feature","properties":{"NAME":"Polyanians","ABBREVN":"Polyanians","wikipedia":null,"SUBJECTO":"Polyanians","BORDERPRECISION":1,"PARTOF":"Polyanians"},"geometry":{"type":"MultiPolygon","coordinates":[[[[35.2018,61.8391],[35.1604,61.8586],[35.1707,61.9057],[35.1956,61.9879],[35.2518,62.0797],[35.308,62.0766],[35.3393,62.0328],[35.3471,61.9978],[35.3258,61.9354],[35.2736,61.8703],[35.2018,61.8391]]],[[[31.4976,50.0588],[31.9463,49.5676],[31.888,49.5544],[31.9005,49.5128],[32.1701,49.4044],[32.2936,49.3462],[32.4082,49.3017],[32.4706,49.2714],[31.075,49.0178],[28.6649,48.5798],[26.6748,49.8635],[26.5712,49.9585],[29.0434,49.4501],[31.4976,50.0588]]]]}},{"type":"Feature","properties":{"NAME":"Kyivan Rus","ABBREVN":"Kyivan Rus","wikipedia":null,"SUBJECTO":"Kyivan Rus","BORDERPRECISION":1,"PARTOF":"Kyivan Rus"},"geometry":{"type":"MultiPolygon","coordinates":[[[[43.143,57.1144],[38.9575,56.3696],[37.5142,55.3252],[36.0572,54.0873],[34.9746,52.8589],[35.217,50.7231],[31.8831,50.1544],[31.4976,50.0588],[29.0434,49.4501],[26.5712,49.9585],[24.6907,51.6826],[27.1532,53.9606],[28.4637,54.3138],[28.9837,55.8186],[28.3817,56.3146],[28.0684,57.8624],[28.1018,57.86],[28.1692,57.9145],[28.1492,57.9747],[28.097,58.0444],[27.973,58.1326],[27.8651,58.1735],[27.7144,58.1643],[27.5918,58.1746],[27.5686,58.2148],[27.5613,58.2574],[27.5827,58.3064],[27.6134,58.3294],[27.7479,58.4299],[27.7981,58.4468],[27.8205,58.4849],[27.8137,58.5713],[27.7484,58.9121],[27.683,58.9796],[27.5865,58.9962],[27.6841,59.2468],[27.6072,59.3063],[27.702,59.2975],[27.8936,59.3461],[28.0159,59.4542],[28.0131,59.4582],[27.9734,59.5167],[27.8967,59.5338],[27.9417,59.6476],[28.0942,59.6647],[28.1631,59.5907],[28.2663,59.5622],[28.351,59.6021],[28.3091,59.6644],[28.4444,59.7337],[28.6627,59.6443],[28.7959,59.6722],[28.9363,59.8246],[29.0761,59.9078],[29.4136,59.86],[29.7655,59.7362],[29.9632,59.7366],[30.1266,59.806],[29.9529,59.9856],[29.6873,60.131],[29.5107,60.1446],[28.969,60.1088],[28.6916,60.15],[28.6008,60.186],[30.0518,60.5342],[29.9248,60.6842],[29.9056,60.7111],[30.5229,60.8179],[30.5279,60.8117],[30.5332,60.7655],[30.5254,60.7389],[30.5045,60.7316],[30.504,60.7036],[30.5239,60.6546],[30.5339,60.6301],[30.6633,60.5928],[30.7237,60.5618],[30.7586,60.5245],[30.7742,60.4921],[30.776,60.4481],[30.8033,60.4466],[30.8169,60.4588],[30.8321,60.4575],[30.8491,60.4426],[30.9568,60.2636],[31.0189,60.1929],[31.109,60.1464],[31.1149,60.1349],[31.0951,60.0837],[31.106,60.0563],[31.1429,60.0317],[31.1453,60.0055],[31.0632,59.9629],[31.0428,59.951],[31.064,59.9432],[31.1062,59.9277],[31.1764,59.9258],[31.2744,59.9376],[31.3493,59.9328],[31.4014,59.9113],[31.4548,59.9072],[31.5098,59.9204],[31.5472,59.9401],[31.5672,59.9666],[31.565,59.998],[31.5409,60.0345],[31.5482,60.0719],[31.6064,60.1336],[31.6059,60.1423],[31.5969,60.1438],[31.5906,60.1556],[31.5989,60.1696],[31.6994,60.2356],[31.8433,60.2479],[32.0571,60.2265],[32.1961,60.1954],[32.2602,60.1543],[32.3615,60.1481],[32.5004,60.1765],[32.5839,60.2089],[32.6123,60.2454],[32.6144,60.2858],[32.5902,60.3302],[32.5949,60.3546],[32.6559,60.3717],[32.6767,60.3924],[32.664,60.4271],[32.6179,60.4756],[32.5965,60.5111],[32.5999,60.5335],[32.6417,60.5369],[32.7221,60.5211],[32.7818,60.4882],[32.8157,60.4819],[32.8414,60.497],[32.9069,60.5859],[32.9443,60.6426],[32.9365,60.6703],[32.903,60.6935],[32.8436,60.7122],[32.8119,60.7565],[32.8078,60.8264],[32.7654,60.886],[32.6407,60.9691],[32.6334,60.9867],[32.5926,60.9976],[32.5806,61.0139],[32.5812,61.0449],[32.5634,61.0794],[32.5269,61.1175],[32.4415,61.1497],[34.8734,61.5702],[34.9616,61.5434],[35.1539,61.4852],[35.3039,61.4296],[35.3984,61.3858],[35.4574,61.3559],[35.4946,61.329],[35.5369,61.2922],[35.5777,61.2464],[35.6114,61.1974],[35.6294,61.15],[35.6322,61.1078],[35.6146,61.0761],[35.5834,61.0342],[35.5273,61.0228],[35.4406,61.0626],[35.3453,61.0726],[35.2593,61.0666],[35.1921,61.0689],[35.142,61.0773],[35.1081,61.0916],[35.08,61.1083],[35.062,61.1256],[35.0526,61.1411],[35.0777,61.1513],[35.1432,61.1558],[35.2077,61.1588],[35.2311,61.1652],[35.2069,61.1772],[35.1566,61.1937],[35.0747,61.2071],[34.9742,61.212],[34.8873,61.2061],[34.8381,61.1937],[34.8188,61.1736],[34.804,61.1496],[34.7967,61.1228],[34.7955,61.0965],[34.8024,61.0735],[34.8149,61.055],[34.8285,61.0386],[34.8464,61.0267],[34.869,61.027],[34.8963,61.0469],[34.9425,61.0704],[35.0224,61.0645],[35.0929,61.0447],[35.1168,61.0222],[35.1329,61.0071],[35.1845,61.0049],[35.2549,61.0146],[35.3161,61.0281],[35.3633,61.0382],[35.3996,61.0399],[35.4262,61.0332],[35.4498,61.023],[35.4733,61.0021],[35.4994,60.9698],[35.5506,60.938],[35.6346,60.9185],[35.719,60.9045],[35.7716,60.8864],[35.8008,60.8718],[35.8287,60.8665],[35.8551,60.8705],[35.8803,60.8783],[35.899,60.8898],[35.9099,60.9025],[35.9045,60.9166],[35.8842,60.9311],[35.8803,60.9478],[35.9148,60.9668],[35.9763,60.9939],[36.0368,61.0297],[36.0987,61.0626],[36.1628,61.0828],[36.2241,61.0965],[36.2793,61.1138],[36.325,61.1355],[36.3639,61.1597],[36.3869,61.1841],[36.3946,61.2062],[36.3885,61.225],[36.3781,61.2419],[36.3712,61.2568],[36.3736,61.2711],[36.3801,61.281],[36.3827,61.285],[36.3956,61.3021],[36.4084,61.3191],[36.4249,61.3491],[36.4279,61.3731],[36.4189,61.3924],[36.4056,61.4107],[36.3715,61.4323],[36.3302,61.4512],[37.5999,61.5071],[38.9516,59.9057],[39.053,59.852],[39.0525,59.8387],[39.1939,59.7469],[39.4021,59.6243],[39.5525,59.5459],[39.7344,59.4798],[39.7981,59.5252],[39.7641,59.5459],[39.7588,59.55],[41.2783,59.0157],[42.9298,58.5328],[42.9535,58.4564],[43.3225,58.3689],[43.143,57.1144]],[[38.7528,58.5469],[38.9893,58.4956],[39.0037,58.4756],[38.9703,58.4408],[39.0004,58.3868],[39.0053,58.3581],[38.8709,58.3311],[38.8305,58.2956],[38.8121,58.2507],[38.8188,58.1348],[38.8052,58.122],[38.7795,58.1348],[38.6917,58.207],[38.6383,58.2203],[38.6192,58.2013],[38.6979,58.133],[38.704,58.1131],[38.681,58.1082],[38.6117,58.1131],[38.3831,58.1219],[38.357,58.1001],[38.4369,58.0356],[38.4371,58.0175],[38.4153,58.0156],[38.3692,58.0316],[38.3102,58.0406],[38.2811,58.0539],[38.2592,58.0709],[38.2496,58.1027],[38.251,58.1987],[38.2205,58.2373],[38.1487,58.2486],[37.944,58.3009],[37.8972,58.2918],[37.5071,58.5354],[37.4169,58.6131],[37.3168,58.6574],[37.1553,58.695],[37.1546,58.7065],[37.1692,58.7256],[37.1508,58.8487],[37.3079,58.76],[37.3723,58.7314],[37.4229,58.7266],[37.4104,58.6891],[37.4104,58.67],[37.4592,58.6339],[37.5377,58.6127],[37.5646,58.5528],[37.6087,58.5453],[37.6611,58.5575],[37.6666,58.5725],[37.6209,58.6262],[37.6323,58.6362],[37.7148,58.6175],[37.7678,58.6176],[37.9949,58.5504],[38.0739,58.5419],[38.0738,58.5916],[38.1031,58.6195],[38.0955,58.6345],[37.9877,58.6722],[37.9842,58.6924],[37.9453,58.7203],[37.9417,58.7355],[37.9613,58.7436],[38.0239,58.7459],[37.9959,58.8617],[37.9176,58.8583],[37.8694,58.8971],[37.8283,58.9141],[37.7772,58.9262],[37.7137,58.9277],[37.6424,58.9189],[37.5812,58.8988],[37.5014,58.8448],[37.4713,58.8571],[37.4658,58.8746],[37.4844,58.9272],[37.4991,58.9442],[37.6089,58.989],[37.6732,59.0252],[37.6956,59.064],[37.6763,59.1023],[37.64,59.1377],[37.6449,59.1568],[37.8429,59.1553],[37.94,59.1741],[37.9873,59.1768],[38.0016,59.1598],[38.0074,59.1437],[38.0272,59.1281],[38.1162,59.1026],[38.1594,59.1016],[38.1797,59.1133],[38.1805,59.1321],[38.1764,59.1482],[38.124,59.2029],[38.1433,59.2098],[38.1829,59.2031],[38.294,59.1613],[38.4146,59.1734],[38.4073,59.1523],[38.3315,59.0926],[38.2395,59.0627],[38.1705,59.065],[37.9102,59.1027],[37.8664,59.0941],[37.8577,59.0751],[37.9199,59.0421],[38.047,58.9942],[38.1194,58.9546],[38.4273,58.747],[38.61,58.6366],[38.7528,58.5469]],[[31.08,58.3316],[31.1702,58.3595],[31.2517,58.4254],[31.2983,58.4766],[31.3743,58.4292],[31.4302,58.4166],[31.5107,58.3889],[31.5182,58.3726],[31.6371,58.388],[31.6534,58.3687],[31.6457,58.3514],[31.647,58.3084],[31.6883,58.2023],[31.6306,58.2073],[31.531,58.2302],[31.4465,58.2059],[31.394,58.142],[31.1562,58.1713],[30.8762,58.2141],[30.857,58.2391],[30.9549,58.2844],[31.0194,58.3197],[31.08,58.3316]],[[37.3999,60.2889],[37.5422,60.3187],[37.737,60.3294],[37.8984,60.3008],[37.9812,60.2392],[38.0042,60.1606],[37.999,60.1033],[37.9684,60.0857],[37.8232,60.0787],[37.715,60.0774],[37.469,60.0878],[37.3967,60.098],[37.2799,60.1312],[37.232,60.1645],[37.2311,60.1857],[37.2863,60.2334],[37.3999,60.2889]]]]}},{"type":"Feature","properties":{"NAME":"Pechenegs","ABBREVN":"Pechenegs","wikipedia":null,"SUBJECTO":"Pechenegs","BORDERPRECISION":1,"PARTOF":"Pechenegs"},"geometry":{"type":"MultiPolygon","coordinates":[[[[31.9463,49.5676],[31.4976,50.0588],[31.8831,50.1544],[35.217,50.7231],[35.2194,50.7012],[36.2942,48.5812],[33.1943,49.1187],[33.1041,49.2001],[33.0154,49.2807],[32.9259,49.3542],[32.8606,49.4078],[32.7539,49.4848],[32.712,49.5594],[32.6646,49.537],[32.6595,49.4644],[32.6824,49.401],[32.6318,49.3818],[32.4614,49.4261],[32.35,49.4691],[32.1836,49.5209],[32.1145,49.5413],[31.9554,49.5697],[31.9463,49.5676]]]]}}]}