{"type":"FeatureCollection","name":"world_bc5000","crs":{"type":"name","properties":{"name":"urn:ogc:def:crs:OGC:1.3:CRS84"}},"features":[{"type":"Feature","properties":{"NAME":null,"ABBREVN":null,"type":null,"weblnks":null,"SUBJECTO":null,"BORDERPRECISION":1,"PARTOF":null},"geometry":{"type":"MultiPolygon","coordinates":[[[[-14.7269,65.8492],[-14.7572,65.8389],[-14.7761,65.8372],[-14.7969,65.8322],[-14.8011,65.8294],[-14.8192,65.8142],[-14.8553,65.7714],[-14.8656,65.7558],[-14.8483,65.7314],[-14.8325,65.7244],[-14.8178,65.7214],[-14.7972,65.7264],[-14.7458,65.7375],[-14.7346,65.7396],[-14.7541,65.6971],[-14.4543,65.5866],[-14.5083,65.5544],[-14.5308,65.5408],[-14.5394,65.5353],[-14.5425,65.5322],[-14.5475,65.5253],[-14.5619,65.5042],[-14.5636,65.495],[-14.5561,65.4975],[-14.5517,65.5003],[-14.5267,65.5258],[-14.4357,65.5798],[-14.4001,65.5667],[-13.6469,65.4953],[-13.6193,65.4638],[-13.6369,65.4247],[-13.6731,65.3767],[-13.6783,65.3697],[-13.7319,65.3203],[-13.7394,65.3144],[-13.6606,65.3011],[-13.5947,65.2786],[-13.5836,65.2739],[-13.5683,65.2667],[-13.5672,65.2625],[-13.5703,65.2594],[-13.5747,65.2567],[-13.6144,65.2319],[-13.6283,65.2242],[-13.6392,65.2194],[-13.66,65.2144],[-13.7008,65.2086],[-13.7478,65.2053],[-13.7575,65.2047],[-13.7881,65.2039],[-13.8631,65.2039],[-14.0258,65.1939],[-14.0347,65.1931],[-14.0181,65.1861],[-14.0083,65.1858],[-13.9789,65.1872],[-13.9475,65.1925],[-13.9209,65.1953],[-13.8717,65.1975],[-13.8508,65.1972],[-13.6506,65.1944],[-13.6222,65.1925],[-13.6169,65.1903],[-13.6181,65.1864],[-13.6369,65.1578],[-13.5917,65.1228],[-13.538,65.1151],[-13.5537,65.0297],[-13.585,65.0069],[-13.5936,65.0014],[-13.6042,64.9967],[-13.6161,64.9925],[-13.6367,64.9875],[-13.6592,64.9833],[-13.6786,64.9822],[-13.7667,64.9917],[-13.7764,64.993],[-13.7804,64.9942],[-13.7831,64.9957],[-13.7851,64.9977],[-13.7857,65.0002],[-13.8175,65.0128],[-13.8233,65.0197],[-13.8531,65.0344],[-13.8725,65.04],[-13.8867,65.043],[-13.9881,65.0639],[-14.0069,65.0178],[-13.8706,64.9733],[-13.7625,64.9452],[-13.7443,64.942],[-13.7078,64.9328],[-13.7044,64.9297],[-13.7,64.9225],[-13.7008,64.9183],[-13.7064,64.9158],[-13.7128,64.9142],[-13.7611,64.9117],[-13.8139,64.9108],[-13.9414,64.9211],[-14.0508,64.9339],[-14.0517,64.9305],[-14.0417,64.9211],[-14.0253,64.9139],[-14.0122,64.9103],[-14.0047,64.9089],[-13.9606,64.905],[-13.9325,64.9033],[-13.9022,64.9028],[-13.8708,64.9033],[-13.8622,64.9025],[-13.8469,64.8997],[-13.8025,64.8822],[-13.7914,64.8778],[-13.7753,64.8708],[-13.7708,64.868],[-13.7675,64.865],[-13.7653,64.8614],[-13.7664,64.8572],[-13.7725,64.8508],[-13.8203,64.8253],[-13.8711,64.7992],[-13.9086,64.7975],[-14.0117,64.7961],[-14.0414,64.7858],[-14.0447,64.7825],[-14.0456,64.7783],[-14.0389,64.7719],[-14.0192,64.7575],[-14.0147,64.7547],[-14.0069,64.7536],[-14.0017,64.7514],[-13.9897,64.7425],[-13.9894,64.7389],[-13.9936,64.7361],[-14.0181,64.7236],[-14.0418,64.7175],[-14.2603,64.7128],[-14.2856,64.7004],[-14.3202,64.7113],[-14.3269,64.714],[-14.3289,64.7158],[-14.3302,64.718],[-14.3324,64.7255],[-14.3675,64.7492],[-14.4225,64.7836],[-14.4325,64.7883],[-14.4444,64.7925],[-14.4736,64.7981],[-14.4931,64.7989],[-14.5111,64.7975],[-14.5133,64.7955],[-14.4544,64.7758],[-14.3878,64.7225],[-14.3659,64.6741],[-14.3679,64.6598],[-14.4266,64.6089],[-14.4291,64.6073],[-14.4411,64.6056],[-14.4648,64.6051],[-14.5069,64.5933],[-14.5556,64.5928],[-14.575,64.5917],[-14.5842,64.5867],[-14.5853,64.5833],[-14.5797,64.5761],[-14.5706,64.5661],[-14.5292,64.5511],[-14.5228,64.5492],[-14.5067,64.5469],[-14.4969,64.5467],[-14.4801,64.5397],[-14.4668,64.5445],[-14.4599,64.547],[-14.4616,64.539],[-14.4728,64.5058],[-14.5392,64.4061],[-14.5433,64.4033],[-14.5675,64.4],[-14.5958,64.3983],[-14.71,64.4078],[-14.8717,64.34],[-14.8914,64.3017],[-14.8775,64.2808],[-14.8828,64.2783],[-14.925,64.2642],[-14.9606,64.2536],[-14.9747,64.2603],[-15.0811,64.2917],[-15.0939,64.2953],[-15.1017,64.2964],[-15.2203,64.2986],[-15.2914,64.3319],[-15.3833,64.3719],[-15.3903,64.3683],[-15.3786,64.3547],[-15.3717,64.3436],[-15.3664,64.3319],[-15.3689,64.3089],[-15.3836,64.2775],[-15.3886,64.2753],[-15.4367,64.2558],[-15.4469,64.2519],[-15.4989,64.2419],[-15.5064,64.2406],[-15.6361,64.2261],[-15.6786,64.2203],[-15.7078,64.2144],[-15.8042,64.1825],[-16.0156,64.1333],[-16.0256,64.1286],[-16.0294,64.1258],[-16.0411,64.1011],[-16.1778,64.0381],[-16.2008,64.0297],[-16.2131,64.0258],[-16.2336,64.0208],[-16.2572,64.0172],[-16.2636,64.0181],[-16.3392,63.9861],[-16.4344,63.9181],[-16.4433,63.9128],[-16.4531,63.9081],[-16.4886,63.8958],[-16.6142,63.8622],[-16.8053,63.8264],[-16.885,63.865],[-16.9475,63.9072],[-16.9611,63.915],[-16.9667,63.9172],[-16.9728,63.9161],[-17.0097,63.86],[-17.0106,63.8158],[-17.0233,63.7939],[-17.1181,63.7911],[-17.1367,63.7917],[-17.2006,63.7942],[-17.2438,63.799],[-17.2511,63.7967],[-17.3064,63.7836],[-17.3206,63.7805],[-17.7225,63.7133],[-17.8367,63.7331],[-17.8522,63.7331],[-17.8617,63.7331],[-17.8697,63.7319],[-17.8744,63.7294],[-17.9733,63.6686],[-17.9653,63.6222],[-17.9444,63.6081],[-17.9242,63.6036],[-17.87,63.6017],[-17.8606,63.6025],[-17.8639,63.5967],[-17.8742,63.5836],[-17.9139,63.5428],[-17.9283,63.5308],[-17.9333,63.5283],[-17.9508,63.5222],[-18.1131,63.4811],[-18.1481,63.4731],[-18.1642,63.4708],[-18.3017,63.4536],[-18.5661,63.4175],[-18.71,63.3911],[-18.7294,63.39],[-18.775,63.3914],[-19.0861,63.4128],[-19.2758,63.4333],[-19.3942,63.4614],[-19.5992,63.5044],[-19.6272,63.5097],[-19.7269,63.5275],[-19.7808,63.5364],[-19.8417,63.5444],[-19.8681,63.5456],[-19.9891,63.5402],[-20.4039,63.6983],[-20.5413,63.7104],[-20.5417,63.7224],[-20.5408,63.7246],[-20.5431,63.7456],[-20.5386,63.7481],[-20.4867,63.7669],[-20.4772,63.7681],[-20.4575,63.7683],[-20.4406,63.7672],[-20.4122,63.7622],[-20.3933,63.7569],[-20.3703,63.7436],[-20.3372,63.7308],[-20.3211,63.7292],[-20.3108,63.7297],[-20.3122,63.7319],[-20.3522,63.7564],[-20.3619,63.7617],[-20.38,63.7672],[-20.4433,63.7833],[-20.5128,63.7672],[-20.5556,63.7533],[-20.5611,63.7511],[-20.5647,63.7483],[-20.5839,63.7401],[-20.5839,63.7376],[-20.5824,63.7274],[-20.5818,63.7203],[-20.5853,63.7189],[-20.6508,63.7289],[-20.7284,63.7589],[-20.7313,63.7604],[-20.7291,63.7617],[-20.7111,63.7622],[-20.6923,63.7601],[-20.6847,63.7622],[-20.6553,63.7561],[-20.6075,63.7614],[-20.6018,63.7653],[-20.6739,63.8472],[-20.6828,63.8468],[-20.6858,63.8447],[-20.6917,63.8383],[-20.7524,63.8066],[-20.7553,63.8051],[-20.7994,63.7933],[-20.8068,63.7954],[-20.8464,63.7906],[-20.8733,63.8017],[-20.9022,63.8119],[-20.9478,63.8231],[-21.0142,63.8333],[-21.0617,63.8386],[-21.075,63.8419],[-21.1172,63.855],[-21.1633,63.8711],[-21.1747,63.8753],[-21.1797,63.8778],[-21.1836,63.8808],[-21.1856,63.885],[-21.1944,63.9228],[-21.1931,63.9267],[-21.1886,63.9292],[-21.1806,63.9305],[-21.1553,63.9339],[-21.1461,63.935],[-21.1342,63.9308],[-21.1278,63.9294],[-21.1192,63.9289],[-21.1108,63.9292],[-21.0589,63.9358],[-21.0508,63.9372],[-21.0461,63.9397],[-21.0461,63.9439],[-21.0536,63.945],[-21.1697,63.9542],[-21.1867,63.955],[-21.195,63.9547],[-21.2033,63.9533],[-21.2575,63.9433],[-21.2644,63.9417],[-21.3003,63.9181],[-21.3194,63.8875],[-21.3692,63.8675],[-21.4314,63.8494],[-21.6189,63.8239],[-21.6394,63.8228],[-21.6547,63.8247],[-21.6825,63.8355],[-21.7042,63.8444],[-21.8542,63.8528],[-21.93,63.8411],[-21.9472,63.8397],[-22.0467,63.8347],[-22.1422,63.8347],[-22.2494,63.85],[-22.3261,63.8606],[-22.42,63.8472],[-22.4682,63.8392],[-22.5066,63.8658],[-22.3113,63.952],[-21.8041,64.1104],[-21.7359,64.1678],[-21.6994,64.1789],[-21.7047,64.1867],[-21.7105,64.1892],[-21.5046,64.3626],[-21.4889,64.3619],[-21.435,64.3683],[-21.3628,64.385],[-21.3667,64.3878],[-21.3736,64.3894],[-21.4778,64.3958],[-21.6281,64.4025],[-21.6461,64.4028],[-21.6778,64.4011],[-21.7328,64.3869],[-21.7394,64.385],[-21.749,64.3807],[-21.8567,64.3826],[-22.0247,64.4243],[-22.0244,64.4433],[-21.9789,64.5008],[-21.7828,64.5775],[-21.7092,64.6061],[-21.7022,64.608],[-21.6914,64.6086],[-21.6594,64.6092],[-21.6517,64.6083],[-21.6475,64.6053],[-21.6443,64.5876],[-21.6085,64.5887],[-21.5835,64.571],[-21.4969,64.5661],[-21.5675,64.5771],[-21.5792,64.6068],[-21.6062,64.61],[-21.6481,64.614],[-21.6562,64.6138],[-21.6647,64.6138],[-21.6751,64.614],[-21.6803,64.6178],[-21.61,64.6436],[-21.6003,64.6444],[-21.5594,64.6405],[-21.5197,64.6411],[-21.5106,64.6422],[-21.5081,64.6456],[-21.5139,64.6475],[-21.6139,64.6503],[-21.7011,64.6278],[-21.9525,64.5517],[-22.0286,64.5211],[-22.0875,64.4686],[-22.112,64.4637],[-22.2786,64.6188],[-22.3892,64.6605],[-22.3267,64.6894],[-22.3139,64.6936],[-22.2997,64.7044],[-22.3231,64.7561],[-22.3272,64.7592],[-22.4072,64.8125],[-22.5358,64.8044],[-22.6775,64.8],[-22.6906,64.8036],[-22.8675,64.8011],[-22.8781,64.8006],[-22.9514,64.7958],[-23.0433,64.7947],[-23.0519,64.795],[-23.1408,64.7983],[-23.1656,64.8008],[-23.2006,64.8078],[-23.2528,64.8214],[-23.2667,64.8242],[-23.2821,64.8261],[-23.1356,64.8473],[-22.7784,64.8552],[-22.4503,64.9062],[-21.9783,64.9503],[-21.8092,65.0374],[-21.7853,65.0805],[-21.7294,65.1575],[-21.7272,65.1608],[-21.7289,65.1739],[-21.7303,65.1801],[-21.7289,65.1825],[-21.732,65.1879],[-21.7328,65.1914],[-21.7339,65.1961],[-21.7369,65.1994],[-21.739,65.2004],[-21.7938,65.2985],[-21.9548,65.378],[-22.0153,65.3802],[-21.9822,65.3944],[-21.9194,65.4136],[-21.9122,65.4153],[-21.8575,65.4208],[-21.8183,65.4228],[-21.7867,65.4239],[-21.7628,65.4289],[-21.7047,65.4469],[-21.6986,65.4492],[-21.805,65.4336],[-21.8147,65.4336],[-21.8714,65.4458],[-21.9386,65.463],[-21.9414,65.4658],[-21.9931,65.5011],[-22.0378,65.4994],[-22.1147,65.4833],[-22.1183,65.4805],[-22.1811,65.4394],[-22.1953,65.4319],[-22.2133,65.4256],[-22.2228,65.4244],[-22.2297,65.425],[-22.2878,65.4414],[-22.3341,65.4784],[-22.3354,65.4809],[-22.3356,65.4857],[-22.3342,65.4877],[-22.3322,65.4895],[-22.3236,65.4942],[-22.3157,65.4966],[-22.3107,65.4974],[-22.2917,65.498],[-22.2676,65.5002],[-22.23,65.5197],[-22.2058,65.5242],[-22.1592,65.5417],[-22.1497,65.5511],[-22.1111,65.5917],[-22.1086,65.595],[-22.1186,65.5947],[-22.1261,65.593],[-22.1594,65.5794],[-22.1667,65.5736],[-22.1747,65.5639],[-22.1889,65.5522],[-22.2031,65.5444],[-22.2319,65.5333],[-22.2594,65.5258],[-22.3176,65.5193],[-22.4736,65.5047],[-22.4947,65.5042],[-22.5,65.5087],[-22.5022,65.5105],[-22.5739,65.5311],[-22.6781,65.5267],[-22.7197,65.5011],[-22.7256,65.4989],[-22.7414,65.4997],[-22.7828,65.5039],[-22.8539,65.555],[-22.9125,65.5647],[-23.0172,65.5394],[-23.0553,65.5392],[-23.0856,65.5405],[-23.1503,65.5478],[-23.2,65.498],[-23.2114,65.4894],[-23.2222,65.4847],[-23.2292,65.4828],[-23.2489,65.4817],[-23.295,65.4833],[-23.3752,65.4914],[-23.6233,65.4644],[-23.6547,65.4567],[-23.6617,65.4505],[-23.7125,65.4222],[-23.7228,65.4172],[-23.7408,65.415],[-23.8794,65.4025],[-23.9072,65.403],[-23.9628,65.4097],[-23.9764,65.4131],[-23.9808,65.4161],[-23.9939,65.438],[-23.9975,65.45],[-24.0158,65.47],[-24.1833,65.4964],[-24.1905,65.4966],[-24.2189,65.5337],[-24.1615,65.6066],[-24.1579,65.6082],[-24.1572,65.608],[-24.15,65.6067],[-24.1436,65.6047],[-24.1358,65.5983],[-24.1261,65.593],[-24.1206,65.5905],[-24.0508,65.5647],[-24.0381,65.5608],[-23.8922,65.5181],[-23.8761,65.5161],[-23.8458,65.5189],[-23.8114,65.5283],[-23.8056,65.5305],[-23.8064,65.5325],[-23.9128,65.5531],[-24.0128,65.5947],[-24.0589,65.623],[-24.0678,65.6289],[-24.0714,65.6325],[-24.0795,65.6416],[-24.0627,65.6487],[-23.9608,65.6422],[-23.9475,65.6389],[-23.9108,65.6269],[-23.8114,65.6078],[-23.8033,65.6078],[-23.8044,65.6103],[-23.8142,65.6158],[-23.8294,65.6236],[-23.8694,65.6392],[-23.9169,65.6558],[-23.9294,65.6597],[-23.9386,65.66],[-23.9547,65.6619],[-23.9936,65.6672],[-24.0011,65.6686],[-24.0105,65.671],[-23.9726,65.6871],[-23.5848,65.6808],[-23.5735,65.6738],[-23.5715,65.6718],[-23.567,65.6644],[-23.5542,65.65],[-23.5533,65.6417],[-23.5272,65.6278],[-23.4117,65.6508],[-23.3436,65.6661],[-23.3658,65.67],[-23.3864,65.6683],[-23.4528,65.6725],[-23.5002,65.6908],[-23.267,65.7249],[-23.285,65.7364],[-23.2542,65.7381],[-23.2325,65.7394],[-23.2264,65.7417],[-23.1922,65.7758],[-23.2056,65.7792],[-23.2144,65.7786],[-23.2336,65.7725],[-23.255,65.7669],[-23.3075,65.7589],[-23.3193,65.7584],[-23.4261,65.8267],[-23.4771,65.8694],[-23.4464,65.8647],[-23.255,65.8372],[-23.2303,65.8347],[-23.2206,65.8355],[-23.2133,65.8375],[-23.2131,65.8397],[-23.2192,65.8417],[-23.3025,65.8553],[-23.3786,65.8672],[-23.4386,65.8775],[-23.5004,65.889],[-23.6083,65.9796],[-23.557,66.0349],[-23.5304,66.0297],[-23.4139,65.9989],[-23.4092,65.9961],[-23.3994,65.9906],[-23.3931,65.9886],[-23.3778,65.9864],[-23.3711,65.9867],[-23.4164,66.0264],[-23.4256,66.0322],[-23.5101,66.0572],[-23.5204,66.0578],[-23.5326,66.0577],[-23.5353,66.0583],[-23.4656,66.1334],[-23.3411,66.1337],[-22.9109,65.9444],[-22.6093,65.9231],[-22.5854,65.9361],[-22.5872,65.9303],[-22.5964,65.9136],[-22.5986,65.9103],[-22.6128,65.8986],[-22.6211,65.8889],[-22.645,65.8558],[-22.6564,65.8392],[-22.6561,65.8311],[-22.6528,65.8275],[-22.6464,65.8255],[-22.6417,65.828],[-22.6344,65.8342],[-22.5669,65.9125],[-22.5322,65.9583],[-22.4997,65.9661],[-22.4233,65.9242],[-22.4203,65.9208],[-22.4186,65.9164],[-22.4206,65.9089],[-22.4317,65.8755],[-22.4339,65.8722],[-22.4408,65.8664],[-22.4494,65.8611],[-22.46,65.8522],[-22.4625,65.8489],[-22.4667,65.838],[-22.4678,65.8342],[-22.4636,65.8322],[-22.4536,65.8322],[-22.445,65.8336],[-22.4356,65.8389],[-22.4247,65.8475],[-22.4017,65.8769],[-22.3947,65.8869],[-22.3858,65.9042],[-22.3883,65.9269],[-22.3975,65.9558],[-22.4094,65.9864],[-22.4128,65.99],[-22.5,66.077],[-22.5437,66.091],[-22.5601,66.1132],[-22.8079,66.2612],[-22.8014,66.2614],[-22.7425,66.2608],[-22.735,66.2594],[-22.6578,66.2422],[-22.5903,66.2311],[-22.5481,66.23],[-22.4586,66.2558],[-22.4342,66.2678],[-22.4453,66.2669],[-22.4933,66.265],[-22.5222,66.2658],[-22.5469,66.2686],[-22.6711,66.2867],[-22.7078,66.2939],[-22.792,66.3139],[-22.6764,66.3913],[-22.2184,66.2914],[-22.2025,66.2719],[-22.0864,66.2681],[-21.9997,66.2721],[-21.9605,66.2688],[-21.7664,66.1858],[-21.7553,66.1789],[-21.7303,66.1597],[-21.6442,66.0667],[-21.6372,66.0547],[-21.6372,66.0506],[-21.6383,66.0469],[-21.6514,66.0189],[-21.6186,66.0605],[-21.5106,66.0614],[-21.3994,66.0272],[-21.3925,65.983],[-21.5172,65.9708],[-21.5344,65.968],[-21.5936,65.9583],[-21.5997,65.9564],[-21.6031,65.9533],[-21.6006,65.9444],[-21.5942,65.9425],[-21.5853,65.9419],[-21.5756,65.9428],[-21.5519,65.9475],[-21.5411,65.9522],[-21.5325,65.9536],[-21.4733,65.9592],[-21.4636,65.96],[-21.4103,65.9617],[-21.3928,65.9603],[-21.3792,65.9571],[-21.3022,65.9339],[-21.2972,65.9314],[-21.2886,65.9253],[-21.2853,65.9217],[-21.2833,65.9178],[-21.2778,65.8905],[-21.2783,65.8561],[-21.3356,65.7367],[-21.3378,65.7333],[-21.3428,65.7308],[-21.3986,65.7039],[-21.4378,65.688],[-21.4717,65.6867],[-21.4767,65.6859],[-21.5892,65.688],[-21.5942,65.6906],[-21.6397,65.7239],[-21.6625,65.7422],[-21.6647,65.7461],[-21.665,65.7503],[-21.6639,65.7539],[-21.6647,65.7575],[-21.6703,65.7605],[-21.6817,65.765],[-21.7242,65.773],[-21.7706,65.7675],[-21.7778,65.7658],[-21.7758,65.7628],[-21.6528,65.6542],[-21.6483,65.6511],[-21.6239,65.6431],[-21.6028,65.6386],[-21.5867,65.6367],[-21.5349,65.6366],[-21.5041,65.6384],[-21.4933,65.6398],[-21.4829,65.6389],[-21.4214,65.6347],[-21.4064,65.6322],[-21.4005,65.6303],[-21.4947,65.568],[-21.1422,65.26],[-21.1217,65.2239],[-21.0844,65.1592],[-21.0761,65.1644],[-21.0667,65.1778],[-21.0667,65.1861],[-21.0678,65.1906],[-21.0756,65.2081],[-20.8306,65.3656],[-20.6725,65.424],[-20.3889,65.4755],[-20.1684,65.5559],[-20.1413,65.6506],[-20.2174,66.0006],[-20.0466,66.0777],[-19.9931,66.0242],[-19.9406,65.9578],[-19.9261,65.9397],[-19.9219,65.9367],[-19.8744,65.9106],[-19.8472,65.8989],[-19.7892,65.8844],[-19.7711,65.8833],[-19.7511,65.885],[-19.7431,65.8842],[-19.7369,65.8819],[-19.7003,65.8619],[-19.6981,65.8578],[-19.6617,65.7894],[-19.6564,65.7717],[-19.6525,65.7636],[-19.6475,65.7561],[-19.6356,65.7469],[-19.6075,65.7406],[-19.4606,65.7256],[-19.4567,65.7257],[-19.336,65.6739],[-19.2392,65.6668],[-19.1559,65.7253],[-19.2745,65.9293],[-19.1654,66.0026],[-19.0441,66.0174],[-18.6763,66.0912],[-18.5337,65.9999],[-18.54,65.9847],[-18.5408,65.9764],[-18.54,65.9728],[-18.5361,65.9697],[-18.53,65.9678],[-18.4697,65.959],[-18.369,65.8945],[-18.2067,65.8211],[-18.205,65.8119],[-18.1825,65.74],[-18.1806,65.7361],[-18.0917,65.6575],[-18.0694,65.6433],[-18.0633,65.6444],[-18.0514,65.653],[-18.0486,65.6564],[-18.0469,65.66],[-18.0467,65.6642],[-18.0578,65.7773],[-17.8838,65.7568],[-17.861,65.8371],[-18.0225,66.0778],[-17.6717,66.0275],[-17.6092,65.9875],[-17.4194,65.9844],[-17.4164,65.9878],[-17.4041,66.0038],[-16.9221,65.9776],[-16.568,66.0293],[-16.3757,66.1321],[-16.3852,66.4544],[-15.8599,66.4187],[-15.7153,66.3115],[-15.7206,66.3078],[-15.7389,66.2969],[-15.7497,66.2922],[-15.7289,66.2653],[-15.6978,66.2308],[-15.6914,66.2242],[-15.5894,66.2182],[-15.574,66.2068],[-15.4489,66.1706],[-15.3819,66.1428],[-15.3753,66.1444],[-15.37,66.1469],[-15.3691,66.1476],[-15.0708,66.0614],[-15.0436,66.0608],[-15.0114,66.05],[-14.9339,66.0422],[-14.8267,66.0455],[-14.8222,66.0483],[-14.7977,66.0554],[-14.7633,66.0547],[-14.6407,65.9453],[-14.6734,65.8737],[-14.7269,65.8492]]],[[[-21.5911,64.3811],[-21.5831,64.3825],[-21.5781,64.38],[-21.5769,64.3777],[-21.604,64.3782],[-21.5911,64.3811]]]]}},{"type":"Feature","properties":{"NAME":null,"ABBREVN":null,"type":null,"weblnks":null,"SUBJECTO":null,"BORDERPRECISION":1,"PARTOF":null},"geometry":{"type":"MultiPolygon","coordinates":[[[[-44.3803,59.9094],[-44.341,59.9398],[-44.3728,59.8948],[-44.3803,59.9094]]],[[[-43.3,60.0017],[-43.2892,59.9986],[-43.2094,59.9728],[-43.2042,59.9683],[-43.2242,59.9436],[-43.2303,59.938],[-43.2389,59.9344],[-43.295,59.9208],[-43.3536,59.9089],[-43.3639,59.91],[-43.3711,59.9142],[-43.3708,59.9192],[-43.3319,59.9919],[-43.3278,59.9972],[-43.3195,60.0008],[-43.3103,60.0028],[-43.3,60.0017]]],[[[-47.7586,60.8094],[-47.7542,60.8047],[-47.7583,60.8003],[-47.8116,60.7679],[-47.8224,60.7782],[-47.8347,60.8204],[-47.7586,60.8094]]],[[[-47.7706,60.7364],[-47.7458,60.7444],[-47.7381,60.7494],[-47.7203,60.7544],[-47.7106,60.7556],[-47.6608,60.7583],[-47.6508,60.7547],[-47.6586,60.7497],[-47.6922,60.7347],[-47.7089,60.7278],[-47.7557,60.7151],[-47.7793,60.7375],[-47.7706,60.7364]]],[[[-47.3583,60.7917],[-47.3519,60.7969],[-47.3436,60.8008],[-47.3347,60.8039],[-47.3156,60.8069],[-47.2864,60.8014],[-47.2723,60.7977],[-47.3175,60.7742],[-47.3583,60.7917]]],[[[-48.7814,61.3556],[-48.7619,61.3606],[-48.7431,61.3639],[-48.7136,61.3675],[-48.6931,61.368],[-48.6719,61.3675],[-48.5353,61.3639],[-48.5233,61.3611],[-48.5208,61.3564],[-48.5147,61.3467],[-48.5142,61.3417],[-48.5192,61.3256],[-48.5261,61.3214],[-48.535,61.3183],[-48.5433,61.3167],[-48.5833,61.3128],[-48.6536,61.3097],[-48.7038,61.3145],[-48.7838,61.3548],[-48.7814,61.3556]]],[[[-49.6839,62.2394],[-49.6733,62.24],[-49.6503,62.2378],[-49.6439,62.2336],[-49.6422,62.2236],[-49.6281,62.205],[-49.6267,62.2005],[-49.6276,62.1991],[-49.74,62.2299],[-49.6839,62.2394]]],[[[-50.5814,63.2056],[-50.5581,63.2061],[-50.5489,63.2022],[-50.54,63.1953],[-50.4836,63.1664],[-50.4753,63.1619],[-50.4714,63.1578],[-50.4686,63.1533],[-50.4719,63.1478],[-50.4806,63.1422],[-50.4889,63.138],[-50.5078,63.1325],[-50.5586,63.1243],[-50.5909,63.15],[-50.5958,63.2037],[-50.5814,63.2056]]],[[[-51.4214,64.4133],[-51.3364,64.493],[-51.3208,64.5042],[-51.2553,64.5417],[-51.2267,64.5561],[-51.1397,64.5661],[-51.1275,64.5672],[-51.0919,64.5667],[-51.0931,64.5614],[-51.1097,64.5497],[-51.1342,64.5344],[-51.1419,64.5286],[-51.1569,64.5164],[-51.1681,64.505],[-51.1706,64.4995],[-51.2797,64.4281],[-51.4173,64.3951],[-51.4214,64.4133]]],[[[-43.3397,60.0056],[-43.3589,59.9728],[-43.3917,59.9305],[-43.4,59.9261],[-43.4781,59.9086],[-43.5079,59.9166],[-43.4847,59.9919],[-43.4708,60.0233],[-43.4678,60.028],[-43.4617,60.0333],[-43.4533,60.038],[-43.4425,60.0375],[-43.3478,60.0142],[-43.3403,60.01],[-43.3397,60.0056]]],[[[-43.4781,60.0433],[-43.4822,60.0331],[-43.4889,60.0178],[-43.5167,59.9622],[-43.5442,59.9264],[-43.5788,59.9357],[-44.0523,60.1642],[-44.1245,60.1214],[-44.1328,60.1408],[-44.1308,60.1461],[-44.1217,60.1561],[-44.1139,60.1619],[-44.0975,60.1714],[-44.0886,60.1742],[-43.9861,60.1672],[-43.7617,60.1439],[-43.74,60.1414],[-43.7292,60.1394],[-43.6306,60.1175],[-43.3542,60.0844],[-43.2644,60.0789],[-43.1617,60.0694],[-43.14,60.0644],[-43.1328,60.06],[-43.1311,60.0553],[-43.1383,60.0217],[-43.1425,60.0164],[-43.1556,60.005],[-43.1625,60],[-43.1889,59.9908],[-43.1981,59.988],[-43.2283,59.9905],[-43.2389,59.9925],[-43.3311,60.0236],[-43.4372,60.0542],[-43.4592,60.0603],[-43.5247,60.078],[-43.5561,60.0808],[-43.575,60.078],[-43.5736,60.0733],[-43.5625,60.0703],[-43.4875,60.0567],[-43.4783,60.0525],[-43.4778,60.0483],[-43.4781,60.0433]]],[[[-44.4264,59.9511],[-44.4975,60.0086],[-44.4975,60.0136],[-44.4947,60.0242],[-44.465,60.0994],[-44.4461,60.1305],[-44.4422,60.1358],[-44.4344,60.1414],[-44.4256,60.1442],[-44.4058,60.1442],[-44.3747,60.1411],[-44.2792,60.1219],[-44.2697,60.1178],[-44.2647,60.1144],[-44.2185,60.0657],[-44.2761,60.0316],[-44.3159,59.9753],[-44.4014,59.95],[-44.4094,59.9478],[-44.4189,59.9469],[-44.4264,59.9511]]],[[[-47.0811,60.87],[-47.0836,60.8617],[-47.0825,60.8594],[-47.142,60.8571],[-47.0836,60.8747],[-47.0811,60.87]]],[[[-47.1892,60.8414],[-47.1855,60.8428],[-47.1896,60.8407],[-47.1892,60.8414]]],[[[-46.4561,60.8905],[-46.4289,60.8983],[-46.3464,60.9192],[-46.255,60.9403],[-46.2261,60.9469],[-46.2069,60.9497],[-46.1969,60.9458],[-46.1832,60.9359],[-46.1959,60.9352],[-46.3311,60.8719],[-46.4706,60.8863],[-46.4561,60.8905]]],[[[-47.1783,60.8719],[-47.1781,60.8669],[-47.215,60.8483],[-47.2314,60.8419],[-47.2411,60.8408],[-47.2517,60.8417],[-47.2558,60.8461],[-47.2583,60.8508],[-47.2586,60.8558],[-47.2522,60.8619],[-47.245,60.8664],[-47.21,60.8783],[-47.1994,60.88],[-47.1892,60.8778],[-47.1783,60.8719]]],[[[-47.1119,60.9236],[-47.0944,60.9283],[-47.0833,60.928],[-47.0733,60.9267],[-47.0819,60.9147],[-47.0819,60.9042],[-47.0889,60.8989],[-47.1231,60.8853],[-47.1408,60.8792],[-47.1711,60.8786],[-47.1717,60.8836],[-47.1119,60.9236]]],[[[-46.9661,60.9297],[-46.9581,60.9256],[-46.9667,60.9175],[-46.9825,60.9078],[-47.0014,60.9022],[-47.0294,60.8972],[-47.0503,60.8953],[-47.0494,60.9],[-46.9975,60.9311],[-46.9883,60.9331],[-46.9661,60.9297]]],[[[-46.4361,60.9567],[-46.4303,60.9525],[-46.4219,60.9433],[-46.4197,60.9386],[-46.4217,60.9333],[-46.4281,60.9272],[-46.4478,60.9236],[-46.4664,60.9222],[-46.4869,60.9219],[-46.4972,60.9228],[-46.5089,60.9256],[-46.5142,60.9305],[-46.5267,60.9889],[-46.5186,60.9936],[-46.5089,60.9947],[-46.4294,60.9758],[-46.4361,60.9567]]],[[[-42.4531,61.4414],[-42.4614,61.4358],[-42.4719,61.4361],[-42.4831,61.4392],[-42.4942,61.4447],[-42.4969,61.45],[-42.4967,61.455],[-42.4889,61.46],[-42.4353,61.4905],[-42.4267,61.4925],[-42.4024,61.4929],[-42.4116,61.4704],[-42.4531,61.4414]]],[[[-42.0639,62.7247],[-42.0542,62.7275],[-42.0439,62.7292],[-42.0331,62.7278],[-42.0253,62.7236],[-42.0214,62.7189],[-42.0197,62.7142],[-42.0203,62.7092],[-42.0308,62.6999],[-42.2589,62.7324],[-42.2988,62.7394],[-42.4285,62.7245],[-42.4478,62.7514],[-42.4414,62.7578],[-42.4333,62.7628],[-42.3744,62.7939],[-42.3261,62.7997],[-42.2628,62.8025],[-42.1431,62.7981],[-42.0172,62.7805],[-41.9961,62.775],[-41.9455,62.7354],[-41.9182,62.7358],[-41.8938,62.7402],[-41.8636,62.7394],[-41.8619,62.7347],[-41.8989,62.7233],[-41.9086,62.7208],[-41.9294,62.7183],[-41.9514,62.7208],[-41.9631,62.7239],[-41.9774,62.7307],[-41.9869,62.736],[-41.9904,62.7387],[-42.0047,62.7455],[-42.0278,62.7508],[-42.0486,62.7494],[-42.1931,62.7333],[-42.2031,62.7317],[-42.2036,62.7267],[-42.1922,62.7244],[-42.1703,62.7222],[-42.1475,62.7214],[-42.1044,62.7214],[-42.0844,62.7222],[-42.0639,62.7247]]],[[[-41.4822,63.0544],[-41.4922,63.0586],[-41.5192,63.0719],[-41.5261,63.0769],[-41.5264,63.0814],[-41.5172,63.0858],[-41.5072,63.0894],[-41.4678,63.1008],[-41.4478,63.1061],[-41.4269,63.1094],[-41.3733,63.11],[-41.3671,63.1086],[-41.4263,63.0476],[-41.4644,63.0492],[-41.4822,63.0544]]],[[[-41.3781,63.1286],[-41.4019,63.1325],[-41.4547,63.1622],[-41.4617,63.1672],[-41.4664,63.1714],[-41.4644,63.1861],[-41.4464,63.2075],[-41.4358,63.2092],[-41.3917,63.2061],[-41.3014,63.1961],[-41.2846,63.1936],[-41.3482,63.1281],[-41.3781,63.1286]]],[[[-41.8683,63.4528],[-41.8725,63.4619],[-41.8719,63.4667],[-41.865,63.4722],[-41.8547,63.4772],[-41.845,63.4808],[-41.8256,63.4856],[-41.7842,63.4922],[-41.7308,63.4967],[-41.7086,63.4961],[-41.6972,63.495],[-41.6736,63.4897],[-41.6633,63.4856],[-41.6117,63.4603],[-41.5569,63.4194],[-41.4425,63.4014],[-41.2842,63.3489],[-41.2614,63.343],[-41.2424,63.3366],[-41.223,63.3099],[-41.227,63.253],[-41.2644,63.2144],[-41.4308,63.2314],[-41.4411,63.2356],[-41.4911,63.2636],[-41.5156,63.2822],[-41.5253,63.2914],[-41.5389,63.3003],[-41.6169,63.3392],[-41.7064,63.3828],[-41.7153,63.3867],[-41.7275,63.3905],[-41.7511,63.3961],[-41.7636,63.3975],[-41.7986,63.4042],[-41.8097,63.4078],[-41.8458,63.425],[-41.8519,63.4294],[-41.8594,63.4386],[-41.8683,63.4528]]],[[[-41.3481,64.3022],[-41.3286,64.3114],[-41.3186,64.3147],[-41.297,64.3172],[-41.2742,64.3167],[-41.217,64.3071],[-41.3691,64.2884],[-41.3481,64.3022]]],[[[-40.865,64.8983],[-40.8664,64.9033],[-40.8647,64.9086],[-40.8588,64.9128],[-40.8277,64.8935],[-40.4836,64.6854],[-40.3507,64.5275],[-40.3539,64.4578],[-40.3803,64.4603],[-40.4278,64.4708],[-40.4728,64.4825],[-40.4833,64.4869],[-40.4903,64.4908],[-40.4961,64.4955],[-40.4997,64.5],[-40.5292,64.5564],[-40.5439,64.5953],[-40.5525,64.6308],[-40.57,64.678],[-40.5739,64.6869],[-40.6017,64.71],[-40.6764,64.7491],[-40.7628,64.7919],[-40.7853,64.8053],[-40.7914,64.81],[-40.8047,64.8239],[-40.8311,64.8564],[-40.865,64.8983]]],[[[-40.6161,65.0536],[-40.5889,65.0697],[-40.5797,65.0747],[-40.5689,65.0761],[-40.5564,65.0739],[-40.5056,65.0625],[-40.4942,65.0589],[-40.4836,65.0544],[-40.4822,65.0497],[-40.4886,65.025],[-40.4906,65.0205],[-40.4958,65.0153],[-40.507,65.0139],[-40.5175,65.0147],[-40.6161,65.0278],[-40.6244,65.0322],[-40.6253,65.0386],[-40.6214,65.0486],[-40.6161,65.0536]]],[[[-39.7744,65.3178],[-39.7858,65.3172],[-39.7981,65.3194],[-39.8017,65.3242],[-39.8033,65.3292],[-39.8044,65.3339],[-39.8033,65.3389],[-39.7865,65.356],[-39.7818,65.3519],[-39.7636,65.3174],[-39.7744,65.3178]]],[[[-37.2125,65.6844],[-37.2014,65.6886],[-37.1124,65.7188],[-37.2134,65.6812],[-37.2125,65.6844]]],[[[-37.3117,65.688],[-37.3125,65.6739],[-37.3164,65.6689],[-37.3828,65.6305],[-37.3939,65.6261],[-37.485,65.6072],[-37.5485,65.6006],[-37.4697,65.7446],[-37.44,65.7114],[-37.402,65.7091],[-37.3872,65.7088],[-37.3728,65.7074],[-37.3582,65.7049],[-37.35,65.7026],[-37.3208,65.6975],[-37.3153,65.6927],[-37.3117,65.688]]],[[[-37.3942,65.8136],[-37.2706,65.7605],[-37.2694,65.7558],[-37.2808,65.7525],[-37.3713,65.7534],[-37.3785,65.7539],[-37.3858,65.7554],[-37.3922,65.7581],[-37.3955,65.7608],[-37.4283,65.7664],[-37.4375,65.7758],[-37.4406,65.7805],[-37.4478,65.7846],[-37.4275,65.8218],[-37.3942,65.8136]]],[[[-51.6067,68.2528],[-51.5817,68.2569],[-51.4658,68.2625],[-51.4542,68.2578],[-51.4531,68.2483],[-51.4556,68.238],[-51.4642,68.2322],[-51.4997,68.2176],[-51.5605,68.2316],[-51.6457,68.2471],[-51.6067,68.2528]]],[[[-52.7414,68.5214],[-52.7372,68.5178],[-52.7319,68.5083],[-52.7361,68.4989],[-52.7497,68.4847],[-52.7561,68.4828],[-52.7717,68.4858],[-52.8334,68.5152],[-52.7977,68.5524],[-52.7414,68.5214]]],[[[-52.6922,68.548],[-52.5828,68.5825],[-52.5719,68.5853],[-52.5642,68.5861],[-52.5489,68.5867],[-52.5322,68.5855],[-52.4711,68.5744],[-52.4444,68.5667],[-52.4394,68.5608],[-52.4556,68.5542],[-52.4681,68.5514],[-52.5231,68.5422],[-52.5372,68.5405],[-52.6417,68.53],[-52.6586,68.5297],[-52.6744,68.5325],[-52.6842,68.5358],[-52.6933,68.5405],[-52.6947,68.5461],[-52.6922,68.548]]],[[[-36.7658,65.8544],[-36.7617,65.845],[-36.7611,65.84],[-36.7625,65.8353],[-36.7848,65.764],[-36.8838,65.756],[-36.938,65.7855],[-36.9428,65.8197],[-36.8228,65.8683],[-36.8114,65.8705],[-36.7994,65.8708],[-36.7872,65.8683],[-36.7769,65.8639],[-36.7678,65.8586],[-36.7658,65.8544]]],[[[-36.385,65.838],[-36.3794,65.8622],[-36.3781,65.868],[-36.3711,65.8775],[-36.3625,65.8825],[-36.3514,65.8867],[-36.2833,65.9122],[-36.2731,65.9158],[-36.2614,65.918],[-36.2497,65.9183],[-36.2389,65.9164],[-36.2322,65.9122],[-36.19,65.8833],[-36.1831,65.878],[-36.1886,65.8736],[-36.2033,65.8636],[-36.2122,65.8586],[-36.3197,65.8219],[-36.3561,65.8205],[-36.3681,65.8219],[-36.3819,65.8333],[-36.385,65.838]]],[[[-36.7397,65.8064],[-36.7497,65.9047],[-36.7483,65.9097],[-36.7261,65.9189],[-36.6808,65.9319],[-36.6367,65.9433],[-36.6011,65.9505],[-36.5667,65.9572],[-36.5433,65.96],[-36.5194,65.9597],[-36.5072,65.9569],[-36.5017,65.9522],[-36.5011,65.9475],[-36.5056,65.9328],[-36.5119,65.9133],[-36.5878,65.8155],[-36.5931,65.81],[-36.62,65.7953],[-36.7006,65.7905],[-36.7128,65.7922],[-36.7367,65.8017],[-36.7397,65.8064]]],[[[-33.9719,66.8192],[-33.9733,66.8242],[-33.9731,66.8286],[-33.9706,66.8397],[-33.9647,66.8469],[-33.9594,66.8511],[-33.9108,66.8716],[-33.9039,66.8741],[-33.8978,66.8744],[-33.8844,66.8725],[-33.8747,66.8683],[-33.8669,66.8599],[-33.9377,66.7892],[-33.9483,66.7886],[-33.9611,66.7889],[-33.9633,66.7917],[-33.9719,66.8192]]],[[[-23.2867,69.6411],[-23.3028,69.6394],[-23.3364,69.6397],[-23.3869,69.6439],[-23.4906,69.655],[-23.5069,69.6578],[-23.5194,69.6611],[-23.54,69.6708],[-23.5494,69.6767],[-23.5939,69.7083],[-23.5931,69.713],[-23.5642,69.7183],[-23.4736,69.7347],[-23.4614,69.7358],[-23.4447,69.7366],[-23.3161,69.7419],[-23.3075,69.7414],[-23.2894,69.7383],[-23.2603,69.728],[-23.2569,69.7261],[-23.2294,69.6869],[-23.2217,69.6694],[-23.225,69.6633],[-23.2328,69.6578],[-23.2461,69.6528],[-23.2867,69.6411]]],[[[-28.7192,83.4317],[-28.6647,83.4239],[-28.6025,83.4161],[-28.5597,83.4161],[-28.3175,83.4194],[-28.2094,83.4264],[-27.9419,83.4064],[-27.1738,83.3856],[-26.4208,83.3423],[-26.0062,83.2129],[-26.0389,83.2066],[-26.1222,83.2019],[-26.3044,83.1969],[-26.7114,83.1625],[-26.8689,83.1483],[-26.9561,83.1436],[-27.0872,83.1411],[-27.2275,83.1419],[-27.3758,83.1397],[-27.6092,83.1344],[-27.7569,83.1347],[-28.0603,83.1389],[-28.1619,83.1428],[-28.2208,83.1455],[-28.2764,83.1492],[-28.4883,83.1589],[-28.5997,83.1633],[-28.81,83.1694],[-29.3444,83.1755],[-29.5533,83.1739],[-29.6444,83.1719],[-29.7936,83.1714],[-29.9494,83.1725],[-30.0475,83.1714],[-30.1886,83.1672],[-30.3742,83.1605],[-30.4611,83.1564],[-30.5439,83.1505],[-30.6217,83.1441],[-30.6958,83.1344],[-30.735,83.1278],[-30.7694,83.1205],[-30.8058,83.1144],[-30.8406,83.1114],[-30.93,83.1105],[-30.9728,83.1114],[-31.0572,83.11],[-31.1322,83.1066],[-31.3103,83.0955],[-31.5047,83.0792],[-31.5842,83.0703],[-31.6139,83.0655],[-31.6419,83.0594],[-31.6603,83.0569],[-31.9292,83.0517],[-32.0219,83.0525],[-32.1378,83.0594],[-32.3011,83.0758],[-32.3375,83.0806],[-32.3925,83.0897],[-32.4631,83.0983],[-32.515,83.1025],[-32.7939,83.1205],[-33.0742,83.1386],[-33.2281,83.1461],[-33.3342,83.1494],[-33.3878,83.1505],[-33.4747,83.1469],[-33.4831,83.1422],[-33.2536,83.1183],[-33.2106,83.118],[-33.1186,83.1214],[-33.015,83.12],[-32.9672,83.1178],[-32.8828,83.1108],[-32.7567,83.0989],[-32.6481,83.0886],[-32.5947,83.0806],[-32.5192,83.0633],[-32.4981,83.0578],[-32.4714,83.0469],[-32.4731,83.0408],[-32.4947,83.0361],[-32.5231,83.0325],[-32.6844,83.0205],[-32.7525,83.0197],[-32.9556,83.0169],[-33.3011,83.0014],[-33.56,82.988],[-33.6056,82.985],[-33.7189,82.9744],[-33.7742,82.9672],[-33.8347,82.9589],[-33.9303,82.948],[-34.0075,82.9414],[-34.1317,82.9355],[-34.1764,82.9339],[-34.3172,82.9311],[-34.4064,82.9305],[-34.5394,82.9311],[-34.71,82.9319],[-34.7619,82.9311],[-34.9567,82.918],[-35.1683,82.9111],[-35.3033,82.9094],[-35.4069,82.9111],[-35.5056,82.9111],[-35.5453,82.9103],[-35.6086,82.9066],[-35.6181,82.9042],[-35.6178,82.9011],[-35.5953,82.8989],[-35.5633,82.8978],[-35.5189,82.8983],[-35.4325,82.8969],[-35.3539,82.895],[-35.3142,82.8928],[-35.2964,82.8864],[-35.3158,82.8844],[-35.3956,82.8719],[-35.4194,82.8658],[-35.5447,82.7708],[-35.5514,82.7644],[-35.5506,82.7583],[-35.5403,82.7531],[-35.5253,82.7478],[-35.4883,82.743],[-35.435,82.7414],[-35.3981,82.7572],[-35.3781,82.7953],[-35.3075,82.8447],[-35.2881,82.8497],[-35.2714,82.8525],[-35.0314,82.89],[-34.9681,82.8983],[-34.8869,82.9064],[-34.8011,82.9108],[-34.7072,82.9128],[-34.6261,82.913],[-34.4167,82.9083],[-34.3206,82.9078],[-34.0669,82.9108],[-34.02,82.9103],[-33.9467,82.9055],[-33.9244,82.9033],[-33.8981,82.8994],[-33.8861,82.8964],[-33.8553,82.8858],[-33.8317,82.8766],[-33.8114,82.8594],[-33.8056,82.8475],[-33.8025,82.8306],[-33.8075,82.8261],[-33.8381,82.8158],[-33.9122,82.8025],[-33.9275,82.7972],[-33.9375,82.7933],[-33.9139,82.7886],[-33.8819,82.7889],[-33.8381,82.7939],[-33.7586,82.81],[-33.6986,82.8244],[-33.6903,82.8308],[-33.6844,82.8367],[-33.6839,82.8428],[-33.688,82.8492],[-33.7011,82.8608],[-33.7144,82.8722],[-33.7319,82.8886],[-33.7375,82.9036],[-33.7344,82.9089],[-33.7289,82.913],[-33.7108,82.9189],[-33.6906,82.9236],[-33.6681,82.9275],[-33.5719,82.9414],[-33.5369,82.9453],[-33.4714,82.9503],[-33.3564,82.9566],[-33.1811,82.9653],[-33.0008,82.9719],[-32.9533,82.9728],[-32.8094,82.9725],[-32.5436,82.9797],[-32.3486,82.9822],[-32.1747,82.9883],[-32.2019,82.9894],[-32.0636,82.993],[-31.9758,82.9941],[-31.9336,82.9936],[-31.8428,82.9897],[-31.7753,82.9836],[-31.73,82.9728],[-31.7194,82.968],[-31.7151,82.9575],[-31.7225,82.948],[-31.7247,82.9419],[-31.7197,82.9361],[-31.7092,82.9314],[-31.6661,82.9283],[-31.6436,82.9292],[-31.6303,82.9308],[-31.5931,82.9375],[-31.5808,82.9427],[-31.5811,82.9483],[-31.5867,82.9528],[-31.5147,82.9733],[-31.5055,82.9843],[-31.5015,82.987],[-31.4897,82.9903],[-31.4697,82.9947],[-31.4473,82.9977],[-31.4237,83.0003],[-31.3713,83.0033],[-31.2258,83.023],[-31.1417,83.0311],[-31.0283,83.0469],[-30.9567,83.0591],[-30.8828,83.0703],[-30.8456,83.0742],[-30.7772,83.0786],[-30.7008,83.0797],[-30.5519,83.0794],[-30.5047,83.0783],[-30.4031,83.0789],[-30.3567,83.0803],[-30.3161,83.0847],[-30.2794,83.0905],[-30.2158,83.1075],[-30.1839,83.1139],[-30.1422,83.1197],[-30.0594,83.1255],[-29.8772,83.1314],[-29.6353,83.1344],[-29.5408,83.1347],[-29.4364,83.1344],[-29.2953,83.1319],[-29.1906,83.1289],[-28.92,83.1167],[-28.7644,83.1105],[-28.5531,83.105],[-28.505,83.1014],[-28.2675,83.0742],[-28.27,83.0686],[-28.2631,83.0625],[-28.2528,83.0569],[-28.2169,83.0458],[-28.1775,83.0419],[-28.1311,83.0433],[-28.1022,83.05],[-28.06,83.0628],[-28.0372,83.0683],[-28.0067,83.0739],[-27.9647,83.078],[-27.9258,83.0792],[-27.8658,83.0775],[-27.8189,83.0739],[-27.7203,83.0686],[-27.6169,83.0653],[-27.2733,83.0589],[-27.1739,83.0572],[-26.665,83.0608],[-26.6119,83.063],[-26.5928,83.0664],[-26.5656,83.0725],[-26.5494,83.0778],[-26.5192,83.0819],[-26.4844,83.0855],[-26.38,83.0941],[-26.2594,83.1033],[-26.0753,83.1161],[-25.8256,83.1291],[-25.7514,83.1334],[-25.3236,82.9999],[-24.9711,82.9377],[-24.9747,82.9369],[-25.0258,82.9244],[-25.0908,82.9078],[-25.1244,82.8972],[-25.1336,82.8922],[-25.1364,82.8825],[-25.2431,82.8441],[-25.3353,82.8342],[-25.5231,82.8022],[-25.5678,82.7897],[-25.6069,82.7839],[-25.7419,82.7778],[-25.7914,82.7769],[-25.8783,82.778],[-25.9011,82.7775],[-25.8969,82.7747],[-25.8781,82.7722],[-25.8528,82.7708],[-25.8006,82.7694],[-25.7378,82.7689],[-25.6322,82.7711],[-25.5733,82.7733],[-25.4878,82.7792],[-25.4139,82.7875],[-25.3608,82.7944],[-25.2736,82.805],[-25.2597,82.8064],[-25.2317,82.8089],[-25.0811,82.8189],[-24.9986,82.8272],[-24.8644,82.8478],[-24.7906,82.8605],[-24.7208,82.8736],[-24.6464,82.8897],[-24.6183,82.8955],[-24.5985,82.8975],[-24.5699,82.8991],[-24.5372,82.9],[-24.4811,82.8992],[-24.4292,82.8953],[-24.3961,82.8905],[-24.3461,82.885],[-24.2956,82.8819],[-24.2464,82.88],[-24.2067,82.8797],[-24.1869,82.883],[-24.1783,82.8892],[-24.1622,82.8953],[-24.1344,82.8986],[-24.0292,82.9091],[-24.0049,82.9108],[-23.8613,82.8892],[-23.8775,82.8867],[-23.9608,82.8775],[-24.0014,82.8716],[-24.0256,82.8655],[-24.0269,82.8597],[-24.0222,82.7572],[-23.9908,82.7569],[-23.9467,82.7586],[-23.8483,82.7672],[-23.7681,82.7783],[-23.7472,82.7839],[-23.7383,82.79],[-23.7511,82.8014],[-23.7531,82.8066],[-23.7483,82.813],[-23.6978,82.8306],[-23.6878,82.8322],[-23.535,82.844],[-23.169,82.8106],[-23.1733,82.8008],[-23.1603,82.7953],[-23.1161,82.7903],[-23.0836,82.7886],[-22.9731,82.79],[-22.9442,82.788],[-22.9122,82.7833],[-22.8825,82.7725],[-22.8769,82.7667],[-22.8639,82.7611],[-22.8339,82.7583],[-22.6957,82.7674],[-22.4324,82.7433],[-22.2319,82.5596],[-22.3688,82.5055],[-22.59,82.4191],[-23.3474,82.3533],[-24.3837,82.2977],[-24.9023,82.2434],[-25.4572,82.221],[-26.1184,82.2514],[-27.3924,82.2806],[-28.3914,82.3104],[-29.0164,82.2345],[-29.7428,82.2224],[-30.6127,82.2099],[-30.9495,82.2023],[-31.0775,82.2056],[-31.1583,82.2056],[-31.2039,82.2044],[-31.3208,82.1986],[-31.3639,82.198],[-31.4019,82.1986],[-31.4506,82.2008],[-31.5533,82.2078],[-31.5914,82.2083],[-31.6189,82.2075],[-31.6222,82.2039],[-31.6211,82.2014],[-31.5717,82.1953],[-31.5497,82.1936],[-31.4283,82.188],[-31.2441,82.1858],[-31.8031,82.1226],[-32.0028,82.0695],[-32.5981,81.9736],[-32.6739,81.8685],[-32.7722,81.8605],[-32.9028,81.8433],[-32.9383,81.8383],[-33.0025,81.8283],[-33.0494,81.8189],[-33.0614,81.8128],[-33.0983,81.7739],[-33.0461,81.6664],[-33.0325,81.6597],[-33.0183,81.6564],[-32.9675,81.6586],[-32.9331,81.6622],[-32.8856,81.6691],[-32.6522,81.6758],[-32.6183,81.6764],[-32.5644,81.6805],[-32.5378,81.6864],[-32.5292,81.6904],[-32.4145,81.6516],[-31.2665,81.7783],[-30.6513,81.8107],[-28.8907,81.7937],[-27.8905,81.8479],[-26.8417,81.8501],[-26.3933,81.8615],[-25.9747,81.8311],[-25.5612,81.7298],[-25.6622,81.7183],[-25.7672,81.7042],[-25.8019,81.6991],[-25.8667,81.6883],[-25.9042,81.683],[-26.1428,81.6514],[-26.2167,81.6455],[-26.3578,81.6291],[-26.4725,81.6108],[-26.635,81.588],[-26.6925,81.5806],[-26.8419,81.5616],[-26.8656,81.5591],[-26.93,81.5547],[-27.1542,81.5425],[-27.4564,81.5214],[-27.5153,81.5155],[-27.5756,81.5083],[-27.5969,81.5047],[-27.6147,81.4983],[-27.6261,81.4919],[-27.6308,81.4861],[-27.6256,81.4797],[-27.6189,81.475],[-27.5775,81.4644],[-27.5175,81.4544],[-27.4806,81.4517],[-27.4525,81.4505],[-27.3914,81.4494],[-27.3597,81.4503],[-27.3061,81.455],[-27.2731,81.455],[-27.2525,81.4544],[-27.235,81.4511],[-27.1844,81.4083],[-27.1883,81.4036],[-27.2111,81.3986],[-27.303,81.3895],[-27.3756,81.3914],[-27.4108,81.3931],[-27.4553,81.3967],[-27.5161,81.3978],[-27.5539,81.3967],[-27.5728,81.3911],[-27.5692,81.3883],[-27.5536,81.3869],[-27.4828,81.383],[-27.3286,81.3808],[-27.2731,81.3836],[-27.0361,81.4033],[-26.9892,81.4075],[-26.9103,81.4178],[-26.8819,81.4216],[-26.8219,81.4311],[-26.7681,81.4405],[-26.7539,81.4447],[-26.7383,81.4508],[-26.7133,81.4622],[-26.6858,81.4719],[-26.6381,81.4811],[-26.6042,81.4858],[-26.5475,81.4933],[-26.4531,81.5028],[-26.3433,81.5108],[-26.3058,81.5128],[-26.0631,81.5344],[-25.5261,81.5941],[-25.3531,81.6155],[-25.1829,81.6371],[-25.1785,81.636],[-24.8766,81.5954],[-24.3873,81.679],[-23.6388,81.7738],[-22.9476,81.9002],[-22.0636,81.9648],[-22.0143,81.9263],[-22.0103,81.9158],[-21.9597,81.7681],[-21.9736,81.733],[-22.1208,81.555],[-22.1743,81.5062],[-22.9344,81.2965],[-22.9528,81.2955],[-22.9642,81.2933],[-22.9736,81.2894],[-22.971,81.2864],[-23.0953,81.2521],[-23.5329,81.0999],[-24.1096,80.7694],[-24.0886,80.7161],[-24.1556,80.713],[-24.3878,80.6889],[-24.4194,80.6844],[-24.4319,80.678],[-24.4039,80.6739],[-24.3694,80.6758],[-24.3375,80.6805],[-24.3047,80.6841],[-24.2364,80.6889],[-24.1722,80.6911],[-24.1392,80.6916],[-24.0994,80.6911],[-24.0785,80.6902],[-24.0751,80.6815],[-24.155,80.6722],[-24.1803,80.6667],[-24.3164,80.6311],[-24.5172,80.5694],[-24.5386,80.5603],[-24.545,80.5542],[-24.5447,80.5508],[-24.5394,80.545],[-24.5117,80.5408],[-24.4747,80.5397],[-24.4078,80.5444],[-24.3819,80.5489],[-24.2928,80.5686],[-24.2289,80.5839],[-24.1647,80.5992],[-24.0433,80.6244],[-24.0416,80.6248],[-23.9117,80.5628],[-23.5533,80.6028],[-23.3388,80.623],[-22.6119,80.8718],[-21.8173,81.1135],[-21.1817,81.2866],[-20.4141,81.4307],[-20.2974,81.4617],[-20.3056,81.4511],[-20.2961,81.4453],[-20.2522,81.4236],[-20.2353,81.4222],[-20.1078,81.433],[-20.0814,81.4386],[-19.9992,81.4633],[-19.9656,81.4742],[-19.9614,81.4792],[-19.9411,81.4908],[-19.9242,81.4958],[-19.5567,81.5519],[-19.2289,81.555],[-19.0956,81.5505],[-18.9947,81.5455],[-18.9736,81.5419],[-18.9647,81.5361],[-18.9442,81.5135],[-18.8944,81.48],[-18.8761,81.4739],[-18.8364,81.4725],[-18.8058,81.4783],[-18.7942,81.4822],[-18.7792,81.4941],[-18.7742,81.4989],[-18.7711,81.5086],[-18.775,81.5191],[-18.7636,81.5242],[-18.7489,81.5286],[-18.7361,81.5297],[-18.7228,81.5297],[-18.6958,81.5272],[-18.5161,81.4892],[-18.5111,81.4839],[-18.5064,81.4694],[-18.4981,81.4639],[-18.4769,81.4592],[-18.4494,81.4544],[-18.4222,81.4508],[-18.2758,81.4403],[-18.2494,81.4386],[-18.0172,81.468],[-18.0092,81.4864],[-18.0274,81.5207],[-17.9635,81.5177],[-17.7985,81.5508],[-17.7842,81.5522],[-17.7681,81.5568],[-17.2897,81.6528],[-16.9734,81.7984],[-16.4654,81.9036],[-15.7855,81.9051],[-15.7383,81.9033],[-15.6631,81.9014],[-15.6219,81.9025],[-15.5825,81.9055],[-15.4988,81.9057],[-14.7463,81.8552],[-14.2525,81.8354],[-13.714,81.7742],[-13.2033,81.6718],[-12.7051,81.6213],[-12.5631,81.5086],[-12.5826,81.4792],[-12.5828,81.4792],[-12.6039,81.4755],[-12.7539,81.4556],[-12.8478,81.4455],[-12.9842,81.4253],[-13.0656,81.4122],[-13.1133,81.4036],[-13.1342,81.398],[-13.2064,81.3714],[-13.2208,81.3658],[-13.2439,81.3514],[-13.2386,81.3475],[-13.2331,81.3436],[-13.2219,81.3378],[-13.2042,81.3328],[-13.1989,81.328],[-13.2197,81.3222],[-13.2467,81.3175],[-13.3417,81.308],[-13.3708,81.3069],[-13.4092,81.3069],[-13.4792,81.3083],[-13.5119,81.3055],[-13.5453,81.3],[-13.5986,81.2897],[-13.6522,81.2783],[-13.6689,81.2742],[-13.6967,81.2636],[-13.7011,81.2572],[-13.7024,81.2564],[-14.2019,81.2101],[-14.4115,81.127],[-14.6272,81.1339],[-14.8744,81.135],[-14.9753,81.1283],[-15.1403,81.0889],[-15.1406,81.0833],[-15.1347,81.0775],[-14.9533,81.0047],[-14.9411,81.0008],[-14.9108,80.993],[-14.8803,80.9892],[-14.81,80.9828],[-14.7812,80.978],[-14.9826,80.8733],[-15.0547,80.8678],[-15.0881,80.8672],[-15.2861,80.865],[-15.5661,80.8555],[-15.6392,80.8508],[-15.6756,80.8469],[-15.83,80.83],[-15.9233,80.8022],[-15.9201,80.7976],[-15.92,80.793],[-16.005,80.7286],[-16.0292,80.7267],[-16.0531,80.7258],[-16.0831,80.7258],[-16.1522,80.7292],[-16.2183,80.73],[-16.3172,80.7292],[-16.3769,80.7272],[-16.41,80.7258],[-16.4961,80.7191],[-16.6386,80.7064],[-16.6744,80.7061],[-16.7167,80.7092],[-16.7533,80.7136],[-16.79,80.7194],[-16.8628,80.7269],[-17.0658,80.7403],[-17.1322,80.7428],[-17.2258,80.745],[-17.4661,80.7436],[-17.6039,80.7419],[-17.64,80.7419],[-17.6644,80.7428],[-17.6942,80.7463],[-17.7047,80.7486],[-17.7492,80.76],[-17.8144,80.7819],[-17.9592,80.8053],[-18.0225,80.7922],[-18.0336,80.7531],[-18.0131,80.7425],[-17.9983,80.7319],[-17.9969,80.7261],[-18.0044,80.7208],[-18.0178,80.7144],[-18.0375,80.71],[-18.0756,80.7064],[-18.1169,80.703],[-18.1703,80.7008],[-18.2228,80.6966],[-18.3089,80.6825],[-18.3594,80.6714],[-18.3817,80.6655],[-18.4139,80.6536],[-18.4467,80.6428],[-18.4689,80.6386],[-18.5433,80.6283],[-18.5778,80.6253],[-18.6772,80.6194],[-18.7511,80.6183],[-18.8233,80.6208],[-18.8597,80.6233],[-18.8964,80.6269],[-18.9678,80.6353],[-19.115,80.6394],[-19.3658,80.6417],[-19.4028,80.6441],[-19.4786,80.655],[-19.5911,80.6675],[-19.6253,80.6703],[-19.7844,80.6794],[-20.0517,80.6878],[-20.0875,80.6872],[-20.1222,80.685],[-20.1894,80.6753],[-20.2467,80.6636],[-20.3842,80.633],[-20.4106,80.6269],[-20.4286,80.6214],[-20.4406,80.615],[-20.4433,80.6091],[-20.4583,80.603],[-20.4789,80.5969],[-20.5119,80.5917],[-20.5797,80.585],[-20.6806,80.5792],[-20.7886,80.5761],[-20.8564,80.5758],[-20.9669,80.5775],[-21.0333,80.5794],[-21.0731,80.5814],[-21.1444,80.5822],[-21.18,80.5817],[-21.2147,80.58],[-21.2475,80.5755],[-21.2533,80.5703],[-21.2472,80.565],[-21.2211,80.5605],[-21.1903,80.558],[-21.0903,80.5542],[-21.0247,80.5533],[-20.9603,80.5542],[-20.9314,80.5558],[-20.8731,80.5575],[-20.8428,80.5561],[-20.8114,80.5525],[-20.8089,80.5478],[-20.8114,80.5419],[-20.8261,80.5253],[-20.8358,80.5211],[-20.8439,80.5142],[-20.8383,80.5036],[-20.8117,80.4983],[-20.7769,80.4989],[-20.7433,80.5022],[-20.7197,80.5078],[-20.7053,80.5139],[-20.6706,80.5375],[-20.6644,80.543],[-20.6531,80.5494],[-20.6428,80.5525],[-20.4667,80.5667],[-20.3633,80.5728],[-20.3289,80.5753],[-20.2981,80.5789],[-20.2622,80.5847],[-20.2414,80.5908],[-20.1725,80.6208],[-20.1664,80.6325],[-20.1564,80.6367],[-20.1406,80.6417],[-20.1269,80.6441],[-20.0686,80.6469],[-19.9358,80.65],[-19.8022,80.6447],[-19.6556,80.6358],[-19.5575,80.6291],[-19.5317,80.6244],[-19.5175,80.6189],[-19.5153,80.613],[-19.5072,80.6083],[-19.4899,80.603],[-19.4717,80.6003],[-19.2442,80.5867],[-19.2081,80.5853],[-19.1722,80.5844],[-19.1078,80.5861],[-19.0406,80.5892],[-18.9244,80.5869],[-18.8911,80.5847],[-18.7022,80.5669],[-18.6275,80.555],[-18.5125,80.5455],[-18.23,80.5466],[-18.1653,80.5469],[-18.1306,80.5491],[-18.0047,80.5647],[-17.9669,80.5683],[-17.9319,80.5694],[-17.8614,80.5697],[-17.6961,80.598],[-17.5589,80.6228],[-17.5331,80.6264],[-17.4769,80.6291],[-17.4386,80.6297],[-17.3722,80.6253],[-17.2994,80.6158],[-17.2386,80.6055],[-17.0714,80.5778],[-16.9753,80.5664],[-16.7803,80.5633],[-16.5381,80.56],[-16.5028,80.5591],[-16.2247,80.5405],[-16.2128,80.5386],[-16.201,80.5348],[-16.4409,80.451],[-16.9196,80.411],[-17.3327,80.4297],[-18.0492,80.4087],[-19.045,80.4262],[-19.7158,80.3373],[-20.0447,80.2397],[-20.0537,80.23],[-20.0619,80.2255],[-20.0825,80.2142],[-20.1028,80.2017],[-20.1147,80.19],[-20.1264,80.1783],[-20.1353,80.1722],[-20.1494,80.1664],[-20.1989,80.15],[-20.2247,80.1439],[-20.2772,80.1355],[-20.3733,80.1225],[-20.46,80.1144],[-20.5203,80.1108],[-20.5547,80.1058],[-20.555,80.1005],[-20.5311,80.098],[-20.4961,80.0955],[-20.3933,80.093],[-20.3686,80.0886],[-20.3636,80.0833],[-20.4331,80.0458],[-20.4644,80.0405],[-20.5253,80.0389],[-20.5525,80.0375],[-20.5797,80.035],[-20.5992,80.0289],[-20.6028,80.025],[-20.5953,80.0214],[-20.495,79.9994],[-20.4764,79.9947],[-20.4653,79.9897],[-20.4708,79.9833],[-20.4842,79.9764],[-20.57,79.9458],[-20.7061,79.8944],[-20.7308,79.8828],[-20.7414,79.8764],[-20.755,79.865],[-20.7497,79.8597],[-20.7258,79.8561],[-20.71,79.8575],[-20.5811,79.8589],[-20.4961,79.8542],[-20.4122,79.8453],[-20.3722,79.8186],[-20.3489,79.7728],[-20.3535,79.7669],[-20.3544,79.7611],[-20.3269,79.7605],[-20.2686,79.7642],[-20.2344,79.7672],[-20.2147,79.7722],[-20.1944,79.788],[-20.1906,79.7922],[-20.1819,79.7969],[-20.1622,79.8022],[-20.1319,79.8083],[-20.0694,79.8169],[-20.0428,79.8183],[-19.9711,79.8247],[-19.9275,79.8314],[-19.8864,79.8389],[-19.8767,79.8419],[-19.8786,79.8466],[-19.9083,79.8458],[-19.975,79.8405],[-20.1217,79.823],[-20.1469,79.8178],[-20.1575,79.8167],[-20.1844,79.8155],[-20.2069,79.8169],[-20.2147,79.8219],[-20.2572,79.8814],[-20.2171,79.9009],[-20.193,79.8538],[-19.3159,79.9912],[-18.6046,80.0118],[-17.7692,79.9666],[-17.7688,79.9218],[-17.8319,79.8944],[-17.8519,79.8825],[-17.8558,79.8766],[-17.8731,79.8664],[-17.9911,79.8167],[-18.0214,79.8058],[-18.1911,79.7611],[-18.2225,79.755],[-18.2753,79.7478],[-18.2989,79.7453],[-18.3658,79.7403],[-18.4306,79.7389],[-18.4967,79.7411],[-18.5969,79.75],[-18.665,79.7592],[-18.7636,79.7703],[-18.8619,79.7786],[-18.9392,79.7817],[-19.1661,79.79],[-19.1992,79.7905],[-19.2286,79.7889],[-19.26,79.7847],[-19.2906,79.7783],[-19.3158,79.7722],[-19.4261,79.745],[-19.4456,79.7389],[-19.5167,79.71],[-19.6219,79.6655],[-19.6314,79.6614],[-19.6378,79.6497],[-19.6308,79.6461],[-19.5836,79.635],[-19.5764,79.63],[-19.5775,79.6186],[-19.5858,79.5833],[-19.5917,79.5697],[-19.595,79.5639],[-19.6008,79.5586],[-19.6256,79.5525],[-19.6456,79.5491],[-19.6844,79.5392],[-19.7136,79.5308],[-19.725,79.5264],[-19.7336,79.5205],[-19.7989,79.4619],[-19.8022,79.4569],[-19.8,79.4511],[-19.7361,79.4292],[-19.6817,79.4322],[-19.6472,79.4042],[-19.6564,79.3503],[-19.6678,79.3311],[-19.6792,79.3192],[-19.6911,79.3094],[-19.7289,79.2847],[-19.7794,79.2664],[-19.7958,79.2547],[-19.8711,79.1997],[-19.8747,79.1822],[-19.8739,79.1667],[-19.8689,79.153],[-19.8603,79.1508],[-19.8386,79.1483],[-19.8022,79.1614],[-19.6775,79.23],[-19.6772,79.2364],[-19.6489,79.2797],[-19.62,79.315],[-19.6119,79.3211],[-19.5981,79.3272],[-19.5736,79.3311],[-19.5578,79.3314],[-19.5367,79.3308],[-19.5154,79.3301],[-19.5463,79.2124],[-19.565,79.2053],[-19.5683,79.2003],[-19.5686,79.1939],[-19.5614,79.1883],[-19.556,79.1858],[-19.5998,79.1197],[-19.6192,79.1186],[-19.64,79.1191],[-19.6622,79.1247],[-19.7269,79.1255],[-19.8528,79.1241],[-19.93,79.1178],[-20.0911,79.0636],[-20.0769,79.0542],[-20.0294,79.0372],[-19.9944,79.0261],[-19.9239,78.9747],[-19.9147,78.9642],[-19.9061,78.9408],[-19.9064,78.9292],[-19.9172,78.9175],[-19.9331,78.9055],[-19.9586,78.8936],[-19.9767,78.8875],[-19.9992,78.8814],[-20.0181,78.8772],[-20.0394,78.8733],[-20.0997,78.8672],[-20.1583,78.8633],[-20.2086,78.8628],[-20.2644,78.8639],[-20.3236,78.8672],[-20.4786,78.8819],[-20.5964,78.8922],[-20.6197,78.8933],[-20.6644,78.8917],[-20.6828,78.8883],[-20.7489,78.8614],[-20.7625,78.8519],[-20.7728,78.8411],[-20.7953,78.8358],[-20.8244,78.8333],[-20.8747,78.8336],[-20.8981,78.8355],[-20.9222,78.8386],[-20.9558,78.8403],[-20.9786,78.8405],[-21.0075,78.838],[-21.1825,78.81],[-21.1853,78.8061],[-21.1842,78.803],[-21.1592,78.7983],[-21.1289,78.7978],[-21.0992,78.7983],[-21.0775,78.7744],[-21.0128,78.7105],[-20.9911,78.7069],[-20.9836,78.7053],[-21.0102,78.6767],[-21.1083,78.6611],[-21.1281,78.6605],[-21.21,78.6661],[-21.2644,78.6658],[-21.3842,78.6578],[-21.4028,78.6555],[-21.4208,78.6522],[-21.4289,78.648],[-21.4269,78.6444],[-21.3592,78.6272],[-21.3478,78.6244],[-21.3378,78.6236],[-21.3114,78.6255],[-21.2539,78.6339],[-21.1717,78.6428],[-21.1425,78.6444],[-21.0355,78.6495],[-21.2557,78.4126],[-21.3017,78.3621],[-21.3619,78.3169],[-21.3731,78.3055],[-21.3775,78.2947],[-21.3778,78.2782],[-21.5122,78.1303],[-21.5128,78.1303],[-21.5728,78.1369],[-21.6439,78.1417],[-21.6683,78.1431],[-21.6922,78.1436],[-21.7156,78.1431],[-21.7381,78.1405],[-21.7589,78.1344],[-21.7569,78.1305],[-21.5667,78.1103],[-21.5306,78.11],[-21.599,78.0347],[-21.6133,78.0322],[-21.7069,78.0125],[-21.7369,78.0017],[-21.8369,77.9216],[-21.8356,77.9186],[-21.8156,77.9161],[-21.7839,77.9178],[-21.7539,77.9233],[-21.7228,77.9358],[-21.7139,77.9414],[-21.69,77.9542],[-21.6708,77.9633],[-21.6599,77.9676],[-21.7,77.9235],[-21.7186,77.8806],[-21.7225,77.8783],[-21.7669,77.8558],[-21.7825,77.8497],[-21.8972,77.8066],[-22.0314,77.6991],[-22.0394,77.6883],[-22.0344,77.683],[-22.0114,77.6783],[-21.8917,77.6761],[-21.8561,77.6833],[-21.8372,77.6861],[-21.8106,77.6878],[-21.6475,77.6861],[-21.5635,77.6294],[-21.5204,77.6193],[-21.5297,77.6158],[-21.6864,77.5628],[-21.7219,77.5522],[-21.7281,77.5461],[-21.725,77.5305],[-21.7189,77.5314],[-21.5783,77.5641],[-21.5647,77.5689],[-21.4747,77.6085],[-21.382,77.5866],[-21.1112,77.8032],[-20.7767,77.9686],[-20.6153,77.9762],[-20.6058,77.9742],[-20.5972,77.97],[-20.5972,77.9636],[-20.6039,77.9578],[-20.6156,77.9517],[-20.6192,77.9486],[-20.6217,77.9439],[-20.6178,77.9394],[-20.6036,77.9333],[-20.3622,77.8805],[-20.3119,77.8708],[-20.0978,77.8411],[-19.9294,77.8214],[-19.8464,77.8144],[-19.6242,77.7964],[-19.5656,77.7928],[-19.4869,77.7919],[-19.4264,77.7889],[-19.3175,77.7778],[-19.2889,77.7733],[-19.24,77.763],[-19.2092,77.7519],[-19.0783,77.7005],[-19.0601,77.6915],[-19.0804,77.6183],[-19.11,77.6178],[-19.1636,77.6142],[-19.1894,77.61],[-19.205,77.6068],[-19.6253,77.6321],[-19.9675,77.7125],[-20.0344,77.7211],[-20.0886,77.7255],[-20.1467,77.728],[-20.2022,77.7292],[-20.2569,77.7292],[-20.2792,77.7269],[-20.3042,77.7205],[-20.3156,77.7144],[-20.3319,77.7094],[-20.3575,77.7042],[-20.3836,77.7008],[-20.4103,77.6994],[-20.4356,77.6994],[-20.4636,77.7008],[-20.4897,77.7039],[-20.5392,77.7128],[-20.6522,77.7105],[-20.8689,77.6814],[-20.8981,77.675],[-20.9139,77.6689],[-20.9139,77.6633],[-20.6717,77.6333],[-20.5636,77.6236],[-20.5058,77.6214],[-20.4475,77.6169],[-20.3903,77.6103],[-20.3658,77.6047],[-20.3456,77.5992],[-20.2592,77.5672],[-20.2481,77.5614],[-20.2456,77.5547],[-20.2586,77.5536],[-20.2858,77.5542],[-20.3592,77.563],[-20.3714,77.5653],[-20.4269,77.5692],[-20.4808,77.5683],[-20.5292,77.5644],[-20.5725,77.5597],[-20.6136,77.5547],[-20.65,77.5497],[-20.6531,77.5466],[-20.5767,77.5469],[-20.5069,77.5542],[-20.485,77.5555],[-20.4386,77.5525],[-20.3947,77.5436],[-20.3744,77.538],[-20.3617,77.5328],[-20.3572,77.5275],[-20.3581,77.5242],[-20.3633,77.5197],[-20.3753,77.5155],[-20.4039,77.5072],[-20.4286,77.5019],[-20.4533,77.5019],[-20.4831,77.5031],[-20.5656,77.5072],[-20.6189,77.5108],[-20.755,77.5247],[-20.8644,77.5392],[-20.9328,77.5461],[-20.9878,77.548],[-21.0328,77.5472],[-21.0456,77.5458],[-21.0536,77.5439],[-20.9322,77.5228],[-20.7128,77.493],[-20.6089,77.4855],[-20.3553,77.473],[-20.1892,77.4658],[-20.141,77.4181],[-20.2036,77.4133],[-20.2744,77.4111],[-20.2989,77.4114],[-20.3517,77.4147],[-20.4261,77.4233],[-20.4986,77.4311],[-20.5236,77.433],[-20.5394,77.4333],[-20.5636,77.4325],[-20.6992,77.4241],[-20.7228,77.4222],[-20.7508,77.4191],[-20.7719,77.4158],[-20.7753,77.413],[-20.7692,77.4091],[-20.7222,77.4033],[-20.6961,77.4047],[-20.6553,77.4089],[-20.4903,77.4036],[-20.4333,77.3947],[-20.3522,77.3861],[-20.3019,77.383],[-20.2261,77.3825],[-20.1975,77.3833],[-20.12,77.3905],[-20.1136,77.391],[-20.1049,77.3825],[-19.403,77.3075],[-19.3997,77.3033],[-19.3981,77.2975],[-19.41,77.2861],[-19.4467,77.2678],[-19.4561,77.2622],[-19.4606,77.2558],[-19.4614,77.2505],[-19.4486,77.2444],[-19.4208,77.24],[-19.4014,77.2405],[-19.3572,77.2475],[-19.3364,77.2528],[-19.3206,77.2589],[-19.3187,77.26],[-19.3147,77.2614],[-19.295,77.2619],[-19.2681,77.2605],[-19.2181,77.2544],[-19.1344,77.2389],[-19.0567,77.2272],[-19.0364,77.2253],[-19.0128,77.2269],[-19.0114,77.2303],[-19.0126,77.2425],[-18.2579,77.2998],[-18.2431,77.2889],[-18.2319,77.2775],[-18.1447,77.0875],[-18.1206,76.9483],[-18.1239,76.9433],[-18.1311,76.9347],[-18.1831,76.8811],[-18.2712,76.827],[-18.8829,76.8888],[-19.5532,76.9106],[-19.7497,76.9433],[-19.8711,76.9597],[-19.8992,76.9597],[-20.0044,76.9586],[-20.0258,76.9583],[-20.0447,76.9564],[-20.0608,76.9533],[-20.0744,76.9486],[-20.0989,76.9444],[-20.1239,76.9419],[-20.1714,76.9422],[-20.1911,76.9433],[-20.3014,76.9575],[-20.4092,76.9691],[-20.7014,76.9878],[-20.7231,76.9883],[-20.9631,76.9828],[-20.9778,76.9819],[-21.0314,76.948],[-21.0358,76.9436],[-21.0183,76.943],[-20.995,76.9441],[-20.9492,76.948],[-20.8544,76.9542],[-20.75,76.9566],[-20.6994,76.9544],[-20.6033,76.9341],[-20.5869,76.9303],[-20.5803,76.9244],[-20.5806,76.9191],[-20.5919,76.915],[-20.7789,76.87],[-20.7997,76.8686],[-20.8267,76.8719],[-20.8503,76.8772],[-20.9053,76.8858],[-20.9319,76.8883],[-21.1167,76.8992],[-21.1597,76.8992],[-21.2014,76.8964],[-21.4361,76.8922],[-21.4919,76.8972],[-21.5511,76.8994],[-21.5767,76.8989],[-21.7172,76.8867],[-21.7289,76.8836],[-21.7269,76.8797],[-21.7078,76.8753],[-21.4683,76.8575],[-21.4467,76.8569],[-21.2256,76.8616],[-21.0728,76.865],[-21.0514,76.8655],[-21.0253,76.865],[-21.0119,76.8633],[-20.9931,76.8589],[-20.9394,76.8425],[-20.9483,76.8219],[-21.0211,76.7955],[-21.0503,76.7886],[-21.0683,76.7858],[-21.0939,76.7853],[-21.1119,76.7878],[-21.1497,76.7966],[-21.1597,76.8003],[-21.1964,76.8064],[-21.2214,76.8082],[-21.2842,76.8025],[-21.3053,76.7966],[-21.3136,76.7911],[-21.305,76.7861],[-21.2889,76.7831],[-21.3267,76.7411],[-21.3722,76.7275],[-21.553,76.7562],[-21.7733,76.8238],[-22.0682,76.8127],[-22.1514,76.8419],[-22.1664,76.8464],[-22.1736,76.8478],[-22.2406,76.8572],[-22.2669,76.8586],[-22.2875,76.8572],[-22.3256,76.8517],[-22.4194,76.8336],[-22.3764,76.7864],[-22.3603,76.7755],[-22.4083,76.7441],[-22.5506,76.7472],[-22.5758,76.7464],[-22.6125,76.7436],[-22.6522,76.7375],[-22.6919,76.728],[-22.72,76.7167],[-22.7389,76.7044],[-22.7422,76.6944],[-22.7392,76.6889],[-22.7322,76.683],[-22.7208,76.6775],[-22.7075,76.6725],[-22.6811,76.6669],[-22.6442,76.6611],[-22.5969,76.6594],[-22.5,76.6225],[-22.4342,76.5455],[-22.3383,76.513],[-22.3292,76.5114],[-22.3089,76.5128],[-22.2867,76.5183],[-22.2853,76.5244],[-22.2919,76.53],[-22.3075,76.5353],[-22.325,76.5455],[-22.3275,76.5505],[-22.34,76.5767],[-22.3383,76.5814],[-22.293,76.5995],[-22.0092,76.4776],[-22.0286,76.4728],[-22.0353,76.4689],[-22.0367,76.4672],[-22.0361,76.4619],[-22.01,76.4597],[-21.9713,76.4613],[-21.8931,76.4277],[-21.8956,76.4275],[-21.92,76.4267],[-21.9603,76.428],[-22.1444,76.4355],[-22.1881,76.4394],[-22.2156,76.4444],[-22.2389,76.4497],[-22.2575,76.4542],[-22.2706,76.4592],[-22.2794,76.4653],[-22.2825,76.4711],[-22.2992,76.4839],[-22.3078,76.4889],[-22.3197,76.4922],[-22.3519,76.498],[-22.4022,76.4986],[-22.4306,76.4961],[-22.5069,76.448],[-22.5011,76.4453],[-22.5,76.4449],[-22.4867,76.4408],[-22.4528,76.4319],[-22.4294,76.4267],[-22.4047,76.423],[-22.3792,76.4216],[-22.2067,76.413],[-22.19,76.4125],[-22.1422,76.4133],[-21.8793,76.4218],[-21.751,76.3666],[-21.6287,76.3437],[-21.63,76.343],[-21.6464,76.3331],[-21.6544,76.323],[-21.7047,76.2542],[-21.7072,76.25],[-21.7006,76.2444],[-21.6822,76.2392],[-21.6644,76.2366],[-21.5361,76.2186],[-21.5217,76.2186],[-21.4978,76.22],[-21.3792,76.26],[-21.2496,76.2727],[-21.217,76.2666],[-21.0153,76.2466],[-21.0125,76.2458],[-20.9439,76.2267],[-20.8989,76.2161],[-20.7253,76.1767],[-20.6042,76.1569],[-20.5706,76.1419],[-20.5614,76.1339],[-20.4239,76.1347],[-20.4206,76.1378],[-20.6817,76.1966],[-20.815,76.2153],[-20.8675,76.225],[-20.9171,76.2369],[-20.6328,76.2088],[-19.8835,76.1766],[-19.6675,76.1307],[-19.6664,76.1269],[-19.6669,76.1214],[-19.6711,76.115],[-19.7161,76.0597],[-19.7306,76.0539],[-19.7456,76.0505],[-19.7697,76.0503],[-19.7861,76.0508],[-19.8375,76.0608],[-19.8622,76.0633],[-19.905,76.0639],[-19.9269,76.063],[-19.9819,76.0583],[-20.005,76.055],[-20.0394,76.0475],[-20.0578,76.0422],[-20.0683,76.0372],[-20.0786,76.0311],[-20.1119,76.0228],[-20.1556,76.0136],[-20.2142,76.0014],[-20.2831,75.9903],[-20.3603,75.9811],[-20.3978,75.9789],[-20.4358,75.9786],[-20.7011,75.9908],[-20.8533,75.9994],[-20.9161,76.0003],[-21.2839,75.9941],[-21.3017,75.9933],[-21.3244,75.9897],[-21.365,75.98],[-21.3839,75.9767],[-21.4183,75.9728],[-21.6422,75.9694],[-21.6767,75.97],[-21.7203,75.9733],[-21.7803,75.9817],[-21.8197,75.9892],[-21.8336,75.9928],[-21.8478,75.9983],[-21.8553,76.0061],[-21.8594,76.0155],[-21.8836,76.0336],[-21.8886,76.0364],[-21.9261,76.0428],[-21.9397,76.0419],[-21.95,76.0378],[-21.9547,76.0341],[-21.9822,75.9919],[-21.9808,75.9892],[-21.9708,75.9844],[-21.8761,75.9572],[-21.8592,75.9547],[-21.5894,75.9536],[-21.4692,75.9547],[-21.4056,75.9561],[-21.3625,75.9592],[-21.2997,75.9625],[-21.2208,75.9664],[-21.1575,75.9686],[-21.0872,75.9689],[-20.8242,75.9639],[-20.7067,75.9614],[-20.6092,75.9578],[-20.5847,75.9564],[-20.5106,75.9508],[-20.4856,75.9486],[-20.4244,75.9394],[-20.4203,75.9386],[-20.3975,75.9303],[-20.3742,75.9264],[-20.361,75.9253],[-20.3333,75.9233],[-20.2853,75.923],[-20.2408,75.923],[-20.2081,75.9261],[-20.1372,75.9303],[-19.9886,75.9344],[-19.9353,75.9305],[-19.825,75.9091],[-19.7819,75.8983],[-19.7572,75.8894],[-19.7097,75.8683],[-19.7,75.8628],[-19.5558,75.7717],[-19.5572,75.7328],[-19.5681,75.7297],[-19.5783,75.7239],[-19.6114,75.678],[-19.6119,75.6736],[-19.6025,75.668],[-19.51,75.6297],[-19.4144,75.5714],[-19.3961,75.56],[-19.3906,75.5542],[-19.3839,75.5428],[-19.3753,75.5244],[-19.3356,75.405],[-19.3381,75.3992],[-19.345,75.3878],[-19.3661,75.365],[-19.3683,75.328],[-19.3697,75.3175],[-19.3783,75.2836],[-19.3834,75.2662],[-19.3888,75.2611],[-19.5616,75.2277],[-19.9553,75.2829],[-19.9567,75.2844],[-19.9658,75.29],[-20.1108,75.3261],[-20.1356,75.3317],[-20.1594,75.335],[-20.1808,75.3361],[-20.3075,75.3355],[-20.3232,75.3332],[-20.5118,75.3582],[-20.6792,75.3082],[-20.6785,75.2918],[-20.6853,75.2925],[-20.7056,75.2958],[-20.9653,75.3575],[-21.1564,75.3992],[-21.1692,75.4028],[-21.1828,75.4083],[-21.1883,75.4119],[-21.2089,75.4261],[-21.2072,75.4322],[-21.2161,75.4553],[-21.2233,75.4647],[-21.2333,75.4705],[-21.2747,75.4869],[-21.4625,75.5389],[-21.5017,75.5497],[-21.6442,75.5822],[-21.6872,75.5919],[-21.7083,75.5953],[-21.8083,75.6047],[-21.8581,75.6114],[-21.9089,75.6197],[-22.0428,75.6475],[-22.0894,75.655],[-22.1122,75.6578],[-22.1572,75.6614],[-22.2511,75.6642],[-22.2625,75.6628],[-22.2806,75.6594],[-22.2867,75.6553],[-22.2792,75.6478],[-22.2736,75.6439],[-22.2558,75.6394],[-22.2261,75.6344],[-22.1608,75.6294],[-22.1103,75.6222],[-22.035,75.6114],[-21.9411,75.5944],[-21.8383,75.5739],[-21.6089,75.5244],[-21.5439,75.5086],[-21.5306,75.5042],[-21.4064,75.4556],[-21.4072,75.453],[-21.4275,75.4503],[-21.4506,75.4497],[-21.4972,75.4503],[-21.6261,75.4617],[-21.6978,75.4658],[-21.8556,75.4714],[-21.995,75.475],[-22.0886,75.4753],[-22.1131,75.4775],[-22.2978,75.4986],[-22.3206,75.5014],[-22.4147,75.5158],[-22.4547,75.5264],[-22.4653,75.5319],[-22.4681,75.5378],[-22.4644,75.5466],[-22.4661,75.5505],[-22.4717,75.5544],[-22.4761,75.5553],[-22.4911,75.5539],[-22.5,75.5517],[-22.505,75.5505],[-22.5106,75.5408],[-22.5114,75.5308],[-22.5019,75.5228],[-22.4947,75.5194],[-22.4756,75.5122],[-22.4283,75.5028],[-22.3825,75.4964],[-22.0756,75.463],[-22.0533,75.4611],[-21.9647,75.4625],[-21.8981,75.4614],[-21.8289,75.4589],[-21.6117,75.4447],[-21.5475,75.4403],[-21.4667,75.4317],[-21.44,75.428],[-21.415,75.4236],[-21.3975,75.4183],[-21.3739,75.4072],[-21.37,75.4019],[-21.3694,75.3955],[-21.3672,75.3897],[-21.3511,75.373],[-21.3392,75.3669],[-21.3256,75.3614],[-21.3008,75.3572],[-21.2378,75.3539],[-21.2133,75.3505],[-21.0344,75.3192],[-21.0078,75.3144],[-20.9656,75.3039],[-20.9017,75.2858],[-20.8942,75.2805],[-20.8764,75.2633],[-20.8572,75.2522],[-20.8175,75.2428],[-20.7269,75.2289],[-20.6755,75.2197],[-20.6712,75.1161],[-20.6889,75.1158],[-20.7083,75.1172],[-20.7742,75.1269],[-20.8144,75.1339],[-20.8542,75.1389],[-20.8894,75.1419],[-20.9122,75.1425],[-20.935,75.1419],[-20.9758,75.1389],[-21.1914,75.1164],[-21.2297,75.1119],[-21.2925,75.0925],[-21.3747,75.0644],[-21.3994,75.0547],[-21.4125,75.0494],[-21.4364,75.0375],[-21.4733,75.0258],[-21.5608,75.008],[-21.6381,74.9933],[-21.7364,74.9761],[-21.7444,74.9769],[-21.7586,74.98],[-21.8561,75.0067],[-21.8611,75.0094],[-21.8672,75.015],[-21.87,75.0217],[-21.8647,75.0278],[-21.8633,75.0336],[-21.8681,75.0453],[-21.8861,75.0639],[-21.9289,75.0783],[-22.1275,75.1297],[-22.1764,75.1372],[-22.3464,75.1605],[-22.3908,75.1661],[-22.4183,75.168],[-22.4336,75.1678],[-22.4364,75.1658],[-22.4356,75.1639],[-22.4258,75.1591],[-22.3947,75.1494],[-22.2881,75.1275],[-22.2164,75.12],[-22.1717,75.1133],[-22.1544,75.1089],[-21.9708,75.0605],[-21.9581,75.0569],[-21.9469,75.0528],[-21.9406,75.0472],[-21.9422,75.0414],[-21.9486,75.0347],[-21.9597,75.0292],[-21.9406,75.0058],[-21.8969,74.9825],[-21.8667,74.9725],[-21.8497,74.968],[-21.8133,74.9614],[-21.7656,74.955],[-21.7425,74.9536],[-21.6875,74.9525],[-21.6675,74.9536],[-21.5494,74.9639],[-21.5208,74.9678],[-21.4756,74.9775],[-21.4547,74.9822],[-21.4142,74.9939],[-21.3192,75.0269],[-21.2775,75.0422],[-21.2383,75.0586],[-21.2236,75.0644],[-21.1756,75.0783],[-21.1478,75.0847],[-21.1297,75.0872],[-21.0928,75.09],[-21.0694,75.0886],[-21.0461,75.0861],[-20.9931,75.0747],[-20.9444,75.0661],[-20.9019,75.0633],[-20.8569,75.0641],[-20.7303,75.07],[-20.7094,75.07],[-20.6864,75.0686],[-20.6691,75.0668],[-20.6689,75.0608],[-20.6442,75.0113],[-20.6833,74.9172],[-20.7489,74.8616],[-20.7611,74.8528],[-20.7628,74.8469],[-20.7608,74.8355],[-20.7569,74.8294],[-20.7511,74.8236],[-20.7219,74.8019],[-20.7036,74.7917],[-20.6647,74.775],[-20.6389,74.7639],[-20.6078,74.748],[-20.6033,74.7453],[-20.6061,74.7369],[-20.6156,74.7308],[-20.6833,74.7011],[-20.7519,74.6741],[-20.7969,74.6655],[-20.8556,74.6586],[-20.9119,74.6569],[-20.9783,74.6572],[-21.0419,74.6605],[-21.0661,74.6669],[-21.075,74.6705],[-21.0947,74.675],[-21.1097,74.6755],[-21.1169,74.6753],[-21.1203,74.6741],[-21.1231,74.6714],[-21.1197,74.6617],[-21.115,74.6589],[-21.1025,74.6553],[-21.0172,74.6417],[-20.9828,74.6386],[-20.9322,74.6408],[-20.9136,74.6403],[-20.8986,74.6397],[-20.8478,74.6355],[-20.6606,74.6539],[-20.5911,74.6661],[-20.5492,74.673],[-20.5272,74.6736],[-20.1925,74.6747],[-20.1361,74.6711],[-20.05,74.6533],[-20.0253,74.6431],[-20.0122,74.6291],[-20.005,74.6241],[-19.8164,74.5833],[-19.7975,74.5808],[-19.7147,74.5853],[-19.7017,74.5914],[-19.6989,74.5953],[-19.6864,74.6042],[-19.6283,74.6272],[-19.4506,74.6808],[-19.4331,74.6841],[-19.43,74.6843],[-19.4092,74.6811],[-19.2837,74.6543],[-19.2717,74.6464],[-19.2767,74.6355],[-19.2869,74.6253],[-19.2967,74.6194],[-19.3089,74.6094],[-19.3161,74.6011],[-19.315,74.5961],[-19.2861,74.5272],[-19.2792,74.5219],[-19.2653,74.5169],[-19.25,74.513],[-19.1308,74.5005],[-19.0286,74.4983],[-19.0211,74.4975],[-19.0056,74.4936],[-18.9786,74.4853],[-18.9778,74.4817],[-19.0881,74.4216],[-19.16,74.4028],[-19.1731,74.3978],[-19.1792,74.3919],[-19.1644,74.3755],[-19.1625,74.3658],[-19.1672,74.3542],[-19.1717,74.3497],[-19.1794,74.3444],[-19.3089,74.2898],[-19.4251,74.2696],[-19.6029,74.2349],[-19.685,74.2375],[-19.8306,74.2464],[-20.1317,74.2725],[-20.2122,74.3036],[-20.2086,74.3091],[-20.2389,74.365],[-20.3494,74.4389],[-20.3633,74.443],[-20.3744,74.4447],[-20.3819,74.4455],[-20.4708,74.4505],[-20.5036,74.4517],[-20.6175,74.455],[-20.7519,74.4558],[-20.9311,74.4592],[-21.0186,74.4653],[-21.2592,74.4716],[-21.3406,74.4655],[-21.4233,74.458],[-21.5339,74.4478],[-21.5925,74.4439],[-21.6161,74.4436],[-21.6611,74.4472],[-21.7278,74.46],[-21.7833,74.4722],[-21.8175,74.4839],[-21.8286,74.4944],[-21.8289,74.4997],[-21.8356,74.5117],[-21.8414,74.5175],[-21.8794,74.5441],[-21.8842,74.5469],[-21.8975,74.5522],[-22.025,74.5911],[-22.0528,74.5961],[-22.0828,74.5983],[-22.1006,74.5966],[-22.1097,74.5917],[-22.1122,74.5894],[-22.1067,74.5847],[-22.0978,74.5811],[-22.0219,74.5572],[-21.9253,74.5214],[-21.7794,74.4386],[-21.7633,74.4255],[-21.765,74.4194],[-21.7772,74.4089],[-21.8269,74.3694],[-21.9308,74.335],[-21.9639,74.3272],[-21.9992,74.3208],[-22.0681,74.3128],[-22.0897,74.3122],[-22.2517,74.3111],[-22.4258,74.3136],[-22.4389,74.3147],[-22.4675,74.3139],[-22.4792,74.3119],[-22.4792,74.3075],[-22.4672,74.305],[-22.3453,74.285],[-22.3181,74.2808],[-22.2858,74.2808],[-22.2508,74.2872],[-22.2194,74.2947],[-22.2025,74.2972],[-22.1603,74.3003],[-22.1422,74.3],[-22.0978,74.2964],[-22.0742,74.2922],[-22.0581,74.2878],[-22.0531,74.2839],[-22.0381,74.2561],[-22.0411,74.2453],[-22.0442,74.24],[-22.0497,74.2358],[-22.0672,74.2255],[-22.1003,74.2144],[-22.1994,74.185],[-22.2067,74.1628],[-22.1542,74.118],[-22.1631,74.1128],[-22.1783,74.1066],[-22.1958,74.1017],[-22.2106,74.0989],[-22.2511,74.0936],[-22.29,74.0925],[-22.3508,74.0933],[-22.3908,74.0953],[-22.4294,74.0939],[-22.4497,74.0914],[-22.4628,74.088],[-22.4906,74.0783],[-22.4925,74.0744],[-22.4919,74.0733],[-22.4808,74.0683],[-22.2633,74.0278],[-22.2483,74.0255],[-22.1861,74.0205],[-22.12,74.0191],[-22.1089,74.0193],[-22.1011,74.0211],[-22.0833,74.0205],[-22.0614,74.0183],[-21.9908,74.0019],[-21.9828,73.9994],[-21.9806,73.998],[-21.8628,73.8986],[-21.8231,73.8589],[-21.8194,73.8544],[-21.8142,73.8444],[-21.8156,73.8386],[-21.82,73.8325],[-21.8336,73.8225],[-21.8375,73.8136],[-21.8539,73.7686],[-21.8536,73.7633],[-21.8428,73.67],[-21.8217,73.6511],[-21.7772,73.6525],[-21.7672,73.6539],[-21.7556,73.66],[-21.7219,73.6814],[-21.7086,73.6916],[-21.7047,73.6961],[-21.7031,73.7011],[-21.7581,73.8583],[-21.7603,73.8642],[-21.7811,73.8917],[-21.8,73.9047],[-21.8122,73.9091],[-21.8725,73.9191],[-21.8842,73.9228],[-21.8894,73.9267],[-21.9156,73.9764],[-21.9175,73.9814],[-21.9144,74.0105],[-21.9064,74.0167],[-21.8886,74.0261],[-21.8625,74.0361],[-21.8461,74.0393],[-21.7809,74.0162],[-21.3487,74.0005],[-21.3175,73.993],[-21.2708,73.98],[-21.0433,73.9375],[-20.7611,73.8911],[-20.7172,73.8853],[-20.6775,73.8814],[-20.6344,73.8783],[-20.6139,73.8789],[-20.5621,73.8819],[-20.3536,73.8106],[-20.3455,73.7811],[-20.3475,73.7811],[-20.4206,73.7758],[-20.4539,73.7703],[-20.4728,73.7642],[-20.4814,73.758],[-20.5331,73.7208],[-20.5286,73.7053],[-20.5189,73.6958],[-20.5069,73.6903],[-20.4939,73.6819],[-20.4608,73.6461],[-20.4586,73.6375],[-20.4603,73.6317],[-20.4622,73.6266],[-20.4742,73.5961],[-20.4906,73.5875],[-20.5131,73.5758],[-20.5186,73.5719],[-20.5236,73.5658],[-20.5256,73.5611],[-20.5228,73.5566],[-20.5158,73.5505],[-20.5075,73.5458],[-20.4708,73.5369],[-20.4456,73.5336],[-20.4214,73.5333],[-20.3839,73.5331],[-20.37,73.5272],[-20.3719,73.5222],[-20.4283,73.4739],[-20.4372,73.4686],[-20.4528,73.4633],[-20.4769,73.4575],[-20.5011,73.4528],[-20.5158,73.4508],[-20.5311,73.45],[-20.5664,73.4486],[-20.6119,73.4469],[-20.6342,73.4469],[-20.6514,73.4475],[-20.69,73.4505],[-20.7814,73.4589],[-20.8017,73.4594],[-20.9319,73.46],[-21.0903,73.453],[-21.1314,73.453],[-21.2339,73.453],[-21.3875,73.4722],[-21.4169,73.4783],[-21.4367,73.4811],[-21.4544,73.4825],[-21.4889,73.4836],[-21.5244,73.4819],[-21.5608,73.478],[-21.5736,73.4758],[-21.6136,73.463],[-21.6775,73.3842],[-21.7633,73.3722],[-21.9131,73.3444],[-21.9339,73.3403],[-21.9492,73.3358],[-21.9761,73.3264],[-22.0272,73.3083],[-22.0683,73.2922],[-22.1036,73.2775],[-22.1325,73.2671],[-22.2692,73.2649],[-22.8203,73.3275],[-23.4938,73.5093],[-23.8967,73.7179],[-23.8558,73.7158],[-23.7225,73.7108],[-23.6058,73.7108],[-23.5881,73.7105],[-23.5486,73.7083],[-23.5081,73.7039],[-23.4853,73.6997],[-23.4619,73.695],[-23.3839,73.6694],[-23.1614,73.6317],[-23.1269,73.6241],[-23.0108,73.5969],[-22.9119,73.5725],[-22.8478,73.5558],[-22.8292,73.5525],[-22.8144,73.5511],[-22.6944,73.5444],[-22.6742,73.5453],[-22.5433,73.5622],[-22.4428,73.5861],[-22.2567,73.6125],[-22.2231,73.6155],[-22.2033,73.618],[-22.1889,73.6211],[-22.1783,73.6247],[-22.1861,73.6264],[-22.2108,73.6286],[-22.2319,73.6289],[-22.2731,73.6275],[-22.2914,73.6264],[-22.4178,73.6136],[-22.4539,73.6086],[-22.4725,73.603],[-22.5,73.589],[-22.5408,73.5808],[-22.6453,73.5667],[-22.6619,73.565],[-22.7075,73.563],[-22.7472,73.563],[-22.8189,73.5728],[-22.8475,73.5792],[-22.8614,73.5831],[-22.8889,73.5911],[-22.9069,73.5966],[-23.1633,73.6544],[-23.4892,73.7267],[-23.5264,73.7311],[-23.5644,73.7341],[-23.7039,73.7336],[-23.7622,73.7314],[-23.8033,73.733],[-23.8478,73.7383],[-23.8922,73.7469],[-23.9167,73.7536],[-23.93,73.7589],[-23.9942,73.7955],[-24,73.8003],[-23.9994,73.8061],[-24.0092,73.8116],[-24.0272,73.8153],[-24.0442,73.8147],[-24.15,73.8017],[-24.3333,73.7764],[-24.3406,73.7739],[-24.4506,73.7011],[-24.4547,73.6958],[-24.4597,73.6858],[-24.4644,73.675],[-24.4667,73.6694],[-24.4683,73.6532],[-24.5689,73.6269],[-24.734,73.5699],[-24.8472,73.5858],[-24.9044,73.595],[-24.9597,73.613],[-24.9917,73.6264],[-24.995,73.638],[-24.9889,73.6486],[-24.9769,73.665],[-24.9728,73.67],[-24.9658,73.6761],[-24.9622,73.6822],[-24.9608,73.6919],[-24.9742,73.7033],[-24.9825,73.7083],[-25.0094,73.7189],[-25.0531,73.7278],[-25.1644,73.7419],[-25.1839,73.745],[-25.1989,73.7494],[-25.4158,73.8158],[-25.4247,73.8192],[-25.4353,73.8247],[-25.4444,73.8342],[-25.4647,73.8591],[-25.4875,73.888],[-25.4911,73.8939],[-25.4975,73.8983],[-25.5078,73.9039],[-25.5217,73.9091],[-25.6558,73.948],[-25.6719,73.9511],[-25.6869,73.9525],[-25.6906,73.9522],[-25.7036,73.9505],[-25.7186,73.9461],[-25.7236,73.9427],[-25.7394,73.9283],[-25.7386,73.9239],[-25.7342,73.9197],[-25.7067,73.9103],[-25.6817,73.9011],[-25.5867,73.8647],[-25.5719,73.855],[-25.5664,73.8489],[-25.5631,73.8433],[-25.5619,73.8389],[-25.5636,73.8325],[-25.5694,73.8278],[-25.5728,73.8217],[-25.5678,73.8164],[-25.5608,73.8108],[-25.5511,73.8064],[-25.3708,73.7494],[-25.3086,73.7361],[-25.2192,73.7183],[-25.1225,73.6994],[-25.1022,73.6944],[-25.0894,73.6903],[-25.0844,73.685],[-25.0856,73.6625],[-25.0889,73.6564],[-25.1097,73.6436],[-25.1142,73.6394],[-25.1147,73.6347],[-25.1117,73.6289],[-25.0914,73.618],[-25.0678,73.6072],[-25.0242,73.5917],[-24.9444,73.5736],[-24.8319,73.5522],[-24.8018,73.5465],[-25.0077,73.4754],[-25.1053,73.4719],[-25.2428,73.468],[-25.2831,73.4661],[-25.315,73.4617],[-25.36,73.4497],[-25.3758,73.4441],[-25.498,73.4339],[-25.7629,73.3538],[-26.4156,73.3685],[-26.8266,73.4075],[-26.9968,73.3824],[-27.0197,73.39],[-27.1583,73.4403],[-27.1906,73.4564],[-27.1989,73.4614],[-27.2136,73.4722],[-27.2303,73.4836],[-27.2408,73.4892],[-27.2464,73.4917],[-27.2617,73.4939],[-27.3275,73.493],[-27.3375,73.4925],[-27.3519,73.4886],[-27.4533,73.4553],[-27.4586,73.443],[-27.4572,73.4411],[-27.1485,73.3599],[-27.2628,73.343],[-27.4406,73.287],[-27.518,73.1613],[-27.5372,73.1605],[-27.5961,73.1594],[-27.6381,73.1561],[-27.6539,73.1542],[-27.6811,73.1494],[-27.7158,73.1405],[-27.7281,73.1339],[-27.7286,73.1297],[-27.7153,73.1255],[-27.6931,73.123],[-27.6589,73.123],[-27.5897,73.1261],[-27.5592,73.1286],[-27.5408,73.1317],[-27.5197,73.1333],[-27.5178,73.1334],[-27.5164,73.0963],[-27.4256,72.9611],[-27.4408,72.9547],[-27.4661,72.9472],[-27.485,72.945],[-27.5147,72.9394],[-27.5222,72.9358],[-27.5261,72.9317],[-27.5164,72.9275],[-27.4975,72.9244],[-27.4808,72.9244],[-27.4458,72.9278],[-27.411,72.9393],[-27.3572,72.8591],[-27.3528,72.8576],[-27.3558,72.8575],[-27.37,72.8561],[-27.3819,72.8519],[-27.3842,72.8497],[-27.3872,72.8447],[-27.3883,72.8367],[-27.3819,72.8272],[-27.3722,72.8228],[-27.3444,72.8189],[-27.209,72.8081],[-27.0377,72.7491],[-26.6579,72.7342],[-26.6819,72.7314],[-26.7,72.7286],[-26.7767,72.7133],[-26.7797,72.7105],[-26.7622,72.7061],[-26.7408,72.7044],[-26.7108,72.7042],[-26.6608,72.7089],[-26.5186,72.7225],[-26.472,72.727],[-26.4601,72.7265],[-26.3197,72.7024],[-26.3658,72.6336],[-26.3725,72.6283],[-26.3908,72.618],[-26.4175,72.6078],[-26.4661,72.5878],[-26.475,72.5814],[-26.4753,72.5764],[-26.4628,72.5722],[-26.4533,72.5728],[-26.4219,72.5803],[-26.3467,72.613],[-26.3233,72.6233],[-26.2506,72.6691],[-26.2116,72.6839],[-25.7782,72.6095],[-25.073,72.6344],[-24.7256,72.4927],[-24.9092,72.4603],[-25.0839,72.4341],[-25.1197,72.4311],[-25.1594,72.4297],[-25.2614,72.4289],[-25.2994,72.4305],[-25.3408,72.4344],[-25.3778,72.4364],[-25.4172,72.4372],[-25.4778,72.4378],[-25.5092,72.4361],[-25.6356,72.4261],[-25.7961,72.4253],[-25.8161,72.4261],[-25.8514,72.4253],[-25.8958,72.4205],[-25.9067,72.4169],[-25.9083,72.4139],[-25.8925,72.4064],[-25.7953,72.39],[-25.7542,72.3861],[-25.7153,72.3861],[-25.6772,72.3883],[-25.645,72.3914],[-25.5956,72.3983],[-25.5433,72.4039],[-25.5086,72.4058],[-25.4889,72.4058],[-25.3511,72.3969],[-25.3111,72.3917],[-25.3092,72.3914],[-25.2981,72.3889],[-25.2892,72.3844],[-25.2875,72.3817],[-25.2922,72.3725],[-25.2953,72.3689],[-25.3044,72.365],[-25.3342,72.3453],[-25.4667,72.2572],[-25.4853,72.2386],[-25.4933,72.2269],[-25.4994,72.2147],[-25.5283,72.1244],[-25.5267,72.1214],[-25.5131,72.1203],[-25.485,72.1216],[-25.4556,72.1261],[-25.4267,72.1317],[-25.4131,72.1361],[-25.4003,72.1417],[-25.3908,72.148],[-25.3889,72.1536],[-25.3889,72.1594],[-25.3908,72.1658],[-25.3942,72.1716],[-25.4033,72.1828],[-25.4064,72.1886],[-25.4078,72.1939],[-25.4064,72.2064],[-25.4033,72.2122],[-25.3728,72.2594],[-25.3614,72.2739],[-25.2183,72.3464],[-25.1936,72.3578],[-25.1633,72.3647],[-25.1311,72.3678],[-24.9236,72.3983],[-24.8075,72.4278],[-24.5883,72.4211],[-24.5575,72.4175],[-24.5319,72.4136],[-24.5072,72.4036],[-24.5064,72.4028],[-24.5033,72.3969],[-24.4978,72.3925],[-24.4703,72.3761],[-24.4364,72.36],[-24.4242,72.3544],[-24.4122,72.3503],[-24.3256,72.3283],[-24.1277,72.286],[-23.9196,72.1885],[-23.3813,72.0407],[-22.8178,71.8697],[-22.7397,71.8123],[-22.7428,71.8091],[-22.7486,71.8044],[-22.7592,71.7991],[-22.7672,71.7961],[-22.7811,71.7917],[-22.8947,71.7594],[-22.9258,71.7514],[-22.9778,71.7417],[-22.9903,71.7378],[-23.0311,71.7225],[-23.1228,71.673],[-23.1272,71.6689],[-23.1297,71.6633],[-23.1319,71.6536],[-23.1336,71.6383],[-23.1331,71.6297],[-23.1256,71.6261],[-23.0881,71.6255],[-23.0111,71.6344],[-22.9969,71.6369],[-22.9856,71.6403],[-22.9614,71.6492],[-22.8814,71.6858],[-22.7175,71.7283],[-22.6484,71.745],[-22.6123,71.678],[-22.6228,71.6753],[-22.6472,71.6655],[-22.6594,71.6572],[-22.6619,71.6475],[-22.6392,71.5792],[-22.6331,71.575],[-22.6222,71.5717],[-22.5978,71.5714],[-22.5612,71.5832],[-22.5252,71.5163],[-22.5392,71.488],[-22.5414,71.4825],[-22.5414,71.4772],[-22.5344,71.4589],[-22.4922,71.3941],[-22.4733,71.263],[-22.4689,71.2583],[-22.45,71.2483],[-22.4372,71.2469],[-22.3819,71.2528],[-22.3706,71.2553],[-22.3658,71.2583],[-22.3547,71.2703],[-22.3408,71.2903],[-22.3361,71.2989],[-22.33,71.3155],[-22.3336,71.3217],[-22.3308,71.3646],[-22.0297,71.4351],[-21.9044,71.4975],[-21.726,71.4046],[-21.7147,71.3883],[-21.7694,71.3758],[-21.8,71.3575],[-21.8167,71.315],[-21.8125,71.3122],[-21.7833,71.3153],[-21.7156,71.3311],[-21.6975,71.3317],[-21.6747,71.3306],[-21.6608,71.3105],[-21.8078,71.2794],[-21.8178,71.2775],[-21.8544,71.2739],[-21.9231,71.2705],[-21.9617,71.2639],[-21.9133,71.2364],[-21.9028,71.2319],[-21.8675,71.235],[-21.8542,71.2403],[-21.8386,71.2486],[-21.8294,71.2567],[-21.8217,71.2619],[-21.8058,71.2649],[-21.8023,71.2649],[-21.7831,71.2633],[-21.7247,71.2472],[-21.6661,71.1903],[-21.6644,71.1864],[-21.6808,71.1572],[-21.6842,71.1528],[-21.6875,71.1492],[-21.6986,71.1425],[-21.7894,71.1019],[-21.9544,71.0828],[-22.0461,71.0708],[-22.1039,71.0736],[-22.3261,71.0569],[-22.3303,71.0561],[-22.3339,71.0536],[-22.3322,71.0489],[-22.3247,71.0441],[-22.2939,71.0414],[-22.165,71.0414],[-22.1358,71.0433],[-22.1017,71.0486],[-21.9778,71.0636],[-21.7914,71.0797],[-21.7603,71.0811],[-21.7389,71.08],[-21.6961,71.0722],[-21.6811,71.0683],[-21.6769,71.0644],[-21.5931,70.9628],[-21.7022,70.8228],[-21.7253,70.8025],[-21.7331,70.7991],[-21.7556,70.7955],[-21.7933,70.7933],[-21.8286,70.793],[-21.8411,70.7947],[-21.8572,70.7989],[-21.8781,70.8089],[-21.8906,70.8114],[-21.9028,70.8119],[-21.9225,70.8094],[-21.9253,70.8083],[-21.9297,70.8042],[-21.9292,70.8022],[-21.9114,70.793],[-21.88,70.7831],[-21.83,70.7742],[-21.7856,70.7736],[-21.7492,70.7755],[-21.7247,70.7822],[-21.6931,70.7939],[-21.6794,70.7972],[-21.6639,70.7991],[-21.6442,70.7975],[-21.6372,70.7947],[-21.6333,70.7919],[-21.5539,70.7161],[-21.5472,70.708],[-21.5467,70.7061],[-21.5494,70.705],[-21.5553,70.7047],[-21.6319,70.7105],[-21.6508,70.7103],[-21.7469,70.708],[-21.7583,70.7056],[-21.7633,70.7036],[-21.7619,70.6989],[-21.755,70.6961],[-21.7428,70.6936],[-21.6539,70.6625],[-21.7569,70.6033],[-21.7722,70.5917],[-21.7772,70.585],[-21.7772,70.5797],[-21.7683,70.5747],[-21.7608,70.5733],[-21.7506,70.5733],[-21.7392,70.5747],[-21.6167,70.5847],[-21.4853,70.5464],[-21.4769,70.5433],[-21.4747,70.54],[-21.5217,70.5025],[-21.5433,70.4872],[-21.565,70.4719],[-21.6442,70.4372],[-21.6683,70.4305],[-21.7222,70.4214],[-21.7444,70.4186],[-21.755,70.4208],[-21.7631,70.4228],[-21.8465,70.4109],[-21.9573,70.4316],[-21.9737,70.4352],[-21.9575,70.4455],[-21.9403,70.455],[-21.9419,70.4694],[-21.9661,70.4811],[-21.9822,70.4864],[-22.0075,70.4933],[-22.0353,70.498],[-22.0608,70.4997],[-22.0944,70.4964],[-22.1219,70.4917],[-22.1628,70.4761],[-22.2032,70.4849],[-22.4122,70.4845],[-22.4172,70.4994],[-22.4189,70.5208],[-22.4181,70.5267],[-22.4158,70.5331],[-22.4122,70.5564],[-22.4114,70.5625],[-22.4108,70.5736],[-22.4128,70.5914],[-22.4147,70.5972],[-22.4272,70.6205],[-22.4322,70.6264],[-22.4447,70.6375],[-22.4683,70.6542],[-22.4728,70.6586],[-22.4742,70.6625],[-22.4708,70.7025],[-22.4578,70.7497],[-22.4447,70.7717],[-22.4386,70.7797],[-22.4378,70.7811],[-22.4283,70.8091],[-22.4283,70.838],[-22.4311,70.8422],[-22.44,70.8464],[-22.465,70.8503],[-22.4892,70.8511],[-22.5069,70.8505],[-22.5236,70.848],[-22.53,70.8453],[-22.5836,70.8042],[-22.6142,70.7628],[-22.6436,70.7205],[-22.6461,70.7161],[-22.6494,70.7005],[-22.6503,70.6617],[-22.6481,70.6558],[-22.6431,70.65],[-22.6239,70.6372],[-22.5986,70.6247],[-22.5867,70.6153],[-22.5658,70.5822],[-22.5639,70.5764],[-22.5658,70.5611],[-22.5906,70.4869],[-22.5917,70.4842],[-22.6157,70.4841],[-23.0842,70.4679],[-23.7537,70.5896],[-24.0402,70.7737],[-24.1929,71.0069],[-24.1925,71.013],[-24.204,71.0239],[-24.227,71.059],[-24.3864,71.1825],[-24.913,71.4374],[-25.2913,71.5689],[-25.6276,71.6306],[-26.1202,71.6686],[-26.3545,71.6058],[-26.7875,71.5583],[-26.6539,71.5409],[-26.6547,71.5408],[-26.7111,71.5417],[-26.7483,71.5436],[-26.7858,71.5469],[-26.8169,71.5519],[-26.9503,71.5786],[-26.9819,71.5872],[-27.0064,71.5964],[-27.1669,71.6683],[-27.1761,71.6728],[-27.1839,71.6778],[-27.1928,71.6894],[-27.2017,71.7061],[-27.2089,71.72],[-27.2103,71.7294],[-27.2106,71.7353],[-27.2131,71.7389],[-27.2172,71.7408],[-27.2986,71.7691],[-27.3228,71.775],[-27.3453,71.778],[-27.3786,71.7808],[-27.4567,71.8036],[-27.4681,71.8069],[-27.6089,71.8597],[-27.6167,71.8644],[-27.6261,71.8714],[-27.6311,71.8789],[-27.6069,71.8903],[-27.6039,71.8955],[-27.61,71.9],[-27.6317,71.9086],[-27.6939,71.9303],[-27.7606,71.9486],[-27.8047,71.9578],[-27.8825,71.9733],[-27.9647,71.9794],[-27.9739,71.9764],[-27.9989,71.9755],[-28.0692,71.975],[-28.0992,71.9769],[-28.2075,71.9969],[-28.2225,72],[-28.235,72.0042],[-28.2419,72.0094],[-28.2461,72.0153],[-28.2511,72.0203],[-28.2603,72.0261],[-28.2828,72.0355],[-28.3111,72.0461],[-28.5781,72.1311],[-28.5964,72.1339],[-28.6172,72.1314],[-28.6397,72.1244],[-28.7014,72.0917],[-28.7047,72.0875],[-28.7044,72.0828],[-28.7006,72.0794],[-28.6933,72.0764],[-28.6744,72.0728],[-28.6606,72.0758],[-28.6181,72.0811],[-28.5664,72.0792],[-28.5453,72.0767],[-28.5042,72.0686],[-28.4689,72.0603],[-28.3897,72.0322],[-28.3619,72.0178],[-28.3547,72.0125],[-28.3547,72.0033],[-28.3589,72.0003],[-28.3733,71.9933],[-28.4125,71.9855],[-28.4306,71.9836],[-28.4708,71.9817],[-28.4817,71.9789],[-28.4889,71.9755],[-28.4922,71.9714],[-28.4947,71.9614],[-28.4919,71.9575],[-28.4833,71.95],[-28.4764,71.9447],[-28.4611,71.9366],[-28.4425,71.933],[-28.2081,71.9197],[-28.0953,71.9158],[-28.0342,71.915],[-27.9753,71.9155],[-27.9381,71.9119],[-27.8464,71.8992],[-27.8294,71.8947],[-27.8094,71.8842],[-27.8025,71.8789],[-27.8017,71.8728],[-27.8083,71.8686],[-27.8175,71.8678],[-27.8722,71.8455],[-27.6056,71.7681],[-27.5714,71.7594],[-27.5342,71.7508],[-27.4394,71.7361],[-27.4056,71.7322],[-27.3875,71.7311],[-27.3597,71.7244],[-27.3286,71.7155],[-27.325,71.7097],[-27.37,71.66],[-27.3739,71.6558],[-27.3931,71.6394],[-27.4081,71.6358],[-27.44,71.6344],[-27.4564,71.6353],[-27.5314,71.6453],[-27.5717,71.6486],[-27.6053,71.65],[-27.6533,71.6467],[-27.6708,71.6447],[-27.6875,71.6417],[-27.7175,71.6347],[-27.7294,71.6289],[-27.7397,71.6253],[-27.7558,71.6214],[-27.7894,71.6153],[-27.9725,71.5867],[-28.0011,71.5828],[-28.0656,71.5764],[-28.1469,71.5719],[-28.3317,71.5622],[-28.3469,71.5622],[-28.3661,71.5628],[-28.3969,71.5667],[-28.4358,71.5728],[-28.4475,71.5761],[-28.4658,71.5797],[-28.4725,71.5803],[-28.4844,71.5794],[-28.4897,71.578],[-28.4914,71.5761],[-28.4917,71.563],[-28.4861,71.5594],[-28.4775,71.5561],[-28.4669,71.5525],[-28.4544,71.5497],[-28.395,71.5411],[-28.3658,71.5417],[-28.0717,71.5508],[-28.0539,71.5519],[-28.0389,71.553],[-27.9714,71.5597],[-27.9253,71.5655],[-27.7489,71.5922],[-27.6711,71.6072],[-27.6472,71.6111],[-27.6311,71.6128],[-27.5939,71.613],[-27.5394,71.6116],[-27.385,71.6025],[-27.3736,71.6017],[-27.1406,71.5714],[-27.125,71.5664],[-27.1244,71.5605],[-27.1294,71.5558],[-27.1431,71.5505],[-27.2331,71.5228],[-27.2464,71.5189],[-27.2631,71.5183],[-27.2953,71.5203],[-27.3078,71.5203],[-27.3169,71.52],[-27.3222,71.5186],[-27.3256,71.5133],[-27.3164,71.5092],[-27.235,71.4836],[-27.1914,71.4958],[-27.1794,71.5014],[-27.1667,71.5061],[-27.1094,71.5186],[-27.0367,71.5294],[-27.0197,71.53],[-27.0008,71.5294],[-26.9806,71.5267],[-26.8553,71.5047],[-26.675,71.4758],[-26.5444,71.483],[-26.53,71.485],[-26.5053,71.4903],[-26.4211,71.5028],[-26.3384,71.4996],[-25.8496,71.4357],[-25.6949,71.273],[-25.7683,71.2583],[-25.7689,71.2583],[-25.7694,71.2581],[-26.086,71.1948],[-26.3294,71.1324],[-27.0844,71.0846],[-27.6061,71.0682],[-27.6611,71.0557],[-27.7378,71.1],[-27.7481,71.1061],[-27.7564,71.1144],[-27.7569,71.1203],[-27.7603,71.13],[-27.7689,71.1433],[-27.7767,71.1483],[-27.7989,71.1497],[-27.8253,71.148],[-27.9183,71.1355],[-27.9222,71.1325],[-27.9225,71.1283],[-27.9197,71.1236],[-27.9092,71.1125],[-27.8325,71.048],[-27.8153,71.0355],[-27.8003,71.0267],[-27.7968,71.025],[-27.9162,70.998],[-27.9422,70.9823],[-28.0175,70.9919],[-28.0403,70.9919],[-28.1006,70.9841],[-28.3008,70.9953],[-28.3175,70.993],[-28.4017,70.9783],[-28.4092,70.9758],[-28.4117,70.9705],[-28.4083,70.9658],[-28.39,70.9611],[-28.3767,70.9592],[-28.3422,70.9578],[-28.2917,70.9544],[-28.1839,70.9472],[-28.1406,70.9414],[-28.0972,70.9305],[-28.0511,70.9168],[-28.0835,70.8973],[-28.2218,70.6273],[-28.2675,70.5798],[-28.3031,70.5605],[-28.3078,70.5591],[-28.4083,70.5358],[-28.4272,70.5325],[-28.6039,70.5128],[-28.6253,70.5114],[-28.64,70.5114],[-28.6636,70.513],[-28.6783,70.5155],[-28.6944,70.5197],[-28.7175,70.523],[-28.7431,70.5236],[-28.7861,70.5189],[-28.9381,70.4933],[-29.2056,70.4622],[-29.2278,70.4556],[-29.2319,70.4533],[-29.2367,70.4469],[-29.2372,70.4439],[-29.2069,70.3941],[-29.2047,70.3928],[-29.1961,70.3911],[-29.1333,70.3861],[-29.125,70.3867],[-28.9869,70.4117],[-28.9739,70.4164],[-28.9639,70.423],[-28.9553,70.43],[-28.9311,70.4403],[-28.9164,70.4444],[-28.8511,70.4575],[-28.8211,70.463],[-28.7542,70.4716],[-28.7372,70.473],[-28.6897,70.475],[-28.6575,70.4755],[-28.62,70.4722],[-28.5658,70.4714],[-28.5492,70.4728],[-28.5333,70.4758],[-28.5253,70.4814],[-28.5128,70.4917],[-28.5008,70.498],[-28.4869,70.5],[-28.3385,70.5059],[-28.3845,70.458],[-28.3432,70.4427],[-28.3456,70.4397],[-28.3475,70.4336],[-28.3469,70.4239],[-28.3406,70.4144],[-28.3342,70.4089],[-28.325,70.4036],[-28.2914,70.3883],[-28.2678,70.3791],[-28.2419,70.3711],[-28.2253,70.3683],[-28.2167,70.368],[-28.1629,70.3757],[-27.912,70.2825],[-27.4749,70.2068],[-27.3759,70.2038],[-27.5078,70.1636],[-27.7208,70.1247],[-27.7439,70.1178],[-27.7569,70.1133],[-27.7792,70.1044],[-27.7925,70.1],[-27.8061,70.0964],[-27.8217,70.0933],[-27.8533,70.088],[-27.8767,70.0883],[-27.9358,70.095],[-27.9644,70.1014],[-27.9803,70.1055],[-28.0053,70.1136],[-28.0172,70.1189],[-28.0653,70.135],[-28.0803,70.1383],[-28.1214,70.1433],[-28.1492,70.1439],[-28.1825,70.1439],[-28.2111,70.1428],[-28.2422,70.1414],[-28.2644,70.1397],[-28.275,70.138],[-28.3617,70.1122],[-28.5758,70.0955],[-28.5872,70.0947],[-28.5919,70.0936],[-28.5911,70.0875],[-28.5875,70.0819],[-28.5583,70.0555],[-28.5519,70.05],[-28.5428,70.0447],[-28.5306,70.0436],[-28.5161,70.0439],[-28.3908,70.0472],[-28.3739,70.0478],[-28.3461,70.0522],[-28.1983,70.07],[-28.1711,70.073],[-28.1256,70.0719],[-28.0986,70.0661],[-28.0917,70.0619],[-28.085,70.0555],[-28.0497,70.0364],[-28.0114,70.0214],[-27.9772,70.0083],[-27.9678,70.0069],[-27.9414,70.0083],[-27.8519,70.0228],[-27.825,70.028],[-27.7969,70.0317],[-27.6397,70.0486],[-27.6081,70.0514],[-27.5686,70.053],[-27.5475,70.0517],[-27.5381,70.0503],[-27.5342,70.0486],[-27.5264,70.0453],[-27.5203,70.0397],[-27.5203,70.0297],[-27.5225,69.9853],[-27.5283,69.9761],[-27.5261,69.9722],[-27.5172,69.9669],[-27.5061,69.9628],[-27.4961,69.9605],[-27.4347,69.9542],[-27.4156,69.9553],[-27.3419,69.9625],[-27.3222,69.9653],[-27.3089,69.9697],[-27.2953,69.9755],[-27.2869,69.9811],[-27.2803,69.9869],[-27.1856,70.0867],[-27.1806,70.093],[-27.1789,70.0975],[-27.1806,70.1028],[-27.1833,70.1075],[-27.1933,70.1147],[-27.1961,70.1194],[-27.1961,70.1244],[-27.1825,70.1608],[-27.1703,70.1694],[-27.1472,70.18],[-27.1064,70.1956],[-26.5226,70.1779],[-26.252,70.1784],[-25.4533,70.2871],[-25.3498,70.2891],[-25.3464,70.2822],[-25.3294,70.2739],[-25.3039,70.2728],[-25.2394,70.2717],[-25.23,70.2725],[-25.2189,70.2767],[-25.2122,70.2808],[-25.2089,70.2858],[-25.2032,70.292],[-24.7309,70.3012],[-24.5328,70.255],[-23.9247,70.1519],[-23.8017,70.1428],[-23.7419,70.134],[-23.5874,70.084],[-23.4595,70.0919],[-23.2078,70.0924],[-23.1614,70.0905],[-22.8619,70.0803],[-22.7858,70.0792],[-22.6684,70.0843],[-22.434,70.0785],[-22.1864,70.0584],[-22.265,70.0144],[-22.2947,70.0005],[-22.3244,69.9878],[-22.3611,69.9742],[-22.3822,69.9694],[-22.3958,69.9672],[-22.4797,69.9814],[-22.4989,69.9708],[-22.5756,69.9375],[-22.6139,69.9341],[-22.6422,69.9339],[-22.6681,69.9347],[-22.7489,69.9427],[-22.8136,69.9539],[-22.8464,69.9586],[-22.8594,69.9583],[-22.88,69.9561],[-22.9014,69.9533],[-22.9119,69.9508],[-22.9167,69.9486],[-22.9106,69.9276],[-22.9109,69.9241],[-22.9096,69.9226],[-22.9064,69.9208],[-22.8978,69.918],[-22.8564,69.903],[-22.8417,69.9017],[-22.8103,69.9003],[-22.7925,69.898],[-22.7772,69.8947],[-22.7697,69.8903],[-22.7686,69.8864],[-22.7811,69.8819],[-22.7958,69.88],[-22.8072,69.8794],[-22.8489,69.8819],[-22.8667,69.8842],[-22.9083,69.8903],[-22.9364,69.8967],[-22.9464,69.9011],[-22.9588,69.9104],[-22.9589,69.9131],[-22.9616,69.9179],[-22.9643,69.9206],[-22.9728,69.9249],[-22.9867,69.9336],[-23.005,69.9375],[-23.0244,69.9403],[-23.0461,69.9416],[-23.0656,69.94],[-23.0706,69.9386],[-23.0728,69.9366],[-23.0936,69.9164],[-23.0928,69.9144],[-23.0833,69.9075],[-23.0547,69.8955],[-23.0433,69.8872],[-23.0386,69.8828],[-23.0367,69.8769],[-23.0372,69.8744],[-23.04,69.8708],[-23.0633,69.8686],[-23.0814,69.868],[-23.1067,69.868],[-23.1328,69.8697],[-23.1608,69.873],[-23.1961,69.8831],[-23.2439,69.8716],[-23.2628,69.8655],[-23.2725,69.8611],[-23.2756,69.8586],[-23.2575,69.8522],[-23.2322,69.8478],[-23.2233,69.8472],[-23.1047,69.8433],[-23.0864,69.8469],[-23.0778,69.8475],[-23.0636,69.8469],[-22.9769,69.8333],[-22.9486,69.8258],[-22.9264,69.8189],[-22.91,69.8119],[-22.9083,69.808],[-22.9086,69.8003],[-22.9128,69.7961],[-22.9292,69.7867],[-22.985,69.7619],[-22.9958,69.7572],[-23.005,69.7561],[-23.0164,69.7558],[-23.0453,69.7583],[-23.0928,69.765],[-23.1994,69.7911],[-23.2094,69.7953],[-23.2147,69.8011],[-23.2447,69.8289],[-23.2569,69.8355],[-23.2861,69.845],[-23.3017,69.8492],[-23.3289,69.8539],[-23.365,69.8555],[-23.3853,69.8533],[-23.3947,69.8489],[-23.3892,69.8447],[-23.3797,69.8422],[-23.3439,69.8405],[-23.3253,69.8364],[-23.3167,69.8292],[-23.3044,69.8189],[-23.2731,69.7917],[-23.2664,69.7855],[-23.2569,69.7753],[-23.2494,69.7664],[-23.2442,69.7597],[-23.2411,69.7522],[-23.2433,69.75],[-23.2506,69.7469],[-23.2619,69.7472],[-23.2892,69.7519],[-23.3375,69.7569],[-23.3958,69.7553],[-23.4769,69.7511],[-23.6572,69.7267],[-23.7097,69.7344],[-23.9008,69.7553],[-23.9306,69.7553],[-23.9314,69.7539],[-23.9303,69.7511],[-23.9258,69.7472],[-23.9186,69.7439],[-23.9092,69.7414],[-23.8222,69.728],[-23.7469,69.7228],[-23.7294,69.7208],[-23.7019,69.7153],[-23.6886,69.71],[-23.5822,69.628],[-23.5792,69.6236],[-23.6286,69.575],[-23.6358,69.5683],[-23.6489,69.5591],[-23.6606,69.5536],[-23.7728,69.5167],[-23.7928,69.5108],[-23.8056,69.508],[-23.8194,69.5075],[-23.8383,69.51],[-23.8578,69.5133],[-24.0756,69.5553],[-24.2331,69.5783],[-24.26,69.5828],[-24.2769,69.5864],[-24.3181,69.598],[-24.3319,69.6042],[-24.3433,69.6044],[-24.3503,69.6011],[-24.3519,69.598],[-24.3403,69.5911],[-24.3172,69.5825],[-24.2656,69.5667],[-24.2308,69.5566],[-24.2056,69.5525],[-24.1656,69.5472],[-24.1511,69.5461],[-24.1333,69.543],[-24.1239,69.5405],[-24.1167,69.5372],[-24.1036,69.5286],[-24.0889,69.5169],[-24.0842,69.5125],[-24.0761,69.4991],[-24.0725,69.4839],[-24.0728,69.478],[-24.0764,69.4728],[-24.1683,69.4228],[-24.3425,69.4125],[-24.3533,69.405],[-24.4164,69.3636],[-24.4231,69.3603],[-24.4331,69.358],[-24.455,69.3578],[-24.4789,69.3614],[-24.6522,69.3944],[-24.6694,69.3736],[-24.655,69.3689],[-24.6444,69.3636],[-24.6397,69.3591],[-24.6319,69.3479],[-24.8966,69.3921],[-25.0376,69.2925],[-25.0506,69.2941],[-25.0878,69.2969],[-25.1017,69.2972],[-25.1306,69.2947],[-25.2097,69.2744],[-25.2189,69.27],[-25.275,69.2422],[-25.2778,69.2397],[-25.28,69.2328],[-25.2772,69.2294],[-25.2711,69.2278],[-25.2481,69.2261],[-25.1586,69.2236],[-25.1369,69.2239],[-25.1344,69.2241],[-25.3244,69.0899],[-25.4195,69.0448],[-25.5475,69.0769],[-25.5681,69.0831],[-25.5808,69.0897],[-25.5847,69.0947],[-25.5844,69.0972],[-25.5886,69.1],[-25.5989,69.1042],[-25.6094,69.1036],[-25.6358,69.0928],[-25.6419,69.0825],[-25.5372,69.0292],[-25.4956,69.0087],[-25.5886,68.9646],[-25.5953,68.9647],[-25.6622,68.9625],[-25.6878,68.9589],[-25.7025,68.9553],[-25.7058,68.9511],[-25.7167,68.9336],[-25.7156,68.9319],[-25.7122,68.93],[-25.7086,68.9283],[-25.678,68.9222],[-25.8016,68.8636],[-26.0226,68.7833],[-26.0231,68.7833],[-26.1522,68.7817],[-26.2506,68.7378],[-26.25,68.7341],[-26.2514,68.7289],[-26.2672,68.7014],[-26.2711,68.698],[-26.2903,68.688],[-26.3633,68.6675],[-26.4022,68.6591],[-26.4306,68.6561],[-26.4575,68.6539],[-26.6525,68.6514],[-26.6928,68.6539],[-26.7039,68.6566],[-26.7167,68.663],[-26.7211,68.6667],[-26.7217,68.67],[-26.72,68.6772],[-26.8942,68.6469],[-27.0086,68.5994],[-27.0092,68.5905],[-27.0172,68.585],[-27.0353,68.5789],[-27.0581,68.5764],[-27.0706,68.5769],[-27.1019,68.5855],[-27.1697,68.6011],[-27.1781,68.6017],[-27.2769,68.6053],[-27.3056,68.6042],[-27.325,68.6022],[-27.3342,68.5994],[-27.3403,68.5961],[-27.3403,68.5911],[-27.3353,68.5867],[-27.3286,68.5842],[-27.2914,68.5753],[-27.2658,68.5681],[-27.2525,68.5633],[-27.2247,68.5517],[-27.2158,68.5453],[-27.2169,68.5422],[-27.2228,68.538],[-27.2247,68.5369],[-27.2297,68.5364],[-27.315,68.5328],[-27.3769,68.5331],[-27.4569,68.5369],[-27.4975,68.5403],[-27.5067,68.5417],[-27.5253,68.5486],[-27.5247,68.5525],[-27.5211,68.5558],[-27.5097,68.5594],[-27.4903,68.5678],[-27.4867,68.5711],[-27.4883,68.5739],[-27.495,68.5764],[-27.5167,68.5792],[-27.5544,68.5817],[-27.5633,68.5806],[-27.5775,68.5775],[-27.5919,68.5719],[-27.6833,68.5361],[-27.7064,68.5122],[-27.6158,68.4944],[-27.6042,68.4886],[-27.6028,68.4861],[-27.8333,68.4805],[-27.885,68.4941],[-27.9042,68.5019],[-27.9203,68.5108],[-27.9261,68.5161],[-27.9325,68.5275],[-27.9339,68.5392],[-27.9344,68.5589],[-27.9361,68.5641],[-27.9456,68.5686],[-27.9528,68.5697],[-27.9622,68.5694],[-28.0161,68.5628],[-28.0367,68.5564],[-28.0372,68.5522],[-28.0231,68.4889],[-28.0153,68.4783],[-28.0092,68.4716],[-28.0056,68.4661],[-28.0055,68.4655],[-28.097,68.4422],[-28.2603,68.4294],[-28.4192,68.4441],[-28.4353,68.4464],[-28.4408,68.4469],[-28.4908,68.4472],[-28.4961,68.4469],[-28.505,68.4441],[-28.6039,68.4083],[-28.6381,68.3914],[-28.8372,68.3733],[-28.8417,68.3719],[-28.8486,68.3678],[-28.8492,68.36],[-28.8481,68.3293],[-28.8631,68.3262],[-28.8636,68.3261],[-28.9042,68.3453],[-28.9322,68.3558],[-29.1475,68.3958],[-29.1578,68.395],[-29.1872,68.3905],[-29.2075,68.3847],[-29.2089,68.3825],[-29.2092,68.3786],[-29.1861,68.355],[-29.175,68.3461],[-29.1644,68.3419],[-29.115,68.3314],[-29.1025,68.3247],[-29.0983,68.3091],[-29.1014,68.3033],[-29.1172,68.2839],[-29.1203,68.2805],[-29.1261,68.2772],[-29.1325,68.2747],[-29.1814,68.2586],[-29.1925,68.2594],[-29.1989,68.2633],[-29.2067,68.273],[-29.2125,68.2825],[-29.2189,68.2889],[-29.2314,68.2955],[-29.2833,68.3164],[-29.3036,68.3147],[-29.3339,68.3055],[-29.3419,68.2994],[-29.3436,68.2972],[-29.3417,68.2817],[-29.3431,68.2589],[-29.3458,68.2505],[-29.357,68.2322],[-29.3997,68.2281],[-29.8254,68.4141],[-29.8458,68.4113],[-29.8517,68.4136],[-29.8622,68.4136],[-29.87,68.4128],[-29.8987,68.4042],[-29.9945,68.3914],[-30.0168,68.3618],[-30.1969,68.2425],[-30.1581,68.2361],[-30.1422,68.2328],[-30.1213,68.2236],[-30.2174,68.0964],[-30.2697,68.0922],[-30.3411,68.0914],[-30.3522,68.0925],[-30.3639,68.0997],[-30.3839,68.1153],[-30.4089,68.1422],[-30.4106,68.1544],[-30.4036,68.1655],[-30.3964,68.1764],[-30.3931,68.1947],[-30.3919,68.2047],[-30.3922,68.2072],[-30.3978,68.2172],[-30.4022,68.2197],[-30.4147,68.2225],[-30.6933,68.2605],[-30.7097,68.2608],[-30.7536,68.2586],[-30.8033,68.2528],[-30.8164,68.2486],[-30.8175,68.2464],[-30.815,68.2425],[-30.8056,68.2405],[-30.6889,68.22],[-30.5653,68.1961],[-30.485,68.1786],[-30.4744,68.173],[-30.4681,68.1678],[-30.4642,68.1622],[-30.4219,68.0658],[-30.4239,68.0647],[-30.4339,68.0597],[-30.4536,68.0578],[-30.4825,68.0572],[-30.5108,68.0578],[-30.6619,68.0611],[-30.6825,68.0616],[-30.6992,68.063],[-30.7189,68.0681],[-30.8678,68.0753],[-30.8939,68.0747],[-30.9156,68.0717],[-30.9978,68.0486],[-31.0219,68.0394],[-31.1181,68.0508],[-31.3328,68.0969],[-31.4033,68.1128],[-31.4381,68.1216],[-31.4481,68.1247],[-31.4542,68.1291],[-31.4539,68.1305],[-31.4497,68.1358],[-31.4381,68.138],[-31.4156,68.1405],[-31.3875,68.1422],[-31.3628,68.1417],[-31.3422,68.1428],[-31.3386,68.1453],[-31.3461,68.15],[-31.375,68.1544],[-31.3889,68.155],[-31.4289,68.155],[-31.4561,68.1536],[-31.4778,68.1505],[-31.4822,68.1492],[-31.4883,68.1464],[-31.4893,68.1457],[-31.5941,68.2237],[-31.5914,68.2236],[-31.5542,68.2244],[-31.5375,68.2272],[-31.5289,68.23],[-31.5283,68.233],[-31.5283,68.2347],[-31.5358,68.2394],[-31.6019,68.2525],[-31.62,68.2547],[-31.6369,68.2558],[-31.6388,68.2559],[-32.0188,68.4474],[-32.3099,68.5441],[-32.3492,68.544],[-32.3561,68.5586],[-32.365,68.5697],[-32.4089,68.6142],[-32.4289,68.6219],[-32.4455,68.6236],[-32.4758,68.6219],[-32.485,68.62],[-32.4939,68.6169],[-32.5053,68.6108],[-32.5039,68.5919],[-32.5019,68.5861],[-32.4919,68.5772],[-32.4578,68.5517],[-32.4247,68.5411],[-32.4197,68.5105],[-32.4225,68.5042],[-32.4325,68.4991],[-32.5061,68.4922],[-32.5203,68.4928],[-32.5614,68.505],[-32.5656,68.505],[-32.5692,68.5025],[-32.5575,68.4878],[-32.5292,68.4528],[-32.5253,68.448],[-32.4708,68.3983],[-32.4628,68.3936],[-32.4533,68.3886],[-32.4311,68.3794],[-32.3183,68.3536],[-32.3019,68.3517],[-32.2828,68.3471],[-32.1932,68.2148],[-32.2061,68.2189],[-32.2319,68.2225],[-32.3917,68.2264],[-32.4003,68.1994],[-32.3906,68.2044],[-32.3697,68.2086],[-32.3525,68.2075],[-32.3242,68.2042],[-32.2947,68.1972],[-32.1928,68.1686],[-32.1592,68.1647],[-32.058,68.0154],[-32.0719,67.9958],[-32.1111,67.9317],[-32.1248,67.8728],[-32.2675,67.8652],[-32.2758,67.8622],[-32.2933,67.8694],[-32.3086,67.8786],[-32.3214,67.8814],[-32.3542,67.8842],[-32.5172,67.8697],[-32.5244,67.8689],[-32.5378,67.8655],[-32.5464,67.8611],[-32.547,67.8533],[-32.5397,67.8441],[-32.5322,67.8397],[-32.5475,67.8164],[-32.7797,67.7225],[-32.8406,67.7072],[-32.8664,67.7017],[-32.9236,67.6903],[-33.0236,67.6767],[-33.0517,67.6783],[-33.0964,67.6897],[-33.1156,67.6936],[-33.1411,67.6958],[-33.1644,67.695],[-33.1861,67.6925],[-33.1986,67.688],[-33.2078,67.68],[-33.2067,67.6689],[-33.2039,67.6639],[-33.1975,67.6542],[-33.1919,67.6505],[-33.1844,67.6475],[-33.1706,67.6472],[-33.1481,67.6486],[-33.1378,67.6505],[-33.125,67.6494],[-33.11,67.6472],[-33.0728,67.6403],[-33.06,67.6378],[-33.055,67.6344],[-33.0567,67.6303],[-33.1047,67.5944],[-33.1786,67.5586],[-33.2033,67.5466],[-33.2167,67.5417],[-33.2375,67.5367],[-33.2703,67.4811],[-33.2719,67.4175],[-33.3353,67.3601],[-33.3397,67.3578],[-33.3781,67.3517],[-33.3908,67.3511],[-33.4058,67.3533],[-33.415,67.3569],[-33.4203,67.3647],[-33.5003,67.3733],[-33.5758,67.3733],[-33.5917,67.3733],[-33.6006,67.3714],[-33.6,67.3672],[-33.5531,67.3433],[-33.5467,67.345],[-33.5236,67.3472],[-33.4928,67.348],[-33.4606,67.3453],[-33.4425,67.3425],[-33.4264,67.3369],[-33.4225,67.3322],[-33.4008,67.3008],[-33.6275,67.0956],[-33.6364,67.0936],[-33.6489,67.093],[-33.6631,67.0914],[-33.6703,67.0889],[-33.6764,67.0855],[-33.7344,67.0042],[-33.7317,66.9949],[-33.7402,66.9864],[-33.8336,66.9822],[-33.8672,66.9836],[-33.8897,66.9858],[-33.9275,66.9911],[-33.9522,66.993],[-33.9731,66.9905],[-33.9969,66.9394],[-34.0011,66.88],[-34.0456,66.7419],[-34.0478,66.7386],[-34.0925,66.6997],[-34.2539,66.5844],[-34.2672,66.5758],[-34.2739,66.5733],[-34.2833,66.5722],[-34.27,66.6319],[-34.3089,66.6389],[-34.3422,66.6053],[-34.3469,66.6017],[-34.36,66.5961],[-34.3692,66.5947],[-34.3925,66.6139],[-34.3961,66.6186],[-34.3992,66.6297],[-34.4022,66.6469],[-34.3981,66.653],[-34.3889,66.6739],[-34.3897,66.6794],[-34.4036,66.7303],[-34.405,66.735],[-34.4089,66.7394],[-34.4119,66.7417],[-34.4236,66.7433],[-34.4297,66.7414],[-34.435,66.7372],[-34.4406,66.7314],[-34.4794,66.6494],[-34.4842,66.6322],[-34.4578,66.5717],[-34.4447,66.5653],[-34.4189,66.5525],[-34.4056,66.545],[-34.4069,66.5408],[-34.4094,66.5375],[-34.4156,66.5328],[-34.6189,66.4075],[-34.64,66.3722],[-34.72,66.3383],[-34.7772,66.3194],[-34.8103,66.3108],[-34.9458,66.2864],[-34.9708,66.2831],[-34.9842,66.2841],[-34.9942,66.2869],[-35.1108,66.325],[-35.1239,66.3328],[-35.1294,66.3378],[-35.13,66.343],[-35.1264,66.3492],[-35.1169,66.3572],[-35.1131,66.3616],[-35.1097,66.3708],[-35.1061,66.3936],[-35.1036,66.4097],[-35.1075,66.4158],[-35.1119,66.418],[-35.115,66.4186],[-35.1219,66.4178],[-35.1281,66.4158],[-35.145,66.4094],[-35.2236,66.3653],[-35.2267,66.3628],[-35.2292,66.3544],[-35.235,66.3139],[-35.235,66.3125],[-35.2344,66.3116],[-35.2258,66.3078],[-35.2008,66.305],[-35.1653,66.2989],[-35.0539,66.2686],[-35.0428,66.2611],[-35.0403,66.2553],[-35.0439,66.2461],[-35.0474,66.2446],[-35.1535,66.2361],[-35.2039,66.2378],[-35.2328,66.2419],[-35.3933,66.2869],[-35.4909,66.2939],[-35.6475,66.336],[-35.7272,66.388],[-35.7625,66.425],[-35.7711,66.4347],[-35.835,66.435],[-35.8517,66.4336],[-35.86,66.4314],[-35.8717,66.423],[-35.8739,66.4214],[-35.8797,66.4164],[-35.8794,66.4133],[-35.7158,66.3229],[-35.7745,66.1031],[-35.8029,66.0662],[-35.8964,66.015],[-36.0636,65.9341],[-36.0831,65.9283],[-36.0958,65.9267],[-36.2217,65.9374],[-36.2683,65.9567],[-36.3319,65.9072],[-36.3536,65.9075],[-36.3708,65.9128],[-36.3786,65.9164],[-36.3842,65.9203],[-36.3869,65.925],[-36.3892,65.9383],[-36.3939,65.9964],[-36.3953,66.0194],[-36.3947,66.0239],[-36.3911,66.0308],[-36.3742,66.053],[-36.3439,66.0711],[-36.3422,66.075],[-36.3431,66.08],[-36.3511,66.0855],[-36.3739,66.0872],[-36.3858,66.0869],[-36.5372,66.0808],[-36.5667,66.0767],[-36.5717,66.073],[-36.5758,66.0683],[-36.5753,66.0644],[-36.5695,66.0578],[-36.5617,66.055],[-36.5442,66.0508],[-36.5192,66.0489],[-36.4808,66.0491],[-36.4756,66.0464],[-36.4761,66.0419],[-36.5108,65.9928],[-36.515,65.9886],[-36.5211,65.9847],[-36.6242,65.9605],[-36.755,65.9292],[-36.8431,65.8889],[-36.8467,65.8839],[-36.8558,65.8764],[-36.9711,65.8386],[-36.9803,65.8375],[-36.99,65.838],[-37.0331,65.8405],[-37.0417,65.8439],[-37.0464,65.8489],[-37.0478,65.8514],[-37.0922,65.9369],[-37.045,66.015],[-37.0394,66.0228],[-37.0375,66.0267],[-37.0347,66.0364],[-37.0333,66.0422],[-37.0339,66.0514],[-37.0356,66.0547],[-37.0397,66.058],[-37.045,66.06],[-37.0658,66.0636],[-37.0775,66.0622],[-37.0833,66.0605],[-37.1686,66.0086],[-37.1703,66.0036],[-37.1656,65.9986],[-37.1369,65.9536],[-37.0894,65.8578],[-37.0883,65.853],[-37.1044,65.8192],[-37.11,65.8111],[-37.1681,65.773],[-37.1806,65.7703],[-37.1931,65.7691],[-37.2136,65.7719],[-37.235,65.7786],[-37.255,65.7855],[-37.2747,65.7941],[-37.2847,65.7978],[-37.3075,65.8058],[-37.3314,65.8122],[-37.3794,65.8228],[-37.3894,65.8253],[-37.4058,65.8303],[-37.4196,65.8362],[-37.1548,66.3202],[-37.1679,66.3184],[-37.1831,66.3394],[-37.1847,66.3417],[-37.1975,66.3453],[-37.2206,66.345],[-37.2297,66.3436],[-37.2611,66.3375],[-37.2817,66.3328],[-37.3164,66.325],[-37.3464,66.3183],[-37.3811,66.3175],[-37.4837,66.3179],[-37.5673,66.3194],[-37.674,66.3374],[-37.7906,66.3672],[-37.9531,66.3843],[-38.0418,66.3992],[-38.0341,66.3866],[-38.0847,66.3878],[-38.1061,66.3869],[-38.1167,66.385],[-38.1236,66.3828],[-38.1278,66.3797],[-38.1414,66.3658],[-38.1481,66.3528],[-38.1497,66.3489],[-38.1492,66.3417],[-38.1389,66.3347],[-38.1131,66.3314],[-38.0814,66.3297],[-38.0572,66.3297],[-38.0361,66.328],[-37.9955,66.3237],[-37.9504,66.2503],[-37.9586,66.2505],[-37.9692,66.2497],[-37.9908,66.2444],[-37.995,66.2405],[-37.9942,66.2366],[-37.9908,66.2328],[-37.9828,66.2292],[-37.9274,66.213],[-37.9249,66.2088],[-37.9292,66.1343],[-37.9789,66.1097],[-37.9958,66.105],[-38.0164,66.1003],[-38.0153,66.0803],[-37.9752,65.9634],[-38.0026,65.9345],[-38.0097,65.9311],[-38.0519,65.9125],[-38.0642,65.9097],[-38.0678,65.91],[-38.0744,65.9122],[-38.0775,65.9158],[-38.0744,65.9292],[-38.0695,65.9425],[-38.0672,65.9486],[-38.0678,65.9525],[-38.0742,65.9592],[-38.0794,65.9608],[-38.1764,65.9689],[-38.1878,65.9664],[-38.1961,65.9614],[-38.1975,65.9575],[-38.1967,65.9536],[-38.1942,65.9483],[-38.19,65.945],[-38.1792,65.9397],[-38.1567,65.9358],[-38.1461,65.9311],[-38.1431,65.9275],[-38.1408,65.9233],[-38.1422,65.9183],[-38.1478,65.9114],[-38.1539,65.9064],[-38.1622,65.9019],[-38.1703,65.9003],[-38.1961,65.8994],[-38.2233,65.8997],[-38.2678,65.9014],[-38.2836,65.9033],[-38.3025,65.9078],[-38.3233,65.9158],[-38.3453,65.9283],[-38.3511,65.933],[-38.3489,65.9394],[-38.3417,65.9494],[-38.3406,65.9544],[-38.3417,65.9592],[-38.345,65.9628],[-38.4044,66.0139],[-38.41,66.0167],[-38.4325,66.0205],[-38.4564,66.0205],[-38.4778,66.0164],[-38.4836,66.0103],[-38.4628,65.9272],[-38.4597,65.92],[-38.4531,65.9125],[-38.2758,65.8342],[-38.2686,65.8325],[-38.2153,65.8236],[-38.2058,65.8228],[-38.1844,65.8272],[-38.1753,65.8283],[-38.1273,65.8127],[-38.4534,65.6523],[-38.4608,65.6608],[-38.4533,65.6633],[-38.4436,65.6672],[-38.4353,65.6725],[-38.4325,65.6758],[-38.4344,65.6783],[-38.4425,65.6819],[-38.5297,65.7078],[-38.5344,65.7078],[-38.5392,65.7075],[-38.5431,65.7044],[-38.5436,65.7019],[-38.5475,65.6741],[-38.5453,65.6453],[-38.5458,65.6375],[-38.5497,65.6344],[-38.5544,65.6331],[-38.562,65.632],[-38.5828,65.6339],[-38.7089,65.665],[-38.7156,65.6683],[-38.7244,65.6747],[-38.7344,65.6869],[-38.74,65.6905],[-38.7475,65.6922],[-38.7564,65.6897],[-38.7853,65.6775],[-38.7869,65.6755],[-38.7875,65.673],[-38.7825,65.6625],[-38.7792,65.6589],[-38.7733,65.6542],[-38.765,65.6478],[-38.7536,65.6405],[-38.7433,65.6369],[-38.7147,65.6311],[-38.6859,65.6265],[-38.6733,65.625],[-38.6608,65.6314],[-38.6514,65.6317],[-38.6308,65.6291],[-38.6278,65.6253],[-38.6263,65.6229],[-38.8059,65.5975],[-38.8515,65.6118],[-38.8749,65.5878],[-38.9894,65.5716],[-39.0689,65.5714],[-39.0917,65.5972],[-39.0989,65.6066],[-39.1025,65.6158],[-39.105,65.6253],[-39.1133,65.6394],[-39.1228,65.6489],[-39.1403,65.6617],[-39.1481,65.6653],[-39.235,65.6947],[-39.2375,65.6955],[-39.3244,65.7155],[-39.2911,65.6836],[-39.2019,65.605],[-39.195,65.5922],[-39.2011,65.5836],[-39.2156,65.5764],[-39.2219,65.5742],[-39.2317,65.5711],[-39.4271,65.5707],[-39.4858,65.5668],[-39.5433,65.6111],[-39.5461,65.6164],[-39.5461,65.6208],[-39.5456,65.6278],[-39.5389,65.6367],[-39.6461,65.6764],[-39.6567,65.6797],[-39.6639,65.6803],[-39.6744,65.6794],[-39.6831,65.6769],[-39.6997,65.6694],[-39.7744,65.625],[-39.7875,65.6169],[-39.8286,65.5878],[-39.8317,65.5828],[-39.8286,65.58],[-39.8195,65.5761],[-39.7972,65.5725],[-39.7734,65.5478],[-39.9556,65.5357],[-39.9889,65.5489],[-40.005,65.5558],[-40.0142,65.563],[-40.0181,65.5678],[-40.0203,65.5719],[-40.0306,65.5789],[-40.0583,65.5775],[-40.0797,65.5739],[-40.0964,65.5672],[-40.2172,65.5033],[-40.2164,65.4961],[-40.2136,65.4908],[-40.2089,65.4833],[-40.2017,65.4783],[-40.1672,65.4689],[-40.1181,65.4572],[-40.0917,65.4514],[-40.0089,65.4355],[-39.9856,65.4322],[-39.9686,65.4336],[-39.9386,65.4405],[-39.9264,65.4425],[-39.9047,65.4441],[-39.8986,65.443],[-39.8828,65.439],[-39.8384,65.4007],[-39.8386,65.4008],[-39.8642,65.4125],[-39.8753,65.4144],[-39.8842,65.413],[-39.9417,65.365],[-39.9117,65.3422],[-39.8642,65.3108],[-39.8267,65.2925],[-39.8089,65.2875],[-39.8019,65.2833],[-39.7822,65.2672],[-39.7556,65.2428],[-39.7731,65.238],[-39.9183,65.2105],[-39.9362,65.1673],[-40.0264,65.1472],[-40.1189,65.1308],[-40.1444,65.0836],[-40.1919,65.0403],[-40.2564,65.0164],[-40.4042,65.0286],[-40.4139,65.03],[-40.4239,65.0325],[-40.4322,65.0369],[-40.5067,65.0811],[-40.5961,65.135],[-40.7008,65.0586],[-40.9803,65.0792],[-40.99,65.0803],[-41.0023,65.0324],[-41.0603,65.0375],[-41.0117,65.0074],[-41.0564,64.9678],[-41.1089,64.9769],[-41.1233,64.9792],[-41.1347,64.9783],[-41.1422,64.9767],[-41.1481,64.9733],[-41.1556,64.9644],[-41.1553,64.9603],[-41.1522,64.9505],[-41.1486,64.9469],[-41.0733,64.8817],[-41.0672,64.8769],[-41.0594,64.8744],[-40.9903,64.8591],[-40.9228,64.8167],[-40.87,64.7831],[-40.8642,64.7794],[-40.8269,64.763],[-40.6872,64.7028],[-40.6119,64.6839],[-40.6008,64.6811],[-40.5947,64.6767],[-40.5908,64.6675],[-40.5856,64.563],[-40.5817,64.5583],[-40.5756,64.5461],[-40.5695,64.5319],[-40.5664,64.5222],[-40.5633,64.5083],[-40.5644,64.5042],[-40.5736,64.5003],[-40.5925,64.4964],[-40.6058,64.4914],[-40.6211,64.4817],[-40.6375,64.4691],[-40.6386,64.465],[-40.6336,64.46],[-40.6119,64.4553],[-40.5822,64.4505],[-40.5258,64.4441],[-40.4922,64.4372],[-40.4325,64.4225],[-40.4203,64.4191],[-40.3886,64.4078],[-40.3856,64.4065],[-40.4724,64.3478],[-40.5073,64.3468],[-40.5417,64.3569],[-40.6522,64.3764],[-40.7881,64.3844],[-40.8097,64.3822],[-40.8494,64.3711],[-40.8778,64.3605],[-40.8872,64.3553],[-40.8944,64.35],[-40.9047,64.3394],[-40.9074,64.3354],[-41.0111,64.3324],[-41.1652,64.3135],[-41.3258,64.3414],[-41.507,64.3258],[-41.5189,64.3236],[-41.5256,64.3205],[-41.5544,64.2889],[-41.5636,64.2758],[-41.5675,64.2703],[-41.5695,64.2655],[-41.5695,64.2622],[-41.5656,64.2575],[-41.5558,64.2528],[-41.4003,64.18],[-41.3822,64.1722],[-41.3728,64.1708],[-41.2594,64.1566],[-41.2394,64.1546],[-41.1042,64.0886],[-40.8926,64.0317],[-40.7676,63.9697],[-40.8289,63.95],[-40.8386,63.9455],[-40.8381,63.9436],[-40.8353,63.9419],[-40.8161,63.9372],[-40.7922,63.935],[-40.7597,63.9347],[-40.6964,63.9344],[-40.6912,63.9319],[-40.5702,63.8283],[-40.537,63.7648],[-40.6379,63.6808],[-40.8433,63.6825],[-40.8647,63.6847],[-40.9564,63.6958],[-41.0031,63.7039],[-41.3506,63.7772],[-41.3711,63.7858],[-41.3883,63.7983],[-41.405,63.8158],[-41.4183,63.8333],[-41.4853,63.835],[-41.6178,63.7922],[-41.6303,63.7869],[-41.6317,63.7839],[-41.6319,63.7789],[-41.6283,63.7744],[-41.6225,63.7697],[-41.6092,63.7628],[-41.5939,63.7561],[-41.5836,63.7519],[-41.5714,63.7486],[-41.5619,63.7472],[-41.5522,63.7508],[-41.5353,63.7608],[-41.5158,63.7653],[-41.4506,63.7642],[-41.4389,63.7631],[-41.4308,63.7619],[-41.4222,63.7592],[-41.297,63.7167],[-41.1261,63.6886],[-41.0489,63.6817],[-40.9236,63.6642],[-40.8922,63.6564],[-40.8778,63.6514],[-40.8434,63.5936],[-40.7562,63.5824],[-40.7657,63.5745],[-40.8939,63.5244],[-41.1634,63.5667],[-41.356,63.5279],[-41.3942,63.5522],[-41.4144,63.5494],[-41.3696,63.5115],[-41.3024,63.4191],[-41.3123,63.4218],[-41.4181,63.4617],[-41.4283,63.4658],[-41.4342,63.4703],[-41.4475,63.4853],[-41.4933,63.4919],[-41.5717,63.49],[-41.5808,63.4878],[-41.5461,63.4719],[-41.5278,63.4658],[-41.4567,63.4455],[-41.2786,63.3864],[-41.2533,63.3516],[-41.2917,63.3658],[-41.3853,63.4036],[-41.5111,63.4244],[-41.5325,63.4297],[-41.5569,63.4369],[-41.5772,63.4455],[-41.585,63.45],[-41.6664,63.5019],[-41.6725,63.5064],[-41.6811,63.5161],[-41.6872,63.525],[-41.7467,63.5217],[-41.8511,63.4864],[-41.8592,63.4836],[-41.8964,63.4705],[-41.9075,63.4647],[-41.9103,63.4597],[-41.9108,63.4547],[-41.9092,63.45],[-41.8703,63.4092],[-41.8594,63.3994],[-41.8525,63.3955],[-41.8378,63.3905],[-41.6772,63.3405],[-41.4728,63.22],[-41.4692,63.2153],[-41.4874,63.1696],[-41.4292,63.1264],[-41.4303,63.1222],[-41.4322,63.1189],[-41.438,63.1164],[-41.5186,63.0942],[-41.5275,63.0919],[-41.5475,63.0903],[-41.5589,63.0914],[-41.5686,63.0947],[-41.5764,63.0992],[-41.5864,63.1067],[-41.5939,63.1161],[-41.5992,63.1264],[-41.6097,63.135],[-41.6181,63.1405],[-41.7869,63.1997],[-42.0231,63.2469],[-42.0075,63.2333],[-41.9964,63.2286],[-41.93,63.2058],[-41.7833,63.1569],[-41.665,63.1186],[-41.6464,63.1117],[-41.6336,63.1056],[-41.6217,63.098],[-41.5976,63.0813],[-41.6531,63.0957],[-41.9156,63.1236],[-41.9044,63.0556],[-41.9575,63.0644],[-41.9661,63.0672],[-41.9817,63.075],[-42.0239,63.1008],[-42.0286,63.105],[-42.0394,63.118],[-42.0428,63.1275],[-42.0433,63.1328],[-42.0478,63.1464],[-42.0503,63.1505],[-42.055,63.1547],[-42.0722,63.1672],[-42.0853,63.1767],[-42.1264,63.2022],[-42.1289,63.203],[-42.1406,63.205],[-42.1506,63.2058],[-42.1719,63.2044],[-42.1744,63.2017],[-42.1325,63.1208],[-42.1158,63.0917],[-41.9997,63.0314],[-41.8872,63.0226],[-41.7891,62.8468],[-41.794,62.8298],[-41.8408,62.8181],[-41.8506,62.8178],[-41.8564,62.82],[-41.8633,62.8239],[-41.8694,62.8292],[-41.9101,62.8428],[-41.9636,62.8447],[-42.0044,62.8322],[-42.0053,62.8225],[-42.0078,62.8036],[-42.0103,62.7953],[-42.0131,62.7911],[-42.0225,62.7864],[-42.0283,62.785],[-42.0372,62.7853],[-42.0428,62.7864],[-42.1017,62.7986],[-42.1475,62.808],[-42.1689,62.8111],[-42.2086,62.8142],[-42.2292,62.815],[-42.2586,62.8094],[-42.3125,62.8072],[-42.3239,62.8092],[-42.3325,62.8122],[-42.3378,62.8155],[-42.3556,62.8383],[-42.3581,62.8461],[-42.3642,62.8864],[-42.3639,62.8914],[-42.3628,62.8944],[-42.3436,62.9042],[-42.3289,62.9086],[-42.3161,62.9153],[-42.2853,62.9322],[-42.2833,62.9358],[-42.2856,62.9389],[-42.2931,62.9414],[-42.3036,62.9417],[-42.3139,62.94],[-42.3353,62.9361],[-42.4264,62.9128],[-42.4333,62.9083],[-42.4364,62.9053],[-42.4556,62.8606],[-42.4397,62.8367],[-42.4214,62.8333],[-42.4139,62.8297],[-42.4092,62.8164],[-42.4119,62.8122],[-42.5278,62.723],[-42.6167,62.7414],[-42.6906,62.7708],[-42.7164,62.7439],[-42.7255,62.6905],[-42.7395,62.6889],[-42.7427,62.6889],[-42.8547,62.7],[-43.0342,62.7219],[-43.0458,62.7247],[-43.0558,62.7289],[-43.0575,62.7303],[-43.1089,62.7589],[-43.1206,62.7619],[-43.1297,62.7631],[-43.1389,62.7619],[-43.1428,62.7606],[-43.1472,62.7578],[-43.1489,62.7542],[-43.1325,62.7008],[-43.1311,62.6972],[-43.1228,62.6919],[-43.1042,62.6883],[-43.0619,62.6897],[-43.0208,62.688],[-42.9997,62.6861],[-42.9872,62.6848],[-43.226,62.6809],[-42.9816,62.5065],[-42.9764,62.4747],[-42.9744,62.4689],[-42.9706,62.4669],[-42.9614,62.4655],[-42.9506,62.4653],[-42.9411,62.468],[-42.9326,62.4715],[-42.9191,62.4619],[-42.6346,62.3616],[-42.6344,62.3603],[-42.6361,62.3556],[-42.6076,62.3521],[-42.4204,62.286],[-42.2714,62.1944],[-42.2734,62.167],[-42.3039,62.1069],[-42.3075,62.1022],[-42.4183,62.0111],[-42.4853,61.9805],[-42.5378,61.9561],[-42.5464,61.948],[-42.5408,61.9436],[-42.5186,61.9394],[-42.5083,61.94],[-42.4808,61.945],[-42.4331,61.9711],[-42.3906,61.9939],[-42.3664,62.0061],[-42.3406,62.0158],[-42.3306,62.0175],[-42.2843,62.0214],[-42.292,61.9191],[-42.3006,61.9205],[-42.3297,61.9214],[-42.4092,61.9181],[-42.4172,61.9175],[-42.4206,61.9153],[-42.4181,61.91],[-42.4072,61.9064],[-42.3647,61.8944],[-42.3344,61.8883],[-42.2944,61.887],[-42.3031,61.7709],[-42.3256,61.7614],[-42.3514,61.7539],[-42.4786,61.7375],[-42.5097,61.7347],[-42.5586,61.7319],[-42.5806,61.7328],[-42.5906,61.7344],[-42.6081,61.7405],[-42.7183,61.7867],[-42.7425,61.7989],[-42.7494,61.8072],[-42.7497,61.8117],[-42.7531,61.8155],[-42.7689,61.8181],[-42.7828,61.8161],[-42.7919,61.8133],[-42.8544,61.7864],[-42.8628,61.7808],[-42.8658,61.7778],[-42.8694,61.773],[-42.8706,61.77],[-42.8681,61.7658],[-42.8594,61.7619],[-42.8347,61.7653],[-42.8275,61.7689],[-42.8239,61.7736],[-42.8164,61.7786],[-42.8083,61.7825],[-42.8,61.7858],[-42.7828,61.7867],[-42.7733,61.7833],[-42.7631,61.7783],[-42.6892,61.7411],[-42.6242,61.7056],[-42.5847,61.6961],[-42.4194,61.6911],[-42.3975,61.6564],[-42.3385,61.6497],[-42.3566,61.6052],[-42.4347,61.5572],[-42.4497,61.5522],[-42.6342,61.5467],[-42.775,61.5567],[-42.8056,61.5589],[-42.8592,61.5644],[-42.9153,61.5742],[-42.9256,61.5769],[-42.9878,61.5897],[-43.0444,61.598],[-43.0636,61.5994],[-43.0695,61.5989],[-43.0792,61.5936],[-43.0695,61.5869],[-43.0556,61.58],[-43.0228,61.5711],[-42.9475,61.5517],[-42.8739,61.5358],[-42.7811,61.5292],[-42.7581,61.528],[-42.6078,61.523],[-42.5317,61.5297],[-42.5244,61.5264],[-42.5253,61.5225],[-42.5314,61.5042],[-42.5356,61.4769],[-42.5283,61.4455],[-42.5269,61.4408],[-42.5139,61.4331],[-42.4925,61.4272],[-42.4728,61.4272],[-42.4547,61.4311],[-42.4354,61.4118],[-42.4426,61.3944],[-42.5075,61.3553],[-42.6325,61.2911],[-42.6414,61.2875],[-42.6481,61.2856],[-42.6619,61.2844],[-42.6722,61.2847],[-42.7336,61.2942],[-42.7556,61.2983],[-42.7886,61.308],[-42.8094,61.3153],[-42.8192,61.3194],[-42.8339,61.3272],[-42.8486,61.3339],[-42.8669,61.3392],[-42.8853,61.3422],[-43.1683,61.3455],[-43.2261,61.3433],[-43.2444,61.3403],[-43.2461,61.3392],[-43.245,61.3364],[-43.2422,61.3336],[-43.2336,61.33],[-43.2247,61.3275],[-43.2142,61.3267],[-43.1436,61.3219],[-43.0917,61.3192],[-43.0606,61.3189],[-43.0292,61.3175],[-42.9072,61.3075],[-42.8417,61.295],[-42.7919,61.2822],[-42.7872,61.2805],[-42.775,61.2739],[-42.7755,61.2721],[-43.0373,61.2917],[-42.9632,61.2022],[-43.0875,61.2083],[-43.0897,61.1975],[-42.9392,61.1731],[-42.88,61.1016],[-42.9042,61.1022],[-42.9856,61.1086],[-43.1706,61.1283],[-43.5308,61.1378],[-43.5614,61.138],[-43.5803,61.1369],[-43.5972,61.135],[-43.6061,61.1322],[-43.6128,61.1278],[-43.6119,61.125],[-43.6033,61.1214],[-43.5942,61.1192],[-43.3533,61.0975],[-43.2733,61.0997],[-43.215,61.1017],[-43.1522,61.1019],[-43.0042,61.0831],[-42.8556,61.0721],[-42.8171,61.0256],[-42.8207,60.916],[-43.0086,60.8839],[-43.0375,60.883],[-43.0667,60.8856],[-43.0775,60.8875],[-43.0983,60.8922],[-43.1189,60.8961],[-43.1692,60.9042],[-43.2611,60.9183],[-43.438,60.9428],[-43.4592,60.945],[-43.4728,60.9439],[-43.4786,60.9422],[-43.4828,60.938],[-43.4844,60.9333],[-43.4822,60.91],[-43.4803,60.9078],[-43.4667,60.9089],[-43.4103,60.9097],[-43.2825,60.9011],[-43.2644,60.8983],[-43.1992,60.8858],[-43.1081,60.868],[-42.8842,60.8389],[-42.8236,60.8269],[-42.8244,60.8016],[-42.8214,60.7971],[-42.8981,60.7906],[-42.9172,60.7906],[-43.01,60.8003],[-43.0292,60.8025],[-43.0506,60.8067],[-43.1867,60.8211],[-43.3803,60.8375],[-43.5025,60.8458],[-43.5111,60.8444],[-43.5244,60.8389],[-43.5267,60.8372],[-43.5231,60.8328],[-43.5153,60.8283],[-43.5064,60.8253],[-43.2731,60.803],[-43.1233,60.795],[-43.1078,60.7947],[-42.9594,60.7792],[-42.9486,60.7772],[-42.7872,60.745],[-42.7859,60.7442],[-42.7702,60.7208],[-42.7706,60.7197],[-42.7806,60.7139],[-42.8497,60.675],[-42.8756,60.6647],[-42.9106,60.6525],[-42.9175,60.6534],[-42.9325,60.6531],[-42.9703,60.6598],[-43.051,60.6668],[-43.0867,60.6691],[-43.1055,60.6696],[-43.1112,60.6684],[-43.1102,60.6656],[-43.107,60.6634],[-43.0935,60.6573],[-43.0823,60.6549],[-42.9328,60.6386],[-42.908,60.6359],[-42.897,60.6358],[-42.8923,60.6361],[-42.8897,60.6371],[-42.8883,60.6403],[-42.8855,60.6514],[-42.8228,60.678],[-42.8133,60.6825],[-42.7783,60.6886],[-42.7683,60.6894],[-42.7556,60.6887],[-42.7584,60.6736],[-42.8258,60.6067],[-42.8333,60.6042],[-42.8425,60.6025],[-42.8551,60.5971],[-42.9331,60.5966],[-42.9406,60.59],[-42.9053,60.5889],[-42.8472,60.5803],[-42.8408,60.5789],[-42.8311,60.5739],[-42.8339,60.5705],[-42.8425,60.5661],[-43.0387,60.5078],[-43.1438,60.5141],[-43.1439,60.5142],[-43.1742,60.5264],[-43.3017,60.5542],[-43.3117,60.5542],[-43.3186,60.5508],[-43.3175,60.5444],[-43.31,60.5353],[-43.2958,60.5261],[-43.2889,60.5228],[-43.2678,60.5147],[-43.2456,60.5078],[-43.2357,60.5057],[-43.3602,60.493],[-43.5253,60.5292],[-43.5353,60.5317],[-43.5547,60.5394],[-43.5686,60.55],[-43.6208,60.6005],[-43.6394,60.6189],[-43.6442,60.6236],[-43.6586,60.6411],[-43.6683,60.6655],[-43.6683,60.6847],[-43.6675,60.6936],[-43.6681,60.698],[-43.6706,60.7022],[-43.68,60.7114],[-43.6872,60.7147],[-43.6939,60.7161],[-43.7017,60.7153],[-43.7067,60.7131],[-43.7097,60.7097],[-43.7117,60.7047],[-43.7119,60.6997],[-43.7075,60.6822],[-43.6964,60.6592],[-43.688,60.6447],[-43.6825,60.6353],[-43.6736,60.6211],[-43.6581,60.6033],[-43.6481,60.595],[-43.6244,60.5717],[-43.6203,60.5628],[-43.6206,60.5553],[-43.6242,60.5517],[-43.6295,60.5489],[-43.6442,60.5483],[-43.6544,60.5494],[-43.8225,60.5703],[-43.9792,60.5844],[-44.0056,60.5825],[-44.0267,60.5844],[-44.0475,60.5875],[-44.0594,60.59],[-44.1,60.5986],[-44.1117,60.6025],[-44.1228,60.6114],[-44.1261,60.6167],[-44.1272,60.6253],[-44.1319,60.6328],[-44.14,60.6356],[-44.1608,60.6375],[-44.1811,60.6378],[-44.1869,60.6372],[-44.1925,60.6356],[-44.1953,60.6325],[-44.2025,60.5958],[-44.2025,60.5933],[-44.2,60.5892],[-44.1933,60.5853],[-44.1764,60.5794],[-44.1544,60.5756],[-44.0919,60.5692],[-44.0592,60.5672],[-43.61,60.5089],[-43.4936,60.4914],[-43.4565,60.4831],[-43.4971,60.479],[-43.3662,60.4127],[-43.4647,60.3725],[-43.5628,60.3319],[-43.5808,60.3239],[-43.5925,60.3181],[-43.5986,60.31],[-43.5969,60.3053],[-43.5908,60.3047],[-43.5844,60.3058],[-43.4339,60.3558],[-43.4019,60.37],[-43.4008,60.3753],[-43.3933,60.3794],[-43.3658,60.3867],[-43.3397,60.3911],[-43.3268,60.3927],[-43.1541,60.3053],[-43.1118,60.2455],[-43.1239,60.238],[-43.1517,60.2436],[-43.2289,60.2522],[-43.3197,60.2194],[-43.3275,60.2153],[-43.3247,60.2111],[-43.3161,60.2089],[-43.2342,60.2094],[-43.155,60.2103],[-43.1442,60.2097],[-43.1297,60.2056],[-43.1214,60.1983],[-43.11,60.1767],[-43.1083,60.1719],[-43.0867,60.1103],[-43.0872,60.1003],[-43.0944,60.0928],[-43.1244,60.0825],[-43.1375,60.0794],[-43.4017,60.1106],[-43.4547,60.1242],[-43.6497,60.1494],[-43.6597,60.1469],[-43.8314,60.1589],[-44.1139,60.1836],[-44.0731,60.2603],[-44.0086,60.2958],[-43.9939,60.3075],[-44.0675,60.3694],[-44.0789,60.378],[-44.0903,60.3819],[-44.1008,60.3842],[-44.1047,60.3836],[-44.1078,60.378],[-44.1056,60.3697],[-44.0886,60.3433],[-44.0844,60.3342],[-44.0803,60.2911],[-44.0806,60.2864],[-44.0889,60.2817],[-44.105,60.2747],[-44.1403,60.265],[-44.2236,60.235],[-44.2311,60.2236],[-44.2683,60.1797],[-44.2847,60.1653],[-44.3003,60.1539],[-44.3089,60.1503],[-44.3169,60.148],[-44.3383,60.1469],[-44.3581,60.1497],[-44.3786,60.1517],[-44.4178,60.155],[-44.4286,60.1553],[-44.4436,60.1528],[-44.4519,60.1505],[-44.4567,60.1483],[-44.4639,60.1431],[-44.4678,60.1378],[-44.4875,60.1039],[-44.4944,60.0855],[-44.4964,60.0728],[-44.5006,60.0625],[-44.5089,60.0481],[-44.5219,60.0333],[-44.5519,60.0064],[-44.5706,59.9953],[-44.5867,59.9883],[-44.6042,59.9825],[-44.6106,59.9814],[-44.6422,59.9889],[-44.7241,60.0033],[-44.7531,60.0307],[-44.6822,60.2884],[-44.7127,60.3043],[-44.6756,60.3461],[-44.5994,60.425],[-44.5931,60.4297],[-44.5739,60.4397],[-44.5372,60.458],[-44.505,60.4739],[-44.4992,60.4769],[-44.4675,60.5194],[-44.4708,60.5572],[-44.4806,60.5528],[-44.4886,60.5481],[-44.7715,60.3348],[-44.8562,60.3787],[-44.9152,60.3884],[-44.895,60.4161],[-44.7772,60.6425],[-44.7753,60.6508],[-44.7689,60.6594],[-44.7586,60.6669],[-44.7442,60.6761],[-44.6955,60.7014],[-44.6831,60.7056],[-44.6739,60.7075],[-44.6608,60.7083],[-44.6478,60.7105],[-44.6406,60.7131],[-44.6319,60.7219],[-44.6272,60.7303],[-44.6261,60.7333],[-44.6294,60.7358],[-44.6347,60.7369],[-44.6497,60.7361],[-44.7064,60.7208],[-44.7183,60.7155],[-44.8014,60.6775],[-44.8136,60.6711],[-44.8228,60.663],[-44.8306,60.6475],[-44.8306,60.6378],[-44.8317,60.6247],[-44.8397,60.6053],[-44.8494,60.5958],[-44.8653,60.5806],[-44.9111,60.5419],[-45.0033,60.4817],[-45.0125,60.4764],[-45.02,60.473],[-45.1756,60.4408],[-45.2026,60.4354],[-45.2513,60.4434],[-45.2589,60.4461],[-45.2786,60.4575],[-45.2803,60.4611],[-45.2661,60.4953],[-45.2631,60.5],[-45.235,60.5344],[-45.2219,60.5492],[-45.1481,60.6025],[-45.1119,60.6253],[-45.0992,60.6458],[-45.1728,60.6214],[-45.2097,60.6003],[-45.2053,60.5922],[-45.2072,60.5847],[-45.215,60.5789],[-45.2217,60.5753],[-45.2761,60.5511],[-45.3942,60.5131],[-45.4258,60.5044],[-45.4371,60.5017],[-45.4681,60.5183],[-45.3739,60.6053],[-45.3606,60.6117],[-45.2694,60.6478],[-45.2792,60.6667],[-45.3133,60.7],[-45.3683,60.6742],[-45.4528,60.625],[-45.4636,60.6169],[-45.5213,60.5468],[-45.6217,60.6006],[-45.6041,60.6845],[-45.4899,60.7966],[-45.4734,60.8512],[-45.4092,60.883],[-45.3931,60.8886],[-45.3761,60.8922],[-45.3217,60.9],[-45.2689,60.9003],[-45.2531,60.9019],[-45.2525,60.9097],[-45.2581,60.9183],[-45.3297,60.98],[-45.3367,60.9847],[-45.3842,61.0072],[-45.3972,61.0075],[-45.4119,61.0005],[-45.4161,60.9961],[-45.4153,60.9917],[-45.4092,60.9825],[-45.4028,60.9747],[-45.4339,60.9319],[-45.4666,60.9],[-45.5498,60.9716],[-45.5158,60.9811],[-45.4897,60.9892],[-45.4736,60.9972],[-45.4672,61.0083],[-45.4633,61.0186],[-45.4633,61.0236],[-45.4556,61.0319],[-45.4417,61.0422],[-45.3444,61.0758],[-45.3058,61.0892],[-45.2664,61.0994],[-45.2628,61.1008],[-45.2522,61.1072],[-45.2006,61.1869],[-45.1997,61.19],[-45.2017,61.1947],[-45.2125,61.2033],[-45.2169,61.2047],[-45.2217,61.2039],[-45.235,61.198],[-45.245,61.1905],[-45.2839,61.1586],[-45.2931,61.1508],[-45.3067,61.1347],[-45.325,61.115],[-45.3367,61.1039],[-45.3456,61.0978],[-45.3547,61.0933],[-45.3678,61.09],[-45.3739,61.0903],[-45.3842,61.0944],[-45.39,61.0986],[-45.4442,61.1611],[-45.4481,61.1658],[-45.4478,61.1697],[-45.4419,61.1753],[-45.5006,61.2333],[-45.5153,61.2225],[-45.5211,61.1758],[-45.5192,61.1661],[-45.5172,61.1614],[-45.4969,61.1286],[-45.4808,61.1106],[-45.4811,61.1064],[-45.4828,61.1028],[-45.6025,61.0236],[-45.6073,61.0208],[-45.7593,61.0982],[-45.6536,61.1422],[-45.6989,61.1689],[-45.8558,61.21],[-45.8644,61.2136],[-45.8689,61.2167],[-45.8719,61.2233],[-45.8681,61.2286],[-45.8314,61.2644],[-45.8189,61.2736],[-45.8106,61.2786],[-45.7903,61.2886],[-45.7636,61.3005],[-45.7494,61.3061],[-45.7214,61.3153],[-45.7147,61.3189],[-45.7128,61.3217],[-45.7186,61.325],[-45.7253,61.3264],[-45.7697,61.3336],[-45.7786,61.3347],[-45.79,61.335],[-45.8058,61.3336],[-45.8103,61.3317],[-45.9931,61.2367],[-46.0097,61.223],[-45.8772,61.1839],[-45.8564,61.1767],[-45.8469,61.1711],[-45.84,61.165],[-45.8392,61.1605],[-45.8383,61.14],[-45.8381,61.1325],[-45.915,61.0903],[-46.1281,61.0019],[-46.1381,60.9992],[-46.2294,60.9747],[-46.2392,60.9761],[-46.2469,60.9794],[-46.2531,60.9836],[-46.255,60.9883],[-46.2483,60.9986],[-46.2486,61.0036],[-46.2556,61.0261],[-46.2633,61.0455],[-46.2722,61.0492],[-46.3458,61.0736],[-46.3561,61.0761],[-46.3922,61.0831],[-46.4022,61.0844],[-46.4061,61.0842],[-46.4094,61.0828],[-46.4117,61.0786],[-46.4103,61.0758],[-46.4069,61.0705],[-46.4014,61.0672],[-46.3844,61.0594],[-46.3803,61.055],[-46.3778,61.0508],[-46.3767,61.0467],[-46.3803,61.0411],[-46.4158,61.0067],[-46.4247,61.0036],[-46.4422,60.9992],[-46.4508,60.9978],[-46.4597,60.9975],[-46.4689,60.9994],[-46.5233,61.0153],[-46.5681,60.9519],[-46.5836,60.9233],[-46.5817,60.9058],[-46.6317,60.9097],[-46.8353,60.9303],[-46.8356,60.9197],[-46.8136,60.9147],[-46.7172,60.89],[-46.7103,60.8878],[-46.7069,60.8853],[-46.7053,60.8814],[-46.7054,60.8812],[-46.9582,60.8646],[-46.9444,60.9078],[-46.9147,60.9294],[-46.9144,60.9333],[-46.9186,60.9378],[-46.9322,60.9469],[-46.9483,60.9525],[-47.0114,60.9733],[-47.0231,60.9761],[-47.0333,60.9758],[-47.0425,60.9739],[-47.1633,60.9394],[-47.2908,60.9464],[-47.2981,60.9508],[-47.3181,60.9522],[-47.4742,60.9218],[-47.4916,60.9153],[-47.4926,60.9137],[-47.4892,60.9108],[-47.4762,60.9093],[-47.4652,60.9093],[-47.4942,60.8986],[-47.4947,60.8994],[-47.5513,60.8954],[-47.5564,60.8936],[-47.5621,60.8922],[-47.5781,60.8912],[-47.5903,60.8919],[-47.7422,60.9],[-47.7647,60.9058],[-47.8094,60.8792],[-47.8047,60.8672],[-47.61,60.8775],[-47.4764,60.8892],[-47.3628,60.8833],[-47.3195,60.8678],[-47.3195,60.8639],[-47.3256,60.8592],[-47.3517,60.8492],[-47.4478,60.8203],[-47.6097,60.8122],[-47.6539,60.8086],[-47.7894,60.8242],[-47.8379,60.8314],[-47.8689,60.9375],[-47.73,60.9728],[-47.6894,61.005],[-47.6903,61.0086],[-47.7003,61.0122],[-47.7097,61.0125],[-47.8964,61.0131],[-47.9367,61.005],[-47.9673,61.035],[-47.9631,61.0353],[-47.9536,61.0347],[-47.8792,61.0322],[-47.8583,61.0342],[-47.8481,61.0358],[-47.84,61.0383],[-47.8336,61.0419],[-47.8319,61.0472],[-47.8344,61.0519],[-47.8889,61.1233],[-47.8981,61.1203],[-47.9497,61.1042],[-47.9825,61.0953],[-48.0756,61.0858],[-48.077,61.0858],[-48.1107,61.1011],[-48.2075,61.1714],[-48.2164,61.1803],[-48.2189,61.185],[-48.22,61.1894],[-48.22,61.1933],[-48.2183,61.1961],[-48.2072,61.205],[-48.1075,61.2792],[-48.0814,61.295],[-48.0733,61.2975],[-48.0197,61.3105],[-48.0103,61.3128],[-47.9719,61.3169],[-47.9511,61.3172],[-47.9322,61.3164],[-47.9244,61.3175],[-47.9175,61.3203],[-47.9172,61.3242],[-47.9236,61.3283],[-47.9333,61.3314],[-47.9547,61.3319],[-47.9931,61.3317],[-48.1219,61.3155],[-48.2442,61.2419],[-48.2498,61.2172],[-48.2535,61.211],[-48.2617,61.1957],[-48.2678,61.1833],[-48.2662,61.1817],[-48.2633,61.1798],[-48.2392,61.1528],[-48.3368,61.1805],[-48.3357,61.1808],[-48.3297,61.1838],[-48.3284,61.1858],[-48.3186,61.2041],[-48.3189,61.2061],[-48.3217,61.2079],[-48.3276,61.2071],[-48.3628,61.2067],[-48.39,61.1956],[-48.5679,61.2461],[-48.6075,61.2661],[-48.5867,61.2819],[-48.5778,61.285],[-48.5675,61.2853],[-48.5561,61.2836],[-48.5119,61.2805],[-48.4872,61.2814],[-48.4317,61.2944],[-48.4003,61.2955],[-48.3917,61.2972],[-48.3836,61.2997],[-48.3772,61.3033],[-48.3786,61.3639],[-48.4844,61.3725],[-48.6494,61.3897],[-48.6714,61.3922],[-48.6761,61.3967],[-48.7458,61.3964],[-48.8337,61.3799],[-48.9155,61.421],[-48.9267,61.4379],[-48.8583,61.4553],[-48.8317,61.4619],[-48.8128,61.4639],[-48.8019,61.4633],[-48.6786,61.4778],[-48.4092,61.5169],[-48.2789,61.5261],[-48.2447,61.5292],[-48.2353,61.5314],[-48.2325,61.5339],[-48.2311,61.5375],[-48.2319,61.5408],[-48.3442,61.605],[-48.3553,61.6056],[-48.36,61.6044],[-48.3689,61.6014],[-48.3842,61.5947],[-48.3933,61.59],[-48.4408,61.5708],[-48.4694,61.5614],[-48.5128,61.5481],[-48.5311,61.5431],[-48.8342,61.4842],[-48.9453,61.4661],[-49.0267,61.5888],[-49.025,61.5883],[-48.9467,61.58],[-48.9247,61.5786],[-48.7025,61.6056],[-48.6819,61.6086],[-48.6664,61.6131],[-48.5992,61.6363],[-48.6119,61.6405],[-48.635,61.6464],[-48.6467,61.6489],[-48.6558,61.6497],[-48.6644,61.6497],[-48.6874,61.641],[-48.7044,61.6325],[-48.7144,61.6297],[-48.7425,61.6247],[-48.9289,61.6036],[-48.9461,61.6022],[-48.9564,61.6019],[-48.9783,61.6031],[-48.985,61.6042],[-49.0451,61.6167],[-49.0631,61.6438],[-49.0669,61.6548],[-49.0695,61.6841],[-49.0501,61.7005],[-49.0469,61.7228],[-49.0878,61.7289],[-49.1163,61.7241],[-49.1384,61.7575],[-49.1239,61.8069],[-49.1167,61.8169],[-49.1039,61.8278],[-48.9019,61.9414],[-48.8942,61.9447],[-48.8856,61.9478],[-48.8197,61.9544],[-48.7989,61.955],[-48.7767,61.9536],[-48.7664,61.9522],[-48.7558,61.9525],[-48.7469,61.9556],[-48.7469,61.9597],[-48.7528,61.9739],[-48.7553,61.9786],[-48.7631,61.9847],[-48.7753,61.9872],[-48.7867,61.9889],[-48.7975,61.9894],[-48.8292,61.9889],[-48.8894,61.9839],[-48.9194,61.9803],[-48.9394,61.9764],[-48.9478,61.9739],[-48.9647,61.968],[-49.0008,61.9542],[-49.1386,61.8732],[-49.1284,61.9795],[-49.0708,62.0108],[-48.9986,62.0455],[-48.9264,62.045],[-48.9006,62.0467],[-48.8931,62.0486],[-48.8647,62.0589],[-48.8411,62.0739],[-48.8406,62.0769],[-48.8475,62.0797],[-48.9803,62.0819],[-49.0661,62.0786],[-49.075,62.0753],[-49.0875,62.0747],[-49.0961,62.0789],[-49.0989,62.0836],[-49.1008,62.0928],[-49.0961,62.1033],[-49.0858,62.1197],[-49.0739,62.1361],[-49.0411,62.1733],[-49.0272,62.1844],[-49.0136,62.1953],[-49.0058,62.2042],[-49.01,62.2078],[-49.0211,62.2139],[-49.0294,62.2139],[-49.035,62.2122],[-49.0836,62.1842],[-49.0983,62.1722],[-49.1039,62.1667],[-49.1383,62.1211],[-49.206,62.1743],[-49.4013,62.2163],[-49.6067,62.1952],[-49.6006,62.2039],[-49.575,62.2247],[-49.5675,62.228],[-49.5567,62.2286],[-49.4391,62.2349],[-49.3948,62.2469],[-49.4022,62.2558],[-49.5172,62.255],[-49.6906,62.2617],[-49.7122,62.2636],[-49.8078,62.2503],[-49.8104,62.2491],[-49.8464,62.259],[-49.8486,62.2642],[-49.8706,62.285],[-49.9083,62.3194],[-49.9322,62.3319],[-50.0258,62.3331],[-50.1051,62.3707],[-50.1589,62.4624],[-50.0959,62.668],[-49.8893,62.8457],[-49.8575,62.9665],[-49.9275,62.9835],[-49.9236,62.9842],[-49.8758,62.9892],[-49.8557,62.9923],[-49.8336,62.9964],[-49.8069,63.0053],[-49.7136,63.045],[-49.6989,63.0539],[-49.7006,63.0567],[-49.7014,63.0575],[-49.7139,63.06],[-49.7692,63.0617],[-49.7875,63.0611],[-49.7967,63.0594],[-49.815,63.053],[-49.9117,63.0133],[-49.9378,63.0019],[-49.9654,62.9927],[-49.9737,62.9947],[-50.1652,63.0054],[-50.15,63.0153],[-50.1622,63.0192],[-50.2289,63.0386],[-50.2589,63.0211],[-50.2592,63.0164],[-50.2599,63.0151],[-50.4658,63.0507],[-50.5415,63.1108],[-50.5314,63.1133],[-50.4658,63.1258],[-50.4356,63.1364],[-50.4233,63.1433],[-50.4203,63.1475],[-50.42,63.1519],[-50.4242,63.1569],[-50.4306,63.1586],[-50.4506,63.158],[-50.4522,63.1625],[-50.4406,63.1705],[-50.4144,63.1819],[-50.3861,63.1905],[-50.3675,63.1944],[-50.3458,63.1978],[-50.2206,63.2092],[-50.1367,63.2147],[-50.115,63.2155],[-50.0925,63.2153],[-50.0819,63.2167],[-50.0764,63.2183],[-50.0598,63.2288],[-50.0947,63.2317],[-50.1842,63.23],[-50.3622,63.2253],[-50.3678,63.2194],[-50.375,63.2136],[-50.4006,63.2011],[-50.4425,63.1858],[-50.4578,63.1819],[-50.4672,63.1811],[-50.5017,63.1842],[-50.5181,63.1892],[-50.5172,63.1942],[-50.5514,63.2242],[-50.5583,63.2258],[-50.5703,63.2272],[-50.5975,63.2226],[-50.61,63.3605],[-50.5825,63.3617],[-50.5217,63.3669],[-50.2792,63.3989],[-50.2761,63.4014],[-50.2842,63.4033],[-50.3603,63.4208],[-50.38,63.4219],[-50.4125,63.4197],[-50.4314,63.4172],[-50.4908,63.4064],[-50.5278,63.3958],[-50.5567,63.3897],[-50.5786,63.3875],[-50.6123,63.3855],[-50.6167,63.4348],[-50.8231,63.4915],[-51.1005,63.4695],[-51.1197,63.4881],[-50.9772,63.5025],[-50.8233,63.5211],[-50.7731,63.5275],[-50.7497,63.5367],[-50.7472,63.54],[-50.7442,63.5455],[-50.7436,63.55],[-50.7475,63.5525],[-50.7517,63.5536],[-50.7844,63.5553],[-50.8067,63.5544],[-50.9325,63.5406],[-51.0158,63.5283],[-51.0536,63.5174],[-51.095,63.5247],[-51.1039,63.5278],[-51.1092,63.5305],[-51.1142,63.535],[-51.1417,63.5742],[-51.1469,63.5842],[-51.1497,63.5933],[-51.1458,63.6025],[-51.1356,63.618],[-51.1281,63.6225],[-51.0347,63.6389],[-50.9372,63.6222],[-50.9264,63.6197],[-50.9158,63.6169],[-50.9111,63.6136],[-50.7139,63.6311],[-50.5975,63.6425],[-50.5711,63.6155],[-50.57,63.6122],[-50.5636,63.6089],[-50.5536,63.6083],[-50.5444,63.6114],[-50.5325,63.6225],[-50.5083,63.6572],[-50.5047,63.6672],[-50.5106,63.6711],[-50.5333,63.6714],[-50.5528,63.6697],[-50.6594,63.6592],[-50.7419,63.648],[-50.7617,63.6436],[-50.8642,63.6286],[-50.8864,63.6278],[-50.9203,63.6305],[-50.9575,63.6372],[-50.9717,63.64],[-50.9975,63.6461],[-51.0547,63.6639],[-51.0775,63.6669],[-51.0864,63.6639],[-51.1806,63.6255],[-51.1869,63.6217],[-51.1894,63.6169],[-51.1858,63.6011],[-51.1817,63.5917],[-51.1642,63.5672],[-51.1433,63.5397],[-51.1264,63.5278],[-51.1214,63.5233],[-51.1181,63.5186],[-51.1186,63.5142],[-51.1264,63.5092],[-51.1358,63.5058],[-51.1376,63.5054],[-51.3658,63.726],[-51.3559,63.8043],[-51.2211,63.8355],[-51.1533,63.8606],[-51.1092,63.8764],[-51.0286,63.8983],[-50.9564,63.9153],[-50.9386,63.9211],[-50.9319,63.9236],[-50.9244,63.9294],[-50.9242,63.9325],[-50.9778,63.9322],[-50.9864,63.9311],[-50.9964,63.9289],[-51.1542,63.8928],[-51.1814,63.8836],[-51.2411,63.8564],[-51.2592,63.8475],[-51.2817,63.8336],[-51.2992,63.8253],[-51.3181,63.8197],[-51.3294,63.8175],[-51.3531,63.8143],[-51.266,63.9264],[-50.9879,64.0915],[-50.9816,64.0933],[-50.9289,64.0928],[-50.8933,64.0914],[-50.8731,64.0936],[-50.8608,64.0961],[-50.7833,64.1219],[-50.7669,64.128],[-50.7428,64.1389],[-50.7192,64.1503],[-50.6258,64.1661],[-50.4719,64.1375],[-50.4003,64.1555],[-50.3931,64.16],[-50.3819,64.1628],[-50.2508,64.195],[-50.205,64.2011],[-50.1736,64.1991],[-50.1397,64.1947],[-50.1117,64.1886],[-50.1019,64.1847],[-50.0797,64.1642],[-50.0483,64.1941],[-50.0478,64.1972],[-50.0575,64.2066],[-50.1206,64.233],[-50.1392,64.2369],[-50.1469,64.238],[-50.1589,64.2369],[-50.2278,64.2269],[-50.2508,64.2233],[-50.3519,64.2033],[-50.375,64.1978],[-50.3917,64.1947],[-50.5403,64.1783],[-50.5494,64.178],[-50.5547,64.1811],[-50.5436,64.208],[-50.532,64.2174],[-50.439,64.2431],[-50.2569,64.3797],[-50.0426,64.4376],[-50.0404,64.4546],[-49.8539,64.3972],[-49.7586,64.3619],[-49.7189,64.3466],[-49.6983,64.34],[-49.6661,64.3328],[-49.6425,64.3286],[-49.6133,64.33],[-49.5843,64.3376],[-49.5836,64.34],[-49.5839,64.3439],[-49.5878,64.3536],[-49.6783,64.4255],[-49.6869,64.4286],[-49.6964,64.4286],[-49.7475,64.4269],[-49.7642,64.4255],[-49.8275,64.4505],[-49.95,64.4905],[-50.0308,64.5125],[-50.0327,64.5133],[-50.0199,64.6101],[-50.0744,64.6666],[-50.04,64.6711],[-49.9978,64.6836],[-49.9894,64.6872],[-49.9883,64.6922],[-49.9889,64.6972],[-49.9942,64.7017],[-50.0453,64.7078],[-50.0706,64.7105],[-50.0928,64.7105],[-50.1119,64.7056],[-50.1445,64.7393],[-50.2131,64.7253],[-50.2136,64.7261],[-50.2097,64.7417],[-50.1356,64.8078],[-50.1261,64.8133],[-50.1164,64.8167],[-50.0875,64.8247],[-50.0594,64.8319],[-50.0489,64.8355],[-50.0219,64.8489],[-50.0114,64.8542],[-49.9997,64.8616],[-49.9969,64.8664],[-49.9989,64.8691],[-50.0092,64.8708],[-50.0197,64.8686],[-50.1486,64.8369],[-50.1756,64.8292],[-50.1925,64.8205],[-50.2081,64.8086],[-50.2253,64.7941],[-50.2417,64.7775],[-50.255,64.7658],[-50.2631,64.76],[-50.2814,64.7503],[-50.297,64.7436],[-50.3064,64.7419],[-50.3167,64.7414],[-50.5433,64.763],[-50.5606,64.7681],[-50.5675,64.7728],[-50.6869,64.9053],[-50.6917,64.9556],[-50.6931,64.9941],[-50.7864,65.04],[-50.8197,65.1108],[-50.8469,65.1583],[-50.9669,65.2172],[-50.9786,65.2197],[-50.9847,65.2164],[-50.9858,65.2114],[-50.9606,65.1494],[-50.9339,65.0889],[-50.8864,64.983],[-50.8833,64.9767],[-50.8781,64.9725],[-50.8711,64.9691],[-50.8625,64.9672],[-50.8519,64.9694],[-50.8219,64.9844],[-50.8067,64.9933],[-50.797,64.998],[-50.7783,65.0022],[-50.7558,65.0042],[-50.7431,65.0028],[-50.7325,64.9994],[-50.7269,64.995],[-50.7244,64.9914],[-50.7094,64.911],[-50.6887,64.8534],[-50.645,64.8314],[-50.6331,64.7617],[-50.6336,64.7569],[-50.6367,64.7531],[-50.688,64.7417],[-50.6989,64.7403],[-50.7042,64.7447],[-50.8236,64.7158],[-50.9533,64.6728],[-51.0078,64.6458],[-51.006,64.6411],[-51.0078,64.6358],[-51.0153,64.6297],[-51.0333,64.6216],[-51.1433,64.6136],[-51.1603,64.6144],[-51.2106,64.6191],[-51.2181,64.6233],[-51.2192,64.628],[-51.1733,64.6944],[-51.1553,64.7158],[-51.0972,64.7547],[-51.0889,64.7567],[-51.0775,64.7539],[-51.0703,64.75],[-51.0575,64.7469],[-51.0372,64.75],[-51.0239,64.7547],[-51.0375,64.7797],[-51.0644,64.7858],[-51.1239,64.785],[-51.1464,64.7831],[-51.1667,64.78],[-51.1961,64.7728],[-51.2242,64.7622],[-51.2772,64.7403],[-51.2864,64.7361],[-51.2953,64.7305],[-51.4133,64.6164],[-51.4186,64.6105],[-51.4261,64.5992],[-51.4317,64.5886],[-51.4303,64.5697],[-51.4289,64.5647],[-51.4342,64.5433],[-51.4358,64.5378],[-51.4428,64.5175],[-51.4903,64.478],[-51.4961,64.4733],[-51.6033,64.3955],[-51.6192,64.3883],[-51.6306,64.3847],[-51.6664,64.3705],[-51.6761,64.348],[-51.665,64.3061],[-51.7499,64.2599],[-51.8048,64.2333],[-51.9574,64.3766],[-51.9402,64.6568],[-51.9575,64.7753],[-51.9375,64.7819],[-51.8869,64.8139],[-51.86,64.8255],[-51.8286,64.8317],[-51.6456,64.863],[-51.5489,64.8558],[-51.5394,64.8561],[-51.5322,64.8591],[-51.515,64.8783],[-51.4875,64.9],[-51.4136,64.9514],[-51.3947,64.9605],[-51.3558,64.9725],[-51.3242,64.98],[-51.3153,64.9828],[-51.3047,64.9864],[-51.2586,65.0039],[-51.2525,65.0086],[-51.2486,65.0133],[-51.2469,65.0175],[-51.2514,65.0225],[-51.2556,65.0264],[-51.2625,65.0311],[-51.2747,65.0333],[-51.4244,64.9905],[-51.4478,64.9694],[-51.5653,64.9153],[-51.5836,64.9094],[-51.6386,64.8933],[-51.6489,64.8908],[-51.6808,64.8858],[-51.7039,64.8864],[-51.6503,64.9642],[-51.6414,64.9697],[-51.6283,64.9683],[-51.6183,64.9661],[-51.5944,64.9678],[-51.585,64.9694],[-51.5756,64.9728],[-51.5686,64.978],[-51.5619,64.9889],[-51.5639,64.9917],[-51.6361,65.0158],[-51.6542,65.0191],[-51.6786,65.0214],[-51.7028,65.0183],[-51.7103,65.0153],[-51.7186,65.0103],[-51.8236,64.9278],[-51.8672,64.8797],[-51.8717,64.8744],[-51.8747,64.8691],[-51.8744,64.8636],[-51.8725,64.8591],[-51.8664,64.8508],[-51.8653,64.8461],[-51.8692,64.84],[-51.8775,64.8347],[-51.9419,64.8105],[-51.9617,64.8047],[-51.9684,64.8502],[-51.9589,64.8569],[-51.9544,64.8605],[-51.9422,64.8764],[-51.9486,64.8786],[-51.9737,64.8869],[-51.9917,65.0097],[-52.0843,65.2126],[-52.0777,65.3724],[-52.1477,65.4654],[-52.0639,65.4797],[-51.9242,65.5208],[-51.8478,65.5644],[-51.7639,65.5761],[-51.7311,65.58],[-51.7208,65.5822],[-51.7178,65.5847],[-51.7703,65.6078],[-51.7731,65.6083],[-51.7864,65.6097],[-51.8086,65.6083],[-51.8428,65.605],[-51.8533,65.6028],[-51.8758,65.6],[-51.8822,65.6019],[-51.8981,65.6147],[-51.9,65.6189],[-51.9011,65.6239],[-51.8978,65.6294],[-51.8883,65.6367],[-51.8786,65.64],[-51.7133,65.6927],[-51.6944,65.6986],[-51.5333,65.7275],[-51.4894,65.7347],[-51.3922,65.7489],[-51.3578,65.7522],[-51.2678,65.7586],[-51.2439,65.7597],[-50.9969,65.7605],[-50.9822,65.7603],[-50.9469,65.7556],[-50.9222,65.75],[-50.9097,65.7464],[-50.8475,65.7222],[-50.8386,65.7186],[-50.8247,65.7108],[-50.8197,65.7058],[-50.8136,65.7022],[-50.7978,65.6955],[-50.7639,65.6855],[-50.7436,65.6808],[-50.7297,65.6783],[-50.7167,65.6769],[-50.6914,65.6761],[-50.5631,65.6841],[-50.5575,65.6853],[-50.5483,65.6894],[-50.5419,65.6941],[-50.5425,65.7022],[-50.5458,65.7069],[-50.5497,65.7108],[-50.5514,65.7114],[-50.6944,65.7189],[-50.7225,65.7547],[-50.9819,65.7805],[-51.2092,65.7961],[-51.2322,65.7972],[-51.2553,65.7955],[-51.3125,65.788],[-51.4847,65.763],[-51.7058,65.7103],[-51.9481,65.6589],[-51.955,65.6372],[-51.935,65.5958],[-51.9175,65.5658],[-51.9164,65.5608],[-51.9178,65.5566],[-51.9344,65.5464],[-51.9867,65.5244],[-52.0556,65.5039],[-52.0761,65.4991],[-52.0992,65.4958],[-52.159,65.4805],[-52.1869,65.5177],[-52.4138,65.4809],[-52.536,65.4952],[-52.6018,65.5303],[-52.5964,65.5389],[-52.5925,65.5433],[-52.5858,65.5489],[-52.5775,65.5542],[-52.5625,65.5616],[-52.5522,65.5641],[-52.5439,65.5678],[-52.5281,65.5772],[-52.5139,65.5889],[-52.5,65.6044],[-52.4692,65.6408],[-52.4957,65.6388],[-52.4961,65.6438],[-52.5046,65.6397],[-52.6053,65.5692],[-52.6128,65.5586],[-52.6153,65.5475],[-52.6183,65.5436],[-52.6222,65.5412],[-52.756,65.6126],[-52.6781,65.6392],[-52.6378,65.6505],[-52.6072,65.6586],[-52.685,65.6497],[-52.7594,65.6333],[-52.7672,65.6333],[-52.7697,65.6355],[-52.7711,65.6403],[-52.7631,65.6547],[-52.7447,65.6708],[-52.7228,65.6883],[-52.7147,65.6936],[-52.6864,65.7191],[-52.6758,65.7889],[-52.6772,65.7939],[-52.6844,65.803],[-52.6889,65.8055],[-52.6947,65.8066],[-52.7031,65.8044],[-52.7114,65.8011],[-52.7175,65.7853],[-52.7169,65.7814],[-52.7178,65.7764],[-52.7228,65.7605],[-52.7267,65.7497],[-52.7431,65.7247],[-52.7511,65.715],[-52.7572,65.7086],[-52.7836,65.6828],[-52.7897,65.678],[-52.8106,65.6716],[-52.8275,65.6714],[-52.8397,65.6739],[-52.8578,65.683],[-52.8689,65.6861],[-52.8739,65.6864],[-52.9621,65.7584],[-52.8589,65.795],[-52.8558,65.7975],[-52.8633,65.8005],[-52.875,65.803],[-52.9025,65.8064],[-52.9092,65.8055],[-52.9203,65.8025],[-52.9378,65.7947],[-52.9581,65.7875],[-52.9767,65.7814],[-52.9866,65.7785],[-53.0629,65.8409],[-53.0608,65.843],[-53.0547,65.848],[-53.03,65.8575],[-53.0092,65.8639],[-52.7325,65.928],[-52.6986,65.9355],[-52.6872,65.9369],[-52.6739,65.9355],[-52.6623,65.9331],[-52.6494,65.9283],[-52.6411,65.9241],[-52.6353,65.92],[-52.5925,65.9017],[-52.565,65.8953],[-52.5086,65.8847],[-52.4803,65.8805],[-52.4403,65.8766],[-52.32,65.8689],[-52.2692,65.8955],[-52.2703,65.9053],[-52.2672,65.9105],[-52.257,65.9186],[-52.2303,65.9336],[-52.2119,65.9419],[-52.1958,65.9486],[-52.1656,65.9575],[-52.0353,65.9914],[-51.9747,66.0044],[-51.9414,66.0067],[-51.9281,66.0053],[-51.9131,66.0022],[-51.8886,65.9947],[-51.8783,65.9908],[-51.8139,65.9647],[-51.8156,65.988],[-51.8319,66.0558],[-51.9219,66.035],[-52.0711,66.0089],[-52.175,65.9989],[-52.1842,65.9961],[-52.1942,65.9928],[-52.2094,65.9853],[-52.235,65.9669],[-52.2572,65.9494],[-52.2697,65.9366],[-52.2744,65.9314],[-52.2775,65.9258],[-52.2878,65.9119],[-52.2917,65.9075],[-52.2986,65.9036],[-52.3056,65.9011],[-52.3175,65.8992],[-52.5056,65.9019],[-52.5253,65.9061],[-52.5419,65.9133],[-52.5656,65.9244],[-52.5972,65.9489],[-52.6006,65.9564],[-52.6181,65.98],[-52.7242,65.9569],[-52.8542,65.9219],[-52.9581,65.8975],[-53.0941,65.8664],[-53.1025,65.8732],[-53.1057,65.9605],[-53.0272,65.9836],[-52.9867,65.9936],[-52.9197,66.0067],[-52.8886,66.0117],[-52.8781,66.0158],[-52.8781,66.0203],[-52.8797,66.0253],[-52.8906,66.0283],[-52.9011,66.0289],[-52.9364,66.0247],[-52.9697,66.0191],[-53.0254,66.0029],[-53.0371,65.9997],[-53.0912,65.9834],[-53.1042,65.9792],[-53.1064,65.9784],[-53.1084,66.034],[-52.7868,66.2398],[-52.7583,66.2519],[-52.7431,66.2611],[-52.7269,66.2722],[-52.7234,66.2759],[-52.6105,66.268],[-52.706,66.3006],[-52.6319,66.3392],[-52.6025,66.3517],[-52.4047,66.4219],[-52.3739,66.4325],[-52.3639,66.4341],[-52.3389,66.4344],[-52.3144,66.4339],[-52.2914,66.4366],[-52.1731,66.4583],[-52.0675,66.4817],[-52.0211,66.508],[-52.0286,66.5142],[-52.0314,66.5194],[-52.0269,66.5286],[-51.9531,66.593],[-51.9181,66.6197],[-51.9006,66.6297],[-51.8911,66.6339],[-51.8794,66.6369],[-51.6094,66.7005],[-51.5156,66.7439],[-51.4981,66.7511],[-51.2714,66.8439],[-51.1356,66.8769],[-51.1244,66.8791],[-51.1128,66.8789],[-51.0836,66.8728],[-51.0556,66.8661],[-51.0453,66.8622],[-50.9839,66.8453],[-50.9375,66.8361],[-50.9261,66.8342],[-50.8108,66.825],[-50.745,66.8342],[-50.5661,66.8319],[-50.5417,66.828],[-50.5289,66.8275],[-50.4142,66.8275],[-50.3544,66.8275],[-50.3308,66.8303],[-50.3292,66.8331],[-50.3347,66.8389],[-50.3475,66.8425],[-50.4042,66.8555],[-50.4122,66.8566],[-50.4192,66.8572],[-50.6622,66.8675],[-50.6725,66.8672],[-50.6961,66.8647],[-50.7056,66.8622],[-50.7331,66.8508],[-50.7539,66.8444],[-50.7711,66.845],[-50.8375,66.8542],[-51.007,66.8997],[-51.0081,66.9047],[-51.0056,66.908],[-50.9981,66.9133],[-50.9661,66.9305],[-50.9564,66.9347],[-50.6922,67.0031],[-50.6833,67.005],[-50.6747,67.0053],[-50.5891,66.9997],[-50.5286,66.9904],[-50.4928,66.9851],[-50.4416,66.9831],[-50.3764,66.9953],[-50.2414,66.9767],[-50.165,66.97],[-50.0814,66.9689],[-50.0258,66.9683],[-50.0033,66.9742],[-50,66.9767],[-49.9978,66.9808],[-50.0803,66.9944],[-50.0914,66.9936],[-50.1,66.9917],[-50.1606,66.9869],[-50.1864,66.9858],[-50.2114,66.9864],[-50.2367,66.9911],[-50.2786,67.005],[-50.3169,67.0103],[-50.33,67.0108],[-50.3553,67.01],[-50.3922,67.0067],[-50.4019,67.0039],[-50.425,67.0003],[-50.4731,66.9944],[-50.4833,66.9944],[-50.4972,66.9958],[-50.6281,67.0133],[-50.6317,67.0147],[-50.6322,67.0158],[-50.6217,67.0203],[-50.6111,67.0236],[-50.5711,67.035],[-50.5472,67.0394],[-50.5103,67.0414],[-50.4869,67.0411],[-50.4139,67.0447],[-50.2906,67.0622],[-50.2853,67.0658],[-50.2894,67.0697],[-50.2975,67.0717],[-50.3347,67.0719],[-50.3592,67.0703],[-50.3947,67.0664],[-50.5392,67.0478],[-50.5614,67.0447],[-50.9167,66.9858],[-50.9486,66.9786],[-50.9661,66.9733],[-50.975,66.968],[-50.9803,66.963],[-51.0031,66.9508],[-51.0111,66.9478],[-51.0911,66.9247],[-51.0964,66.9236],[-51.1292,66.9228],[-51.1701,66.9209],[-51.1806,66.9197],[-51.1894,66.9178],[-51.2222,66.9083],[-51.305,66.8825],[-51.4458,66.8342],[-51.5753,66.7836],[-51.5917,66.7717],[-51.5989,66.7678],[-51.6633,66.7372],[-51.7269,66.7144],[-51.7475,66.708],[-51.7703,66.7028],[-51.8578,66.6839],[-51.9114,66.6728],[-51.9775,66.658],[-51.9861,66.6547],[-51.995,66.6494],[-52.0075,66.6397],[-52.0311,66.6178],[-52.0353,66.6133],[-52.0425,66.6033],[-52.0525,66.5869],[-52.08,66.5555],[-52.1008,66.5339],[-52.1217,66.5183],[-52.13,66.513],[-52.1572,66.5056],[-52.1789,66.5011],[-52.1981,66.4994],[-52.3561,66.4625],[-52.46,66.4372],[-52.507,66.4216],[-52.7106,66.3525],[-52.7244,66.3461],[-52.7422,66.3336],[-52.7617,66.3195],[-52.8604,66.3532],[-53.3481,66.3243],[-53.3943,66.4518],[-53.2892,66.5],[-53.2711,66.4964],[-53.2433,66.4939],[-53.1703,66.4917],[-53.1581,66.4922],[-53.0706,66.508],[-53.0597,66.5105],[-52.9917,66.528],[-52.9825,66.5308],[-52.9731,66.535],[-52.9669,66.54],[-52.9614,66.5425],[-52.9169,66.5445],[-52.881,66.5476],[-52.8108,66.5436],[-52.7978,66.5417],[-52.7864,66.5386],[-52.7658,66.5305],[-52.7547,66.5275],[-52.7247,66.5236],[-52.6689,66.5222],[-52.5322,66.5194],[-52.4831,66.5186],[-52.445,66.52],[-52.438,66.5239],[-52.4183,66.5422],[-52.4164,66.5464],[-52.4264,66.5491],[-52.438,66.5491],[-52.4725,66.5447],[-52.51,66.5425],[-52.5897,66.5466],[-52.6278,66.5497],[-52.7425,66.5594],[-52.7447,66.5597],[-52.6532,66.5678],[-52.448,66.6073],[-52.3499,66.812],[-52.3497,66.8119],[-52.3361,66.8105],[-52.2967,66.8125],[-52.275,66.8141],[-52.2544,66.8192],[-52.2328,66.8339],[-52.2289,66.84],[-52.2358,66.8422],[-52.2825,66.838],[-52.3172,66.8367],[-52.3303,66.8369],[-52.3376,66.8376],[-52.3032,66.9095],[-52.8468,66.9306],[-53.0171,66.9156],[-53.1144,66.9211],[-53.2031,66.925],[-53.2643,66.9222],[-53.2673,66.9224],[-53.3685,66.9796],[-53.3531,66.9794],[-53.3047,66.9792],[-53.2667,66.98],[-53.2556,66.9808],[-53.2456,66.9828],[-53.2239,66.9875],[-53.2197,66.9922],[-53.2208,66.9961],[-53.2314,66.9997],[-53.4065,67.0113],[-53.4496,67.0844],[-53.4471,67.0875],[-53.4306,67.0911],[-53.3953,67.1033],[-53.3867,67.1086],[-53.3922,67.1119],[-53.4164,67.1097],[-53.4313,67.1074],[-53.3494,67.2103],[-53.2512,67.2139],[-53.2111,67.2496],[-53.1331,67.2469],[-53.0919,67.2466],[-52.9431,67.2642],[-52.8769,67.2755],[-52.7892,67.2955],[-52.6136,67.3175],[-52.3331,67.3489],[-52.2178,67.365],[-52.1892,67.3683],[-52.1514,67.37],[-52.1272,67.3628],[-52.1078,67.355],[-52.0922,67.3472],[-52.0797,67.3433],[-52.0681,67.34],[-52.0464,67.3355],[-52.0314,67.3333],[-51.9911,67.3322],[-51.8906,67.3372],[-51.6878,67.338],[-51.5722,67.3306],[-51.5403,67.3264],[-51.5247,67.323],[-51.5122,67.3189],[-51.4669,67.3011],[-51.4525,67.2928],[-51.438,67.2789],[-51.4272,67.2653],[-51.425,67.2608],[-51.4181,67.2517],[-51.4083,67.2428],[-51.3114,67.1647],[-51.3056,67.1603],[-51.2892,67.1522],[-51.235,67.1339],[-51.215,67.128],[-51.1894,67.1236],[-51.1497,67.1222],[-51.1244,67.123],[-51.075,67.1258],[-51.0186,67.1361],[-50.9633,67.1486],[-50.9319,67.158],[-50.8892,67.1686],[-50.8547,67.1758],[-50.8333,67.1797],[-50.7856,67.1853],[-50.7511,67.1872],[-50.6381,67.1903],[-50.6014,67.1908],[-50.5594,67.1866],[-50.5117,67.1764],[-50.4825,67.1716],[-50.4553,67.1697],[-50.4169,67.1683],[-50.3797,67.1705],[-50.3683,67.1728],[-50.3603,67.1755],[-50.3511,67.1805],[-50.3483,67.1839],[-50.3486,67.1878],[-50.3494,67.1889],[-50.3531,67.1919],[-50.3628,67.1947],[-50.4928,67.2205],[-50.507,67.2219],[-50.5328,67.2222],[-50.6181,67.2169],[-50.7372,67.2053],[-50.7983,67.1989],[-50.8217,67.1953],[-50.9125,67.1789],[-50.9789,67.1658],[-51.0117,67.158],[-51.0589,67.1486],[-51.0908,67.1431],[-51.1131,67.14],[-51.1342,67.1375],[-51.1478,67.1364],[-51.1733,67.1394],[-51.225,67.158],[-51.2508,67.1697],[-51.3714,67.245],[-51.3842,67.2531],[-51.5222,67.3464],[-51.5258,67.3511],[-51.5256,67.3542],[-51.5158,67.3583],[-51.5053,67.3616],[-51.4828,67.3661],[-51.3906,67.3733],[-51.3278,67.378],[-51.3039,67.3794],[-51.2664,67.3847],[-51.1542,67.403],[-51.1317,67.4075],[-51.1172,67.4161],[-51.1161,67.42],[-51.1381,67.4228],[-51.1517,67.4233],[-51.1756,67.4205],[-51.3553,67.3914],[-51.5661,67.3625],[-51.5908,67.3591],[-51.6122,67.358],[-51.9175,67.3542],[-52.0514,67.3728],[-52.2264,67.3894],[-52.6278,67.3439],[-52.8414,67.3189],[-52.9561,67.3025],[-52.9806,67.2989],[-53.0333,67.2886],[-53.0681,67.2831],[-53.1028,67.2792],[-53.1281,67.278],[-53.1414,67.2783],[-53.1741,67.2825],[-53.1703,67.2858],[-52.9781,67.3103],[-53.1467,67.3951],[-53.395,67.3623],[-53.4941,67.4735],[-53.4844,67.5056],[-53.4661,67.5089],[-53.3264,67.5536],[-53.1442,67.6222],[-53.1117,67.6303],[-53.0747,67.6369],[-52.9833,67.653],[-52.9425,67.6655],[-52.9225,67.6733],[-52.9136,67.6783],[-52.9111,67.6817],[-52.9125,67.6836],[-52.9264,67.6839],[-52.9469,67.6803],[-52.9808,67.673],[-53.0231,67.6622],[-53.0569,67.655],[-53.0914,67.65],[-53.1039,67.6542],[-53.105,67.658],[-53.0897,67.668],[-53.0717,67.6783],[-53.0436,67.6905],[-53.0333,67.6939],[-52.9769,67.7075],[-52.8953,67.7205],[-52.86,67.7244],[-52.8469,67.725],[-52.8333,67.7247],[-52.8192,67.7233],[-52.7878,67.718],[-52.7783,67.7147],[-52.7635,67.7079],[-52.7514,67.7033],[-52.7378,67.7014],[-52.725,67.7005],[-52.6481,67.7083],[-52.6239,67.7114],[-52.5897,67.7186],[-52.5358,67.7333],[-52.535,67.7383],[-52.5631,67.7386],[-52.5861,67.7378],[-52.6231,67.7358],[-52.6578,67.7311],[-52.6689,67.7286],[-52.6931,67.7255],[-52.7181,67.7236],[-52.7461,67.7236],[-52.7708,67.7261],[-52.8172,67.7353],[-52.8275,67.738],[-52.8195,67.7408],[-52.8067,67.743],[-52.7703,67.7475],[-52.6015,67.7612],[-52.3198,67.7426],[-52.265,67.7292],[-52.1269,67.6986],[-52.1142,67.6961],[-52.1006,67.6958],[-52.09,67.6975],[-52.0858,67.7019],[-52.0731,67.7029],[-51.8891,67.6676],[-51.8839,67.6655],[-51.88,67.6608],[-51.8814,67.6558],[-51.8856,67.6497],[-51.8867,67.6444],[-51.8847,67.6358],[-51.88,67.6333],[-51.8094,67.6258],[-51.7975,67.6258],[-51.7103,67.6305],[-51.5218,67.6491],[-51.3565,67.5918],[-50.9394,67.5258],[-50.7645,67.5093],[-50.7161,67.495],[-50.7006,67.4917],[-50.5844,67.4794],[-50.5711,67.4789],[-50.5461,67.4792],[-50.5089,67.4852],[-50.4771,67.4822],[-50.4776,67.488],[-50.3981,67.4833],[-50.2831,67.4758],[-50.2533,67.4711],[-50.1983,67.4672],[-50.1933,67.4675],[-50.1144,67.495],[-50.0719,67.51],[-50.07,67.5128],[-50.1094,67.5094],[-50.1297,67.5069],[-50.3206,67.5003],[-50.3611,67.5075],[-50.3878,67.51],[-50.4147,67.5111],[-50.4517,67.5123],[-50.4796,67.511],[-50.4911,67.6454],[-50.4727,67.6791],[-50.4414,67.6869],[-50.3469,67.7136],[-50.2972,67.728],[-50.2744,67.7311],[-50.2544,67.7305],[-50.12,67.72],[-50.1058,67.7186],[-50.0797,67.7139],[-50.0797,67.7097],[-50.0858,67.7056],[-50.0958,67.7017],[-50.1008,67.6955],[-50.0975,67.6911],[-50.085,67.6883],[-50.0031,67.6841],[-49.9772,67.6833],[-49.9528,67.6858],[-49.9422,67.6889],[-49.9367,67.6939],[-49.9433,67.6978],[-50.0636,67.7275],[-50.0933,67.7339],[-50.2636,67.745],[-50.2772,67.7455],[-50.2886,67.745],[-50.3675,67.7305],[-50.3889,67.7242],[-50.4597,67.7027],[-50.3567,67.8909],[-50.418,67.9282],[-50.3844,67.9253],[-50.3564,67.9178],[-50.3164,67.9142],[-50.2206,67.9064],[-50.2111,67.9083],[-50.1617,67.9292],[-50.1531,67.9333],[-50.1442,67.9394],[-50.1503,67.9436],[-50.1583,67.9439],[-50.2225,67.9411],[-50.2711,67.9333],[-50.295,67.9314],[-50.3117,67.9325],[-50.4627,67.9554],[-50.491,67.9726],[-50.9499,68.091],[-51.4334,68.2023],[-51.4239,68.2042],[-51.3875,68.2078],[-51.3481,68.2092],[-51.295,68.21],[-51.2542,68.208],[-51.225,68.2053],[-51.2033,68.2],[-51.1867,68.1927],[-51.1272,68.1839],[-51.0981,68.1811],[-50.9889,68.1761],[-50.9761,68.1767],[-50.9667,68.1786],[-50.9567,68.1828],[-50.9553,68.1878],[-50.9589,68.1925],[-50.9769,68.2],[-51.0061,68.2114],[-51.03,68.2191],[-51.0428,68.2216],[-51.1858,68.2436],[-51.2208,68.2736],[-51.1481,68.2892],[-51.1428,68.2914],[-51.1239,68.3453],[-51.1253,68.3503],[-51.1453,68.3667],[-51.1656,68.3783],[-51.1767,68.3822],[-51.1797,68.3858],[-51.1819,68.39],[-51.1836,68.3989],[-51.18,68.4028],[-51.1711,68.4072],[-51.1517,68.415],[-51.115,68.4283],[-51.0964,68.4325],[-51.0231,68.4378],[-50.8567,68.4608],[-50.845,68.463],[-50.7853,68.4789],[-50.7692,68.4841],[-50.7703,68.4889],[-50.7742,68.4905],[-50.82,68.5036],[-50.8408,68.5025],[-50.8611,68.4989],[-51.1272,68.4386],[-51.1822,68.4241],[-51.2764,68.4111],[-51.4031,68.4047],[-51.5067,68.4183],[-51.5269,68.4244],[-51.5514,68.4278],[-51.5878,68.4272],[-51.6019,68.4247],[-51.6322,68.4153],[-51.64,68.4114],[-51.645,68.4078],[-51.6442,68.4069],[-51.4989,68.3561],[-51.4828,68.3528],[-51.4664,68.3525],[-51.3825,68.3514],[-51.37,68.3528],[-51.3658,68.3542],[-51.3486,68.363],[-51.3411,68.3655],[-51.3272,68.365],[-51.2956,68.358],[-51.2742,68.35],[-51.2392,68.3353],[-51.2261,68.3272],[-51.2231,68.3219],[-51.2214,68.313],[-51.2231,68.295],[-51.2408,68.29],[-51.2556,68.2883],[-51.3283,68.2814],[-51.3422,68.2803],[-51.4075,68.2769],[-51.4328,68.2767],[-51.4606,68.2775],[-51.4908,68.2797],[-51.5172,68.2803],[-51.545,68.2797],[-51.5514,68.2794],[-51.6133,68.2739],[-51.6756,68.2655],[-51.7097,68.2588],[-51.9667,68.3055],[-52.6351,68.4437],[-52.6039,68.4533],[-52.5856,68.4991],[-52.5978,68.5005],[-52.6189,68.5044],[-52.6417,68.5128],[-52.6425,68.515],[-52.6236,68.5194],[-52.5092,68.5394],[-52.4617,68.545],[-52.3964,68.5514],[-52.1997,68.5642],[-52.1151,68.5487],[-51.9941,68.5789],[-51.9179,68.56],[-51.9433,68.5594],[-51.9614,68.5572],[-51.9622,68.5558],[-51.9583,68.5355],[-51.9558,68.5325],[-51.9528,68.5311],[-51.9372,68.528],[-51.8639,68.5155],[-51.8478,68.5133],[-51.8353,68.5167],[-51.8275,68.5211],[-51.8111,68.5275],[-51.7994,68.5305],[-51.6787,68.5005],[-51.2137,68.4789],[-51.0052,68.5092],[-50.9538,68.5393],[-50.9397,68.6344],[-50.9322,68.633],[-50.9053,68.6189],[-50.8942,68.6144],[-50.8761,68.6133],[-50.8658,68.6147],[-50.8558,68.6194],[-50.8094,68.6711],[-50.8081,68.6739],[-50.8139,68.6769],[-50.8344,68.6778],[-50.8636,68.6733],[-50.8981,68.6655],[-50.9164,68.6667],[-50.9269,68.6722],[-50.9335,68.6766],[-50.9224,68.7512],[-50.9017,68.7572],[-50.8353,68.7691],[-50.7672,68.7764],[-50.665,68.8164],[-50.6547,68.8211],[-50.6564,68.8255],[-50.6675,68.8297],[-50.7039,68.8336],[-50.7728,68.8378],[-50.7819,68.8383],[-50.8175,68.8297],[-50.8314,68.8253],[-50.9159,68.7954],[-50.9138,68.8093],[-50.8744,68.9446],[-50.6066,68.9601],[-50.4777,68.9318],[-50.38,68.9008],[-50.3614,68.9003],[-50.345,68.9019],[-50.3358,68.9039],[-50.3264,68.9075],[-50.3178,68.9125],[-50.3108,68.918],[-50.3108,68.925],[-50.3178,68.9305],[-50.2665,68.9532],[-50.2677,68.9689],[-50.255,68.9628],[-50.2469,68.9594],[-50.2369,68.9566],[-50.2175,68.9566],[-50.2094,68.9608],[-50.2058,68.9642],[-50.1783,69.0164],[-50.1758,69.0239],[-50.1844,69.0355],[-50.2025,69.0522],[-50.2147,69.0614],[-50.2328,69.0711],[-50.2439,69.0753],[-50.255,69.0761],[-50.2697,69.0744],[-50.2758,69.0734],[-50.2788,69.1112],[-50.3023,69.1334],[-50.2781,69.1355],[-50.1908,69.148],[-50.18,69.15],[-50.1592,69.1589],[-50.1447,69.1703],[-50.1386,69.1775],[-50.1342,69.1891],[-50.1294,69.2042],[-50.13,69.2167],[-50.1317,69.2208],[-50.145,69.2247],[-50.1572,69.2242],[-50.1725,69.2216],[-50.2008,69.2161],[-50.2086,69.2097],[-50.2133,69.2044],[-50.2311,69.1975],[-50.257,69.1936],[-50.2733,69.1922],[-50.3008,69.1919],[-50.3639,69.1915],[-50.3665,69.1939],[-50.4704,69.2308],[-50.4714,69.293],[-50.4678,69.2997],[-50.4553,69.3044],[-50.4036,69.3161],[-50.3919,69.3194],[-50.3794,69.3242],[-50.3733,69.3278],[-50.3692,69.3317],[-50.3725,69.3361],[-50.3808,69.3389],[-50.3975,69.3408],[-50.4325,69.3383],[-50.4606,69.3333],[-50.4722,69.3306],[-50.5158,69.3155],[-50.5633,69.28],[-50.5596,69.2625],[-50.7674,69.3364],[-50.713,69.4827],[-50.5164,69.488],[-50.4244,69.5094],[-50.4053,69.5089],[-50.335,69.5033],[-50.3203,69.5008],[-50.3017,69.4917],[-50.2872,69.4894],[-50.2317,69.5064],[-50.2153,69.5142],[-50.2047,69.5219],[-50.2131,69.528],[-50.2286,69.5292],[-50.4775,69.5283],[-50.5008,69.5153],[-50.5114,69.5105],[-50.5375,69.5028],[-50.5731,69.4925],[-50.5897,69.4908],[-50.6942,69.4961],[-50.7086,69.4946],[-50.6944,69.5329],[-50.5873,69.6251],[-50.5183,69.6147],[-50.4842,69.608],[-50.4286,69.5933],[-50.4178,69.5917],[-50.4072,69.5925],[-50.4072,69.5994],[-50.4163,69.6129],[-50.4464,69.6431],[-50.5458,69.6608],[-50.4566,69.7376],[-50.4889,69.7735],[-50.33,69.758],[-50.2272,69.7553],[-50.2069,69.7553],[-50.1917,69.7575],[-50.3067,69.8678],[-50.3136,69.8733],[-50.38,69.898],[-50.3992,69.9],[-50.4161,69.8992],[-50.4567,69.8992],[-50.5211,69.9064],[-50.5689,69.915],[-50.5892,69.9219],[-50.5894,69.9255],[-50.5853,69.9572],[-50.5775,69.9705],[-50.5658,69.9733],[-50.5533,69.9739],[-50.4306,69.9716],[-50.3389,69.9725],[-50.3061,69.9764],[-50.2842,69.9825],[-50.2311,70.0033],[-50.2197,70.0089],[-50.2119,70.0153],[-50.2142,70.0217],[-50.2211,70.0269],[-50.2308,70.0319],[-50.2425,70.0361],[-50.255,70.0392],[-50.2747,70.0405],[-50.37,70.0414],[-50.4431,70.0414],[-50.4875,70.0389],[-50.5703,70.0189],[-50.6783,69.9975],[-50.9408,69.9597],[-50.9614,69.9592],[-51.1678,69.9597],[-51.2606,69.9608],[-51.2594,69.9664],[-51.0919,70.0319],[-51.0797,70.0361],[-51.0592,70.0361],[-51.0342,70.0297],[-51.0244,70.0255],[-51.0097,70.015],[-51.0011,70.0047],[-50.9942,69.9994],[-50.985,69.9939],[-50.9744,69.9947],[-50.8981,70.0111],[-50.8722,70.0172],[-50.8608,70.0233],[-50.8736,70.0297],[-50.8925,70.0358],[-51.047,70.0694],[-51.0656,70.0728],[-51.0858,70.0725],[-51.2431,70.0686],[-51.2514,70.0678],[-51.2606,70.0664],[-51.2706,70.0628],[-51.2869,70.0436],[-51.3075,70.0283],[-51.3256,70.0169],[-51.3428,70.0075],[-51.3792,69.9892],[-51.4367,69.9642],[-51.4553,69.9597],[-51.4708,69.9608],[-51.5544,69.9714],[-51.5689,69.975],[-51.5703,69.98],[-51.5697,69.985],[-51.6033,70.0097],[-51.8217,70.0189],[-51.8358,70.0189],[-51.8531,70.0172],[-51.8964,70.0072],[-51.908,70.006],[-52.1668,70.0688],[-52.5733,70.1896],[-52.575,70.1911],[-52.5931,70.2005],[-52.6522,70.2216],[-52.6925,70.2322],[-52.8475,70.2728],[-52.8754,70.2794],[-52.9091,70.2894],[-52.9553,70.2954],[-53.1081,70.3258],[-53.1947,70.3425],[-53.2242,70.3461],[-53.3125,70.3505],[-53.5222,70.3594],[-53.6934,70.3691],[-54.0085,70.5099],[-54.3735,70.7247],[-54.3032,70.7402],[-54.158,70.8099],[-53.8855,70.8104],[-53.8633,70.8111],[-53.7025,70.7947],[-53.6197,70.7817],[-53.5939,70.7736],[-53.5656,70.7667],[-53.5119,70.7594],[-53.47,70.7553],[-53.4122,70.7531],[-53.3336,70.755],[-53.2358,70.7614],[-52.6898,70.6817],[-52.3675,70.6669],[-52.3476,70.662],[-52.2281,70.6219],[-52.0172,70.5566],[-51.8714,70.513],[-51.7553,70.4805],[-51.5878,70.4408],[-51.4761,70.4244],[-51.4724,70.4242],[-51.1528,70.3233],[-50.8245,70.2473],[-50.8057,70.3512],[-50.7933,70.35],[-50.7764,70.3466],[-50.7511,70.3403],[-50.7169,70.3275],[-50.7,70.325],[-50.6764,70.3228],[-50.6336,70.3219],[-50.6142,70.3228],[-50.5969,70.3244],[-50.5717,70.3292],[-50.5589,70.3331],[-50.55,70.3375],[-50.5431,70.3425],[-50.5367,70.3497],[-50.5333,70.355],[-50.5464,70.3755],[-50.5525,70.3794],[-50.5606,70.3833],[-50.5725,70.3875],[-50.5958,70.3939],[-50.615,70.3967],[-50.6325,70.395],[-50.6381,70.3928],[-50.6403,70.3886],[-50.6503,70.3858],[-50.6625,70.3858],[-50.6717,70.3886],[-50.6772,70.3931],[-50.6789,70.3975],[-50.675,70.4042],[-50.6681,70.4091],[-50.5872,70.4658],[-50.5678,70.4772],[-50.5569,70.4819],[-50.5314,70.49],[-50.507,70.4961],[-50.5008,70.4991],[-50.4906,70.5097],[-50.4925,70.5133],[-50.5006,70.5208],[-50.5097,70.5261],[-50.5339,70.5314],[-50.5428,70.5305],[-50.5614,70.5269],[-50.5825,70.52],[-50.6178,70.5028],[-50.6461,70.4858],[-50.6522,70.4792],[-50.6508,70.4742],[-50.6481,70.4683],[-50.6481,70.4642],[-50.6531,70.4597],[-50.7325,70.4267],[-50.7483,70.4208],[-50.7625,70.418],[-50.7778,70.4164],[-50.8217,70.4158],[-50.8872,70.5058],[-50.8775,70.5075],[-50.7386,70.5425],[-50.7406,70.5461],[-50.7467,70.55],[-50.7564,70.5547],[-50.7669,70.5583],[-50.8667,70.5847],[-50.9203,70.5972],[-50.9447,70.6003],[-50.9604,70.6037],[-50.9875,70.6111],[-50.99,70.6142],[-50.9894,70.6189],[-50.9825,70.6241],[-50.9756,70.6286],[-50.9264,70.6519],[-50.9144,70.6553],[-50.8897,70.6578],[-50.8669,70.6572],[-50.8231,70.653],[-50.7692,70.6447],[-50.74,70.6372],[-50.7278,70.633],[-50.7056,70.6239],[-50.6931,70.6203],[-50.6783,70.6172],[-50.6586,70.6147],[-50.6361,70.6139],[-50.6289,70.6155],[-50.6233,70.6178],[-50.6178,70.6239],[-50.6189,70.6286],[-50.6408,70.6414],[-50.6531,70.6455],[-50.7867,70.6722],[-50.8331,70.6794],[-50.8508,70.6811],[-50.9,70.6836],[-50.9189,70.6833],[-50.9367,70.6817],[-50.9553,70.6786],[-51.0083,70.6667],[-51.0652,70.6571],[-51.2693,70.7867],[-51.2692,70.7905],[-51.2728,70.7955],[-51.2731,70.7991],[-51.2683,70.8069],[-51.2628,70.8094],[-51.2531,70.8116],[-51.2386,70.8116],[-50.9547,70.7608],[-50.7997,70.7147],[-50.7828,70.7117],[-50.7608,70.7094],[-50.7178,70.7075],[-50.6669,70.7078],[-50.6528,70.7103],[-50.6367,70.7197],[-50.6344,70.7236],[-50.6306,70.7339],[-50.6331,70.7403],[-50.7478,70.7825],[-50.7672,70.785],[-50.8125,70.7872],[-50.8822,70.7944],[-50.8989,70.8025],[-50.9164,70.8161],[-50.9189,70.8189],[-50.9225,70.8311],[-50.9194,70.8364],[-50.9131,70.8436],[-50.9019,70.8486],[-50.8681,70.8589],[-50.8575,70.863],[-50.8453,70.8694],[-50.8436,70.8719],[-50.8581,70.8764],[-50.8736,70.8753],[-50.9014,70.8714],[-50.9736,70.86],[-51.007,70.8503],[-51.0214,70.8469],[-51.0592,70.8444],[-51.1017,70.8441],[-51.1464,70.8469],[-51.1564,70.8483],[-51.1825,70.8547],[-51.1944,70.8594],[-51.2044,70.8644],[-51.2072,70.8708],[-51.225,70.8844],[-51.2911,70.8953],[-51.3133,70.8972],[-51.3317,70.8983],[-51.3559,70.8995],[-51.3925,70.9941],[-51.3794,70.9922],[-51.3311,70.983],[-51.3161,70.9794],[-51.2586,70.9642],[-51.2461,70.96],[-51.2147,70.9553],[-51.19,70.9539],[-51.1728,70.9542],[-50.9825,70.9661],[-50.9497,70.9711],[-50.9403,70.9769],[-50.9289,70.9886],[-50.9181,71.0186],[-50.9181,71.0219],[-50.9364,71.0239],[-50.9556,71.0236],[-51.0886,71.0191],[-51.1261,71.0175],[-51.2903,71.0328],[-51.4289,71.0486],[-51.4395,71.05],[-51.4745,71.0759],[-51.4736,71.0764],[-51.3892,71.1122],[-51.3786,71.1158],[-51.3686,71.118],[-51.3195,71.1255],[-51.2994,71.1266],[-51.2606,71.1269],[-51.2425,71.1286],[-51.2222,71.138],[-51.2267,71.1417],[-51.2397,71.1444],[-51.2567,71.1455],[-51.2739,71.1453],[-51.4289,71.1291],[-51.4619,71.1241],[-51.4886,71.1189],[-51.5258,71.1138],[-51.6754,71.2244],[-51.8908,71.247],[-51.88,71.2494],[-51.8636,71.2519],[-51.8458,71.2525],[-51.735,71.2539],[-51.6772,71.2528],[-51.6269,71.2497],[-51.6183,71.25],[-51.58,71.2528],[-51.5636,71.2553],[-51.5403,71.2622],[-51.5331,71.2675],[-51.5269,71.2747],[-51.5253,71.2814],[-51.5242,71.2947],[-51.5247,71.3017],[-51.5292,71.3053],[-51.6456,71.3614],[-51.6631,71.3608],[-51.7136,71.3561],[-51.7469,71.3503],[-51.8067,71.3369],[-51.8319,71.33],[-51.8836,71.3108],[-51.9289,71.2911],[-51.9724,71.2753],[-52.198,71.3554],[-52.1581,71.386],[-52.1556,71.3867],[-51.9989,71.4197],[-51.87,71.4355],[-51.6458,71.455],[-51.6053,71.4569],[-51.5111,71.4536],[-51.4769,71.4483],[-51.4436,71.4414],[-51.4233,71.4389],[-51.4064,71.438],[-51.3881,71.4397],[-51.3806,71.4447],[-51.3439,71.4822],[-51.3481,71.4861],[-51.37,71.49],[-51.525,71.5067],[-51.5564,71.5092],[-51.6156,71.5089],[-51.7117,71.5053],[-51.7425,71.5014],[-51.9658,71.4644],[-52.0883,71.4396],[-52.0356,71.48],[-51.7914,71.5427],[-51.7201,71.5896],[-51.7663,71.6054],[-51.7514,71.6116],[-51.7319,71.623],[-51.7167,71.6347],[-51.7086,71.6414],[-51.6717,71.6753],[-51.6583,71.6878],[-51.6422,71.7042],[-51.6406,71.7111],[-51.6486,71.7164],[-51.6781,71.7272],[-51.7336,71.7267],[-51.7681,71.7244],[-51.7831,71.7216],[-51.7931,71.7194],[-51.8064,71.7155],[-51.8144,71.7089],[-51.8181,71.698],[-51.8203,71.6905],[-51.8247,71.6825],[-51.8311,71.675],[-51.8439,71.6639],[-51.8639,71.6553],[-51.8953,71.6496],[-52.0368,71.698],[-52.532,71.7049],[-52.8134,71.7434],[-53.0048,71.7988],[-52.9981,71.8003],[-52.9475,71.808],[-52.9344,71.8116],[-52.9211,71.8167],[-52.8675,71.8486],[-52.8578,71.8544],[-52.8567,71.8611],[-52.8586,71.8661],[-52.8661,71.8686],[-52.8989,71.8703],[-52.9039,71.8739],[-52.9142,71.8931],[-52.9131,71.9042],[-52.9083,71.9089],[-52.7994,71.9617],[-52.7903,71.9661],[-52.7792,71.9703],[-52.735,71.9822],[-52.7006,71.9922],[-52.6892,71.9972],[-52.6844,72.0017],[-52.6858,72.0039],[-52.6958,72.0105],[-52.7089,72.0155],[-52.7364,72.0189],[-52.7553,72.0169],[-52.7808,72.0114],[-52.9528,71.9405],[-53.0206,71.8941],[-53.0108,71.8825],[-52.9828,71.8486],[-52.9836,71.8425],[-53.0064,71.8372],[-53.0953,71.825],[-53.3229,71.8908],[-53.3529,71.8701],[-53.3733,71.9017],[-53.4106,71.9642],[-53.4175,71.9825],[-53.4164,71.99],[-53.4056,72.0033],[-53.3978,72.0097],[-53.3881,72.0205],[-53.3894,72.0275],[-53.3931,72.0339],[-53.4061,72.0447],[-53.4325,72.0597],[-53.4419,72.0636],[-53.4667,72.0725],[-53.5233,72.0861],[-53.5397,72.0894],[-53.6058,72.1022],[-53.6767,72.1142],[-53.6906,72.1183],[-53.7019,72.123],[-53.7147,72.1344],[-53.7214,72.1444],[-53.7506,72.2039],[-53.8494,72.3097],[-53.8556,72.3161],[-53.8575,72.3217],[-53.8497,72.3283],[-53.8383,72.3333],[-53.8233,72.3369],[-53.7831,72.34],[-53.6778,72.3411],[-53.5775,72.3458],[-53.5603,72.3483],[-53.5544,72.3508],[-53.5553,72.3544],[-53.5603,72.358],[-53.6106,72.3625],[-53.6219,72.3622],[-53.8547,72.3528],[-53.8736,72.3514],[-53.9158,72.3436],[-53.9394,72.3369],[-53.9458,72.3331],[-53.9528,72.3272],[-53.955,72.3225],[-53.9531,72.3167],[-53.9503,72.3133],[-53.9344,72.3022],[-53.9072,72.2872],[-53.8358,72.195],[-53.8336,72.1653],[-53.83,72.1533],[-53.8258,72.1478],[-53.8106,72.1367],[-53.8017,72.1314],[-53.7497,72.1069],[-53.7158,72.093],[-53.6906,72.0844],[-53.665,72.0764],[-53.6372,72.0683],[-53.6011,72.0542],[-53.5811,72.0444],[-53.5547,72.0239],[-53.5236,71.9947],[-53.4019,71.86],[-53.3967,71.8519],[-53.3981,71.8444],[-53.4056,71.838],[-53.4119,71.8342],[-53.4817,71.7936],[-53.5125,71.78],[-53.5311,71.773],[-53.6231,71.7405],[-53.6358,71.7372],[-53.6539,71.7364],[-53.745,71.7439],[-53.795,71.7461],[-53.8761,71.7469],[-53.9042,71.7441],[-53.9144,71.7403],[-53.9183,71.7364],[-53.9067,71.7325],[-53.8967,71.7305],[-53.8778,71.7283],[-53.8114,71.7242],[-53.7925,71.7219],[-53.7783,71.7191],[-53.7647,71.7153],[-53.7386,71.7003],[-53.7322,71.6944],[-53.725,71.6858],[-53.7214,71.6794],[-53.72,71.6725],[-53.7219,71.6586],[-53.7306,71.6494],[-53.7472,71.6411],[-53.775,71.6333],[-53.8014,71.6283],[-53.8531,71.63],[-53.9033,71.6355],[-53.9194,71.6383],[-53.9331,71.6425],[-53.9444,71.6469],[-53.955,71.6522],[-53.9725,71.6628],[-53.985,71.6744],[-53.9867,71.6861],[-53.9889,71.6903],[-53.9933,71.6955],[-54.0111,71.7058],[-54.0328,71.7117],[-54.0514,71.7144],[-54.0617,71.7155],[-54.0772,71.7155],[-54.0911,71.7142],[-54.1003,71.7075],[-54.1022,71.6364],[-54.0992,71.6336],[-54.0581,71.6167],[-54.0464,71.6133],[-54.0158,71.608],[-53.9658,71.5975],[-53.8853,71.5719],[-53.8653,71.5628],[-53.8583,71.5583],[-53.8519,71.553],[-53.8518,71.5528],[-53.8646,71.5466],[-53.9718,71.4318],[-54.1739,71.3953],[-54.2039,71.3903],[-54.3461,71.37],[-54.3961,71.3639],[-54.4181,71.3633],[-54.5058,71.365],[-54.5233,71.3642],[-54.5756,71.358],[-54.5917,71.3547],[-54.6078,71.3525],[-54.6436,71.3492],[-54.7997,71.3519],[-54.8256,71.3528],[-54.8439,71.3555],[-54.8781,71.3619],[-55.1208,71.4283],[-55.1419,71.4358],[-55.1489,71.4403],[-55.1764,71.4592],[-55.1903,71.4694],[-55.2061,71.4797],[-55.2267,71.4886],[-55.2583,71.4905],[-55.2675,71.4894],[-55.2675,71.4833],[-55.2225,71.4464],[-55.2044,71.4369],[-55.1469,71.4161],[-55.1258,71.403],[-55.1167,71.3922],[-55.1167,71.3867],[-55.1203,71.3828],[-55.1303,71.3789],[-55.1438,71.3783],[-55.4766,71.4891],[-55.6143,71.5979],[-55.6167,71.6239],[-55.5908,71.6275],[-55.5706,71.635],[-55.5711,71.6405],[-55.5744,71.6428],[-55.5828,71.6444],[-55.6189,71.6483],[-55.6264,71.7304],[-55.5735,71.7682],[-55.5586,71.7703],[-55.4436,71.8028],[-55.3814,71.8411],[-55.3536,71.8691],[-55.3469,71.875],[-55.32,71.8817],[-55.2917,71.8861],[-55.2511,71.8883],[-55.1192,71.8917],[-55.0842,71.8905],[-55.0342,71.888],[-55.0117,71.8886],[-54.8956,71.9022],[-54.8814,71.9044],[-54.8428,71.9125],[-54.8306,71.9155],[-54.8225,71.9186],[-54.6419,71.9917],[-54.6094,72.0056],[-54.5739,72.0214],[-54.5458,72.0355],[-54.5367,72.0414],[-54.52,72.06],[-54.5147,72.0675],[-54.5114,72.0755],[-54.5169,72.0842],[-54.5231,72.0911],[-54.5253,72.1017],[-54.4539,72.1864],[-54.4497,72.1911],[-54.4325,72.2003],[-54.3886,72.2178],[-54.3844,72.2225],[-54.3881,72.2247],[-54.3961,72.2269],[-54.4075,72.2267],[-54.4175,72.2244],[-54.4306,72.22],[-54.5225,72.1844],[-54.5289,72.1797],[-54.5361,72.173],[-54.6422,72.0683],[-54.6464,72.0628],[-54.6481,72.0589],[-54.6511,72.0403],[-54.6783,72.0117],[-54.8389,71.9503],[-54.8619,71.9427],[-54.8864,71.9369],[-54.9197,71.9314],[-54.9403,71.93],[-54.985,71.9289],[-55.0114,71.9297],[-55.0783,71.9294],[-55.1778,71.925],[-55.2189,71.9222],[-55.2431,71.9225],[-55.2669,71.9239],[-55.2983,71.9286],[-55.3948,71.9478],[-55.3205,72.1108],[-55.2328,72.1355],[-55.2072,72.1436],[-54.9317,72.2383],[-54.9411,72.3008],[-54.9497,72.3536],[-54.9469,72.3603],[-54.9442,72.3622],[-54.9344,72.3633],[-54.9164,72.3628],[-54.7936,72.3514],[-54.7644,72.3508],[-54.7472,72.3536],[-54.6828,72.3664],[-54.6911,72.368],[-54.7067,72.3694],[-54.7247,72.3694],[-54.7417,72.3672],[-54.7689,72.3622],[-54.7831,72.3611],[-54.7981,72.3625],[-54.9136,72.3758],[-54.9264,72.3783],[-54.9406,72.383],[-54.9497,72.388],[-54.9708,72.4039],[-54.9608,72.4111],[-54.9231,72.4091],[-54.9111,72.4108],[-54.9008,72.4133],[-54.8872,72.4189],[-54.8836,72.4222],[-54.8869,72.425],[-54.8961,72.4255],[-55.0203,72.423],[-55.1181,72.3947],[-55.1658,72.3772],[-55.2061,72.3614],[-55.2086,72.3608],[-55.2206,72.3591],[-55.2319,72.3589],[-55.2469,72.3614],[-55.2719,72.3672],[-55.2803,72.3694],[-55.2858,72.3725],[-55.3053,72.4241],[-55.3287,72.4182],[-55.3388,72.5018],[-55.2803,72.4964],[-54.9939,72.4841],[-54.5461,72.4753],[-54.535,72.4803],[-54.4378,72.493],[-54.4261,72.4933],[-54.41,72.4933],[-54.39,72.4919],[-54.3572,72.4878],[-54.3553,72.4869],[-54.3511,72.4805],[-54.3444,72.475],[-54.3339,72.4725],[-54.3186,72.4711],[-54.3114,72.4716],[-54.3014,72.4739],[-54.2964,72.48],[-54.2972,72.4833],[-54.3022,72.4878],[-54.3122,72.4908],[-54.3894,72.5036],[-54.4094,72.505],[-54.4322,72.5061],[-54.4714,72.5056],[-54.5028,72.5017],[-54.5178,72.4989],[-54.5614,72.488],[-54.5806,72.4861],[-54.6039,72.4855],[-54.6175,72.4855],[-54.7319,72.4972],[-54.7622,72.5011],[-54.7861,72.5103],[-54.8031,72.52],[-54.9825,72.5072],[-55,72.5092],[-55.0081,72.5122],[-55.0164,72.52],[-55.0183,72.5269],[-55.0142,72.5372],[-55.0072,72.5542],[-54.9964,72.5705],[-54.9064,72.6053],[-54.7861,72.6055],[-54.7419,72.6011],[-54.6903,72.6033],[-54.6428,72.6119],[-54.6319,72.6158],[-54.6272,72.6216],[-54.63,72.6253],[-54.6425,72.6291],[-54.6622,72.6319],[-54.6764,72.6311],[-54.6953,72.6244],[-54.7056,72.6219],[-54.7308,72.6228],[-54.8333,72.6314],[-54.8611,72.6372],[-54.8706,72.6425],[-54.8833,72.6678],[-54.88,72.6697],[-54.8722,72.6722],[-54.8406,72.6789],[-54.7931,72.6657],[-54.6648,72.7084],[-54.6425,72.7114],[-54.6435,72.7155],[-54.6261,72.7213],[-54.5582,72.8716],[-54.7304,73.0376],[-55.15,73.283],[-55.3386,73.3416],[-55.2744,73.3855],[-55.2664,73.3872],[-55.2539,73.3883],[-55.2425,73.3867],[-55.2294,73.3828],[-55.2044,73.3736],[-55.1903,73.3669],[-55.1775,73.3622],[-55.1519,73.3544],[-55.1383,73.3519],[-55.1058,73.3489],[-55.1008,73.3494],[-55.0946,73.3502],[-55.0906,73.3511],[-55.0875,73.353],[-55.0858,73.3628],[-55.1003,73.3741],[-55.1597,73.4066],[-55.1697,73.4117],[-55.1853,73.4144],[-55.2286,73.415],[-55.3089,73.4261],[-55.4153,73.4444],[-55.4286,73.4469],[-55.4906,73.4616],[-55.5227,73.4886],[-55.5175,73.4928],[-55.5203,73.4983],[-55.5236,73.5017],[-55.5292,73.5061],[-55.5755,73.5331],[-55.7793,73.7045],[-55.7932,73.7188],[-55.7744,73.715],[-55.6397,73.6941],[-55.6306,73.6989],[-55.6078,73.7203],[-55.6147,73.7272],[-55.6261,73.7297],[-55.6383,73.7294],[-55.6567,73.7264],[-55.6681,73.7233],[-55.6919,73.7186],[-55.7097,73.7169],[-55.7264,73.7183],[-55.7469,73.7222],[-55.8414,73.7685],[-55.9264,73.8564],[-55.8003,73.8486],[-55.7431,73.8367],[-55.7189,73.8344],[-55.6944,73.8344],[-55.6714,73.8358],[-55.655,73.8394],[-55.6439,73.8433],[-55.6328,73.8528],[-55.6314,73.8561],[-55.6319,73.8608],[-55.6372,73.8667],[-55.6453,73.8716],[-55.6689,73.8805],[-55.6936,73.8875],[-55.84,73.9139],[-55.9392,73.9286],[-56.0103,73.943],[-56.0817,74.0168],[-56.0786,74.0172],[-56.0633,74.0181],[-56.0386,74.0175],[-56.0272,74.0144],[-56.0256,74.0117],[-56.0211,74.01],[-55.9956,74.0053],[-55.985,74.0064],[-55.9708,74.0108],[-55.9578,74.0194],[-55.9628,74.0264],[-55.9689,74.03],[-55.9778,74.0331],[-56.0042,74.0358],[-56.0314,74.0372],[-56.1039,74.0398],[-56.1822,74.1206],[-56.2151,74.159],[-56.1653,74.1939],[-56.1197,74.2697],[-56.1292,74.2783],[-56.1592,74.2797],[-56.1722,74.2794],[-56.1917,74.2744],[-56.2006,74.2705],[-56.2144,74.2614],[-56.2775,74.2318],[-56.3224,74.2842],[-56.3092,74.2872],[-56.2994,74.293],[-56.3,74.2989],[-56.3014,74.3017],[-56.3178,74.3055],[-56.3275,74.3069],[-56.3426,74.3077],[-56.3833,74.3552],[-56.3617,74.3547],[-56.1528,74.3664],[-56.1389,74.3694],[-56.1281,74.3775],[-56.1311,74.3839],[-56.1428,74.3939],[-56.1619,74.4047],[-56.1925,74.4122],[-56.2122,74.4142],[-56.2811,74.4153],[-56.3147,74.4142],[-56.4161,74.403],[-56.4242,74.4029],[-56.4688,74.4549],[-56.325,74.4716],[-56.2494,74.4805],[-56.1933,74.5489],[-56.1925,74.5517],[-56.2067,74.5553],[-56.2219,74.5558],[-56.2744,74.5536],[-56.3553,74.5447],[-56.3739,74.5425],[-56.4344,74.555],[-56.5695,74.5831],[-56.5822,74.5872],[-56.6795,74.7006],[-56.9394,74.919],[-57.7743,75.0895],[-57.9328,75.1502],[-57.9275,75.1525],[-57.9178,75.1586],[-57.9183,75.1661],[-57.9322,75.1755],[-57.9589,75.1855],[-58.0491,75.1947],[-58.0746,75.2045],[-58.2053,75.2952],[-58.2158,75.4382],[-58.2128,75.4386],[-58.2089,75.4419],[-58.1603,75.5039],[-58.1556,75.5105],[-58.1622,75.5161],[-58.1719,75.5219],[-58.1919,75.5297],[-58.2231,75.5361],[-58.2285,75.6106],[-58.4285,75.7003],[-58.4194,75.7022],[-58.4097,75.7083],[-58.4081,75.7153],[-58.4236,75.7197],[-58.4397,75.7225],[-58.492,75.7288],[-58.6357,75.7933],[-59.0683,75.8425],[-59.1455,75.8505],[-59.1469,75.8517],[-59.1544,75.8558],[-59.1806,75.8658],[-59.1942,75.8691],[-59.2161,75.8722],[-59.2692,75.873],[-59.3348,75.8701],[-59.6296,75.9006],[-59.6106,75.9019],[-59.5931,75.9058],[-59.5922,75.91],[-59.6919,75.9575],[-59.7108,75.9611],[-59.7331,75.9642],[-59.7611,75.9658],[-59.7697,75.9653],[-59.7903,75.9619],[-59.8078,75.958],[-59.8617,75.9391],[-59.871,75.9358],[-60.1317,75.9932],[-60.1314,75.9936],[-60.1189,75.9991],[-60.0894,76.0111],[-60.0883,76.0167],[-60.1078,76.0222],[-60.13,76.0253],[-60.2369,76.0322],[-60.2683,76.0331],[-60.3273,76.0364],[-60.6511,76.1077],[-60.8308,76.1391],[-60.8308,76.1428],[-60.8447,76.1478],[-60.8786,76.1525],[-60.9072,76.1547],[-60.9272,76.156],[-61.5075,76.2575],[-62.4676,76.34],[-62.9162,76.3645],[-63.6508,76.3799],[-64.0038,76.2949],[-64.2203,76.2751],[-64.2206,76.2933],[-64.2189,76.2997],[-64.2075,76.303],[-64.1711,76.3111],[-64.1661,76.3153],[-64.1753,76.32],[-64.2,76.3286],[-64.2181,76.3325],[-64.3175,76.353],[-64.3439,76.3547],[-64.4122,76.3472],[-64.4064,76.3303],[-64.3942,76.3247],[-64.3775,76.3133],[-64.3733,76.3058],[-64.3658,76.2792],[-64.3728,76.2611],[-64.4734,76.2519],[-64.5386,76.2366],[-64.5642,76.2394],[-64.5769,76.2453],[-64.5867,76.2514],[-64.5906,76.2569],[-64.5975,76.263],[-64.6125,76.2664],[-64.6328,76.2675],[-64.6531,76.2667],[-64.6725,76.2628],[-64.6833,76.2586],[-64.6878,76.2517],[-64.694,76.2002],[-64.8288,76.1687],[-64.83,76.1691],[-64.845,76.1725],[-64.8686,76.1755],[-64.8947,76.1767],[-64.9753,76.1769],[-65.0011,76.1767],[-65.0208,76.1744],[-65.0231,76.1716],[-65.0244,76.1647],[-65.0298,76.1463],[-65.2116,76.1268],[-65.2294,76.1314],[-65.2389,76.1353],[-65.2317,76.1408],[-65.2111,76.1522],[-65.2042,76.1583],[-65.2,76.1653],[-65.2011,76.1708],[-65.2056,76.1783],[-65.2125,76.1822],[-65.2353,76.1819],[-65.3283,76.1747],[-65.3508,76.1722],[-65.3589,76.1694],[-65.3636,76.1294],[-65.3592,76.1225],[-65.3478,76.1122],[-65.4745,76.0986],[-65.7572,76.1368],[-65.7508,76.1403],[-65.6917,76.1886],[-65.6903,76.1941],[-65.7053,76.1975],[-65.7289,76.1983],[-65.7545,76.1972],[-65.7697,76.2005],[-65.7708,76.2047],[-65.7547,76.2092],[-65.7356,76.2128],[-65.7131,76.2158],[-65.6461,76.2236],[-65.5667,76.2297],[-65.5533,76.2339],[-65.5605,76.2394],[-65.5733,76.2441],[-65.6039,76.2511],[-65.6617,76.2619],[-65.725,76.2714],[-65.7695,76.2755],[-65.8014,76.2744],[-65.935,76.2661],[-66.1533,76.2797],[-66.1743,76.2816],[-66.1763,76.2818],[-66.1942,76.2803],[-66.207,76.2753],[-66.276,76.2238],[-66.6839,76.3067],[-66.61,76.1336],[-66.7736,76.2108],[-66.8189,76.2414],[-66.9119,76.2589],[-66.96,76.2636],[-67.0122,76.2639],[-67.032,76.2628],[-67.0867,76.2533],[-67.1031,76.2503],[-67.1219,76.2464],[-67.135,76.2428],[-67.2808,76.1914],[-67.2906,76.1872],[-67.3061,76.1675],[-67.3044,76.1628],[-67.2792,76.1564],[-67.2608,76.1539],[-67.2078,76.1503],[-67.1844,76.1494],[-67.0925,76.1425],[-67.0533,76.1369],[-67.0406,76.133],[-67.0289,76.1244],[-67.0242,76.1197],[-67.0175,76.1094],[-67.0111,76.0992],[-66.9906,76.0814],[-66.9425,76.0505],[-66.8794,76.0414],[-66.84,76.0347],[-66.7822,76.0239],[-66.7114,76.0083],[-66.6489,75.9908],[-66.5454,75.9616],[-66.5634,75.9287],[-66.6249,75.9297],[-66.63,75.9328],[-66.6481,75.9364],[-66.69,75.9425],[-66.7489,75.9497],[-67.0597,75.9786],[-67.2278,75.995],[-67.3258,76.0067],[-67.3497,76.0089],[-67.5,76.0177],[-67.6283,76.0219],[-67.6379,76.0226],[-69.0448,76.2938],[-68.353,76.5486],[-68.2507,76.5737],[-68.0561,76.5769],[-68.0303,76.5792],[-68.0142,76.5828],[-68.0014,76.588],[-67.9919,76.593],[-67.9828,76.5994],[-67.9767,76.6058],[-67.9822,76.6794],[-68.0156,76.6875],[-68.0925,76.705],[-68.1158,76.7039],[-68.1208,76.7017],[-68.1447,76.695],[-68.1806,76.6886],[-68.1859,76.7016],[-68.3763,76.7778],[-68.8562,76.7854],[-69.851,76.792],[-70.0925,76.814],[-70.0872,76.82],[-70.0831,76.823],[-70.0339,76.8425],[-69.9897,76.85],[-69.9575,76.8572],[-69.9047,76.8705],[-69.8925,76.8758],[-69.8839,76.8817],[-69.8661,76.9036],[-69.8392,76.9197],[-69.7875,76.9469],[-69.75,76.9611],[-69.7189,76.9703],[-69.6806,76.9783],[-69.6544,76.9814],[-69.5956,76.9858],[-69.5695,76.9886],[-69.5531,76.9919],[-69.5458,76.9955],[-69.5394,77.0005],[-69.5472,77.0031],[-69.5575,77.0047],[-69.5831,77.0069],[-69.6725,77.0125],[-69.7311,77.0128],[-69.7572,77.01],[-69.7695,77.0047],[-69.7657,76.9947],[-69.7661,76.9883],[-69.7783,76.983],[-69.7911,76.9786],[-70.0067,76.9083],[-70.1036,76.8769],[-70.2662,76.8267],[-70.5,76.8333],[-70.7485,76.9204],[-70.6897,76.9286],[-70.6822,76.9308],[-70.6778,76.9339],[-70.6831,76.9372],[-70.7047,76.9372],[-70.7734,76.9291],[-71.057,77.0285],[-71.3047,77.0876],[-71.1939,77.1333],[-70.9892,77.1486],[-70.8497,77.1453],[-70.8136,77.1608],[-70.8939,77.1686],[-70.9114,77.1716],[-70.9244,77.1772],[-70.9258,77.1836],[-70.9103,77.1883],[-70.5142,77.2186],[-70.4028,77.2255],[-70.1492,77.2405],[-70.005,77.2408],[-69.9444,77.2392],[-69.9183,77.2369],[-69.7967,77.2275],[-69.6836,77.2216],[-69.5783,77.2233],[-69.3586,77.2164],[-69.1161,77.2017],[-68.9778,77.1936],[-68.8633,77.1889],[-68.7831,77.1841],[-68.705,77.1778],[-68.6558,77.1728],[-68.6106,77.17],[-68.5406,77.1661],[-68.3769,77.1637],[-68.2336,77.1672],[-68.1461,77.1728],[-68.0933,77.1794],[-68.0736,77.1833],[-68.0133,77.1923],[-67.7363,77.1889],[-67.7129,77.1906],[-67.4064,77.1628],[-67.2289,77.1539],[-67.0747,77.1389],[-66.9358,77.123],[-66.9042,77.1216],[-66.7353,77.1239],[-66.4486,77.1339],[-66.4464,77.1398],[-66.44,77.145],[-66.3928,77.1519],[-66.2847,77.1619],[-66.2269,77.1655],[-66.2003,77.1689],[-66.1814,77.178],[-66.1739,77.1836],[-66.1719,77.1872],[-66.1708,77.1933],[-66.1931,77.195],[-66.3519,77.178],[-66.6511,77.148],[-66.7092,77.1458],[-66.7461,77.1453],[-66.8728,77.145],[-66.907,77.1455],[-66.9322,77.1467],[-66.9547,77.1489],[-66.9747,77.1525],[-67.0433,77.1617],[-67.1139,77.1686],[-67.4342,77.1925],[-67.4886,77.1961],[-67.5,77.1964],[-67.6002,77.1989],[-66.7838,77.2593],[-66.5976,77.2968],[-66.5803,77.2905],[-66.5458,77.2814],[-66.5258,77.2775],[-66.4631,77.2683],[-66.2542,77.2491],[-66.2383,77.2486],[-66.2203,77.2503],[-66.2083,77.2519],[-66.2003,77.2553],[-66.1953,77.2597],[-66.2,77.2644],[-66.2078,77.2697],[-66.2247,77.2742],[-66.2478,77.2775],[-66.2664,77.2769],[-66.3167,77.2778],[-66.3675,77.2803],[-66.4164,77.2864],[-66.4433,77.2919],[-66.4606,77.2972],[-66.5006,77.3125],[-66.5063,77.3151],[-66.3093,77.3547],[-66.1778,77.398],[-66.1736,77.4247],[-66.1703,77.425],[-66.1314,77.4311],[-66.1136,77.4347],[-66.1019,77.4383],[-66.08,77.4491],[-66.0722,77.4539],[-66.0556,77.4914],[-66.0642,77.498],[-66.1631,77.5681],[-66.2514,77.6033],[-66.2836,77.613],[-66.2848,77.6132],[-66.4356,77.6822],[-66.8047,77.7768],[-67.3523,77.7065],[-67.8518,77.5931],[-68.4238,77.5836],[-68.6197,77.6536],[-68.6275,77.6561],[-68.6725,77.6619],[-68.6994,77.6639],[-68.7378,77.663],[-68.7661,77.6617],[-68.7847,77.6597],[-68.805,77.6558],[-68.8156,77.6514],[-68.7578,77.628],[-68.7292,77.6169],[-68.7114,77.6102],[-68.9532,77.6342],[-69.2921,77.599],[-69.6875,77.5551],[-69.9936,77.5804],[-70.098,77.6036],[-70.0494,77.6097],[-69.9736,77.6175],[-69.9256,77.623],[-69.8272,77.6361],[-69.5011,77.6847],[-69.4936,77.6891],[-69.4908,77.6953],[-69.4792,77.7517],[-69.4836,77.7536],[-69.4936,77.7542],[-69.5181,77.7514],[-69.5353,77.7475],[-69.5756,77.733],[-69.5828,77.7289],[-69.6303,77.7164],[-69.6675,77.7078],[-69.705,77.7005],[-69.757,77.695],[-69.813,77.6914],[-69.8478,77.6903],[-69.9067,77.6905],[-69.945,77.6897],[-70.0114,77.6869],[-70.0325,77.6841],[-70.0497,77.6808],[-70.1275,77.6655],[-70.2833,77.6566],[-70.3092,77.6558],[-70.3438,77.6582],[-70.3795,77.6661],[-70.5058,77.7355],[-70.3742,77.7683],[-70.3114,77.7867],[-70.26,77.8078],[-70.2439,77.813],[-70.2269,77.8169],[-70.2061,77.8203],[-70.1808,77.8219],[-70.1233,77.8194],[-70.0139,77.8225],[-69.9833,77.8261],[-69.975,77.8286],[-69.9686,77.8336],[-69.9781,77.838],[-70.0042,77.8428],[-70.0667,77.848],[-70.3725,77.8578],[-70.4344,77.8517],[-70.4858,77.8453],[-70.5208,77.8386],[-70.5547,77.8258],[-70.6202,77.7984],[-70.678,77.8301],[-71.0452,77.9163],[-71.343,77.9418],[-71.6218,77.919],[-71.6278,77.9191],[-71.6832,77.9173],[-71.8884,77.9494],[-72.5254,78.1661],[-72.5403,78.2845],[-72.4897,78.285],[-72.4567,78.2864],[-72.5153,78.2947],[-72.5389,78.298],[-72.5421,78.2983],[-72.5453,78.3235],[-72.3832,78.5257],[-72.2931,78.539],[-72.24,78.5397],[-72.1411,78.5389],[-72.1044,78.5408],[-71.9042,78.5569],[-71.8861,78.5603],[-71.8239,78.5775],[-71.7814,78.5894],[-71.7348,78.6023],[-71.4628,78.6243],[-71.2698,78.6421],[-71.2619,78.6422],[-71.2206,78.6386],[-71.1828,78.6314],[-71.1558,78.628],[-71.0994,78.6236],[-71.0142,78.6178],[-70.8719,78.6111],[-70.8031,78.6728],[-70.7822,78.6825],[-70.765,78.6878],[-70.7582,78.689],[-69.8468,78.7598],[-69.2663,78.7962],[-69.0809,78.8733],[-68.9661,78.8542],[-68.9545,78.8469],[-68.9236,78.8372],[-68.9,78.8336],[-68.8733,78.8308],[-68.8436,78.8289],[-68.8075,78.8283],[-68.7906,78.8292],[-68.7828,78.8342],[-68.7933,78.8394],[-68.8842,78.8783],[-68.9594,78.8958],[-69.0028,78.8961],[-69.0225,78.8976],[-68.8385,78.9741],[-68.5916,79.0328],[-68.3406,79.063],[-68.3056,79.065],[-68.1489,79.0711],[-68.0811,79.073],[-68.0411,79.073],[-68.015,79.0717],[-67.9917,79.0692],[-67.9603,79.0644],[-67.897,79.0544],[-67.7503,79.0372],[-67.7222,79.0392],[-67.6825,79.0461],[-67.6667,79.0511],[-67.6714,79.0533],[-67.7214,79.0583],[-67.7417,79.063],[-67.7419,79.0705],[-67.7375,79.0761],[-67.7308,79.0839],[-67.715,79.0889],[-67.525,79.1276],[-67.4227,79.1278],[-67.3328,79.1178],[-67.2472,79.1144],[-67.2236,79.1282],[-66.9903,79.1287],[-66.9769,79.1283],[-66.8156,79.1089],[-66.7303,79.1225],[-66.6042,79.1436],[-66.3664,79.1417],[-66.3475,79.1397],[-66.3392,79.1372],[-66.3297,79.1317],[-66.3272,79.125],[-66.2397,79.1055],[-66.1758,79.11],[-66.1358,79.1097],[-66.1175,79.1091],[-66.11,79.108],[-66.0436,79.0958],[-66.0147,79.0961],[-65.9933,79.0978],[-65.9767,79.1017],[-65.892,79.1397],[-65.9018,79.1469],[-65.9042,79.1533],[-65.8953,79.1594],[-65.8809,79.1655],[-65.4849,79.1582],[-65.3041,79.2209],[-65.1645,79.3104],[-64.8905,79.3824],[-64.8514,79.5095],[-64.8508,79.51],[-64.8353,79.5219],[-64.8233,79.5336],[-64.8206,79.5386],[-64.8133,79.5817],[-64.8178,79.5994],[-64.8228,79.6026],[-64.7995,79.6784],[-64.6755,79.9039],[-64.6232,79.9492],[-64.9278,80.0272],[-64.7297,80.0408],[-64.3755,80.0667],[-64.3336,80.0744],[-64.315,80.0794],[-64.2856,80.0905],[-64.2092,80.1233],[-64.1944,80.1289],[-64.1756,80.1339],[-64.1522,80.1367],[-64.1205,80.1383],[-64.0844,80.1378],[-64.0519,80.1353],[-64.0314,80.1325],[-63.9667,80.128],[-63.9231,80.1291],[-63.8875,80.1314],[-63.805,80.1386],[-63.7853,80.1414],[-63.7845,80.1483],[-63.8306,80.148],[-63.8981,80.1441],[-63.9378,80.1441],[-63.9581,80.1447],[-64.1442,80.1558],[-64.1611,80.16],[-64.2031,80.1864],[-64.2042,80.1916],[-64.195,80.2047],[-64.1878,80.2089],[-64.1681,80.2289],[-64.165,80.2344],[-64.1664,80.24],[-64.1722,80.2475],[-64.205,80.2505],[-64.2328,80.2483],[-64.2483,80.245],[-64.2553,80.2408],[-64.2692,80.2297],[-64.3156,80.1683],[-64.3228,80.1486],[-64.3258,80.145],[-64.3331,80.1411],[-64.3478,80.1353],[-64.4717,80.103],[-64.5094,80.0944],[-64.5286,80.0917],[-64.5639,80.09],[-64.6119,80.0897],[-64.8342,80.0747],[-64.8761,80.0669],[-64.9025,80.0633],[-64.9339,80.0616],[-64.9661,80.0628],[-65.1775,80.0786],[-65.2064,80.0819],[-65.2275,80.0864],[-65.2545,80.0958],[-65.2683,80.1019],[-65.2847,80.103],[-65.2922,80.1017],[-65.3611,80.0811],[-65.4267,80.0633],[-65.4393,80.06],[-65.8996,80.0692],[-66.1192,80.0323],[-66.123,80.0364],[-66.1215,80.0421],[-66.1239,80.048],[-66.142,80.0636],[-66.1472,80.0669],[-66.1653,80.0722],[-66.4072,80.1069],[-66.4547,80.1055],[-66.4722,80.0911],[-66.4856,80.0853],[-66.5256,80.0772],[-66.5864,80.0708],[-66.7308,80.0641],[-66.9211,80.06],[-67.1064,80.1171],[-67.1289,80.1436],[-67.1678,80.1566],[-67.1817,80.1605],[-67.1947,80.1625],[-67.2147,80.1622],[-67.2247,80.1578],[-67.2357,80.157],[-67.4103,80.2107],[-67.2917,80.3666],[-67.2025,80.3794],[-67.0408,80.4083],[-66.7886,80.4572],[-66.775,80.463],[-66.7228,80.4925],[-66.7258,80.5067],[-66.7483,80.5189],[-66.7783,80.5205],[-66.7931,80.525],[-66.7925,80.5325],[-66.7872,80.5383],[-66.7539,80.5475],[-66.7158,80.555],[-66.6794,80.5575],[-66.6297,80.558],[-66.4447,80.5653],[-66.4211,80.5683],[-66.3981,80.5725],[-66.3644,80.5819],[-66.3019,80.5922],[-66.2381,80.5992],[-66.1489,80.6064],[-66.11,80.613],[-66.0808,80.6244],[-66.0797,80.6319],[-66.0836,80.64],[-66.0825,80.6478],[-66.0764,80.653],[-66.0617,80.6589],[-66.0267,80.6655],[-65.9864,80.67],[-65.9403,80.6711],[-65.9106,80.6708],[-65.8681,80.6697],[-65.71,80.6653],[-65.6325,80.6619],[-65.5564,80.6614],[-65.5064,80.6633],[-65.4989,80.6661],[-65.5131,80.6694],[-65.5744,80.6755],[-65.6528,80.6817],[-65.6844,80.6875],[-65.71,80.6983],[-65.7128,80.7058],[-65.698,80.7114],[-65.6744,80.7155],[-65.6461,80.7194],[-65.4026,80.7518],[-65.325,80.76],[-65.2319,80.7622],[-65.1986,80.7653],[-65.1744,80.7683],[-65.15,80.7725],[-65.11,80.7811],[-65.0747,80.7903],[-65.0633,80.7944],[-64.9869,80.8369],[-64.985,80.8444],[-64.9911,80.8505],[-65.0211,80.8625],[-65.0386,80.8775],[-65.0325,80.885],[-64.9925,80.895],[-64.9339,80.9011],[-64.8911,80.9028],[-64.805,80.9039],[-64.775,80.905],[-64.7497,80.9072],[-64.7342,80.9128],[-64.7094,80.9328],[-64.7244,80.9389],[-64.7389,80.9436],[-64.7653,80.9489],[-64.6083,80.9739],[-64.1293,81.0348],[-63.9747,81.048],[-63.9489,81.0508],[-63.9278,81.0544],[-63.9075,81.0628],[-63.9068,81.0631],[-63.7254,81.0862],[-63.4598,81.1065],[-63.4414,81.0922],[-63.4247,81.0697],[-63.4222,81.0533],[-63.4256,81.0458],[-63.4,81.0219],[-63.3067,80.9505],[-63.2928,80.9444],[-63.2153,80.918],[-63.0022,80.8264],[-62.9839,80.8147],[-62.9567,80.8],[-62.9475,80.7958],[-62.7944,80.7511],[-62.7814,80.7511],[-62.765,80.7558],[-62.7489,80.7661],[-62.7408,80.773],[-62.7369,80.7778],[-62.75,80.7825],[-62.7758,80.7867],[-62.8556,80.8164],[-62.9714,80.8605],[-63.1756,80.9441],[-63.1986,80.9556],[-63.2317,80.9753],[-63.2367,80.9794],[-63.3317,81.0658],[-63.3563,81.1144],[-62.7748,81.1587],[-62.2513,81.1195],[-61.9345,81.1377],[-61.8442,81.118],[-61.6117,81.0747],[-61.5506,81.0681],[-61.515,81.0681],[-61.5019,81.07],[-61.5058,81.0761],[-61.51,81.0808],[-61.5231,81.0892],[-61.5272,81.0953],[-61.5178,81.1],[-61.4956,81.1033],[-61.2511,81.1208],[-61.2206,81.1214],[-61.1017,81.1142],[-61.075,81.1155],[-61.0567,81.1197],[-60.9656,81.1428],[-60.8919,81.1655],[-60.9089,81.1711],[-60.9525,81.1808],[-61.0267,81.1939],[-61.0394,81.1989],[-61.0616,81.2088],[-60.9567,81.2637],[-60.9517,81.3655],[-60.9806,81.4264],[-60.9642,81.4289],[-60.8936,81.4427],[-60.8511,81.4522],[-60.8225,81.4597],[-60.7936,81.4691],[-60.7786,81.478],[-60.7672,81.493],[-60.7708,81.5005],[-60.7792,81.5075],[-60.7922,81.5136],[-60.8097,81.5191],[-60.8322,81.5239],[-60.855,81.528],[-60.9142,81.5364],[-61.0314,81.5647],[-61.0494,81.5717],[-61.1122,81.7042],[-61.1224,81.7976],[-60.8873,81.8606],[-60.0387,81.8833],[-59.3519,81.791],[-58.3887,81.6066],[-57.8053,81.505],[-57.4442,81.4239],[-57.2543,81.4874],[-57.2178,81.4792],[-57.1769,81.4691],[-57.1853,81.4625],[-57.2183,81.4614],[-57.2639,81.4619],[-57.2753,81.458],[-57.2817,81.4547],[-57.2764,81.4478],[-57.2611,81.4419],[-57.2456,81.4364],[-57.205,81.4264],[-57.145,81.4189],[-57.11,81.4155],[-56.8858,81.3992],[-56.7369,81.3867],[-56.7125,81.3825],[-56.6969,81.3772],[-56.6081,81.3433],[-56.5886,81.338],[-56.5594,81.3336],[-56.52,81.3311],[-56.4783,81.3325],[-56.4536,81.3355],[-56.4494,81.3425],[-56.555,81.3855],[-56.5747,81.3908],[-56.6239,81.3997],[-56.6539,81.4033],[-56.6844,81.4058],[-56.8483,81.4155],[-56.9811,81.4241],[-57.0203,81.428],[-57.0656,81.4375],[-57.0856,81.4427],[-57.188,81.4994],[-57.1836,81.5075],[-57.1756,81.5136],[-57.1755,81.5138],[-57.074,81.5477],[-57.8196,81.7838],[-58.1333,82.0132],[-58.0578,82.0344],[-57.0681,82.0892],[-56.5433,82.1432],[-56.3256,82.1685],[-56.3253,82.1683],[-56.3094,82.1625],[-56.2867,82.1589],[-56.2631,82.1639],[-56.1901,82.1843],[-55.7092,82.2404],[-55.6535,82.2447],[-55.6278,82.2428],[-55.5539,82.2397],[-55.4931,82.24],[-55.4461,82.2414],[-55.35,82.2469],[-55.2711,82.2441],[-55.2575,82.2419],[-55.2367,82.2369],[-55.225,82.2325],[-55.2347,82.2272],[-55.2558,82.2264],[-55.3247,82.2286],[-55.335,82.2228],[-55.3381,82.2186],[-55.3253,82.2039],[-55.3197,82.1983],[-55.3036,82.1933],[-55.1375,82.1578],[-55.1133,82.1566],[-55.0967,82.1586],[-55.0881,82.1741],[-55.0981,82.1861],[-55.1639,82.233],[-55.1906,82.2491],[-55.2014,82.2542],[-55.2678,82.2745],[-54.5752,82.3281],[-54.2467,82.2968],[-53.9325,82.2625],[-53.8456,82.2303],[-53.8053,82.215],[-53.7617,82.1979],[-53.7044,81.7689],[-53.7214,81.7639],[-53.7375,81.7572],[-53.7597,81.7447],[-53.7722,81.7366],[-53.8195,81.6978],[-53.8236,81.6936],[-53.8094,81.57],[-53.8067,81.563],[-53.8028,81.5575],[-53.7967,81.5539],[-53.7458,81.5383],[-53.6714,81.5211],[-53.6635,81.4626],[-53.2527,81.5352],[-53.0104,81.68],[-52.9316,81.8624],[-52.9308,81.863],[-52.9308,81.8643],[-52.857,82.0352],[-52.8531,82.0353],[-52.8044,82.0341],[-52.7625,82.0319],[-52.5464,82.0078],[-52.4669,81.995],[-52.4194,81.9847],[-52.3294,81.973],[-52.0014,81.9336],[-51.9103,81.9239],[-51.6836,81.9119],[-51.5803,81.908],[-51.4658,81.905],[-51.3231,81.8861],[-51.2467,81.8697],[-51.2231,81.865],[-51.1608,81.8564],[-51.0183,81.8422],[-50.8186,81.8089],[-50.8014,81.8036],[-50.7611,81.7831],[-50.7139,81.7747],[-50.5569,81.7475],[-50.5231,81.7439],[-50.4928,81.7417],[-50.3975,81.7366],[-50.3583,81.7336],[-50.325,81.7297],[-50.2806,81.7203],[-50.2433,81.7053],[-50.225,81.6941],[-50.2214,81.69],[-50.2142,81.6778],[-50.2136,81.6647],[-50.2147,81.6569],[-50.2128,81.6514],[-50.1983,81.6411],[-50.1764,81.6364],[-49.9528,81.6116],[-49.9036,81.6094],[-49.865,81.6097],[-49.8228,81.6125],[-49.6222,81.6386],[-49.6147,81.6403],[-49.62,81.6433],[-49.6642,81.6461],[-49.7064,81.6467],[-49.7558,81.6489],[-49.8,81.6517],[-49.8531,81.658],[-49.8803,81.6625],[-49.8964,81.6711],[-49.9019,81.6778],[-49.8961,81.685],[-49.8917,81.6947],[-49.8914,81.6983],[-49.9022,81.7042],[-49.916,81.7086],[-49.846,81.8113],[-50.0122,81.8888],[-49.9975,81.8872],[-49.9072,81.875],[-49.8678,81.8716],[-49.8206,81.8703],[-49.7542,81.8753],[-49.6967,81.8805],[-49.5706,81.8955],[-49.4372,81.9244],[-49.4322,81.9278],[-49.4328,81.9305],[-49.4383,81.9333],[-49.5119,81.9503],[-49.5344,81.955],[-49.5625,81.9594],[-49.6931,81.9753],[-49.8128,81.9919],[-49.9469,82.0125],[-50.1144,82.0383],[-50.1319,82.0436],[-50.1547,82.0553],[-50.1797,82.0658],[-50.2144,82.0764],[-50.3258,82.1005],[-50.3913,82.1145],[-50.503,82.188],[-50.8086,82.3248],[-50.8214,82.3425],[-50.8444,82.3628],[-50.8644,82.3741],[-50.8819,82.3803],[-50.8904,82.3827],[-50.7724,82.4971],[-50.4385,82.4871],[-49.6476,82.4781],[-49.1365,82.3826],[-47.897,82.2148],[-47.3192,82.0891],[-46.3703,81.944],[-45.5252,81.8205],[-44.683,81.7289],[-44.4176,81.7983],[-44.2614,81.828],[-44.2347,81.8314],[-44.1986,81.8339],[-44.1833,81.8342],[-44.2303,81.8425],[-44.3016,81.8617],[-44.0559,82.3079],[-44.0056,82.3047],[-43.9342,82.2966],[-43.8753,82.2878],[-43.5428,82.2622],[-43.4256,82.2556],[-43.3583,82.2525],[-43.3136,82.2514],[-43.2719,82.2508],[-43.0803,82.2489],[-43.0325,82.2489],[-42.9908,82.2505],[-42.8981,82.2514],[-42.8472,82.2505],[-42.7389,82.245],[-42.7131,82.2422],[-42.6847,82.2366],[-42.6786,82.2305],[-42.6253,82.2139],[-42.5647,82.2167],[-42.4725,82.2175],[-42.3819,82.2155],[-42.3297,82.213],[-42.3025,82.2133],[-42.2992,82.2167],[-42.3175,82.2219],[-42.3378,82.2264],[-42.3928,82.2361],[-42.7122,82.2703],[-42.7506,82.2742],[-42.8272,82.28],[-42.9394,82.2841],[-42.9811,82.2847],[-43.0292,82.2847],[-43.1192,82.2828],[-43.2025,82.2794],[-43.3019,82.2803],[-43.4406,82.2955],[-43.5928,82.31],[-43.7161,82.3211],[-43.8303,82.3358],[-43.8503,82.3411],[-43.8639,82.3466],[-43.8708,82.3505],[-43.8861,82.3711],[-43.8803,82.378],[-43.8597,82.3822],[-43.8258,82.3872],[-43.7872,82.39],[-43.765,82.3925],[-43.7456,82.3958],[-43.7267,82.4017],[-43.7303,82.4066],[-43.757,82.4114],[-43.7897,82.4158],[-43.9835,82.4394],[-43.9554,82.4905],[-44.102,82.5764],[-44.6835,82.727],[-44.7805,82.7709],[-44.61,82.77],[-44.4455,82.7681],[-44.2158,82.7625],[-44.1644,82.7628],[-44.03,82.7667],[-43.8497,82.773],[-43.7289,82.7783],[-43.6367,82.7811],[-43.3492,82.7822],[-43.1575,82.7814],[-43.0683,82.7783],[-42.9708,82.7764],[-42.9144,82.7761],[-42.6886,82.7817],[-42.5719,82.7803],[-42.5314,82.7786],[-42.2042,82.7644],[-42.1428,82.7617],[-42.0895,82.7579],[-42.0703,82.7547],[-42.0506,82.7497],[-42.0597,82.7444],[-42.0928,82.7386],[-42.1208,82.7325],[-42.1367,82.7269],[-42.16,82.7183],[-42.1672,82.7136],[-42.1678,82.7072],[-42.1422,82.6961],[-42.1222,82.6908],[-42.0958,82.6861],[-42.0658,82.6825],[-41.9525,82.6725],[-41.8925,82.6653],[-41.8664,82.6605],[-41.8469,82.6553],[-41.83,82.6453],[-41.8086,82.6225],[-41.8042,82.608],[-41.805,82.6036],[-41.8103,82.5994],[-41.8514,82.54],[-41.7469,82.4889],[-41.7186,82.4811],[-41.6828,82.478],[-41.6433,82.4783],[-41.61,82.4803],[-41.5861,82.485],[-41.5722,82.498],[-41.5569,82.5278],[-41.5561,82.54],[-41.6089,82.6417],[-41.6181,82.6464],[-41.6497,82.6572],[-41.7464,82.6833],[-41.8731,82.7172],[-41.8878,82.7222],[-41.9003,82.7278],[-41.8981,82.7328],[-41.8781,82.7397],[-41.8503,82.7436],[-41.8195,82.7466],[-41.7883,82.7472],[-41.7544,82.7472],[-41.7017,82.7455],[-41.5503,82.7366],[-41.4564,82.7294],[-41.3797,82.7222],[-41.3272,82.7147],[-41.2422,82.7005],[-40.9581,82.6494],[-40.8336,82.6261],[-40.7317,82.6066],[-40.6947,82.5961],[-40.6833,82.5905],[-40.6603,82.5792],[-40.6428,82.5753],[-40.6058,82.5705],[-40.5736,82.5683],[-40.4872,82.5669],[-40.3769,82.5681],[-40.2742,82.5667],[-40.235,82.5647],[-40.2033,82.5603],[-40.0594,82.4639],[-40.0797,82.453],[-40.0897,82.4441],[-40.0878,82.4317],[-40.0783,82.4216],[-39.9308,82.3686],[-39.9125,82.3655],[-39.8525,82.3616],[-39.8136,82.3619],[-39.7947,82.3644],[-39.7739,82.3714],[-39.7647,82.3783],[-39.7564,82.3903],[-39.7528,82.3989],[-39.7539,82.4042],[-39.7711,82.4094],[-39.8742,82.4697],[-40.0119,82.56],[-40.0094,82.5664],[-40.0039,82.5719],[-39.9914,82.578],[-39.9675,82.5878],[-39.9561,82.5917],[-39.9086,82.6017],[-39.8853,82.6055],[-39.8725,82.6114],[-39.8675,82.6244],[-39.8686,82.6294],[-39.905,82.6716],[-39.9344,82.6825],[-39.9594,82.6875],[-40.0167,82.6969],[-40.1061,82.7108],[-40.1353,82.7144],[-40.2386,82.7203],[-40.3433,82.7216],[-40.4278,82.7186],[-40.5233,82.7117],[-40.6014,82.7122],[-40.6358,82.7161],[-40.6456,82.7225],[-40.6575,82.728],[-40.67,82.7317],[-40.7233,82.7408],[-41.0194,82.7728],[-41.1206,82.7797],[-41.1939,82.7883],[-41.2761,82.7955],[-41.6039,82.8222],[-41.7506,82.8317],[-42.0792,82.8483],[-42.1911,82.8517],[-42.2481,82.8519],[-42.3814,82.8497],[-42.4694,82.8492],[-42.6681,82.8547],[-42.9739,82.8505],[-43.3833,82.8458],[-43.5764,82.8422],[-43.8003,82.8375],[-44.1392,82.8436],[-44.3503,82.8461],[-44.4936,82.8458],[-44.633,82.8487],[-44.6725,82.85],[-44.7378,82.8558],[-44.765,82.8611],[-44.7986,82.8708],[-44.8408,82.8867],[-44.8556,82.89],[-44.9083,82.8992],[-44.9386,82.903],[-44.9886,82.9064],[-45,82.9065],[-45.0617,82.9069],[-45.065,82.9055],[-45.0533,82.9008],[-45.0122,82.8917],[-45,82.8897],[-44.8711,82.8694],[-44.8639,82.8678],[-44.8658,82.8619],[-44.8886,82.8572],[-44.9222,82.8528],[-44.9562,82.8504],[-45.2129,82.9667],[-45.1615,82.9846],[-45.1208,82.9783],[-45.0872,82.9708],[-45.0803,82.9664],[-45.0786,82.96],[-45.0994,82.9464],[-45.1086,82.9425],[-45.1128,82.9386],[-45.1131,82.9336],[-45.1072,82.9311],[-45.0822,82.9297],[-45.0314,82.9292],[-45.0039,82.9308],[-44.9044,82.9458],[-44.7864,82.9636],[-44.755,82.9644],[-44.7128,82.9628],[-44.6553,82.9578],[-44.5822,82.9453],[-44.5214,82.9394],[-44.1125,82.918],[-43.9894,82.9119],[-43.8497,82.91],[-43.7575,82.91],[-43.5922,82.9114],[-43.4319,82.9128],[-43.3867,82.9144],[-43.3658,82.918],[-43.3661,82.9203],[-43.3767,82.9228],[-43.3942,82.925],[-43.4258,82.9261],[-43.5342,82.9269],[-43.5794,82.925],[-43.6558,82.9203],[-43.6869,82.9194],[-43.8789,82.9191],[-43.9244,82.9194],[-43.9839,82.9211],[-44.1108,82.9303],[-44.2122,82.9405],[-44.3569,82.9566],[-44.48,82.9678],[-44.6522,82.9828],[-44.7453,82.9897],[-44.8697,83.0005],[-45.0546,83.0219],[-44.8941,83.0779],[-43.8125,83.0803],[-43.3072,83.1362],[-43.2619,83.1355],[-43.2258,83.1333],[-43.1683,83.1283],[-43.0408,83.1119],[-43.0172,83.1072],[-42.9728,83.0997],[-42.9369,83.0955],[-42.8978,83.0925],[-42.8728,83.0928],[-42.8567,83.0944],[-42.8514,83.0964],[-42.8547,83.0994],[-42.9978,83.1253],[-43.1993,83.1482],[-42.4794,83.2279],[-42.399,83.2326],[-42.3539,83.2341],[-42.2556,83.2344],[-42.0775,83.2286],[-41.9769,83.2214],[-41.7531,83.1903],[-41.7322,83.1853],[-41.7203,83.1811],[-41.7086,83.1747],[-41.7056,83.1716],[-41.7119,83.1678],[-41.7219,83.1625],[-41.7578,83.1525],[-41.7844,83.1455],[-41.8161,83.1389],[-41.8611,83.1278],[-41.9236,83.0944],[-41.9319,83.0875],[-41.8189,83.1017],[-41.8039,83.1044],[-41.7508,83.1225],[-41.7244,83.1291],[-41.6875,83.1333],[-41.6264,83.1336],[-41.5695,83.1305],[-41.5358,83.1278],[-41.4536,83.1191],[-41.3169,83.1044],[-41.2794,83.0969],[-41.2772,83.0917],[-41.2642,83.0861],[-41.2492,83.0811],[-41.2239,83.0758],[-41.0775,83.0569],[-41.0414,83.053],[-40.92,83.0361],[-40.8319,83.0219],[-40.8053,83.0169],[-40.7725,83.0083],[-40.7531,83.0031],[-40.7408,82.9972],[-40.72,82.9905],[-40.7036,82.9861],[-40.6822,82.9817],[-40.6536,82.9772],[-40.6011,82.9714],[-40.5533,82.9675],[-40.4772,82.9633],[-40.0872,82.9553],[-39.4894,82.8915],[-39.0093,82.8575],[-38.9997,82.8517],[-38.9525,82.83],[-38.9056,82.8158],[-38.8631,82.8055],[-38.8339,82.8019],[-38.7492,82.7939],[-38.6867,82.7861],[-38.67,82.7822],[-38.6556,82.7778],[-38.6539,82.7572],[-38.6483,82.7517],[-38.6447,82.7491],[-38.6361,82.7466],[-38.6103,82.7436],[-38.5744,82.7441],[-38.5514,82.7508],[-38.5489,82.7553],[-38.5358,82.7994],[-38.5358,82.8225],[-38.5897,82.8186],[-38.6161,82.8178],[-38.6506,82.8181],[-38.6967,82.8219],[-38.7344,82.8283],[-38.7519,82.8336],[-38.7625,82.8394],[-38.7634,82.8402],[-38.5872,82.8277],[-38.5144,83.0121],[-38.5114,83.0122],[-38.2794,83.0142],[-38.0889,83.0133],[-37.8094,83.0267],[-37.7153,83.0292],[-37.6183,83.0255],[-37.5747,83.0225],[-37.4689,83.0144],[-37.3172,83.0042],[-37.2922,83.0042],[-37.2703,83.0053],[-37.2956,83.0133],[-37.7219,83.0441],[-37.76,83.0455],[-37.8053,83.045],[-38.1097,83.035],[-38.2892,83.0325],[-38.3417,83.0331],[-38.5053,83.0353],[-38.4821,83.0938],[-38.4294,83.0986],[-38.3658,83.1028],[-38.1431,83.1136],[-38.0031,83.1183],[-37.8272,83.1225],[-37.6364,83.1222],[-37.3336,83.1269],[-37.2047,83.1297],[-37.1547,83.1314],[-37.0269,83.1372],[-36.9442,83.1411],[-36.9094,83.1436],[-36.8775,83.1472],[-36.8783,83.15],[-36.8897,83.1536],[-36.9103,83.155],[-37.1319,83.1458],[-37.2253,83.1441],[-37.3706,83.1436],[-37.53,83.1478],[-37.5928,83.1508],[-37.6136,83.1519],[-37.6264,83.1705],[-37.7989,83.178],[-37.9442,83.198],[-37.9922,83.2019],[-38.1414,83.1969],[-38.469,83.1967],[-38.5872,83.3824],[-38.2941,83.4052],[-38.1222,83.3955],[-38.0758,83.3925],[-38.0681,83.3875],[-38.0581,83.3833],[-37.9303,83.3644],[-37.8961,83.3597],[-37.8425,83.3572],[-37.7961,83.3591],[-37.7711,83.3625],[-37.74,83.3691],[-37.7444,83.373],[-37.7519,83.3778],[-37.7889,83.3886],[-37.8408,83.3986],[-37.8747,83.403],[-38.0006,83.4161],[-38.0428,83.4248],[-37.3966,83.4753],[-37.3795,83.4759],[-37.2914,83.4605],[-37.2853,83.4589],[-37.2517,83.4542],[-37.21,83.4497],[-37.0394,83.4416],[-36.9153,83.4369],[-36.8719,83.4347],[-36.8419,83.4322],[-36.8256,83.43],[-36.7744,83.42],[-36.7531,83.4105],[-36.7494,83.408],[-36.7485,83.4023],[-36.7431,83.3967],[-36.7111,83.3867],[-36.6475,83.3766],[-36.5283,83.3644],[-36.4856,83.3622],[-36.438,83.3611],[-36.4225,83.3616],[-36.3997,83.3658],[-36.4169,83.3711],[-36.4442,83.3741],[-36.5517,83.3828],[-36.5847,83.3875],[-36.6928,83.4125],[-36.6808,83.4172],[-36.6553,83.4203],[-36.5747,83.4258],[-36.6111,83.4508],[-36.7244,83.4636],[-36.8894,83.4861],[-36.9042,83.4908],[-36.8975,83.4941],[-36.8933,83.4952],[-36.4871,83.5113],[-35.322,83.4687],[-34.4269,83.403],[-33.8965,83.4536],[-33.8828,83.4525],[-33.8589,83.4536],[-33.8372,83.4566],[-33.8172,83.4611],[-33.5784,83.4839],[-32.5132,83.577],[-32.3007,83.5775],[-32.3003,83.5703],[-32.2769,83.5681],[-32.2297,83.5705],[-32.1875,83.575],[-32.1682,83.5778],[-31.5937,83.5791],[-30.7572,83.479],[-29.936,83.5035],[-29.344,83.4709],[-29.0653,83.4264],[-28.8832,83.46],[-28.7192,83.4317]]],[[[-31.4225,68.0972],[-31.4178,68.0936],[-31.4156,68.0909],[-31.4253,68.0981],[-31.4225,68.0972]]],[[[-42.7094,61.2681],[-42.7046,61.2668],[-42.7148,61.2676],[-42.7094,61.2681]]],[[[-46.1039,60.9642],[-46.1058,60.968],[-46.0981,60.9736],[-46.0797,60.9811],[-45.9531,61.0256],[-45.8372,61.0685],[-46.0719,60.9424],[-46.0839,60.9417],[-46.1039,60.9642]]],[[[-50.6614,64.683],[-50.6639,64.6869],[-50.6614,64.6886],[-50.6519,64.6919],[-50.5253,64.705],[-50.4547,64.703],[-50.3999,64.692],[-50.6331,64.6713],[-50.6614,64.683]]],[[[-53.2136,66.5178],[-53.2097,66.5161],[-53.2136,66.5147],[-53.2328,66.5133],[-53.2456,66.5136],[-53.257,66.5147],[-53.2424,66.5214],[-53.2136,66.5178]]],[[[-53.1928,67.6566],[-53.2067,67.6447],[-53.2328,67.6291],[-53.3239,67.5889],[-53.3317,67.5858],[-53.4729,67.5435],[-53.4684,67.5582],[-53.4358,67.6176],[-53.319,67.6178],[-53.1902,67.6594],[-53.1928,67.6566]]],[[[-50.2664,69.0561],[-50.2592,69.055],[-50.2558,69.0505],[-50.2544,69.0392],[-50.2597,69.0194],[-50.2667,69.0075],[-50.2704,69.0033],[-50.2745,69.0561],[-50.2664,69.0561]]],[[[-21.9611,72.3894],[-21.9903,72.3853],[-22.0131,72.3853],[-22.0522,72.3869],[-22.0692,72.3894],[-22.0936,72.3944],[-22.2208,72.4253],[-22.2581,72.4386],[-22.3106,72.4319],[-22.325,72.4275],[-22.3503,72.4267],[-22.3636,72.4272],[-22.5486,72.4461],[-22.61,72.4547],[-22.6247,72.4589],[-22.6342,72.463],[-22.6503,72.4667],[-22.6633,72.4664],[-22.7394,72.4469],[-22.7569,72.4414],[-22.765,72.4339],[-22.7425,72.3894],[-22.7319,72.3789],[-22.7275,72.3764],[-22.6758,72.3597],[-22.5756,72.3417],[-22.5619,72.3403],[-22.4681,72.3333],[-22.1342,72.2717],[-22.1239,72.165],[-22.1253,72.1591],[-22.1375,72.1489],[-22.1522,72.1367],[-22.1603,72.1336],[-22.1894,72.1258],[-22.2772,72.1139],[-22.3114,72.1128],[-22.3306,72.113],[-22.3681,72.1153],[-22.4092,72.12],[-22.8328,72.269],[-23.2649,72.3702],[-23.5854,72.4404],[-23.657,72.4717],[-23.7984,72.6605],[-23.131,72.6775],[-22.7294,72.6152],[-22.2505,72.498],[-21.9543,72.391],[-21.9611,72.3894]]],[[[-52.1017,68.6053],[-52.1144,68.6019],[-52.1144,68.5978],[-52.0925,68.5839],[-52.0769,68.5808],[-52.0498,68.5927],[-52.0083,68.5824],[-52.0494,68.575],[-52.1425,68.5739],[-52.1539,68.578],[-52.1658,68.5808],[-52.2075,68.5806],[-52.3094,68.573],[-52.4042,68.5636],[-52.4136,68.5633],[-52.4197,68.5672],[-52.4214,68.5714],[-52.4194,68.5928],[-52.4181,68.6003],[-52.4114,68.6066],[-52.4,68.6108],[-52.3856,68.6136],[-52.2354,68.6389],[-52.1007,68.6054],[-52.1017,68.6053]]],[[[-52.2889,68.6428],[-52.3003,68.6386],[-52.3133,68.6353],[-52.3275,68.6328],[-52.34,68.6342],[-52.3447,68.6367],[-52.3519,68.6419],[-52.7058,68.6205],[-52.735,68.6178],[-52.6912,68.6634],[-52.3369,68.6641],[-52.2743,68.6485],[-52.2889,68.6428]]],[[[-51.975,69.6566],[-51.8922,69.6358],[-51.8811,69.6336],[-51.8633,69.6333],[-51.8561,69.64],[-51.88,69.6483],[-51.9047,69.6539],[-51.9025,69.6544],[-51.8647,69.6467],[-51.8508,69.6427],[-51.8326,69.6326],[-51.8322,69.6322],[-51.8333,69.6261],[-51.9522,69.5544],[-51.9814,69.5389],[-52.0103,69.5244],[-52.0673,69.5023],[-52.1726,69.4923],[-52.5211,69.4766],[-52.8674,69.3928],[-53.3217,69.3241],[-53.5515,69.2784],[-53.8071,69.3383],[-54.0409,69.4433],[-53.9131,69.4378],[-53.865,69.43],[-53.8253,69.4216],[-53.7956,69.4175],[-53.7794,69.418],[-53.7528,69.4216],[-53.6747,69.4397],[-53.5908,69.4439],[-53.4906,69.4359],[-53.4672,69.4341],[-53.4461,69.4336],[-53.43,69.4341],[-53.3992,69.4375],[-53.3864,69.4397],[-53.3778,69.4419],[-53.3772,69.4433],[-53.3789,69.4441],[-53.3986,69.4486],[-53.4547,69.4508],[-53.4858,69.4508],[-53.5358,69.4533],[-53.5636,69.4583],[-53.5722,69.4608],[-53.5767,69.4644],[-53.5775,69.4667],[-53.5767,69.4742],[-53.5653,69.4969],[-53.5461,69.5147],[-53.5072,69.5464],[-53.4953,69.5561],[-53.4858,69.5605],[-53.4603,69.5647],[-53.3811,69.5697],[-53.3669,69.5708],[-53.3539,69.573],[-53.3469,69.5761],[-53.3475,69.5797],[-53.3581,69.5822],[-53.3711,69.5842],[-53.4422,69.5844],[-53.5006,69.5772],[-53.5089,69.5761],[-53.5586,69.5655],[-53.5969,69.5494],[-53.5947,69.5397],[-53.5914,69.5341],[-53.5939,69.5233],[-53.5964,69.5164],[-53.615,69.5003],[-53.6286,69.4905],[-53.6503,69.4811],[-53.6947,69.4683],[-53.7125,69.4636],[-53.7761,69.4517],[-53.7919,69.4511],[-53.8419,69.4583],[-53.8564,69.4617],[-53.8586,69.4661],[-53.8511,69.4705],[-53.7922,69.4897],[-53.7472,69.5039],[-53.7372,69.5089],[-53.7308,69.5155],[-53.7369,69.52],[-53.7494,69.5228],[-53.7644,69.52],[-53.82,69.5089],[-53.8719,69.4969],[-53.9389,69.4864],[-53.9494,69.485],[-53.9669,69.485],[-53.9919,69.4917],[-53.9969,69.4989],[-53.995,69.5042],[-53.9883,69.5108],[-53.9572,69.5253],[-53.9342,69.5339],[-53.8881,69.5508],[-53.8781,69.5558],[-53.87,69.5616],[-53.8656,69.5675],[-53.8681,69.5719],[-53.8722,69.5755],[-53.8894,69.5825],[-53.9406,69.6022],[-53.9514,69.6055],[-53.9689,69.6055],[-53.9819,69.6028],[-53.9903,69.5969],[-53.9889,69.5908],[-53.9786,69.5717],[-53.9772,69.5647],[-53.9847,69.5608],[-53.9942,69.5566],[-53.9986,69.5553],[-54.0261,69.5505],[-54.0714,69.5458],[-54.1128,69.5455],[-54.4606,69.558],[-54.4616,69.5581],[-54.4859,69.5636],[-54.5744,69.6089],[-54.6869,69.707],[-54.691,69.7513],[-54.6769,69.7514],[-54.6539,69.7489],[-54.645,69.7458],[-54.6297,69.7389],[-54.6236,69.7339],[-54.6136,69.723],[-54.6078,69.718],[-54.5975,69.7133],[-54.4247,69.6708],[-54.4114,69.6694],[-54.3964,69.6722],[-54.3894,69.6753],[-54.39,69.6789],[-54.4086,69.6872],[-54.4703,69.7142],[-54.6344,69.775],[-54.6475,69.7775],[-54.6689,69.7792],[-54.6937,69.7796],[-54.7114,69.9669],[-54.7067,69.9672],[-54.6831,69.9661],[-54.6133,69.9592],[-54.5717,69.9525],[-54.5131,69.943],[-54.4197,69.9292],[-54.3797,69.9239],[-54.3256,69.918],[-54.2503,69.9114],[-54.2294,69.913],[-54.2278,69.9172],[-54.2389,69.9253],[-54.2525,69.9314],[-54.2631,69.9347],[-54.3003,69.9425],[-54.4067,69.9583],[-54.4222,69.9603],[-54.4819,69.9617],[-54.4989,69.9644],[-54.5944,69.983],[-54.6092,69.9869],[-54.716,70.0164],[-54.7227,70.0869],[-54.5937,70.2402],[-54.4283,70.2482],[-54.1375,70.1875],[-53.6167,70.1578],[-53.0375,70.0366],[-52.7012,69.9154],[-52.6508,69.9069],[-52.6408,69.9044],[-52.5375,69.88],[-52.4917,69.8711],[-52.3737,69.8536],[-52.084,69.7725],[-51.9476,69.6965],[-51.96,69.6875],[-51.9703,69.6828],[-51.9817,69.68],[-51.9994,69.6803],[-52.02,69.6789],[-52.0267,69.6736],[-52.0139,69.6672],[-51.975,69.6566]]],[[[-50.5606,69.8658],[-50.4189,69.8658],[-50.4097,69.8611],[-50.4136,69.8578],[-50.4122,69.8564],[-50.4186,69.8492],[-50.4944,69.8153],[-50.5053,69.8105],[-50.5202,69.8081],[-50.5722,69.8658],[-50.5606,69.8658]]],[[[-55.4144,71.8967],[-55.41,71.8903],[-55.4167,71.8836],[-55.4256,71.8778],[-55.427,71.8769],[-55.4174,71.8982],[-55.4144,71.8967]]],[[[-55.2161,72.2453],[-55.225,72.2394],[-55.2303,72.2319],[-55.2442,72.2186],[-55.2803,72.195],[-55.3005,72.1852],[-55.3169,72.3209],[-55.3067,72.3236],[-55.1389,72.37],[-55.0989,72.3797],[-55.0842,72.3819],[-55.0494,72.3842],[-55.0319,72.3822],[-55.0153,72.3772],[-55.0094,72.3633],[-55.0297,72.2944],[-55.0325,72.293],[-55.1214,72.2744],[-55.1925,72.2542],[-55.205,72.2503],[-55.2161,72.2453]]],[[[-55.2506,72.5739],[-55.2331,72.5772],[-55.1847,72.5833],[-55.0767,72.5892],[-55.0417,72.59],[-55.0325,72.5897],[-55.0306,72.5889],[-55.0275,72.5847],[-55.0325,72.578],[-55.0564,72.5292],[-55.065,72.5253],[-55.0797,72.523],[-55.1864,72.5255],[-55.2133,72.5269],[-55.343,72.5368],[-55.3452,72.5549],[-55.2506,72.5739]]],[[[-55.0344,72.6897],[-55.0011,72.6858],[-54.9514,72.6772],[-54.9467,72.6722],[-54.9525,72.6572],[-55.0511,72.6186],[-55.0617,72.6147],[-55.075,72.6105],[-55.1081,72.6028],[-55.1319,72.6008],[-55.2539,72.5953],[-55.2622,72.5978],[-55.2167,72.6686],[-55.2097,72.6739],[-55.1967,72.6775],[-55.1214,72.6866],[-55.0825,72.6908],[-55.0344,72.6897]]],[[[-55.0939,72.7325],[-55.1022,72.7294],[-55.1397,72.7169],[-55.1569,72.7139],[-55.2147,72.7092],[-55.2322,72.7056],[-55.2453,72.7019],[-55.2697,72.6925],[-55.2856,72.6811],[-55.3551,72.6365],[-55.3661,72.7278],[-55.104,72.752],[-55.0735,72.7435],[-55.0939,72.7325]]],[[[-55.0396,72.7341],[-54.889,72.6923],[-55.0322,72.6953],[-55.0467,72.6997],[-55.0536,72.705],[-55.0625,72.7183],[-55.0575,72.725],[-55.0396,72.7341]]],[[[-66.8519,80.6258],[-66.8619,80.6296],[-66.7061,80.667],[-66.5333,80.6203],[-66.5317,80.6169],[-66.5428,80.6133],[-66.55,80.6111],[-66.5953,80.6086],[-66.6825,80.6066],[-66.7667,80.6069],[-66.7892,80.6103],[-66.8519,80.6258]]],[[[-56.5308,74.5305],[-56.4628,74.5042],[-56.4664,74.5008],[-56.4786,74.4955],[-56.5014,74.4929],[-56.5344,74.5314],[-56.5308,74.5305]]],[[[-55.3578,73.4186],[-55.3472,73.4147],[-55.3283,73.395],[-55.3306,73.3894],[-55.3689,73.3719],[-55.3788,73.3676],[-55.4254,73.4068],[-55.3753,73.4169],[-55.3625,73.4189],[-55.3578,73.4186]]],[[[-51.4689,81.9683],[-51.5756,81.9661],[-51.6389,81.9669],[-51.7431,81.9708],[-51.9344,81.9803],[-52.0769,81.9933],[-52.2483,82.0119],[-52.3089,82.0197],[-52.4181,82.0367],[-52.5442,82.0525],[-52.5797,82.0561],[-52.6158,82.0597],[-52.6622,82.0628],[-52.8406,82.0731],[-52.816,82.1301],[-52.3643,82.1205],[-51.4623,81.975],[-51.4374,81.9694],[-51.4689,81.9683]]],[[[-21.9681,74.2108],[-21.9886,74.2216],[-21.9908,74.2272],[-21.9894,74.233],[-21.9867,74.2397],[-21.9622,74.273],[-21.9547,74.2811],[-21.8661,74.3403],[-21.8414,74.3505],[-21.6803,74.3878],[-21.5964,74.4055],[-21.5575,74.413],[-21.3881,74.4405],[-21.3672,74.4439],[-21.3464,74.4464],[-21.2624,74.4525],[-21.1744,74.4539],[-21.0578,74.4528],[-20.9722,74.4461],[-20.9583,74.4428],[-20.9356,74.4236],[-20.9269,74.42],[-20.9122,74.4194],[-20.895,74.4216],[-20.8644,74.4283],[-20.8286,74.4292],[-20.8067,74.4286],[-20.5375,74.4028],[-20.5317,74.4014],[-20.4633,74.3669],[-20.4481,74.358],[-20.4344,74.3494],[-20.4328,74.3436],[-20.4344,74.3378],[-20.4425,74.3333],[-20.4603,74.3214],[-20.4636,74.3147],[-20.4642,74.3105],[-20.4628,74.3055],[-20.4278,74.2733],[-20.3264,74.2336],[-20.2592,74.2244],[-20.241,74.2225],[-20.5022,74.2274],[-21.0315,74.2666],[-21.7623,74.3055],[-21.9022,74.1997],[-21.9681,74.2108]]],[[[-19.0108,74.5428],[-19.1583,74.5503],[-19.2069,74.5728],[-19.2156,74.5775],[-19.22,74.5811],[-19.2178,74.5872],[-19.2047,74.5941],[-19.1878,74.6003],[-19.1208,74.6196],[-19.0709,74.6089],[-19.0032,74.5425],[-19.0108,74.5428]]],[[[-20.0844,74.7028],[-20.1892,74.7019],[-20.2322,74.7036],[-20.4508,74.7311],[-20.4711,74.7364],[-20.6844,74.8064],[-20.6878,74.8116],[-20.6842,74.8169],[-20.6689,74.828],[-20.6497,74.8372],[-20.6192,74.8466],[-20.5947,74.8575],[-20.5836,74.863],[-20.5742,74.8691],[-20.5689,74.875],[-20.5539,74.8986],[-20.5467,74.9105],[-20.5415,74.9261],[-20.424,74.8816],[-20.146,74.8416],[-19.9032,74.7695],[-20.0272,74.7161],[-20.0544,74.7078],[-20.0683,74.7044],[-20.0844,74.7028]]],[[[-20.4164,77.6247],[-20.4383,77.6289],[-20.4361,77.6347],[-20.4156,77.6408],[-20.3656,77.6525],[-20.2894,77.6683],[-20.2425,77.6769],[-20.1683,77.6858],[-20.1417,77.6883],[-20.1186,77.6878],[-20.1081,77.6839],[-20.1192,77.6697],[-20.1133,77.6533],[-20.0811,77.6264],[-20.0594,77.6297],[-20.0458,77.63],[-20.0267,77.6264],[-20.0259,77.6256],[-20.17,77.5984],[-20.1764,77.6017],[-20.2278,77.6183],[-20.2481,77.6239],[-20.2772,77.6291],[-20.3056,77.6325],[-20.3328,77.6322],[-20.3761,77.6264],[-20.3958,77.6247],[-20.4164,77.6247]]],[[[-19.2292,77.8297],[-19.235,77.8181],[-19.2428,77.8122],[-19.2592,77.8061],[-19.2811,77.8019],[-19.3519,77.8017],[-19.4622,77.8072],[-19.7758,77.8306],[-19.8622,77.8408],[-20.0636,77.8675],[-20.3575,77.9167],[-20.4036,77.9275],[-20.4658,77.9441],[-20.4794,77.9491],[-20.4908,77.9547],[-20.4836,77.9597],[-20.4628,77.9661],[-20.4364,77.9703],[-20.4275,77.9714],[-20.3872,77.9761],[-20.3644,77.9775],[-20.3414,77.9778],[-20.3066,77.9771],[-20.0191,77.9446],[-19.8319,77.908],[-19.7569,77.8925],[-19.7554,77.8922],[-19.7425,77.89],[-19.6989,77.8847],[-19.6753,77.883],[-19.61,77.8822],[-19.5594,77.8836],[-19.5103,77.887],[-19.3358,77.8672],[-19.2299,77.8385],[-19.2292,77.8297]]],[[[-40.4669,82.6825],[-40.4725,82.6864],[-40.4661,82.6905],[-40.4478,82.6947],[-40.4183,82.6969],[-40.3717,82.6991],[-40.2892,82.698],[-40.2481,82.6944],[-40.2208,82.6903],[-40.1781,82.6778],[-40.1575,82.6694],[-40.1631,82.6639],[-40.1744,82.6603],[-40.2139,82.6586],[-40.2556,82.6597],[-40.3664,82.6703],[-40.4058,82.6744],[-40.4669,82.6825]]],[[[-41.4828,83.165],[-41.4164,83.1708],[-41.3767,83.1722],[-41.3258,83.1728],[-41.1299,83.1721],[-40.2853,82.9867],[-40.4581,82.998],[-40.5956,83.0094],[-40.6292,83.0139],[-40.7975,83.0428],[-41.0519,83.0789],[-41.0792,83.0836],[-41.0939,83.0886],[-41.0994,83.0947],[-41.1381,83.1116],[-41.1783,83.1222],[-41.2075,83.1264],[-41.2847,83.1347],[-41.4114,83.1469],[-41.4464,83.1511],[-41.4825,83.1594],[-41.4828,83.165]]],[[[-38.1603,83.138],[-38.3186,83.1336],[-38.3589,83.1328],[-38.4611,83.1333],[-38.4665,83.1335],[-38.4521,83.17],[-38.4544,83.1736],[-38.2583,83.1747],[-38.2147,83.1747],[-38.1578,83.1733],[-38.0839,83.1697],[-38.0361,83.1658],[-38.0183,83.1603],[-38.0092,83.1525],[-38.0289,83.1455],[-38.0528,83.1422],[-38.1603,83.138]]],[[[-41.5939,83.2147],[-41.5975,83.2155],[-41.6039,83.2194],[-41.6064,83.2244],[-41.5983,83.2292],[-41.5916,83.2305],[-41.4002,83.2091],[-41.5367,83.2114],[-41.5939,83.2147]]],[[[-41.9606,83.2553],[-41.9594,83.2517],[-41.98,83.2489],[-42.0978,83.2422],[-42.1489,83.2414],[-42.2261,83.2427],[-41.9799,83.257],[-41.9606,83.2553]]]]}},{"type":"Feature","properties":{"NAME":"Hurrian Kingdoms","ABBREVN":"Hurrian Kingdoms","type":"kingdoms","weblnks":null,"SUBJECTO":"Hurrian Kingdoms","BORDERPRECISION":1,"PARTOF":"Hurrian Kingdoms"},"geometry":{"type":"MultiPolygon","coordinates":[[[[41.9761,37.6841],[42.2404,38.4518],[42.5989,38.4204],[42.8191,38.4204],[42.9134,38.3009],[43.2405,38.2883],[44.272,37.848],[45.5992,36.6655],[46.1967,36.3887],[46.5364,35.8478],[45.9263,35.3383],[45.6154,35.1628],[45.2406,35.4673],[43.2945,35.6686],[42.9419,36.4889],[42.0054,37.6808],[41.9761,37.6841]]]]}},{"type":"Feature","properties":{"NAME":null,"ABBREVN":null,"type":null,"weblnks":null,"SUBJECTO":null,"BORDERPRECISION":1,"PARTOF":null},"geometry":{"type":"MultiPolygon","coordinates":[[[[-6.3556,54.0122],[-6.3589,54.0094],[-6.3808,53.9536],[-6.3819,53.9494],[-6.3811,53.9244],[-6.4434,53.8994],[-6.335,53.786],[-6.1722,53.4392],[-6.1589,53.3829],[-6.1592,53.3828],[-6.2247,53.3539],[-6.2244,53.3517],[-6.2208,53.3422],[-6.1803,53.3075],[-6.1321,53.2695],[-6.0448,52.9004],[-6.0694,52.8658],[-6.1075,52.84],[-6.1175,52.8322],[-6.12,52.8289],[-6.1375,52.8017],[-6.1453,52.7875],[-6.1483,52.7792],[-6.1506,52.7661],[-6.1478,52.7383],[-6.1911,52.6958],[-6.1967,52.6894],[-6.2142,52.6675],[-6.2181,52.6603],[-6.2222,52.6433],[-6.2228,52.63],[-6.2214,52.6235],[-6.2321,52.6133],[-6.3409,52.4271],[-6.3471,52.4067],[-6.3619,52.3928],[-6.4597,52.3761],[-6.4667,52.3778],[-6.475,52.3744],[-6.4989,52.3561],[-6.4975,52.3519],[-6.4117,52.2858],[-6.4083,52.2842],[-6.3864,52.2784],[-6.406,52.2144],[-6.4892,52.1944],[-6.6168,52.2207],[-6.7643,52.2132],[-6.7894,52.2169],[-6.7946,52.2117],[-6.8939,52.2066],[-6.9083,52.1864],[-6.9131,52.203],[-6.9164,52.2092],[-6.9794,52.2767],[-6.9947,52.2828],[-6.9961,52.2822],[-6.9989,52.2761],[-6.9981,52.2725],[-6.9954,52.2698],[-6.9889,52.2642],[-6.9739,52.2336],[-6.9706,52.2219],[-6.9742,52.1681],[-6.9983,52.1408],[-7.0053,52.1361],[-7.0364,52.1328],[-7.1008,52.1289],[-7.1058,52.1306],[-7.1069,52.1342],[-7.1603,52.1503],[-7.3689,52.1342],[-7.435,52.1261],[-7.5789,52.1003],[-7.6203,52.0647],[-7.6019,52.063],[-7.576,52.0601],[-7.7506,52.0327],[-7.85,51.9749],[-7.8513,51.9768],[-7.8514,51.9741],[-7.8616,51.9681],[-8.1588,51.8396],[-8.2347,51.7978],[-8.239,51.8041],[-8.2415,51.8051],[-8.2438,51.8068],[-8.2443,51.8114],[-8.2267,51.8314],[-8.2222,51.8336],[-8.2069,51.8367],[-8.1811,51.8486],[-8.1756,51.8544],[-8.2106,51.8844],[-8.2867,51.8894],[-8.3658,51.8922],[-8.3828,51.8928],[-8.3859,51.8921],[-8.4153,51.8853],[-8.4211,51.8839],[-8.4294,51.8806],[-8.4283,51.8795],[-8.4267,51.8781],[-8.4194,51.8769],[-8.3994,51.8755],[-8.3719,51.8764],[-8.3578,51.8755],[-8.3461,51.8739],[-8.3411,51.8717],[-8.3347,51.8669],[-8.3043,51.8204],[-8.297,51.8037],[-8.2972,51.8012],[-8.297,51.7634],[-8.3913,51.7114],[-8.4178,51.7064],[-8.5242,51.6653],[-8.5414,51.6483],[-8.5575,51.6339],[-8.6042,51.6133],[-8.8478,51.5998],[-8.9691,51.5608],[-8.9839,51.5597],[-9.1122,51.5481],[-9.1636,51.5178],[-9.2261,51.4842],[-9.2342,51.4806],[-9.3528,51.4706],[-9.3667,51.4697],[-9.3783,51.4708],[-9.4547,51.5308],[-9.6383,51.5094],[-9.7036,51.47],[-9.7036,51.4672],[-9.7075,51.465],[-9.7169,51.4619],[-9.7681,51.4519],[-9.7981,51.4472],[-9.8075,51.4462],[-9.8175,51.4455],[-9.8175,51.4462],[-9.8132,51.4769],[-9.8008,51.4903],[-9.7747,51.5019],[-9.7167,51.5256],[-9.7025,51.5294],[-9.6797,51.5378],[-9.6706,51.5414],[-9.6536,51.5489],[-9.6497,51.5511],[-9.5939,51.5897],[-9.5919,51.61],[-9.6811,51.58],[-9.7853,51.5486],[-9.8039,51.5432],[-9.7997,51.5725],[-9.7792,51.5839],[-9.7453,51.5994],[-9.613,51.6422],[-9.607,51.6437],[-9.5506,51.6583],[-9.5253,51.6608],[-9.515,51.6633],[-9.4706,51.6764],[-9.4614,51.6808],[-9.4517,51.688],[-9.45,51.6908],[-9.4419,51.7128],[-9.4517,51.7247],[-9.5356,51.75],[-9.5486,51.72],[-9.5514,51.7172],[-9.6269,51.688],[-9.6301,51.6868],[-9.6608,51.6802],[-9.6671,51.6788],[-9.7775,51.6578],[-9.8052,51.654],[-9.8312,51.7826],[-9.7767,51.8008],[-9.5925,51.8647],[-9.5792,51.87],[-9.5775,51.8722],[-9.5836,51.8736],[-9.6422,51.8694],[-9.6883,51.8611],[-9.71,51.8564],[-9.9392,51.7994],[-10.0014,51.7837],[-10.1388,51.7675],[-10.1828,51.7858],[-10.1725,51.8122],[-10.1747,51.8205],[-10.1764,51.8242],[-10.1789,51.8269],[-10.2003,51.8458],[-10.2053,51.8472],[-10.2119,51.8478],[-10.2306,51.8456],[-10.2453,51.8411],[-10.2459,51.8407],[-10.2888,51.9627],[-10.2636,51.9881],[-10.2494,51.993],[-10.1239,52.0256],[-10.1017,52.0308],[-10.0911,52.0333],[-10.0569,52.0386],[-9.9867,52.05],[-9.8011,52.1228],[-9.7578,52.1486],[-9.7631,52.1506],[-9.8114,52.1525],[-9.8442,52.1519],[-9.8725,52.1514],[-9.8867,52.1506],[-9.9425,52.1447],[-10.025,52.1361],[-10.0539,52.1314],[-10.0931,52.1236],[-10.1847,52.1072],[-10.275,52.1083],[-10.33,52.1133],[-10.3658,52.1117],[-10.3817,52.1039],[-10.4003,52.0999],[-10.4638,52.1011],[-10.4656,52.1019],[-10.47,52.1075],[-10.4736,52.1292],[-10.4747,52.1456],[-10.4669,52.1767],[-10.4647,52.1797],[-10.4608,52.1822],[-10.4114,52.2054],[-9.8906,52.1944],[-9.8088,52.2373],[-9.7469,52.2433],[-9.7408,52.2447],[-9.7422,52.2478],[-9.7494,52.2531],[-9.7692,52.2642],[-9.7819,52.2653],[-9.7872,52.2644],[-9.7967,52.2688],[-9.784,52.3407],[-9.7428,52.4597],[-9.711,52.4867],[-9.504,52.5405],[-9.1926,52.5545],[-9.1743,52.5942],[-8.9839,52.6306],[-8.8183,52.6656],[-8.8489,52.69],[-8.9469,52.7236],[-9.0281,52.7306],[-9.0333,52.7192],[-9.0656,52.6886],[-9.0908,52.6672],[-9.1292,52.6353],[-9.1469,52.6228],[-9.1556,52.6192],[-9.1636,52.6174],[-9.1343,52.6809],[-9.6157,52.6366],[-9.4416,52.8333],[-9.4492,52.8397],[-9.4056,52.8864],[-9.3947,52.9267],[-9.4608,52.9269],[-9.4678,52.9275],[-9.4714,52.93],[-9.4736,52.9331],[-9.475,52.9369],[-9.4733,52.9406],[-9.3044,53.1154],[-9.1797,53.1174],[-9.1736,53.1139],[-9.1542,53.1069],[-9.0694,53.1172],[-9.0644,53.1193],[-8.997,53.1204],[-8.9536,53.1441],[-8.9442,53.1397],[-8.9381,53.1405],[-8.9347,53.1433],[-8.9353,53.1542],[-8.9236,53.1606],[-8.9369,53.1844],[-8.9411,53.2642],[-8.9603,53.2672],[-8.984,53.2687],[-9.0017,53.3004],[-9.0749,53.2631],[-9.1006,53.258],[-9.1678,53.2483],[-9.2022,53.2464],[-9.2176,53.2459],[-9.2974,53.2798],[-9.4407,53.2662],[-9.5706,53.325],[-9.5578,53.3355],[-9.5561,53.3392],[-9.555,53.3792],[-9.5633,53.3833],[-9.6481,53.3861],[-9.655,53.3858],[-9.6636,53.3817],[-9.6997,53.3614],[-9.7036,53.3556],[-9.7058,53.3456],[-9.8029,53.3454],[-9.8661,53.3083],[-9.9019,53.3147],[-9.9047,53.3172],[-9.9044,53.3219],[-9.8873,53.3508],[-9.8831,53.3538],[-9.8436,53.3686],[-9.8189,53.3714],[-9.8089,53.375],[-9.8003,53.3792],[-9.7894,53.3867],[-9.7847,53.3931],[-9.7861,53.3967],[-9.7972,53.4133],[-9.8061,53.4172],[-9.8136,53.4172],[-9.8817,53.4092],[-9.9213,53.3934],[-9.9223,53.3886],[-9.9233,53.3861],[-9.9252,53.3844],[-9.9592,53.3719],[-9.9664,53.3719],[-10.0131,53.3786],[-10.1336,53.4002],[-10.0211,53.5119],[-10.1348,53.5675],[-10.0702,53.5891],[-9.9581,53.6078],[-9.8761,53.6108],[-9.7994,53.5964],[-9.7889,53.5944],[-9.7811,53.5939],[-9.7047,53.595],[-9.6992,53.5958],[-9.6953,53.5986],[-9.6975,53.6025],[-9.7639,53.6019],[-9.7792,53.6025],[-9.7994,53.6047],[-9.8197,53.6108],[-9.8561,53.6247],[-9.8096,53.6324],[-9.8718,53.7664],[-9.8519,53.7694],[-9.8464,53.7703],[-9.6842,53.7842],[-9.6344,53.7833],[-9.63,53.7808],[-9.6244,53.7794],[-9.61,53.7789],[-9.5878,53.7844],[-9.5681,53.7953],[-9.5694,53.7994],[-9.5819,53.8006],[-9.5881,53.8019],[-9.6172,53.8119],[-9.6203,53.815],[-9.6142,53.8353],[-9.6103,53.8378],[-9.6017,53.8414],[-9.5892,53.843],[-9.5781,53.8458],[-9.5614,53.8597],[-9.5664,53.8908],[-9.5678,53.8947],[-9.6975,53.8967],[-9.7256,53.8958],[-9.7453,53.8951],[-9.7868,53.9135],[-9.785,53.9147],[-9.7847,53.9194],[-9.7878,53.9419],[-9.7914,53.9489],[-9.8289,53.9798],[-9.8533,53.9984],[-9.9358,54.0608],[-9.9386,54.1108],[-9.9264,54.1239],[-9.9488,54.1801],[-9.9507,54.1817],[-10.0061,54.2189],[-10.0131,54.2194],[-10.0172,54.2172],[-10.0836,54.1486],[-10.0717,54.1255],[-10.0644,54.0956],[-10.0644,54.0917],[-10.0669,54.0886],[-10.0786,54.0864],[-10.0864,54.0864],[-10.1058,54.0889],[-10.1167,54.0917],[-10.1244,54.0964],[-10.1275,54.0992],[-10.1289,54.1119],[-10.1222,54.1596],[-9.9888,54.2537],[-9.9489,54.2833],[-9.8858,54.2608],[-9.8842,54.2583],[-9.8942,54.2456],[-9.9056,54.2336],[-9.9239,54.2214],[-9.93,54.2203],[-9.9425,54.2183],[-9.9506,54.2186],[-9.9589,54.2222],[-9.9628,54.225],[-9.9672,54.2314],[-9.9711,54.2333],[-9.9767,54.2353],[-9.9828,54.2339],[-9.9839,54.2303],[-9.9831,54.2256],[-9.9794,54.2183],[-9.9742,54.2133],[-9.9625,54.2103],[-9.9203,54.2069],[-9.8981,54.2069],[-9.8928,54.2081],[-9.8889,54.2105],[-9.8711,54.2256],[-9.8519,54.2694],[-9.8469,54.3114],[-9.8483,54.3156],[-9.8483,54.3168],[-9.4743,54.2413],[-9.3229,54.2751],[-9.2081,54.2669],[-9.1981,54.2369],[-9.1506,54.1778],[-9.1318,54.1597],[-9.135,54.1719],[-9.1314,54.2008],[-9.0804,54.2576],[-8.5901,54.2028],[-8.6227,54.2573],[-8.62,54.2572],[-8.4781,54.273],[-8.4717,54.2739],[-8.5111,54.3225],[-8.5194,54.3261],[-8.5294,54.3292],[-8.5839,54.3394],[-8.5917,54.3397],[-8.6044,54.3381],[-8.6267,54.3331],[-8.6472,54.3311],[-8.6664,54.3378],[-8.6686,54.3417],[-8.6692,54.3453],[-8.6683,54.3494],[-8.6617,54.3553],[-8.6511,54.3622],[-8.457,54.4386],[-8.3648,54.4685],[-8.3483,54.47],[-8.2844,54.4733],[-8.2681,54.5194],[-8.2661,54.5242],[-8.2011,54.5731],[-8.17,54.5914],[-8.1883,54.6336],[-8.2123,54.6325],[-8.2115,54.6339],[-8.6894,54.6339],[-8.7028,54.6422],[-8.7486,54.648],[-8.7883,54.6575],[-8.7914,54.6597],[-8.794,54.6684],[-8.76,54.7014],[-8.5037,54.7496],[-8.4947,54.7927],[-8.4908,54.7936],[-8.3686,54.8319],[-8.3539,54.8394],[-8.3158,54.8697],[-8.3142,54.8728],[-8.3161,54.8764],[-8.3356,54.9011],[-8.3392,54.9036],[-8.3456,54.905],[-8.3525,54.9053],[-8.3719,54.9031],[-8.3833,54.9006],[-8.3819,54.8922],[-8.3786,54.8847],[-8.3814,54.8811],[-8.3861,54.88],[-8.3969,54.8828],[-8.4375,54.8969],[-8.456,54.9133],[-8.4416,54.9369],[-8.4,54.9335],[-8.3851,54.942],[-8.4029,54.9529],[-8.4245,54.965],[-8.3553,55.0789],[-8.3258,55.1023],[-8.286,55.1165],[-8.1817,55.1419],[-8.0222,55.1817],[-7.9987,55.2018],[-7.9671,55.2084],[-7.9459,55.1965],[-7.8997,55.1778],[-7.8726,55.1991],[-7.8593,55.2218],[-7.7935,55.2431],[-7.7962,55.22],[-7.8144,55.2031],[-7.8108,55.1765],[-7.7708,55.1836],[-7.7122,55.1587],[-7.7029,55.1458],[-7.6966,55.1289],[-7.7021,55.1107],[-7.705,55.0981],[-7.7039,55.0942],[-7.6967,55.093],[-7.6933,55.0953],[-7.6711,55.1358],[-7.6573,55.1168],[-7.5688,55.0796],[-7.575,55.0756],[-7.5983,55.0611],[-7.6167,55.0539],[-7.6364,55.0383],[-7.6831,54.9553],[-7.6833,54.9517],[-7.6814,54.9483],[-7.6633,54.9539],[-7.6442,54.9611],[-7.6083,54.9822],[-7.5758,55.005],[-7.5636,55.0122],[-7.5219,55.0283],[-7.5172,55.03],[-7.5067,55.0331],[-7.4778,55.0394],[-7.4714,55.0397],[-7.46,55.0425],[-7.4525,55.0475],[-7.4469,55.0536],[-7.4461,55.0578],[-7.4464,55.06],[-7.4275,55.0638],[-7.2255,55.1042],[-7.2117,55.1083],[-7.2525,55.0706],[-7.255,55.0475],[-7.2511,55.0461],[-7.095,55.0369],[-7.0736,55.0378],[-7.0642,55.0406],[-7.0553,55.0444],[-7.0475,55.0492],[-7.0292,55.0619],[-7.0197,55.0703],[-6.9942,55.1103],[-6.9669,55.1561],[-6.8897,55.1678],[-6.8247,55.1681],[-6.7303,55.1803],[-6.6256,55.2044],[-6.4543,55.1865],[-6.2793,55.1397],[-6.1165,55.1602],[-6.0413,55.1088],[-6.0425,55.1028],[-6.0494,55.0872],[-6.0361,55.0578],[-5.9442,54.9803],[-5.7849,54.7374],[-5.7805,54.721],[-5.7858,54.7197],[-5.8164,54.7105],[-5.8217,54.7089],[-5.8625,54.6919],[-5.8711,54.6875],[-5.8781,54.6825],[-5.8883,54.6747],[-5.8914,54.6714],[-5.9239,54.6339],[-5.925,54.6297],[-5.9083,54.6047],[-5.9047,54.6022],[-5.8983,54.6011],[-5.8872,54.6033],[-5.8831,54.6056],[-5.88,54.6086],[-5.8747,54.6197],[-5.8558,54.6375],[-5.8164,54.6555],[-5.8031,54.6614],[-5.7667,54.6683],[-5.7637,54.657],[-5.7999,54.5229],[-5.6615,54.3222],[-5.6979,54.2456],[-5.7306,54.2475],[-5.7461,54.2481],[-5.8225,54.2403],[-5.8275,54.2389],[-5.8556,54.2281],[-5.8639,54.2239],[-5.8731,54.2133],[-5.8739,54.205],[-5.8719,54.1975],[-5.8658,54.1878],[-5.865,54.1839],[-5.8639,54.1714],[-5.8653,54.1625],[-5.885,54.1164],[-5.8964,54.0994],[-5.9036,54.0942],[-5.9203,54.0858],[-5.9683,54.0639],[-6.0439,54.0314],[-6.0678,54.0278],[-6.075,54.0275],[-6.0819,54.0283],[-6.1083,54.0364],[-6.1708,54.0694],[-6.1772,54.075],[-6.1858,54.0875],[-6.1922,54.0933],[-6.1967,54.0953],[-6.2028,54.0967],[-6.267,54.0998],[-6.2708,54.0978],[-6.2697,54.0936],[-6.2408,54.0747],[-6.1706,54.0369],[-6.1583,54.0305],[-6.1453,54.0286],[-6.1339,54.0314],[-6.1286,54.0297],[-6.1053,54.0028],[-6.1033,53.9994],[-6.1031,53.9958],[-6.105,53.9922],[-6.1083,53.9892],[-6.1208,53.9828],[-6.1381,53.975],[-6.1486,53.9722],[-6.155,53.9722],[-6.1625,53.9728],[-6.2281,53.9878],[-6.2886,54.0044],[-6.3119,54.0094],[-6.3303,54.0131],[-6.3442,54.0144],[-6.3506,54.0139],[-6.3556,54.0122]],[[-6.5624,54.5146],[-6.4274,54.4994],[-6.3543,54.5022],[-6.3488,54.5247],[-6.2823,54.6038],[-6.2719,54.66],[-6.3179,54.7088],[-6.4586,54.7154],[-6.4884,54.7228],[-6.5114,54.6984],[-6.5413,54.6233],[-6.5847,54.56],[-6.5624,54.5146]]],[[[-9.8648,53.9515],[-9.8611,53.9515],[-9.8175,53.9414],[-9.8119,53.9397],[-9.8097,53.9367],[-9.8078,53.9289],[-9.8111,53.9261],[-9.8118,53.9247],[-9.8735,53.9521],[-9.8648,53.9515]]],[[[-7.7211,55.1947],[-7.7113,55.1738],[-7.7158,55.1711],[-7.738,55.1791],[-7.7535,55.1898],[-7.7882,55.2014],[-7.7917,55.212],[-7.7651,55.2307],[-7.7471,55.2402],[-7.7215,55.2051],[-7.7211,55.1947]]],[[[-10.1195,54],[-10.0692,54.0217],[-10.0631,54.0225],[-9.9742,54.0219],[-9.9681,54.0208],[-9.9642,54.0186],[-9.9406,53.9978],[-9.9361,53.9914],[-9.9286,53.9661],[-10.0789,53.9335],[-10.1522,53.9597],[-10.1742,53.9608],[-10.1744,53.9608],[-10.1703,54.0091],[-10.1589,54.0092],[-10.125,54.0017],[-10.1195,54]]],[[[-5.5552,55.4144],[-5.5359,55.3988],[-5.6203,55.3295],[-5.6982,55.3307],[-5.7362,55.4276],[-5.7275,55.4314],[-5.7211,55.4367],[-5.7189,55.4403],[-5.7164,55.4489],[-5.7181,55.515],[-5.7017,55.5886],[-5.6836,55.6293],[-5.5178,55.668],[-5.5045,55.583],[-5.5552,55.4144]]]]}},{"type":"Feature","properties":{"NAME":null,"ABBREVN":null,"type":null,"weblnks":null,"SUBJECTO":null,"BORDERPRECISION":1,"PARTOF":null},"geometry":{"type":"MultiPolygon","coordinates":[[[[33.9031,34.9642],[33.8992,34.9597],[33.8964,34.9556],[33.8948,34.9542],[33.8331,34.9561],[33.8303,34.9594],[33.8144,34.9658],[33.7903,34.9703],[33.7631,34.9728],[33.71,34.9742],[33.7053,34.9736],[33.6853,34.968],[33.6775,34.9656],[33.6675,34.9603],[33.6619,34.9556],[33.6497,34.9422],[33.6471,34.9373],[33.5385,34.9442],[33.4839,34.7958],[33.1932,34.7006],[33.1531,34.7025],[33.1336,34.7017],[33.1169,34.6986],[33.105,34.6953],[33.0667,34.6822],[33.0597,34.6792],[33.0471,34.6701],[32.9586,34.6593],[32.9145,34.6357],[32.9145,34.6334],[32.8991,34.6514],[32.8594,34.6661],[32.8311,34.6675],[32.7692,34.6569],[32.7611,34.6547],[32.7517,34.6489],[32.7444,34.6458],[32.74,34.645],[32.7139,34.6403],[32.6983,34.6422],[32.6547,34.6536],[32.6417,34.6572],[32.4919,34.7022],[32.4711,34.7131],[32.4075,34.7489],[32.4042,34.7508],[32.3428,34.86],[32.34,34.8667],[32.3233,34.9094],[32.2842,35.0156],[32.301,35.0163],[32.3471,35.0509],[32.3542,35.0464],[32.3692,35.0397],[32.3736,35.0386],[32.3786,35.0378],[32.3978,35.0394],[32.42,35.0431],[32.4281,35.0453],[32.4386,35.0503],[32.4603,35.0644],[32.4917,35.0942],[32.4961,35.0997],[32.5019,35.1092],[32.5158,35.1358],[32.5222,35.1444],[32.5311,35.1541],[32.597,35.1556],[32.745,35.1143],[32.7795,35.1529],[32.7814,35.1592],[32.8086,35.1483],[32.8205,35.1439],[32.8306,35.1422],[32.8397,35.1436],[32.8583,35.1506],[32.8828,35.1622],[32.8958,35.1697],[32.9019,35.1742],[32.9069,35.1794],[32.9128,35.1886],[32.9169,35.2],[32.9321,35.2636],[32.9392,35.3275],[32.9325,35.3402],[33.0775,35.3186],[33.3737,35.3065],[33.539,35.3317],[33.5788,35.343],[33.6317,35.3503],[33.6526,35.3541],[33.7098,35.3805],[33.7841,35.4017],[33.8072,35.4003],[33.8536,35.4031],[33.8711,35.4064],[33.9697,35.4361],[34.2922,35.5667],[34.3142,35.5756],[34.3367,35.5894],[34.3425,35.5992],[34.35,35.6069],[34.3603,35.6119],[34.3894,35.6239],[34.3961,35.6262],[34.4582,35.6446],[34.2447,35.5118],[34.0484,35.4079],[33.7805,35.2081],[33.7727,35.1293],[33.9115,34.9685],[33.9031,34.9642]]]]}},{"type":"Feature","properties":{"NAME":null,"ABBREVN":null,"type":null,"weblnks":null,"SUBJECTO":null,"BORDERPRECISION":1,"PARTOF":null},"geometry":{"type":"MultiPolygon","coordinates":[[[[24.1026,35.4884],[24.1039,35.4867],[24.1059,35.4856],[24.1742,35.4536],[24.1839,35.4511],[24.2269,35.4073],[24.2296,35.3913],[24.2441,35.3896],[24.2661,35.3672],[24.2719,35.3625],[24.285,35.3586],[24.3197,35.3517],[24.3344,35.3511],[24.3481,35.3517],[24.3661,35.3531],[24.4647,35.3619],[24.4842,35.3647],[24.4967,35.3667],[24.5886,35.3811],[24.6006,35.3836],[24.6081,35.3861],[24.6181,35.3914],[24.6294,35.4006],[24.7889,35.4089],[24.9633,35.4044],[25.0049,35.3942],[25.0136,35.3625],[25.0485,35.3561],[25.0486,35.3558],[25.05,35.3528],[25.055,35.3478],[25.0639,35.3447],[25.2014,35.3344],[25.2181,35.3343],[25.374,35.3179],[25.3985,35.3138],[25.4047,35.3078],[25.43,35.2944],[25.4453,35.2917],[25.4633,35.2925],[25.4901,35.2984],[25.5116,35.2948],[25.642,35.3388],[25.6581,35.3425],[25.6628,35.3425],[25.6892,35.3405],[25.7135,35.327],[25.6685,35.1868],[25.7234,35.1495],[25.7281,35.1419],[25.7567,35.1264],[25.78,35.1156],[25.7881,35.1122],[25.7975,35.1097],[25.8081,35.1081],[25.8158,35.11],[25.8281,35.1183],[25.8669,35.1522],[25.8961,35.1769],[26.0267,35.2244],[26.0306,35.2256],[26.04,35.2253],[26.0931,35.2167],[26.1119,35.2053],[26.2178,35.2406],[26.2482,35.2561],[26.236,35.2288],[26.2427,35.1449],[26.1605,35.0243],[25.8987,35.0453],[25.797,35.0217],[25.6551,35.0132],[25.5907,35.0164],[24.7541,34.9456],[24.7558,34.9503],[24.7628,35.0158],[24.7592,35.0331],[24.7561,35.0467],[24.7442,35.0711],[24.74,35.0764],[24.7231,35.0906],[24.6986,35.0967],[24.6936,35.0969],[24.6858,35.095],[24.6829,35.0947],[24.4829,35.1578],[24.3994,35.1869],[24.3856,35.1908],[24.3767,35.1913],[24.3244,35.2078],[24.0132,35.2104],[23.7856,35.2629],[23.5677,35.255],[23.5579,35.2588],[23.5211,35.2881],[23.52,35.3019],[23.5692,35.5267],[23.5825,35.5692],[23.583,35.5706],[23.61,35.5711],[23.61,35.5675],[23.6136,35.5269],[23.6161,35.5206],[23.6183,35.5178],[23.6492,35.4997],[23.6569,35.4964],[23.6667,35.4961],[23.7044,35.5019],[23.7189,35.5075],[23.725,35.5117],[23.7275,35.5144],[23.7319,35.5461],[23.7303,35.5632],[23.7269,35.5747],[23.7114,35.6042],[23.7081,35.6442],[23.7083,35.6483],[23.7094,35.6519],[23.7154,35.6623],[23.7337,35.6273],[23.7429,35.5618],[23.7833,35.559],[23.7844,35.5544],[23.7875,35.5483],[23.7925,35.5433],[23.7997,35.5403],[23.8436,35.5239],[23.8483,35.5225],[23.8586,35.5217],[23.9714,35.5147],[23.9956,35.5155],[24.0386,35.5287],[24.0429,35.5305],[24.0696,35.5481],[24.0713,35.5496],[24.0718,35.5516],[24.0833,35.5681],[24.0789,35.5736],[24.0775,35.5767],[24.0778,35.5806],[24.0792,35.5836],[24.085,35.5883],[24.1058,35.5957],[24.1527,35.5644],[24.1358,35.5224],[24.0915,35.5198],[24.0733,35.4962],[24.1026,35.4885],[24.1026,35.4884]]]]}},{"type":"Feature","properties":{"NAME":null,"ABBREVN":null,"type":null,"weblnks":null,"SUBJECTO":null,"BORDERPRECISION":1,"PARTOF":null},"geometry":{"type":"MultiPolygon","coordinates":[[[[25.7572,36.3939],[25.7751,36.4001],[25.7983,36.3892],[25.8569,36.3589],[25.8569,36.355],[25.855,36.3529],[25.8234,36.3474],[25.7786,36.3456],[25.7678,36.3469],[25.7389,36.355],[25.7317,36.3628],[25.7303,36.3661],[25.7303,36.3697],[25.7336,36.3775],[25.7572,36.3939]]],[[[25.4472,36.3292],[25.4203,36.339],[25.3848,36.3446],[25.4194,36.3625],[25.4301,36.3968],[25.4161,36.4304],[25.3914,36.4569],[25.3705,36.4636],[25.3692,36.4667],[25.3689,36.4703],[25.3719,36.4725],[25.3825,36.4772],[25.4003,36.4744],[25.4119,36.472],[25.4429,36.4533],[25.4508,36.4469],[25.4536,36.4444],[25.48,36.4161],[25.4864,36.4081],[25.4889,36.3978],[25.485,36.3592],[25.4692,36.3433],[25.4578,36.3336],[25.4472,36.3292]]],[[[24.8514,36.6411],[24.8425,36.6519],[24.8411,36.655],[24.8408,36.6589],[24.8439,36.6597],[24.8556,36.6619],[24.8597,36.6625],[24.8689,36.6614],[24.9383,36.6328],[24.9533,36.6214],[24.9547,36.6183],[24.9606,36.6038],[24.9552,36.5917],[24.9503,36.5906],[24.9456,36.5906],[24.9244,36.5933],[24.9153,36.5961],[24.8569,36.6364],[24.8514,36.6411]]],[[[25.1567,36.6755],[25.1353,36.6606],[25.1197,36.6503],[25.0997,36.6392],[25.0897,36.6339],[25.0769,36.6319],[25.0669,36.6339],[25.0636,36.6358],[25.0639,36.64],[25.1022,36.6933],[25.1414,36.7158],[25.1458,36.7167],[25.1767,36.7167],[25.1825,36.7038],[25.1567,36.6755]]],[[[24.3406,36.7331],[24.3439,36.7408],[24.3492,36.7461],[24.3528,36.7478],[24.5133,36.7675],[24.5269,36.7675],[24.5358,36.7647],[24.5481,36.7594],[24.5494,36.7564],[24.5506,36.7006],[24.5483,36.6917],[24.5482,36.6914],[24.5009,36.667],[24.4769,36.6628],[24.4465,36.6616],[24.3392,36.728],[24.3406,36.7331]]],[[[25.2792,36.7833],[25.3031,36.7892],[25.308,36.7883],[25.3261,36.7758],[25.4072,36.7178],[25.4083,36.7153],[25.3922,36.6611],[25.3894,36.6528],[25.3856,36.6517],[25.3676,36.6473],[25.3166,36.6754],[25.2586,36.7289],[25.2619,36.7628],[25.2642,36.7664],[25.2758,36.7814],[25.2792,36.7833]]],[[[24.6119,36.7817],[24.62,36.7881],[24.6239,36.7894],[24.6422,36.7889],[24.6456,36.7875],[24.6642,36.777],[24.6664,36.7743],[24.6703,36.7675],[24.6708,36.76],[24.6703,36.7558],[24.6686,36.7535],[24.6555,36.7468],[24.6486,36.7469],[24.6283,36.7494],[24.625,36.7514],[24.6206,36.7569],[24.6097,36.7783],[24.6119,36.7817]]],[[[24.5211,36.8239],[24.5228,36.8278],[24.5592,36.8483],[24.5625,36.8486],[24.5919,36.8339],[24.5992,36.8239],[24.595,36.8078],[24.5925,36.7989],[24.5778,36.7817],[24.5747,36.7794],[24.5586,36.7756],[24.5497,36.7747],[24.5444,36.7753],[24.5381,36.7797],[24.5317,36.7878],[24.5222,36.805],[24.5211,36.8122],[24.5211,36.8239]]],[[[25.8173,36.8289],[25.8576,36.8381],[25.8817,36.8574],[25.9619,36.8894],[25.9767,36.8742],[25.9206,36.8361],[25.8327,36.7833],[25.7511,36.7833],[25.7511,36.7941],[25.8173,36.8289]]],[[[24.6603,36.9797],[24.6546,36.9935],[24.6488,37.0143],[24.6865,37.0344],[24.7031,37.0297],[24.7067,37.0278],[24.7408,36.9917],[24.7453,36.9864],[24.7653,36.9583],[24.7667,36.9553],[24.7669,36.9514],[24.7658,36.9469],[24.7611,36.9408],[24.7535,36.9347],[24.6981,36.9126],[24.695,36.9156],[24.6831,36.9303],[24.6603,36.9797]]],[[[25.0544,37.0314],[25.0575,37.0336],[25.0608,37.0353],[25.0792,37.0425],[25.0839,37.0425],[25.0869,37.0405],[25.0767,36.9519],[25.0727,36.9456],[25.069,36.946],[25.0689,36.9461],[25.0272,36.9819],[25.025,36.9847],[25.0236,36.9991],[25.0242,37.0033],[25.0258,37.0072],[25.0342,37.0147],[25.0544,37.0314]]],[[[25.1203,36.9967],[25.1053,37.0117],[25.0992,37.0239],[25.0983,37.0275],[25.0989,37.0314],[25.11,37.0572],[25.1328,37.0933],[25.1514,37.1119],[25.1633,37.1217],[25.2236,37.1408],[25.2686,37.1386],[25.2844,37.1283],[25.2683,37.0528],[25.2642,37.0392],[25.2503,37.0083],[25.1914,36.9739],[25.1658,36.9794],[25.1525,36.9839],[25.1233,36.9942],[25.1203,36.9967]]],[[[25.5803,37.0155],[25.5696,36.9895],[25.5459,36.9597],[25.4547,36.9232],[25.4044,36.9701],[25.3471,37.0648],[25.343,37.0789],[25.3467,37.0864],[25.3497,37.0886],[25.4961,37.1864],[25.5031,37.19],[25.5069,37.1911],[25.5353,37.1978],[25.5394,37.1986],[25.5447,37.198],[25.5481,37.1961],[25.5656,37.1808],[25.5693,37.1766],[25.5893,37.1482],[25.5958,37.1358],[25.6006,37.1189],[25.6006,37.1153],[25.5994,37.1069],[25.5903,37.0572],[25.5872,37.0442],[25.5803,37.0155]]],[[[24.5092,37.1128],[24.5057,37.1117],[24.5011,37.1108],[24.495,37.1217],[24.4922,37.1239],[24.4603,37.1358],[24.4561,37.1361],[24.4394,37.1322],[24.439,37.1319],[24.4331,37.174],[24.4419,37.1842],[24.4504,37.1895],[24.5261,37.1248],[24.5092,37.1128]]],[[[24.3667,37.313],[24.3674,37.41],[24.3877,37.4487],[24.3986,37.4592],[24.404,37.4634],[24.4306,37.4423],[24.4306,37.4422],[24.4333,37.4397],[24.4378,37.4366],[24.4834,37.4004],[24.4833,37.398],[24.4817,37.3939],[24.4749,37.3858],[24.3673,37.3103],[24.3667,37.313]]],[[[24.8869,37.51],[24.8897,37.5125],[24.9097,37.5094],[24.925,37.505],[24.9333,37.5014],[24.9397,37.4964],[24.9442,37.4911],[24.9511,37.4753],[24.9717,37.4061],[24.9725,37.4028],[24.97,37.3997],[24.9558,37.3872],[24.9525,37.3856],[24.9009,37.3689],[24.8848,37.3679],[24.8953,37.4953],[24.8917,37.4972],[24.8894,37.5],[24.8878,37.5031],[24.8869,37.51]]],[[[25.3317,37.4955],[25.3494,37.5014],[25.378,37.4969],[25.4589,37.4451],[25.4578,37.4444],[25.3972,37.4207],[25.3497,37.4094],[25.3281,37.4178],[25.31,37.47],[25.3092,37.4733],[25.3103,37.4817],[25.3139,37.488],[25.3317,37.4955]]],[[[25.2317,37.5364],[25.2283,37.5344],[25.2058,37.5272],[25.1958,37.5275],[25.1683,37.5328],[25.1139,37.5511],[24.995,37.64],[24.9789,37.6625],[24.975,37.6719],[24.9758,37.6756],[24.9797,37.6767],[25.0106,37.6775],[25.0422,37.6767],[25.0539,37.6758],[25.0744,37.6525],[25.0831,37.6492],[25.1372,37.6447],[25.1824,37.6421],[25.2548,37.5797],[25.2317,37.5364]]],[[[24.3714,37.5855],[24.3658,37.5806],[24.3433,37.561],[24.2739,37.5438],[24.271,37.5718],[24.296,37.6513],[24.2983,37.655],[24.3008,37.6578],[24.3057,37.6615],[24.398,37.6671],[24.3883,37.6062],[24.3814,37.5969],[24.3714,37.5855]]],[[[24.7717,37.9957],[24.9828,37.8139],[24.9986,37.7678],[24.9989,37.7639],[24.9972,37.76],[24.9858,37.7336],[24.9603,37.6856],[24.9475,37.6931],[24.9167,37.7156],[24.9144,37.718],[24.8731,37.7664],[24.8306,37.8144],[24.7686,37.8711],[24.7656,37.8736],[24.7528,37.8783],[24.7369,37.8811],[24.7169,37.8733],[24.7133,37.8728],[24.6936,37.9269],[24.6924,37.9359],[24.7509,37.9919],[24.7717,37.9957]]]]}},{"type":"Feature","properties":{"NAME":null,"ABBREVN":null,"type":null,"weblnks":null,"SUBJECTO":null,"BORDERPRECISION":1,"PARTOF":null},"geometry":{"type":"MultiPolygon","coordinates":[[[[-4.1533,53.2256],[-4.2181,53.2003],[-4.3256,53.145],[-4.3514,53.1244],[-4.4022,53.1258],[-4.4789,53.1767],[-4.4944,53.1894],[-4.5675,53.2733],[-4.5692,53.3881],[-4.5669,53.3914],[-4.56,53.3967],[-4.4747,53.4186],[-4.4292,53.4244],[-4.4231,53.425],[-4.4161,53.425],[-4.3139,53.4119],[-4.2925,53.4075],[-4.2836,53.4033],[-4.2769,53.3983],[-4.27,53.3886],[-4.2222,53.3217],[-4.1269,53.3106],[-4.1222,53.3119],[-4.1158,53.3125],[-4.11,53.3122],[-4.06,53.3055],[-4.0467,53.3033],[-4.0464,53.2997],[-4.09,53.255],[-4.1014,53.2478],[-4.1533,53.2256]]]]}},{"type":"Feature","properties":{"NAME":null,"ABBREVN":null,"type":null,"weblnks":null,"SUBJECTO":null,"BORDERPRECISION":1,"PARTOF":null},"geometry":{"type":"MultiPolygon","coordinates":[[[[-5.1036,55.4386],[-5.1719,55.4294],[-5.2236,55.43],[-5.2317,55.4303],[-5.2369,55.4319],[-5.2833,55.4469],[-5.2928,55.4511],[-5.3403,55.475],[-5.3422,55.4772],[-5.3572,55.5042],[-5.4003,55.6006],[-5.4008,55.6089],[-5.4003,55.6178],[-5.3964,55.6289],[-5.3811,55.6686],[-5.3781,55.6717],[-5.3708,55.6769],[-5.33,55.6997],[-5.3256,55.7019],[-5.2953,55.7167],[-5.2656,55.7172],[-5.2519,55.7161],[-5.2392,55.7136],[-5.2283,55.7103],[-5.1983,55.6992],[-5.1853,55.6928],[-5.1681,55.6842],[-5.1603,55.6792],[-5.1547,55.6733],[-5.0853,55.5567],[-5.0839,55.5531],[-5.0747,55.4633],[-5.0744,55.4592],[-5.0758,55.4553],[-5.0789,55.4522],[-5.0933,55.4417],[-5.1036,55.4386]]]]}},{"type":"Feature","properties":{"NAME":null,"ABBREVN":null,"type":null,"weblnks":null,"SUBJECTO":null,"BORDERPRECISION":1,"PARTOF":null},"geometry":{"type":"MultiPolygon","coordinates":[[[[-6.1217,55.8789],[-6.1031,55.8111],[-6.1019,55.8072],[-6.0975,55.7967],[-6.0933,55.79],[-6.0883,55.7839],[-6.0756,55.7775],[-6.0594,55.7722],[-6.0522,55.7672],[-6.05,55.7642],[-6.0303,55.7206],[-6.0247,55.6808],[-6.0275,55.6778],[-6.0383,55.67],[-6.0767,55.65],[-6.2289,55.5922],[-6.2744,55.5728],[-6.3006,55.5769],[-6.3172,55.5817],[-6.3256,55.5867],[-6.3275,55.5894],[-6.3219,55.6153],[-6.3208,55.6189],[-6.2858,55.7072],[-6.2531,55.7636],[-6.2511,55.7672],[-6.2514,55.7714],[-6.2544,55.7747],[-6.2592,55.7767],[-6.2653,55.7778],[-6.3253,55.7814],[-6.3317,55.7814],[-6.3378,55.7803],[-6.3456,55.775],[-6.3483,55.7714],[-6.3525,55.7647],[-6.3564,55.758],[-6.3606,55.7503],[-6.3675,55.7408],[-6.3797,55.7281],[-6.3931,55.7172],[-6.4108,55.7039],[-6.4494,55.6803],[-6.4625,55.6739],[-6.4733,55.67],[-6.485,55.6686],[-6.4914,55.6694],[-6.5014,55.6733],[-6.505,55.6767],[-6.5092,55.6822],[-6.51,55.6906],[-6.5,55.7214],[-6.4953,55.7336],[-6.4497,55.8486],[-6.4417,55.8536],[-6.3697,55.8694],[-6.3097,55.8636],[-6.1922,55.9164],[-6.1631,55.9275],[-6.1419,55.9336],[-6.1367,55.9344],[-6.1294,55.9336],[-6.1219,55.9289],[-6.1186,55.9217],[-6.1228,55.895],[-6.1217,55.8789]]]]}},{"type":"Feature","properties":{"NAME":null,"ABBREVN":null,"type":null,"weblnks":null,"SUBJECTO":null,"BORDERPRECISION":1,"PARTOF":null},"geometry":{"type":"MultiPolygon","coordinates":[[[[-5.9469,55.83],[-5.9719,55.7883],[-6.0272,55.7917],[-6.0325,55.7931],[-6.0531,55.8003],[-6.0631,55.8039],[-6.0706,55.8083],[-6.0736,55.8117],[-6.0756,55.8156],[-6.0792,55.8267],[-6.0881,55.8775],[-6.0878,55.8817],[-6.0844,55.8942],[-6.0789,55.9055],[-5.9681,56.0236],[-5.9558,56.0305],[-5.9064,56.0583],[-5.9017,56.0608],[-5.8092,56.1097],[-5.755,56.1333],[-5.745,56.1375],[-5.7114,56.1503],[-5.7056,56.1508],[-5.6944,56.1472],[-5.685,56.1258],[-5.6844,56.1219],[-5.6844,56.1175],[-5.6861,56.1131],[-5.6908,56.1067],[-5.7025,56.0989],[-5.7081,56.0961],[-5.7169,56.0894],[-5.7303,56.078],[-5.7461,56.0636],[-5.7519,56.0569],[-5.8458,55.9494],[-5.9042,55.8825],[-5.9469,55.83]]]]}},{"type":"Feature","properties":{"NAME":null,"ABBREVN":null,"type":null,"weblnks":null,"SUBJECTO":null,"BORDERPRECISION":1,"PARTOF":null},"geometry":{"type":"MultiPolygon","coordinates":[[[[-7.4669,56.9408],[-7.4753,56.9408],[-7.5153,56.9431],[-7.5306,56.9442],[-7.5503,56.9475],[-7.5594,56.9514],[-7.5606,56.9556],[-7.56,56.9603],[-7.5536,56.9664],[-7.4456,57.0555],[-7.4397,57.0544],[-7.4186,57.0439],[-7.4147,57.0414],[-7.3781,56.9822],[-7.3761,56.9786],[-7.4347,56.945],[-7.4392,56.9428],[-7.4669,56.9408]]]]}},{"type":"Feature","properties":{"NAME":null,"ABBREVN":null,"type":null,"weblnks":null,"SUBJECTO":null,"BORDERPRECISION":1,"PARTOF":null},"geometry":{"type":"MultiPolygon","coordinates":[[[[-7.2231,57.3375],[-7.2311,57.3328],[-7.2461,57.3278],[-7.2522,57.3267],[-7.2589,57.3272],[-7.2853,57.3361],[-7.2881,57.3225],[-7.2592,57.1525],[-7.2147,57.1144],[-7.2153,57.1103],[-7.2258,57.0969],[-7.2303,57.0947],[-7.2656,57.1036],[-7.2872,57.1061],[-7.3033,57.1061],[-7.3336,57.1],[-7.3561,57.0992],[-7.3631,57.1],[-7.3814,57.1086],[-7.3867,57.1147],[-7.3925,57.125],[-7.3961,57.1319],[-7.4175,57.1825],[-7.4189,57.1867],[-7.4208,57.2183],[-7.425,57.3822],[-7.4222,57.3853],[-7.4122,57.3897],[-7.3681,57.4014],[-7.3356,57.3958],[-7.2858,57.3811],[-7.2719,57.3753],[-7.2672,57.3722],[-7.2244,57.3417],[-7.2231,57.3375]]]]}},{"type":"Feature","properties":{"NAME":null,"ABBREVN":null,"type":null,"weblnks":null,"SUBJECTO":null,"BORDERPRECISION":1,"PARTOF":null},"geometry":{"type":"MultiPolygon","coordinates":[[[[-7.2689,57.3989],[-7.2833,57.3975],[-7.3136,57.3997],[-7.3203,57.4014],[-7.3781,57.4203],[-7.3881,57.4239],[-7.4047,57.4419],[-7.4094,57.4483],[-7.41,57.4522],[-7.4064,57.4642],[-7.4042,57.4678],[-7.4003,57.4703],[-7.3578,57.4883],[-7.3511,57.4894],[-7.3006,57.4836],[-7.2761,57.4806],[-7.2442,57.4764],[-7.2047,57.4608],[-7.2025,57.4575],[-7.2022,57.4189],[-7.2044,57.415],[-7.2394,57.4036],[-7.2447,57.4022],[-7.2689,57.3989]]]]}},{"type":"Feature","properties":{"NAME":null,"ABBREVN":null,"type":null,"weblnks":null,"SUBJECTO":null,"BORDERPRECISION":1,"PARTOF":null},"geometry":{"type":"MultiPolygon","coordinates":[[[[-7.1886,57.6872],[-7.0753,57.6422],[-7.0675,57.6375],[-7.0658,57.6333],[-7.1475,57.515],[-7.1539,57.5094],[-7.1683,57.508],[-7.2336,57.5036],[-7.3147,57.5042],[-7.3214,57.5053],[-7.3261,57.5078],[-7.3275,57.5275],[-7.3253,57.5442],[-7.3478,57.5508],[-7.4117,57.5681],[-7.4556,57.5639],[-7.4678,57.5619],[-7.4769,57.5625],[-7.4861,57.5661],[-7.5364,57.5861],[-7.5403,57.5881],[-7.5433,57.5908],[-7.5433,57.5956],[-7.4914,57.6464],[-7.4839,57.6519],[-7.4728,57.655],[-7.4325,57.6533],[-7.275,57.6564],[-7.2711,57.6594],[-7.2447,57.6769],[-7.1972,57.6869],[-7.1886,57.6872]]]]}},{"type":"Feature","properties":{"NAME":null,"ABBREVN":null,"type":null,"weblnks":null,"SUBJECTO":null,"BORDERPRECISION":1,"PARTOF":null},"geometry":{"type":"MultiPolygon","coordinates":[[[[-7.0064,57.8814],[-7.0736,57.8778],[-7.0778,57.88],[-7.0767,57.8928],[-7.0736,57.8961],[-7.0328,57.9156],[-7.0275,57.9169],[-7.0072,57.9197],[-6.9994,57.92],[-6.9936,57.9186],[-6.9942,57.9139],[-6.9975,57.8908],[-6.9989,57.8872],[-7.0064,57.8814]]]]}},{"type":"Feature","properties":{"NAME":null,"ABBREVN":null,"type":null,"weblnks":null,"SUBJECTO":null,"BORDERPRECISION":1,"PARTOF":null},"geometry":{"type":"MultiPolygon","coordinates":[[[[-6.8022,58.203],[-6.8389,58.2019],[-6.8692,58.2039],[-6.8731,58.2064],[-6.8889,58.2444],[-6.89,58.2486],[-6.8897,58.2525],[-6.8817,58.2542],[-6.8603,58.2511],[-6.8542,58.25],[-6.8097,58.2286],[-6.7944,58.218],[-6.7914,58.2069],[-6.7944,58.2033],[-6.8022,58.203]]]]}},{"type":"Feature","properties":{"NAME":null,"ABBREVN":null,"type":null,"weblnks":null,"SUBJECTO":null,"BORDERPRECISION":1,"PARTOF":null},"geometry":{"type":"MultiPolygon","coordinates":[[[[-6.2042,58.3561],[-6.2325,58.3178],[-6.2797,58.2878],[-6.3239,58.2636],[-6.3283,58.2379],[-6.3284,58.2354],[-6.3276,58.2334],[-6.3253,58.2318],[-6.3218,58.2308],[-6.2851,58.2229],[-6.2813,58.2223],[-6.2769,58.2228],[-6.2736,58.2236],[-6.2654,58.2274],[-6.2208,58.2336],[-6.2086,58.2408],[-6.1725,58.2583],[-6.1678,58.2606],[-6.16,58.2597],[-6.1481,58.2561],[-6.1469,58.2528],[-6.1583,58.2183],[-6.1644,58.2122],[-6.1722,58.2069],[-6.2247,58.1836],[-6.2638,58.1766],[-6.3291,58.1828],[-6.3667,58.1586],[-6.3747,58.1356],[-6.3769,58.1319],[-6.3822,58.1297],[-6.4972,58.0975],[-6.5481,58.0919],[-6.6011,58.085],[-6.6203,58.0819],[-6.6192,58.0783],[-6.5947,58.0783],[-6.4969,58.0875],[-6.4203,58.1022],[-6.4103,58.1056],[-6.4025,58.1058],[-6.3961,58.1047],[-6.3906,58.0986],[-6.3539,58.0331],[-6.3567,58.03],[-6.3861,58.0092],[-6.4578,57.968],[-6.4739,57.9483],[-6.4728,57.9442],[-6.4739,57.9403],[-6.5381,57.9164],[-6.5442,57.915],[-6.5706,57.9114],[-6.5775,57.9108],[-6.6211,57.9144],[-6.6281,57.9153],[-6.6531,57.92],[-6.6622,57.9242],[-6.6664,57.9269],[-6.6919,57.9581],[-6.6986,57.9675],[-6.7047,57.9867],[-6.7069,57.9989],[-6.7061,58.0075],[-6.6975,58.0214],[-6.6944,58.0244],[-6.6628,58.0444],[-6.6592,58.0467],[-6.6528,58.0483],[-6.6294,58.0483],[-6.6219,58.0478],[-6.615,58.0461],[-6.5986,58.0453],[-6.5936,58.0464],[-6.5903,58.05],[-6.5953,58.0525],[-6.6003,58.0539],[-6.6078,58.0547],[-6.67,58.0581],[-6.6783,58.0583],[-6.6844,58.0575],[-6.6892,58.055],[-6.7614,57.9983],[-6.7258,57.9544],[-6.7228,57.9511],[-6.7189,57.9492],[-6.7053,57.9469],[-6.6964,57.9425],[-6.685,57.9344],[-6.6797,57.9283],[-6.6775,57.9256],[-6.6647,57.9006],[-6.6606,57.8847],[-6.6622,57.8806],[-6.7353,57.8258],[-6.9608,57.7275],[-6.9656,57.7256],[-6.9725,57.7247],[-6.9783,57.7258],[-6.9839,57.7283],[-7.12,57.8142],[-7.1231,57.8175],[-7.1244,57.8208],[-7.1267,57.8333],[-7.1253,57.8378],[-7.1183,57.8381],[-7.1039,57.8367],[-7.0922,57.8328],[-7.0836,57.8247],[-7.0658,57.8208],[-7.0289,57.8322],[-6.8303,57.9008],[-6.8342,57.9036],[-6.8794,57.9325],[-6.935,57.9497],[-6.9461,57.9528],[-6.985,57.9594],[-6.9928,57.9592],[-7.0219,57.9519],[-7.0297,57.9522],[-7.0356,57.9533],[-7.0753,57.9625],[-7.1128,57.9839],[-7.1139,57.9872],[-7.0842,58.008],[-7.0556,58.0203],[-7.0578,58.0364],[-7.0939,58.0705],[-7.1267,58.1233],[-7.1283,58.1303],[-7.1281,58.1347],[-7.0944,58.1819],[-7.0592,58.2203],[-7.0556,58.2233],[-7.0406,58.2333],[-7.0319,58.2381],[-7.0081,58.2353],[-7.0011,58.2344],[-6.9197,58.2161],[-6.9081,58.2128],[-6.9058,58.2097],[-6.9081,58.2061],[-6.9203,58.2036],[-6.9361,58.188],[-6.8742,58.1111],[-6.8681,58.1061],[-6.8619,58.1039],[-6.86,58.1081],[-6.8733,58.1786],[-6.8052,58.1959],[-6.7504,58.1852],[-6.7447,58.1972],[-6.7866,58.2294],[-6.8081,58.2597],[-6.8178,58.28],[-6.8156,58.2847],[-6.7978,58.3022],[-6.6731,58.3492],[-6.6583,58.3494],[-6.6522,58.3486],[-6.6469,58.3419],[-6.5603,58.3597],[-6.5503,58.3633],[-6.3553,58.4575],[-6.3106,58.4792],[-6.2928,58.4883],[-6.2769,58.5083],[-6.2722,58.5106],[-6.2669,58.5125],[-6.2597,58.5128],[-6.2531,58.5117],[-6.2444,58.5086],[-6.2347,58.5042],[-6.2233,58.4964],[-6.1661,58.4253],[-6.1658,58.4206],[-6.2042,58.3561]]]]}},{"type":"Feature","properties":{"NAME":null,"ABBREVN":null,"type":null,"weblnks":null,"SUBJECTO":null,"BORDERPRECISION":1,"PARTOF":null},"geometry":{"type":"MultiPolygon","coordinates":[[[[-2.9183,58.7319],[-2.9394,58.73],[-2.9481,58.7306],[-2.9578,58.7347],[-2.9706,58.7419],[-2.98,58.7503],[-3.0369,58.8181],[-3.0336,58.8208],[-3.0289,58.8231],[-3.01,58.8317],[-3.0044,58.8331],[-2.9747,58.8353],[-2.9161,58.8389],[-2.8992,58.8383],[-2.8942,58.8369],[-2.8864,58.8319],[-2.8778,58.8242],[-2.8767,58.8203],[-2.9139,58.7339],[-2.9183,58.7319]]]]}},{"type":"Feature","properties":{"NAME":null,"ABBREVN":null,"type":null,"weblnks":null,"SUBJECTO":null,"BORDERPRECISION":1,"PARTOF":null},"geometry":{"type":"MultiPolygon","coordinates":[[[[-3.2314,58.7756],[-3.2889,58.7756],[-3.2958,58.7761],[-3.3008,58.7781],[-3.4311,58.8714],[-3.4331,58.8747],[-3.4331,58.8789],[-3.4181,58.9042],[-3.4122,58.9106],[-3.3981,58.9172],[-3.3492,58.9269],[-3.3356,58.9275],[-3.2331,58.8872],[-3.2283,58.885],[-3.2147,58.8742],[-3.1364,58.8042],[-3.1347,58.8008],[-3.1369,58.7867],[-3.1417,58.7847],[-3.1603,58.7811],[-3.1808,58.7792],[-3.2314,58.7756]]]]}},{"type":"Feature","properties":{"NAME":null,"ABBREVN":null,"type":null,"weblnks":null,"SUBJECTO":null,"BORDERPRECISION":1,"PARTOF":null},"geometry":{"type":"MultiPolygon","coordinates":[[[[-2.7931,58.9514],[-2.7558,58.9178],[-2.8244,58.8789],[-2.8692,58.8933],[-2.97,58.9394],[-3.0083,58.94],[-3.0572,58.9358],[-3.1106,58.9281],[-3.1197,58.9233],[-3.1197,58.9192],[-3.1722,58.9108],[-3.1883,58.91],[-3.195,58.9111],[-3.3033,58.9458],[-3.3133,58.95],[-3.3456,58.9658],[-3.3611,58.9922],[-3.3631,58.9956],[-3.3681,59.01],[-3.3681,59.0142],[-3.3514,59.1064],[-3.3503,59.11],[-3.3175,59.1294],[-3.2778,59.14],[-3.2722,59.1414],[-3.2389,59.1461],[-3.2189,59.1486],[-3.2025,59.1486],[-3.1958,59.1472],[-3.0769,59.1217],[-3.0731,59.1192],[-2.9983,59.0697],[-2.9953,59.0667],[-2.9958,59.0558],[-2.9472,58.9983],[-2.8522,58.9756],[-2.7931,58.9514]]]]}},{"type":"Feature","properties":{"NAME":null,"ABBREVN":null,"type":null,"weblnks":null,"SUBJECTO":null,"BORDERPRECISION":1,"PARTOF":null},"geometry":{"type":"MultiPolygon","coordinates":[[[[-2.6814,59.1958],[-2.6858,59.1842],[-2.6897,59.1867],[-2.6917,59.19],[-2.6936,59.1975],[-2.6925,59.2103],[-2.6906,59.2144],[-2.6844,59.2208],[-2.5928,59.2906],[-2.5556,59.3031],[-2.5344,59.305],[-2.4144,59.3136],[-2.4072,59.3139],[-2.4022,59.3128],[-2.4,59.3103],[-2.3972,59.3033],[-2.3903,59.2831],[-2.39,59.2797],[-2.4956,59.245],[-2.5708,59.2422],[-2.5772,59.2422],[-2.6206,59.2361],[-2.625,59.2336],[-2.6814,59.1958]]]]}},{"type":"Feature","properties":{"NAME":null,"ABBREVN":null,"type":null,"weblnks":null,"SUBJECTO":null,"BORDERPRECISION":1,"PARTOF":null},"geometry":{"type":"MultiPolygon","coordinates":[[[[-2.89,59.2953],[-2.8497,59.2681],[-2.8531,59.2494],[-2.8775,59.2286],[-2.8731,59.2519],[-2.8731,59.2561],[-2.8769,59.2586],[-2.9367,59.2836],[-2.9586,59.2878],[-2.9656,59.2881],[-2.9719,59.2872],[-2.9764,59.2847],[-2.9742,59.2814],[-2.9769,59.2728],[-2.9881,59.2642],[-2.9922,59.2617],[-2.9992,59.2611],[-3.0033,59.2636],[-3.0283,59.285],[-3.0736,59.3242],[-3.0756,59.3275],[-3.0764,59.3314],[-3.0717,59.3314],[-3.0489,59.3292],[-2.8972,59.2997],[-2.89,59.2953]]]]}},{"type":"Feature","properties":{"NAME":null,"ABBREVN":null,"type":null,"weblnks":null,"SUBJECTO":null,"BORDERPRECISION":1,"PARTOF":null},"geometry":{"type":"MultiPolygon","coordinates":[[[[-1.2961,60.4911],[-1.2867,60.4711],[-1.1639,60.4544],[-1.0414,60.4469],[-1.0372,60.4442],[-1.0378,60.44],[-1.0661,60.3581],[-1.1011,60.2758],[-1.1642,60.2583],[-1.1658,60.2619],[-1.1869,60.2697],[-1.195,60.2708],[-1.1989,60.2678],[-1.2006,60.2633],[-1.1981,60.2558],[-1.1856,60.2306],[-1.1806,60.225],[-1.1575,60.1947],[-1.1261,60.1517],[-1.1256,60.1478],[-1.1286,60.1442],[-1.1467,60.1319],[-1.1531,60.133],[-1.1631,60.1375],[-1.1706,60.1372],[-1.1872,60.1272],[-1.2122,60.1028],[-1.2206,60.0225],[-1.2603,59.8622],[-1.2625,59.8583],[-1.2686,59.8511],[-1.3069,59.8575],[-1.3719,59.8917],[-1.3781,59.9022],[-1.3778,59.9064],[-1.3317,59.9969],[-1.33,60],[-1.3264,60.0044],[-1.3225,60.0075],[-1.3164,60.0089],[-1.3114,60.0067],[-1.3081,60.0089],[-1.3058,60.0128],[-1.2683,60.0936],[-1.2631,60.1069],[-1.2611,60.1158],[-1.2603,60.1242],[-1.2617,60.1308],[-1.285,60.22],[-1.2914,60.2414],[-1.4033,60.2558],[-1.4103,60.255],[-1.4142,60.2519],[-1.4103,60.2494],[-1.3875,60.2372],[-1.3636,60.2297],[-1.3531,60.2089],[-1.3583,60.1925],[-1.4486,60.1511],[-1.4536,60.1525],[-1.4906,60.1678],[-1.5203,60.1814],[-1.5272,60.1869],[-1.5278,60.1908],[-1.5267,60.1944],[-1.5197,60.2011],[-1.5889,60.2158],[-1.6478,60.2247],[-1.655,60.2261],[-1.6647,60.2308],[-1.6744,60.2394],[-1.6781,60.2464],[-1.6931,60.2797],[-1.6928,60.2839],[-1.6914,60.2883],[-1.6669,60.2997],[-1.6553,60.3031],[-1.6283,60.3072],[-1.5967,60.3081],[-1.5897,60.3064],[-1.4747,60.315],[-1.4458,60.3186],[-1.4269,60.3214],[-1.3458,60.34],[-1.3203,60.3564],[-1.4458,60.4605],[-1.5022,60.4697],[-1.5536,60.4756],[-1.5583,60.4731],[-1.565,60.4731],[-1.6097,60.4742],[-1.6117,60.4767],[-1.61,60.4814],[-1.5931,60.5078],[-1.5469,60.5358],[-1.4161,60.605],[-1.4106,60.6069],[-1.3019,60.6367],[-1.2958,60.6347],[-1.2942,60.6311],[-1.2875,60.6133],[-1.2961,60.4911]]]]}},{"type":"Feature","properties":{"NAME":null,"ABBREVN":null,"type":null,"weblnks":null,"SUBJECTO":null,"BORDERPRECISION":1,"PARTOF":null},"geometry":{"type":"MultiPolygon","coordinates":[[[[-1.0294,60.4958],[-1.1047,60.4856],[-1.1275,60.4864],[-1.14,60.4894],[-1.1428,60.4925],[-1.1703,60.5272],[-1.1825,60.595],[-1.1836,60.6028],[-1.1814,60.6236],[-1.1794,60.6325],[-1.1772,60.6367],[-1.11,60.7258],[-1.0986,60.73],[-1.0925,60.7314],[-1.0847,60.7317],[-1.0569,60.7308],[-0.9967,60.7247],[-0.9911,60.72],[-0.9825,60.6555],[-0.9828,60.6514],[-1.0178,60.5194],[-1.0192,60.515],[-1.0233,60.5031],[-1.0256,60.4989],[-1.0294,60.4958]]]]}},{"type":"Feature","properties":{"NAME":null,"ABBREVN":null,"type":null,"weblnks":null,"SUBJECTO":null,"BORDERPRECISION":1,"PARTOF":null},"geometry":{"type":"MultiPolygon","coordinates":[[[[-0.8197,60.6889],[-0.835,60.6733],[-0.9356,60.6744],[-0.9586,60.6825],[-0.9656,60.688],[-0.9597,60.7114],[-0.9389,60.7944],[-0.8831,60.8422],[-0.8783,60.8444],[-0.8061,60.8406],[-0.7728,60.8311],[-0.7678,60.8289],[-0.7581,60.8178],[-0.7572,60.8139],[-0.7636,60.7933],[-0.8197,60.6889]]]]}},{"type":"Feature","properties":{"NAME":null,"ABBREVN":null,"type":null,"weblnks":null,"SUBJECTO":null,"BORDERPRECISION":1,"PARTOF":null},"geometry":{"type":"MultiPolygon","coordinates":[[[[-6.6553,61.3894],[-6.6603,61.3883],[-6.6681,61.3894],[-6.7192,61.4075],[-6.8458,61.468],[-6.9583,61.5986],[-6.9628,61.6192],[-6.96,61.6228],[-6.9447,61.6367],[-6.9264,61.6414],[-6.9122,61.6436],[-6.8894,61.645],[-6.7289,61.5758],[-6.7244,61.5733],[-6.7094,61.5583],[-6.6553,61.4331],[-6.6417,61.4008],[-6.6422,61.3972],[-6.6553,61.3894]]],[[[-6.6042,61.8217],[-6.63,61.7611],[-6.6389,61.7505],[-6.6522,61.7428],[-6.7047,61.7775],[-6.8361,61.8178],[-6.8411,61.8175],[-6.8661,61.8375],[-6.9089,61.9011],[-6.9083,61.9047],[-6.9047,61.9078],[-6.8644,61.9075],[-6.8558,61.9069],[-6.7833,61.8969],[-6.7769,61.8953],[-6.6614,61.8589],[-6.6522,61.8539],[-6.6042,61.8261],[-6.6042,61.8217]]],[[[-7.0497,62.0678],[-7.055,62.0603],[-7.0628,62.0494],[-7.1653,62.0236],[-7.1858,62.0197],[-7.2017,62.0186],[-7.1917,62.0311],[-7.1922,62.0397],[-7.1936,62.0433],[-7.1983,62.05],[-7.2119,62.0575],[-7.2267,62.0644],[-7.2325,62.0647],[-7.2333,62.0603],[-7.2511,62.0428],[-7.3456,62.0522],[-7.3522,62.0539],[-7.3781,62.065],[-7.3817,62.0681],[-7.4311,62.1161],[-7.4339,62.1236],[-7.4344,62.1278],[-7.435,62.1403],[-7.4336,62.1436],[-7.4264,62.1447],[-7.2311,62.16],[-7.2233,62.1594],[-7.1631,62.1288],[-7.0561,62.0986],[-7.045,62.0944],[-7.0414,62.0914],[-7.0403,62.0878],[-7.0411,62.0831],[-7.0497,62.0678]]],[[[-6.7069,61.9375],[-6.7178,61.9333],[-6.7253,61.9344],[-6.7731,61.95],[-6.8692,61.9975],[-6.9611,62.0467],[-7.0346,62.1121],[-7.1303,62.1256],[-7.2322,62.1725],[-7.2347,62.1758],[-7.235,62.18],[-7.2336,62.1933],[-7.2328,62.1981],[-7.2108,62.2847],[-7.1956,62.3047],[-7.1922,62.3078],[-7.135,62.3039],[-7.1281,62.3022],[-7.0875,62.2908],[-7.0706,62.2847],[-7.0658,62.2822],[-7.0625,62.2792],[-7.0575,62.2725],[-7.0522,62.2575],[-7.045,62.2433],[-7.0425,62.24],[-7.0367,62.2336],[-6.9908,62.1931],[-6.9739,62.1825],[-6.9458,62.1681],[-6.9164,62.1539],[-6.8414,62.1244],[-6.735,62.0436],[-6.7247,62.035],[-6.7189,62.0286],[-6.6964,61.9794],[-6.6961,61.9753],[-6.7025,61.9403],[-6.7069,61.9375]]],[[[-6.62,62.2297],[-6.6236,62.2267],[-6.6322,62.2275],[-6.6581,62.2344],[-6.6814,62.2425],[-6.6858,62.245],[-6.7117,62.2939],[-6.7208,62.3314],[-6.6322,62.2592],[-6.6256,62.2533],[-6.6203,62.2381],[-6.6192,62.2344],[-6.62,62.2297]]],[[[-6.6575,62.0925],[-6.6575,62.0558],[-6.6697,62.0586],[-6.7528,62.0928],[-6.9219,62.1672],[-6.9481,62.1825],[-6.9642,62.1933],[-7.0111,62.2264],[-7.025,62.2378],[-7.0294,62.2444],[-7.0625,62.2958],[-7.0603,62.3136],[-6.9581,62.3392],[-6.9503,62.3381],[-6.9381,62.3342],[-6.8072,62.2903],[-6.735,62.26],[-6.6011,62.1969],[-6.5978,62.1942],[-6.5881,62.1342],[-6.6497,62.1025],[-6.6542,62.0997],[-6.6569,62.0961],[-6.6575,62.0925]]],[[[-6.4186,62.1839],[-6.5181,62.1689],[-6.5272,62.1739],[-6.5556,62.1969],[-6.5725,62.2117],[-6.5819,62.225],[-6.5881,62.2397],[-6.5509,62.251],[-6.549,62.3009],[-6.5744,62.3499],[-6.5417,62.3575],[-6.5367,62.3425],[-6.5222,62.3181],[-6.4928,62.2914],[-6.4889,62.2883],[-6.43,62.2689],[-6.3978,62.26],[-6.3922,62.258],[-6.3889,62.255],[-6.3886,62.2508],[-6.3897,62.2461],[-6.4072,62.1917],[-6.4086,62.1886],[-6.4122,62.1853],[-6.4186,62.1839]]],[[[-6.5858,62.2564],[-6.595,62.2561],[-6.6083,62.2586],[-6.6131,62.2611],[-6.62,62.2669],[-6.6644,62.3225],[-6.6681,62.3297],[-6.6683,62.3339],[-6.6667,62.3472],[-6.6658,62.3519],[-6.6608,62.3725],[-6.6547,62.3742],[-6.6458,62.3742],[-6.6381,62.3731],[-6.6322,62.3708],[-6.5736,62.3064],[-6.5664,62.2964],[-6.5614,62.2814],[-6.5611,62.2769],[-6.5617,62.2733],[-6.5656,62.2653],[-6.5725,62.2589],[-6.5858,62.2564]]],[[[-6.4061,62.2844],[-6.415,62.2844],[-6.4228,62.2856],[-6.4803,62.2978],[-6.4886,62.3075],[-6.5469,62.3836],[-6.5453,62.3869],[-6.5308,62.3942],[-6.5253,62.3961],[-6.5192,62.3969],[-6.4983,62.3864],[-6.4892,62.3814],[-6.3917,62.2969],[-6.4061,62.2844]]]]}},{"type":"Feature","properties":{"NAME":null,"ABBREVN":null,"type":null,"weblnks":null,"SUBJECTO":null,"BORDERPRECISION":1,"PARTOF":null},"geometry":{"type":"MultiPolygon","coordinates":[[[[-4.7778,54.0555],[-4.7839,54.0569],[-4.7875,54.0594],[-4.7886,54.063],[-4.7886,54.0672],[-4.7139,54.2144],[-4.7103,54.2172],[-4.6989,54.2192],[-4.6458,54.2381],[-4.6414,54.24],[-4.625,54.2489],[-4.6181,54.2542],[-4.6019,54.2678],[-4.5958,54.2739],[-4.5881,54.2836],[-4.5781,54.2969],[-4.5547,54.3311],[-4.5533,54.3353],[-4.5528,54.3439],[-4.5414,54.3561],[-4.5275,54.3672],[-4.485,54.3872],[-4.4431,54.398],[-4.3681,54.4167],[-4.3603,54.4161],[-4.3542,54.4108],[-4.3528,54.4092],[-4.3083,54.3006],[-4.3075,54.2969],[-4.3094,54.2933],[-4.3217,54.2767],[-4.3861,54.1955],[-4.3944,54.1864],[-4.4706,54.1375],[-4.4911,54.1267],[-4.5506,54.0978],[-4.6239,54.0686],[-4.6844,54.0769],[-4.6906,54.0783],[-4.7047,54.0797],[-4.7208,54.0761],[-4.7778,54.0555]]]]}},{"type":"Feature","properties":{"NAME":"Namazga","ABBREVN":"Namazga","type":null,"weblnks":null,"SUBJECTO":"Namazga","BORDERPRECISION":1,"PARTOF":"Namazga"},"geometry":{"type":"MultiPolygon","coordinates":[[[[59.092,38.4646],[60.8396,38.4886],[61.738,38.693],[62.5839,38.2843],[62.0974,37.0204],[61.6069,36.8237],[60.3945,36.3376],[58.8436,36.7772],[58.4162,37.764],[59.092,38.4646]]]]}},{"type":"Feature","properties":{"NAME":null,"ABBREVN":null,"type":null,"weblnks":null,"SUBJECTO":null,"BORDERPRECISION":1,"PARTOF":null},"geometry":{"type":"MultiPolygon","coordinates":[[[[-0.9606,50.7744],[-0.9728,50.7761],[-1.0112,50.7836],[-1.0221,50.7875],[-1.0217,50.7894],[-1.0189,50.7919],[-0.9758,50.8303],[-0.9708,50.8308],[-0.9644,50.8297],[-0.9492,50.8225],[-0.9464,50.8194],[-0.9361,50.7805],[-0.9383,50.7775],[-0.9606,50.7744]]],[[[0.8992,51.3572],[0.8853,51.3583],[0.7875,51.3694],[0.7811,51.3706],[0.7661,51.3758],[0.7594,51.3808],[0.7551,51.385],[0.8043,51.3783],[0.9352,51.367],[0.9047,51.3581],[0.8992,51.3572]]],[[[-2.9283,53.3022],[-2.8997,53.2892],[-2.8825,53.2853],[-2.8622,53.2828],[-2.7764,53.2925],[-2.755,53.3031],[-2.7514,53.3055],[-2.7025,53.3464],[-2.7008,53.3503],[-2.7044,53.3525],[-2.7119,53.3533],[-2.7175,53.3525],[-2.7653,53.3411],[-2.7736,53.3375],[-2.7767,53.3344],[-2.7789,53.3311],[-2.8536,53.3205],[-2.8611,53.3211],[-2.8736,53.3242],[-2.8831,53.3272],[-2.9539,53.3603],[-2.9639,53.3678],[-2.99,53.398],[-3.0567,53.5136],[-3.0226,53.6494],[-2.9822,53.6906],[-2.9786,53.6936],[-2.9742,53.6955],[-2.9422,53.7081],[-2.9022,53.7206],[-2.8989,53.7231],[-2.8975,53.7267],[-2.9006,53.7297],[-2.9042,53.7317],[-2.9103,53.7331],[-2.9244,53.7344],[-2.9394,53.7347],[-2.9661,53.7336],[-2.9928,53.7328],[-3.0013,53.7342],[-2.9795,53.8209],[-2.8653,54.0283],[-2.867,54.0396],[-2.8336,54.085],[-2.8175,54.1428],[-2.8136,54.2228],[-2.9068,54.1671],[-3.2615,54.1412],[-3.2938,54.161],[-3.3806,54.2444],[-3.4092,54.2767],[-3.4119,54.2836],[-3.4122,54.2911],[-3.4339,54.3481],[-3.4661,54.3786],[-3.4931,54.4033],[-3.5247,54.4261],[-3.5513,54.4444],[-3.4304,54.6431],[-3.1525,54.8381],[-3.3087,54.8847],[-3.3661,54.8933],[-3.2919,54.9369],[-3.2867,54.9389],[-3.27,54.9414],[-3.2086,54.9494],[-3.1947,54.95],[-3.1894,54.9486],[-3.185,54.9461],[-3.1833,54.9422],[-3.1789,54.9406],[-3.1364,54.9314],[-3.1294,54.9314],[-3.1033,54.9339],[-3.0264,54.9455],[-3.025,54.9494],[-3.0231,54.9706],[-3.0311,54.9753],[-3.0414,54.9789],[-3.051,54.9799],[-3.0639,54.9753],[-3.0689,54.9742],[-3.1436,54.965],[-3.1503,54.965],[-3.3606,54.9714],[-3.3764,54.9725],[-3.3906,54.9742],[-3.4453,54.9864],[-3.5711,54.9908],[-3.5803,54.9717],[-3.5811,54.9672],[-3.601,54.9146],[-3.6839,54.8808],[-3.6889,54.8811],[-3.6961,54.8811],[-3.8122,54.8489],[-3.8697,54.8053],[-3.8731,54.8037],[-3.9077,54.7897],[-4.082,54.7675],[-4.0956,54.7678],[-4.1358,54.7747],[-4.3483,54.8578],[-4.3528,54.8603],[-4.3761,54.8792],[-4.3808,54.8847],[-4.3819,54.8886],[-4.3794,54.8978],[-4.3797,54.9017],[-4.3814,54.905],[-4.385,54.9075],[-4.3931,54.9081],[-4.3981,54.9064],[-4.4233,54.883],[-4.4256,54.88],[-4.4292,54.8722],[-4.4289,54.8636],[-4.4281,54.8603],[-4.4237,54.8515],[-4.4607,54.8624],[-4.5003,54.7751],[-4.5492,54.7322],[-4.5569,54.7375],[-4.5589,54.7406],[-4.56,54.7483],[-4.5617,54.7517],[-4.5986,54.7803],[-4.6808,54.7997],[-4.7406,54.8217],[-4.7972,54.8531],[-4.8053,54.8581],[-4.8142,54.8617],[-4.8256,54.8644],[-4.8522,54.8686],[-4.8939,54.8519],[-4.9203,54.8394],[-4.9283,54.8347],[-4.9356,54.8297],[-4.9611,54.8025],[-4.9619,54.7978],[-4.96,54.7936],[-4.9447,54.7675],[-4.9279,54.7414],[-5.0056,54.7637],[-5.0353,54.7822],[-5.0747,54.8058],[-5.1025,54.8217],[-5.1033,54.8222],[-5.0667,54.9485],[-4.91,55.1103],[-4.6384,55.4279],[-4.6573,55.4366],[-4.6567,55.4367],[-4.6508,55.4378],[-4.6414,55.4414],[-4.6378,55.4439],[-4.6139,55.4864],[-4.6133,55.495],[-4.6219,55.5122],[-4.6239,55.5155],[-4.6594,55.5619],[-4.6858,55.5958],[-4.6886,55.5992],[-4.695,55.6044],[-4.6986,55.6069],[-4.7078,55.6111],[-4.7294,55.6178],[-4.7692,55.6286],[-4.8136,55.6456],[-4.8608,55.6722],[-4.8758,55.6819],[-4.9039,55.6897],[-4.9047,55.6902],[-4.8951,55.7721],[-4.7584,55.8197],[-4.6233,55.908],[-4.6306,55.9267],[-4.5703,55.9211],[-4.5231,55.9186],[-4.4817,55.9211],[-4.4892,55.9261],[-4.5011,55.9292],[-4.6272,55.9455],[-4.6391,55.9483],[-4.7107,56.1313],[-4.8373,56.0999],[-4.8286,56.1132],[-4.8672,56.1056],[-4.8801,56.0746],[-5.117,55.906],[-5.1733,55.9292],[-5.2061,55.9219],[-5.2246,55.9018],[-5.2273,55.887],[-5.3262,55.88],[-5.3386,55.8972],[-5.3403,55.9008],[-5.3406,55.905],[-5.3408,55.9261],[-5.3097,56.0025],[-5.3094,56.0053],[-5.3086,56.0075],[-5.2811,56.0345],[-5.2736,56.0417],[-5.2028,56.1172],[-5.1986,56.12],[-5.0722,56.1869],[-4.9742,56.2333],[-4.9473,56.25],[-4.9231,56.265],[-4.9181,56.2711],[-4.9206,56.2744],[-4.9275,56.2739],[-5.0322,56.2325],[-5.2058,56.1372],[-5.2389,56.1189],[-5.2589,56.1069],[-5.2874,56.0841],[-5.3059,56.0692],[-5.3168,56.0554],[-5.3389,56.0346],[-5.3561,56.0249],[-5.3908,56],[-5.3978,55.9994],[-5.4042,55.9997],[-5.4233,56.0033],[-5.4289,56.005],[-5.4317,56.0078],[-5.4189,55.9067],[-5.4028,55.8418],[-5.5702,55.7505],[-5.6331,55.9399],[-5.6023,55.9936],[-5.5817,56.0117],[-5.5786,56.0147],[-5.5706,56.0372],[-5.5761,56.0381],[-5.5768,56.038],[-5.5735,56.0438],[-5.497,56.1773],[-5.3001,56.4287],[-5.2996,56.4306],[-5.2417,56.4364],[-5.2358,56.4356],[-5.2208,56.4358],[-5.2106,56.4389],[-5.2017,56.4431],[-5.1933,56.4483],[-5.1356,56.485],[-5.1206,56.4956],[-5.1078,56.5078],[-5.0686,56.5572],[-5.0664,56.5606],[-5.0694,56.5628],[-5.0761,56.5622],[-5.0808,56.5597],[-5.0875,56.5544],[-5.0958,56.5447],[-5.1039,56.5294],[-5.1156,56.5128],[-5.1911,56.4619],[-5.2031,56.4542],[-5.2144,56.4519],[-5.2289,56.4508],[-5.2353,56.4511],[-5.2919,56.461],[-5.271,56.5428],[-5.2531,56.5503],[-5.2492,56.5528],[-5.2464,56.5558],[-5.2456,56.5603],[-5.2531,56.5603],[-5.3037,56.5596],[-5.3741,56.5927],[-5.3147,56.6567],[-5.2422,56.7122],[-5.1764,56.76],[-5.1339,56.7925],[-5.1308,56.7956],[-5.1217,56.8128],[-5.12,56.8167],[-5.1544,56.7992],[-5.1889,56.7764],[-5.2342,56.7433],[-5.3633,56.6619],[-5.4325,56.6201],[-5.4583,56.6321],[-5.5466,56.6524],[-5.6445,56.5163],[-5.6776,56.4947],[-5.6897,56.5092],[-5.6975,56.5136],[-5.7906,56.5381],[-5.8267,56.5422],[-5.8842,56.5533],[-5.8956,56.5569],[-5.9306,56.5697],[-5.9428,56.5767],[-5.9784,56.6],[-5.9509,56.6527],[-5.8826,56.6567],[-5.6992,56.6828],[-5.6486,56.6803],[-5.6125,56.6819],[-5.5561,56.6856],[-5.545,56.6883],[-5.5469,56.6919],[-5.5514,56.6942],[-5.7394,56.7117],[-5.7622,56.7119],[-5.7697,56.7108],[-5.7794,56.7078],[-5.7928,56.7014],[-5.8262,56.6916],[-5.8421,56.6817],[-5.8487,56.6801],[-5.9192,56.6739],[-5.9396,56.6743],[-5.909,56.7333],[-5.8884,56.7505],[-5.8675,56.7428],[-5.8533,56.7419],[-5.8458,56.7469],[-5.7986,56.7892],[-5.8056,56.7944],[-5.8288,56.8007],[-5.7823,56.8399],[-5.7533,56.8425],[-5.745,56.8419],[-5.7331,56.8392],[-5.7181,56.8394],[-5.6647,56.8647],[-5.6608,56.8689],[-5.6631,56.8717],[-5.6725,56.8761],[-5.7233,56.8895],[-5.6659,56.9378],[-5.6435,56.9717],[-5.6433,56.9717],[-5.6297,56.9731],[-5.5792,56.98],[-5.5661,56.9822],[-5.5381,56.9894],[-5.5239,56.9939],[-5.5203,56.9964],[-5.5222,56.9997],[-5.5297,56.9994],[-5.5475,56.9953],[-5.5564,56.9911],[-5.5692,56.9897],[-5.6161,56.9847],[-5.6314,56.985],[-5.6341,56.9858],[-5.6253,56.9992],[-5.67,57.1137],[-5.6529,57.1159],[-5.6493,57.1163],[-5.6244,57.1126],[-5.6164,57.1086],[-5.6116,57.1034],[-5.5775,57.0975],[-5.5594,57.0925],[-5.5408,57.0886],[-5.5333,57.0878],[-5.5181,57.0881],[-5.3997,57.1058],[-5.4008,57.1097],[-5.4039,57.1125],[-5.4078,57.1144],[-5.4208,57.1178],[-5.4436,57.1183],[-5.4572,57.1167],[-5.4817,57.1122],[-5.5503,57.1164],[-5.6396,57.1559],[-5.6461,57.1579],[-5.6483,57.1596],[-5.6496,57.1616],[-5.6491,57.1644],[-5.6461,57.235],[-5.6127,57.2398],[-5.6082,57.2426],[-5.5607,57.2548],[-5.5502,57.2568],[-5.5468,57.2561],[-5.5408,57.2484],[-5.5385,57.2466],[-5.4947,57.2389],[-5.4811,57.2314],[-5.4725,57.2278],[-5.4497,57.2214],[-5.4283,57.218],[-5.4219,57.2197],[-5.4061,57.2294],[-5.4042,57.2325],[-5.5127,57.2774],[-5.5712,57.2841],[-5.5778,57.2952],[-5.5616,57.2993],[-5.4606,57.3881],[-5.4609,57.3884],[-5.4589,57.39],[-5.4528,57.3961],[-5.4486,57.4128],[-5.4483,57.4175],[-5.4503,57.4203],[-5.4578,57.4217],[-5.4622,57.42],[-5.4872,57.4085],[-5.6298,57.5178],[-5.62,57.5247],[-5.5308,57.5283],[-5.5117,57.5317],[-5.5086,57.5347],[-5.5178,57.5475],[-5.5217,57.5494],[-5.5353,57.5522],[-5.6436,57.5522],[-5.6536,57.5483],[-5.6564,57.5458],[-5.6625,57.5447],[-5.6657,57.5452],[-5.763,57.6198],[-5.5685,57.7774],[-5.23,57.7096],[-5.0556,57.751],[-5.1683,57.8837],[-5.1275,57.8694],[-5.1119,57.8594],[-5.1028,57.8508],[-5.0983,57.868],[-5.1894,57.9483],[-5.1972,57.953],[-5.2031,57.9547],[-5.2364,57.9639],[-5.3225,58.0651],[-5.3194,58.0644],[-5.3108,58.0639],[-5.2975,58.0667],[-5.2892,58.0703],[-5.285,58.0733],[-5.2814,58.0761],[-5.2797,58.0797],[-5.2758,58.1049],[-4.9071,58.169],[-5.1127,58.3949],[-4.9256,58.567],[-4.7246,58.4877],[-4.7611,58.4514],[-4.7636,58.4469],[-4.7644,58.4433],[-4.7567,58.4425],[-4.7414,58.4483],[-4.6925,58.475],[-4.5099,58.4029],[-4.1389,58.4448],[-3.8305,58.5072],[-3.4405,58.5285],[-3.165,58.5222],[-3.0668,58.4385],[-3.1097,58.3817],[-3.1219,58.3694],[-3.2025,58.3081],[-3.2086,58.3044],[-3.3375,58.2769],[-3.3533,58.2769],[-3.3597,58.2758],[-3.3642,58.2739],[-3.3819,58.2647],[-3.4203,58.2436],[-3.4422,58.2269],[-3.4464,58.2192],[-3.4558,58.2061],[-3.4625,58.2],[-3.4833,58.1828],[-3.5111,58.165],[-3.5153,58.1625],[-3.5661,58.1392],[-3.6844,58.0897],[-3.845,58.02],[-3.9969,57.9506],[-4.0117,57.9269],[-4.0052,57.9214],[-4.1228,57.8513],[-4.2431,57.8703],[-4.3586,57.8953],[-4.3664,57.9003],[-4.3781,57.9036],[-4.3922,57.9053],[-4.3911,57.8975],[-4.3542,57.8625],[-4.3456,57.8583],[-4.2975,57.8464],[-4.2833,57.8442],[-4.1548,57.826],[-4.2203,57.6934],[-4.2967,57.6744],[-4.4164,57.6017],[-4.4358,57.575],[-4.4272,57.5705],[-4.4147,57.5728],[-4.3783,57.5897],[-4.3436,57.6078],[-4.3303,57.6189],[-4.3125,57.6281],[-4.2594,57.6553],[-4.2494,57.6594],[-4.2353,57.6631],[-4.2485,57.6363],[-4.1665,57.5693],[-4.1794,57.5625],[-4.2108,57.5361],[-4.2289,57.5155],[-4.2406,57.5],[-4.235,57.4933],[-4.2253,57.4892],[-4.2131,57.4861],[-4.1967,57.4858],[-4.1792,57.4894],[-4.1589,57.4967],[-4.0482,57.5508],[-3.9278,57.5464],[-3.7958,57.5415],[-3.4008,57.5764],[-3.0926,57.577],[-2.854,57.5433],[-2.1504,57.572],[-1.9446,57.4017],[-2.1078,57.2103],[-2.2032,57.0648],[-2.1589,57.0143],[-2.3583,56.7813],[-2.39,56.7717],[-2.4153,56.7586],[-2.4781,56.7153],[-2.4628,56.6964],[-2.4497,56.6993],[-2.5148,56.6673],[-2.6195,56.5324],[-2.6408,56.5225],[-2.7208,56.4889],[-2.8953,56.4639],[-2.9586,56.4561],[-3.0364,56.4544],[-3.0447,56.455],[-3.0519,56.455],[-3.0703,56.4519],[-3.0808,56.4486],[-3.2781,56.3575],[-3.2647,56.3461],[-3.2525,56.3481],[-3.1931,56.3589],[-3.1878,56.3603],[-2.9956,56.4142],[-2.9322,56.4428],[-2.9192,56.4494],[-2.9139,56.4508],[-2.9008,56.4522],[-2.8844,56.4514],[-2.87,56.4494],[-2.8153,56.4403],[-2.8089,56.4389],[-2.8042,56.4328],[-2.8001,56.4212],[-2.9805,56.3536],[-3.1524,56.3368],[-2.9494,56.253],[-2.7659,56.1929],[-2.7881,56.1875],[-2.82,56.1842],[-2.8344,56.1836],[-2.8469,56.1864],[-2.8578,56.1903],[-2.875,56.1986],[-2.8803,56.2006],[-2.8878,56.2019],[-2.9167,56.205],[-2.9317,56.2053],[-2.9569,56.2022],[-2.9761,56.1947],[-3.1356,56.1136],[-3.1425,56.1081],[-3.1511,56.0933],[-3.1528,56.0897],[-3.1542,56.0855],[-3.3414,56.0242],[-3.3467,56.0225],[-3.3925,56.0111],[-3.3992,56.0106],[-3.4094,56.0125],[-3.4411,56.0192],[-3.4975,56.0344],[-3.5714,56.0536],[-3.5825,56.055],[-3.7197,56.0567],[-3.7372,56.0555],[-3.7269,56.0308],[-3.7253,56.0275],[-3.7214,56.0256],[-3.6664,56.0072],[-3.6619,56.0058],[-3.6461,56.005],[-3.4547,55.9919],[-3.2914,55.9754],[-3.2935,55.9739],[-3.895,55.9851],[-3.713,55.8847],[-3.5772,55.8847],[-3.3559,55.8427],[-3.1615,55.8457],[-2.9279,55.946],[-2.7421,55.9572],[-2.5403,55.8847],[-2.245,55.811],[-1.942,55.5561],[-1.719,55.4537],[-1.666,55.3796],[-1.696,55.2725],[-1.5556,54.9216],[-1.3889,54.6805],[-1.1921,54.5954],[-0.8706,54.5472],[-0.6048,54.3002],[-0.2955,54.0332],[-0.2349,53.7994],[-0.2605,53.7325],[-0.2725,53.7356],[-0.2939,53.7367],[-0.3573,53.7306],[-0.3809,53.7266],[-0.4226,53.7176],[-0.5492,53.7061],[-0.5608,53.7092],[-0.5692,53.7136],[-0.5778,53.7217],[-0.5861,53.7267],[-0.6058,53.7297],[-0.6197,53.73],[-0.6322,53.7292],[-0.6544,53.7253],[-0.6742,53.7192],[-0.6833,53.7158],[-0.7189,53.6997],[-0.7142,53.6931],[-0.6931,53.6861],[-0.5197,53.6853],[-0.5049,53.6864],[-0.4579,53.6961],[-0.3902,53.7079],[-0.3056,53.7136],[-0.2978,53.7128],[-0.2878,53.7086],[-0.2737,53.6979],[-0.3192,53.5789],[-0.2037,53.5233],[0.081,53.3862],[0.1745,53.2931],[0.2678,53.1267],[0.2537,53.0547],[0.2039,53.0281],[0.1733,53.0092],[0.0322,52.9172],[0.0018,52.8828],[0.0,52.8795],[0.0066,52.8776],[0.0281,52.8808],[0.0578,52.8892],[0.0689,52.8908],[0.0753,52.8911],[0.0864,52.8897],[0.1006,52.8849],[0.0055,52.7867],[0.3268,52.7075],[0.5047,52.8475],[0.7418,52.9012],[1.0127,52.8884],[1.3759,52.8092],[1.5857,52.65],[1.6867,52.3275],[1.6858,52.3263],[1.63,52.1953],[1.6278,52.1825],[1.625,52.1736],[1.6226,52.1678],[1.5293,52.048],[1.406,51.9788],[1.3199,51.9406],[1.3178,51.9436],[1.2808,51.9828],[1.2742,51.9883],[1.2647,51.9925],[1.1703,52.0258],[1.1647,52.0256],[1.1603,52.0233],[1.1586,52.0197],[1.2083,51.9508],[1.2496,51.9095],[1.0313,51.8127],[1.011,51.7979],[0.9975,51.8108],[0.9867,51.8261],[0.9789,51.8244],[0.9367,51.8078],[0.9281,51.8039],[0.8621,51.7736],[0.7242,51.7267],[0.7042,51.7222],[0.6997,51.7194],[0.7003,51.7161],[0.7586,51.6914],[0.7642,51.6919],[0.8631,51.7117],[0.8728,51.7147],[0.88,51.7192],[0.8994,51.7333],[0.9016,51.7344],[0.9046,51.7354],[0.9189,51.7406],[0.9261,51.7403],[0.9304,51.739],[0.6862,51.5604],[0.2542,51.4536],[0.5599,51.4117],[0.5581,51.4111],[0.5564,51.4081],[0.5586,51.405],[0.5647,51.3997],[0.5783,51.39],[0.5822,51.3878],[0.5878,51.3864],[0.6197,51.383],[0.7042,51.3775],[0.905,51.3408],[0.9111,51.3406],[0.9814,51.3456],[0.9992,51.3478],[1.0122,51.3519],[1.0273,51.3591],[1.0301,51.3588],[1.065,51.3691],[1.0697,51.3694],[1.1919,51.3786],[1.2671,51.3822],[1.3647,51.3529],[1.3351,51.1216],[1.2625,51.1017],[1.2319,51.1008],[1.2206,51.0997],[1.1003,51.0736],[1.0869,51.0686],[1.0456,51.0494],[1.03,51.0408],[1.0011,51.0217],[0.9944,51.0164],[0.9932,51.015],[0.886,50.9819],[0.8874,50.9272],[0.8567,50.9256],[0.8142,50.9344],[0.7933,50.9361],[0.7814,50.9356],[0.7442,50.9181],[0.6726,50.9307],[0.4332,50.8314],[0.4308,50.8311],[0.4006,50.8244],[0.3719,50.8164],[0.3494,50.8086],[0.3072,50.7805],[0.3017,50.7768],[0.2164,50.7415],[0.2153,50.7417],[0.1233,50.7594],[0.0983,50.7678],[0.0569,50.7808],[-0.0944,50.8103],[-0.1381,50.8183],[-0.1569,50.8214],[-0.1908,50.8258],[-0.2061,50.8267],[-0.255,50.8264],[-0.5772,50.7953],[-0.6375,50.7872],[-0.6753,50.7811],[-0.7114,50.7739],[-0.7461,50.7658],[-0.7681,50.7528],[-0.7667,50.7467],[-0.7667,50.743],[-0.7692,50.735],[-0.805,50.7282],[-0.9033,50.7681],[-0.9103,50.7722],[-0.9108,50.7761],[-0.9086,50.7794],[-0.8944,50.7894],[-0.8906,50.7914],[-0.8692,50.7953],[-0.8658,50.7978],[-0.8636,50.8008],[-0.8647,50.8047],[-0.8719,50.8089],[-0.9269,50.8394],[-0.9299,50.8399],[-0.9392,50.8408],[-1.0944,50.8458],[-1.1547,50.8442],[-1.1594,50.8428],[-1.1622,50.8397],[-1.1592,50.8367],[-1.1467,50.8311],[-1.1204,50.8135],[-1.2651,50.7864],[-1.3314,50.7914],[-1.4081,50.7708],[-1.4552,50.7589],[-1.6818,50.7387],[-1.6844,50.7389],[-1.699,50.7372],[-1.9637,50.7136],[-2.0094,50.715],[-2.0206,50.7178],[-2.0275,50.7222],[-2.0297,50.7256],[-2.0319,50.7325],[-2.0361,50.7342],[-2.0419,50.7339],[-2.0656,50.7156],[-2.0681,50.7131],[-2.0767,50.7036],[-2.0854,50.7028],[-2.0321,50.5882],[-2.0514,50.5858],[-2.0575,50.5855],[-2.1219,50.6072],[-2.1339,50.6133],[-2.1447,50.6169],[-2.1972,50.6261],[-2.3881,50.6417],[-2.3939,50.6417],[-2.4017,50.6403],[-2.432,50.6459],[-2.5032,50.6003],[-2.5631,50.6322],[-2.6619,50.6733],[-2.7006,50.6869],[-2.7211,50.6933],[-2.7714,50.7086],[-2.8231,50.7203],[-2.8639,50.7283],[-2.8828,50.7311],[-2.9069,50.7333],[-2.9247,50.7319],[-2.9303,50.7306],[-2.9444,50.7233],[-2.9514,50.7184],[-2.9606,50.7218],[-2.9777,50.7145],[-3.0039,50.7032],[-3.0944,50.6922],[-3.1706,50.6886],[-3.1764,50.688],[-3.2442,50.6744],[-3.2542,50.6719],[-3.3647,50.6327],[-3.5215,50.6174],[-3.5503,50.4404],[-3.5514,50.4383],[-3.5533,50.4256],[-3.6063,50.3211],[-3.715,50.2193],[-3.7831,50.2116],[-3.7894,50.2122],[-3.8031,50.2142],[-3.8133,50.2172],[-3.8333,50.2272],[-3.8397,50.2322],[-3.845,50.2381],[-3.8519,50.2517],[-3.8764,50.28],[-3.8789,50.2828],[-3.9408,50.3125],[-3.9469,50.3144],[-3.9519,50.3156],[-3.9586,50.3156],[-3.9758,50.3139],[-3.9856,50.3114],[-3.9978,50.3081],[-4.0042,50.3141],[-4.1563,50.3634],[-4.1656,50.3703],[-4.175,50.3778],[-4.1961,50.3763],[-4.2426,50.3915],[-4.26,50.372],[-4.38,50.3639],[-4.4256,50.3533],[-4.4339,50.3494],[-4.441,50.3444],[-4.442,50.3437],[-4.5406,50.358],[-4.6412,50.3236],[-4.6453,50.3236],[-4.6786,50.3258],[-4.7625,50.3114],[-4.8213,50.262],[-4.967,50.2122],[-5.0071,50.1806],[-5.0481,50.1711],[-5.0593,50.1395],[-5.2472,49.9915],[-5.2558,50.0008],[-5.2572,50.0042],[-5.2569,50.0078],[-5.2511,50.0183],[-5.2508,50.023],[-5.2533,50.03],[-5.2767,50.0597],[-5.2897,50.0694],[-5.3336,50.0914],[-5.4706,50.125],[-5.4825,50.1269],[-5.4894,50.1272],[-5.5011,50.1261],[-5.5114,50.1239],[-5.5308,50.118],[-5.5375,50.1133],[-5.5414,50.1061],[-5.5419,50.1017],[-5.5386,50.0886],[-5.7111,50.1214],[-5.71,50.1292],[-5.6958,50.1531],[-5.6881,50.1572],[-5.5464,50.2053],[-5.5117,50.2142],[-5.4958,50.2169],[-5.4836,50.215],[-5.4789,50.2133],[-5.4739,50.2075],[-5.4711,50.2006],[-5.4689,50.1978],[-5.4631,50.1964],[-5.4394,50.1925],[-5.4328,50.1928],[-5.4278,50.1939],[-5.2681,50.2739],[-5.1539,50.3425],[-5.1503,50.345],[-5.0519,50.4222],[-5.0489,50.425],[-5.0442,50.4314],[-5.0244,50.4667],[-5.0239,50.4703],[-5.0272,50.4769],[-5.0394,50.4958],[-5.0389,50.5003],[-5.0211,50.5403],[-5.0139,50.545],[-4.9158,50.5772],[-4.8975,50.5789],[-4.8739,50.5789],[-4.8014,50.5894],[-4.7858,50.5928],[-4.7814,50.5944],[-4.7717,50.6019],[-4.7617,50.6147],[-4.7517,50.6414],[-4.7453,50.6622],[-4.732,50.6731],[-4.7008,50.6883],[-4.6514,50.7153],[-4.5647,50.7736],[-4.5581,50.7789],[-4.5536,50.7853],[-4.5494,50.8025],[-4.5475,50.8164],[-4.5472,50.825],[-4.5464,50.8547],[-4.5467,50.8589],[-4.5483,50.8622],[-4.5433,50.9269],[-4.5308,50.9917],[-4.4426,50.9687],[-4.3937,50.9968],[-4.3764,50.9911],[-4.3578,50.9894],[-4.3394,50.9906],[-4.3247,50.9953],[-4.3036,51.0042],[-4.2414,51.0436],[-4.2383,51.0456],[-4.2342,51.0486],[-4.2117,51.0705],[-4.2089,51.0742],[-4.2203,51.1106],[-4.2297,51.1864],[-4.2264,51.1892],[-4.2125,51.1944],[-4.0021,51.2163],[-3.9847,51.2169],[-3.8839,51.2242],[-3.8222,51.2343],[-3.483,51.1811],[-3.2232,51.179],[-3.066,51.1777],[-3.0605,51.2032],[-3.0283,51.2061],[-3.0094,51.2497],[-3.0133,51.2561],[-3.0142,51.2597],[-3.0133,51.2728],[-3.0069,51.3072],[-2.9715,51.3584],[-2.8947,51.3938],[-2.8728,51.4317],[-2.8528,51.4447],[-2.7706,51.4892],[-2.6533,51.5639],[-2.6394,51.5789],[-2.5531,51.6572],[-2.4717,51.7244],[-2.4592,51.7303],[-2.4506,51.7331],[-2.4289,51.7369],[-2.4064,51.7397],[-2.4014,51.7411],[-2.3919,51.7442],[-2.3847,51.7492],[-2.38,51.7556],[-2.3789,51.7603],[-2.3797,51.7639],[-2.3814,51.7672],[-2.3869,51.7728],[-2.3908,51.775],[-2.3967,51.7764],[-2.4606,51.7467],[-2.5789,51.6778],[-2.6292,51.6442],[-2.665,51.615],[-2.6747,51.6069],[-2.6989,51.5894],[-2.7147,51.5808],[-2.7999,51.5579],[-2.7502,51.644],[-3.1728,51.4669],[-3.4991,51.4597],[-3.7629,51.5464],[-3.7817,51.5675],[-3.8356,51.6192],[-3.8403,51.6208],[-3.9497,51.6128],[-3.9591,51.611],[-4.0747,51.649],[-4.0656,51.6619],[-4.0639,51.6658],[-4.065,51.6697],[-4.0701,51.6746],[-4.0747,51.6772],[-4.1975,51.6792],[-4.2165,51.6785],[-4.2714,51.6801],[-4.4361,51.7372],[-4.5744,51.7342],[-4.6283,51.7289],[-4.6458,51.7267],[-4.6672,51.7225],[-4.6758,51.7189],[-4.6825,51.7136],[-4.6861,51.7061],[-4.6866,51.6924],[-4.8974,51.6987],[-4.8942,51.6994],[-4.8611,51.7133],[-4.8672,51.7228],[-4.8844,51.7467],[-4.89,51.7328],[-4.8906,51.7247],[-4.8925,51.7211],[-4.8994,51.7158],[-4.9042,51.7139],[-4.9133,51.7111],[-5.0038,51.704],[-5.1323,51.7654],[-5.1242,51.7653],[-5.1122,51.7667],[-5.1078,51.7683],[-5.1044,51.7708],[-5.1019,51.7789],[-5.1019,51.7831],[-5.1147,51.8314],[-5.1158,51.8353],[-5.12,51.8456],[-5.1219,51.8489],[-5.1272,51.8544],[-5.1361,51.8583],[-5.1817,51.8692],[-5.1883,51.87],[-5.2133,51.8706],[-5.2355,51.8706],[-5.1345,51.9494],[-5.1019,51.9597],[-5.0969,51.9614],[-5.0817,51.9753],[-5.0797,51.9786],[-5.077,51.9943],[-5.0745,51.9963],[-4.8444,52.0139],[-4.8322,52.0153],[-4.8283,52.0172],[-4.7681,52.0642],[-4.6191,52.0935],[-4.2947,52.2003],[-4.258,52.2373],[-4.2317,52.2489],[-4.1936,52.2764],[-4.1431,52.3203],[-4.1308,52.3347],[-4.0983,52.3819],[-4.095,52.3897],[-4.0919,52.3978],[-4.0597,52.4858],[-4.0611,52.5061],[-4.0806,52.5533],[-4.107,52.581],[-4.1009,52.6577],[-4.0533,52.7167],[-4.0633,52.7242],[-4.0976,52.7515],[-4.1453,52.8283],[-4.1364,52.8767],[-4.135,52.8811],[-4.1331,52.8842],[-4.1267,52.8903],[-4.1183,52.8944],[-4.1336,52.9144],[-4.2333,52.915],[-4.3094,52.9055],[-4.3164,52.9044],[-4.4142,52.8847],[-4.4406,52.8725],[-4.4772,52.855],[-4.5003,52.8294],[-4.5135,52.8171],[-4.6214,52.831],[-4.5408,52.9305],[-4.5403,52.9305],[-4.5267,52.9358],[-4.5058,52.9461],[-4.4625,52.9703],[-4.3644,53.0264],[-4.3575,53.0314],[-4.3547,53.0344],[-4.3506,53.0417],[-4.345,53.0628],[-4.3442,53.0675],[-4.341,53.0777],[-4.3175,53.0912],[-3.9567,53.2052],[-3.3295,53.233],[-3.1124,53.2509],[-3.1022,53.2478],[-3.0974,53.2521],[-2.9145,53.2671],[-2.938,53.3079],[-2.9283,53.3022]]],[[[-5.2058,55.8919],[-5.2067,55.8958],[-5.2064,55.8994],[-5.1817,55.9181],[-5.1769,55.92],[-5.1706,55.9189],[-5.1606,55.9153],[-5.1267,55.8991],[-5.1346,55.8934],[-5.2046,55.8885],[-5.2058,55.8919]]],[[[-6.0128,56.4675],[-6.0069,56.4742],[-6.0056,56.4778],[-6.0022,56.49],[-6.0028,56.4942],[-6.0064,56.4961],[-6.0177,56.4966],[-6.0338,56.4935],[-5.9907,56.5763],[-5.9744,56.5508],[-5.9711,56.5444],[-5.8564,56.5192],[-5.8006,56.5136],[-5.7939,56.5128],[-5.7836,56.5089],[-5.7147,56.4789],[-5.7069,56.4755],[-5.8217,56.4005],[-6.0165,56.4657],[-6.0128,56.4675]]],[[[-5.6492,57.26],[-5.6461,57.2567],[-5.6614,57.2092],[-5.6639,57.205],[-5.6703,57.1997],[-5.6971,57.183],[-5.7263,57.258],[-5.6905,57.267],[-5.6492,57.26]]]]}},{"type":"Feature","properties":{"NAME":"Kelteminar culture","ABBREVN":"Kelteminar","type":"culture","weblnks":null,"SUBJECTO":" Kelteminar culture","BORDERPRECISION":1,"PARTOF":" Kelteminar culture"},"geometry":{"type":"MultiPolygon","coordinates":[[[[53.5414,39.3358],[53.5383,39.3308],[53.5333,39.3297],[53.5324,39.3296],[53.4967,39.3375],[53.3339,39.3854],[53.2946,39.3461],[53.2933,39.3464],[53.2508,39.3567],[53.235,39.3597],[53.2272,39.3603],[53.2256,39.3601],[53.2094,39.4046],[53.2477,39.4525],[53.289,39.5232],[53.3003,39.525],[53.345,39.5328],[53.3545,39.5343],[53.3722,39.5195],[53.444,39.5275],[53.4511,39.5219],[53.4578,39.5142],[53.4667,39.5011],[53.4753,39.4839],[53.4808,39.4811],[53.5117,39.4705],[53.52,39.4692],[53.5642,39.4619],[53.7167,39.5042],[53.7362,39.5004],[53.7937,39.4908],[53.8128,39.5482],[53.6691,39.644],[53.5542,39.6536],[53.5159,39.7781],[53.5925,39.893],[53.6883,39.9792],[53.5063,39.9984],[53.4795,39.9913],[53.4322,40.0036],[53.4236,40.005],[53.3969,40.0017],[53.3786,39.9969],[53.3683,39.9917],[53.3547,39.9817],[53.3517,39.9767],[53.3442,39.9683],[53.3394,39.9647],[53.3308,39.9601],[53.1903,39.9601],[53.0466,39.9984],[53.0207,39.9682],[52.9905,39.9722],[52.9538,39.9843],[52.9125,40.0463],[52.8455,40.1804],[52.8455,40.3336],[52.8263,40.4677],[52.9029,40.5635],[52.9508,40.7072],[52.97,40.8221],[53.0178,40.9464],[53.0244,40.9331],[53.0378,40.8883],[53.0614,40.8339],[53.1072,40.7711],[53.1117,40.7678],[53.1183,40.7653],[53.1431,40.7631],[53.248,40.7597],[53.3178,40.7658],[53.3875,40.7686],[53.4019,40.7583],[53.4075,40.7553],[53.4528,40.7322],[53.4583,40.7294],[53.4669,40.728],[53.4736,40.7289],[53.4856,40.7325],[53.5019,40.7397],[53.5342,40.7544],[53.5521,40.7653],[53.6117,40.7455],[53.6581,40.8104],[53.6542,40.7842],[53.6522,40.7775],[53.705,40.6392],[53.7086,40.635],[53.7308,40.6178],[53.7383,40.6158],[53.7464,40.6153],[53.8597,40.6255],[54.0311,40.6539],[54.0647,40.6669],[54.0715,40.6702],[54.1097,40.6784],[54.2247,40.7263],[54.2394,40.721],[54.2386,40.7153],[54.2228,40.6986],[54.2175,40.6958],[54.2083,40.6892],[54.2094,40.6842],[54.2236,40.6797],[54.2705,40.6697],[54.2794,40.6683],[54.2939,40.6686],[54.3497,40.6731],[54.3604,40.6779],[54.4162,40.6593],[54.4545,40.7167],[54.3875,40.8029],[54.3683,40.8987],[54.386,40.9027],[54.4692,40.8653],[54.4725,40.8611],[54.4747,40.8567],[54.4797,40.7992],[54.493,40.8011],[54.5569,40.8136],[54.5689,40.8172],[54.5814,40.8221],[54.6078,40.8125],[54.7227,40.8508],[54.8185,40.8796],[54.8281,40.9849],[54.7514,41.1382],[54.5982,41.2435],[54.3588,41.3872],[54.1672,41.483],[54.1385,41.6266],[54.1193,41.7799],[54.0235,41.8565],[54.0235,41.9523],[54.0235,42.0481],[53.9852,42.1055],[53.7362,42.1343],[53.7358,42.1342],[53.6678,42.1428],[53.6519,42.1431],[53.6308,42.1408],[53.473,42.1094],[53.3897,42.0925],[53.2669,42.0864],[53.2362,42.0776],[53.2272,42.0792],[53.198,42.0875],[53.1822,42.0914],[53.1567,42.0961],[53.1442,42.0944],[53.1044,42.0783],[53.0883,42.0705],[52.9653,41.9939],[52.9505,41.9775],[52.9467,41.973],[52.8389,41.7786],[52.8158,41.6958],[52.8217,41.6978],[52.8286,41.6989],[52.8725,41.7011],[52.8792,41.6989],[52.9172,41.6719],[52.9175,41.6664],[52.9036,41.5808],[52.9019,41.5744],[52.8761,41.5122],[52.8736,41.5064],[52.8542,41.4672],[52.8372,41.4347],[52.8283,41.4189],[52.8258,41.413],[52.6922,41.5309],[52.7114,41.6075],[52.6826,41.6937],[52.5593,41.7578],[52.6007,41.9377],[52.5738,42.0186],[52.5198,42.0726],[52.5828,42.1894],[52.6727,42.2794],[52.7356,42.4232],[52.7536,42.5581],[52.8345,42.648],[52.7626,42.7559],[52.5828,42.8279],[52.504,42.8176],[52.4661,42.8256],[52.4319,42.8317],[52.4147,42.8336],[52.3842,42.8322],[52.3472,42.8265],[52.295,42.8728],[52.2376,42.8613],[52.2028,42.873],[52.1842,42.8811],[52.1775,42.8833],[52.1683,42.8847],[52.16,42.8853],[52.0979,42.8826],[52.0844,42.8811],[52.0282,42.8657],[51.9803,42.9088],[51.8814,43.0527],[51.7375,43.1786],[51.6625,43.1786],[51.6555,43.1833],[51.6475,43.1853],[51.64,43.1847],[51.5695,43.1777],[51.4228,43.1696],[51.4228,43.2595],[51.4588,43.3854],[51.3689,43.5562],[51.261,43.6102],[51.171,43.7181],[50.9912,44.0777],[50.9552,44.2036],[50.7062,44.257],[50.6786,44.2644],[50.6622,44.2678],[50.5894,44.278],[50.5133,44.2864],[50.4475,44.2892],[50.3883,44.3011],[50.3804,44.3031],[50.3258,44.3655],[50.3348,44.5633],[50.4067,44.6173],[50.4803,44.632],[50.5286,44.6275],[50.6936,44.6155],[50.7775,44.6247],[50.7805,44.63],[50.7837,44.6316],[50.8723,44.6264],[50.88,44.6233],[50.9033,44.6117],[50.9144,44.6053],[50.9183,44.6014],[50.9217,44.5914],[50.9244,44.5869],[50.9903,44.5339],[50.9953,44.5305],[51.0331,44.5142],[51.0464,44.5089],[51.0872,44.4942],[51.1233,44.4828],[51.14,44.4794],[51.1486,44.4789],[51.2756,44.5015],[51.3329,44.4824],[51.4049,44.5144],[51.4292,44.5119],[51.5497,44.5097],[51.5578,44.51],[51.5647,44.5114],[51.5703,44.5139],[51.5736,44.5192],[51.5761,44.525],[51.5744,44.53],[51.5705,44.5342],[51.5497,44.5472],[51.5479,44.5482],[51.5757,44.5543],[51.4858,44.6262],[51.3689,44.6802],[51.189,44.7701],[51.0991,44.878],[51.216,45.0399],[51.3419,45.0579],[51.3778,45.1748],[51.4588,45.3096],[51.4797,45.3341],[51.5061,45.3322],[51.5667,45.3333],[51.5897,45.3353],[51.6019,45.34],[51.6344,45.3558],[51.7735,45.3906],[51.7913,45.4017],[51.7953,45.4],[51.928,45.3644],[51.945,45.3644],[51.9522,45.3661],[52.0775,45.3794],[52.1087,45.3817],[52.556,45.3976],[52.6244,45.375],[52.7658,45.3389],[52.8483,45.3264],[53.1008,45.2983],[53.1089,45.2986],[53.2066,45.3307],[53.2841,45.3276],[53.2122,45.3636],[53.0593,45.4535],[52.8435,45.5075],[52.8345,45.6423],[52.9245,45.7322],[53.0503,45.8312],[53.1492,45.957],[53.2032,46.1908],[53.2572,46.3167],[53.1852,46.4246],[53.1449,46.4707],[53.1223,46.4966],[53.1672,46.5865],[53.2841,46.6764],[53.2302,46.7303],[53.1267,46.8847],[53.0234,46.9192],[52.957,46.9266],[52.9344,46.9342],[52.8658,46.9519],[52.8041,46.9456],[52.5843,46.9779],[52.6958,48.281],[53.7237,49.6564],[56.6886,50.3425],[61.0768,48.7002],[64.1999,46.0781],[65.0301,44.1818],[64.7533,42.281],[63.8441,40.291],[62.7372,38.9205],[61.738,38.693],[60.8396,38.4886],[59.092,38.4646],[58.5862,38.4576],[55.2655,38.3647],[53.9373,38.3851],[53.9373,38.5713],[53.9852,38.6575],[54.0331,38.7916],[54.0714,38.8969],[54.0331,38.9927],[53.9182,39.0502],[53.7745,39.1364],[53.6787,39.2513],[53.6596,39.3184],[53.5829,39.3184],[53.5777,39.3195],[53.5414,39.3358]],[[57.4296,41.5786],[57.5268,41.5945],[57.6849,41.6362],[57.8178,41.6999],[57.865,41.7731],[57.8448,41.8378],[57.7003,41.9126],[57.6824,42.0104],[57.6317,42.0655],[57.6131,42.105],[57.6272,42.1496],[57.5498,42.2607],[57.3923,42.3349],[57.2727,42.3033],[57.1827,42.1854],[57.0938,41.9684],[57.0534,41.7734],[57.0618,41.7249],[57.1159,41.7313],[57.1744,41.7346],[57.2472,41.6525],[57.3456,41.5732],[57.4296,41.5786]],[[58.6279,45.6002],[58.6113,45.5847],[58.5887,45.5371],[58.5601,45.4572],[58.5136,45.3857],[58.4492,45.3224],[58.4041,45.253],[58.3783,45.1775],[58.2722,44.9817],[58.2381,44.9031],[58.2321,44.8513],[58.251,44.7864],[58.2946,44.7083],[58.2967,44.6384],[58.2571,44.5766],[58.2429,44.5242],[58.2537,44.4813],[58.278,44.4492],[58.3157,44.4263],[58.3686,44.4292],[58.4653,44.461],[58.5138,44.4909],[58.5776,44.5467],[58.6943,44.6774],[58.6894,44.6929],[58.6254,44.7035],[58.6124,44.7211],[58.6273,44.7547],[58.6484,44.7727],[58.6758,44.7751],[58.6956,44.7659],[58.708,44.7447],[58.7315,44.7385],[58.7664,44.7473],[58.7738,44.764],[58.7539,44.7888],[58.7422,44.836],[58.7385,44.9055],[58.7484,44.9421],[58.772,44.9458],[58.7924,44.9712],[58.8129,45.0445],[58.8018,45.0495],[58.6621,44.9862],[58.6472,44.9937],[58.6503,45.0222],[58.6714,45.0718],[58.7136,45.1196],[58.777,45.1656],[58.7905,45.2003],[58.7546,45.2239],[58.7285,45.2754],[58.7123,45.3548],[58.7229,45.4263],[58.7602,45.4896],[58.8229,45.5492],[58.9109,45.605],[58.9605,45.6683],[58.9719,45.7391],[58.9904,45.777],[59.0165,45.7819],[59.0289,45.7632],[59.0276,45.7211],[59.0357,45.6975],[59.0531,45.6925],[59.0748,45.7211],[59.101,45.7832],[59.1295,45.8048],[59.1604,45.7862],[59.2207,45.7043],[59.2566,45.6721],[59.2989,45.6559],[59.3231,45.628],[59.3293,45.5882],[59.3479,45.569],[59.3789,45.5703],[59.3926,45.538],[59.3889,45.4722],[59.405,45.394],[59.441,45.3034],[59.4547,45.227],[59.446,45.1649],[59.3814,45.0414],[59.261,44.8564],[59.2021,44.7454],[59.2046,44.7081],[59.2405,44.6547],[59.3102,44.5852],[59.6486,44.3403],[59.648,44.3199],[59.567,44.2426],[59.5397,44.1979],[59.5299,44.1688],[59.541,44.1482],[59.7179,44.1631],[59.8109,44.1824],[59.9208,44.2345],[59.9357,44.2532],[59.9283,44.2687],[59.8984,44.2811],[59.8857,44.2969],[59.8901,44.3162],[59.9199,44.3292],[59.9752,44.336],[60.0133,44.3621],[60.0344,44.4074],[60.0285,44.4844],[59.9957,44.593],[59.9981,44.6703],[60.0359,44.7162],[60.0552,44.8413],[60.0633,45.2019],[60.0776,45.3105],[60.0686,45.4169],[60.0362,45.5212],[60.0003,45.5777],[59.9605,45.5864],[59.7689,45.5794],[59.7449,45.591],[59.7339,45.6188],[59.7357,45.6629],[59.7473,45.6961],[59.7687,45.7186],[59.7821,45.7643],[59.7927,45.7779],[59.806,45.7845],[59.8184,45.7958],[59.8233,45.835],[59.842,45.8579],[59.8416,45.8697],[59.8326,45.8859],[59.8293,45.9023],[59.8473,45.9147],[59.8826,45.9206],[59.9354,45.92],[60.316,45.8632],[60.4169,45.8483],[60.4569,45.8719],[60.5025,45.9268],[60.5702,45.972],[60.6597,46.0075],[60.7295,46.0508],[60.7795,46.1021],[60.8351,46.1318],[60.8779,46.1374],[61.1305,46.2298],[61.1774,46.2305],[61.2232,46.27],[61.2678,46.3485],[61.2815,46.4073],[61.2645,46.4465],[61.2279,46.4628],[61.1717,46.4565],[61.0751,46.4655],[60.9381,46.4898],[60.8462,46.5244],[60.7994,46.569],[60.7831,46.6327],[60.7973,46.7155],[60.7439,46.765],[60.623,46.7813],[60.5702,46.7779],[60.5852,46.7548],[60.6378,46.7208],[60.728,46.676],[60.7257,46.6258],[60.6512,46.5891],[60.6045,46.5781],[60.5546,46.5856],[60.5012,46.6118],[60.4596,46.5928],[60.4297,46.5289],[60.3963,46.5431],[60.3594,46.6353],[60.3174,46.6875],[60.2705,46.6997],[60.1891,46.6768],[60.073,46.6188],[60.0092,46.5606],[59.9977,46.5024],[60.0207,46.4494],[60.0787,46.4018],[60.1729,46.3899],[60.3029,46.4139],[60.3953,46.4056],[60.4498,46.365],[60.5478,46.3226],[60.5834,46.3265],[60.6075,46.349],[60.6834,46.3814],[60.696,46.4007],[60.7109,46.4076],[60.7283,46.4023],[60.7498,46.3537],[60.8226,46.2432],[60.8241,46.2134],[60.8119,46.1687],[60.7283,46.1013],[60.685,46.0784],[60.6512,46.071],[60.3235,46.1028],[60.2379,46.0998],[60.1647,46.1083],[60.1043,46.1286],[60.0287,46.123],[59.8635,46.0745],[59.8049,46.0713],[59.7874,46.0885],[59.8108,46.1261],[59.8154,46.1814],[59.8008,46.2545],[59.7789,46.3015],[59.7494,46.3221],[59.6988,46.3313],[59.577,46.3335],[59.5488,46.3448],[59.5308,46.3427],[59.5227,46.3272],[59.5717,46.2586],[59.6777,46.1369],[59.7058,46.0221],[59.6555,45.9142],[59.6284,45.8384],[59.6247,45.795],[59.598,45.7732],[59.5484,45.7732],[59.4991,45.7524],[59.45,45.7108],[59.4236,45.7046],[59.4199,45.7338],[59.4035,45.7499],[59.3743,45.753],[59.3569,45.7351],[59.3514,45.6959],[59.3186,45.6942],[59.2588,45.7298],[59.2329,45.7748],[59.241,45.8292],[59.2715,45.8823],[59.3239,45.9344],[59.3346,45.9743],[59.3032,46.0021],[59.259,46.0015],[59.2018,45.9725],[59.1407,45.9572],[59.0759,45.9557],[58.9816,45.9746],[58.9574,45.9682],[58.9502,45.9423],[58.9263,45.9323],[58.8854,45.9382],[58.8339,45.9258],[58.7716,45.895],[58.7207,45.8477],[58.6812,45.7836],[58.6553,45.7157],[58.6279,45.6002]]],[[[53.6572,40.8572],[53.6581,40.8231],[53.6527,40.8609],[53.6572,40.8572]]]]}},{"type":"Feature","properties":{"NAME":"Naquada I","ABBREVN":"Naquada I","type":null,"weblnks":null,"SUBJECTO":"Naquada I","BORDERPRECISION":1,"PARTOF":"Naquada I"},"geometry":{"type":"MultiPolygon","coordinates":[[[[32.2343,22.6739],[32.2384,22.6586],[32.2563,22.6416],[32.2785,22.6226],[32.2957,22.6116],[32.2988,22.5921],[32.2701,22.5642],[32.2484,22.547],[32.2545,22.5359],[32.297,22.5313],[32.3278,22.5501],[32.3319,22.5809],[32.3681,22.6042],[32.4295,22.651],[32.5163,22.7245],[32.5863,22.783],[32.6071,22.8229],[32.6108,22.869],[32.6184,22.8961],[32.6318,22.906],[32.6601,22.9218],[32.6898,22.938],[32.7048,22.947],[32.7221,22.972],[32.7391,23.008],[32.7436,23.0325],[32.785,23.039],[32.8586,22.9781],[32.8629,22.9765],[31.9735,22.2339],[31.5411,22.2005],[31.5523,22.209],[31.6249,22.2423],[31.6477,22.273],[31.6402,22.297],[31.6452,22.3117],[31.6637,22.3221],[31.6785,22.3269],[31.6938,22.334],[31.7136,22.3515],[31.7461,22.3627],[31.7912,22.3581],[31.8257,22.3513],[31.8311,22.381],[31.8554,22.4147],[31.8975,22.4414],[31.9357,22.4811],[31.9527,22.5352],[31.9619,22.5729],[31.9863,22.5997],[32.0202,22.6341],[32.0556,22.6646],[32.0955,22.683],[32.1273,22.6884],[32.1673,22.6804],[32.2343,22.6739]]],[[[32.9066,23.0509],[32.869,23.0882],[32.8551,23.1174],[32.8526,23.1422],[32.8649,23.1564],[32.9107,23.1606],[32.9295,23.2043],[32.9213,23.2494],[32.9572,23.2408],[32.9949,23.2307],[33.0074,23.237],[33.0071,23.2604],[33.0061,23.3003],[32.9953,23.3372],[32.9899,23.3711],[32.979,23.3965],[32.9441,23.4297],[32.9219,23.4845],[32.9506,23.5086],[33.0048,23.5087],[32.9879,23.5297],[32.9512,23.5551],[32.9413,23.5628],[32.9237,23.5675],[32.9109,23.584],[32.9092,23.6099],[32.9207,23.6341],[32.951,23.6429],[32.9806,23.6554],[32.9859,23.6955],[32.945,23.7912],[32.933,23.9406],[32.8795,23.9877],[32.8229,23.9098],[32.8277,23.873],[32.8633,23.8287],[32.8733,23.7916],[32.8701,23.7596],[32.8484,23.7333],[32.8435,23.7076],[32.8539,23.6765],[32.8344,23.6186],[32.7978,23.5837],[32.7389,23.6241],[32.6549,23.6329],[32.6244,23.5875],[32.6461,23.5674],[32.6611,23.5803],[32.6757,23.5938],[32.697,23.5874],[32.7067,23.5704],[32.6504,23.534],[32.599,23.4958],[32.6218,23.4767],[32.6611,23.4723],[32.706,23.4934],[32.7434,23.5161],[32.7869,23.5028],[32.841,23.4829],[32.8529,23.4381],[32.8512,23.382],[32.8559,23.3424],[32.8432,23.318],[32.8328,23.2927],[32.8193,23.2776],[32.788,23.2726],[32.7391,23.229],[32.7,23.1512],[32.6675,23.0775],[32.6355,23.0042],[32.6139,22.9675],[32.582,22.9291],[32.5617,22.8992],[32.5422,22.8292],[32.5262,22.7947],[32.5006,22.7581],[32.4129,22.6945],[32.3374,22.691],[32.2922,22.7229],[32.2225,22.7693],[32.1907,22.7795],[32.1672,22.7883],[32.1322,22.7806],[32.0884,22.7635],[32.0611,22.7524],[32.0242,22.7336],[31.965,22.6978],[31.9112,22.6609],[31.8844,22.6392],[31.8638,22.6135],[31.8408,22.5834],[31.8242,22.5652],[31.7942,22.5692],[31.7291,22.6028],[31.6757,22.6258],[31.6791,22.6042],[31.7523,22.5349],[31.7846,22.4835],[31.7397,22.4699],[31.7043,22.4529],[31.6841,22.4301],[31.593,22.3387],[31.4497,22.2101],[31.4371,22.1925],[31.3947,22.1892],[31.467,23.1684],[31.9976,23.832],[31.8047,25.7587],[31.0329,26.0841],[30.9846,26.8613],[31.7806,26.9259],[32.7936,26.1707],[32.9142,25.1052],[33.276,24.1185],[32.9865,23.0797],[32.9246,23.028],[32.9066,23.0509]]]]}},{"type":"Feature","properties":{"NAME":"Ubaid","ABBREVN":"Ubaid","type":null,"weblnks":null,"SUBJECTO":"Ubaid","BORDERPRECISION":1,"PARTOF":"Ubaid"},"geometry":{"type":"MultiPolygon","coordinates":[[[[47.0397,30.7424],[47.1037,30.7402],[47.2453,30.7106],[47.4069,30.6779],[47.4913,30.6631],[47.5632,30.6636],[47.6081,30.5834],[45.9171,30.2113],[44.8991,31.5146],[44.0537,32.0573],[43.9501,32.9449],[41.7416,33.8238],[41.7071,34.4379],[43.172,33.8253],[43.1963,33.7921],[43.2612,33.7277],[43.3318,33.7171],[43.4196,33.7062],[43.4388,33.7137],[43.4843,33.6947],[44.4333,33.3927],[45.1407,34.5375],[44.6403,33.1474],[45.296,32.5967],[47.0214,31.6322],[47.4799,30.8125],[47.472,30.814],[47.4292,30.8119],[47.3574,30.7823],[47.2897,30.7715],[47.1944,30.8002],[47.1459,30.8135],[47.1033,30.8258],[47.0628,30.8281],[46.983,30.8567],[46.926,30.8916],[46.8967,30.8996],[46.8607,30.9167],[46.8183,30.9146],[46.8009,30.9129],[46.7484,30.9025],[46.7117,30.8668],[46.7187,30.8368],[46.7505,30.8232],[46.7653,30.8166],[46.7916,30.8025],[46.8018,30.786],[46.8042,30.7637],[46.8072,30.7375],[46.8222,30.7253],[46.8521,30.7217],[46.8788,30.7273],[46.953,30.7331],[47.0397,30.7424]],[[43.4341,33.1995],[43.4828,33.1904],[43.5664,33.2185],[43.5953,33.3062],[43.5539,33.3483],[43.4771,33.3384],[43.428,33.3895],[43.382,33.4351],[43.3086,33.3487],[43.3043,33.3094],[43.4024,33.2567],[43.4341,33.1995]]]]}},{"type":"Feature","properties":{"NAME":"Ghassul","ABBREVN":"Ghassul","type":null,"weblnks":null,"SUBJECTO":"Ghassul","BORDERPRECISION":1,"PARTOF":"Ghassul"},"geometry":{"type":"MultiPolygon","coordinates":[[[[34.7047,31.9403],[34.7119,31.955],[34.73,32.0008],[34.7317,32.0064],[34.7328,32.0144],[34.7789,32.1255],[34.7978,32.1781],[34.8028,32.1924],[34.8342,32.2908],[34.8683,32.4075],[34.8711,32.4144],[34.8739,32.425],[34.8956,32.5103],[34.934,32.6895],[34.9566,32.7048],[34.9591,32.7967],[34.9624,32.8334],[34.9808,32.8392],[34.9833,32.8392],[34.9881,32.8364],[35.0039,32.8244],[35.0128,32.8156],[35.0172,32.8153],[35.0325,32.8222],[35.0358,32.8242],[35.0564,32.8433],[35.0669,32.855],[35.0708,32.8633],[35.0756,32.8822],[35.0777,32.8926],[35.0725,32.9469],[35.0717,32.9619],[35.0789,32.9869],[35.0881,33.0181],[35.1019,33.0689],[35.1031,33.0775],[35.1028,33.0883],[35.1008,33.0936],[35.1417,33.1308],[35.1883,33.1828],[35.203,33.2092],[35.2061,33.225],[35.2094,33.2494],[35.2203,33.3053],[35.2631,33.4256],[35.2733,33.4542],[35.2853,33.4628],[35.2997,33.4708],[35.3028,33.4728],[35.3139,33.4817],[35.3297,33.4958],[35.3553,33.5253],[35.3572,33.5283],[35.3823,33.5878],[35.395,33.6344],[35.4169,33.6883],[35.4417,33.7417],[35.4633,33.7739],[35.4708,33.7836],[35.4769,33.7947],[35.4806,33.8072],[35.4826,33.8179],[35.4919,33.8308],[35.5092,33.9076],[35.5236,33.9072],[35.5481,33.9017],[35.5694,33.9069],[35.5758,33.9131],[35.5825,33.9214],[35.6344,34.0128],[35.6478,34.0986],[35.6464,34.1128],[35.6405,34.1333],[35.6389,34.1386],[35.6347,34.1422],[35.6292,34.1444],[35.625,34.1475],[35.6253,34.1539],[35.6283,34.1983],[35.6297,34.2042],[35.6333,34.2081],[35.6463,34.2172],[35.647,34.2396],[35.7162,34.3124],[35.821,34.3438],[35.8731,34.4223],[35.8637,34.4536],[35.9006,34.4719],[35.9828,34.5258],[35.9844,34.5292],[35.9911,34.5511],[35.9919,34.5572],[35.9922,34.5686],[35.9894,34.6044],[35.985,34.6192],[35.9782,34.6349],[36.3424,34.4557],[36.6121,34.3229],[37.0833,33.2133],[36.1933,32.7962],[35.7222,31.9339],[35.1463,31.4886],[34.6717,31.8781],[34.7047,31.9403]],[[35.6316,32.7816],[35.6358,32.8338],[35.6229,32.8784],[35.5989,32.8997],[35.565,32.8916],[35.5392,32.8556],[35.5339,32.8034],[35.5513,32.7496],[35.5769,32.7203],[35.6159,32.7492],[35.6316,32.7816]]]]}},{"type":"Feature","properties":{"NAME":"Amuq D","ABBREVN":"Amuq D","type":null,"weblnks":null,"SUBJECTO":"Amuq D","BORDERPRECISION":1,"PARTOF":"Amuq D"},"geometry":{"type":"MultiPolygon","coordinates":[[[[35.9728,34.6475],[35.9497,34.6944],[35.9314,34.7386],[35.8833,34.8744],[35.8753,34.9022],[35.8747,34.9083],[35.875,34.9189],[35.8778,34.9864],[35.8828,35.065],[35.8856,35.1014],[35.8867,35.1056],[35.9239,35.1536],[35.953,35.1892],[35.9578,35.1947],[35.9594,35.1983],[35.9589,35.2022],[35.9508,35.2258],[35.9417,35.2447],[35.9291,35.2621],[35.92,35.4211],[35.9181,35.4242],[35.8586,35.4769],[35.8556,35.4792],[35.7339,35.5817],[35.7825,35.6381],[35.8269,35.7086],[35.8419,35.735],[35.8456,35.7417],[35.8792,35.8639],[35.9224,35.927],[35.9802,35.9955],[35.9767,36.0097],[35.955,36.0664],[35.9419,36.0953],[35.8503,36.2189],[35.793,36.2812],[35.8141,36.2985],[35.8172,36.301],[36.0953,36.4825],[36.1045,36.5612],[36.1034,36.5641],[36.1497,36.5875],[36.1586,36.5889],[36.1694,36.5883],[36.1742,36.5889],[36.1825,36.5914],[36.1889,36.5944],[36.1936,36.6],[36.1953,36.6033],[36.2158,36.6464],[36.2178,36.655],[36.2178,36.6589],[36.2067,36.7639],[36.2058,36.7708],[36.1933,36.7919],[36.1664,36.8286],[36.135,36.8583],[36.1244,36.868],[36.0769,36.9033],[36.0619,36.9144],[36.0314,36.9242],[36.0219,36.9264],[36.0169,36.9264],[36.0128,36.9253],[36.0017,36.9208],[35.9619,36.898],[35.953,36.8917],[35.9369,36.8764],[35.9103,36.8461],[35.8994,36.8361],[35.8269,36.7794],[35.8208,36.7756],[35.7978,36.7675],[35.7897,36.7647],[35.7208,36.7564],[35.71,36.7578],[35.7055,36.7592],[35.7025,36.7611],[35.6936,36.7639],[35.6467,36.7536],[35.643,36.7522],[35.6094,36.7339],[35.5739,36.7074],[35.5725,36.7036],[35.5725,36.7003],[35.5744,36.6892],[35.5758,36.6858],[35.5797,36.685],[35.6111,36.6878],[35.6361,36.6822],[35.6381,36.6419],[35.6367,36.618],[35.6355,36.6142],[35.6339,36.6106],[35.6289,36.605],[35.6164,36.5969],[35.6136,36.5955],[35.5676,36.5874],[35.5529,36.5805],[35.5483,36.5822],[35.5453,36.5842],[35.5325,36.5969],[35.5072,36.6097],[35.5036,36.6114],[35.4989,36.6119],[35.4833,36.6067],[35.4125,36.5803],[35.3721,36.5599],[35.4028,37.2597],[37.0476,37.6948],[37.7253,37.2797],[38.5971,36.7457],[39.0023,35.8813],[37.4767,35.2219],[36.5232,34.9293],[36.3424,34.4557],[35.9782,34.6349],[35.9728,34.6475]]]]}},{"type":"Feature","properties":{"NAME":"La Almagra culture","ABBREVN":"La Almagra culture","type":"La Almagra","weblnks":null,"SUBJECTO":"La Almagra culture","BORDERPRECISION":1,"PARTOF":"La Almagra culture"},"geometry":{"type":"MultiPolygon","coordinates":[[[[-2.2172,36.7456],[-2.2311,36.7644],[-2.2814,36.82],[-2.2867,36.8236],[-2.2986,36.8294],[-2.3439,36.8403],[-2.3503,36.8408],[-2.4819,36.83],[-2.5553,36.8147],[-2.5555,36.8146],[-2.6243,36.8113],[-2.7615,36.6901],[-2.832,36.6901],[-2.8594,36.6953],[-2.8742,36.7053],[-2.8789,36.7103],[-2.8814,36.7156],[-2.8881,36.7247],[-2.8961,36.7336],[-2.9181,36.745],[-2.9289,36.7497],[-3.125,36.7503],[-3.2308,36.7481],[-3.2592,36.7469],[-3.3275,36.7397],[-3.3402,36.7364],[-3.5667,36.7334],[-3.5953,36.7469],[-3.6078,36.7458],[-3.6397,36.7406],[-3.6694,36.7336],[-3.6726,36.732],[-3.7368,36.7312],[-3.7856,36.7425],[-3.8164,36.75],[-3.8489,36.7525],[-4.0247,36.7414],[-4.1279,36.7261],[-4.3899,36.7228],[-4.3917,36.7231],[-4.3946,36.7227],[-4.4466,36.722],[-4.7573,36.4861],[-4.7604,36.4856],[-4.7614,36.4856],[-4.7817,36.4872],[-4.7942,36.4903],[-4.8136,36.4964],[-4.8322,36.4989],[-4.8525,36.5008],[-4.8781,36.5008],[-4.9139,36.4989],[-4.94,36.4917],[-5.0736,36.4489],[-5.0867,36.4442],[-5.1509,36.4206],[-5.2167,36.4096],[-5.3742,36.2375],[-5.3801,36.1776],[-5.3814,36.1783],[-5.3953,36.1794],[-5.4161,36.1789],[-5.4225,36.1778],[-5.4317,36.1692],[-5.4453,36.1439],[-5.4439,36.1336],[-5.4398,36.1171],[-5.4571,36.1674],[-5.4879,36.1737],[-5.4855,36.0654],[-5.6384,36.0153],[-5.7972,36.0739],[-5.8072,36.0806],[-5.8111,36.085],[-5.8222,36.0983],[-5.8292,36.1078],[-5.8364,36.1164],[-5.8403,36.1208],[-5.8542,36.135],[-5.8794,36.1606],[-5.8842,36.1642],[-5.9114,36.1792],[-5.9183,36.1811],[-6.0256,36.1844],[-6.0327,36.1812],[-6.034,36.1809],[-6.0472,36.1888],[-6.0508,36.1919],[-6.1583,36.3053],[-6.2269,36.4047],[-6.2614,36.47],[-6.2631,36.4817],[-6.2497,36.4683],[-6.2397,36.4619],[-6.2333,36.4614],[-6.2261,36.4636],[-6.22,36.4669],[-6.2153,36.4708],[-6.1728,36.5122],[-6.1767,36.5167],[-6.2308,36.575],[-6.2381,36.5814],[-6.2975,36.6139],[-6.3372,36.6206],[-6.3619,36.6164],[-6.3683,36.6169],[-6.3867,36.6239],[-6.3925,36.6264],[-6.4008,36.6342],[-6.4275,36.6828],[-6.4325,36.6922],[-6.435,36.6972],[-6.4436,36.7189],[-6.4417,36.7394],[-6.4372,36.7436],[-6.3556,36.8608],[-6.5789,37.0194],[-6.7258,37.0919],[-6.893,37.1607],[-6.2616,37.9497],[-3.8389,38.2021],[-2.307,37.8091],[-1.6311,37.4353],[-1.8169,37.2925],[-1.9405,36.9516],[-2.2167,36.745],[-2.2172,36.7456]]],[[[-5.4219,36.0758],[-5.4244,36.0721],[-5.4271,36.0801],[-5.4219,36.0758]]]]}},{"type":"Feature","properties":{"NAME":"Dimini","ABBREVN":"Dimini","type":null,"weblnks":null,"SUBJECTO":"Dimini","BORDERPRECISION":1,"PARTOF":"Dimini"},"geometry":{"type":"MultiPolygon","coordinates":[[[[22.6169,38.9092],[22.6119,38.9089],[22.5506,38.8898],[22.4905,38.8769],[22.5234,38.8708],[22.5231,38.8608],[22.5233,38.8572],[22.5536,38.8342],[22.5581,38.8325],[22.5792,38.8258],[22.5847,38.825],[22.6061,38.8236],[22.6103,38.8244],[22.6178,38.8275],[22.6535,38.8296],[22.7233,38.7932],[22.7556,38.7883],[22.7567,38.7875],[22.7719,38.78],[22.906,38.7591],[22.9842,38.667],[23.0768,38.6712],[23.0922,38.6483],[23.1058,38.6314],[23.1089,38.6292],[23.1133,38.6275],[23.1175,38.6281],[23.1336,38.6328],[23.1678,38.6431],[23.1771,38.6471],[23.191,38.6103],[23.3562,38.4895],[23.4938,38.4831],[23.5558,38.3518],[23.6828,38.3465],[23.686,38.3465],[23.7992,38.3239],[23.8396,38.3154],[23.9607,38.2099],[23.967,38.1521],[23.88,38.1154],[23.9873,37.7634],[23.9327,37.7012],[23.9244,37.7203],[23.9078,37.7611],[23.8875,37.7828],[23.8617,37.8042],[23.8472,37.8122],[23.8217,37.8228],[23.8172,37.8244],[23.7744,37.8344],[23.5737,37.9599],[23.5569,37.9824],[23.5636,37.9853],[23.5708,37.9883],[23.5881,38.0005],[23.5925,38.0067],[23.5975,38.0186],[23.5983,38.0269],[23.5972,38.0294],[23.5861,38.0389],[23.5781,38.0425],[23.5722,38.0433],[23.5156,38.0406],[23.5152,38.0404],[23.4957,38.0681],[23.4193,38.0681],[23.1958,38.005],[22.9806,37.9578],[22.8981,37.9],[22.9949,37.8713],[23.0025,37.8514],[23.0047,37.8489],[23.0122,37.845],[23.0216,37.8419],[23.0411,37.8407],[23.0454,37.7736],[23.0489,37.6426],[23.1514,37.5901],[23.1929,37.5971],[23.1958,37.5953],[23.2775,37.5533],[23.3228,37.5325],[23.3286,37.5317],[23.3329,37.5327],[23.4181,37.4693],[23.185,37.4273],[23.1858,37.3748],[23.1096,37.3466],[23.0664,37.3587],[23.0664,37.3931],[23.0694,37.3953],[23.0736,37.3961],[23.0778,37.3944],[23.0844,37.3903],[23.0889,37.3897],[23.1061,37.3925],[23.1369,37.4181],[23.1361,37.4372],[23.1289,37.4481],[22.9792,37.5158],[22.9319,37.5342],[22.9275,37.5358],[22.78,37.59],[22.7747,37.5903],[22.7622,37.5889],[22.7436,37.5819],[22.7306,37.5742],[22.7258,37.5683],[22.7228,37.5614],[22.7231,37.5497],[22.7236,37.5423],[22.7133,37.5434],[22.6423,37.5849],[22.6387,37.4923],[22.7262,37.2885],[22.8133,37.2121],[22.7931,37.1386],[22.8869,37.0467],[22.9826,36.6148],[22.8782,36.6619],[22.7881,36.7958],[22.7856,36.7986],[22.7819,36.8006],[22.7728,36.8022],[22.7306,36.8058],[22.6436,36.805],[22.6342,36.8044],[22.6261,36.8025],[22.5961,36.7922],[22.5889,36.7892],[22.5728,36.7739],[22.5462,36.7268],[22.5244,36.7221],[22.3903,36.5244],[22.3758,36.5485],[22.3561,36.6994],[22.2969,36.815],[22.2436,36.8733],[22.1856,36.8928],[22.1464,36.9508],[22.1606,37.0025],[22.1589,37.0133],[22.1564,37.0197],[22.1528,37.0217],[22.1478,37.0228],[22.1208,37.0267],[22.0731,37.0308],[22.0631,37.0308],[22.05,37.0292],[22.0292,37.0247],[21.9943,37.0124],[21.9842,37.0205],[21.965,37.0018],[21.9536,36.9975],[21.9375,36.9878],[21.9331,36.9814],[21.9264,36.9667],[21.9263,36.9641],[21.7809,36.8225],[21.6904,36.8971],[21.6972,36.9142],[21.7069,36.9197],[21.7114,36.9261],[21.7128,36.93],[21.7136,36.9336],[21.7119,36.9444],[21.7078,36.9503],[21.6375,37.0094],[21.6122,37.0269],[21.5819,37.0611],[21.5803,37.0667],[21.565,37.145],[21.5642,37.1525],[21.5661,37.1614],[21.5772,37.1939],[21.5789,37.1978],[21.5856,37.2069],[21.5906,37.2122],[21.605,37.2242],[21.6303,37.2344],[21.6697,37.2683],[21.675,37.2736],[21.6947,37.3053],[21.6958,37.3097],[21.6964,37.3258],[21.6814,37.3764],[21.6597,37.4239],[21.6497,37.4419],[21.6047,37.5047],[21.5806,37.5308],[21.5722,37.5381],[21.5578,37.5497],[21.5325,37.5669],[21.4011,37.6517],[21.2936,37.7786],[21.2769,37.7892],[21.2361,37.8081],[21.2211,37.8284],[21.2284,37.9049],[21.4405,38.1795],[21.5182,38.167],[21.5297,38.1617],[21.5397,38.1594],[21.5953,38.1489],[21.6114,38.152],[21.7145,38.1354],[21.9058,38.2697],[21.9967,38.2508],[22.7472,37.9526],[22.8034,37.9693],[22.8575,37.9411],[22.8681,37.938],[22.9081,37.938],[22.9431,37.9436],[22.955,37.9469],[22.9583,37.9486],[22.9661,37.9569],[22.9722,37.9669],[22.9789,37.9822],[22.9772,37.9853],[22.9492,38.0017],[22.9224,38.015],[22.9989,38.0711],[23.0089,38.0675],[23.0192,38.0614],[23.0236,38.0597],[23.0456,38.0583],[23.0592,38.0575],[23.0978,38.0586],[23.1025,38.0589],[23.1141,38.0608],[23.1247,38.0625],[23.1689,38.0744],[23.21,38.0956],[23.2164,38.0997],[23.2183,38.1031],[23.2264,38.1494],[23.2261,38.1531],[23.2231,38.1555],[23.1206,38.2097],[23.1161,38.2111],[23.0253,38.2175],[22.9669,38.2136],[22.9431,38.2081],[22.9442,38.1903],[22.9253,38.1942],[22.9233,38.195],[22.8353,38.2264],[22.8166,38.2288],[22.7572,38.2531],[22.6897,38.3236],[22.5878,38.3306],[22.5339,38.345],[22.5103,38.3753],[22.4639,38.4247],[22.4608,38.4272],[22.4175,38.4444],[22.4131,38.4461],[22.4033,38.4481],[22.4006,38.4455],[22.3842,38.406],[22.3337,38.4267],[21.8265,38.464],[21.6613,38.4381],[21.393,38.4145],[21.3656,38.4331],[21.3506,38.4328],[21.3423,38.4046],[21.1724,38.3478],[21.1382,38.3908],[21.1397,38.3931],[21.1394,38.3969],[21.1228,38.4297],[21.1164,38.438],[21.1108,38.4342],[21.1089,38.4306],[21.1071,38.4299],[21.1063,38.4308],[21.1064,38.4308],[21.1089,38.4339],[21.1108,38.4372],[21.1125,38.4453],[21.1114,38.4489],[21.0864,38.5031],[20.9894,38.67],[20.9864,38.6722],[20.9011,38.7319],[20.8557,38.7456],[20.7718,38.8509],[20.8926,38.8958],[21.0065,38.8705],[21.0388,38.8874],[21.0458,38.883],[21.0494,38.8811],[21.0833,38.8642],[21.0869,38.8639],[21.1408,38.9319],[21.1664,38.9753],[21.165,38.9825],[21.1633,38.9853],[21.1542,38.9967],[21.1595,39.0048],[21.1267,39.0281],[21.1186,39.0367],[21.695,39.1263],[22.8669,39.0405],[22.8711,39.0243],[22.7842,38.9403],[22.6296,38.9069],[22.6169,38.9092]]],[[[24.5686,38.1475],[24.5765,38.1177],[24.5272,37.9674],[24.4324,37.9754],[24.3872,37.9936],[24.3261,38.0447],[24.2086,38.1567],[24.1486,38.2153],[24.1108,38.2883],[24.05,38.3658],[24.0569,38.3739],[24.0592,38.3772],[24.0589,38.3811],[24.0572,38.3842],[24.0497,38.3919],[24.0447,38.3931],[24.0,38.4017],[23.9947,38.4019],[23.9781,38.3925],[23.9706,38.3894],[23.9628,38.3888],[23.7281,38.4003],[23.6733,38.41],[23.6436,38.4185],[23.6403,38.4214],[23.6169,38.4522],[23.6181,38.4706],[23.6214,38.4725],[23.6264,38.4783],[23.6369,38.5031],[23.6375,38.5072],[23.6345,38.517],[23.6377,38.5226],[23.6316,38.5262],[23.6258,38.5417],[23.6236,38.5444],[23.5986,38.57],[23.5956,38.5725],[23.4922,38.6322],[23.3314,38.7425],[23.2,38.8308],[23.1961,38.8328],[23.1575,38.8475],[23.1481,38.8503],[23.1426,38.8513],[23.1208,38.8668],[22.8699,38.8372],[22.9391,38.8967],[23.0967,38.9836],[23.1294,39.0031],[23.1303,39.0034],[23.2615,39.0327],[23.3886,38.9563],[23.4464,38.8725],[23.4619,38.8533],[23.4714,38.8425],[23.5161,38.8114],[23.5919,38.7647],[23.7653,38.7067],[23.8467,38.6822],[23.9467,38.6628],[23.9511,38.6633],[24.0075,38.6731],[24.1342,38.6502],[24.1538,38.6242],[24.1536,38.5733],[24.1872,38.3925],[24.2472,38.2319],[24.2572,38.2178],[24.2594,38.215],[24.2692,38.2044],[24.2992,38.19],[24.3347,38.1603],[24.3389,38.1586],[24.4278,38.1442],[24.4606,38.1389],[24.4658,38.1383],[24.4758,38.1381],[24.5539,38.1411],[24.5686,38.1475]]]]}},{"type":"Feature","properties":{"NAME":"      ","ABBREVN":"Cardial Ware culture","type":"culture","weblnks":null,"SUBJECTO":"Cardial Ware culture","BORDERPRECISION":1,"PARTOF":"Cardial Ware culture"},"geometry":{"type":"MultiPolygon","coordinates":[[[[49.8846,-12.936],[49.9375,-13.1466],[49.9333,-13.1811],[49.9436,-13.2244],[49.9794,-13.3467],[49.986,-13.3616],[50.1085,-14.1202],[50.1502,-14.4189],[50.2544,-14.7745],[50.2598,-14.7846],[50.2719,-14.8261],[50.3,-14.905],[50.3375,-14.9986],[50.4011,-15.0978],[50.4336,-15.1458],[50.4519,-15.167],[50.5014,-15.3086],[50.5014,-15.3089],[50.5014,-15.3228],[50.4828,-15.4058],[50.4336,-15.58],[50.4232,-15.6033],[50.1873,-15.9568],[50.1388,-15.9289],[50.1379,-15.9275],[50.1361,-15.9273],[50.0885,-15.8998],[50.0036,-15.7348],[49.9579,-15.6733],[49.9039,-15.5611],[49.9031,-15.5481],[49.9022,-15.4683],[49.8661,-15.4325],[49.8242,-15.4317],[49.7803,-15.4342],[49.7538,-15.3985],[49.6203,-15.4623],[49.5977,-15.653],[49.6814,-16.0306],[49.6797,-16.0394],[49.6803,-16.0506],[49.6825,-16.0594],[49.6958,-16.0981],[49.7,-16.1097],[49.7042,-16.1186],[49.7097,-16.1275],[49.7206,-16.1381],[49.7297,-16.1456],[49.7489,-16.1533],[49.7592,-16.1547],[49.7654,-16.1532],[49.8473,-16.2613],[49.8383,-16.2867],[49.8325,-16.3086],[49.8258,-16.3389],[49.825,-16.3478],[49.8256,-16.3656],[49.8303,-16.3953],[49.8344,-16.4164],[49.8439,-16.4242],[49.8539,-16.4242],[49.8594,-16.4344],[49.8631,-16.4553],[49.8628,-16.4739],[49.8486,-16.5542],[49.8458,-16.5658],[49.7994,-16.6417],[49.7919,-16.6514],[49.7725,-16.6719],[49.7539,-16.6897],[49.743,-16.6972],[49.7242,-16.7058],[49.7192,-16.7147],[49.7175,-16.7239],[49.7169,-16.7328],[49.7208,-16.7569],[49.734,-16.7814],[49.6619,-16.8784],[49.6381,-16.8875],[49.6281,-16.8897],[49.6172,-16.8942],[49.6069,-16.9006],[49.5969,-16.9086],[49.5903,-16.9194],[49.5317,-17.0464],[49.5249,-17.0629],[49.4247,-17.1978],[49.4046,-17.4012],[49.4228,-17.8016],[49.3419,-18.2276],[49.0231,-19.1817],[48.892,-19.5902],[48.883,-19.6078],[48.8755,-19.6283],[48.8694,-19.6503],[48.8617,-19.6844],[48.8615,-19.6851],[48.6854,-20.2342],[48.6544,-20.2983],[48.6364,-20.3367],[48.6167,-20.3881],[48.6078,-20.4162],[48.6011,-20.4394],[48.585,-20.4936],[48.5394,-20.6456],[48.5211,-20.6975],[48.4865,-20.8381],[48.1056,-21.9888],[48.0508,-22.1106],[48.0153,-22.1911],[48.0031,-22.2206],[47.9197,-22.4319],[47.9081,-22.4619],[47.9008,-22.4858],[47.8944,-22.5139],[47.8647,-22.6694],[47.8478,-22.7817],[47.8425,-22.8267],[47.8397,-22.8494],[47.8372,-22.8672],[47.8317,-22.8883],[47.8106,-22.9683],[47.8028,-22.9978],[47.7597,-23.1383],[47.7436,-23.2071],[47.6749,-23.4394],[47.6289,-23.5617],[47.6169,-23.6219],[47.6161,-23.6386],[47.5172,-23.9732],[47.4981,-24.015],[47.4881,-24.0308],[47.4262,-24.1241],[47.4036,-24.1778],[47.3394,-24.3061],[47.3197,-24.4125],[47.3156,-24.4589],[47.313,-24.4711],[47.3033,-24.5039],[47.2817,-24.5575],[47.1986,-24.7414],[47.1486,-24.8136],[47.1353,-24.8317],[47.1314,-24.8414],[47.1289,-24.8508],[47.1272,-24.8611],[47.1269,-24.8706],[47.1275,-24.8803],[47.1294,-24.8906],[47.1339,-24.8994],[47.1367,-24.9083],[47.1378,-24.9172],[47.133,-24.9281],[47.0944,-24.9739],[46.9064,-25.0686],[46.7303,-25.1675],[46.7194,-25.1714],[46.6467,-25.1917],[46.5842,-25.1828],[46.5442,-25.175],[46.5233,-25.1669],[46.5031,-25.1617],[46.4133,-25.1617],[46.3367,-25.1736],[46.2908,-25.1861],[46.258,-25.1969],[46.1933,-25.2194],[46.1719,-25.2269],[45.9631,-25.31],[45.9231,-25.3289],[45.9047,-25.3394],[45.7944,-25.4033],[45.7392,-25.4361],[45.7136,-25.4539],[45.6986,-25.4681],[45.6706,-25.4972],[45.6533,-25.5092],[45.5717,-25.5514],[45.5503,-25.5622],[45.5303,-25.5686],[45.4878,-25.5756],[45.4625,-25.5783],[45.2147,-25.5883],[45.1294,-25.5531],[45.1253,-25.5442],[45.118,-25.535],[45.1063,-25.5267],[45.0468,-25.4506],[44.9585,-25.3872],[44.8131,-25.3386],[44.8083,-25.3356],[44.7825,-25.3211],[44.7697,-25.3167],[44.7475,-25.3106],[44.7114,-25.3039],[44.5878,-25.2939],[44.5222,-25.2864],[44.4433,-25.2728],[44.3579,-25.256],[44.3534,-25.2522],[44.3492,-25.2464],[44.2972,-25.1681],[44.2933,-25.1578],[44.3031,-25.1586],[44.3231,-25.1675],[44.3325,-25.1767],[44.35,-25.1944],[44.3686,-25.2156],[44.3892,-25.2328],[44.3992,-25.2303],[44.4078,-25.2208],[44.4119,-25.2117],[44.4019,-25.1933],[44.3372,-25.1531],[44.1844,-25.0692],[44.1747,-25.0647],[44.1628,-25.0594],[44.1503,-25.0558],[44.1397,-25.0539],[44.1297,-25.0578],[44.1235,-25.0609],[44.0368,-24.9887],[44.0229,-24.957],[44.0219,-24.9444],[44.0164,-24.9203],[44.0111,-24.8997],[44.0053,-24.8803],[43.9939,-24.8614],[43.9889,-24.8549],[43.981,-24.6266],[43.9342,-24.5186],[43.7272,-24.3538],[43.6714,-24.2268],[43.6717,-23.9026],[43.8271,-23.4129],[43.7847,-23.2668],[43.6554,-23.051],[43.3764,-22.6321],[43.2913,-22.4098],[43.3248,-22.1111],[43.453,-21.6625],[43.4722,-21.6725],[43.4725,-21.6636],[43.4697,-21.6038],[43.501,-21.4942],[43.6032,-21.3986],[43.8165,-21.3156],[44.1617,-20.6983],[44.4703,-20.1701],[44.5171,-20.0239],[44.5854,-19.528],[44.5357,-19.3692],[44.4105,-19.2678],[44.251,-19.1028],[44.2809,-19.0202],[44.3942,-18.7911],[44.1595,-18.4039],[44.107,-18.099],[44.0758,-17.8766],[43.9716,-17.5527],[43.9825,-17.5018],[44.215,-17.1899],[44.378,-16.9226],[44.4514,-16.7254],[44.4522,-16.5965],[44.4658,-16.5067],[44.4661,-16.4958],[44.4633,-16.4778],[44.4586,-16.4667],[44.4533,-16.4575],[44.4531,-16.4572],[44.4544,-16.2424],[44.6722,-16.2356],[44.8692,-16.2096],[44.8736,-16.2103],[44.8767,-16.2086],[44.9174,-16.2033],[45.1969,-16.0374],[45.2778,-16.05],[45.2934,-16.0544],[45.2936,-16.0556],[45.2911,-16.0672],[45.2886,-16.0933],[45.2886,-16.1003],[45.2917,-16.1106],[45.2986,-16.1178],[45.3067,-16.1178],[45.3269,-16.1103],[45.3355,-16.105],[45.3777,-16.0783],[45.4335,-16.0941],[45.5546,-16.0557],[45.575,-16.0366],[45.5794,-16.0422],[45.6069,-16.0553],[45.6178,-16.0575],[45.6275,-16.0367],[45.6352,-15.9806],[45.7323,-15.8901],[45.9656,-15.8534],[46.0636,-15.8719],[46.0725,-15.8611],[46.0722,-15.8367],[46.1423,-15.8257],[46.2819,-15.9525],[46.2927,-15.9515],[46.2931,-15.9519],[46.3022,-15.9611],[46.3211,-15.9733],[46.3311,-15.9772],[46.4772,-15.9661],[46.4783,-15.9567],[46.4478,-15.8871],[46.4644,-15.8568],[46.3875,-15.6917],[46.7344,-15.4494],[46.9246,-15.36],[47.003,-15.4149],[46.9622,-15.5022],[46.9589,-15.5133],[46.9569,-15.5394],[46.9569,-15.5461],[46.9594,-15.5581],[46.9694,-15.5547],[46.9747,-15.5458],[47.0422,-15.4936],[47.093,-15.4797],[47.129,-15.4452],[47.1427,-15.4446],[47.1808,-15.4588],[47.2067,-15.4485],[47.2236,-15.4485],[47.2378,-15.4217],[47.2356,-15.4129],[47.2122,-15.4133],[47.1961,-15.4014],[47.1907,-15.3952],[47.2446,-15.3657],[47.1061,-15.1436],[47.1906,-15.0282],[47.2111,-15.0064],[47.4263,-14.8251],[47.4731,-14.8856],[47.4703,-14.8889],[47.4483,-14.9097],[47.4361,-14.9253],[47.4125,-14.9714],[47.4108,-14.9825],[47.4092,-15.0869],[47.4111,-15.0986],[47.4167,-15.1069],[47.4272,-15.1106],[47.4386,-15.1081],[47.4481,-15.1033],[47.4833,-15.0828],[47.4919,-15.0767],[47.558,-14.9653],[47.6329,-14.9836],[47.8837,-14.7161],[47.8125,-14.6273],[47.8021,-14.6104],[47.8113,-14.6039],[47.9686,-14.6217],[47.9786,-14.6258],[47.9842,-14.6342],[47.9956,-14.6625],[47.9989,-14.6867],[47.9978,-14.7064],[47.9917,-14.7283],[47.9894,-14.74],[47.9875,-14.76],[47.9925,-14.7689],[48.0017,-14.7656],[48.0133,-14.7494],[48.0208,-14.7281],[48.0225,-14.7158],[48.0225,-14.7089],[48.0172,-14.6394],[48.0133,-14.6311],[48.0069,-14.6228],[47.9411,-14.5758],[47.9319,-14.5708],[47.9192,-14.5692],[47.9064,-14.5706],[47.8958,-14.5736],[47.8872,-14.5792],[47.8279,-14.5909],[47.7938,-14.5969],[47.7027,-14.4493],[47.7017,-14.4428],[47.701,-14.4366],[47.7386,-14.3178],[47.7443,-14.3098],[47.8504,-14.3158],[47.9717,-14.2837],[47.9776,-14.272],[47.9744,-14.2847],[47.9714,-14.3067],[47.9747,-14.3169],[47.9808,-14.3244],[47.993,-14.3269],[48.0031,-14.3228],[48.0483,-14.1556],[48.0525,-14.1061],[48.0447,-14.0792],[48.0411,-14.0689],[48.0314,-14.0634],[48.0256,-14.062],[47.9988,-13.983],[48.023,-13.965],[48.0211,-13.9561],[47.9819,-13.9331],[47.9155,-13.7373],[47.9412,-13.5918],[47.9428,-13.5922],[47.9556,-13.5922],[48.0197,-13.5811],[48.0269,-13.5742],[48.0307,-13.5698],[48.0573,-13.5654],[48.11,-13.597],[48.1734,-13.707],[48.175,-13.7158],[48.18,-13.7542],[48.1869,-13.7611],[48.2195,-13.7868],[48.2236,-13.7938],[48.2323,-13.7969],[48.2419,-13.8044],[48.2525,-13.8081],[48.2642,-13.8081],[48.3496,-13.838],[48.4397,-13.6535],[48.7393,-13.4269],[48.7397,-13.4272],[48.7417,-13.425],[48.7513,-13.4177],[48.7593,-13.4053],[48.7928,-13.3678],[48.7983,-13.3542],[48.8002,-13.3413],[48.8572,-13.2522],[48.9175,-13.0487],[48.9933,-12.7372],[48.9334,-12.5784],[48.9346,-12.4904],[48.9403,-12.4889],[48.9481,-12.4828],[48.9539,-12.4744],[48.9559,-12.4584],[49.1763,-12.2665],[49.3366,-12.4123],[49.5418,-12.7042],[49.8043,-12.8248],[49.8846,-12.936]]],[[[19.5214,40.9081],[19.5219,40.9117],[19.5242,40.9292],[19.5233,40.9367],[19.5228,40.9403],[19.5108,40.97],[19.5064,40.9756],[19.4611,41.0069],[19.4597,41.0077],[19.53,41.2184],[19.51,41.2409],[19.5136,41.2519],[19.5139,41.2561],[19.5108,41.2744],[19.5094,41.2778],[19.5047,41.2872],[19.4925,41.3006],[19.4828,41.3072],[19.4675,41.3108],[19.4522,41.3097],[19.443,41.4019],[19.4989,41.5236],[19.6194,41.5593],[19.607,41.7615],[19.5967,41.7641],[19.5981,41.7711],[19.6003,41.7883],[19.6006,41.7967],[19.5997,41.8042],[19.5967,41.8106],[19.5939,41.813],[19.5248,41.8352],[19.4889,41.8494],[19.47,41.855],[19.4492,41.8597],[19.4317,41.8622],[19.4211,41.8619],[19.4114,41.8606],[19.3678,41.849],[19.2994,41.8947],[19.2789,41.9033],[19.245,41.9122],[19.2356,41.9108],[19.2244,41.9119],[19.1817,41.9286],[19.1706,41.9344],[19.1547,41.9458],[19.1508,41.9519],[19.1389,41.9736],[19.1382,41.9754],[19.1371,41.9855],[19.1403,41.9936],[19.1467,42.0131],[19.1453,42.0261],[19.1386,42.0433],[19.0786,42.1117],[19.0564,42.1358],[19.0517,42.1372],[19.0461,42.1375],[19.005,42.1575],[18.9644,42.19],[18.8878,42.273],[18.8833,42.2786],[18.8758,42.2825],[18.8706,42.2836],[18.8497,42.2867],[18.845,42.2872],[18.8108,42.2847],[18.6525,42.3781],[18.6417,42.3706],[18.6275,42.365],[18.6231,42.3642],[18.6175,42.365],[18.6122,42.3661],[18.5772,42.3872],[18.5464,42.4161],[18.5458,42.42],[18.5472,42.4239],[18.5528,42.4294],[18.5561,42.4314],[18.5619,42.4328],[18.5858,42.4297],[18.6131,42.4247],[18.6225,42.4219],[18.6314,42.4156],[18.6356,42.4136],[18.6975,42.3939],[18.7025,42.3933],[18.7047,42.3964],[18.7092,42.4125],[18.7092,42.4167],[18.7061,42.4231],[18.6819,42.4583],[18.6753,42.4628],[18.5136,42.4553],[18.5086,42.4547],[18.505,42.4528],[18.5032,42.4494],[18.5192,42.4353],[18.5219,42.4325],[18.525,42.4264],[18.5261,42.3983],[18.5242,42.3967],[18.5131,42.3989],[18.5044,42.4061],[18.3571,42.4966],[18.2147,42.5794],[18.0578,42.6636],[17.8772,42.7678],[17.8178,42.7824],[17.6464,42.8646],[17.5957,42.8889],[17.5728,42.9039],[17.6617,42.8747],[17.6531,42.8869],[17.6498,42.8891],[17.5785,42.9438],[17.5331,42.9475],[17.5192,42.9519],[17.5117,42.9558],[17.4878,42.975],[17.4736,42.9875],[17.4717,42.9906],[17.4706,43.0178],[17.455,43.0333],[17.3303,43.1144],[17.3228,43.1183],[17.2517,43.1542],[17.2225,43.1614],[17.1831,43.1717],[17.1789,43.1733],[17.1747,43.1753],[17.1314,43.1989],[17.0731,43.2339],[17.0633,43.2481],[17.0492,43.2686],[17.0408,43.2764],[17.0037,43.3089],[16.9923,43.3227],[16.9867,43.3238],[16.94,43.3647],[16.8844,43.4031],[16.8789,43.4042],[16.8608,43.4053],[16.8381,43.4053],[16.8136,43.4069],[16.7642,43.4114],[16.7364,43.4161],[16.64,43.4403],[16.6356,43.4419],[16.6189,43.4489],[16.4992,43.5031],[16.4656,43.5283],[16.4731,43.5319],[16.4731,43.535],[16.4653,43.5389],[16.4333,43.5453],[16.4278,43.5461],[16.3597,43.5508],[16.3483,43.5508],[16.3103,43.5431],[16.1906,43.5117],[16.1706,43.4958],[16.17,43.4881],[16.1161,43.4767],[16.1058,43.4756],[16.0944,43.4756],[16.0394,43.4811],[16.0344,43.4825],[16.0229,43.488],[15.9284,43.6291],[15.9314,43.6281],[15.9369,43.6272],[15.9578,43.6292],[15.9675,43.6308],[15.9692,43.6336],[15.9408,43.6836],[15.7875,43.755],[15.7833,43.7567],[15.7789,43.7567],[15.6889,43.7789],[15.5994,43.8453],[15.5339,43.8819],[15.5331,43.8897],[15.5308,43.8928],[15.5201,43.8988],[15.4969,43.9103],[15.485,43.9158],[15.4631,43.9197],[15.4519,43.9256],[15.4056,43.9653],[15.3277,44.033],[15.1495,44.2399],[15.2744,44.2366],[15.5482,44.2293],[15.4782,44.2559],[15.5061,44.2542],[15.5228,44.2547],[15.5275,44.2558],[15.53,44.2589],[15.5297,44.2631],[15.5261,44.2694],[15.5206,44.2744],[15.5156,44.2756],[15.5033,44.2761],[15.4814,44.275],[15.4758,44.2761],[15.4511,44.2825],[15.4461,44.2839],[15.2767,44.3644],[15.2644,44.3739],[15.1817,44.4386],[15.1408,44.4731],[15.0958,44.5181],[15.0253,44.5636],[15.0203,44.565],[15.0086,44.5647],[15.0008,44.5686],[14.9906,44.5794],[14.9758,44.5961],[14.9664,44.6072],[14.9505,44.6262],[14.907,44.7233],[14.9455,44.9266],[14.9198,44.9564],[14.9208,44.9669],[14.9186,44.9739],[14.8425,45.1117],[14.8394,45.1142],[14.825,45.1175],[14.8192,45.1183],[14.8003,45.1231],[14.7575,45.1342],[14.7481,45.1372],[14.7322,45.1444],[14.7175,45.1528],[14.6744,45.1822],[14.585,45.2522],[14.4828,45.3111],[14.4558,45.3192],[14.4414,45.3233],[14.3294,45.3544],[14.325,45.3533],[14.3189,45.3481],[14.2928,45.325],[14.2881,45.3189],[14.2828,45.3081],[14.2539,45.2319],[14.2469,45.2075],[14.2458,45.2033],[14.25,45.1889],[14.2397,45.1642],[14.2317,45.1458],[14.23,45.1425],[14.2167,45.1233],[14.1764,45.0855],[14.1697,45.0808],[14.1653,45.0797],[14.1542,45.08],[14.1539,45.0722],[14.1558,45.0394],[14.1656,45.0025],[14.1668,45],[14.1689,44.9958],[14.1706,44.9886],[14.1669,44.9814],[14.1486,44.9642],[14.1458,44.9617],[14.1414,44.9614],[14.0875,44.9614],[13.9975,44.8964],[13.9922,44.8847],[13.9764,44.8489],[13.9753,44.845],[13.975,44.8253],[13.9767,44.8228],[13.9942,44.8181],[13.9964,44.8153],[13.9972,44.8114],[13.9956,44.8081],[13.9122,44.7706],[13.9072,44.7708],[13.8992,44.7744],[13.8268,44.8483],[13.8134,44.8658],[13.8294,44.8661],[13.8422,44.8761],[13.8433,44.88],[13.8417,44.8833],[13.7569,44.9814],[13.6811,45.0514],[13.6678,45.0695],[13.6436,45.1791],[13.5269,45.4543],[13.5563,45.4596],[13.7491,45.4943],[13.8,45.5664],[13.7711,45.6001],[13.785,45.6011],[13.7981,45.6053],[13.8044,45.61],[13.8047,45.6136],[13.7372,45.6931],[13.7342,45.6955],[13.6561,45.7536],[13.6322,45.7692],[13.6278,45.7708],[13.5795,45.782],[13.55,45.7872],[13.5353,45.7794],[13.5289,45.7747],[13.5244,45.7636],[13.5239,45.7589],[13.5231,45.7467],[13.5228,45.7419],[13.5236,45.7392],[13.5303,45.7347],[13.5292,45.7247],[13.4994,45.7094],[13.4336,45.6783],[13.4242,45.6761],[13.3948,45.6728],[13.3863,45.6796],[13.3872,45.6794],[13.3919,45.6805],[13.4061,45.6842],[13.4094,45.6861],[13.4236,45.6944],[13.4269,45.6967],[13.4286,45.7053],[13.4283,45.7094],[13.4142,45.7222],[13.4111,45.7244],[13.4067,45.7261],[13.3679,45.7374],[13.2169,45.7769],[13.1933,45.7781],[13.1311,45.7719],[13.1264,45.7708],[13.1144,45.7655],[13.1117,45.7631],[13.0722,45.7178],[13.07,45.7147],[13.0694,45.71],[13.0733,45.6961],[13.0961,45.6517],[13.0894,45.6375],[13.0861,45.6356],[13.0636,45.6339],[13.0008,45.63],[12.9225,45.6183],[12.8639,45.5956],[12.7989,45.5689],[12.7069,45.5311],[12.6381,45.5022],[12.6172,45.4944],[12.5875,45.4839],[12.476,45.4484],[12.4832,45.4623],[12.4136,45.4418],[12.4153,45.4469],[12.4222,45.4564],[12.4378,45.4761],[12.4481,45.4836],[12.4517,45.4856],[12.4564,45.4878],[12.485,45.5003],[12.5003,45.5028],[12.5022,45.5031],[12.505,45.4969],[12.5042,45.4947],[12.4947,45.4925],[12.4919,45.4897],[12.4928,45.4869],[12.4972,45.4853],[12.5097,45.4853],[12.5144,45.4864],[12.5225,45.4897],[12.5775,45.5381],[12.5825,45.5439],[12.5814,45.5467],[12.5019,45.5692],[12.4967,45.5692],[12.48,45.5658],[12.3944,45.5331],[12.2928,45.4786],[12.2814,45.468],[12.1583,45.3139],[12.1547,45.3051],[12.1519,45.2944],[12.1611,45.2639],[12.1787,45.2477],[12.1762,45.2143],[12.2307,45.1999],[12.2333,45.1975],[12.3177,45.1047],[12.3221,45.0424],[12.409,44.989],[12.5064,44.8983],[12.4892,44.8675],[12.4814,44.8542],[12.4747,44.8447],[12.4547,44.8219],[12.4519,44.8192],[12.4462,44.8157],[12.4422,44.8142],[12.4264,44.8517],[12.4272,44.8556],[12.4339,44.865],[12.4406,44.8794],[12.4425,44.8875],[12.4406,44.895],[12.4339,44.8994],[12.4289,44.9006],[12.4158,44.9011],[12.4119,44.8994],[12.3914,44.8728],[12.3892,44.8697],[12.3894,44.8656],[12.3969,44.7914],[12.3561,44.8039],[12.3072,44.8422],[12.2897,44.8425],[12.2856,44.8408],[12.2781,44.8275],[12.2639,44.7842],[12.2592,44.7683],[12.2497,44.7319],[12.2456,44.7158],[12.2444,44.7019],[12.2464,44.6858],[12.28,44.4761],[12.2889,44.4517],[12.35,44.2869],[12.3569,44.2697],[12.3683,44.2467],[12.4156,44.1958],[12.4292,44.1828],[12.4464,44.1678],[12.5186,44.11],[12.5458,44.0886],[12.5571,44.0805],[12.6972,43.9348],[13.6009,43.5348],[13.6222,43.5085],[13.6236,43.5017],[13.6275,43.4911],[13.6336,43.4817],[13.7117,43.3506],[13.7606,43.2529],[13.7916,43.1233],[13.9139,42.8752],[13.9236,42.8447],[13.9397,42.8036],[13.9853,42.7142],[13.9892,42.7081],[14.0167,42.67],[14.0583,42.6197],[14.075,42.6003],[14.1306,42.5411],[14.2,42.4825],[14.2331,42.4584],[13.7642,41.8493],[13.6958,41.2541],[13.6472,41.2594],[13.6411,41.26],[13.6208,41.2578],[13.6203,41.2576],[13.4984,41.3019],[13.3291,41.3111],[13.2714,41.3142],[12.9768,41.3714],[12.6415,41.5311],[12.3948,41.7295],[12.1778,41.868],[12.1758,41.8711],[12.1647,41.8853],[12.1522,41.8989],[12.1297,41.9186],[12.1169,41.9275],[12.0211,41.9858],[11.9377,42.0252],[11.715,42.2029],[11.7039,42.2244],[11.6353,42.2925],[11.6294,42.2972],[11.6231,42.3017],[11.5468,42.3369],[11.4974,42.3764],[11.1887,42.5122],[11.1883,42.5142],[11.1817,42.5272],[11.1581,42.555],[11.0803,42.6322],[10.9739,42.7189],[10.9575,42.73],[10.9317,42.7433],[10.9194,42.7483],[10.8894,42.7589],[10.8625,42.7669],[10.7962,42.806],[10.7667,42.8306],[10.7686,42.8358],[10.7714,42.8481],[10.7794,42.8875],[10.7781,42.8956],[10.7753,42.9025],[10.7678,42.9106],[10.7428,42.9244],[10.735,42.9281],[10.7264,42.9311],[10.6878,42.9447],[10.6789,42.947],[10.5425,43.1531],[10.5425,43.1544],[10.5383,43.1808],[10.5303,43.2236],[10.5222,43.2492],[10.5144,43.2658],[10.4228,43.398],[10.4183,43.403],[10.3379,43.5962],[10.2925,43.7054],[10.2758,43.7268],[10.275,43.735],[10.2733,43.7517],[10.2686,43.7925],[10.2664,43.7997],[10.2522,43.8433],[10.2392,43.8744],[10.2333,43.8836],[10.2219,43.898],[10.2094,43.9119],[10.1794,43.9447],[10.1161,44],[10.1075,44.0075],[10.0908,44.0186],[10.0686,44.03],[10.0508,44.0361],[10.0273,44.0442],[9.9836,44.0539],[9.968,44.0574],[9.9093,44.1105],[9.8255,44.1525],[9.6919,44.2196],[9.157,44.3732],[8.8966,44.4372],[8.7873,44.4276],[8.7611,44.4294],[8.7489,44.4292],[8.7436,44.4283],[8.7353,44.4253],[8.7277,44.4223],[8.6717,44.4174],[8.5724,44.3579],[8.4989,44.3247],[8.4917,44.3205],[8.4494,44.2878],[8.4409,44.279],[8.3428,44.2202],[8.1864,44.1264],[8.0896,44.0508],[8.0481,44.0184],[7.9795,43.9649],[7.6891,43.887],[7.5528,43.8675],[7.4675,43.8108],[7.3971,43.7641],[7.3488,43.7171],[7.3186,43.7097],[7.2547,43.7044],[7.2389,43.6989],[7.1586,43.6631],[7.1528,43.6581],[7.0747,43.5722],[6.8922,43.4358],[6.8842,43.4333],[6.8464,43.4242],[6.7942,43.4228],[6.6364,43.3111],[6.6375,43.2878],[6.6844,43.2872],[6.6894,43.2856],[6.6969,43.2814],[6.6975,43.2803],[6.5778,43.1915],[6.5275,43.1892],[6.4061,43.1631],[6.1869,43.1286],[6.1789,43.1255],[6.1722,43.1214],[6.1667,43.1156],[6.1647,43.1122],[6.1619,43.1036],[6.1598,43.0867],[6.1004,43.0749],[6.0622,43.1014],[5.9556,43.1183],[5.9367,43.0908],[5.9372,43.0872],[5.9297,43.0836],[5.8714,43.0597],[5.8622,43.0575],[5.8386,43.06],[5.8292,43.063],[5.7811,43.0825],[5.7761,43.0881],[5.7758,43.0919],[5.7775,43.1006],[5.7836,43.105],[5.7914,43.1083],[5.8175,43.115],[5.8156,43.1203],[5.6892,43.1885],[5.6813,43.1901],[5.6717,43.1917],[5.52,43.21],[5.4158,43.2167],[5.3981,43.2178],[5.3803,43.2192],[5.3636,43.2219],[5.3567,43.2264],[5.3511,43.2311],[5.3511,43.2353],[5.3556,43.2478],[5.3608,43.2536],[5.3672,43.2583],[5.3722,43.2647],[5.3739,43.2689],[5.3739,43.2767],[5.3639,43.3283],[5.3617,43.3353],[5.3486,43.3519],[5.3356,43.3614],[5.3222,43.3667],[5.3161,43.3675],[5.3064,43.3656],[5.2722,43.3564],[5.2583,43.3483],[5.25,43.3453],[5.2231,43.3394],[5.2131,43.3386],[5.0964,43.3369],[5.0578,43.3414],[5.0389,43.3475],[5.0308,43.3514],[5.0423,43.3777],[5.0404,43.3815],[5.0408,43.3887],[5.0419,43.3912],[5.0456,43.394],[5.0639,43.4018],[5.0748,43.4045],[5.0778,43.4047],[5.0923,43.4028],[5.1422,43.4161],[5.1514,43.4172],[5.1886,43.4339],[5.2306,43.4642],[5.2325,43.4675],[5.2308,43.4903],[5.2272,43.4961],[5.0314,43.5567],[5.0231,43.5539],[5.0211,43.55],[5.0108,43.5167],[5.0097,43.5122],[5.0167,43.4889],[5.0228,43.4842],[5.0281,43.4825],[5.0453,43.4808],[5.0525,43.4769],[5.0575,43.4714],[5.0396,43.4586],[5.0407,43.4543],[5.0412,43.4474],[5.0406,43.4399],[5.0397,43.4376],[5.0357,43.4348],[5.0174,43.4283],[4.9947,43.4253],[4.9916,43.4258],[4.9886,43.4289],[4.9578,43.425],[4.9356,43.4328],[4.925,43.4353],[4.9192,43.4356],[4.8761,43.4239],[4.8536,43.4133],[4.8301,43.4114],[4.8284,43.4066],[4.8334,43.4042],[4.8399,43.4032],[4.8426,43.3999],[4.8449,43.3914],[4.8394,43.3902],[4.8227,43.3959],[4.8151,43.3992],[4.7934,43.4096],[4.7839,43.4142],[4.75,43.4236],[4.7439,43.4286],[4.7408,43.4353],[4.7408,43.4386],[4.7419,43.4514],[4.75,43.4869],[4.7508,43.4953],[4.7511,43.5072],[4.7492,43.5181],[4.7467,43.525],[4.7394,43.5372],[4.7167,43.5653],[4.7117,43.5703],[4.705,43.575],[4.6967,43.5778],[4.7272,43.4417],[4.7328,43.4283],[4.7361,43.4222],[4.7417,43.4175],[4.7319,43.4004],[4.7416,43.3958],[4.7472,43.3939],[4.7647,43.3861],[4.7687,43.3834],[4.7711,43.3801],[4.7726,43.3759],[4.7727,43.3736],[4.7719,43.3714],[4.7674,43.3689],[4.7509,43.3691],[4.6528,43.3597],[4.6192,43.3611],[4.6069,43.3619],[4.6014,43.3631],[4.5839,43.37],[4.5733,43.38],[4.5725,43.3878],[4.5744,43.3911],[4.5914,43.4075],[4.5981,43.4175],[4.6017,43.425],[4.6011,43.4286],[4.5972,43.4342],[4.5911,43.4392],[4.5839,43.4433],[4.5656,43.45],[4.5356,43.4583],[4.5061,43.4628],[4.4739,43.4619],[4.4533,43.4605],[4.4392,43.4589],[4.4219,43.4539],[4.3258,43.4572],[4.3211,43.4583],[4.3181,43.4611],[4.3161,43.4647],[4.3175,43.4717],[4.3211,43.4925],[4.3192,43.4997],[4.3178,43.5039],[4.3094,43.5122],[4.2861,43.5056],[4.2514,43.4939],[4.2472,43.4919],[4.2414,43.486],[4.2919,43.4592],[4.2878,43.4569],[4.205,43.4603],[4.1906,43.4619],[4.1622,43.4711],[4.1311,43.4917],[4.1247,43.4983],[4.1244,43.5053],[4.1267,43.5083],[4.1364,43.508],[4.1383,43.5114],[4.1389,43.5189],[4.1381,43.5261],[4.1331,43.5367],[4.1278,43.5431],[4.1172,43.5514],[4.1081,43.555],[4.0964,43.5581],[4.0622,43.5633],[4.0503,43.5622],[3.9647,43.5408],[3.9186,43.5239],[3.9078,43.5186],[3.8436,43.4756],[3.8311,43.469],[3.8075,43.4672],[3.4787,43.3121],[3.4524,43.2931],[3.4306,43.2869],[3.4153,43.2886],[3.4053,43.2867],[3.335,43.2653],[3.3131,43.2553],[3.2581,43.2275],[3.1411,43.1389],[3.0814,43.0694],[3.0778,43.0414],[3.0453,42.9542],[3.0036,42.8811],[2.9639,42.8483],[2.9614,42.845],[2.96,42.8378],[2.9728,42.8122],[2.9792,42.8067],[3.0122,42.7981],[3.0122,42.798],[3.0019,42.7708],[3.0459,42.5395],[3.0685,42.4459],[3.0871,42.3686],[3.0865,42.3291],[3.0863,42.1207],[3.1566,42.0757],[3.1289,41.8572],[2.6283,41.6195],[2.2006,41.4461],[2.0807,41.2985],[2.0655,41.2956],[1.6098,41.2092],[1.4421,41.18],[1.3112,41.1573],[0.8792,41.0217],[0.766,40.9075],[0.7338,40.875],[0.7211,40.8276],[0.7042,40.813],[0.7003,40.8055],[0.6994,40.8019],[0.6989,40.7983],[0.7,40.7947],[0.71,40.786],[0.7098,40.7851],[0.7125,40.7838],[0.7131,40.7833],[0.7231,40.7758],[0.7381,40.7664],[0.7746,40.7533],[0.8271,40.7274],[0.7876,40.6569],[0.7052,40.6382],[0.6967,40.6375],[0.6167,40.6264],[0.6036,40.6236],[0.5892,40.6128],[0.5878,40.6115],[0.5051,40.5928],[0.2379,40.2402],[0.2348,40.2374],[-1.3807,41.4836],[-1.4876,42.3847],[0.0088,42.7259],[0.3294,43.8153],[2.3602,44.2252],[2.7164,45.4129],[2.0395,47.2575],[2.6808,48.1447],[4.6403,48.1922],[6.0297,48.6415],[6.5998,46.3061],[13.3689,47.4747],[14.509,46.3061],[17.181,45.3128],[19.0692,44.86],[19.7818,42.0946],[19.5273,40.8659],[19.5011,40.8976],[19.5214,40.9081]],[[19.2164,42.1585],[19.3944,42.0881],[19.4674,42.0788],[19.4806,42.1082],[19.4508,42.1566],[19.3917,42.2275],[19.3636,42.2896],[19.2933,42.2646],[19.1755,42.2772],[19.0988,42.2776],[19.2164,42.1585]]],[[[9.7275,40.3694],[9.7114,40.3586],[9.6997,40.3494],[9.6572,40.3083],[9.6369,40.2822],[9.6258,40.2628],[9.6231,40.2556],[9.6225,40.2514],[9.6219,40.2378],[9.6233,40.1997],[9.63,40.1867],[9.6479,40.1531],[9.6308,40.0959],[9.6767,39.8211],[9.6747,39.8089],[9.6706,39.7794],[9.6703,39.7569],[9.6717,39.7492],[9.6739,39.7417],[9.6756,39.7386],[9.6764,39.7303],[9.6756,39.7128],[9.6517,39.5492],[9.6422,39.4864],[9.6308,39.4303],[9.6268,39.4174],[9.4789,39.1442],[9.2963,39.2331],[9.2174,39.2287],[9.0183,39.2664],[9.0142,39.265],[9.0111,39.2628],[9.0106,39.2586],[9.0121,39.1846],[8.9985,39.1751],[8.9314,39.0537],[8.8196,38.9769],[8.6961,38.9958],[8.5824,39.0658],[8.4172,39.2122],[8.3998,39.2509],[8.4242,39.2689],[8.4303,39.2778],[8.4336,39.2892],[8.4336,39.2939],[8.4319,39.3017],[8.4186,39.3394],[8.4147,39.3408],[8.3975,39.3406],[8.3933,39.3419],[8.3869,39.3506],[8.3862,39.3516],[8.465,39.6399],[8.4788,39.7373],[8.49,39.7219],[8.5044,39.7256],[8.5236,39.7522],[8.5419,39.7794],[8.5517,39.8167],[8.5572,39.845],[8.5575,39.8542],[8.5567,39.8661],[8.5531,39.8725],[8.5486,39.8781],[8.5269,39.898],[8.5181,39.905],[8.5097,39.9081],[8.5032,39.9089],[8.5085,39.9465],[8.488,40.2088],[8.4282,40.4649],[8.3268,40.5535],[8.3064,40.5842],[8.3011,40.5892],[8.2933,40.5925],[8.2777,40.5964],[8.2016,40.663],[8.1595,40.7847],[8.2407,40.8553],[8.2883,40.8573],[8.2908,40.8556],[8.305,40.8481],[8.3092,40.8467],[8.3564,40.8361],[8.4575,40.8219],[8.48,40.8203],[8.5053,40.8236],[8.5431,40.8314],[8.5797,40.84],[8.6008,40.8467],[8.6047,40.8483],[8.6108,40.8528],[8.6178,40.8614],[8.6182,40.8625],[8.7661,40.8628],[8.9184,40.94],[9.3062,41.1844],[9.5472,40.946],[9.5144,40.9297],[9.5044,40.9222],[9.5036,40.9181],[9.5058,40.9153],[9.5094,40.9133],[9.5269,40.9125],[9.5664,40.9131],[9.5785,40.9152],[9.5909,40.9029],[9.7455,40.6444],[9.7425,40.6386],[9.7428,40.63],[9.7494,40.5992],[9.7511,40.5958],[9.7931,40.5507],[9.7878,40.442],[9.74,40.3753],[9.7275,40.3694]]],[[[9.2717,41.5206],[9.2689,41.5143],[9.1816,41.3646],[9.1808,41.3647],[9.1772,41.3667],[9.1322,41.3942],[9.1158,41.4319],[8.9781,41.4767],[8.9739,41.4781],[8.9411,41.4894],[8.9175,41.4997],[8.7919,41.5555],[8.7892,41.5581],[8.7886,41.5622],[8.7861,41.6037],[8.8283,41.6345],[8.8736,41.6469],[8.8767,41.6492],[8.9139,41.6764],[8.9194,41.6814],[8.9214,41.6844],[8.9214,41.688],[8.9197,41.6914],[8.9161,41.6933],[8.9111,41.6942],[8.8789,41.6981],[8.8567,41.6983],[8.8506,41.6986],[8.8408,41.7006],[8.7969,41.7103],[8.7258,41.7294],[8.705,41.7594],[8.7478,41.8106],[8.7889,41.8533],[8.8031,41.8975],[8.8025,41.9017],[8.8008,41.905],[8.7842,41.9244],[8.7811,41.9267],[8.7731,41.93],[8.7497,41.9333],[8.7442,41.9336],[8.7406,41.9319],[8.7381,41.9292],[8.7358,41.9214],[8.7328,41.9192],[8.7172,41.9125],[8.7072,41.9108],[8.6979,41.9102],[8.6928,41.9135],[8.6729,41.9086],[8.6686,41.9083],[8.6272,41.9067],[8.5928,41.9569],[8.5913,41.9591],[8.6026,41.9693],[8.6136,41.9708],[8.635,41.9683],[8.6461,41.9692],[8.665,41.9825],[8.6675,41.9853],[8.6681,41.9883],[8.6594,42.0083],[8.7406,42.0408],[8.745,42.0469],[8.745,42.0514],[8.7422,42.0583],[8.6811,42.1064],[8.6389,42.1203],[8.6083,42.1328],[8.5872,42.1697],[8.5706,42.2217],[8.6183,42.2531],[8.6489,42.2583],[8.6822,42.2653],[8.6861,42.2672],[8.6881,42.2703],[8.6875,42.2744],[8.6858,42.2775],[8.6317,42.3369],[8.6158,42.3483],[8.6072,42.3511],[8.5947,42.3514],[8.5842,42.35],[8.5758,42.3836],[8.6653,42.5111],[8.673,42.5198],[8.879,42.6248],[9.0004,42.6346],[9.0098,42.6642],[9.0553,42.6775],[9.0583,42.6892],[9.0608,42.6919],[9.069,42.6986],[9.1495,42.7107],[9.2377,42.664],[9.2659,42.7063],[9.2694,42.7022],[9.2783,42.6906],[9.2839,42.6767],[9.2869,42.6744],[9.2908,42.6733],[9.2939,42.6756],[9.3114,42.6903],[9.3172,42.6953],[9.3192,42.6983],[9.3411,42.7342],[9.3425,42.7378],[9.3433,42.7467],[9.3389,42.7906],[9.3372,42.7983],[9.3303,42.8114],[9.3217,42.8189],[9.3114,42.8297],[9.3092,42.8325],[9.3081,42.8361],[9.3391,42.986],[9.3671,42.9881],[9.4142,42.9095],[9.4322,42.7941],[9.4055,42.5806],[9.4586,42.5561],[9.4867,42.4064],[9.4525,42.0483],[9.3575,41.9012],[9.3046,41.5758],[9.2717,41.5206]]],[[[15.0083,44.5328],[15.04,44.5256],[15.0431,44.523],[15.0475,44.5172],[15.0731,44.4819],[15.0749,44.479],[14.9891,44.54],[14.9882,44.542],[15.0083,44.5328]]],[[[14.6063,45.2134],[14.5524,45.2483],[14.5525,45.2483],[14.5578,45.2481],[14.5831,45.2419],[14.5881,45.2406],[14.5917,45.2386],[14.5956,45.2322],[14.6063,45.2134]]]]}},{"type":"Feature","properties":{"NAME":null,"ABBREVN":null,"type":null,"weblnks":null,"SUBJECTO":null,"BORDERPRECISION":1,"PARTOF":null},"geometry":{"type":"MultiPolygon","coordinates":[[[[64.0361,25.415],[64.0428,25.4144],[64.0536,25.4094],[64.0597,25.4014],[64.0616,25.3975],[64.0592,25.401],[64.0216,25.3951],[64.0322,25.4114],[64.0361,25.415]]]]}},{"type":"Feature","properties":{"NAME":null,"ABBREVN":null,"type":null,"weblnks":null,"SUBJECTO":null,"BORDERPRECISION":1,"PARTOF":null},"geometry":{"type":"MultiPolygon","coordinates":[[[[67.4786,24.0469],[67.4817,24.0428],[67.4589,24.0072],[67.4494,24.0028],[67.4378,24.0014],[67.4247,24.0019],[67.4175,24.0033],[67.4119,24.0058],[67.408,24.0092],[67.4014,24.0169],[67.3878,24.0378],[67.3794,24.0517],[67.4589,24.0569],[67.4694,24.0531],[67.4786,24.0469]]]]}},{"type":"Feature","properties":{"NAME":null,"ABBREVN":null,"type":null,"weblnks":null,"SUBJECTO":null,"BORDERPRECISION":1,"PARTOF":null},"geometry":{"type":"MultiPolygon","coordinates":[[[[26.4836,60.46],[26.475,60.4686],[26.4731,60.4733],[26.4742,60.4792],[26.48,60.4856],[26.543,60.5519],[26.4956,60.4485],[26.4836,60.46]]]]}},{"type":"Feature","properties":{"NAME":null,"ABBREVN":null,"type":null,"weblnks":null,"SUBJECTO":null,"BORDERPRECISION":1,"PARTOF":null},"geometry":{"type":"MultiPolygon","coordinates":[[[[6.0425,58.9055],[6.0408,58.9028],[6.0353,58.8989],[6.0275,58.9019],[6.0175,58.9103],[6.0112,58.9179],[6.0412,58.9518],[6.0955,58.9618],[6.0425,58.9055]]]]}},{"type":"Feature","properties":{"NAME":null,"ABBREVN":null,"type":null,"weblnks":null,"SUBJECTO":null,"BORDERPRECISION":1,"PARTOF":null},"geometry":{"type":"MultiPolygon","coordinates":[[[[5.9167,59.4431],[5.9422,59.4419],[5.9872,59.4455],[6.0043,59.4487],[5.9039,59.3766],[5.8842,59.3992],[5.8769,59.4089],[5.8781,59.4214],[5.8819,59.4336],[5.885,59.4392],[5.8897,59.4439],[5.8967,59.4472],[5.9089,59.4461],[5.9167,59.4431]]]]}},{"type":"Feature","properties":{"NAME":null,"ABBREVN":null,"type":null,"weblnks":null,"SUBJECTO":null,"BORDERPRECISION":1,"PARTOF":null},"geometry":{"type":"MultiPolygon","coordinates":[[[[5.8533,59.3861],[5.8583,59.3819],[5.8619,59.3769],[5.8628,59.3708],[5.8567,59.3456],[5.8483,59.3428],[5.8129,59.3352],[5.8007,59.4236],[5.8533,59.3861]]]]}},{"type":"Feature","properties":{"NAME":null,"ABBREVN":null,"type":null,"weblnks":null,"SUBJECTO":null,"BORDERPRECISION":1,"PARTOF":null},"geometry":{"type":"MultiPolygon","coordinates":[[[[13.58,66.2203],[13.5764,66.2075],[13.5692,66.203],[13.5654,66.2022],[13.5295,66.2346],[13.55,66.2358],[13.5647,66.2339],[13.5739,66.2305],[13.5808,66.2267],[13.58,66.2203]]]]}},{"type":"Feature","properties":{"NAME":null,"ABBREVN":null,"type":null,"weblnks":null,"SUBJECTO":null,"BORDERPRECISION":1,"PARTOF":null},"geometry":{"type":"MultiPolygon","coordinates":[[[[32.0048,69.8589],[32.0716,69.8835],[32.0757,69.8207],[32.0372,69.8447],[32.0139,69.8544],[32.0048,69.8589]]]]}},{"type":"Feature","properties":{"NAME":null,"ABBREVN":null,"type":null,"weblnks":null,"SUBJECTO":null,"BORDERPRECISION":1,"PARTOF":null},"geometry":{"type":"MultiPolygon","coordinates":[[[[48.9239,30.3808],[48.9233,30.3869],[48.9261,30.3917],[48.9367,30.3961],[48.9494,30.3983],[48.965,30.3995],[48.9457,30.3879],[48.9363,30.368],[48.9239,30.3808]]]]}},{"type":"Feature","properties":{"NAME":null,"ABBREVN":null,"type":null,"weblnks":null,"SUBJECTO":null,"BORDERPRECISION":1,"PARTOF":null},"geometry":{"type":"MultiPolygon","coordinates":[[[[38.3853,46.7053],[38.3803,46.7069],[38.3772,46.7094],[38.3733,46.7155],[38.3728,46.7173],[38.387,46.7193],[38.3894,46.7144],[38.3903,46.7108],[38.3892,46.7067],[38.3853,46.7053]]]]}},{"type":"Feature","properties":{"NAME":null,"ABBREVN":null,"type":null,"weblnks":null,"SUBJECTO":null,"BORDERPRECISION":1,"PARTOF":null},"geometry":{"type":"MultiPolygon","coordinates":[[[[24.2728,40.1669],[24.1878,40.2559],[24.2954,40.1765],[24.2728,40.1669]]]]}},{"type":"Feature","properties":{"NAME":null,"ABBREVN":null,"type":null,"weblnks":null,"SUBJECTO":null,"BORDERPRECISION":1,"PARTOF":null},"geometry":{"type":"MultiPolygon","coordinates":[[[[23.7917,40.0889],[23.79,40.0919],[23.7625,40.1247],[23.7256,40.1681],[23.7031,40.1917],[23.6711,40.2183],[23.6532,40.2285],[23.8037,40.1554],[23.8687,40.1607],[23.9201,40.0552],[23.9066,39.9972],[23.8677,39.9935],[23.8269,40.0256],[23.7906,40.0803],[23.7917,40.0889]]]]}},{"type":"Feature","properties":{"NAME":null,"ABBREVN":null,"type":null,"weblnks":null,"SUBJECTO":null,"BORDERPRECISION":1,"PARTOF":null},"geometry":{"type":"MultiPolygon","coordinates":[[[[23.3243,40.152],[23.3668,40.1079],[23.4365,40.0447],[23.5233,40.0183],[23.5722,40.0071],[23.5949,40.0],[23.6386,39.9603],[23.5969,39.9341],[23.539,39.9395],[23.4369,39.9711],[23.3794,39.9928],[23.3208,40.1192],[23.3242,40.1269],[23.3243,40.152]]]]}},{"type":"Feature","properties":{"NAME":null,"ABBREVN":null,"type":null,"weblnks":null,"SUBJECTO":null,"BORDERPRECISION":1,"PARTOF":null},"geometry":{"type":"MultiPolygon","coordinates":[[[[23.1086,39.1229],[23.0548,39.1043],[23.0697,39.1336],[23.0739,39.1405],[23.0789,39.1464],[23.0861,39.1494],[23.1097,39.1525],[23.1153,39.1436],[23.1169,39.1405],[23.1144,39.1322],[23.1086,39.1229]]]]}},{"type":"Feature","properties":{"NAME":null,"ABBREVN":null,"type":null,"weblnks":null,"SUBJECTO":null,"BORDERPRECISION":1,"PARTOF":null},"geometry":{"type":"MultiPolygon","coordinates":[[[[-1.2119,45.8069],[-1.22,45.822],[-1.1706,45.8877],[-1.1706,45.8875],[-1.1819,45.8478],[-1.1869,45.8317],[-1.1889,45.828],[-1.1944,45.8225],[-1.2119,45.8069]]]]}},{"type":"Feature","properties":{"NAME":null,"ABBREVN":null,"type":null,"weblnks":null,"SUBJECTO":null,"BORDERPRECISION":1,"PARTOF":null},"geometry":{"type":"MultiPolygon","coordinates":[[[[5.7975,52.5646],[5.8295,52.5354],[5.8342,52.5022],[5.8009,52.4658],[5.7982,52.4624],[5.8171,52.5214],[5.6113,52.5315],[5.576,52.5669],[5.6581,52.5876],[5.7355,52.5822],[5.7975,52.5646]]]]}},{"type":"Feature","properties":{"NAME":null,"ABBREVN":null,"type":null,"weblnks":null,"SUBJECTO":null,"BORDERPRECISION":1,"PARTOF":null},"geometry":{"type":"MultiPolygon","coordinates":[[[[11.7228,57.9903],[11.6844,57.9704],[11.7091,58.0247],[11.7198,58.0423],[11.7359,58.0417],[11.7411,58.0305],[11.7422,58.025],[11.7369,58.0044],[11.7342,57.9986],[11.7292,57.9939],[11.7228,57.9903]]]]}},{"type":"Feature","properties":{"NAME":null,"ABBREVN":null,"type":null,"weblnks":null,"SUBJECTO":null,"BORDERPRECISION":1,"PARTOF":null},"geometry":{"type":"MultiPolygon","coordinates":[[[[11.8147,58.1472],[11.8111,58.1336],[11.8064,58.1206],[11.8003,58.1169],[11.7605,58.1096],[11.8019,58.1779],[11.6139,58.2473],[11.5855,58.2402],[11.6689,58.2844],[11.6775,58.2867],[11.7089,58.2858],[11.7217,58.2847],[11.7367,58.2817],[11.7867,58.2456],[11.81,58.2244],[11.8125,58.2192],[11.8136,58.2136],[11.8158,58.1719],[11.8147,58.1472]]]]}},{"type":"Feature","properties":{"NAME":null,"ABBREVN":null,"type":null,"weblnks":null,"SUBJECTO":null,"BORDERPRECISION":1,"PARTOF":null},"geometry":{"type":"MultiPolygon","coordinates":[[[[6.0267,59.2878],[6.0372,59.2833],[6.0422,59.2792],[6.0486,59.2756],[6.0522,59.2706],[6.0569,59.2664],[6.0592,59.2608],[6.059,59.2593],[6.0203,59.254],[5.9458,59.285],[5.9619,59.2881],[5.9839,59.2903],[6.0069,59.2917],[6.0175,59.29],[6.0267,59.2878]]]]}},{"type":"Feature","properties":{"NAME":null,"ABBREVN":null,"type":null,"weblnks":null,"SUBJECTO":null,"BORDERPRECISION":1,"PARTOF":null},"geometry":{"type":"MultiPolygon","coordinates":[[[[5.1836,59.4119],[5.1944,59.4131],[5.2053,59.4094],[5.2117,59.4058],[5.2219,59.3975],[5.2856,59.3214],[5.2878,59.3158],[5.2905,59.2857],[5.2826,59.2718],[5.1766,59.3074],[5.1602,59.3443],[5.1781,59.4078],[5.1836,59.4119]]]]}},{"type":"Feature","properties":{"NAME":null,"ABBREVN":null,"type":null,"weblnks":null,"SUBJECTO":null,"BORDERPRECISION":1,"PARTOF":null},"geometry":{"type":"MultiPolygon","coordinates":[[[[5.9314,60.0747],[5.9278,60.0797],[5.9114,60.1119],[5.9097,60.1242],[5.915,60.1358],[5.9242,60.1453],[5.93,60.1492],[5.9372,60.1525],[5.9542,60.1578],[5.9781,60.1606],[5.9906,60.1608],[5.9986,60.1581],[6.0169,60.1467],[6.0206,60.1417],[6.025,60.1306],[6.0244,60.1236],[6.0225,60.1175],[6.0178,60.1128],[6.0061,60.1047],[5.9989,60.1017],[5.9903,60.0989],[5.9706,60.0953],[5.9619,60.0928],[5.9547,60.0894],[5.9314,60.0747]]]]}},{"type":"Feature","properties":{"NAME":null,"ABBREVN":null,"type":null,"weblnks":null,"SUBJECTO":null,"BORDERPRECISION":1,"PARTOF":null},"geometry":{"type":"MultiPolygon","coordinates":[[[[5.1044,60.2672],[5.1058,60.2568],[5.0962,60.2641],[5.1044,60.2672]]]]}},{"type":"Feature","properties":{"NAME":null,"ABBREVN":null,"type":null,"weblnks":null,"SUBJECTO":null,"BORDERPRECISION":1,"PARTOF":null},"geometry":{"type":"MultiPolygon","coordinates":[[[[5.5511,60.5089],[5.4683,60.5815],[5.5303,60.6053],[5.5561,60.6131],[5.5633,60.6164],[5.5814,60.6283],[5.5844,60.6339],[5.5883,60.6461],[5.5908,60.6592],[5.5892,60.6717],[5.5897,60.6786],[5.5928,60.6839],[5.6086,60.6886],[5.6189,60.6903],[5.63,60.6889],[5.6758,60.6831],[5.6825,60.6794],[5.6892,60.6744],[5.6936,60.6433],[5.6817,60.4728],[5.6772,60.468],[5.6061,60.4372],[5.55,60.4314],[5.5275,60.4292],[5.515,60.43],[5.5053,60.4322],[5.4836,60.4422],[5.465,60.4536],[5.4641,60.4542],[5.5511,60.5089]]]]}},{"type":"Feature","properties":{"NAME":null,"ABBREVN":null,"type":null,"weblnks":null,"SUBJECTO":null,"BORDERPRECISION":1,"PARTOF":null},"geometry":{"type":"MultiPolygon","coordinates":[[[[48.1233,29.9602],[48.1169,29.9686],[48.1139,29.9728],[48.1122,29.9783],[48.1164,29.9817],[48.1228,29.9836],[48.1522,29.9919],[48.1594,29.9928],[48.1728,29.9903],[48.1783,29.988],[48.1885,29.9819],[48.1992,29.9664],[48.2083,29.9547],[48.2135,29.9483],[48.2118,29.9481],[48.1233,29.9602]]]]}},{"type":"Feature","properties":{"NAME":null,"ABBREVN":null,"type":null,"weblnks":null,"SUBJECTO":null,"BORDERPRECISION":1,"PARTOF":null},"geometry":{"type":"MultiPolygon","coordinates":[[[[48.0108,29.9668],[48.0092,29.9678],[48.0086,29.9739],[48.0119,29.9856],[48.0186,29.9936],[48.0378,30.0111],[48.0522,30.0192],[48.0642,30.0225],[48.0914,30.0261],[48.1064,30.025],[48.1117,30.023],[48.1142,30.0181],[48.11,30.0147],[48.0467,29.9761],[48.0387,29.9717],[48.0283,29.9731],[48.0108,29.9668]]]]}},{"type":"Feature","properties":{"NAME":null,"ABBREVN":null,"type":null,"weblnks":null,"SUBJECTO":null,"BORDERPRECISION":1,"PARTOF":null},"geometry":{"type":"MultiPolygon","coordinates":[[[[48.3556,45.803],[48.3565,45.8032],[48.3352,45.7894],[48.3358,45.7925],[48.3378,45.7972],[48.343,45.8],[48.3556,45.803]]]]}},{"type":"Feature","properties":{"NAME":null,"ABBREVN":null,"type":null,"weblnks":null,"SUBJECTO":null,"BORDERPRECISION":1,"PARTOF":null},"geometry":{"type":"MultiPolygon","coordinates":[[[[56.4644,27.1072],[56.47,27.1086],[56.4979,27.0906],[56.455,27.1008],[56.4644,27.1072]]]]}},{"type":"Feature","properties":{"NAME":null,"ABBREVN":null,"type":null,"weblnks":null,"SUBJECTO":null,"BORDERPRECISION":1,"PARTOF":null},"geometry":{"type":"MultiPolygon","coordinates":[[[[69.5422,66.7461],[69.5407,66.7525],[69.543,66.7592],[69.5544,66.7639],[69.5692,66.7672],[69.585,66.7683],[69.7014,66.763],[69.7353,66.76],[69.7528,66.7572],[69.7674,66.7541],[69.5422,66.7461]]]]}},{"type":"Feature","properties":{"NAME":null,"ABBREVN":null,"type":null,"weblnks":null,"SUBJECTO":null,"BORDERPRECISION":1,"PARTOF":null},"geometry":{"type":"MultiPolygon","coordinates":[[[[69.1383,66.7997],[69.153,66.8033],[69.1844,66.8066],[69.2022,66.8072],[69.2186,66.8072],[69.2339,66.8017],[69.2522,66.79],[69.2669,66.7858],[69.2828,66.7869],[69.4058,66.8055],[69.4222,66.8053],[69.4578,66.7986],[69.4669,66.7928],[69.485,66.7811],[69.4939,66.7753],[69.4937,66.7585],[69.498,66.7497],[69.5036,66.7447],[69.4598,66.7431],[69.4408,66.758],[69.4317,66.7642],[69.4194,66.7697],[69.4019,66.7725],[69.3225,66.7672],[69.3072,66.7647],[69.2925,66.7611],[69.2893,66.7532],[69.2936,66.7433],[69.2831,66.7375],[69.2678,66.735],[69.2508,66.7364],[69.1664,66.7655],[69.1542,66.7711],[69.1266,66.7886],[69.1272,66.7953],[69.1383,66.7997]]]]}},{"type":"Feature","properties":{"NAME":null,"ABBREVN":null,"type":null,"weblnks":null,"SUBJECTO":null,"BORDERPRECISION":1,"PARTOF":null},"geometry":{"type":"MultiPolygon","coordinates":[[[[69.7892,66.7803],[69.8008,66.7836],[69.8178,66.7822],[69.9361,66.7639],[69.9536,66.7611],[69.9905,66.7505],[70.0389,66.7355],[70.0478,66.7297],[70.0423,66.7274],[69.8478,66.7488],[69.8369,66.7511],[69.8176,66.7556],[69.7917,66.7739],[69.7892,66.7803]]]]}},{"type":"Feature","properties":{"NAME":null,"ABBREVN":null,"type":null,"weblnks":null,"SUBJECTO":null,"BORDERPRECISION":1,"PARTOF":null},"geometry":{"type":"MultiPolygon","coordinates":[[[[23.5383,59.9603],[23.5494,59.9597],[23.7233,59.9339],[23.7294,59.9319],[23.7264,59.9297],[23.7058,59.9272],[23.6494,59.9208],[23.6164,59.9256],[23.5967,59.9239],[23.5072,59.9156],[23.4022,59.9008],[23.3911,59.9014],[23.3806,59.9031],[23.3728,59.9064],[23.37,59.9114],[23.3708,59.9169],[23.3839,59.9258],[23.5183,59.9586],[23.5278,59.9597],[23.5383,59.9603]]]]}},{"type":"Feature","properties":{"NAME":null,"ABBREVN":null,"type":null,"weblnks":null,"SUBJECTO":null,"BORDERPRECISION":1,"PARTOF":null},"geometry":{"type":"MultiPolygon","coordinates":[[[[23.0542,59.9586],[23.0681,59.9556],[23.0725,59.9511],[23.0719,59.9455],[23.0561,59.9033],[23.05,59.8986],[23.0479,59.8983],[22.9821,59.9325],[22.9616,59.9577],[22.9819,59.9586],[23.0019,59.9605],[23.0542,59.9586]]]]}},{"type":"Feature","properties":{"NAME":null,"ABBREVN":null,"type":null,"weblnks":null,"SUBJECTO":null,"BORDERPRECISION":1,"PARTOF":null},"geometry":{"type":"MultiPolygon","coordinates":[[[[22.4436,60.2133],[22.4497,60.2183],[22.4575,60.2214],[22.4678,60.2219],[22.4742,60.218],[22.4753,60.2128],[22.5878,60.2025],[22.6453,60.2108],[22.7325,60.22],[22.8244,60.2272],[22.8314,60.2053],[22.6246,60.2011],[22.4196,60.1307],[22.4153,60.1522],[22.4303,60.1944],[22.4436,60.2133]]]]}},{"type":"Feature","properties":{"NAME":null,"ABBREVN":null,"type":null,"weblnks":null,"SUBJECTO":null,"BORDERPRECISION":1,"PARTOF":null},"geometry":{"type":"MultiPolygon","coordinates":[[[[25.5678,60.2502],[25.5617,60.2606],[25.5611,60.2658],[25.5767,60.2908],[25.5856,60.2931],[25.5953,60.2919],[25.6047,60.2886],[25.6739,60.2505],[25.6797,60.2464],[25.6819,60.2417],[25.6772,60.235],[25.6589,60.2189],[25.5805,60.2623],[25.5678,60.2502]]]]}},{"type":"Feature","properties":{"NAME":null,"ABBREVN":null,"type":null,"weblnks":null,"SUBJECTO":null,"BORDERPRECISION":1,"PARTOF":null},"geometry":{"type":"MultiPolygon","coordinates":[[[[22.3411,60.2883],[22.3422,60.2831],[22.3406,60.2793],[22.2207,60.2588],[22.217,60.2603],[22.2189,60.2697],[22.2092,60.2725],[22.1782,60.2766],[22.104,60.3079],[22.2058,60.3092],[22.2172,60.3089],[22.2419,60.3064],[22.3181,60.2933],[22.3411,60.2883]]]]}},{"type":"Feature","properties":{"NAME":null,"ABBREVN":null,"type":null,"weblnks":null,"SUBJECTO":null,"BORDERPRECISION":1,"PARTOF":null},"geometry":{"type":"MultiPolygon","coordinates":[[[[22.3967,60.3511],[22.4028,60.3494],[22.4722,60.3278],[22.4769,60.3236],[22.4736,60.3183],[22.4675,60.3136],[22.4606,60.3094],[22.4528,60.3064],[22.4189,60.2964],[22.3833,60.2883],[22.3736,60.2869],[22.3153,60.3167],[22.3253,60.3347],[22.3311,60.3397],[22.3389,60.3428],[22.3967,60.3511]]]]}},{"type":"Feature","properties":{"NAME":null,"ABBREVN":null,"type":null,"weblnks":null,"SUBJECTO":null,"BORDERPRECISION":1,"PARTOF":null},"geometry":{"type":"MultiPolygon","coordinates":[[[[21.8075,60.4656],[21.8161,60.4678],[21.8267,60.4664],[21.8964,60.4444],[21.9333,60.4167],[21.9967,60.3589],[21.9975,60.3528],[21.931,60.3808],[21.7887,60.402],[21.805,60.4594],[21.8075,60.4656]]]]}},{"type":"Feature","properties":{"NAME":null,"ABBREVN":null,"type":null,"weblnks":null,"SUBJECTO":null,"BORDERPRECISION":1,"PARTOF":null},"geometry":{"type":"MultiPolygon","coordinates":[[[[21.7367,60.5242],[21.7456,60.5264],[21.7569,60.5261],[21.7633,60.5225],[21.7639,60.5158],[21.7575,60.5031],[21.7517,60.4983],[21.6917,60.4503],[21.6844,60.4528],[21.685,60.4586],[21.6889,60.4694],[21.695,60.4822],[21.6992,60.4889],[21.73,60.5203],[21.7367,60.5242]]]]}},{"type":"Feature","properties":{"NAME":null,"ABBREVN":null,"type":null,"weblnks":null,"SUBJECTO":null,"BORDERPRECISION":1,"PARTOF":null},"geometry":{"type":"MultiPolygon","coordinates":[[[[28.693,60.2678],[28.6764,60.2672],[28.6633,60.2683],[28.638,60.2744],[28.6272,60.2783],[28.5967,60.2908],[28.5878,60.2955],[28.5739,60.3069],[28.5606,60.3272],[28.5511,60.3494],[28.5642,60.3519],[28.6083,60.3492],[28.6192,60.3455],[28.6252,60.3427],[28.6392,60.3386],[28.6953,60.3203],[28.7061,60.3164],[28.715,60.3114],[28.7161,60.3033],[28.7094,60.2878],[28.7025,60.2722],[28.693,60.2678]]]]}},{"type":"Feature","properties":{"NAME":null,"ABBREVN":null,"type":null,"weblnks":null,"SUBJECTO":null,"BORDERPRECISION":1,"PARTOF":null},"geometry":{"type":"MultiPolygon","coordinates":[[[[27.6287,61.3834],[27.6586,61.3546],[27.6766,61.3104],[27.6371,61.2732],[27.5879,61.2663],[27.4754,61.3151],[27.3676,61.369],[27.328,61.4002],[27.3604,61.4217],[27.4179,61.4373],[27.5089,61.4085],[27.5557,61.3966],[27.6287,61.3834]]]]}},{"type":"Feature","properties":{"NAME":null,"ABBREVN":null,"type":null,"weblnks":null,"SUBJECTO":null,"BORDERPRECISION":1,"PARTOF":null},"geometry":{"type":"MultiPolygon","coordinates":[[[[27.7496,61.4014],[27.7122,61.4028],[27.6622,61.4349],[27.564,61.4564],[27.5196,61.4852],[27.5484,61.4912],[27.5903,61.4864],[27.6658,61.4828],[27.7005,61.4876],[27.7122,61.5338],[27.7316,61.5475],[27.7939,61.5379],[27.8586,61.5187],[27.9232,61.5259],[27.9463,61.5275],[27.9688,61.5032],[27.9593,61.4804],[27.9137,61.4421],[27.7976,61.4049],[27.7496,61.4014]]]]}},{"type":"Feature","properties":{"NAME":null,"ABBREVN":null,"type":null,"weblnks":null,"SUBJECTO":null,"BORDERPRECISION":1,"PARTOF":null},"geometry":{"type":"MultiPolygon","coordinates":[[[[28.2861,61.6226],[28.2807,61.6645],[28.2773,61.7097],[28.3281,61.7295],[28.3876,61.7119],[28.4756,61.7229],[28.5154,61.6987],[28.5364,61.6215],[28.4935,61.6017],[28.4592,61.5584],[28.4449,61.5157],[28.4956,61.4782],[28.4945,61.444],[28.4162,61.4165],[28.307,61.4076],[28.2401,61.3942],[28.2256,61.4429],[28.2454,61.4727],[28.2553,61.4969],[28.2398,61.5234],[28.2426,61.5391],[28.3082,61.5818],[28.2861,61.6226]]]]}},{"type":"Feature","properties":{"NAME":null,"ABBREVN":null,"type":null,"weblnks":null,"SUBJECTO":null,"BORDERPRECISION":1,"PARTOF":null},"geometry":{"type":"MultiPolygon","coordinates":[[[[29.4033,61.9749],[29.3418,61.9708],[29.3271,61.944],[29.3093,61.8695],[29.2546,61.8075],[29.1369,61.7754],[28.9897,61.8021],[28.9442,61.8731],[28.8277,61.9628],[28.7141,61.9949],[28.6912,62.0364],[28.7033,62.0819],[28.8091,62.0819],[28.9389,62.1046],[29.0191,62.1248],[29.1024,62.1177],[29.1865,62.1221],[29.232,62.1261],[29.3223,62.1296],[29.3632,62.1046],[29.4422,62.0377],[29.477,61.9668],[29.4742,61.9507],[29.4448,61.9481],[29.4033,61.9749]]]]}},{"type":"Feature","properties":{"NAME":null,"ABBREVN":null,"type":null,"weblnks":null,"SUBJECTO":null,"BORDERPRECISION":1,"PARTOF":null},"geometry":{"type":"MultiPolygon","coordinates":[[[[35.2018,61.8391],[35.1604,61.8586],[35.1707,61.9057],[35.1956,61.9879],[35.2518,62.0797],[35.308,62.0766],[35.3393,62.0328],[35.3471,61.9978],[35.3258,61.9354],[35.2736,61.8703],[35.2018,61.8391]]]]}},{"type":"Feature","properties":{"NAME":null,"ABBREVN":null,"type":null,"weblnks":null,"SUBJECTO":null,"BORDERPRECISION":1,"PARTOF":null},"geometry":{"type":"MultiPolygon","coordinates":[[[[28.1088,62.7878],[28.1088,62.7551],[28.0716,62.7458],[28.0107,62.7753],[27.8863,62.8344],[27.842,62.911],[27.8494,62.9514],[27.9034,62.9729],[27.9859,62.9772],[27.9906,62.9775],[28.0621,62.976],[28.0748,62.9352],[28.0994,62.8516],[28.1088,62.7878]]]]}},{"type":"Feature","properties":{"NAME":null,"ABBREVN":null,"type":null,"weblnks":null,"SUBJECTO":null,"BORDERPRECISION":1,"PARTOF":null},"geometry":{"type":"MultiPolygon","coordinates":[[[[40.4556,64.5647],[40.4401,64.5662],[40.4465,64.6202],[40.455,64.6119],[40.4758,64.5794],[40.4789,64.5728],[40.4714,64.5661],[40.4556,64.5647]]]]}},{"type":"Feature","properties":{"NAME":null,"ABBREVN":null,"type":null,"weblnks":null,"SUBJECTO":null,"BORDERPRECISION":1,"PARTOF":null},"geometry":{"type":"MultiPolygon","coordinates":[[[[40.2855,64.9194],[40.2042,64.9815],[40.2039,64.9847],[40.2097,64.9925],[40.223,64.9886],[40.2297,64.975],[40.273,64.9519],[40.2789,64.9458],[40.2822,64.9391],[40.2855,64.9194]]]]}},{"type":"Feature","properties":{"NAME":null,"ABBREVN":null,"type":null,"weblnks":null,"SUBJECTO":null,"BORDERPRECISION":1,"PARTOF":null},"geometry":{"type":"MultiPolygon","coordinates":[[[[5.1297,60.6158],[5.1403,60.6069],[5.1558,60.5872],[5.1583,60.5817],[5.1588,60.5789],[5.1102,60.5864],[5.0722,60.5956],[5.0715,60.5958],[4.9804,60.6892],[4.9915,60.7081],[5.1297,60.6158]]]]}},{"type":"Feature","properties":{"NAME":null,"ABBREVN":null,"type":null,"weblnks":null,"SUBJECTO":null,"BORDERPRECISION":1,"PARTOF":null},"geometry":{"type":"MultiPolygon","coordinates":[[[[17.5144,62.4144],[17.5261,62.3944],[17.3927,62.4206],[17.3692,62.4667],[17.3672,62.4717],[17.3733,62.4744],[17.4631,62.4617],[17.4722,62.4583],[17.5144,62.4144]]]]}},{"type":"Feature","properties":{"NAME":null,"ABBREVN":null,"type":null,"weblnks":null,"SUBJECTO":null,"BORDERPRECISION":1,"PARTOF":null},"geometry":{"type":"MultiPolygon","coordinates":[[[[8.4445,63.1598],[8.4723,63.1755],[8.5245,63.2339],[8.5578,63.2144],[8.5722,63.2006],[8.5761,63.1894],[8.5747,63.1825],[8.5675,63.1767],[8.5525,63.1711],[8.5236,63.1639],[8.4878,63.1603],[8.4445,63.1598]]]]}},{"type":"Feature","properties":{"NAME":null,"ABBREVN":null,"type":null,"weblnks":null,"SUBJECTO":null,"BORDERPRECISION":1,"PARTOF":null},"geometry":{"type":"MultiPolygon","coordinates":[[[[8.6711,63.3372],[8.6656,63.3325],[8.6461,63.3278],[8.635,63.3261],[8.6042,63.3231],[8.6059,63.3251],[8.6725,63.3401],[8.6711,63.3372]]]]}},{"type":"Feature","properties":{"NAME":null,"ABBREVN":null,"type":null,"weblnks":null,"SUBJECTO":null,"BORDERPRECISION":1,"PARTOF":null},"geometry":{"type":"MultiPolygon","coordinates":[[[[11.0547,63.7978],[11.0647,63.8],[11.1475,63.8086],[11.2072,63.8142],[11.2228,63.8133],[11.2278,63.8089],[11.2294,63.8031],[11.2247,63.7978],[11.2164,63.7964],[11.2036,63.7956],[11.1486,63.7903],[11.1136,63.7786],[11.07,63.7636],[11.0628,63.7597],[11.0347,63.7439],[11.0222,63.7447],[11.0172,63.7492],[11.0142,63.7542],[11.0142,63.7603],[11.0175,63.7664],[11.0222,63.7717],[11.0281,63.7764],[11.0547,63.7978]]]]}},{"type":"Feature","properties":{"NAME":null,"ABBREVN":null,"type":null,"weblnks":null,"SUBJECTO":null,"BORDERPRECISION":1,"PARTOF":null},"geometry":{"type":"MultiPolygon","coordinates":[[[[12.3008,65.0919],[12.285,65.0844],[12.2664,65.0789],[12.2189,65.065],[12.1989,65.06],[12.1564,65.0514],[12.1297,65.0503],[12.0461,65.0637],[12.1121,65.1299],[12.2222,65.1011],[12.3161,65.1036],[12.3114,65.0989],[12.3008,65.0919]]]]}},{"type":"Feature","properties":{"NAME":null,"ABBREVN":null,"type":null,"weblnks":null,"SUBJECTO":null,"BORDERPRECISION":1,"PARTOF":null},"geometry":{"type":"MultiPolygon","coordinates":[[[[12.4956,65.3846],[12.2841,65.4349],[12.3743,65.5191],[12.3961,65.5056],[12.4394,65.4717],[12.4444,65.4672],[12.5028,65.3919],[12.4956,65.3846]]]]}},{"type":"Feature","properties":{"NAME":null,"ABBREVN":null,"type":null,"weblnks":null,"SUBJECTO":null,"BORDERPRECISION":1,"PARTOF":null},"geometry":{"type":"MultiPolygon","coordinates":[[[[14.2194,67.0359],[14.2081,67.0072],[14.2006,67.0028],[14.1919,66.9994],[14.1789,66.998],[14.1644,66.9978],[14.1568,67.0126],[14.2194,67.0359]]]]}},{"type":"Feature","properties":{"NAME":null,"ABBREVN":null,"type":null,"weblnks":null,"SUBJECTO":null,"BORDERPRECISION":1,"PARTOF":null},"geometry":{"type":"MultiPolygon","coordinates":[[[[15.9228,67.9908],[15.9233,67.985],[15.9033,67.9789],[15.8818,67.9773],[15.8956,68.0034],[15.8992,68.0025],[15.9178,67.9953],[15.9228,67.9908]]]]}},{"type":"Feature","properties":{"NAME":"Volga-Kamm","ABBREVN":"Volga-Kamm","type":null,"weblnks":null,"SUBJECTO":"Volga-Kamm","BORDERPRECISION":1,"PARTOF":"Volga-Kamm"},"geometry":{"type":"MultiPolygon","coordinates":[[[[47.5421,54.8388],[47.6686,55.9521],[50.2824,57.1773],[54.2736,58.1598],[55.4773,59.5039],[56.6177,59.6322],[57.1245,58.1932],[56.4276,56.414],[54.1469,55.1676],[50.0924,54.6211],[49.1922,54.5283],[48.9079,54.5481],[48.9088,54.5496],[48.8955,54.5815],[48.9426,54.6166],[48.9731,54.6412],[48.9761,54.6669],[48.9863,54.7276],[49.0807,54.7757],[49.0979,54.8005],[49.0303,54.8087],[48.9693,54.8281],[48.9398,54.9017],[49.0085,54.9701],[49.1364,54.9979],[49.2244,55.0233],[49.3197,55.0138],[49.3961,55.0161],[49.4455,55.0516],[49.4521,55.0736],[49.4607,55.1141],[49.5232,55.1339],[49.6925,55.1907],[49.8107,55.2437],[49.892,55.2937],[50.7345,55.4071],[50.7636,55.4289],[50.8771,55.4521],[51.0711,55.415],[51.1298,55.393],[51.1843,55.3574],[51.2188,55.4001],[51.1984,55.4412],[51.1742,55.4635],[51.2059,55.4887],[51.4104,55.441],[51.5237,55.503],[51.5502,55.5584],[51.615,55.5654],[51.7145,55.5928],[51.7277,55.643],[51.7484,55.6753],[51.7996,55.6839],[51.8858,55.6708],[51.9365,55.6991],[51.8747,55.7036],[51.7635,55.7205],[51.635,55.6459],[51.5215,55.6323],[51.4608,55.701],[51.4716,55.795],[51.4803,55.8327],[51.4481,55.8123],[51.4137,55.7745],[51.398,55.6849],[51.4666,55.5898],[51.4691,55.5113],[51.4139,55.4944],[51.3534,55.4956],[51.3311,55.4989],[51.255,55.5262],[51.1258,55.5011],[50.8339,55.4795],[50.6752,55.4506],[50.4814,55.46],[50.3791,55.4305],[50.2248,55.4384],[50.0896,55.4628],[49.9999,55.415],[49.7883,55.3835],[49.5828,55.3902],[49.4549,55.4036],[49.3713,55.4648],[49.3677,55.5243],[49.3674,55.5444],[49.329,55.5178],[49.3319,55.4516],[49.3281,55.3789],[49.358,55.3391],[49.3033,55.3234],[49.2335,55.3379],[49.1889,55.3812],[49.1195,55.4759],[49.059,55.4827],[49.0477,55.4428],[49.1035,55.3529],[49.1723,55.2927],[49.1595,55.1631],[48.9769,55.074],[48.8595,55.0116],[48.8638,54.8708],[48.8315,54.8037],[48.8082,54.7329],[48.7451,54.675],[48.5515,54.6522],[48.442,54.6078],[47.5421,54.8388]]]]}},{"type":"Feature","properties":{"NAME":"Stentinello culture","ABBREVN":"Stentinello culture","type":"culture","weblnks":null,"SUBJECTO":"Stentinello culture","BORDERPRECISION":1,"PARTOF":"Stentinello culture"},"geometry":{"type":"MultiPolygon","coordinates":[[[[15.0919,37.3497],[15.0939,37.3428],[15.1158,37.3053],[15.1162,37.2869],[15.1538,37.2405],[15.1869,37.1839],[15.2039,37.1575],[15.2294,37.1261],[15.2319,37.1236],[15.2517,37.1117],[15.2561,37.1103],[15.2595,37.1097],[15.3013,37.0579],[15.2206,37.0004],[15.1616,36.9225],[15.1528,36.9164],[15.1486,36.9103],[15.1388,36.8924],[15.1234,36.8719],[15.0273,36.7451],[14.9424,36.7386],[14.622,36.7761],[14.4118,36.9176],[14.4103,36.9197],[14.3939,36.9425],[14.3736,36.9664],[14.3537,36.9839],[14.3406,36.9947],[14.2839,37.0369],[14.2689,37.0481],[14.2458,37.0622],[14.1536,37.0964],[14.1364,37.1017],[14.1097,37.1089],[14.0939,37.1108],[14.0187,37.1104],[13.8684,37.157],[13.6083,37.2687],[13.259,37.4186],[13.2567,37.4219],[13.2183,37.4553],[13.1667,37.4878],[13.1589,37.4911],[13.1492,37.493],[13.0858,37.493],[12.99,37.5369],[12.98,37.5461],[12.9708,37.5525],[12.9536,37.5622],[12.9253,37.5725],[12.9206,37.5736],[12.8025,37.58],[12.7831,37.578],[12.7561,37.5731],[12.735,37.5678],[12.7324,37.5671],[12.6369,37.5815],[12.5796,37.6127],[12.5239,37.6521],[12.4541,37.766],[12.5166,37.9192],[12.6643,38.0725],[12.7682,38.1119],[12.8217,38.0689],[12.8758,38.0303],[12.8922,38.0244],[12.8967,38.0233],[12.9067,38.023],[12.9167,38.0239],[12.9306,38.0258],[12.9556,38.0328],[13.0192,38.0589],[13.046,38.0705],[13.066,38.0669],[13.3179,38.2178],[13.3206,38.2167],[13.3569,38.1883],[13.3589,38.1856],[13.3689,38.1667],[13.3753,38.1539],[13.3753,38.1497],[13.3686,38.1408],[13.3628,38.1286],[13.3636,38.1247],[13.3697,38.1161],[13.3725,38.1136],[13.3825,38.1075],[13.7114,37.9767],[13.7525,37.9714],[13.7689,37.9706],[13.7911,37.9722],[13.7922,37.9725],[13.8095,37.9664],[14.1345,37.9735],[14.7659,38.0576],[15.0581,38.1273],[15.075,38.1217],[15.0867,38.1208],[15.0908,38.1217],[15.1025,38.1258],[15.1508,38.1456],[15.173,38.1546],[15.3867,38.2055],[15.4537,38.1674],[15.4729,38.1101],[15.4225,38.0526],[15.2923,37.8529],[15.2353,37.7853],[15.2197,37.7644],[15.219,37.7404],[15.181,37.6823],[15.1344,37.5312],[15.1186,37.5194],[15.0983,37.4986],[15.0936,37.493],[15.0914,37.49],[15.0867,37.4794],[15.0858,37.4631],[15.0911,37.358],[15.0919,37.3497]]],[[[14.5193,42.2297],[14.7153,42.1438],[14.715,42.1419],[14.7206,42.1075],[14.7228,42.1006],[14.7293,42.0942],[14.7385,42.0472],[14.9224,41.9718],[15.4486,41.8567],[16.0128,41.9043],[16.1874,41.8409],[16.1932,41.7906],[16.19,41.7811],[16.165,41.7578],[16.1389,41.7406],[16.0306,41.6769],[15.9861,41.6555],[15.9744,41.6508],[15.9436,41.6428],[15.9319,41.6383],[15.9247,41.6347],[15.915,41.6281],[15.9,41.6164],[15.8953,41.6103],[15.8917,41.593],[15.8903,41.5839],[15.8897,41.5711],[15.8911,41.5594],[15.8956,41.5369],[15.8982,41.5306],[15.8733,41.5021],[15.991,41.4061],[16.4203,41.2787],[16.4429,41.2707],[16.4919,41.2522],[16.6578,41.1914],[16.7105,41.1766],[16.946,41.0938],[17.2586,40.956],[17.3193,40.9293],[17.3735,40.904],[17.4719,40.83],[17.4753,40.8278],[17.4964,40.8197],[17.7055,40.7495],[18.0305,40.5982],[18.0364,40.5797],[18.0353,40.5758],[18.0386,40.5569],[18.0397,40.5536],[18.0495,40.5469],[18.0599,40.5135],[18.3836,40.3078],[18.5149,40.1061],[18.5139,40.0986],[18.4797,40.0453],[18.4744,40.04],[18.4678,40.0358],[18.4475,40.0297],[18.4403,40.0264],[18.4197,39.9958],[18.4178,39.9922],[18.3994,39.9361],[18.395,39.9139],[18.3947,39.9097],[18.3972,39.9031],[18.4011,39.8969],[18.4017,39.8933],[18.3914,39.8181],[18.3908,39.8144],[18.3781,39.8006],[18.3725,39.7958],[18.3494,39.7919],[18.3314,39.805],[18.3281,39.8072],[18.3069,39.8192],[18.3031,39.8208],[18.2658,39.8317],[18.2486,39.8331],[18.2269,39.8333],[18.2239,39.8338],[18.1601,39.8731],[18.0435,39.9341],[18.035,39.9444],[18.0112,39.9738],[18.0052,40.0006],[18.01,39.9992],[18.0144,40],[18.0197,40.0056],[18.0222,40.0136],[18.0222,40.0178],[18.0156,40.0942],[18.015,40.0978],[18.0092,40.1067],[17.9679,40.1662],[17.9677,40.1669],[17.9672,40.1673],[17.9064,40.255],[17.8592,40.2836],[17.8553,40.2853],[17.785,40.2944],[17.7628,40.2967],[17.6789,40.3039],[17.6681,40.3042],[17.6364,40.3033],[17.55,40.2997],[17.5094,40.2969],[17.5042,40.2981],[17.3928,40.3306],[17.2074,40.406],[17.2158,40.4275],[17.2458,40.455],[17.2681,40.4733],[17.29,40.4697],[17.3103,40.4711],[17.3175,40.4747],[17.3219,40.4806],[17.3261,40.4914],[17.3242,40.4944],[17.3156,40.4975],[17.3103,40.4983],[17.1288,40.5168],[17.0841,40.5251],[17.0673,40.5197],[17.0469,40.5153],[17.0178,40.5064],[16.9983,40.4989],[16.9909,40.4948],[16.9487,40.4811],[16.9282,40.4579],[16.925,40.4556],[16.9136,40.4455],[16.8742,40.4053],[16.8638,40.3904],[16.7975,40.3186],[16.7856,40.3042],[16.7525,40.2528],[16.7469,40.2369],[16.7464,40.2325],[16.7417,40.2164],[16.7386,40.2086],[16.7071,40.1681],[16.643,40.1193],[16.6413,40.1183],[16.6372,40.1158],[16.6228,40.1039],[16.6044,40.0899],[16.6057,40.0819],[16.6047,40.0794],[16.5992,40.0456],[16.5997,40.0417],[16.6081,40.0014],[16.6114,39.9911],[16.5633,39.898],[16.5367,39.8719],[16.5003,39.8239],[16.4981,39.8208],[16.4917,39.8064],[16.4886,39.7936],[16.4867,39.78],[16.4867,39.7675],[16.4906,39.7492],[16.5281,39.6658],[16.5319,39.66],[16.5431,39.6503],[16.5542,39.6447],[16.5628,39.6417],[16.5969,39.6297],[16.6264,39.6228],[16.7068,39.6189],[16.8479,39.5554],[16.9631,39.4928],[17.0342,39.4661],[17.14,39.4028],[17.1426,39.3998],[17.124,39.3366],[17.1169,39.3189],[17.115,39.3103],[17.1141,39.303],[17.1074,39.2805],[17.1093,39.2529],[17.1161,39.1025],[17.1172,39.095],[17.1208,39.0889],[17.121,39.086],[17.125,39.0818],[17.1389,39.0581],[17.1447,39.0494],[17.1497,39.0442],[17.1667,39.0339],[17.1685,39.007],[17.0947,38.915],[17.089,38.9152],[16.9783,38.9386],[16.9733,38.9394],[16.9625,38.9397],[16.9433,38.9378],[16.9294,38.9358],[16.8658,38.9234],[16.7977,38.9259],[16.6133,38.8273],[16.5222,38.725],[16.572,38.4571],[16.3307,38.3207],[16.2819,38.2523],[16.1656,38.1392],[16.1611,38.133],[16.1583,38.1264],[16.155,38.1144],[16.1453,38.0775],[16.1414,38.0608],[16.1399,38.0532],[16.0529,37.9312],[15.9465,37.9226],[15.9228,37.9278],[15.8667,37.9261],[15.7947,37.9192],[15.7811,37.9169],[15.7758,37.9169],[15.7614,37.9198],[15.7102,37.9414],[15.6372,37.9968],[15.6364,37.9981],[15.6317,38.0117],[15.6322,38.0164],[15.6453,38.063],[15.6372,38.1756],[15.6294,38.1914],[15.6267,38.1979],[15.6267,38.2066],[15.6283,38.2242],[15.6289,38.2286],[15.6306,38.2322],[15.6544,38.2403],[15.7069,38.2564],[15.7236,38.2553],[15.7331,38.2564],[15.7417,38.2586],[15.7603,38.2661],[15.7931,38.2805],[15.7964,38.2825],[15.8097,38.2953],[15.8208,38.3097],[15.8956,38.4519],[15.9061,38.4728],[15.9206,38.5179],[15.9335,38.5399],[15.9201,38.5503],[15.92,38.5506],[15.8947,38.5761],[15.8769,38.5933],[15.8517,38.6106],[15.8394,38.615],[15.8332,38.6181],[15.8277,38.6224],[15.8275,38.6229],[15.9434,38.7027],[15.9825,38.7208],[15.9864,38.7225],[16.0236,38.7239],[16.0438,38.7236],[16.0973,38.7126],[16.0992,38.7117],[16.1042,38.7108],[16.105,38.711],[16.1522,38.7013],[16.2122,38.778],[16.2078,38.7972],[16.2094,38.8017],[16.2175,38.8297],[16.22,38.843],[16.2211,38.8686],[16.2225,38.9108],[16.2211,38.9225],[16.2192,38.9253],[16.2164,38.9269],[16.1942,38.9319],[16.1622,38.9453],[16.1575,38.9479],[16.1486,38.9557],[16.1011,39.0194],[16.0983,39.0261],[16.0642,39.1292],[16.0569,39.1797],[16.0575,39.1928],[16.0561,39.225],[16.0533,39.2564],[16.0381,39.3303],[16.0344,39.345],[16.0314,39.3511],[15.9883,39.4367],[15.9797,39.4519],[15.9778,39.455],[15.9336,39.5106],[15.9274,39.5159],[15.8465,39.6299],[15.8247,39.6606],[15.7849,39.8213],[15.7822,39.85],[15.7839,39.8586],[15.7831,39.8667],[15.7783,39.8761],[15.7654,39.8998],[15.757,39.9336],[15.6662,40.0919],[15.5727,40.0757],[15.5658,40.0764],[15.5556,40.0758],[15.5197,40.0733],[15.5111,40.0714],[15.5042,40.0678],[15.4586,40.0286],[15.4231,39.995],[15.4222,39.9944],[15.2033,40.1151],[15.1458,40.1555],[15.1289,40.1658],[15.1175,40.1714],[15.1069,40.1731],[15.099,40.1726],[15.0273,40.2122],[14.9499,40.2298],[14.9419,40.2342],[14.9272,40.2711],[14.9474,40.3095],[14.9747,40.3476],[14.9878,40.3553],[14.9897,40.3583],[14.9919,40.3667],[14.9931,40.3755],[14.9928,40.3922],[14.9906,40.3992],[14.983,40.4127],[14.951,40.5515],[14.7433,40.7048],[14.3341,40.5936],[14.3427,40.6206],[14.3544,40.6278],[14.3592,40.6267],[14.3644,40.6267],[14.3739,40.6283],[14.3847,40.6336],[14.3972,40.6425],[14.47,40.6955],[14.4756,40.7008],[14.4772,40.7042],[14.4775,40.7089],[14.4769,40.7125],[14.4753,40.7158],[14.4743,40.7177],[14.4946,40.73],[14.3703,40.8515],[14.24,40.8529],[14.1457,40.8104],[14.0739,40.8219],[14.0472,40.8603],[14.0464,40.8642],[14.0306,40.898],[14.0269,40.9044],[14.0178,40.9197],[13.9944,40.9561],[13.9839,40.9706],[13.9,41.078],[13.8372,41.1525],[13.8022,41.1897],[13.7939,41.1969],[13.7758,41.2111],[13.7377,41.2347],[13.7197,41.2475],[13.7131,41.2514],[13.7081,41.2528],[13.6958,41.2541],[13.7642,41.8493],[14.2331,42.4584],[14.4606,42.2931],[14.5193,42.2297]]]]}},{"type":"Feature","properties":{"NAME":"Early combware","ABBREVN":"Early combware","type":"culture","weblnks":null,"SUBJECTO":"Early combware","BORDERPRECISION":1,"PARTOF":"Early combware"},"geometry":{"type":"MultiPolygon","coordinates":[[[[38.8887,61.2374],[39.7366,60.9565],[42.1797,59.3502],[43.4885,57.2653],[40.042,57.383],[39.0386,57.9199],[38.5587,57.7574],[37.3372,56.7904],[34.4142,56.0424],[32.2765,56.9811],[30.0756,57.9517],[30.1735,58.273],[30.5064,59.6994],[31.1014,59.9295],[31.1062,59.9277],[31.1764,59.9258],[31.2744,59.9376],[31.3493,59.9328],[31.4014,59.9113],[31.4548,59.9072],[31.5098,59.9204],[31.5472,59.9401],[31.5672,59.9666],[31.565,59.998],[31.5409,60.0345],[31.5482,60.0719],[31.6064,60.1336],[31.6059,60.1423],[31.5969,60.1438],[31.5906,60.1556],[31.5989,60.1696],[31.6994,60.2356],[31.8433,60.2479],[32.0571,60.2265],[32.1961,60.1954],[32.2602,60.1543],[32.3615,60.1481],[32.5004,60.1765],[32.5839,60.2089],[32.6123,60.2454],[32.6144,60.2858],[32.5902,60.3302],[32.5949,60.3546],[32.6559,60.3717],[32.6767,60.3924],[32.664,60.4271],[32.6179,60.4756],[32.5965,60.5111],[32.5999,60.5335],[32.6417,60.5369],[32.7221,60.5211],[32.7818,60.4882],[32.8157,60.4819],[32.8414,60.497],[32.9069,60.5859],[32.9443,60.6426],[32.9365,60.6703],[32.903,60.6935],[32.8436,60.7122],[32.8325,60.7277],[34.4142,60.9354],[35.374,60.68],[35.7597,60.8905],[35.7716,60.8864],[35.8008,60.8718],[35.8287,60.8665],[35.8551,60.8705],[35.8803,60.8783],[35.899,60.8898],[35.9099,60.9025],[35.9045,60.9166],[35.8842,60.9311],[35.8803,60.9478],[35.9148,60.9668],[35.9763,60.9939],[36.0368,61.0297],[36.0987,61.0626],[36.1628,61.0828],[36.2241,61.0965],[36.2793,61.1138],[36.325,61.1355],[36.3639,61.1597],[36.3869,61.1841],[36.3946,61.2062],[36.3885,61.225],[36.3846,61.2314],[37.3372,61.7512],[38.6494,61.3166],[38.6475,61.2734],[38.6632,61.2165],[38.6971,61.1985],[38.7613,61.1955],[38.8365,61.2066],[38.8856,61.2288],[38.8887,61.2374]],[[31.2983,58.4766],[31.2517,58.4254],[31.1702,58.3595],[31.08,58.3316],[31.0194,58.3197],[30.9549,58.2844],[30.857,58.2391],[30.8762,58.2141],[31.1562,58.1713],[31.394,58.142],[31.4465,58.2059],[31.531,58.2302],[31.6306,58.2073],[31.6883,58.2023],[31.647,58.3084],[31.6457,58.3514],[31.6534,58.3687],[31.6371,58.388],[31.5182,58.3726],[31.5107,58.3889],[31.4302,58.4166],[31.3743,58.4292],[31.2983,58.4766]],[[37.7678,58.6176],[37.7148,58.6175],[37.6323,58.6362],[37.6209,58.6262],[37.6666,58.5725],[37.6611,58.5575],[37.6087,58.5453],[37.5646,58.5528],[37.5377,58.6127],[37.4592,58.6339],[37.4104,58.67],[37.4104,58.6891],[37.4229,58.7266],[37.3723,58.7314],[37.3079,58.76],[37.1508,58.8487],[37.1692,58.7256],[37.1546,58.7065],[37.1553,58.695],[37.3168,58.6574],[37.4169,58.6131],[37.5071,58.5354],[37.8972,58.2918],[37.944,58.3009],[38.1487,58.2486],[38.2205,58.2373],[38.251,58.1987],[38.2496,58.1027],[38.2592,58.0709],[38.2811,58.0539],[38.3102,58.0406],[38.3692,58.0316],[38.4153,58.0156],[38.4371,58.0175],[38.4369,58.0356],[38.357,58.1001],[38.3831,58.1219],[38.6117,58.1131],[38.681,58.1082],[38.704,58.1131],[38.6979,58.133],[38.6192,58.2013],[38.6383,58.2203],[38.6917,58.207],[38.7795,58.1348],[38.8052,58.122],[38.8188,58.1348],[38.8121,58.2507],[38.8305,58.2956],[38.8709,58.3311],[39.0053,58.3581],[39.0004,58.3868],[38.9703,58.4408],[39.0037,58.4756],[38.9893,58.4956],[38.7528,58.5469],[38.61,58.6366],[38.4273,58.747],[38.1194,58.9546],[38.047,58.9942],[37.9199,59.0421],[37.8577,59.0751],[37.8664,59.0941],[37.9102,59.1027],[38.1705,59.065],[38.2395,59.0627],[38.3315,59.0926],[38.4073,59.1523],[38.4146,59.1734],[38.294,59.1613],[38.1829,59.2031],[38.1433,59.2098],[38.124,59.2029],[38.1764,59.1482],[38.1805,59.1321],[38.1797,59.1133],[38.1594,59.1016],[38.1162,59.1026],[38.0272,59.1281],[38.0074,59.1437],[38.0016,59.1598],[37.9873,59.1768],[37.94,59.1741],[37.8429,59.1553],[37.6449,59.1568],[37.64,59.1377],[37.6763,59.1023],[37.6956,59.064],[37.6732,59.0252],[37.6089,58.989],[37.4991,58.9442],[37.4844,58.9272],[37.4658,58.8746],[37.4713,58.8571],[37.5014,58.8448],[37.5812,58.8988],[37.6424,58.9189],[37.7137,58.9277],[37.7772,58.9262],[37.8283,58.9141],[37.8694,58.8971],[37.9176,58.8583],[37.9959,58.8617],[38.0239,58.7459],[37.9613,58.7436],[37.9417,58.7355],[37.9453,58.7203],[37.9842,58.6924],[37.9877,58.6722],[38.0955,58.6345],[38.1031,58.6195],[38.0738,58.5916],[38.0739,58.5419],[37.9949,58.5504],[37.7678,58.6176]],[[37.737,60.3294],[37.5422,60.3187],[37.3999,60.2889],[37.2863,60.2334],[37.2311,60.1857],[37.232,60.1645],[37.2799,60.1312],[37.3967,60.098],[37.469,60.0878],[37.715,60.0774],[37.8232,60.0787],[37.9684,60.0857],[37.999,60.1033],[38.0042,60.1606],[37.9812,60.2392],[37.8984,60.3008],[37.737,60.3294]],[[39.0535,59.8685],[39.0525,59.8387],[39.1939,59.7469],[39.4021,59.6243],[39.5525,59.5459],[39.7344,59.4798],[39.7981,59.5252],[39.7641,59.5459],[39.7215,59.5783],[39.7442,59.6097],[39.7798,59.6378],[39.7071,59.6338],[39.5817,59.6652],[39.5109,59.7072],[39.4537,59.7114],[39.3484,59.7655],[39.3055,59.7736],[39.267,59.7825],[39.2296,59.7944],[39.192,59.8093],[39.1389,59.8417],[39.0934,59.8693],[39.0535,59.8685]],[[39.0852,60.7182],[38.9377,60.7671],[38.8658,60.7773],[38.8443,60.7343],[38.8898,60.6641],[38.892,60.5849],[38.909,60.5859],[38.9585,60.5946],[39.0083,60.5733],[39.0545,60.5229],[39.0689,60.4746],[39.0415,60.4378],[39.0278,60.4108],[39.0312,60.3953],[39.0957,60.3945],[39.1503,60.4425],[39.1876,60.4961],[39.1851,60.6169],[39.1727,60.6797],[39.0852,60.7182]]]]}},{"type":"Feature","properties":{"NAME":null,"ABBREVN":null,"type":null,"weblnks":null,"SUBJECTO":null,"BORDERPRECISION":1,"PARTOF":null},"geometry":{"type":"MultiPolygon","coordinates":[[[[20.9963,64.1633],[20.9717,64.1486],[20.9575,64.1394],[20.9542,64.1342],[20.9307,64.0938],[20.8733,64.0328],[20.8665,64.0256],[20.7228,63.8458],[20.6383,63.8133],[20.535,63.7992],[20.5081,63.8203],[20.4997,63.8228],[20.4942,63.8192],[20.4478,63.7583],[20.4187,63.6996],[20.3421,63.6674],[20.3167,63.66],[20.3069,63.6526],[20.2958,63.648],[20.2639,63.6658],[20.1,63.6558],[20.0119,63.6358],[19.8994,63.6092],[19.8931,63.6064],[19.7753,63.5333],[19.7492,63.5167],[19.7472,63.5106],[19.7489,63.5053],[19.7542,63.5011],[19.7617,63.4972],[19.7689,63.4878],[19.7792,63.4625],[19.7726,63.4575],[19.705,63.4319],[19.6831,63.4297],[19.6681,63.4314],[19.6411,63.4425],[19.6358,63.4467],[19.64,63.4592],[19.6431,63.4644],[19.6433,63.47],[19.6397,63.4747],[19.6164,63.4947],[19.5017,63.5494],[19.4756,63.5597],[19.4636,63.5611],[19.4531,63.5594],[19.4281,63.5494],[19.4228,63.5458],[19.4244,63.5406],[19.4589,63.4792],[19.3249,63.4464],[19.3183,63.4492],[19.3128,63.4533],[19.3092,63.4636],[19.2967,63.4636],[19.2894,63.4594],[19.2833,63.4544],[19.2783,63.4486],[19.2744,63.4419],[19.2758,63.4197],[19.2775,63.4089],[19.271,63.3976],[19.1948,63.3214],[19.1586,63.3153],[19.14,63.3103],[19.0586,63.2536],[19.0456,63.2444],[19.0406,63.2386],[19.0442,63.2281],[19.0497,63.2183],[19.0597,63.2164],[19.0853,63.2142],[19.0875,63.2141],[19.0759,63.2025],[19.0134,63.1886],[18.9725,63.21],[18.9669,63.2144],[18.9633,63.2189],[18.965,63.2253],[18.9653,63.2308],[18.9561,63.2453],[18.9036,63.2728],[18.8897,63.2736],[18.8116,63.2518],[18.8061,63.2503],[18.8029,63.2481],[18.8011,63.2449],[18.8034,63.2421],[18.8101,63.2404],[18.8472,63.2341],[18.8839,63.2271],[18.9081,63.2103],[18.9153,63.2067],[18.8975,63.1917],[18.7847,63.1619],[18.7758,63.1628],[18.7611,63.1703],[18.7519,63.1847],[18.7487,63.1924],[18.7522,63.1956],[18.7577,63.1971],[18.7653,63.1971],[18.7808,63.1944],[18.794,63.1959],[18.7918,63.1988],[18.7873,63.2009],[18.7807,63.2026],[18.7718,63.2036],[18.7362,63.2076],[18.7287,63.2076],[18.7223,63.2066],[18.7198,63.2038],[18.721,63.2008],[18.7356,63.1725],[18.7392,63.1678],[18.6472,63.1405],[18.5669,63.1175],[18.3822,63.0517],[18.2892,62.9972],[18.3467,62.9881],[18.3672,62.9914],[18.39,62.9933],[18.4025,62.9933],[18.4985,62.9875],[18.4866,62.9812],[18.3889,62.8534],[18.3452,62.8208],[18.2337,62.7864],[18.0863,62.7799],[18.0828,62.7811],[18.1044,62.8042],[18.1292,62.8044],[18.1383,62.8069],[18.1453,62.8111],[18.145,62.8167],[18.1378,62.8205],[18.0733,62.8367],[18.0372,62.8392],[17.985,62.8222],[17.9783,62.8181],[17.9747,62.8114],[17.9275,62.8425],[17.8722,62.9186],[17.8625,62.9331],[17.8433,62.9622],[17.8283,62.9933],[17.8203,62.9958],[17.7017,62.9956],[17.6967,62.9919],[17.7022,62.9878],[17.7306,62.9728],[17.7528,62.9619],[17.7714,62.9556],[17.7936,62.9506],[17.8347,62.9333],[17.8819,62.8836],[17.9616,62.7754],[17.8682,62.7886],[17.9018,62.6696],[17.8797,62.6694],[17.8742,62.6644],[17.8778,62.6597],[17.8853,62.6561],[17.9073,62.6502],[17.9363,62.548],[17.8995,62.5158],[17.8997,62.5157],[17.899,62.5153],[17.8433,62.4872],[17.8356,62.4839],[17.8253,62.4822],[17.8119,62.4828],[17.7897,62.4994],[17.7806,62.5025],[17.7672,62.5033],[17.7236,62.4989],[17.6933,62.4936],[17.6856,62.4903],[17.6586,62.4733],[17.6542,62.4672],[17.6617,62.4581],[17.6764,62.4508],[17.6714,62.4378],[17.6192,62.4342],[17.6058,62.435],[17.5642,62.4403],[17.5458,62.4464],[17.5383,62.45],[17.5289,62.4589],[17.5139,62.4772],[17.5044,62.4861],[17.4747,62.5064],[17.4375,62.53],[17.4225,62.5372],[17.4092,62.5381],[17.4014,62.5344],[17.3344,62.4919],[17.3289,62.4869],[17.3256,62.4803],[17.3597,62.3603],[17.3719,62.3292],[17.3758,62.3244],[17.4653,62.2655],[17.5025,62.2585],[17.5522,62.2502],[17.577,62.2472],[17.6239,62.2394],[17.6456,62.2342],[17.6547,62.2311],[17.6497,62.2275],[17.6,62.2094],[17.5567,62.1955],[17.5453,62.1969],[17.5378,62.2006],[17.5358,62.2056],[17.5386,62.2111],[17.5556,62.217],[17.567,62.2263],[17.5579,62.2351],[17.5427,62.2315],[17.5324,62.23],[17.52,62.2308],[17.5095,62.2289],[17.51,62.2046],[17.508,62.2006],[17.4833,62.1251],[17.4636,62.0064],[17.4517,61.9969],[17.445,61.9928],[17.4372,61.9894],[17.4275,61.9878],[17.4183,61.9908],[17.4086,61.9925],[17.4,61.99],[17.3933,61.9856],[17.3542,61.9511],[17.3497,61.9453],[17.3453,61.9264],[17.3364,61.8188],[16.8336,61.7341],[15.9456,60.4913],[13.9209,59.3293],[13.9043,59.3277],[13.8674,59.3346],[13.8301,59.3409],[13.8003,59.3371],[13.766,59.3309],[13.752,59.3312],[13.7439,59.3415],[13.7385,59.3595],[13.7197,59.378],[13.6797,59.3897],[13.6283,59.3899],[13.5483,59.3813],[13.4611,59.37],[13.3782,59.3641],[13.3157,59.3612],[13.2775,59.3573],[13.2611,59.3518],[13.2512,59.345],[13.2489,59.3357],[13.251,59.3245],[13.2517,59.315],[13.2457,59.3103],[13.2179,59.3105],[13.1914,59.3246],[13.1731,59.3475],[13.1549,59.3529],[13.1427,59.3423],[13.1301,59.319],[13.1182,59.2955],[13.1081,59.2838],[13.103,59.274],[13.1033,59.2546],[13.1231,59.1975],[13.1773,59.0969],[13.2211,58.9927],[13.2436,58.9305],[13.2357,58.9051],[13.1951,58.8986],[13.1598,58.9051],[13.1221,58.9208],[13.0881,58.9466],[13.0617,58.9773],[13.0406,59.0143],[12.9453,59.0477],[12.8686,59.0727],[12.8184,59.082],[12.7841,59.0762],[12.7459,59.0648],[12.7084,59.0355],[12.6967,59.018],[11.5186,59.8679],[10.3825,60.3933],[8.5972,59.2097],[8.3508,58.2368],[8.2481,58.2019],[8.2447,58.1981],[8.2439,58.1672],[8.2217,58.1239],[8.2169,58.1194],[8.2111,58.1156],[8.2019,58.1153],[8.1919,58.1169],[8.1552,58.14],[8.1322,58.1017],[8.1275,58.0969],[8.1181,58.0953],[7.9347,58.0794],[7.8094,58.0675],[7.6606,58.0442],[7.6275,58.0214],[7.6206,58.0183],[7.6111,58.0167],[7.5597,58.0108],[7.5283,58.008],[7.4839,58.0056],[7.3628,58.0128],[7.2511,58.0347],[7.2236,58.0439],[7.1514,58.0478],[7.0806,58.0317],[7.0736,58.0283],[7.0756,58.0228],[7.0789,58.0178],[7.0808,58.0122],[7.0803,58.0067],[7.0733,58.0036],[7.0492,57.9961],[7.0144,57.9878],[7.0014,57.9881],[6.9361,58.0392],[6.9028,58.0561],[6.7817,58.1114],[6.7314,58.1164],[6.7283,58.0642],[6.6081,58.0686],[6.5978,58.0703],[6.5589,58.0975],[6.5564,58.1208],[6.5872,58.1536],[6.6128,58.175],[6.6842,58.2072],[6.7672,58.2383],[6.7528,58.2497],[6.6167,58.2586],[6.3603,58.2708],[6.3476,58.2708],[6.2842,58.3067],[6.2331,58.3217],[6.2153,58.3264],[6.1519,58.3355],[6.1342,58.34],[6.0119,58.3797],[5.9931,58.3903],[5.9833,58.3989],[5.9731,58.4136],[5.9708,58.4192],[5.9686,58.4378],[5.9656,58.4625],[5.9619,58.4675],[5.9569,58.4717],[5.9378,58.4756],[5.9244,58.4758],[5.9008,58.475],[5.8903,58.4739],[5.8533,58.4733],[5.7781,58.4833],[5.7572,58.4867],[5.7494,58.4894],[5.6447,58.5447],[5.6258,58.5555],[5.6208,58.5597],[5.5103,58.6653],[5.5067,58.67],[5.4578,58.7444],[5.4577,58.7511],[5.4683,58.7603],[5.5183,58.8258],[5.5433,58.8747],[5.5539,58.9092],[5.5519,58.9675],[5.5408,58.9822],[5.5394,58.9986],[5.5472,59.0289],[5.5528,59.0328],[5.5633,59.0311],[5.5711,59.0283],[5.7097,58.9753],[5.7149,58.9705],[5.7058,58.942],[5.7444,58.9282],[5.7937,58.9242],[5.8172,58.9285],[5.8162,58.9475],[5.8342,58.9628],[5.8464,58.9633],[5.8569,58.9617],[5.875,58.9569],[5.8906,58.9511],[5.9356,58.9331],[5.9419,58.9294],[6.0089,58.8886],[6.0581,58.8592],[6.0644,58.8556],[6.1106,58.8378],[6.1303,58.8339],[6.1686,58.8322],[6.2272,58.8342],[6.2303,58.8383],[6.2242,58.8419],[6.2003,58.8425],[6.1761,58.8417],[6.1642,58.8428],[6.1433,58.8461],[6.1342,58.8483],[6.1097,58.8564],[6.1019,58.8594],[6.0881,58.8658],[6.0706,58.8775],[6.0606,58.8858],[6.0569,58.8908],[6.0564,58.8969],[6.0594,58.9025],[6.0906,58.9353],[6.105,58.9489],[6.1164,58.9567],[6.1236,58.96],[6.1317,58.9625],[6.1919,58.9789],[6.2181,58.9858],[6.2561,58.993],[6.4042,59.0172],[6.4856,59.0289],[6.5889,59.0425],[6.6078,59.0461],[6.6233,59.0517],[6.6239,59.0572],[6.6133,59.0589],[6.5039,59.0489],[6.3994,59.0361],[6.3778,59.0331],[6.2106,59.0053],[6.1725,58.9981],[6.1547,58.9936],[6.1311,58.9853],[6.1172,58.9786],[6.1,58.9667],[6.0425,58.9055],[6.0408,58.9028],[6.0353,58.8989],[6.0275,58.9019],[6.0175,58.9103],[5.9746,58.9619],[5.9639,59.0129],[5.9364,59.0126],[5.8722,59.0617],[5.8686,59.0667],[5.8664,59.0722],[5.8683,59.0783],[5.8714,59.0836],[5.8758,59.0883],[5.8872,59.0964],[5.8956,59.0989],[5.9558,59.1156],[6.0094,59.1431],[6.0044,59.1472],[6.0022,59.1528],[6.0042,59.1589],[6.0072,59.1644],[6.0647,59.2044],[6.1467,59.245],[6.1678,59.2547],[6.3103,59.3055],[6.3269,59.3106],[6.3461,59.3142],[6.3678,59.3164],[6.4044,59.3175],[6.43,59.3161],[6.4542,59.3167],[6.4653,59.3178],[6.4644,59.3225],[6.4553,59.325],[6.4067,59.3264],[6.3758,59.3264],[6.3319,59.3219],[6.3128,59.3183],[6.2961,59.3133],[6.2819,59.3069],[6.2589,59.2908],[6.2433,59.2844],[6.1344,59.2589],[6.1236,59.258],[6.1158,59.2608],[5.9956,59.3297],[5.9975,59.3361],[6.0275,59.3697],[6.0319,59.3744],[6.0378,59.3783],[6.0731,59.3947],[6.1028,59.4072],[6.2147,59.4731],[6.2206,59.4917],[6.2297,59.5011],[6.2356,59.505],[6.2439,59.5075],[6.3911,59.5408],[6.4189,59.5469],[6.4467,59.5531],[6.4689,59.5553],[6.4275,59.5633],[6.2581,59.5822],[6.2483,59.5658],[6.2308,59.5394],[6.2244,59.53],[6.1714,59.4736],[6.1669,59.4689],[6.1533,59.4547],[6.1475,59.4508],[6.1289,59.4394],[6.1089,59.4289],[6.0819,59.4153],[5.9492,59.3536],[5.9436,59.3517],[5.9339,59.35],[5.9261,59.3528],[5.9211,59.3569],[5.8842,59.3992],[5.8769,59.4089],[5.8781,59.4214],[5.8819,59.4336],[5.885,59.4392],[5.8897,59.4439],[5.8967,59.4472],[5.9089,59.4461],[5.9167,59.4431],[5.9422,59.4419],[5.9872,59.4455],[6.1431,59.4742],[6.1514,59.4767],[6.1478,59.4817],[6.14,59.4847],[6.1292,59.4864],[6.1183,59.4867],[5.8953,59.4767],[5.8078,59.4692],[5.7131,59.4367],[5.6653,59.4114],[5.6618,59.4091],[5.6649,59.4073],[5.66,59.4014],[5.6811,59.4114],[5.6964,59.4172],[5.7047,59.4197],[5.7228,59.4242],[5.7419,59.4278],[5.7653,59.4294],[5.7775,59.4297],[5.7894,59.4289],[5.7975,59.4258],[5.8533,59.3861],[5.8583,59.3819],[5.8619,59.3769],[5.8628,59.3708],[5.8567,59.3456],[5.8483,59.3428],[5.6875,59.3086],[5.6253,59.3203],[5.6278,59.3375],[5.6123,59.3524],[5.611,59.3557],[5.6025,59.3712],[5.5988,59.3767],[5.595,59.3787],[5.5893,59.3802],[5.5813,59.3804],[5.5748,59.3795],[5.5722,59.3767],[5.5768,59.3751],[5.584,59.3745],[5.588,59.3724],[5.5902,59.3694],[5.5756,59.3253],[5.5725,59.32],[5.5681,59.3153],[5.5361,59.2828],[5.5219,59.2761],[5.5111,59.275],[5.4856,59.2764],[5.4644,59.2794],[5.3936,59.2897],[5.3844,59.2919],[5.2872,59.3467],[5.2769,59.3553],[5.2039,59.4308],[5.1866,59.4919],[5.1789,59.5022],[5.1781,59.5083],[5.1797,59.5144],[5.3042,59.6236],[5.4308,59.6997],[5.4753,59.7258],[5.4822,59.7292],[5.4919,59.7308],[5.5106,59.7067],[5.5128,59.7008],[5.5078,59.6708],[5.5058,59.6647],[5.4825,59.6072],[5.4536,59.5486],[5.4597,59.5192],[5.4869,59.5247],[5.4953,59.5272],[5.5025,59.5305],[5.5139,59.5386],[5.5178,59.5428],[5.5258,59.5533],[5.5397,59.5744],[5.5417,59.5806],[5.5406,59.5869],[5.5383,59.5925],[5.5311,59.6022],[5.5258,59.6064],[5.5236,59.6119],[5.5242,59.6175],[5.5278,59.6297],[5.5378,59.6531],[5.5408,59.6583],[5.5497,59.6678],[5.5556,59.6719],[5.5625,59.6753],[5.5711,59.6778],[5.5847,59.6775],[5.6778,59.6681],[5.7414,59.6778],[5.7458,59.6825],[5.8064,59.7211],[5.8136,59.7242],[5.8219,59.7269],[5.8903,59.7406],[5.9336,59.7381],[5.9417,59.7353],[5.9539,59.7342],[6.0569,59.7419],[6.0667,59.7439],[6.2992,59.84],[6.3064,59.8433],[6.3111,59.8481],[6.3131,59.8528],[6.3019,59.8517],[6.2067,59.8319],[6.1728,59.8219],[6.1572,59.8161],[6.1356,59.8064],[6.1239,59.7983],[6.1064,59.7878],[6.0578,59.7642],[6.0492,59.7617],[6.0297,59.7578],[5.9869,59.7528],[5.9733,59.7531],[5.8406,59.7669],[5.7981,59.7803],[5.6983,59.8328],[5.7053,59.8664],[5.735,59.9092],[5.7708,59.9256],[5.8242,59.9394],[5.8758,59.9472],[5.8981,59.9497],[5.9503,59.9497],[5.96,59.9517],[5.9672,59.955],[5.9731,59.9589],[5.9808,59.9692],[5.9842,59.9744],[5.9806,59.9794],[5.9536,60.0028],[5.9825,60.0303],[6.0033,60.0478],[6.0269,60.0636],[6.0342,60.0669],[6.1083,60.1064],[6.0719,60.1736],[6.0711,60.1797],[6.0717,60.1853],[6.075,60.1906],[6.0828,60.1981],[6.2047,60.2956],[6.3319,60.3558],[6.4708,60.415],[6.4783,60.4181],[6.5042,60.4258],[6.5242,60.4294],[6.5647,60.4289],[6.5989,60.4244],[6.6181,60.4197],[6.6342,60.4139],[6.6406,60.4103],[6.6386,60.4042],[6.6264,60.3961],[6.6075,60.3775],[6.59,60.3578],[6.5797,60.3417],[6.5317,60.2589],[6.5089,60.1533],[6.5044,60.1136],[6.5075,60.1017],[6.5161,60.0794],[6.5211,60.0767],[6.5244,60.0819],[6.5261,60.0958],[6.5233,60.1206],[6.5256,60.1411],[6.5339,60.1658],[6.5783,60.255],[6.6119,60.3186],[6.6189,60.3294],[6.65,60.3708],[6.6547,60.3753],[6.7417,60.4369],[6.7719,60.4569],[6.7853,60.4642],[6.8014,60.4697],[6.8339,60.4736],[6.9278,60.4847],[6.9403,60.485],[6.9792,60.4822],[7.0122,60.4772],[7.0217,60.4747],[7.0436,60.4714],[7.0561,60.4717],[7.0736,60.4767],[7.0811,60.48],[7.1019,60.4903],[7.1081,60.4942],[7.1044,60.4992],[7.0936,60.5008],[6.9794,60.5058],[6.9733,60.5461],[7.0094,60.5772],[7.0144,60.5828],[7.0136,60.5875],[7.0022,60.5878],[6.9761,60.5803],[6.9525,60.5708],[6.9083,60.5439],[6.89,60.5319],[6.8758,60.5178],[6.8119,60.4886],[6.6889,60.44],[6.6728,60.4342],[6.6553,60.4292],[6.6314,60.4278],[6.6206,60.4294],[6.6044,60.4353],[6.5978,60.4389],[6.5928,60.4433],[6.5892,60.4481],[6.5911,60.4544],[6.5681,60.4597],[6.4669,60.4419],[6.375,60.4194],[6.3444,60.4072],[6.3153,60.3942],[6.3006,60.3878],[6.2906,60.3858],[6.2794,60.3861],[6.2589,60.39],[6.2508,60.3931],[6.2442,60.3967],[6.2258,60.4081],[6.2208,60.4125],[6.2128,60.4008],[6.1878,60.3478],[6.1603,60.2808],[6.1503,60.2647],[6.1389,60.2489],[6.1297,60.2397],[6.1211,60.2369],[6.1117,60.2394],[5.9822,60.2361],[5.8997,60.1514],[5.8806,60.0478],[5.8786,60.0417],[5.865,60.0275],[5.8533,60.0194],[5.8147,60.0044],[5.7992,59.9986],[5.7567,59.9858],[5.7472,59.9867],[5.7114,60.0033],[5.7047,60.0069],[5.6839,60.0369],[5.6847,60.0439],[5.6872,60.0608],[5.6461,60.1472],[5.6375,60.1444],[5.6042,60.1411],[5.5792,60.1403],[5.5669,60.1411],[5.5572,60.1433],[5.5492,60.1464],[5.5442,60.1506],[5.5444,60.1561],[5.6333,60.3119],[5.6736,60.3581],[5.6808,60.3614],[5.7019,60.3642],[5.7203,60.3686],[5.7322,60.3767],[5.7367,60.3814],[5.7344,60.3869],[5.7278,60.3905],[5.7167,60.3894],[5.7081,60.3869],[5.6306,60.3622],[5.6247,60.3583],[5.6156,60.3489],[5.5444,60.258],[5.4508,60.1792],[5.4111,60.1297],[5.4017,60.1319],[5.3611,60.1464],[5.3061,60.1895],[5.2225,60.204],[5.223,60.2094],[5.3141,60.2595],[5.3096,60.263],[5.1681,60.2772],[5.1606,60.2869],[5.1422,60.3464],[5.1431,60.3603],[5.145,60.3664],[5.1494,60.3711],[5.2039,60.3922],[5.2525,60.4281],[5.23,60.4683],[5.2292,60.4731],[5.2294,60.48],[5.2358,60.4908],[5.2594,60.5069],[5.2783,60.5183],[5.2928,60.525],[5.3042,60.5247],[5.3206,60.5192],[5.3475,60.5047],[5.3647,60.4928],[5.39,60.4778],[5.4594,60.4367],[5.4797,60.4258],[5.4944,60.4194],[5.5167,60.4161],[5.5292,60.4153],[5.5431,60.415],[5.6072,60.415],[5.6336,60.4153],[5.6408,60.4186],[5.7025,60.4544],[5.7072,60.4592],[5.7136,60.47],[5.7156,60.4908],[5.72,60.6744],[5.7008,60.6942],[5.6611,60.7094],[5.6278,60.7131],[5.5625,60.6903],[5.5344,60.6392],[5.3603,60.565],[5.3192,60.5583],[5.2753,60.5528],[5.2614,60.5531],[5.2503,60.5547],[5.2325,60.5597],[5.1986,60.5775],[5.0939,60.6461],[5.09,60.6511],[5.0875,60.6567],[5.0933,60.6606],[5.1033,60.6625],[5.1161,60.6631],[5.1272,60.6614],[5.1436,60.6555],[5.1703,60.6344],[5.1839,60.6275],[5.1989,60.6211],[5.2153,60.6153],[5.225,60.6144],[5.2281,60.6183],[5.1414,60.7067],[5.1308,60.715],[5.1144,60.7222],[5.1061,60.725],[5.0867,60.7297],[5.0269,60.7436],[4.9289,60.7989],[4.9333,60.8022],[4.9972,60.8047],[5.0122,60.7983],[5.1019,60.7686],[5.2181,60.735],[5.2764,60.7217],[5.2844,60.7186],[5.2981,60.7117],[5.3086,60.703],[5.3097,60.6969],[5.3064,60.6914],[5.3069,60.6783],[5.33,60.6489],[5.3406,60.6405],[5.3542,60.6333],[5.3653,60.6319],[5.4225,60.6272],[5.4336,60.6272],[5.4375,60.6567],[5.4364,60.6631],[5.4111,60.6978],[5.4058,60.7019],[5.3642,60.7283],[5.3311,60.7378],[5.3214,60.74],[5.2617,60.7528],[5.2519,60.755],[5.2436,60.758],[5.2383,60.7622],[5.2344,60.7678],[5.2364,60.7739],[5.2408,60.7786],[5.3506,60.8483],[5.3653,60.855],[5.3753,60.8569],[5.4294,60.8642],[5.4411,60.8653],[5.455,60.865],[5.4731,60.86],[5.4831,60.8592],[5.4958,60.8594],[5.5144,60.8639],[5.5306,60.8697],[5.5336,60.8725],[5.4606,60.898],[5.3528,60.8758],[5.3353,60.8708],[5.3261,60.8611],[5.3208,60.8497],[5.3172,60.8372],[5.3139,60.8319],[5.3094,60.8269],[5.3022,60.8239],[5.2589,60.8108],[5.2489,60.8103],[5.1456,60.8078],[5.1178,60.8153],[5.1198,60.8346],[5.1119,60.8311],[5.1019,60.8292],[5.0906,60.828],[5.0764,60.8283],[5.0639,60.8311],[5.0556,60.8342],[5.0486,60.8375],[5.0433,60.8419],[5.0356,60.8517],[4.9836,60.9467],[4.9825,60.9517],[4.9842,60.9578],[5.004,61],[5.0047,61.0319],[5.0078,61.0372],[5.0125,61.0419],[5.0242,61.05],[5.0464,61.06],[5.055,61.0628],[5.0739,61.0672],[5.1042,61.0731],[5.1283,61.0719],[5.1636,61.0692],[5.175,61.0678],[5.2369,61.0569],[5.2453,61.0542],[5.2519,61.0506],[5.2639,61.0358],[5.2706,61.0325],[5.2903,61.0278],[5.3031,61.0269],[5.4194,61.0256],[5.4558,61.0353],[5.4622,61.0461],[5.4744,61.0542],[5.4831,61.0567],[5.6253,61.0892],[5.7258,61.0975],[5.7919,61.1031],[5.8294,61.1078],[5.9208,61.1231],[6.11,61.1167],[6.1228,61.1156],[6.2489,61.0947],[6.2586,61.0922],[6.2653,61.0886],[6.2706,61.0844],[6.2744,61.0794],[6.3214,61.0661],[6.3722,61.0619],[6.4069,61.0667],[6.5131,61.0969],[6.5906,61.1514],[6.655,61.1517],[6.8125,61.1425],[6.8239,61.1408],[6.8336,61.1383],[6.8417,61.1353],[6.9536,61.0831],[6.9639,61.0744],[7.0092,61.0158],[7.1283,60.9275],[7.1306,60.9219],[7.1294,60.915],[7.1256,60.8964],[7.1211,60.8842],[7.1175,60.8789],[7.1039,60.86],[7.1139,60.8603],[7.13,60.8658],[7.1425,60.8739],[7.1522,60.883],[7.1628,60.8994],[7.1675,60.9117],[7.1683,60.9186],[7.1694,60.9386],[7.1675,60.9442],[7.1594,60.9472],[7.1467,60.9483],[7.1133,60.9533],[7.1036,60.9558],[7.0889,60.9625],[7.0719,60.9747],[7.0189,61.0364],[6.9972,61.0792],[6.9967,61.0853],[6.9975,61.0908],[7.0008,61.0961],[7.02,61.1006],[7.0317,61.1014],[7.0586,61.1],[7.0831,61.1014],[7.1725,61.1081],[7.3131,61.1236],[7.4286,61.1814],[7.4031,61.1939],[7.3792,61.1967],[7.3628,61.2028],[7.3578,61.2072],[7.3489,61.2164],[7.3044,61.2881],[7.3039,61.2944],[7.3642,61.365],[7.4553,61.4261],[7.4681,61.4339],[7.4833,61.4403],[7.5194,61.4503],[7.5297,61.4519],[7.5389,61.4544],[7.5542,61.4608],[7.5606,61.4647],[7.5706,61.4742],[7.5744,61.4794],[7.5672,61.4803],[7.5581,61.4778],[7.4642,61.4478],[7.4475,61.4422],[7.4244,61.4328],[7.3283,61.3758],[7.3092,61.3625],[7.2794,61.3256],[7.2731,61.2789],[7.2978,61.2505],[7.3539,61.19],[7.2781,61.1586],[7.1486,61.1428],[6.9669,61.1097],[6.9556,61.11],[6.9347,61.1142],[6.9267,61.1169],[6.9228,61.1219],[6.9169,61.1325],[6.9164,61.1386],[6.9186,61.145],[6.9064,61.1617],[6.8453,61.1747],[6.8144,61.1811],[6.7744,61.1808],[6.7397,61.1775],[6.7267,61.1772],[6.7139,61.1783],[6.5872,61.2086],[6.5708,61.2147],[6.5642,61.2183],[6.5636,61.2256],[6.5641,61.2297],[6.5706,61.2349],[6.5769,61.2419],[6.5906,61.2492],[6.6208,61.2622],[6.6394,61.2742],[6.6933,61.3403],[6.6967,61.3458],[6.7181,61.3905],[6.7158,61.3961],[6.7122,61.4011],[6.7036,61.4014],[6.6972,61.3975],[6.5914,61.2686],[6.5204,61.2462],[6.5386,61.2043],[6.5044,61.1344],[6.4983,61.1303],[6.4336,61.1142],[6.4233,61.1122],[6.3461,61.1103],[6.3236,61.1136],[6.3139,61.1158],[6.2375,61.135],[5.9653,61.1564],[5.7492,61.1528],[5.5633,61.1325],[5.5533,61.1306],[5.5236,61.1172],[5.5056,61.1053],[5.4686,61.0886],[5.4072,61.0705],[5.3972,61.0686],[5.3253,61.0961],[5.2778,61.1108],[5.1594,61.1328],[5.1158,61.1417],[5.05,61.1586],[5.0444,61.1628],[5.0419,61.1683],[5.0467,61.1731],[5.0586,61.1811],[5.0847,61.1889],[5.0978,61.1894],[5.1233,61.1878],[5.1628,61.1789],[5.1697,61.1753],[5.1933,61.1658],[5.2017,61.1631],[5.2131,61.1614],[5.2244,61.1625],[5.2458,61.1803],[5.2403,61.1844],[5.2142,61.1994],[5.1989,61.2058],[5.1358,61.2242],[5.1131,61.2244],[5.0886,61.2228],[5.0194,61.2147],[4.995,61.2158],[4.9881,61.2194],[4.9517,61.2536],[4.9533,61.2586],[5.1708,61.3336],[5.415,61.3708],[5.4511,61.3736],[5.4897,61.3708],[5.5225,61.3656],[5.5622,61.3606],[5.6283,61.3592],[5.6342,61.3606],[5.6175,61.3664],[5.5961,61.3703],[5.4469,61.3758],[5.4067,61.3764],[5.2636,61.3658],[5.2519,61.3647],[5.1664,61.3517],[5.1458,61.3478],[5.1283,61.3428],[5.1119,61.3367],[5.0825,61.3233],[5.0736,61.3208],[5.0533,61.3169],[5.0406,61.3178],[5.0036,61.3481],[4.95,61.4081],[4.9489,61.4128],[4.9636,61.4194],[4.9725,61.4222],[5.0633,61.4436],[5.0733,61.4455],[5.0836,61.4472],[5.1836,61.4533],[5.3364,61.4522],[5.5275,61.4286],[5.5392,61.43],[5.6217,61.4517],[5.7647,61.4522],[5.7714,61.4486],[5.7814,61.4464],[5.7942,61.4455],[5.8044,61.4472],[5.805,61.4528],[5.7711,61.4778],[5.7644,61.4814],[5.7392,61.49],[5.7178,61.4939],[5.705,61.495],[5.6803,61.4947],[5.6439,61.4919],[5.6336,61.49],[5.6261,61.4869],[5.62,61.4828],[5.6064,61.4756],[5.5839,61.4656],[5.5678,61.4597],[5.5575,61.4578],[5.4644,61.45],[5.4517,61.4508],[5.1883,61.4989],[5.1458,61.5133],[5.1389,61.5169],[5.1336,61.5211],[5.1308,61.5267],[5.13,61.5328],[5.1428,61.5519],[5.25,61.5514],[5.2739,61.5578],[5.2486,61.5689],[5.2128,61.5775],[5.1583,61.5867],[5.1483,61.5889],[5.1486,61.593],[5.2069,61.5992],[5.2736,61.5981],[5.3256,61.5944],[5.3369,61.5928],[5.3203,61.5983],[5.2963,61.6037],[5.2827,61.6057],[5.267,61.6067],[5.235,61.6085],[5.1948,61.6075],[5.1181,61.61],[5.2347,61.6219],[5.2322,61.6275],[5.1917,61.6269],[5.1178,61.6272],[4.9975,61.6278],[4.9828,61.6281],[4.9744,61.6294],[4.9672,61.633],[4.9633,61.6381],[4.9392,61.6714],[4.9381,61.6764],[4.9414,61.6817],[4.9656,61.7192],[4.9783,61.7369],[4.9831,61.7417],[4.9919,61.7444],[5.0678,61.7681],[5.2811,61.8556],[5.355,61.9033],[5.3642,61.9058],[5.41,61.9114],[5.4244,61.9111],[5.5958,61.8953],[5.6722,61.8822],[5.6808,61.8792],[5.7017,61.8686],[5.7447,61.8422],[5.9875,61.8303],[6.0619,61.8306],[6.2322,61.8369],[6.2467,61.8367],[6.2597,61.8355],[6.2944,61.8306],[6.3042,61.8283],[6.3211,61.8225],[6.335,61.8153],[6.3433,61.8122],[6.3533,61.81],[6.4008,61.8039],[6.4692,61.8008],[6.5092,61.8058],[6.5183,61.8086],[6.5336,61.815],[6.5461,61.8231],[6.5469,61.8297],[6.5461,61.8361],[6.5469,61.8417],[6.5492,61.8478],[6.5539,61.8525],[6.5603,61.8564],[6.5836,61.8667],[6.5939,61.8686],[6.6175,61.8708],[6.6308,61.8711],[6.6583,61.8697],[6.6831,61.8669],[6.7175,61.8619],[6.7389,61.8578],[6.7636,61.868],[6.6878,61.8819],[6.6517,61.885],[6.6044,61.8822],[6.5675,61.8797],[6.5492,61.8747],[6.5417,61.8714],[6.5353,61.8675],[6.5303,61.8628],[6.5219,61.8525],[6.5183,61.8472],[6.5161,61.8408],[6.5089,61.83],[6.5014,61.8269],[6.4908,61.825],[6.4228,61.8289],[6.3836,61.8319],[6.3492,61.8369],[6.2194,61.8539],[5.9513,61.8696],[5.9346,61.8694],[5.9113,61.8641],[5.9004,61.8611],[5.8103,61.8575],[5.8014,61.8547],[5.7883,61.8558],[5.7644,61.8653],[5.7503,61.8725],[5.7269,61.8872],[5.73,61.89],[5.7614,61.8956],[5.7967,61.8992],[5.8088,61.9032],[5.8326,61.9041],[5.8404,61.9034],[5.8668,61.9029],[5.8818,61.9037],[5.8934,61.9064],[5.8919,61.9089],[5.8849,61.9099],[5.8693,61.911],[5.8343,61.9119],[5.7822,61.9153],[5.5342,61.9269],[5.4336,61.935],[5.3983,61.9314],[5.3878,61.9294],[5.3208,61.9136],[5.2897,61.9078],[5.1611,61.8928],[5.1481,61.8922],[5.1039,61.91],[5.1014,61.9158],[5.1047,61.9211],[5.1372,61.9661],[5.1419,61.9708],[5.1494,61.9742],[5.1597,61.9747],[5.1667,61.9711],[5.1878,61.9564],[5.2203,61.9614],[5.3975,62.0122],[5.4036,62.0161],[5.4011,62.0217],[5.3942,62.0253],[5.2789,62.0747],[5.2067,62.0967],[5.1864,62.1011],[5.1158,62.1036],[5.0986,62.1081],[5.0931,62.1122],[5.0736,62.1531],[5.0742,62.1586],[5.0783,62.1781],[5.0817,62.1833],[5.0864,62.1867],[5.1503,62.2119],[5.1608,62.2139],[5.1725,62.2122],[5.1939,62.2017],[5.2478,62.1717],[5.4467,62.0575],[5.4633,62.0447],[5.4711,62.035],[5.4706,62.0281],[5.4627,62.0094],[5.4644,62.0056],[5.4733,62.008],[5.4911,62.0202],[5.5017,62.0303],[5.5483,62.0783],[5.5111,62.09],[5.4631,62.0958],[5.4225,62.1047],[5.3894,62.1169],[5.3856,62.1219],[5.3844,62.1281],[5.415,62.1758],[5.4225,62.1792],[5.4317,62.1817],[5.4556,62.1842],[5.4836,62.1842],[5.6833,62.1722],[5.8453,62.1981],[5.8586,62.1983],[5.8819,62.195],[5.8906,62.1922],[5.9117,62.1814],[5.9172,62.1772],[5.9211,62.1722],[5.9236,62.1667],[5.9253,62.1542],[5.9247,62.1472],[5.92,62.1136],[5.9503,62.1067],[6.0422,62.0986],[6.2622,62.0756],[6.2708,62.0725],[6.2778,62.0689],[6.2817,62.0642],[6.2869,62.0597],[6.2956,62.0569],[6.3058,62.0558],[6.3572,62.0553],[6.365,62.0586],[6.3639,62.0633],[6.3556,62.0664],[6.275,62.085],[6.265,62.0872],[6.2519,62.0883],[6.1758,62.0942],[6.1231,62.0967],[6.0986,62.1014],[6.09,62.1044],[6.0831,62.1081],[5.9253,62.1989],[5.9197,62.2033],[5.9175,62.2089],[5.9181,62.2158],[5.9467,62.2517],[5.9517,62.2564],[5.9769,62.2725],[6.0086,62.2925],[6.0242,62.2989],[6.0517,62.3067],[6.2842,62.3689],[6.2947,62.3708],[6.3067,62.3717],[6.3169,62.3694],[6.3239,62.3658],[6.4633,62.2472],[6.4781,62.2339],[6.5497,62.1656],[6.5631,62.1517],[6.5653,62.1461],[6.5644,62.1392],[6.5544,62.1297],[6.5353,62.1178],[6.5303,62.1131],[6.5294,62.1061],[6.5381,62.1047],[6.5819,62.1255],[6.5883,62.1294],[6.5906,62.1356],[6.5861,62.1469],[6.5722,62.1672],[6.4856,62.2606],[6.4747,62.2689],[6.4458,62.2897],[6.4233,62.3006],[6.4181,62.305],[6.4086,62.3142],[6.3883,62.345],[6.3861,62.3506],[6.3853,62.3569],[6.3861,62.3636],[6.3883,62.3697],[6.3919,62.3753],[6.3969,62.38],[6.4033,62.3839],[6.4111,62.3872],[6.4294,62.3922],[6.6967,62.4453],[6.71,62.4444],[6.8675,62.4181],[6.8761,62.415],[6.8831,62.4114],[6.8853,62.4058],[6.8844,62.3989],[6.8733,62.3825],[6.8711,62.3764],[6.8703,62.3697],[6.8717,62.3572],[6.8792,62.3472],[6.9261,62.3081],[6.94,62.3006],[6.9672,62.2922],[6.9808,62.285],[6.99,62.2758],[6.9961,62.2653],[7.0006,62.2542],[7.0089,62.2056],[7.0103,62.1931],[7.0092,62.1861],[7.0019,62.1753],[6.9889,62.1675],[6.9733,62.1611],[6.9475,62.1453],[6.9425,62.1405],[6.9383,62.1308],[6.9375,62.1242],[6.9381,62.1178],[6.9403,62.1122],[6.9442,62.1072],[6.9561,62.0986],[6.97,62.0914],[6.9783,62.0883],[7.0031,62.0855],[7.0178,62.085],[7.0431,62.0864],[7.0642,62.09],[7.0733,62.0925],[7.0903,62.0981],[7.0847,62.1108],[7.0692,62.1044],[7.06,62.1019],[7.0389,62.0983],[7.0108,62.0983],[6.9822,62.1061],[6.97,62.1142],[6.9678,62.1197],[6.9689,62.1267],[6.9739,62.1314],[6.9947,62.1431],[7.0025,62.1464],[7.0217,62.1581],[7.0319,62.1675],[7.0364,62.18],[7.0383,62.1936],[7.0364,62.2122],[7.0319,62.2236],[7.0233,62.2589],[7.0228,62.2653],[7.0278,62.2697],[7.0372,62.2722],[7.1042,62.2739],[7.2931,62.2783],[7.3064,62.2772],[7.3264,62.2725],[7.335,62.2694],[7.3419,62.2658],[7.3625,62.2547],[7.3889,62.2333],[7.3958,62.2297],[7.4147,62.2269],[7.4156,62.2325],[7.3992,62.2517],[7.3939,62.2558],[7.3625,62.2761],[7.3386,62.2844],[7.3169,62.2886],[7.2889,62.2903],[7.2769,62.2892],[7.2344,62.2822],[7.2117,62.2794],[7.185,62.2789],[7.1717,62.28],[6.9753,62.31],[6.9628,62.3167],[6.9575,62.3208],[6.9178,62.3567],[6.9153,62.3622],[6.9233,62.3653],[6.9339,62.3669],[6.9594,62.3683],[6.97,62.3703],[6.9736,62.3742],[6.9681,62.3786],[6.9081,62.4189],[6.8553,62.4494],[6.7917,62.4761],[6.7814,62.4783],[6.6808,62.4696],[6.6745,62.4684],[6.665,62.4646],[6.647,62.4564],[6.5478,62.4356],[6.5158,62.43],[6.3939,62.4194],[6.3806,62.4189],[6.3672,62.42],[6.2572,62.4489],[6.2542,62.4633],[6.37,62.4842],[6.4367,62.4933],[6.4983,62.4969],[6.5119,62.4972],[6.5889,62.4925],[6.6188,62.4942],[6.644,62.4944],[6.6495,62.4959],[6.6498,62.4984],[6.6319,62.5128],[6.5561,62.5297],[6.5428,62.5308],[6.4994,62.5311],[6.4589,62.5303],[6.3147,62.5242],[6.2675,62.5294],[6.2481,62.5697],[6.2469,62.5747],[6.2519,62.5794],[6.265,62.5872],[6.2883,62.5972],[6.3069,62.6022],[6.3256,62.6067],[6.3392,62.6089],[6.5436,62.6122],[6.5569,62.6111],[6.5656,62.6083],[6.6017,62.5839],[6.7042,62.6364],[6.7358,62.6494],[6.7572,62.6528],[6.9642,62.65],[7.09,62.6478],[7.3633,62.5861],[7.5069,62.5431],[7.5153,62.54],[7.5208,62.5356],[7.5244,62.5305],[7.5392,62.4992],[7.5697,62.5422],[7.575,62.5469],[7.5842,62.5494],[7.595,62.5511],[7.6814,62.5572],[7.7797,62.5719],[7.7656,62.5778],[7.7375,62.5794],[7.7239,62.5792],[7.6067,62.5686],[7.5839,62.5661],[7.5517,62.5608],[7.5244,62.5603],[7.4978,62.5625],[7.4744,62.5661],[7.4572,62.5722],[7.4503,62.5758],[7.4189,62.5956],[7.415,62.6006],[7.4086,62.6172],[7.4094,62.6228],[7.4147,62.6275],[7.5228,62.6667],[7.6019,62.6919],[7.6303,62.6992],[7.7803,62.7239],[7.7911,62.7256],[7.825,62.7297],[7.8631,62.7319],[7.9875,62.7372],[8.0011,62.7361],[8.0111,62.7336],[8.0672,62.7172],[8.0842,62.7111],[8.115,62.6975],[8.1286,62.69],[8.1372,62.6869],[8.1453,62.69],[8.145,62.6964],[8.1428,62.7019],[8.1392,62.7069],[8.1286,62.7156],[8.115,62.7231],[8.0464,62.7539],[7.9997,62.7639],[7.6925,62.7317],[7.6694,62.7289],[7.5564,62.6994],[7.5403,62.6931],[7.5231,62.6875],[7.4947,62.68],[7.4825,62.6792],[7.4675,62.6794],[7.39,62.6833],[7.3678,62.7261],[7.4536,62.7553],[7.4911,62.7653],[7.5411,62.7758],[7.59,62.78],[7.6406,62.7831],[7.6514,62.7847],[7.6811,62.7914],[7.6408,62.7947],[7.6258,62.7953],[7.6136,62.7944],[7.4628,62.7772],[7.4533,62.7747],[7.4372,62.7683],[7.4214,62.7619],[7.4147,62.758],[7.3958,62.7531],[7.3267,62.7447],[7.2033,62.7356],[6.9858,62.7217],[6.9722,62.7214],[6.9589,62.7225],[6.9503,62.7256],[6.9743,62.7989],[6.992,62.8565],[6.9383,62.9061],[6.9494,62.9314],[7.0364,62.9675],[7.0903,62.9839],[7.1106,62.9881],[7.2583,63.0119],[7.2719,63.0108],[7.2981,63.0019],[7.3811,62.9572],[7.4417,62.9167],[7.4486,62.9128],[7.4606,62.9111],[7.4742,62.9114],[7.5208,62.9175],[7.5681,62.9297],[7.5831,62.9369],[7.5989,62.9508],[7.6056,62.955],[7.6203,62.9619],[7.6489,62.9692],[7.6817,62.9744],[7.7186,62.9772],[7.7475,62.9769],[7.7728,62.9742],[7.7814,62.9711],[7.7867,62.9667],[7.7842,62.9605],[7.7789,62.9558],[7.7656,62.9481],[7.7492,62.9417],[7.7317,62.9361],[7.7139,62.9305],[7.695,62.9256],[7.6789,62.9192],[7.6722,62.9153],[7.6667,62.9106],[7.6769,62.9083],[7.73,62.9175],[7.8906,62.9522],[7.9003,62.9547],[7.9436,62.9689],[7.9642,62.9731],[7.9778,62.9733],[7.9914,62.9719],[8.0017,62.9697],[8.0203,62.9642],[8.0564,62.9517],[8.0819,62.9425],[8.0858,62.9389],[8.1075,62.9156],[8.1114,62.9106],[8.1092,62.898],[8.1094,62.8919],[8.1439,62.8283],[8.1497,62.8178],[8.1617,62.8097],[8.1756,62.8022],[8.1842,62.7992],[8.2144,62.7919],[8.2867,62.7817],[8.3069,62.7767],[8.4894,62.7172],[8.4961,62.7133],[8.5203,62.6972],[8.5322,62.6892],[8.5375,62.6847],[8.5447,62.6747],[8.5483,62.6539],[8.57,62.6725],[8.5694,62.6786],[8.5667,62.703],[8.5647,62.7086],[8.5594,62.7131],[8.5525,62.7167],[8.5372,62.7236],[8.3314,62.8019],[8.3228,62.805],[8.3008,62.8094],[8.2506,62.8153],[8.2403,62.8178],[8.1978,62.8333],[8.1839,62.8408],[8.1786,62.845],[8.1744,62.8564],[8.1689,62.8847],[8.1717,62.8908],[8.1756,62.8964],[8.1758,62.9144],[8.1589,62.9397],[8.1553,62.9447],[8.1414,62.9522],[8.0061,62.9958],[7.9678,63.0042],[7.9517,62.9978],[7.9406,62.9961],[7.9008,62.9947],[7.8889,62.9964],[7.8789,62.9989],[7.8767,63.0044],[7.8792,63.0106],[7.9681,63.0767],[7.9817,63.0844],[8.0336,63.1019],[8.0431,63.1044],[8.0636,63.1083],[8.0775,63.1086],[8.0894,63.1069],[8.1067,63.1006],[8.1172,63.0919],[8.1317,63.0783],[8.1356,63.0733],[8.1358,63.0672],[8.1278,63.0564],[8.1269,63.0508],[8.1289,63.0453],[8.1328,63.0403],[8.3075,62.9378],[8.3333,62.8967],[8.3578,62.8806],[8.4969,62.8461],[8.5172,62.8411],[8.5308,62.8414],[8.5389,62.8444],[8.5417,62.8506],[8.5414,62.8567],[8.5361,62.8611],[8.5106,62.8706],[8.4158,62.9481],[8.4153,62.953],[8.4233,62.9561],[8.4453,62.9594],[8.4714,62.9605],[8.5167,62.9586],[8.5717,62.9594],[8.5975,62.9603],[8.6469,62.9639],[8.6567,62.9664],[8.6633,62.9703],[8.6661,62.9764],[8.6642,62.9819],[8.6539,62.9844],[8.5153,62.9831],[8.4306,62.9786],[8.3894,62.9706],[8.3744,62.9711],[8.2264,63.0278],[8.1594,63.1139],[8.1592,63.1203],[8.1658,63.1242],[8.24,63.1456],[8.2511,63.1472],[8.3008,63.1508],[8.3158,63.1503],[8.5319,63.1358],[8.5708,63.1392],[8.5672,63.1442],[8.5683,63.1572],[8.5694,63.1628],[8.575,63.1672],[8.5928,63.1728],[8.6314,63.1825],[8.7228,63.1864],[8.7678,63.1928],[8.8042,63.1955],[8.9383,63.2067],[8.9419,63.2092],[8.8714,63.2094],[8.8246,63.2075],[8.6253,63.1978],[8.615,63.2003],[8.6081,63.2042],[8.4817,63.29],[8.4778,63.2936],[8.5344,63.3086],[8.5456,63.3103],[8.5844,63.3122],[8.6261,63.3128],[8.6511,63.3144],[8.6719,63.3183],[8.7594,63.3397],[8.7636,63.3453],[8.7517,63.3469],[8.7239,63.3467],[8.7119,63.3486],[8.7031,63.3517],[8.6961,63.3556],[8.6419,63.3861],[8.6367,63.3903],[8.6361,63.3953],[8.6389,63.4014],[8.6444,63.4061],[8.6528,63.4092],[8.6722,63.4139],[8.7373,63.4159],[8.7411,63.4181],[8.7508,63.4203],[8.9678,63.4447],[8.9883,63.4611],[8.9953,63.465],[9.005,63.4675],[9.0153,63.465],[9.0619,63.4442],[9.0758,63.4367],[9.1089,63.4172],[9.1194,63.4086],[9.1461,63.3742],[9.2314,63.3539],[9.3733,63.3683],[9.4083,63.3725],[9.4278,63.3769],[9.4617,63.3894],[9.4786,63.4031],[9.4722,63.4019],[9.395,63.3828],[9.225,63.368],[9.2142,63.3678],[9.2022,63.3697],[9.1675,63.3872],[9.1622,63.3914],[9.15,63.4792],[9.1497,63.4842],[9.1525,63.4903],[9.1567,63.4956],[9.1636,63.4994],[9.2428,63.5347],[9.2525,63.5358],[9.3278,63.5394],[9.4167,63.5339],[9.4692,63.5669],[9.4922,63.5867],[9.4978,63.59],[9.5303,63.6031],[9.5389,63.6061],[9.6475,63.6239],[9.7175,63.6303],[9.9567,63.4408],[9.96,63.4358],[9.9617,63.4303],[9.96,63.4233],[9.9569,63.4172],[9.9433,63.3931],[9.9761,63.3561],[10.0406,63.3481],[10.1525,63.3197],[10.2547,63.2903],[10.2567,63.2611],[10.2628,63.2608],[10.2686,63.2653],[10.2728,63.2706],[10.2747,63.2775],[10.2792,63.3139],[10.2775,63.3194],[10.2642,63.3333],[10.2575,63.3372],[10.2353,63.3419],[10.2217,63.3433],[10.1647,63.3439],[10.1225,63.3475],[10.0833,63.3583],[10.0664,63.3647],[10.0514,63.3725],[10.0461,63.3769],[10.0428,63.3819],[10.0411,63.3875],[10.0411,63.3939],[10.0472,63.4061],[10.0644,63.4197],[10.0789,63.4272],[10.0958,63.4333],[10.1253,63.4403],[10.1464,63.4442],[10.2675,63.4622],[10.2786,63.4636],[10.2925,63.4636],[10.3081,63.4631],[10.4433,63.4525],[10.5256,63.4342],[10.5508,63.4308],[10.5775,63.4317],[10.7378,63.4389],[10.8554,63.4437],[10.8892,63.4472],[10.9103,63.4511],[10.9161,63.4556],[10.9147,63.4611],[10.9061,63.4644],[10.8858,63.4697],[10.8742,63.4717],[10.8606,63.4731],[10.8189,63.4747],[10.8053,63.4761],[10.7817,63.4803],[10.775,63.4842],[10.7647,63.493],[10.76,63.5036],[10.76,63.5097],[10.7619,63.5167],[10.7653,63.5228],[10.7769,63.5319],[10.7842,63.5356],[10.7928,63.5386],[10.8028,63.5408],[10.8142,63.5422],[10.89,63.5464],[10.9128,63.5494],[10.92,63.5531],[10.9228,63.5578],[10.9217,63.5983],[10.9114,63.6008],[10.8978,63.6022],[10.8839,63.6025],[10.8739,63.6003],[10.7356,63.5681],[10.7183,63.5622],[10.6878,63.5478],[10.6792,63.5447],[10.6694,63.5425],[10.6575,63.5444],[10.6589,63.55],[10.7206,63.605],[10.7425,63.6164],[10.9244,63.6869],[10.9592,63.6989],[10.9728,63.7022],[11.0369,63.7133],[11.0525,63.7125],[11.0608,63.7092],[11.0708,63.7003],[11.0844,63.6989],[11.1556,63.7058],[11.1744,63.7111],[11.1917,63.7172],[11.2186,63.7336],[11.2219,63.7397],[11.2219,63.7458],[11.2286,63.758],[11.2536,63.7678],[11.2736,63.7722],[11.2853,63.7736],[11.3375,63.7756],[11.4217,63.7831],[11.4558,63.7872],[11.4619,63.7919],[11.4625,63.8044],[11.4594,63.8094],[11.4372,63.835],[11.4322,63.8394],[11.4256,63.8433],[11.4153,63.8461],[11.295,63.8656],[11.2828,63.8675],[11.2672,63.8683],[11.2431,63.8664],[11.2242,63.8611],[11.1981,63.8522],[11.1878,63.85],[11.1433,63.8436],[11.1306,63.8428],[11.115,63.8436],[11.1067,63.8469],[11.0997,63.8508],[11.0967,63.8558],[11.0906,63.8783],[11.0919,63.8839],[11.0967,63.8892],[11.1028,63.8936],[11.2647,63.9608],[11.3472,63.9728],[11.4117,63.9761],[11.4244,63.9767],[11.4358,63.9783],[11.4822,63.9997],[11.4897,64.0036],[11.4958,64.008],[11.4961,64.0144],[11.4928,64.0194],[11.4236,64.0269],[11.3189,64.0322],[11.3569,64.1064],[11.3583,64.1106],[11.3203,64.1161],[11.3058,64.1164],[11.2128,64.0439],[11.2058,64.0253],[11.2025,64.0194],[11.1803,64.008],[11.1303,63.9886],[11.0925,63.9783],[11.0519,63.9694],[11.0067,63.9553],[10.9453,63.9344],[10.9233,63.9231],[10.9186,63.9178],[10.9125,63.9131],[10.8978,63.9055],[10.8064,63.8781],[10.765,63.8697],[10.7322,63.8661],[10.7022,63.8592],[10.6933,63.8564],[10.6847,63.8533],[10.58,63.8094],[10.5742,63.805],[10.5764,63.8019],[10.5892,63.8028],[10.6394,63.8142],[10.7519,63.8456],[10.8517,63.8761],[10.8678,63.883],[10.8928,63.8928],[10.9042,63.8942],[10.9183,63.8942],[11.0144,63.8778],[11.0267,63.8755],[11.0333,63.8719],[11.0722,63.8419],[11.0772,63.8375],[10.9419,63.7381],[10.9247,63.7319],[10.9147,63.7297],[10.8806,63.7256],[10.8478,63.7203],[10.8075,63.7114],[10.6417,63.6711],[10.6342,63.6672],[10.6314,63.6625],[10.6278,63.6489],[10.6231,63.6436],[10.6086,63.6358],[10.5469,63.6156],[10.3928,63.5689],[10.315,63.5575],[10.2592,63.5575],[10.2464,63.5569],[10.2253,63.5531],[10.2081,63.5469],[10.1688,63.5273],[10.0928,63.5022],[10.0478,63.4961],[10,63.4953],[9.9283,63.5033],[9.9197,63.5064],[9.9122,63.5139],[9.81,63.6197],[9.8067,63.6247],[9.7892,63.6625],[9.8011,63.6867],[9.8083,63.6906],[9.8225,63.6906],[9.8517,63.6886],[9.8631,63.69],[9.9153,63.7],[10.005,63.7206],[10.0639,63.7433],[10.0969,63.7564],[10.0983,63.7619],[10.0861,63.7639],[10.0053,63.7725],[9.9142,63.7528],[9.8969,63.7467],[9.7328,63.7011],[9.5703,63.6614],[9.5603,63.6592],[9.5481,63.6597],[9.5394,63.6628],[9.5389,63.6678],[9.5439,63.7636],[9.5467,63.7686],[9.5753,63.7839],[9.5825,63.7875],[9.6225,63.8044],[9.6394,63.8106],[9.7008,63.8236],[9.8253,63.8644],[9.8619,63.8861],[10.1369,63.9394],[10.1511,63.9394],[10.1614,63.9369],[10.1683,63.9331],[10.1769,63.93],[10.1897,63.9305],[10.1958,63.9353],[10.1733,63.9522],[10.12,63.9853],[10.0594,63.9828],[10.0494,63.9806],[9.9822,63.9906],[10.0203,64.0664],[10.1661,64.1897],[10.2542,64.2289],[10.3492,64.2742],[10.4472,64.3242],[10.4619,64.3428],[10.4781,64.3558],[10.5053,64.3675],[10.5197,64.3675],[10.5497,64.3653],[10.5583,64.3622],[10.5758,64.3555],[10.5811,64.3511],[10.5844,64.3461],[10.5914,64.3425],[10.6036,64.3403],[10.6522,64.353],[10.6519,64.358],[10.5662,64.3897],[10.4895,64.4011],[10.4607,64.4028],[10.4953,64.4238],[10.5122,64.4283],[10.5243,64.4292],[10.8458,64.3686],[10.8531,64.3725],[10.807,64.4246],[10.8906,64.4725],[10.9966,64.4942],[11.2135,64.4157],[11.279,64.4159],[11.2856,64.3744],[11.2217,64.3161],[11.2589,64.3336],[11.3447,64.3892],[11.4386,64.465],[11.4395,64.4689],[11.5077,64.5167],[11.4921,64.5322],[11.5042,64.5419],[11.5119,64.5458],[11.5314,64.5508],[11.5589,64.5514],[11.5731,64.5497],[11.5879,64.549],[11.6206,64.5519],[11.7281,64.5797],[11.6875,64.5897],[11.5903,64.5786],[11.5464,64.563],[11.5332,64.5632],[11.5269,64.5648],[11.5156,64.5678],[11.5017,64.5755],[11.4778,64.5922],[11.4606,64.605],[11.4277,64.6362],[11.4699,64.6746],[11.6802,64.7713],[11.7386,64.7694],[11.795,64.778],[11.8406,64.7928],[11.8386,64.7969],[11.7997,64.8028],[11.7869,64.8036],[11.7425,64.8028],[11.7323,64.804],[11.8956,64.9127],[11.8996,64.9168],[11.9528,64.93],[12.066,64.9559],[12.0806,64.9586],[12.0953,64.9583],[12.1381,64.9536],[12.1506,64.9517],[12.1592,64.9483],[12.1661,64.9444],[12.1694,64.9392],[12.1761,64.9353],[12.1906,64.9339],[12.2186,64.9342],[12.2244,64.9372],[12.2194,64.9417],[12.2058,64.9497],[12.1864,64.9556],[12.1564,64.9644],[12.1367,64.9692],[12.1194,64.9714],[12.0886,64.9728],[12.0472,64.9717],[12.0353,64.9703],[11.9315,64.9488],[12.0137,65.0312],[12.0194,65.0261],[12.0232,65.0269],[12.0331,65.0475],[12.0397,65.0522],[12.0475,65.0558],[12.0589,65.0558],[12.1489,65.0392],[12.2544,65.0531],[12.4206,65.0844],[12.5218,65.1088],[12.5265,65.109],[12.5263,65.1099],[12.6247,65.1336],[12.9397,65.3083],[12.945,65.3136],[12.9478,65.3205],[12.9464,65.3261],[12.9414,65.3306],[12.9317,65.3314],[12.9222,65.3283],[12.8208,65.2708],[12.7073,65.2162],[12.6986,65.2114],[12.6746,65.2004],[12.5222,65.1472],[12.512,65.2403],[12.6175,65.2428],[12.6744,65.2489],[12.6799,65.2506],[12.6759,65.2529],[12.6714,65.2544],[12.6486,65.2644],[12.5088,65.2694],[12.4984,65.3643],[12.5092,65.3666],[12.538,65.3779],[12.4797,65.4392],[12.4811,65.4433],[12.5425,65.4467],[12.5561,65.4472],[12.565,65.4439],[12.6014,65.4283],[12.6153,65.4205],[12.6342,65.4081],[12.6381,65.4189],[12.6317,65.4292],[12.6075,65.4592],[12.584,65.4826],[12.5619,65.5044],[12.5311,65.5169],[12.5122,65.5111],[12.4986,65.5105],[12.4819,65.5117],[12.4714,65.5144],[12.4256,65.5269],[12.4167,65.5303],[12.3976,65.5408],[12.4792,65.617],[12.5604,65.7202],[12.5683,65.7172],[12.5753,65.7133],[12.5856,65.7042],[12.6128,65.6678],[12.6075,65.6625],[12.6069,65.6561],[12.61,65.6511],[12.6153,65.6467],[12.6472,65.6369],[12.7464,65.6272],[12.7617,65.6269],[12.7739,65.6283],[12.7833,65.6314],[12.7886,65.6364],[12.7894,65.6428],[12.6664,65.6803],[12.5822,65.7275],[12.5712,65.7339],[12.7091,65.9089],[13.0874,65.8804],[13.088,65.8848],[13.1581,65.8489],[13.1669,65.8456],[13.175,65.8492],[13.1778,65.8558],[13.1497,65.9067],[13.1467,65.9117],[13.1219,65.9403],[13.1125,65.9425],[13.0959,65.9411],[13.1088,66.0337],[13.1519,66.1361],[13.527,66.1816],[13.5258,66.1222],[13.53,66.1114],[13.5331,66.1064],[13.5381,66.1019],[13.5497,66.1006],[13.6103,66.1892],[13.6158,66.1942],[13.655,66.2222],[13.6622,66.2267],[13.6797,66.2319],[13.705,66.2342],[13.7458,66.2364],[13.7597,66.2369],[13.7753,66.2364],[13.8031,66.2325],[13.81,66.2286],[13.8553,66.2211],[13.8778,66.2253],[13.9989,66.2489],[14.1353,66.3114],[14.1467,66.3217],[14.1458,66.3275],[14.1408,66.3319],[14.1317,66.3353],[14.1189,66.3378],[14.1075,66.3355],[13.9672,66.3008],[13.7472,66.2767],[13.7264,66.2567],[13.7194,66.2522],[13.7083,66.25],[13.6394,66.2389],[13.6267,66.2375],[13.6114,66.2378],[13.5894,66.2436],[13.5129,66.2496],[13.4617,66.2957],[13.4914,66.2953],[13.5181,66.2969],[13.5364,66.3036],[13.5331,66.3086],[13.5222,66.3114],[13.4742,66.3133],[13.441,66.3144],[13.4028,66.3488],[13.2554,66.3925],[13.1686,66.4583],[13.2048,66.5126],[13.2083,66.5117],[13.2136,66.5072],[13.2839,66.5214],[13.4569,66.5589],[13.4839,66.5775],[13.4939,66.5803],[13.545,66.5936],[13.5664,66.5986],[13.6217,66.6011],[13.6361,66.6017],[13.6517,66.6014],[13.6686,66.6],[13.7,66.5994],[13.7142,66.6],[13.7256,66.6019],[13.7147,66.6047],[13.6542,66.6114],[13.6386,66.6119],[13.5275,66.6067],[13.5155,66.6047],[13.4764,66.5933],[13.4678,66.5897],[13.4481,66.5755],[13.4311,66.56],[13.4225,66.5564],[13.4144,66.5542],[13.4017,66.5528],[13.2775,66.54],[13.2606,66.5411],[13.2342,66.5455],[13.2278,66.5471],[13.2421,66.5685],[13.3528,66.6552],[13.3906,66.6533],[13.4833,66.6436],[13.5358,66.6347],[13.5173,66.6452],[13.5153,66.6484],[13.5123,66.651],[13.4995,66.6582],[13.4818,66.6639],[13.4465,66.6724],[13.592,66.6573],[13.9916,66.6875],[13.8866,66.7885],[13.9908,66.7836],[13.9908,66.7869],[13.9592,66.7961],[13.935,66.8011],[13.9178,66.8025],[13.8728,66.8016],[13.7472,66.9224],[13.784,66.9346],[13.9283,66.9197],[13.9442,66.9192],[13.9569,66.9203],[14.1225,66.9803],[14.1906,66.9728],[14.2064,66.9725],[14.2181,66.9744],[14.2269,66.978],[14.2683,67.0142],[14.2728,67.0203],[14.2742,67.0314],[14.2711,67.0364],[14.3042,67.0536],[14.395,67.0605],[14.4125,67.0594],[14.5258,67.045],[14.5392,67.0428],[14.5461,67.0389],[14.5511,67.0342],[14.5522,67.0286],[14.5511,67.0225],[14.5478,67.0155],[14.5531,67.0111],[14.5647,67.013],[14.5747,67.0158],[14.5897,67.0244],[14.5956,67.0297],[14.5967,67.0358],[14.5958,67.0417],[14.5908,67.0461],[14.5836,67.05],[14.5744,67.0536],[14.5633,67.0564],[14.425,67.0711],[14.3711,67.0705],[14.3131,67.0708],[14.3731,67.0931],[14.6393,67.1231],[14.6868,67.1552],[14.7058,67.153],[14.7131,67.1492],[14.7181,67.1447],[14.7261,67.135],[14.7289,67.1297],[14.73,67.1242],[14.7289,67.118],[14.7378,67.1144],[14.7483,67.1172],[14.7556,67.1217],[14.7531,67.1386],[14.75,67.1436],[14.7286,67.1558],[14.7217,67.1597],[14.7125,67.1631],[14.7007,67.1646],[14.7681,67.2101],[14.7878,67.2117],[14.8039,67.2111],[14.9278,67.2064],[14.9383,67.2022],[14.9328,67.1794],[14.9297,67.1725],[14.9236,67.1675],[14.8967,67.1569],[14.8906,67.1517],[14.8914,67.1461],[14.8944,67.1408],[14.9678,67.0958],[14.975,67.0917],[14.9881,67.0894],[15.0014,67.0905],[15.0075,67.0956],[15.0086,67.1019],[15.0078,67.1075],[14.9928,67.1211],[14.9808,67.1297],[14.9606,67.1361],[14.9361,67.1414],[14.9311,67.1461],[14.9614,67.1711],[14.9675,67.1761],[15.0158,67.2014],[15.0261,67.2042],[15.0497,67.2081],[15.0614,67.2097],[15.0761,67.2103],[15.2517,67.1858],[15.3544,67.1642],[15.3789,67.1589],[15.3931,67.1508],[15.3958,67.1456],[15.3964,67.14],[15.3953,67.1339],[15.3892,67.1147],[15.4539,67.0719],[15.4956,67.0653],[15.4722,67.1397],[15.3936,67.1878],[15.3844,67.1914],[15.3794,67.1958],[15.3822,67.2014],[15.4071,67.2051],[15.4124,67.2073],[15.4196,67.2084],[15.4271,67.2083],[15.4831,67.2075],[15.5339,67.2008],[15.5842,67.1928],[15.5972,67.1906],[15.6022,67.1858],[15.6111,67.1825],[15.6264,67.1805],[15.7133,67.1703],[15.7292,67.1697],[15.7397,67.1725],[15.7392,67.1781],[15.7342,67.1828],[15.6961,67.2067],[15.4139,67.2353],[15.2758,67.2414],[15.2614,67.2411],[15.2494,67.2392],[15.2356,67.2333],[15.2239,67.2314],[15.1961,67.23],[15.0772,67.2458],[15.0639,67.248],[15.0667,67.2536],[15.0769,67.2561],[15.0917,67.2567],[15.1033,67.2586],[15.1347,67.2667],[15.1436,67.2703],[15.1497,67.2753],[15.1619,67.2997],[15.1631,67.3058],[15.1519,67.3089],[15.1386,67.3078],[15.0383,67.2955],[14.8592,67.2736],[14.8358,67.2553],[14.8253,67.248],[14.7373,67.2237],[14.6165,67.2453],[14.5692,67.3293],[14.6991,67.3744],[14.7797,67.4176],[14.7922,67.4161],[14.8056,67.4136],[14.8147,67.4103],[14.8197,67.4055],[14.8106,67.3939],[14.8044,67.3886],[14.8831,67.4047],[14.9269,67.423],[14.9149,67.4318],[14.8846,67.4302],[14.8347,67.4403],[14.826,67.4424],[14.9762,67.5229],[15.1025,67.5157],[15.0069,67.4867],[14.9861,67.4811],[14.9589,67.4763],[14.9323,67.4758],[14.9363,67.4704],[14.9858,67.4686],[14.9946,67.4688],[15.0144,67.4686],[15.0356,67.4739],[15.1089,67.493],[15.3173,67.4832],[15.3845,67.4644],[15.4057,67.4773],[15.4286,67.475],[15.4419,67.4725],[15.4603,67.4655],[15.4703,67.4564],[15.5303,67.3958],[15.5881,67.3172],[15.6253,67.2661],[15.64,67.2664],[15.6489,67.2697],[15.6811,67.2864],[15.6889,67.2905],[15.695,67.2958],[15.6997,67.3011],[15.7017,67.305],[15.6969,67.3097],[15.615,67.3517],[15.5167,67.4256],[15.5314,67.465],[15.5411,67.4769],[15.5539,67.4872],[15.5867,67.5],[15.5903,67.5014],[15.6192,67.5111],[15.6994,67.535],[15.71,67.5378],[15.7553,67.5469],[15.7672,67.5486],[15.7942,67.5508],[15.8529,67.5521],[15.8831,67.5525],[15.895,67.5542],[15.8992,67.5589],[15.8944,67.5633],[15.8789,67.5653],[15.8464,67.5664],[15.8317,67.5661],[15.7228,67.5583],[15.7003,67.5539],[15.6581,67.543],[15.6381,67.5369],[15.6108,67.5264],[15.5544,67.5097],[15.5439,67.5069],[15.5319,67.505],[15.4564,67.5082],[15.5799,67.5833],[15.7457,67.5973],[15.7618,67.6763],[15.7379,67.6945],[15.7589,67.6894],[15.7681,67.6858],[15.7886,67.6794],[15.8214,67.6714],[15.8297,67.6736],[15.835,67.69],[15.7811,67.7278],[15.6839,67.7497],[15.6589,67.7546],[15.5722,67.8207],[15.8393,67.9197],[15.8711,67.9233],[15.9067,67.9472],[15.9558,67.993],[15.9611,68.013],[15.9072,68.0252],[15.9197,68.049],[16.0711,68.0447],[16.2206,67.9211],[16.2169,67.9147],[16.2067,67.9028],[16.2072,67.8972],[16.2172,67.888],[16.3939,67.8214],[16.4236,67.8114],[16.4689,67.7992],[16.4958,67.7942],[16.5019,67.805],[16.4533,67.8475],[16.4264,67.8525],[16.3722,67.8625],[16.3206,67.8728],[16.2636,67.8878],[16.2567,67.8919],[16.2517,67.8967],[16.2466,67.9082],[16.4116,67.8742],[16.5218,67.954],[16.5297,67.9558],[16.5392,67.9592],[16.5355,67.9639],[16.6485,68.0457],[16.6478,68.0476],[16.6617,68.0455],[16.6769,68.0458],[16.685,68.05],[16.7153,68.0667],[16.6351,68.0771],[16.5829,68.1986],[16.6328,68.1742],[16.7161,68.1422],[16.7275,68.1392],[16.7683,68.1317],[16.7978,68.1272],[16.8058,68.1314],[16.7989,68.1355],[16.7333,68.1719],[16.6514,68.1931],[16.6328,68.2003],[16.5967,68.2264],[16.5919,68.2308],[16.5892,68.2361],[16.5931,68.2428],[16.5579,68.2569],[16.5219,68.3409],[16.7191,68.3114],[16.8261,68.3203],[16.8258,68.3194],[16.8344,68.3181],[16.8872,68.3236],[16.8997,68.3255],[16.908,68.3272],[17.0333,68.3376],[17.064,68.3635],[17.1253,68.368],[17.14,68.3669],[17.1514,68.3639],[17.1656,68.3555],[17.3247,68.2553],[17.3294,68.2505],[17.3319,68.1928],[17.3303,68.1864],[17.3261,68.1797],[17.3144,68.1703],[17.315,68.1644],[17.3272,68.1628],[17.3381,68.1655],[17.3547,68.1739],[17.3614,68.1789],[17.4153,68.2292],[17.4164,68.2342],[17.4158,68.2397],[17.4133,68.245],[17.3992,68.2589],[17.3922,68.2628],[17.3436,68.2858],[17.3267,68.2922],[17.3153,68.2953],[17.2881,68.3006],[17.2769,68.3042],[17.2678,68.3078],[17.2211,68.3314],[17.2142,68.3355],[17.2008,68.3669],[17.2042,68.3722],[17.2461,68.4003],[17.2586,68.4019],[17.3244,68.4003],[17.3411,68.3994],[17.3867,68.3928],[17.4097,68.3867],[17.4282,68.379],[17.4831,68.3636],[17.5356,68.3528],[17.5522,68.3519],[17.5647,68.3539],[17.5747,68.3572],[17.5781,68.3625],[17.5686,68.3661],[17.5233,68.3728],[17.4822,68.3806],[17.3817,68.403],[17.37,68.4061],[17.3675,68.4114],[17.3758,68.4155],[17.4025,68.4183],[17.4892,68.4222],[17.5631,68.4244],[17.5786,68.4244],[17.5719,68.4503],[17.5528,68.5239],[17.5436,68.5275],[17.5317,68.5269],[17.5192,68.5253],[17.3531,68.4961],[17.3308,68.4911],[17.3225,68.4869],[17.3083,68.4767],[17.3031,68.4708],[17.2892,68.4608],[17.2619,68.4511],[17.2256,68.445],[17.1836,68.4419],[17.1139,68.4372],[17.0885,68.4359],[17.0565,68.4526],[17.08,68.4569],[17.0897,68.4603],[17.0967,68.4653],[17.0983,68.4717],[17.0958,68.4767],[17.0633,68.4864],[17.0056,68.5017],[16.9917,68.5042],[16.9681,68.4997],[16.9669,68.4993],[16.8548,68.5578],[17.0397,68.6585],[17.2259,68.7158],[17.2575,68.7206],[17.3486,68.7117],[17.3647,68.7097],[17.3742,68.7061],[17.3814,68.7019],[17.3861,68.6975],[17.3886,68.6922],[17.3983,68.683],[17.4056,68.6789],[17.4242,68.6717],[17.4358,68.6686],[17.4636,68.6636],[17.4819,68.6619],[17.6675,68.6528],[17.6803,68.6544],[17.6775,68.6597],[17.6706,68.6639],[17.6542,68.6714],[17.6356,68.6786],[17.6217,68.6811],[17.6056,68.6833],[17.5886,68.6839],[17.545,68.6819],[17.4953,68.6833],[17.4792,68.6855],[17.3017,68.7297],[17.2903,68.7328],[17.2858,68.7343],[17.4069,68.7715],[17.4189,68.8046],[17.4303,68.8075],[17.4431,68.8094],[17.4575,68.8103],[17.4758,68.8089],[17.4897,68.8064],[17.5225,68.7964],[17.5758,68.7858],[17.7678,68.7547],[17.7925,68.7569],[17.7872,68.7728],[17.7847,68.778],[17.78,68.7825],[17.7683,68.7856],[17.7514,68.7864],[17.7358,68.7864],[17.7075,68.7844],[17.6917,68.7844],[17.6608,68.7878],[17.6331,68.7928],[17.4728,68.8253],[17.47,68.8303],[17.4914,68.8364],[17.6467,68.8747],[17.7153,68.89],[17.7308,68.8903],[17.7358,68.8855],[17.7336,68.8794],[17.7383,68.8747],[17.7478,68.8711],[17.7617,68.8686],[17.8114,68.8636],[17.8283,68.8631],[17.8397,68.8656],[17.8483,68.8697],[17.8483,68.8753],[17.8411,68.8794],[17.7186,68.9286],[17.6858,68.9292],[17.6286,68.9256],[17.5728,68.9211],[17.5186,68.9155],[17.4944,68.9114],[17.4744,68.9044],[17.4682,68.9014],[17.5659,68.9744],[17.8947,69.0351],[17.9281,69.0051],[18.0515,69.0279],[18.0974,69.058],[18.3191,69.3594],[18.5532,69.2469],[18.6636,69.2644],[18.6794,69.26],[18.6897,69.2578],[18.7,69.2611],[18.7047,69.2678],[18.7061,69.2712],[18.9005,69.302],[18.9467,69.2908],[18.9747,69.2853],[18.9911,69.2833],[19.0072,69.2831],[19.0147,69.2881],[19.0147,69.2939],[18.9755,69.314],[18.9848,69.3154],[19.1649,69.2572],[19.1647,69.2525],[19.1717,69.2486],[19.1892,69.2475],[19.1944,69.2464],[19.2892,69.2106],[19.58,69.1811],[19.8212,69.3697],[20.1577,69.7478],[20.2864,69.7859],[20.3406,69.729],[20.3347,69.7164],[20.3319,69.7103],[20.3172,69.6739],[20.3059,69.6263],[20.2782,69.5818],[20.2321,69.4327],[20.1906,69.4022],[20.1719,69.3942],[20.0994,69.3705],[20.0572,69.3575],[20.0094,69.3478],[19.9989,69.3447],[19.9897,69.3405],[19.9819,69.3355],[19.9192,69.2772],[19.9164,69.2711],[19.9161,69.2653],[19.9183,69.2603],[19.9297,69.2569],[19.9469,69.2561],[20.0236,69.3061],[20.0406,69.3153],[20.1783,69.3686],[20.1983,69.3758],[20.2103,69.3783],[20.2159,69.3806],[20.1965,69.3177],[20.5527,69.5219],[20.5674,69.5428],[20.6114,69.5294],[20.6906,69.5117],[20.7047,69.5089],[20.8425,69.4861],[20.8531,69.4892],[20.8536,69.4947],[20.8469,69.4992],[20.8239,69.5056],[20.6714,69.5536],[20.5959,69.5833],[20.7339,69.7792],[20.9628,69.8031],[20.9908,69.7881],[21,69.7842],[21.0192,69.7822],[21.045,69.7861],[21.0517,69.7919],[21.0773,69.815],[21.1027,69.8177],[21.412,70.0154],[21.5725,69.9722],[21.6019,69.9536],[21.6039,69.9486],[21.6006,69.9425],[21.5947,69.9358],[21.5808,69.9244],[21.585,69.9197],[21.6242,69.905],[21.6797,69.8878],[21.6939,69.885],[21.7117,69.8839],[21.7444,69.8833],[21.7649,69.8798],[21.9081,69.804],[21.9155,69.8124],[21.9175,69.8111],[21.9281,69.8019],[21.9644,69.7703],[21.9778,69.7433],[21.9819,69.7383],[22.0347,69.7328],[22.0686,69.7314],[22.0933,69.7361],[22.1017,69.7408],[22.1025,69.7464],[22.1008,69.7517],[22.0153,69.8422],[21.9741,69.8788],[22.1633,70.0931],[22.2854,70.1976],[22.2786,70.1814],[22.3442,70.1444],[22.5325,70.1203],[22.5503,70.1189],[22.5578,70.1225],[22.5536,70.1272],[22.5444,70.1311],[22.5189,70.1375],[22.5,70.1407],[22.4881,70.1428],[22.3878,70.1578],[22.3533,70.1592],[22.3367,70.1617],[22.3275,70.1655],[22.3283,70.1711],[22.3531,70.2108],[22.7456,70.1706],[22.8463,70.1205],[22.8325,70.1144],[22.8214,70.1114],[22.7961,70.1069],[22.7208,70.0986],[22.5692,70.0847],[22.5386,70.0836],[22.5208,70.085],[22.4878,70.0855],[22.4725,70.085],[22.4447,70.0822],[22.4197,70.0778],[22.3286,70.0539],[22.3061,70.0475],[22.2961,70.0436],[22.2878,70.0389],[22.2967,70.035],[22.3119,70.0356],[22.3244,70.0378],[22.3581,70.0472],[22.3831,70.0517],[22.4486,70.0611],[22.4903,70.0653],[22.5,70.0656],[22.5661,70.0678],[22.5953,70.0697],[22.6508,70.0753],[22.8136,70.0942],[22.8667,70.1014],[22.8794,70.1036],[22.8806,70.1035],[23.0805,70.004],[23.1667,69.9578],[23.1756,69.9567],[23.2036,69.9428],[23.2156,69.9521],[23.3119,69.9408],[23.3233,69.9439],[23.4647,69.9819],[23.4747,69.9858],[23.5367,70.0169],[23.5328,70.0217],[23.5189,70.0247],[23.5011,70.0258],[23.4669,70.0278],[23.4339,70.0286],[23.3897,70.0264],[23.3733,70.0267],[23.3556,70.028],[23.3389,70.0305],[23.325,70.0336],[23.3129,70.0366],[23.469,70.2302],[23.5022,70.2339],[23.5194,70.2383],[23.5308,70.2414],[23.5194,70.245],[23.4834,70.2481],[23.5084,70.2791],[23.8273,70.4788],[23.9549,70.5021],[24.2077,70.4719],[24.2218,70.4847],[24.2522,70.4811],[24.2803,70.475],[24.3033,70.468],[24.3161,70.4594],[24.325,70.4556],[24.3417,70.4528],[24.3558,70.4539],[24.36,70.46],[24.3561,70.4647],[24.2614,70.5089],[24.2527,70.5128],[24.3596,70.6103],[24.4692,70.6784],[24.4761,70.6778],[24.5019,70.6714],[24.5147,70.6625],[24.6236,70.6211],[24.6467,70.6142],[24.6803,70.6108],[24.6947,70.6119],[24.7078,70.6142],[24.7197,70.6172],[24.7292,70.6219],[24.7344,70.6269],[24.7389,70.6372],[24.7378,70.6425],[24.7306,70.6519],[24.7181,70.6608],[24.6992,70.6739],[24.5646,70.7377],[24.5705,70.7414],[24.849,70.8266],[25.2192,70.8801],[25.2228,70.8775],[25.2364,70.8636],[25.2497,70.8497],[25.2533,70.8447],[25.2614,70.83],[25.2622,70.825],[25.2614,70.8142],[25.2597,70.8086],[25.2778,70.8028],[25.3456,70.8142],[25.3911,70.8714],[25.3944,70.8825],[25.3928,70.8928],[25.3845,70.904],[25.389,70.9046],[25.5623,70.9019],[25.6378,70.8919],[25.8247,70.8936],[25.241,70.564],[25.2186,70.5558],[25.2067,70.5531],[25.1006,70.515],[25.0897,70.5111],[25.0806,70.5064],[25.0736,70.5],[25.085,70.4964],[25.0992,70.4975],[25.1528,70.505],[25.1883,70.5136],[25.1907,70.5128],[25.1224,70.4352],[25.1116,70.3699],[25.09,70.3617],[25.0833,70.3553],[25.1032,70.3197],[25.0943,70.2659],[25.0194,70.2403],[24.9881,70.2289],[24.98,70.2233],[24.9642,70.1939],[24.9464,70.1525],[24.9433,70.1414],[24.9406,70.0981],[24.9425,70.0878],[24.9486,70.0833],[24.9833,70.0675],[25.0,70.061],[25.0031,70.06],[25.0208,70.0586],[25.0347,70.0597],[25.0453,70.0636],[25.0572,70.084],[25.0561,70.0902],[25.0451,70.098],[25.0347,70.1028],[25.0306,70.1085],[25.0301,70.1117],[25.0309,70.115],[25.0334,70.1187],[25.0429,70.124],[25.0652,70.1415],[25.0765,70.1439],[25.0869,70.1418],[25.0858,70.1408],[25.0862,70.1247],[25.0837,70.121],[25.0827,70.1177],[25.0949,70.094],[25.0969,70.091],[25.1119,70.0767],[25.1436,70.0764],[25.1578,70.0775],[25.2347,70.0897],[25.2556,70.0975],[25.265,70.1022],[25.3958,70.1986],[25.5136,70.2642],[25.525,70.2767],[25.5294,70.2825],[25.5367,70.2933],[25.535,70.3036],[25.5214,70.3069],[25.5024,70.3071],[25.574,70.3671],[25.8669,70.5473],[25.9475,70.5825],[25.9583,70.5861],[25.9692,70.59],[25.9992,70.603],[26.0078,70.6086],[26.0122,70.6144],[26.0244,70.6428],[26.0251,70.6446],[26.2627,70.7907],[26.6065,70.9146],[26.6191,70.7991],[26.6187,70.6992],[26.6033,70.6955],[26.5658,70.688],[26.5392,70.6842],[26.4822,70.6789],[26.4567,70.6739],[26.3708,70.655],[26.3503,70.6467],[26.3428,70.6403],[26.3514,70.6361],[26.3683,70.6355],[26.4081,70.6414],[26.4456,70.6492],[26.4989,70.6569],[26.5133,70.6581],[26.5447,70.6586],[26.6185,70.6475],[26.6181,70.5622],[26.6064,70.5386],[26.5978,70.5333],[26.5556,70.4983],[26.5142,70.4319],[26.5122,70.4264],[26.5044,70.3683],[26.505,70.3631],[26.5167,70.3542],[26.5278,70.3506],[26.5467,70.3481],[26.5611,70.3492],[26.5719,70.3528],[26.6272,70.3728],[26.7581,70.4217],[26.7729,70.4299],[26.9344,70.4693],[26.9381,70.4713],[26.9739,70.4567],[27.0294,70.4742],[27.002,70.5063],[27.1311,70.5771],[27.1466,70.5929],[27.2347,70.5822],[27.2678,70.5786],[27.2686,70.5831],[27.26,70.5869],[27.2322,70.5989],[27.21,70.6061],[27.1701,70.6169],[27.3705,70.8217],[27.4242,70.8153],[27.5147,70.8069],[27.5656,70.8047],[27.5103,70.8619],[27.46,70.8758],[27.4248,70.8771],[27.516,70.9703],[27.9475,71.0174],[28.2112,71.0179],[28.3084,70.9486],[28.1364,70.8327],[28.0751,70.7857],[28.0164,70.7908],[28.0053,70.7944],[27.8003,70.7917],[27.7858,70.7908],[27.7722,70.7889],[27.7622,70.7844],[27.765,70.7794],[27.8283,70.7675],[27.8867,70.7639],[27.9217,70.7614],[28.0264,70.7485],[27.9853,70.717],[27.9953,70.6851],[27.8425,70.6505],[27.6586,70.6089],[27.6475,70.6053],[27.6639,70.6025],[27.7108,70.6028],[27.7408,70.6039],[27.7967,70.6094],[27.8369,70.6153],[28.0076,70.6456],[28.0189,70.6095],[27.9409,70.5092],[27.9175,70.5039],[27.8753,70.4928],[27.8569,70.485],[27.8517,70.4789],[27.8791,70.4482],[27.8908,70.4449],[27.8754,70.4251],[28.1696,70.3875],[28.1692,70.3872],[28.1539,70.3694],[28.1542,70.3592],[28.1592,70.2289],[28.1631,70.2033],[28.18,70.1744],[28.1853,70.17],[28.1858,70.1594],[28.1833,70.1539],[28.1656,70.1306],[28.1581,70.1242],[28.1328,70.1069],[28.1067,70.0908],[28.0886,70.0814],[28.0389,70.0619],[28.0672,70.0636],[28.0806,70.0656],[28.1019,70.0708],[28.1236,70.078],[28.1336,70.0825],[28.1597,70.0989],[28.1981,70.1303],[28.2272,70.1597],[28.2322,70.1655],[28.2322,70.1708],[28.2158,70.1842],[28.1989,70.213],[28.1911,70.28],[28.1908,70.2853],[28.2218,70.3809],[28.2897,70.3722],[28.3496,70.4927],[28.4803,70.6297],[28.4896,70.6445],[28.7948,70.8648],[28.9843,70.8574],[29.3334,70.741],[29.3475,70.6903],[29.3469,70.6642],[29.4869,70.6898],[29.684,70.6241],[29.6817,70.623],[29.6761,70.6172],[29.6894,70.6136],[29.7039,70.6144],[29.7101,70.6154],[29.7412,70.605],[30.0414,70.5441],[30.1273,70.5427],[30.0664,70.5361],[30.0156,70.54],[30.0011,70.5392],[30.0025,70.5353],[30.0131,70.5314],[30.0369,70.5242],[30.0556,70.5214],[30.1428,70.5128],[30.1583,70.5128],[30.1728,70.5136],[30.2136,70.5186],[30.2667,70.5264],[30.2792,70.5289],[30.3022,70.5361],[30.3108,70.5397],[30.462,70.5373],[30.7542,70.4304],[30.7988,70.308],[30.6163,70.249],[30.5353,70.243],[30.5231,70.2406],[30.3614,70.1797],[30.3531,70.1736],[30.35,70.168],[30.3522,70.1636],[30.2519,70.1311],[29.7349,70.1149],[29.0281,70.1297],[28.8167,70.1683],[28.7483,70.1767],[28.7319,70.1775],[28.7003,70.1783],[28.6564,70.1764],[28.6167,70.1711],[28.5947,70.1639],[28.5947,70.1586],[28.6122,70.1567],[28.6561,70.1586],[28.6978,70.1622],[28.7111,70.1642],[28.7406,70.165],[28.7539,70.1617],[28.7539,70.1564],[28.7439,70.1519],[28.6689,70.125],[28.6444,70.1194],[28.6153,70.1157],[28.6097,70.1125],[28.6125,70.1078],[28.6283,70.1047],[28.8328,70.0744],[28.8719,70.0694],[29.08,69.9612],[29.3989,69.8756],[29.3717,69.8603],[29.3656,69.8553],[29.3775,69.8528],[29.4086,69.8517],[29.4228,69.8528],[29.4347,69.8553],[29.4464,69.8628],[29.5559,69.8334],[29.6393,69.7678],[29.6367,69.7672],[29.4947,69.6672],[29.4867,69.6608],[29.4867,69.6555],[29.4997,69.6572],[29.5325,69.668],[29.5514,69.6778],[29.5575,69.6828],[29.5631,69.6889],[29.5708,69.695],[29.5797,69.7003],[29.6536,69.728],[29.6647,69.7317],[29.6817,69.7345],[29.7286,69.6976],[30.0558,69.7209],[30.0577,69.7211],[30.1414,69.6925],[30.1736,69.6872],[30.1886,69.6872],[30.1889,69.6925],[30.185,69.6961],[30.1431,69.7236],[30.1394,69.7334],[30.3613,69.7668],[30.4177,69.7646],[30.4197,69.7214],[30.4183,69.7005],[30.4125,69.6897],[30.4069,69.6836],[30.3967,69.6792],[30.3858,69.6758],[30.3467,69.6705],[30.3372,69.6683],[30.3514,69.6661],[30.3675,69.665],[30.4114,69.6655],[30.4236,69.6683],[30.4336,69.6728],[30.4428,69.6781],[30.4494,69.683],[30.4522,69.6886],[30.4692,69.7392],[30.4694,69.7444],[30.465,69.7542],[30.4552,69.7632],[30.7354,69.7524],[31.0538,69.6396],[31.3313,69.6628],[31.4932,69.7038],[31.5416,69.697],[31.7278,69.6808],[31.7739,69.6811],[31.7947,69.6822],[31.8086,69.6864],[31.8103,69.6936],[31.8014,69.6991],[31.7897,69.7039],[31.7608,69.7117],[31.7264,69.718],[31.6915,69.7322],[31.6962,69.7552],[31.7822,69.777],[31.9176,69.8269],[31.9647,69.8125],[31.9908,69.8036],[32.0025,69.7989],[32.0114,69.7933],[32.0297,69.7739],[32.0386,69.7683],[32.0459,69.7672],[32.0536,69.7661],[32.0964,69.7836],[32.0967,69.7839],[32.1834,69.6526],[32.1786,69.653],[32.1617,69.6564],[32.1103,69.6758],[32.0264,69.6365],[32.0639,69.613],[32.1,69.5941],[32.2136,69.59],[32.2596,69.5869],[32.3517,69.5137],[32.4318,69.4842],[32.2772,69.4403],[32.2611,69.4372],[32.2107,69.4313],[32.2064,69.4308],[32.1903,69.4278],[32.1997,69.4241],[32.2225,69.4241],[32.2681,69.4244],[32.2864,69.4267],[32.3,69.4305],[32.3639,69.4525],[32.4375,69.4814],[32.4389,69.4816],[32.5963,69.4236],[32.915,69.3951],[32.913,69.3941],[32.8347,69.3489],[32.8319,69.3443],[32.83,69.3411],[32.8345,69.3304],[32.8086,69.3089],[32.8039,69.3042],[32.8017,69.3019],[32.81,69.2961],[32.8953,69.303],[32.9069,69.3178],[32.9211,69.3414],[32.9444,69.3708],[32.9586,69.3847],[32.9693,69.3878],[32.9722,69.3886],[32.9796,69.3894],[33.0096,69.3867],[33.2806,69.342],[33.2867,69.295],[33.2369,69.273],[33.2378,69.2667],[33.2544,69.2636],[33.2655,69.2655],[33.2703,69.2664],[33.2899,69.2697],[33.31,69.1146],[33.273,69.1039],[33.2369,69.1],[33.1961,69.0978],[33.1217,69.0908],[33.0764,69.0808],[33.0489,69.0728],[33.0378,69.0681],[33.0194,69.0561],[33.0169,69.0472],[33.0083,68.9814],[33.0089,68.9653],[33.0107,68.9631],[33.0144,68.9589],[33.0228,68.9533],[33.0317,68.9575],[33.0361,68.9653],[33.0386,68.9742],[33.0404,68.9894],[33.0408,68.9991],[33.0453,69.0328],[33.0478,69.0417],[33.0525,69.0494],[33.0753,69.0594],[33.0889,69.0633],[33.1047,69.0664],[33.2856,69.0864],[33.3133,69.0887],[33.3156,69.0713],[33.3625,69.0928],[33.4189,69.0975],[33.4347,69.1005],[33.4464,69.1055],[33.5678,69.1839],[33.57,69.1879],[33.6284,69.2147],[33.818,69.1925],[34.3051,69.1708],[34.6989,69.1641],[34.9341,69.1494],[35.4366,69.1504],[36.0183,69.0237],[37.2459,68.7935],[37.6886,68.6296],[38.4064,68.2427],[38.6685,68.1463],[39.3347,68.0359],[39.9181,67.9404],[40.4011,67.7913],[40.4636,67.755],[40.4755,67.7505],[40.493,67.7472],[40.5117,67.7458],[40.5292,67.7472],[40.5392,67.7486],[40.8261,67.66],[40.9734,67.5344],[40.9508,67.3347],[41.0169,67.2019],[41.2088,67.0695],[41.2553,66.937],[41.1552,66.7941],[41.1272,66.7769],[41.0969,66.76],[41.0497,66.7422],[40.9725,66.7075],[40.7417,66.59],[40.7317,66.5844],[40.7236,66.5778],[40.7189,66.5689],[40.7203,66.5542],[40.7236,66.5475],[40.7242,66.54],[40.7161,66.5333],[40.5655,66.4539],[40.4664,66.41],[40.4433,66.4008],[40.4017,66.3914],[40.3531,66.3861],[40.3231,66.3814],[40.2964,66.3744],[40.1786,66.3408],[40.1669,66.3364],[40.1378,66.3194],[40.1058,66.2928],[40.0961,66.2869],[40.0733,66.2778],[40.06,66.2744],[39.81,66.2303],[39.585,66.1941],[39.3836,66.1439],[39.3592,66.1355],[39.3461,66.1319],[39.3208,66.1266],[39.2764,66.1191],[39.1108,66.1044],[39.0194,66.1022],[38.8464,66.0803],[38.8169,66.0753],[38.6078,66.0522],[38.553,66.0508],[38.4928,66.0525],[38.1992,66.0672],[37.99,66.0792],[37.968,66.0808],[37.91,66.0875],[37.6736,66.1211],[37.4828,66.1678],[37.4069,66.193],[37.3953,66.1975],[37.2953,66.2242],[37.2664,66.2314],[37.1478,66.2519],[37.0161,66.2686],[36.9744,66.2722],[36.9083,66.2764],[36.7578,66.2858],[36.7153,66.2875],[36.6544,66.2886],[36.6344,66.2889],[36.6158,66.288],[36.5347,66.2894],[36.3822,66.2994],[36.3039,66.3078],[36.2356,66.3192],[36.2158,66.3214],[35.9144,66.3533],[35.7322,66.37],[35.5797,66.3811],[35.5572,66.3822],[35.5177,66.3864],[35.5005,66.3891],[35.4369,66.4016],[35.4049,66.408],[35.378,66.4157],[35.1646,66.4848],[35.0787,66.5148],[35.0276,66.5393],[34.9742,66.5639],[34.8755,66.598],[34.8458,66.605],[34.7803,66.6072],[34.7619,66.6064],[34.7472,66.6036],[34.7347,66.5997],[34.7083,66.5819],[34.6872,66.5719],[34.6619,66.5641],[34.5646,66.5412],[34.3999,66.5766],[34.3694,66.5992],[34.3547,66.6108],[34.3569,66.618],[34.3614,66.6258],[34.37,66.6319],[34.3808,66.6367],[34.3933,66.6408],[34.4119,66.6417],[34.43,66.6408],[34.4386,66.6467],[34.3186,66.6658],[34.2419,66.6694],[34.1575,66.67],[33.9333,66.6847],[33.8556,66.6925],[33.8256,66.6994],[33.8153,66.7044],[33.8078,66.71],[33.8028,66.7167],[33.7978,66.7314],[33.7978,66.7394],[33.7928,66.7461],[33.7803,66.7583],[33.7728,66.7642],[33.75,66.7733],[33.7375,66.7775],[33.5989,66.823],[33.5211,66.8247],[33.5167,66.8167],[33.5167,66.8086],[33.5194,66.8011],[33.5319,66.7889],[33.5397,66.7833],[33.57,66.7683],[33.6078,66.7558],[33.628,66.7461],[33.5431,66.7208],[33.5267,66.7186],[33.4839,66.7214],[33.3608,66.76],[33.1577,66.9145],[32.991,66.9878],[32.7999,67.0199],[32.7947,67.0336],[32.7986,67.0494],[32.805,67.0566],[32.7939,67.0858],[32.6961,67.1119],[32.6678,67.1194],[32.6214,67.1291],[32.6036,67.1317],[32.5831,67.1333],[32.5642,67.1322],[32.5308,67.128],[32.5119,67.1269],[32.4889,67.1278],[32.4505,67.1317],[32.4197,67.1383],[32.4067,67.1425],[32.3647,67.1619],[32.3469,67.1642],[32.3322,67.1611],[32.2403,67.1447],[32.0661,67.1333],[32.025,67.1367],[31.9942,67.1431],[31.9811,67.1469],[31.973,67.1528],[31.9419,67.1591],[31.9239,67.1617],[31.88,67.1622],[31.8653,67.1589],[31.855,67.1539],[31.8544,67.1511],[31.8606,67.1475],[31.9158,67.1239],[31.9314,67.1208],[32.0617,67.1139],[32.0803,67.113],[32.1011,67.1133],[32.1178,67.1155],[32.1303,67.1194],[32.1405,67.1247],[32.153,67.1286],[32.1928,67.13],[32.2158,67.1291],[32.2542,67.1253],[32.2647,67.1203],[32.3564,67.0758],[32.4922,67.0339],[32.5025,67.0289],[32.5028,67.0287],[32.2194,66.9937],[32.3578,66.9203],[32.4247,66.891],[32.7535,66.649],[32.9242,66.5975],[32.8953,66.598],[32.8767,66.5969],[32.8644,66.593],[32.8625,66.5853],[32.8622,66.5839],[32.8722,66.5792],[32.8875,66.5758],[32.9823,66.5772],[33.039,66.5464],[32.9661,66.5364],[32.9519,66.5333],[32.9436,66.5275],[32.9461,66.52],[32.9614,66.5167],[33.0314,66.5067],[33.0764,66.505],[33.1151,66.5052],[33.4203,66.3399],[33.343,66.3292],[33.3289,66.3261],[33.3164,66.3222],[33.3128,66.3161],[33.328,66.3144],[33.4743,66.3115],[33.8442,66.1821],[34.2585,66.1098],[34.5437,66.0008],[34.7262,65.797],[34.7261,65.7896],[34.6908,65.8039],[34.6875,65.7994],[34.6742,65.7772],[34.6878,65.7203],[34.6925,65.7136],[34.7258,65.6672],[34.7256,65.615],[34.6012,65.4839],[34.2934,65.3962],[34.332,65.3455],[34.4257,65.1065],[34.7729,64.6822],[34.7967,64.5557],[34.7878,64.5478],[34.7991,64.5431],[34.8148,64.4598],[34.8846,64.3668],[35.0818,64.2883],[35.6233,64.2536],[35.9708,64.2035],[35.9786,64.1983],[35.99,64.1939],[36.0058,64.1911],[36.0182,64.1936],[36.24,63.9186],[36.4206,63.8761],[36.9875,63.8415],[37.2465,63.7849],[37.4105,63.7495],[37.5915,63.8069],[37.9449,63.8504],[38.0541,63.9863],[38.0541,63.9992],[38.0619,64.0044],[38.0775,64.0172],[38.0828,64.025],[38.0864,64.0497],[38.085,64.0572],[38.0803,64.0714],[38.063,64.1133],[38.0508,64.1408],[38.0436,64.1544],[38.0264,64.165],[38.0142,64.17],[37.9305,64.2559],[37.9789,64.3167],[37.9058,64.3417],[37.8225,64.3789],[37.8139,64.3842],[37.8078,64.3903],[37.8042,64.3969],[37.8014,64.4119],[37.8011,64.4275],[37.6886,64.4228],[37.5608,64.3842],[37.3903,64.355],[37.3592,64.3517],[37.3419,64.3511],[37.3261,64.3539],[37.1917,64.3919],[37.1669,64.4],[37.1447,64.4089],[37.1272,64.4194],[37.0061,64.5011],[36.9758,64.5233],[36.9455,64.5455],[36.9203,64.5694],[36.8667,64.6161],[36.7558,64.7005],[36.7292,64.7161],[36.7094,64.7264],[36.698,64.7308],[36.6844,64.7344],[36.6683,64.7375],[36.6078,64.7422],[36.5949,64.7425],[36.5685,64.7646],[36.7822,64.9699],[36.8306,64.988],[36.8355,64.9958],[36.8518,65.0369],[36.8839,65.0677],[37.1019,65.0681],[37.6041,64.8528],[38.0345,64.7535],[38.0331,64.7497],[38.0358,64.6455],[38.0469,64.6411],[38.0661,64.6408],[38.0783,64.6444],[38.1519,64.6664],[38.1625,64.6714],[38.1678,64.6792],[38.1664,64.6866],[38.1628,64.6933],[38.1617,64.7008],[38.1669,64.7086],[38.188,64.718],[38.2529,64.7031],[39.1934,64.511],[39.6216,64.476],[39.9971,64.5412],[40.3222,64.4629],[40.4112,64.5391],[40.4505,64.5364],[40.4886,64.535],[40.5058,64.5353],[40.52,64.5375],[40.5275,64.5444],[40.5319,64.553],[40.5339,64.5614],[40.5331,64.5689],[40.53,64.5755],[40.5155,64.5944],[40.4911,64.6153],[40.473,64.6269],[40.4675,64.633],[40.4513,64.6602],[40.4621,64.7503],[40.449,64.7649],[40.4542,64.7658],[40.4505,64.7892],[40.4294,64.8217],[40.4239,64.8278],[40.4097,64.8392],[40.4133,64.8555],[40.4128,64.8628],[40.4094,64.8697],[40.3819,64.9155],[40.3728,64.9283],[40.3672,64.9344],[40.2836,65.0092],[40.2753,65.0147],[40.2425,65.0286],[40.2158,65.0364],[40.1814,65.0422],[40.1603,65.0439],[40.1469,65.0478],[40.1386,65.0533],[40.1017,65.0814],[40.0592,65.1155],[40.0181,65.1578],[39.9683,65.2053],[39.9539,65.2167],[39.9383,65.2275],[39.8231,65.4356],[39.9513,65.5812],[40.0369,65.6031],[40.6814,65.7936],[41.3542,65.9552],[41.6233,66.0652],[42.1334,66.3879],[42.2108,66.41],[42.4185,66.3811],[43.2414,66.2509],[43.4714,66.164],[43.4483,66.1555],[43.2931,66.0978],[43.2903,66.0897],[43.3011,66.0775],[43.3547,66.0386],[43.5144,65.9719],[43.5167,65.9753],[43.5194,65.9836],[43.525,66.0069],[43.5253,66.0219],[43.52,66.0355],[43.5147,66.0417],[43.5067,66.0472],[43.4717,66.0536],[43.4517,66.0547],[43.4153,66.0547],[43.3992,66.0583],[43.3856,66.0625],[43.3803,66.0686],[43.383,66.0767],[43.3917,66.0831],[43.4533,66.1158],[43.4755,66.1255],[43.4994,66.1344],[43.5131,66.1375],[43.5309,66.1415],[43.8762,66.011],[44.0242,66.0112],[44.0289,66.0033],[44.0342,65.9972],[44.0472,65.9855],[44.1744,65.8747],[44.1497,66.0483],[44.1089,66.1197],[44.1011,66.1253],[44.0958,66.1314],[44.0858,66.1483],[44.1221,66.2672],[44.2762,66.4703],[44.2892,66.4769],[44.3136,66.4855],[44.3275,66.4889],[44.355,66.495],[44.3625,66.5028],[44.3686,66.5189],[44.388,66.5894],[44.3914,66.6047],[44.3944,66.6128],[44.4003,66.6216],[44.4186,66.6344],[44.4292,66.64],[44.4569,66.6464],[44.483,66.6741],[44.4486,66.703],[44.3721,66.7687],[44.3701,66.7957],[44.375,66.7991],[44.3872,66.8036],[44.4342,66.8097],[44.4619,66.8161],[44.4728,66.8214],[44.4819,66.8278],[44.4883,66.8439],[44.4964,66.9075],[44.48,66.9491],[44.4158,67.0078],[44.4078,67.0133],[44.3939,67.0175],[44.3497,67.0297],[44.3169,67.0441],[44.3089,67.0497],[44.2469,67.0989],[44.1761,67.1489],[44.1597,67.16],[44.1486,67.1647],[44.1347,67.1689],[44.118,67.1725],[44.0986,67.1755],[44.0761,67.1778],[44.0364,67.1792],[44.0017,67.1769],[43.9683,67.1739],[43.9403,67.1675],[43.9278,67.163],[43.9136,67.16],[43.8944,67.16],[43.8778,67.1636],[43.8639,67.1678],[43.8087,67.1854],[43.7554,67.2262],[43.7505,67.2522],[43.7514,67.2894],[43.7517,67.3042],[43.7517,67.3084],[44.2158,67.7183],[44.2611,67.8296],[44.2347,67.9061],[44.2667,67.9244],[44.2583,67.93],[44.2411,67.9336],[44.2244,67.9359],[44.1731,68.0846],[44.1786,68.0997],[44.21,68.175],[44.2258,68.2075],[44.2453,68.2556],[44.2458,68.2703],[44.2433,68.2769],[44.2322,68.2892],[44.2236,68.2947],[44.2036,68.305],[44.1833,68.3153],[44.1317,68.3405],[44.0505,68.3741],[44.0014,68.3928],[43.8994,68.4219],[43.8467,68.4325],[43.8453,68.4328],[43.8532,68.4692],[44.012,68.4919],[44.6678,68.3886],[45.5796,68.4425],[45.8634,68.3833],[46.162,68.1082],[46.4394,67.9079],[46.5255,67.8161],[46.4089,67.8275],[46.2883,67.8186],[46.2425,67.8105],[46.1944,67.803],[46.1455,67.7972],[45.838,67.7725],[45.7342,67.7653],[45.7164,67.7644],[45.6767,67.7705],[45.6572,67.7708],[45.6214,67.7691],[45.5364,67.7608],[45.5039,67.7569],[45.4569,67.7497],[45.4261,67.7447],[45.3825,67.7355],[45.3289,67.7197],[45.3161,67.7155],[45.3047,67.7103],[45.2967,67.7028],[45.2961,67.6955],[45.3042,67.69],[45.343,67.6894],[45.3514,67.6839],[45.3536,67.6772],[45.3517,67.655],[45.3469,67.6322],[45.34,67.6164],[45.3314,67.6047],[45.251,67.5836],[45.2383,67.5844],[45.1997,67.585],[45.1675,67.5808],[45.153,67.5778],[45.1144,67.5653],[45.0569,67.5397],[45.0236,67.5239],[45.0028,67.5119],[44.9519,67.4819],[44.9442,67.4744],[44.9317,67.4572],[44.9217,67.4333],[44.9119,67.3728],[44.9139,67.3586],[44.9147,67.3576],[44.8712,67.3124],[44.9571,67.2314],[45.3856,67.0994],[45.7154,66.8496],[46.0768,66.7621],[46.4021,66.7186],[46.9726,66.7785],[47.5712,66.8163],[47.7062,66.8901],[47.8221,67.1113],[47.9529,67.3773],[48.0807,67.5625],[48.6353,67.6524],[48.7855,67.7033],[48.8536,67.6989],[48.87,67.695],[48.9455,67.6739],[48.9705,67.6547],[48.978,67.6461],[49.0031,67.6353],[49.0655,67.6272],[49.0864,67.6253],[49.1011,67.628],[49.1028,67.6355],[49.0986,67.6417],[49.0558,67.6664],[49.0455,67.6714],[49.0322,67.6758],[48.8792,67.725],[48.8725,67.7327],[49.1856,67.8388],[49.6301,67.9362],[50.4959,68.1535],[51.139,68.2664],[51.8308,68.4094],[52.1881,68.526],[52.1786,68.5047],[52.2656,68.4978],[52.2986,68.4233],[52.2889,68.415],[52.2772,68.4091],[52.2644,68.4042],[52.25,68.4005],[52.1989,68.3964],[52.1803,68.3964],[52.1633,68.395],[52.1478,68.3925],[52.1375,68.3853],[52.138,68.3783],[52.1417,68.3722],[52.2358,68.3116],[52.2489,68.3069],[52.2686,68.3058],[52.3648,68.3276],[52.4627,68.2987],[52.7197,68.3514],[52.9388,68.4712],[53.0058,68.6806],[53.1794,68.7557],[53.5024,68.8163],[53.8891,68.787],[53.8827,68.7726],[53.8405,68.7405],[53.8472,68.728],[53.838,68.7064],[53.8317,68.6986],[53.8128,68.6822],[53.7886,68.6703],[53.7739,68.6669],[53.7419,68.6619],[53.7272,68.6583],[53.7197,68.6519],[53.72,68.6383],[53.7269,68.6258],[53.7467,68.6083],[53.8046,68.5685],[53.7829,68.3467],[53.7253,68.3789],[53.6867,68.3933],[53.6705,68.3978],[53.6322,68.4055],[53.6111,68.408],[53.5928,68.4078],[53.578,68.4042],[53.5753,68.3969],[53.585,68.3917],[53.6042,68.3878],[53.6361,68.3789],[53.6914,68.3397],[53.6819,68.3314],[53.6713,68.3275],[53.6668,68.3271],[53.6305,68.3344],[53.5986,68.3433],[53.5728,68.353],[53.5536,68.3569],[53.5314,68.3603],[53.4905,68.3636],[53.4511,68.3658],[53.4328,68.3655],[53.4169,68.3633],[53.3267,68.348],[53.3136,68.343],[53.2164,68.2886],[53.2092,68.2819],[53.2033,68.2742],[53.2036,68.2672],[53.21,68.2614],[53.2197,68.2561],[53.2455,68.2464],[53.3216,68.2377],[53.3162,68.2332],[53.3168,68.1364],[53.6257,68.0477],[53.854,68.0853],[54.3797,68.1607],[54.576,68.1611],[54.6485,68.0719],[54.7523,68.0498],[54.8772,68.1095],[54.996,68.2065],[55.1265,68.4006],[55.3354,68.4831],[55.7229,68.5361],[56.1951,68.5669],[56.5403,68.5526],[57.0242,68.4489],[57.3637,68.457],[57.5259,68.4946],[57.9592,68.7048],[58.2541,68.7887],[58.3361,68.7303],[58.3547,68.73],[58.39,68.7314],[58.4217,68.7366],[58.4347,68.7422],[58.4392,68.7494],[58.438,68.7567],[58.4292,68.7622],[58.4017,68.7719],[58.3864,68.7769],[58.3655,68.7797],[58.3094,68.7808],[58.285,68.7911],[58.2802,68.7961],[58.4093,68.8329],[58.7704,68.856],[59.199,68.7744],[59.345,68.7003],[59.3194,68.7025],[59.2778,68.7083],[59.2592,68.7086],[59.2417,68.708],[59.2089,68.7042],[59.1778,68.6978],[59.1647,68.6922],[59.0658,68.6236],[59.0578,68.6161],[59.0603,68.5767],[59.066,68.5003],[59.062,68.4975],[59.0668,68.4887],[59.0714,68.4278],[59.0733,68.4214],[59.0905,68.41],[59.1056,68.4053],[59.1139,68.4036],[59.1198,68.3931],[59.2177,68.3485],[59.5019,68.2894],[59.7623,68.2974],[59.8675,68.3822],[59.8736,68.3855],[59.8964,68.4014],[59.9678,68.4608],[59.9692,68.4678],[59.9517,68.5053],[59.9467,68.5114],[59.9364,68.5233],[59.9178,68.5403],[59.9254,68.5813],[60.0791,68.619],[60.5121,68.5899],[60.7563,68.6725],[60.9341,68.8151],[60.986,69.0026],[60.9392,69.0379],[60.9336,69.0811],[60.9319,69.0875],[60.9219,69.0994],[60.9014,69.1175],[60.888,69.1291],[60.8453,69.1497],[60.7997,69.1644],[60.7614,69.1719],[60.3692,69.4677],[60.5517,69.5434],[60.8487,69.71],[61.03,69.7406],[61.3043,69.7335],[62.2813,69.7051],[62.8539,69.6156],[63.4123,69.5487],[63.9232,69.4592],[64.7894,69.248],[64.7855,69.2444],[64.7825,69.2378],[64.7603,69.1841],[64.7622,69.165],[64.7669,69.1525],[64.7744,69.1467],[64.7878,69.1428],[64.8058,69.1431],[64.8326,69.1521],[64.933,69.1975],[64.9427,69.2047],[64.9419,69.2111],[64.938,69.2172],[64.9341,69.2221],[65.3554,69.1834],[65.6628,69.1091],[65.6769,69.09],[65.6875,69.0844],[65.7078,69.0808],[65.7661,69.0739],[65.8239,69.0683],[65.8385,69.0666],[66.1255,68.9972],[66.5843,68.8855],[67.1717,68.6471],[67.6455,68.4481],[67.8265,68.3721],[68.2154,68.2014],[68.2495,68.1969],[68.265,68.1875],[68.2833,68.185],[68.2989,68.1886],[68.3037,68.1899],[68.3846,68.1793],[68.4879,68.2242],[69.0026,68.6954],[69.109,68.8303],[69.0921,68.8297],[69.0953,68.8333],[69.1114,68.8664],[69.1083,68.8725],[69.0889,68.8764],[69.0705,68.8778],[69.0189,68.8747],[68.9833,68.875],[68.963,68.88],[68.95,68.8855],[68.9433,68.8917],[68.9439,68.898],[68.9544,68.905],[68.9711,68.9072],[69.0056,68.9094],[69.0755,68.9114],[69.1094,68.9147],[69.1255,68.9183],[69.2147,68.9544],[69.2203,68.9572],[69.1836,68.96],[69.0217,68.9642],[68.9058,68.9466],[68.89,68.943],[68.8475,68.9211],[68.82,68.9119],[68.785,68.9108],[68.7303,68.9136],[68.675,68.9178],[68.6553,68.9216],[68.5578,68.9461],[68.4733,68.9725],[68.4597,68.978],[68.4497,68.9836],[68.4366,68.9955],[68.4333,69.0019],[68.4042,69.0383],[68.3578,69.0797],[68.3172,69.1028],[68.2767,69.1191],[68.2461,69.1364],[68.0978,69.2378],[68.1059,69.4293],[68.1006,69.4314],[68.105,69.5405],[68.1017,69.5466],[68.085,69.5505],[68.0658,69.5519],[68.0503,69.5469],[68.0361,69.5397],[68.0253,69.5325],[68.0072,69.5186],[68.0072,69.5122],[68.0105,69.5061],[68.0278,69.5008],[68.0417,69.4955],[68.038,69.4889],[68.0217,69.4853],[68.0047,69.4828],[67.9866,69.4828],[67.9675,69.4841],[67.9642,69.4846],[67.7787,69.5569],[67.667,69.5651],[67.648,69.5814],[67.6342,69.5867],[67.613,69.5917],[67.4955,69.618],[67.4753,69.6219],[67.4386,69.6219],[67.3855,69.6183],[67.3708,69.6186],[67.3511,69.6211],[67.33,69.6258],[67.1719,69.6647],[67.133,69.6747],[67.1153,69.68],[67.1011,69.6853],[67.0797,69.6903],[67.0591,69.6939],[67.0197,69.6986],[67.0005,69.6997],[66.9822,69.6997],[66.9708,69.6939],[66.9341,69.6314],[66.935,69.6193],[66.8844,69.6231],[66.799,69.7437],[66.828,69.8194],[66.9649,69.9558],[66.9856,69.9634],[66.9919,69.9583],[67.0114,69.9572],[67.0292,69.9583],[67.1755,69.9878],[67.2086,69.995],[67.2236,70.0011],[67.2378,70.0086],[67.2486,70.0155],[67.2772,70.043],[67.3097,70.0769],[67.3278,70.0975],[67.3253,70.1017],[67.3833,70.1394],[67.4218,70.2234],[67.3982,70.5985],[67.3037,70.6883],[67.3361,70.7183],[67.3397,70.725],[67.3397,70.7503],[67.3361,70.7628],[67.3325,70.7689],[67.3214,70.7808],[67.3066,70.7925],[67.2844,70.8039],[67.2586,70.8147],[67.2289,70.8255],[67.2066,70.8303],[67.1858,70.8328],[67.1072,70.8353],[67.09,70.8314],[67.0753,70.8242],[67.0597,70.8181],[67.0419,70.8125],[67.008,70.805],[66.7489,70.7679],[66.6702,70.8661],[66.7034,70.9199],[66.7228,70.9267],[66.7531,70.94],[66.7642,70.9472],[66.8339,71.0025],[66.8917,71.0775],[66.8842,71.0831],[66.8214,71.1019],[66.8134,71.0979],[66.818,71.1054],[66.9796,71.2138],[67.1555,71.2296],[67.8225,71.4167],[68.3162,71.6349],[68.5508,71.822],[68.8121,72.0955],[69.0567,72.6447],[69.3431,72.8343],[69.5116,72.803],[70.2144,72.7335],[70.9403,72.79],[71.6629,72.8307],[71.8272,72.8145],[71.8158,72.81],[71.8803,72.7966],[71.9019,72.795],[71.9225,72.7958],[71.9617,72.8008],[71.9629,72.801],[71.9758,72.7998],[72.1887,72.8106],[72.2797,72.7994],[72.5447,72.7636],[72.6122,72.7514],[72.7651,72.7233],[72.8201,72.6735],[72.8111,72.6497],[72.8014,72.6433],[72.7833,72.6364],[72.7464,72.6253],[72.7325,72.6186],[72.7269,72.6122],[72.7236,72.5997],[72.7919,72.47],[72.7933,72.4144],[72.7941,72.4019],[72.7958,72.3977],[72.6546,72.1183],[72.4983,71.9618],[71.8978,71.5872],[71.866,71.5378],[71.8505,71.5314],[71.8247,71.5178],[71.8155,71.5111],[71.8053,71.4983],[71.8011,71.485],[71.8025,71.4725],[71.81,71.4542],[71.8112,71.453],[71.7976,71.4318],[71.963,71.3565],[72.0564,71.3022],[72.0983,71.2853],[72.13,71.2742],[72.1496,71.268],[72.555,70.9772],[72.6797,70.8235],[72.7205,70.6645],[72.6825,70.6211],[72.6808,70.6147],[72.6817,70.6022],[72.6994,70.5842],[72.7286,70.5664],[72.7419,70.5608],[72.7481,70.557],[72.7742,70.4552],[72.7408,70.4127],[72.7239,70.4119],[72.7061,70.41],[72.6883,70.4069],[72.6386,70.3897],[72.5894,70.3703],[72.5405,70.3505],[72.5244,70.3436],[72.4997,70.33],[72.4661,70.3097],[72.4325,70.2894],[72.4275,70.2831],[72.4247,70.2703],[72.4269,70.2642],[72.4389,70.2522],[72.458,70.2403],[72.4844,70.2289],[72.4956,70.2252],[72.4369,70.187],[72.5486,69.6695],[72.5297,69.6283],[72.5389,69.6225],[72.5496,69.6141],[72.5328,69.2332],[72.5136,69.2222],[72.5053,69.2155],[72.4989,69.2083],[72.4794,69.1822],[72.4728,69.1503],[72.4814,69.1253],[72.5539,68.9767],[72.5694,68.9519],[72.5772,68.9397],[72.5828,68.9336],[72.5887,68.9287],[72.6435,68.8069],[72.8462,68.6352],[73.3086,68.5166],[73.3941,68.4421],[73.3936,68.3824],[73.3465,68.3357],[73.2636,68.2983],[73.1097,68.2239],[73.098,68.2169],[73.0933,68.2105],[73.0708,68.0953],[73.0728,68.0889],[73.0833,68.0767],[73.0922,68.0705],[73.1161,68.0589],[73.1199,68.0563],[72.9878,67.7941],[72.8377,67.6456],[72.8099,67.6293],[72.6978,67.6197],[72.6811,67.6189],[72.6642,67.6194],[72.6469,67.6211],[72.6133,67.6222],[72.5972,67.62],[72.5817,67.6155],[72.5561,67.6017],[72.5405,67.588],[72.5392,67.5817],[72.5453,67.5628],[72.55,67.5375],[72.5475,67.5247],[72.5428,67.5181],[72.5317,67.5111],[72.5022,67.4994],[72.4566,67.4858],[72.4088,67.476],[72.395,67.4703],[72.3939,67.4639],[72.3978,67.4511],[72.403,67.445],[72.4203,67.433],[72.4394,67.415],[72.4396,67.4148],[72.2392,67.313],[72.2322,67.3181],[72.2203,67.3239],[72.2025,67.328],[72.1861,67.3272],[72.0555,67.3017],[72.0405,67.2969],[72.0394,67.2905],[72.0389,67.2622],[72.05,67.2592],[72.1122,67.2486],[71.9305,67.1563],[71.6471,67.0673],[71.4277,66.9625],[71.4103,66.9669],[71.4084,66.9533],[71.3995,66.9491],[71.4063,66.9381],[71.4047,66.9269],[71.5158,66.7597],[71.5161,66.7596],[71.5441,66.7141],[71.3495,66.6624],[71.2229,66.6348],[71.0825,66.6278],[71.0667,66.6269],[71.053,66.6197],[71.0417,66.6061],[71.0439,66.6],[71.0509,66.5974],[70.8399,66.5514],[70.3714,66.6605],[70.4439,66.6744],[70.5078,66.6769],[70.5697,66.6847],[70.6005,66.6889],[70.6792,66.713],[70.7411,66.7383],[70.7419,66.745],[70.7397,66.7514],[70.7308,66.7572],[70.7136,66.76],[70.6972,66.7603],[70.6169,66.7569],[70.5853,66.755],[70.5697,66.7528],[70.5403,66.7444],[70.5358,66.7392],[70.5258,66.723],[70.5111,66.6939],[70.3547,66.678],[70.3389,66.6769],[70.3225,66.6772],[70.2886,66.6803],[70.283,66.6811],[70.145,66.7132],[70.063,66.7564],[69.988,66.7966],[69.9792,66.8028],[69.9678,66.8147],[69.8919,66.8319],[69.8633,66.8222],[69.8017,66.8133],[69.6189,66.7886],[69.6025,66.7889],[69.515,66.8025],[69.4611,66.8141],[69.425,66.8222],[69.4066,66.8261],[69.3897,66.8275],[69.3733,66.8278],[69.1625,66.8306],[69.1147,66.8272],[69.0358,66.8205],[69.0053,66.8158],[68.9755,66.8086],[68.9678,66.8042],[68.9855,66.7861],[68.9941,66.7817],[69.0111,66.7803],[69.0439,66.7797],[69.0608,66.7783],[69.0786,66.7758],[69.0939,66.7703],[69.1122,66.7586],[69.1175,66.7461],[69.1155,66.7139],[69.1115,66.6927],[69.0848,66.6875],[69.1001,66.6633],[69.0994,66.6611],[69.0983,66.648],[69.0975,66.635],[69.103,66.6225],[69.1116,66.6103],[69.1175,66.6042],[69.1456,66.5912],[69.1726,66.5483],[69.4351,66.4242],[69.7673,66.3297],[70.4736,66.236],[70.9834,66.2004],[71.2595,66.2228],[71.7943,66.1581],[72.2088,66.1735],[72.4211,66.3347],[72.5574,66.496],[73.1655,66.6438],[73.6902,66.8651],[73.777,66.9552],[73.8178,66.9683],[73.8328,66.9742],[73.8472,66.9811],[73.8583,66.988],[73.8664,66.9947],[73.8711,67.0011],[73.9186,67.0694],[73.9497,67.2086],[73.9845,67.2634],[74.3525,67.4044],[74.7417,67.6862],[74.7435,67.6961],[74.7553,67.7111],[74.7744,67.7436],[74.7831,67.763],[74.7939,67.7886],[74.803,67.8208],[74.8205,67.9236],[74.8208,67.9364],[74.8119,67.9739],[74.7317,68.1431],[74.7267,68.1494],[74.7136,68.1617],[74.6919,68.1797],[74.6322,68.2286],[74.6072,68.2466],[74.5367,68.2822],[74.4911,68.2997],[74.4216,68.3289],[74.4098,68.3339],[74.3951,68.347],[74.505,68.5935],[74.6121,68.6385],[74.9163,68.7064],[75.5372,68.7749],[76.3278,68.7763],[76.6609,68.6722],[77.0398,68.4638],[77.1079,68.1138],[76.9549,67.6533],[77.0907,67.5277],[77.5048,67.4324],[78.089,67.4113],[78.4779,67.4785],[78.5106,67.5538],[78.5217,67.5566],[78.5341,67.563],[78.5503,67.5697],[78.5664,67.575],[78.5825,67.5789],[78.6155,67.5819],[78.7144,67.5908],[78.7308,67.5911],[78.7811,67.5867],[78.815,67.5808],[78.8489,67.5711],[78.8828,67.5639],[78.933,67.5569],[78.9497,67.5558],[78.9664,67.5561],[78.9828,67.5575],[79.0448,67.5672],[79.0375,67.5797],[79.0167,67.5919],[79.0028,67.5983],[78.8658,67.6461],[78.8489,67.6483],[78.7819,67.6525],[78.7489,67.6522],[78.7158,67.648],[78.703,67.6428],[78.6903,67.6361],[78.6875,67.6297],[78.6814,67.6233],[78.6686,67.6169],[78.6528,67.6103],[78.6203,67.6022],[78.6036,67.6008],[78.5872,67.6005],[78.5703,67.6028],[78.5343,67.6084],[78.5357,67.6118],[78.4728,67.6339],[78.4742,67.6344],[78.4905,67.6347],[78.5075,67.6336],[78.5414,67.6278],[78.5747,67.6258],[78.5911,67.6286],[78.6072,67.6339],[78.6167,67.6403],[78.6194,67.6467],[78.6114,67.6591],[78.5978,67.6653],[78.4592,67.685],[78.3513,67.6765],[78.3046,67.6929],[77.946,67.7737],[77.6889,67.7584],[77.4832,67.8025],[77.5142,67.9733],[77.9775,68.1451],[78.002,68.2374],[78.0142,68.2383],[78.0311,68.24],[78.1489,68.2519],[78.1653,68.2586],[78.1747,68.265],[78.1741,68.2711],[78.17,68.2775],[78.0964,68.3519],[78.0889,68.3583],[78.0711,68.363],[78.0017,68.3719],[77.973,68.3828],[77.9619,68.3889],[77.9503,68.4014],[77.9353,68.4391],[77.935,68.4694],[77.9478,68.4758],[77.953,68.4886],[77.9525,68.4947],[77.9439,68.5072],[77.9364,68.5136],[77.9216,68.5194],[77.9039,68.5244],[77.8864,68.5267],[77.8528,68.5208],[77.8361,68.5169],[77.8194,68.5114],[77.8122,68.5108],[77.7319,68.6499],[77.7408,68.6639],[77.7489,68.683],[77.7439,68.7208],[77.6922,68.8711],[77.6836,68.8833],[77.668,68.8958],[77.6533,68.9017],[77.635,68.9078],[77.6167,68.9125],[77.5989,68.9147],[77.5669,68.9178],[77.5317,68.9197],[77.5144,68.9194],[77.4969,68.9178],[77.4441,68.9205],[77.4308,68.9227],[77.406,68.9356],[77.3492,68.9423],[77.3272,68.9525],[77.3044,68.9644],[77.2864,68.9691],[77.2139,68.9828],[77.1425,68.9914],[77.0361,68.9969],[76.9469,69.005],[76.9292,69.0072],[76.9111,69.0105],[76.8914,69.0228],[76.8555,69.0472],[76.8475,69.0533],[76.8347,69.0655],[76.8339,69.0719],[76.82,69.0903],[76.8119,69.0964],[76.8003,69.1025],[76.7853,69.1086],[76.7361,69.1264],[76.7175,69.1322],[76.6266,69.1464],[76.6086,69.1486],[76.5953,69.1433],[76.5858,69.1367],[76.573,69.1303],[76.5558,69.1272],[76.5383,69.1269],[76.5205,69.1278],[76.5025,69.1297],[76.41,69.1419],[76.3736,69.1475],[76.233,69.1792],[76.1086,69.2178],[76.0897,69.2236],[76.0558,69.2328],[76.0372,69.2372],[76.0014,69.2389],[75.9661,69.238],[75.9314,69.2344],[75.8789,69.2305],[75.8439,69.2283],[75.8261,69.228],[75.7725,69.2303],[75.7542,69.2322],[75.7175,69.2375],[75.6066,69.2572],[75.5886,69.2592],[75.5705,69.26],[75.5353,69.2589],[75.4833,69.2536],[75.4497,69.2453],[75.3528,69.2186],[75.2094,69.1789],[75.1767,69.1678],[75.1439,69.1566],[75.1425,69.1193],[75.1309,69.1174],[75.0086,69.1022],[74.8647,69.0862],[74.318,69.1625],[73.9145,69.1543],[73.9079,69.2745],[73.8715,69.3438],[73.8791,69.3558],[73.888,69.375],[73.8964,69.4069],[73.8964,69.4194],[73.8944,69.4258],[73.88,69.4505],[73.8728,69.4628],[73.8458,69.4933],[73.7703,69.5536],[73.7558,69.5634],[73.6541,69.7565],[73.791,70.0522],[74.1222,70.3659],[74.1513,70.4131],[74.1633,70.418],[74.193,70.4314],[74.2061,70.438],[74.2747,70.4841],[74.2933,70.4972],[74.31,70.5111],[74.3269,70.5303],[74.3403,70.5744],[74.3205,70.6553],[74.315,70.6736],[74.3039,70.6858],[74.2947,70.6919],[74.2853,70.6978],[74.263,70.7094],[74.25,70.7153],[74.2366,70.7211],[74.1939,70.7386],[74.0869,70.7786],[74.0733,70.7832],[73.9115,70.9376],[73.9055,70.9519],[73.8978,70.9642],[73.8919,70.97],[73.8825,70.9761],[73.8691,70.9819],[73.8623,70.9846],[73.698,71.1414],[73.6264,71.1801],[73.6222,71.1853],[73.5869,71.2214],[73.5655,71.2394],[73.5267,71.263],[73.5033,71.2747],[73.4722,71.2861],[73.4411,71.2975],[73.3925,71.3144],[73.3578,71.3254],[73.2707,71.3726],[73.2169,71.4577],[73.5914,71.7069],[74.1372,71.7545],[74.5866,71.8722],[74.9212,72.0287],[74.9987,72.1304],[75.0026,72.1452],[75.0136,72.1542],[75.0428,72.1797],[75.0614,72.1986],[75.0828,72.2239],[75.0911,72.2364],[75.0936,72.2428],[75.1108,72.3542],[75.1103,72.385],[75.1086,72.3978],[75.0961,72.4486],[75.0616,72.5833],[75.0597,72.5894],[75.0505,72.6075],[75.0411,72.6258],[75.0319,72.6379],[75.0161,72.7188],[75.1199,72.6875],[75.4076,72.6644],[75.4584,72.655],[75.4778,72.6483],[75.6091,72.6036],[75.6233,72.5996],[75.6361,72.5441],[75.6139,72.5464],[75.5939,72.5447],[75.5747,72.5394],[75.5658,72.5269],[75.5511,72.4894],[75.5542,72.4772],[75.6451,72.3523],[75.5981,72.2159],[75.598,72.2158],[75.5875,72.2094],[75.5178,72.1522],[75.5114,72.1458],[75.4189,72.0317],[75.4164,72.0255],[75.418,72.0194],[75.4211,72.0161],[75.3614,71.9589],[75.3044,71.9511],[75.2841,71.9517],[75.2236,71.8445],[75.2211,71.8381],[75.213,71.7947],[75.2147,71.7883],[75.2525,71.751],[75.2213,71.6477],[75.2797,71.4609],[75.2764,71.4608],[75.2575,71.458],[75.2397,71.4514],[75.2336,71.445],[75.2297,71.4014],[75.2289,71.3889],[75.2419,71.3761],[75.2608,71.3642],[75.2739,71.3583],[75.308,71.3469],[75.3875,71.3242],[75.4497,71.3083],[75.4873,71.3026],[75.6706,71.1991],[76.2932,71.1385],[76.9159,71.0718],[76.9158,71.0697],[76.9222,71.0712],[77.0016,71.0626],[77.7362,71.0255],[78.1047,70.8413],[78.2492,70.8339],[78.6085,70.8499],[78.5687,70.9172],[78.5692,70.9172],[78.6264,70.9155],[78.7028,70.9114],[78.7597,70.9119],[78.8736,70.9144],[78.9564,70.9214],[79.0311,70.9347],[79.0497,70.9397],[79.0605,70.9461],[79.1128,71.0025],[79.1122,71.0086],[79.0964,71.0147],[79.0769,71.0194],[79.0578,71.0191],[78.8836,71.0053],[78.8822,70.9817],[78.898,70.9755],[78.8908,70.9691],[78.8355,70.9514],[78.7986,70.9408],[78.7611,70.9344],[78.7425,70.9328],[78.7233,70.9325],[78.7042,70.935],[78.5497,70.9556],[78.5442,70.9586],[78.5102,71.0163],[78.5294,71.0347],[78.5358,71.0614],[78.5239,71.0986],[78.5155,71.1047],[78.4958,71.1105],[78.4764,71.1116],[78.4575,71.1114],[78.4541,71.111],[78.3716,71.2505],[78.1369,71.3739],[77.2849,71.4188],[76.8661,71.449],[76.6072,71.5183],[76.3329,71.7197],[76.4567,71.8679],[77.0749,71.8924],[77.2749,71.8149],[77.7899,71.7769],[78.1264,71.8476],[78.1224,71.8797],[78.1239,71.88],[78.1431,71.8853],[78.1731,71.8981],[78.1822,71.9048],[78.2036,71.9237],[78.2239,71.9487],[78.2303,71.9609],[78.2295,71.9673],[78.215,71.9853],[78.1938,72.0],[78.1711,72.0155],[78.1142,72.0519],[78.1001,72.0598],[78.0857,72.1753],[78.2696,72.2147],[78.6473,72.2624],[79.2226,72.2713],[79.7032,72.1783],[80.3387,72.0076],[80.8283,71.767],[81.4253,71.6127],[81.6714,71.5743],[82.4914,71.5681],[82.8184,71.6463],[82.8801,71.4913],[82.5712,71.3408],[82.3869,71.3025],[82.3283,71.288],[82.2892,71.278],[82.2733,71.2719],[82.2575,71.2597],[82.2569,71.2536],[82.2666,71.2227],[82.2153,71.2036],[82.1036,70.8564],[82.0456,70.4189],[82.1957,70.358],[82.1989,70.3616],[82.2089,70.3367],[82.2319,70.2805],[82.2392,70.2742],[82.3247,70.2114],[82.3461,70.1986],[82.35,70.2025],[82.3505,70.215],[82.3472,70.2211],[82.2614,70.3525],[82.2357,70.4042],[82.4114,70.6071],[82.4239,70.6083],[82.4427,70.6094],[82.4928,70.7011],[82.5015,70.7111],[82.6755,70.8421],[82.8037,70.8193],[83.028,70.6235],[82.9939,70.5653],[83.0208,70.5278],[83.0278,70.5214],[83.0491,70.5089],[83.0558,70.4975],[83.0203,70.4294],[83.0161,70.423],[83.0003,70.4108],[82.8158,70.3289],[82.6591,70.2553],[82.6514,70.2491],[82.6433,70.2366],[82.6428,70.2305],[82.6392,70.1744],[82.65,70.168],[82.8267,70.1205],[82.9817,70.0817],[83.0717,70.0633],[83.1069,70.0686],[83.1572,70.0775],[83.1798,70.0856],[83.1936,70.1233],[83.1783,70.1453],[83.1364,70.2011],[83.1305,70.208],[83.1116,70.2142],[83.0525,70.2494],[83.274,70.3105],[83.335,70.3108],[83.3583,70.3119],[83.3764,70.3147],[83.5317,70.3392],[83.655,70.403],[83.7455,70.46],[83.748,70.5297],[83.7228,70.5858],[83.6767,70.6336],[83.6025,70.6964],[83.5966,70.7033],[83.5469,70.7855],[83.5181,70.8441],[83.5147,70.8519],[83.4925,70.8894],[83.4772,70.9114],[83.3953,71.0133],[83.3633,71.0383],[83.3547,71.0444],[83.3458,71.0505],[83.2589,71.1111],[83.1805,71.197],[83.2523,71.2825],[83.2764,71.2908],[83.2869,71.2961],[83.2972,71.3017],[83.3686,71.3566],[83.3783,71.3705],[83.3802,71.3786],[83.3794,71.3872],[83.3758,71.395],[83.3737,71.417],[83.4234,71.472],[83.4511,71.4744],[83.508,71.483],[83.5244,71.4866],[83.5378,71.4911],[83.5589,71.5017],[83.5772,71.5133],[83.6308,71.5653],[83.6319,71.6161],[83.6286,71.6239],[83.6225,71.6308],[83.5339,71.6911],[83.5161,71.703],[83.4216,71.7878],[83.4211,71.7966],[83.4175,71.8044],[83.4111,71.8114],[83.4022,71.8175],[83.3789,71.8275],[83.3644,71.8319],[83.2697,71.8544],[83.2064,71.8693],[83.1466,71.8764],[83.0389,71.8862],[83.0186,71.8874],[82.8546,71.9421],[82.4363,72.0506],[82.3206,72.2223],[82.2911,72.2246],[82.29,72.2261],[82.2805,72.2319],[82.205,72.2778],[82.1925,72.2831],[82.1694,72.2844],[82.15,72.2814],[82.1364,72.2769],[82.1318,72.2699],[82.0653,72.275],[81.9836,72.2841],[81.9305,72.2939],[81.8622,72.3075],[81.8472,72.3116],[81.8375,72.3175],[81.8197,72.3208],[81.7433,72.3317],[81.723,72.3342],[81.645,72.3393],[81.5853,72.354],[80.9823,72.447],[80.8442,72.5802],[80.8717,72.84],[80.8289,73.0135],[80.5733,73.2237],[80.5742,73.2267],[80.5655,73.25],[80.5605,73.2575],[80.553,73.2644],[80.5425,73.2703],[80.5105,73.278],[80.5061,73.279],[80.464,73.3136],[80.4951,73.4082],[80.5872,73.4317],[80.6089,73.4425],[80.6772,73.498],[80.6722,73.5058],[80.6626,73.5074],[80.8382,73.5526],[81.8775,73.6022],[83.0204,73.6123],[83.9766,73.6698],[84.2835,73.7048],[84.3514,73.7075],[84.3939,73.7128],[84.4509,73.7239],[84.6161,73.7427],[84.8295,73.5997],[85.0015,73.5762],[85.3812,73.6963],[85.4477,73.7143],[85.4633,73.7161],[85.4817,73.7194],[85.4939,73.7247],[85.4939,73.7268],[85.8381,73.8199],[85.8605,73.8214],[85.8819,73.8239],[85.8983,73.828],[86.4921,73.8738],[86.7569,73.7866],[86.3264,73.6344],[86.2876,73.5993],[86.2767,73.598],[86.1303,73.5883],[86.1089,73.5855],[86.0936,73.5814],[85.8394,73.5028],[85.7966,73.4805],[85.7875,73.4744],[85.7814,73.4675],[85.7783,73.4597],[85.7922,73.3747],[85.795,73.3583],[85.8128,73.3375],[85.8336,73.3264],[85.8455,73.3211],[85.8753,73.3125],[85.9619,73.2961],[86.0397,73.2839],[86.2069,73.2628],[86.2247,73.2592],[86.2397,73.2539],[86.2514,73.2486],[86.2542,73.2408],[86.2478,73.2341],[86.2503,73.2178],[86.2531,73.21],[86.2617,73.2039],[86.2822,73.1925],[86.3086,73.183],[86.3233,73.1786],[86.365,73.1733],[86.3855,73.1708],[86.4333,73.1669],[86.4983,73.16],[86.5191,73.1572],[86.59,73.1431],[86.663,73.1211],[86.6803,73.1089],[86.7114,73.0839],[86.7225,73.07],[86.7211,73.0475],[86.7236,73.0397],[86.7403,73.0189],[86.7486,73.0128],[86.7836,72.9941],[86.7831,73.0419],[86.7811,73.0583],[86.7786,73.0661],[86.773,73.073],[86.7592,73.0861],[86.7505,73.0922],[86.6878,73.1342],[86.6297,73.1603],[86.3886,73.2378],[86.3739,73.2422],[86.3264,73.2544],[86.2761,73.2658],[86.2255,73.2772],[86.1208,73.2905],[85.9833,73.3114],[85.9444,73.3175],[85.9147,73.3264],[85.8789,73.3417],[85.87,73.3478],[85.8464,73.3669],[85.8433,73.3744],[85.8417,73.4425],[85.8419,73.4597],[85.848,73.4753],[85.8572,73.4814],[85.8694,73.4864],[85.9153,73.4991],[85.9486,73.5069],[86.0219,73.5205],[86.2364,73.5531],[86.1235,73.4511],[86.905,73.5559],[87.1397,73.6041],[87.1678,73.615],[87.1769,73.6169],[87.1897,73.6219],[87.2386,73.6427],[87.5696,73.7721],[87.6166,73.8217],[87.633,73.828],[87.6428,73.8342],[87.6469,73.8417],[87.6572,73.8645],[87.6908,73.9],[87.5406,74.0997],[87.394,74.1795],[86.9776,74.299],[86.9392,74.3309],[86.9434,74.3313],[86.9547,74.3303],[87.0253,74.335],[87.0933,74.3542],[87.1328,74.3691],[87.1172,74.3736],[87.0533,74.4072],[87.0267,74.4322],[87.0075,74.4289],[86.8447,74.4219],[86.83,74.4216],[86.8135,74.4353],[86.8126,74.5399],[86.8559,74.6118],[86.913,74.6125],[86.9466,74.6728],[86.9505,74.6805],[86.938,74.6855],[86.9189,74.6891],[86.9028,74.6898],[86.9405,74.7524],[86.9561,74.7528],[87.0375,74.7983],[87.0419,74.8103],[87.4875,74.9609],[87.5051,74.9649],[87.5925,74.9422],[87.7783,75.0155],[87.7858,75.0222],[87.7784,75.0271],[87.9223,75.0599],[88.2494,75.1574],[88.2872,75.1633],[88.3044,75.1675],[88.3153,75.1733],[88.3159,75.1773],[89.2847,75.4661],[89.3191,75.4697],[89.32,75.4691],[89.3878,75.4414],[89.4072,75.4375],[89.4378,75.438],[89.5339,75.4466],[89.6086,75.4778],[89.6105,75.4861],[89.6219,75.4919],[89.6397,75.4958],[89.6608,75.4989],[89.8091,75.5111],[89.9091,75.5189],[89.9382,75.545],[90.0313,75.5585],[90.8862,75.6015],[91.245,75.6261],[91.2647,75.6261],[91.3169,75.6294],[91.3383,75.6322],[91.3401,75.6326],[91.4963,75.6433],[91.5619,75.6378],[91.5919,75.6364],[91.6197,75.6372],[91.6411,75.6403],[91.6472,75.6478],[91.6482,75.6542],[92.6705,75.7626],[93.1001,75.8177],[93.2094,75.8244],[93.3466,75.83],[93.41,75.8392],[93.473,75.8486],[93.5333,75.8586],[93.6658,75.8753],[93.6911,75.8769],[93.7475,75.8789],[93.8925,75.8914],[94.0675,75.9142],[94.0867,75.9178],[94.1353,75.9317],[94.1619,75.9427],[94.1583,75.9497],[94.1386,75.9519],[93.9533,75.9228],[93.8511,75.9064],[93.8289,75.9036],[93.7533,75.898],[93.6625,75.8972],[93.6554,75.8979],[94.3096,76.0741],[94.4127,76.1034],[94.4447,76.0822],[94.4441,76.0611],[94.4375,76.0553],[94.4486,76.0497],[94.4714,76.0466],[94.4939,76.0491],[94.5842,76.06],[94.6066,76.0628],[94.7386,76.1108],[94.7392,76.1186],[94.7319,76.1247],[94.7019,76.1342],[94.6639,76.1419],[94.5944,76.1441],[94.5658,76.1433],[94.5561,76.1442],[94.5963,76.1557],[94.6008,76.1558],[94.693,76.1564],[94.7586,76.1533],[94.7853,76.1508],[94.8311,76.1444],[94.8503,76.1403],[94.8722,76.1294],[94.8794,76.1233],[94.8905,76.118],[94.9055,76.113],[94.9253,76.1108],[95.0164,76.1036],[95.0441,76.1028],[95.1975,76.1239],[95.3269,76.1458],[95.3408,76.1514],[95.3833,76.1575],[95.4119,76.158],[95.5775,76.145],[95.718,76.1433],[96.0996,76.1051],[96.1394,76.0859],[96.1151,76.0575],[96.0711,76.0466],[95.905,75.9833],[95.7697,75.9278],[95.6022,75.8931],[95.5797,75.8905],[95.57,75.8858],[95.71,75.8519],[95.7439,75.8505],[95.7825,75.8858],[95.7905,75.8931],[95.823,75.9122],[95.8369,75.9178],[95.9314,75.9466],[95.9511,75.95],[96.0266,75.9543],[95.9818,75.902],[96.4401,75.869],[96.4505,75.8669],[96.457,75.8678],[96.6582,75.8533],[97.1164,75.8708],[97.6837,75.9552],[98.2887,76.0565],[98.7162,76.074],[99.1586,75.9997],[99.4672,75.9669],[99.747,76.0497],[99.7617,76.0444],[99.7672,76.038],[99.7683,76.0311],[99.7653,76.0236],[99.6767,75.873],[99.6697,75.8647],[99.6603,75.8575],[99.6236,75.8386],[99.6114,75.8325],[99.5814,75.8219],[99.5158,75.8064],[99.4703,75.8017],[99.4444,75.8003],[99.3758,75.7936],[99.3128,75.7847],[99.2725,75.778],[99.255,75.7736],[99.2403,75.7683],[99.228,75.7622],[99.2189,75.755],[99.1358,75.6422],[99.0966,75.5842],[99.0917,75.5689],[99.0944,75.555],[99.1078,75.55],[99.125,75.5455],[99.1597,75.5372],[99.198,75.5292],[99.3492,75.5114],[99.6358,75.4658],[99.7144,75.4358],[99.7239,75.4054],[99.7589,75.3603],[99.7719,75.3553],[99.8058,75.3466],[99.8683,75.3355],[99.9191,75.3225],[99.9697,75.3094],[100.0125,75.2953],[100.0303,75.2839],[100.1822,75.1805],[100.1863,75.1685],[100.2066,75.1853],[100.2056,75.1922],[100.1958,75.205],[100.0769,75.2908],[100.0641,75.2958],[99.9878,75.3189],[99.9708,75.3233],[99.8914,75.3386],[99.8575,75.3475],[99.7925,75.368],[99.7914,75.375],[99.7861,75.4314],[99.798,75.4378],[99.8275,75.4483],[99.8303,75.4558],[99.8292,75.4628],[99.8239,75.4691],[99.8108,75.4742],[99.7939,75.4783],[99.7608,75.48],[99.6778,75.4792],[99.6472,75.48],[99.6208,75.4811],[99.5958,75.4841],[99.5153,75.4994],[99.4294,75.5211],[99.3911,75.5292],[99.3405,75.535],[99.2531,75.5419],[99.2267,75.5433],[99.2092,75.5475],[99.1958,75.5525],[99.1772,75.5639],[99.1719,75.57],[99.1705,75.5769],[99.2139,75.6314],[99.2469,75.6772],[99.2819,75.738],[99.2711,75.7505],[99.2767,75.7572],[99.3061,75.7678],[99.3261,75.7711],[99.3691,75.7767],[99.3919,75.7789],[99.4486,75.7797],[99.5411,75.7733],[99.5719,75.7728],[99.5869,75.7736],[99.6044,75.7778],[99.6167,75.7841],[99.6261,75.7914],[99.6519,75.8141],[99.6589,75.8225],[99.6875,75.8441],[99.7,75.8503],[99.7447,75.8661],[99.7978,75.8789],[99.8483,75.8928],[99.8633,75.8978],[99.8755,75.9042],[99.895,75.9186],[99.9091,75.935],[99.9122,75.9425],[99.9097,75.9564],[99.8772,76.0917],[99.8113,76.1484],[99.8334,76.21],[99.7736,76.2854],[99.9832,76.437],[100.4074,76.4714],[100.8303,76.4554],[100.9884,76.5034],[101.0467,76.4897],[101.0558,76.4839],[101.0682,76.4728],[101.0992,76.4569],[101.198,76.4644],[101.2964,76.4789],[101.318,76.4819],[101.34,76.4783],[101.3931,76.4653],[101.4147,76.4614],[101.485,76.4508],[101.5083,76.4486],[101.5378,76.4486],[101.6153,76.453],[101.6741,76.4533],[101.7047,76.4508],[101.7266,76.4469],[101.7441,76.4425],[101.775,76.433],[101.788,76.428],[101.7969,76.4225],[101.7975,76.4155],[101.8022,76.4094],[101.8153,76.4044],[101.8369,76.4005],[101.8892,76.3941],[102.175,76.3772],[102.2094,76.3753],[102.2336,76.3772],[102.248,76.3808],[102.2086,76.4028],[102.1914,76.4072],[102.1653,76.4103],[102.0961,76.4144],[102.0355,76.4194],[101.9792,76.4253],[101.8153,76.4514],[101.7803,76.4603],[101.4469,76.505],[101.4164,76.5075],[101.3161,76.5139],[101.2142,76.5183],[101.1522,76.5191],[101.0692,76.5167],[101.038,76.5184],[101.3895,76.625],[101.234,76.7524],[101.2347,76.7531],[101.2339,76.76],[101.2247,76.7655],[101.2151,76.7679],[101.1115,76.8529],[101.1569,76.9793],[101.1761,76.9794],[101.2008,76.9817],[101.22,76.9855],[101.2311,76.9928],[101.2378,77.0181],[101.2396,77.0332],[101.6905,77.2026],[102.3897,77.3748],[103.3933,77.5578],[103.9466,77.5922],[104.3937,77.5672],[105.0625,77.5685],[105.4495,77.4491],[105.4697,77.3293],[104.8415,77.1643],[104.8278,77.1655],[104.8058,77.1694],[104.7789,77.173],[104.7503,77.1747],[104.7247,77.173],[104.7017,77.17],[104.5919,77.1536],[104.5742,77.1486],[104.5491,77.135],[104.5314,77.13],[104.5111,77.1261],[104.4522,77.1253],[104.3989,77.1319],[104.3675,77.135],[104.3447,77.1319],[104.1875,77.1105],[104.1172,77.0908],[104.1294,77.0883],[104.1628,77.0872],[104.3639,77.0819],[104.4656,77.0892],[104.5111,77.095],[104.6078,77.1044],[104.6358,77.1055],[104.7035,77.108],[104.4851,76.995],[104.7046,76.9275],[105.4516,76.9751],[105.4539,76.9744],[105.5706,76.9761],[106.2429,76.9135],[107.1603,76.9491],[107.2401,76.8984],[107.1135,76.8028],[107.0803,76.8019],[107.0644,76.7961],[107.058,76.7889],[107.05,76.7747],[107.0543,76.7645],[106.5733,76.5809],[106.5494,76.5822],[106.5419,76.5878],[106.5303,76.593],[106.5139,76.5978],[106.4883,76.6014],[106.4564,76.6028],[106.4292,76.6019],[106.4089,76.5983],[106.3914,76.5933],[106.3761,76.5875],[106.3655,76.5794],[106.3716,76.553],[106.3847,76.5144],[106.4011,76.5097],[106.4472,76.5022],[106.4716,76.5006],[106.404,76.4323],[107.2908,76.4339],[107.666,76.4431],[107.7715,76.4012],[108.2445,76.6464],[108.8595,76.6475],[109.6564,76.6913],[109.9402,76.6327],[110.5477,76.6423],[111.4273,76.5681],[112.0572,76.4514],[112.1039,76.4345],[112.0614,76.42],[111.9064,76.3644],[111.9986,76.3739],[112.0197,76.3772],[112.0367,76.3828],[112.1122,76.4161],[112.1355,76.423],[112.5885,76.2592],[112.6346,76.2198],[112.5911,76.2247],[112.5814,76.23],[112.5672,76.235],[112.5483,76.2394],[112.5197,76.2405],[112.5014,76.2386],[112.5092,76.2344],[112.5622,76.2075],[112.6047,76.1925],[112.6372,76.1894],[112.6661,76.1883],[112.6707,76.1888],[112.7958,76.0816],[112.7933,76.0792],[112.7619,76.0694],[112.743,76.065],[112.7033,76.0572],[112.6617,76.0503],[112.6086,76.05],[112.5842,76.0489],[112.5653,76.0444],[112.5667,76.0405],[112.595,76.0397],[112.6611,76.0478],[112.6836,76.05],[112.7555,76.0547],[112.8294,76.0583],[112.8431,76.0589],[112.8608,76.059],[112.9147,76.0553],[112.9394,76.0564],[112.9533,76.0591],[113.1489,76.0595],[113.4361,76.085],[113.4372,76.0519],[113.4466,76.04],[113.4605,76.035],[113.4833,76.0308],[113.5108,76.0272],[113.5542,75.97],[113.5525,75.9647],[113.5317,75.9203],[113.5475,75.8667],[113.6211,75.8919],[113.6161,75.9169],[113.6197,75.9211],[113.6425,75.9233],[113.6744,75.9263],[113.723,75.8688],[113.4099,75.6765],[113.138,75.7008],[113.1286,75.7128],[113.0511,75.7372],[113.0331,75.7417],[112.6903,75.8225],[112.6491,75.8314],[112.6078,75.84],[112.5806,75.8436],[112.5505,75.8455],[112.408,75.8517],[112.38,75.8525],[112.3575,75.8503],[112.3372,75.8466],[112.3466,75.8414],[112.5058,75.7739],[112.5197,75.7689],[112.5794,75.7647],[112.6539,75.7672],[112.6855,75.7642],[112.8042,75.7375],[112.8225,75.733],[112.8319,75.7275],[112.8691,75.7056],[112.8817,75.6333],[112.8775,75.6264],[112.8689,75.6189],[112.8028,75.5966],[112.7941,75.5892],[112.7903,75.5825],[112.7911,75.5694],[112.828,75.5475],[112.8461,75.543],[112.865,75.5411],[112.9164,75.5411],[112.9661,75.5425],[112.99,75.5436],[113.0119,75.5461],[113.0305,75.5505],[113.0344,75.5575],[113.0341,75.5639],[113.0294,75.5697],[113.0203,75.5753],[113.0022,75.5797],[112.993,75.5853],[112.9833,75.5972],[112.9875,75.6042],[113.0022,75.6108],[113.165,75.6378],[113.1855,75.6411],[113.228,75.6469],[113.2503,75.6492],[113.2755,75.6467],[113.2867,75.6444],[113.3003,75.6394],[113.3058,75.6142],[113.3025,75.6106],[113.1134,75.4944],[113.2216,75.4368],[113.602,75.282],[113.5767,75.2705],[113.3953,75.1936],[113.3444,75.1778],[113.2105,75.1353],[113.0125,75.0703],[113.0025,75.0639],[112.9325,75.0173],[112.7718,74.958],[112.7464,74.9519],[112.7266,74.9483],[112.5672,74.923],[112.5264,74.9172],[112.3141,74.8939],[112.2931,74.8917],[112.2469,74.8892],[112.2222,74.8889],[112.1797,74.8842],[112.1411,74.8772],[112.108,74.8669],[112.0922,74.8614],[112.0844,74.8539],[112.0808,74.8469],[112.0814,74.8405],[112.0869,74.828],[112.0919,74.8219],[112.0883,74.815],[112.0675,74.7944],[112.0505,74.7833],[112.0281,74.7725],[111.5866,74.731],[111.4731,74.6956],[111.468,74.6955],[111.4055,74.6883],[111.3867,74.6847],[111.3505,74.6767],[111.2533,74.6455],[111.2228,74.6339],[111.2094,74.6272],[111.0203,74.6008],[111.0417,74.5822],[111.055,74.5772],[111.0519,74.5703],[111.0011,74.5561],[110.9842,74.5517],[110.9466,74.5444],[110.8867,74.5358],[110.838,74.5353],[110.8155,74.5339],[110.7967,74.5303],[110.6903,74.5056],[110.6566,74.4961],[110.6436,74.4892],[110.6247,74.4855],[110.5447,74.4747],[110.5222,74.473],[110.498,74.4728],[110.468,74.4758],[110.4547,74.4808],[110.433,74.4847],[110.373,74.4908],[110.3469,74.4914],[110.3267,74.4889],[110.2894,74.4817],[110.2805,74.4753],[110.3308,74.475],[110.3486,74.4705],[110.3897,74.4436],[110.3908,74.4372],[110.3769,74.4222],[110.3658,74.4142],[110.2183,74.3705],[110.2017,74.3658],[110.1814,74.3633],[110.1333,74.3628],[110.0822,74.3688],[110.0539,74.3714],[110.0297,74.3711],[110.0094,74.3686],[109.9911,74.365],[109.9744,74.36],[109.9639,74.3519],[109.9611,74.345],[109.9544,74.3375],[109.9397,74.3317],[109.9233,74.3269],[109.905,74.3233],[109.7903,74.3155],[109.7805,74.3208],[109.7691,74.3247],[109.745,74.3244],[109.6266,74.3214],[109.6083,74.3178],[109.5775,74.3072],[109.6008,74.2994],[109.6539,74.2861],[109.6836,74.2833],[109.7094,74.2825],[109.7575,74.2833],[109.8017,74.2861],[109.8419,74.2914],[109.9153,74.3058],[109.9411,74.3053],[109.9628,74.3014],[109.9764,74.2964],[109.9775,74.2897],[109.9508,74.2397],[109.9441,74.2322],[109.9228,74.2161],[109.9119,74.208],[109.625,74.1162],[109.5244,74.0908],[109.363,74.0711],[109.2975,74.0667],[109.2322,74.0619],[109.1328,74.0489],[109.115,74.0453],[109.0811,74.0367],[108.7741,73.9391],[108.7344,73.9203],[108.6291,73.8697],[108.5936,73.8486],[108.5836,73.8405],[108.5436,73.8053],[108.4914,73.7703],[108.4739,73.7667],[108.4544,73.7639],[108.4017,73.7525],[108.2964,73.7164],[108.2306,73.688],[108.1897,73.6703],[108.1624,73.6633],[108.099,73.6534],[108.093,73.6566],[108.0872,73.6625],[108.0583,73.6653],[108.0331,73.6658],[107.9866,73.6647],[107.9656,73.663],[107.948,73.6594],[107.9133,73.6517],[107.8805,73.6431],[107.848,73.6344],[107.7711,73.6097],[107.7519,73.6069],[107.7325,73.6097],[107.7153,73.6142],[107.7017,73.6189],[107.6919,73.6244],[107.6725,73.6269],[107.6222,73.628],[107.3292,73.6266],[107.1617,73.6175],[107.1425,73.6147],[107.1353,73.6083],[107.1039,73.5778],[107.1022,73.5705],[107.1586,73.5583],[107.1647,73.5522],[107.1669,73.5458],[107.1597,73.5392],[107.1464,73.5333],[107.0577,73.5025],[107.0428,73.4975],[106.8708,73.4238],[106.4403,73.3164],[106.4311,73.3167],[106.2864,73.3194],[106.2655,73.3178],[106.2044,73.3103],[106.1878,73.3064],[106.075,73.2767],[106.0603,73.2717],[106.0453,73.2603],[106.0441,73.2533],[106.0469,73.2261],[106.0508,73.2058],[106.0497,73.1986],[106.0258,73.1589],[105.991,73.14],[105.9878,73.1392],[105.9236,73.1222],[105.8761,73.1094],[105.8492,73.098],[105.8444,73.0905],[105.8422,73.0761],[105.8486,73.0703],[105.8511,73.0639],[105.8511,73.0637],[105.4657,72.8535],[105.3275,72.8144],[105.1755,72.7869],[105.2119,72.7647],[105.2994,72.7627],[105.2788,72.7515],[105.6002,72.7443],[106.087,72.8554],[106.5015,73.0613],[107.2499,73.1338],[107.8043,73.1428],[108.7496,73.2632],[109.5952,73.3916],[109.9906,73.44],[110.4423,73.5679],[110.4328,73.6072],[110.5353,73.6464],[110.6283,73.6475],[110.8464,73.6739],[110.8644,73.6775],[110.8805,73.6822],[110.9091,73.6939],[110.9143,73.6967],[110.8775,73.7286],[110.8764,73.735],[110.8791,73.7419],[110.8934,73.7654],[110.8208,73.7694],[110.6947,73.7853],[110.6717,73.7878],[110.6483,73.7875],[110.6339,73.7817],[110.6272,73.7742],[110.4045,73.7245],[110.4,73.7429],[110.1784,73.7982],[110.1632,73.8301],[110.2896,73.9421],[110.4544,74.0028],[110.535,73.995],[110.5641,73.9919],[110.6275,73.98],[110.6575,73.9705],[110.6667,73.965],[110.6797,73.96],[110.7139,73.9511],[110.9031,73.9147],[110.9489,73.9072],[110.9761,73.9053],[111.0014,73.9044],[111.0041,73.9046],[111.2153,73.7683],[111.4949,73.7449],[111.7617,73.6578],[112.0934,73.6346],[112.4768,73.6591],[112.997,73.7796],[113.2216,73.7481],[113.3077,73.613],[113.3085,73.5703],[113.3008,73.5689],[113.2841,73.5641],[113.2592,73.5494],[113.138,73.4511],[113.1325,73.4453],[113.258,73.3741],[113.27,73.3691],[113.29,73.365],[113.3178,73.3616],[113.3416,73.3596],[113.5089,73.2303],[113.5197,73.1128],[113.5203,73.093],[113.5128,73.0789],[113.4861,73.0494],[113.4594,73.0197],[113.4519,73.0058],[113.4561,72.993],[113.4644,72.9742],[113.4764,72.9625],[113.4864,72.9583],[113.4733,72.9514],[113.3294,72.8933],[113.2972,72.8842],[113.2205,72.875],[113.1891,72.873],[113.1317,72.8661],[113.1172,72.8603],[113.1044,72.8536],[113.0894,72.8383],[113.0897,72.8319],[113.1786,72.7236],[113.1864,72.7178],[113.198,72.7128],[113.2369,72.6975],[113.3014,72.6783],[113.3805,72.6628],[113.465,72.6464],[113.5339,72.635],[113.6142,72.625],[113.6392,72.6228],[113.6614,72.6228],[113.6819,72.6239],[113.7483,72.6239],[113.7955,72.6216],[113.9144,72.6122],[113.9944,72.6019],[114.0197,72.5994],[114.0447,72.5972],[114.0919,72.595],[114.0917,72.5969],[114.065,72.6069],[114.0461,72.6114],[114.023,72.6153],[113.9697,72.6219],[113.8469,72.6311],[113.8233,72.6322],[113.7792,72.6322],[113.7586,72.6311],[113.7364,72.6311],[113.7111,72.6333],[113.6844,72.6367],[113.4403,72.6694],[113.375,72.6814],[113.3558,72.6855],[113.3403,72.6903],[113.2278,72.7361],[113.22,72.7419],[113.2114,72.7672],[113.2111,72.7739],[113.1797,72.7964],[113.1597,72.8139],[113.1517,72.8261],[113.1511,72.8394],[113.1547,72.8464],[113.1675,72.8533],[113.1836,72.8578],[113.238,72.8672],[113.3342,72.8786],[113.3694,72.8855],[113.508,72.9444],[113.5308,72.9603],[113.5383,72.9744],[113.5611,73.0767],[113.5405,73.1625],[113.5325,73.1747],[113.5283,73.1875],[113.5281,73.2072],[113.5299,73.2141],[113.547,73.2009],[113.7614,73.3183],[113.7805,73.3167],[113.8042,73.3128],[113.8264,73.3103],[113.8492,73.3103],[113.8689,73.3125],[113.9839,73.3283],[114.0022,73.3317],[114.0189,73.3361],[114.0339,73.3419],[114.0219,73.3469],[113.9983,73.3508],[113.9722,73.353],[113.9477,73.3542],[113.9247,73.3542],[113.8655,73.3475],[113.8475,73.3441],[113.8214,73.3464],[113.8145,73.3473],[114.1867,73.551],[114.9341,73.5603],[115.6115,73.6252],[116.6711,73.6192],[117.5346,73.5493],[117.9188,73.5341],[118.4604,73.5192],[118.4404,73.4646],[118.3669,73.4278],[118.348,73.413],[118.3464,73.4066],[118.3489,73.2894],[118.3542,73.2772],[118.3666,73.2631],[118.3385,73.1861],[118.4978,73.0362],[119.4174,72.9669],[119.7986,72.9125],[120.1128,72.8815],[120.5785,72.8351],[121.6995,72.9002],[121.9882,72.9049],[122.0061,72.9008],[122.0278,72.8961],[122.0533,72.8919],[122.1253,72.8836],[122.2208,72.8736],[122.2664,72.8708],[122.3108,72.8691],[122.3742,72.8703],[122.3964,72.8694],[122.4104,72.8683],[122.4823,72.8507],[122.4842,72.8486],[122.4975,72.8433],[122.5189,72.8386],[122.5833,72.826],[122.8824,72.7528],[122.9309,72.785],[122.9566,72.7836],[123.0008,72.7819],[123.0472,72.7778],[123.0975,72.7691],[123.1489,72.7539],[123.2222,72.743],[123.3439,72.7275],[123.39,72.7233],[123.4119,72.7225],[123.4739,72.7244],[123.4939,72.7261],[123.57,72.7366],[123.6603,72.7558],[123.6805,72.7572],[123.7436,72.758],[123.7878,72.7564],[123.8597,72.7464],[124.1089,72.7114],[124.1467,72.7014],[124.193,72.6858],[124.2058,72.6803],[124.2233,72.6691],[124.2361,72.6636],[124.2697,72.6533],[124.343,72.6408],[124.3878,72.6378],[124.4305,72.6369],[124.4514,72.6372],[124.555,72.6344],[124.6633,72.6305],[124.7069,72.6286],[124.7297,72.6264],[124.7464,72.6211],[124.7636,72.6097],[124.8611,72.5811],[124.9514,72.5622],[124.9758,72.5575],[125.0464,72.5472],[125.0928,72.5417],[125.1172,72.5369],[125.1375,72.5319],[125.1539,72.5267],[125.1664,72.5214],[125.2003,72.4986],[125.2175,72.4808],[125.2308,72.4628],[125.2558,72.4519],[125.2964,72.4419],[125.3197,72.4386],[125.3422,72.4364],[125.4069,72.433],[125.4556,72.4236],[125.5205,72.4028],[125.5289,72.3972],[125.5333,72.3911],[125.5336,72.3847],[125.538,72.3789],[125.5464,72.373],[125.5586,72.3675],[125.5908,72.3572],[125.6475,72.3419],[125.6717,72.3372],[125.718,72.3303],[125.7608,72.328],[125.8005,72.3306],[125.8194,72.3331],[125.8392,72.3344],[125.86,72.3344],[125.8822,72.3322],[125.9064,72.3275],[125.9744,72.3066],[126.0547,72.2805],[126.0947,72.2705],[126.1178,72.2669],[126.1375,72.2681],[126.1485,72.2703],[126.2253,72.2493],[126.5775,72.2263],[126.6255,72.1781],[126.7514,72.1403],[126.7736,72.1158],[126.7775,72.1097],[126.8089,72.0489],[126.8089,72.0364],[126.7994,72.0194],[126.8072,72.0136],[126.9086,71.9508],[126.9436,71.9341],[126.9747,71.9233],[126.998,71.9186],[127.0291,71.9078],[127.1139,71.8628],[127.1294,71.8511],[127.133,71.845],[127.1094,71.8058],[127.1014,71.7991],[127.0975,71.7925],[127.0894,71.7733],[127.0894,71.7608],[127.1044,71.7364],[127.1794,71.6153],[127.2022,71.5978],[127.2061,71.5917],[127.22,71.5233],[127.2303,71.4672],[127.23,71.4483],[127.2144,71.4222],[127.21,71.3967],[127.2205,71.3925],[127.2761,71.3889],[127.2883,71.3947],[127.3039,71.408],[127.3077,71.4147],[127.3119,71.4275],[127.3122,71.4339],[127.3128,71.4592],[127.3133,71.4844],[127.3097,71.4966],[127.2955,71.54],[127.2916,71.5461],[127.2694,71.5761],[127.2544,71.5878],[127.243,71.5997],[127.2355,71.6116],[127.2247,71.6425],[127.188,71.7472],[127.1977,71.7736],[127.2339,71.8322],[127.2416,71.8392],[127.2575,71.8464],[127.2903,71.8583],[127.3139,71.8722],[127.3261,71.8919],[127.3261,71.898],[127.3189,71.9103],[127.3111,71.9161],[127.2919,71.9275],[127.2689,71.9386],[127.2225,71.9608],[127.1914,71.9716],[127.1136,71.9919],[127.0783,72],[127.0472,72.0069],[127.0317,72.0122],[127.02,72.0178],[126.9811,72.0469],[126.9694,72.0586],[126.9658,72.0647],[126.9153,72.1744],[126.9069,72.2154],[127.1209,72.2119],[127.4175,72.1422],[127.7141,72.0101],[128.1701,71.8319],[128.4325,71.7546],[128.7835,71.538],[129.3552,71.1757],[130.1717,70.8153],[130.7793,70.6783],[131.0548,70.6865],[131.1472,70.7323],[131.1819,70.7347],[131.1997,70.7378],[131.2169,70.7425],[131.2844,70.763],[131.3175,70.7758],[131.35,70.7897],[131.498,70.8575],[131.5358,70.8778],[131.5711,70.9044],[131.6294,70.9505],[131.6575,70.9769],[131.7447,71.0825],[131.7708,71.1392],[131.8366,71.198],[131.8494,71.2047],[131.8666,71.2103],[131.8847,71.2136],[131.9791,71.2255],[131.9977,71.2275],[132.0178,71.2258],[132.098,71.2189],[132.1786,71.2108],[132.1847,71.2147],[132.1786,71.2208],[132.1611,71.2264],[132.1397,71.2317],[132.1186,71.2358],[132.098,71.2389],[132.0575,71.2436],[132.0169,71.248],[131.9778,71.2491],[131.9586,71.2483],[131.9419,71.2514],[131.9394,71.2578],[131.9466,71.2892],[132.0496,71.4359],[132.2836,71.6609],[132.5538,71.809],[132.6843,71.8014],[132.7906,71.592],[133.1384,71.4532],[133.7439,71.3228],[134.2414,71.2619],[134.6229,71.3013],[135.5106,71.5118],[135.8606,71.5434],[136.2266,71.5132],[136.765,71.4058],[137.6297,71.0754],[137.7713,71.0988],[137.8146,71.1149],[137.8541,71.1114],[137.8647,71.1178],[137.8708,71.1303],[137.8816,71.1367],[137.8966,71.1405],[137.9155,71.1433],[137.9544,71.1386],[137.985,71.1069],[138.0591,71.1275],[138.0703,71.1328],[138.0733,71.1389],[138.0688,71.145],[138.0186,71.1805],[138.0025,71.1864],[137.9689,71.1897],[138.0259,71.2197],[138.0525,71.2191],[138.0716,71.2219],[138.1661,71.238],[138.1808,71.243],[138.2102,71.2558],[138.2213,71.2622],[138.209,71.2751],[138.2018,71.2773],[138.118,71.2894],[138.1133,71.2897],[138.1435,71.3248],[138.159,71.3233],[138.1708,71.3213],[138.2291,71.3181],[138.2405,71.3213],[138.24,71.325],[138.2233,71.33],[138.1881,71.3326],[138.1648,71.3332],[138.1507,71.3332],[138.1754,71.362],[138.1138,71.3851],[138.1194,71.4702],[138.4461,71.6103],[138.4874,71.6117],[138.4947,71.6097],[138.4566,71.5994],[138.4372,71.5966],[138.4222,71.5917],[138.4072,71.5853],[138.3928,71.5728],[138.3933,71.5667],[138.398,71.5603],[138.4352,71.5372],[138.4475,71.5336],[138.4669,71.5339],[138.583,71.5461],[138.598,71.5525],[138.6013,71.5586],[138.5952,71.5833],[138.5908,71.5894],[138.5744,71.5955],[138.5544,71.6003],[138.5694,71.6064],[138.5886,71.6128],[138.5996,71.6158],[138.6749,71.6184],[138.8999,71.5026],[139.1117,71.4334],[139.1144,71.4278],[139.1464,71.422],[139.1588,71.418],[139.1704,71.4177],[139.193,71.4136],[139.2127,71.4111],[139.2514,71.4114],[139.2976,71.4146],[139.7445,71.4036],[139.7674,71.4671],[139.9325,71.485],[139.9264,71.5491],[139.8552,71.5736],[139.8394,71.5797],[139.8138,71.5955],[139.8257,71.6284],[139.7392,71.8364],[139.7466,71.8425],[139.7418,71.8458],[139.806,72.0015],[139.8325,72.1497],[139.8539,72.1619],[139.8655,72.168],[139.8855,72.173],[139.9055,72.1744],[139.9258,72.1733],[139.9458,72.1708],[139.9661,72.1672],[140.0147,72.1489],[140.023,72.1428],[140.0433,72.1367],[140.0633,72.1342],[140.0833,72.1378],[140.1911,72.1664],[140.2069,72.1725],[140.215,72.1789],[140.2188,72.185],[140.1983,72.2033],[140.1902,72.2094],[140.1497,72.2191],[140.0325,72.235],[140.0122,72.2375],[139.9519,72.2322],[139.8513,72.2294],[139.8468,72.2294],[139.8479,72.2356],[139.8026,72.2293],[139.7705,72.2292],[139.7303,72.2292],[139.6294,72.235],[139.5688,72.2347],[139.553,72.2308],[139.4936,72.2122],[139.4778,72.2058],[139.3982,72.1727],[139.3388,72.1644],[139.1806,72.1641],[139.1766,72.1655],[139.1516,72.1778],[139.1347,72.19],[139.0897,72.2272],[139.0852,72.2333],[139.1297,72.2889],[139.1411,72.3011],[139.1619,72.3205],[139.1694,72.3267],[139.2315,72.3611],[139.3118,72.3832],[139.7556,72.4232],[140.215,72.4319],[140.5734,72.4926],[140.6022,72.4941],[140.6633,72.5017],[140.8064,72.5286],[140.9991,72.57],[141.0241,72.5858],[141.0219,72.6744],[141.294,72.7871],[141.4084,72.7873],[142.2002,72.6787],[142.9025,72.6172],[143.8188,72.5326],[144.2674,72.5021],[144.5618,72.4556],[145.6,72.4262],[145.401,72.3541],[145.3047,72.3705],[145.2722,72.3897],[145.2533,72.3964],[145.1836,72.4125],[145.1642,72.4167],[144.9883,72.4336],[144.9683,72.435],[144.9272,72.4333],[144.9064,72.4314],[144.8855,72.428],[144.8003,72.41],[144.7789,72.4042],[144.7614,72.3983],[144.7347,72.3867],[144.6883,72.3566],[144.6094,72.3025],[144.5897,72.2844],[144.5355,72.2311],[144.4272,72.2578],[144.4244,72.2639],[144.4172,72.2703],[144.3786,72.2805],[144.2842,72.2954],[144.1386,72.2708],[144.1483,72.2561],[144.1925,72.2308],[144.2764,72.2022],[144.2958,72.1969],[144.3727,72.1761],[144.3919,72.1719],[144.4316,72.1689],[144.5319,72.1672],[144.6141,72.1755],[144.6353,72.1814],[144.6536,72.1933],[144.6589,72.1994],[144.668,72.2056],[144.6811,72.2114],[144.7152,72.2219],[144.7572,72.2297],[144.778,72.233],[144.8191,72.2372],[145.0864,72.2592],[145.1272,72.2608],[145.1433,72.2605],[144.8204,72.1433],[145.2096,72.1207],[145.6646,72.1605],[145.7021,72.145],[145.6822,72.1283],[145.658,72.1105],[145.6202,72.0867],[145.615,72.0806],[145.6175,72.0744],[145.6544,72.0425],[145.6714,72.03],[145.6819,72.0236],[145.7022,72.0255],[145.7116,72.0314],[145.7252,72.0372],[145.7452,72.038],[145.765,72.0364],[145.7655,72.0362],[145.6782,71.9267],[145.4979,71.8894],[145.4875,71.8883],[145.3477,71.8664],[145.3283,71.868],[145.3091,71.8722],[145.2986,71.8786],[145.2922,71.885],[145.2894,71.8911],[145.2827,71.8975],[145.2194,71.9172],[145.2005,71.9228],[144.9952,71.9711],[144.9752,71.9703],[144.9622,71.9644],[144.9569,71.9583],[144.9508,71.9275],[144.9641,71.915],[145.03,71.8853],[145.0444,71.8789],[145.083,71.873],[145.1024,71.8716],[145.1219,71.8686],[145.2124,71.8458],[145.2149,71.8394],[145.2163,71.8272],[145.2143,71.8259],[145.0422,71.7729],[145.0266,71.7705],[144.968,71.7742],[144.9297,71.7797],[144.9102,71.7814],[144.8894,71.7769],[144.8872,71.7644],[144.8919,71.7272],[144.8922,71.7267],[144.8808,71.7231],[144.8013,71.5911],[145.1004,71.5762],[145.3338,71.6309],[145.7462,71.6937],[145.9819,71.7732],[146.0711,71.788],[146.0883,71.7939],[146.1894,71.8333],[146.3272,71.8894],[146.5189,71.9958],[146.5258,72],[146.5478,72.0136],[146.7019,72.0967],[146.9151,72.2019],[148.1595,72.1964],[148.698,72.1662],[148.9536,72.1176],[148.9298,72.0809],[148.9158,72.0336],[148.9418,71.9787],[149.0098,71.9249],[149.1131,71.9062],[149.1874,71.9211],[149.2515,71.9691],[149.3112,72.0083],[149.3181,72.0367],[149.2995,72.0607],[149.5303,72.0274],[149.6225,71.9419],[149.722,71.8952],[149.5098,71.8394],[149.4147,71.8922],[149.3975,71.8992],[149.3794,71.9036],[149.3602,71.9055],[149.338,71.9003],[149.2958,71.8844],[149.2852,71.8786],[149.2169,71.8267],[149.1941,71.8089],[149.165,71.785],[149.1586,71.7792],[149.1561,71.773],[149.1461,71.7672],[149.1255,71.7655],[149.1055,71.765],[149.0858,71.7658],[148.955,71.7869],[148.8486,71.8109],[148.8328,71.8114],[148.8361,71.7989],[148.8455,71.7922],[148.8822,71.7733],[148.9003,71.7689],[148.9191,71.7658],[148.938,71.7639],[148.9769,71.7611],[149.0364,71.7614],[149.0386,71.7564],[149.0052,71.7068],[148.9479,71.6917],[148.9161,71.695],[148.8975,71.6983],[148.858,71.6986],[148.8477,71.6927],[148.8255,71.6747],[148.8236,71.67],[148.843,71.6691],[148.8597,71.6685],[148.7109,71.6294],[148.9622,71.5679],[149.7154,71.4376],[150.5439,71.3606],[150.5258,71.3472],[150.5153,71.3414],[150.4938,71.3372],[150.4536,71.3342],[150.4327,71.3314],[150.3591,71.3147],[150.3375,71.3094],[150.2019,71.2753],[150.1347,71.2544],[150.0444,71.2247],[150.0236,71.2075],[150.0627,71.2083],[150.103,71.2117],[150.1241,71.2155],[150.1458,71.2211],[150.1661,71.2325],[150.1725,71.2386],[150.1969,71.25],[150.2327,71.2608],[150.2761,71.2714],[150.2975,71.2755],[150.3175,71.2772],[150.3547,71.273],[150.3897,71.2725],[150.4075,71.278],[150.5597,71.34],[150.57,71.3455],[150.5825,71.357],[150.6519,71.3506],[150.6428,71.3422],[150.6077,71.2814],[150.605,71.2753],[150.6308,71.2803],[150.6486,71.2858],[150.6694,71.2972],[150.6761,71.3033],[150.6864,71.3091],[150.7008,71.3147],[150.7528,71.3339],[151.1195,71.2548],[151.48,71.0858],[151.6448,70.8938],[151.8991,70.733],[152.134,70.6644],[152.7906,70.681],[153.4044,70.7282],[153.9165,70.7905],[155.0492,70.9385],[156.0432,70.9866],[157.3964,70.9275],[158.078,70.8673],[158.4087,70.8142],[158.9341,70.6235],[159.2292,70.5475],[159.4656,70.395],[159.6279,70.2198],[159.5727,69.999],[159.4438,69.7646],[159.673,69.6519],[160.0166,69.6224],[160.3924,69.6156],[160.6816,69.5785],[160.674,69.2703],[160.8623,69.0831],[160.9628,69.1077],[160.9639,69.1036],[161.0083,69.0797],[161.0222,69.0744],[161.0369,69.07],[161.1002,69.058],[161.1172,69.0564],[161.1894,69.055],[161.2241,69.0525],[161.2558,69.0466],[161.2705,69.0422],[161.3558,69.0133],[161.3697,69.0078],[161.395,68.9947],[161.4117,68.9797],[161.41,68.9733],[161.4011,68.9544],[161.3894,68.9361],[161.3791,68.9241],[161.3655,68.9125],[161.3572,68.9066],[161.3402,68.8955],[161.2808,68.8486],[161.2172,68.79],[161.2139,68.7772],[161.2052,68.7189],[161.2102,68.6986],[161.0925,68.5867],[161.0661,68.5633],[161.0125,68.5508],[160.9941,68.5503],[160.8725,68.5555],[160.7686,68.5603],[160.7556,68.5616],[160.7605,68.5414],[160.7667,68.5355],[160.8297,68.5247],[160.8461,68.5228],[160.9153,68.5194],[160.95,68.5181],[161.0094,68.5247],[161.0503,68.5308],[161.0683,68.5353],[161.1277,68.5553],[161.1441,68.5667],[161.1658,68.5839],[161.2753,68.6769],[161.2922,68.7297],[161.2905,68.7366],[161.2958,68.7558],[161.3141,68.7867],[161.3194,68.7925],[161.3278,68.7983],[161.4519,68.8633],[161.5325,68.8939],[161.5478,68.8989],[161.5747,68.9091],[161.5797,68.915],[161.568,69.0083],[161.5667,69.0153],[161.5519,69.0364],[161.5403,69.0444],[161.5128,69.0553],[161.5003,69.0619],[161.4919,69.0694],[161.4803,69.0903],[161.4505,69.15],[161.4255,69.2028],[161.4216,69.2411],[161.4313,69.3591],[161.9426,69.5223],[161.9761,69.5283],[162.0,69.5357],[162.1178,69.5586],[162.2749,69.5363],[163.0382,69.5452],[163.7224,69.6745],[164.0537,69.66],[164.3182,69.4649],[164.6365,69.4128],[165.3301,69.4066],[166.3092,69.3783],[166.7004,69.4317],[166.8613,69.4906],[166.9016,69.4928],[166.925,69.4964],[166.9413,69.5008],[167.213,69.5825],[167.3665,69.6358],[167.5032,69.5686],[167.9216,69.3287],[168.1,69.2315],[168.5924,69.1125],[168.9861,68.9634],[169.1132,68.7842],[169.3886,68.7175],[170.0889,68.7785],[170.3019,68.8196],[170.3122,68.8205],[170.3325,68.8214],[170.3511,68.8211],[170.3686,68.8197],[170.4938,68.7978],[170.5169,68.7855],[170.5255,68.7772],[170.5372,68.7711],[170.5514,68.7675],[170.6119,68.7563],[170.5583,68.8217],[170.5439,68.8255],[170.4544,68.8303],[170.4417,68.8353],[170.4361,68.843],[170.4364,68.8455],[170.6514,68.887],[170.6511,68.8844],[170.705,68.8044],[170.7152,68.8097],[170.7225,68.8153],[170.7266,68.8217],[170.7283,68.835],[170.7115,68.8986],[170.8328,68.9219],[170.8773,68.9914],[170.9358,69.0097],[171.0225,69.023],[171.0319,69.0422],[171.0078,69.0655],[170.9641,69.1517],[170.9289,69.2267],[170.9075,69.3061],[170.8652,69.3336],[170.743,69.4444],[170.6655,69.5328],[170.6286,69.5647],[170.6091,69.5803],[170.5869,69.5936],[170.5736,69.5983],[170.5589,69.6019],[170.5425,69.6047],[170.5067,69.6075],[170.4666,69.6072],[170.425,69.6053],[170.3819,69.6025],[170.2936,69.5889],[170.2728,69.588],[170.2533,69.5883],[170.2008,69.5909],[170.1469,69.5983],[170.1344,69.603],[170.1238,69.61],[170.1211,69.6172],[170.1375,69.6422],[170.1489,69.6542],[170.1561,69.66],[170.1805,69.6772],[170.1986,69.6883],[170.2305,69.7039],[170.2733,69.7247],[170.2841,69.7297],[170.298,69.7344],[170.3186,69.738],[170.3614,69.7389],[170.4003,69.7383],[170.418,69.7369],[170.4391,69.7378],[170.4616,69.7397],[170.4961,69.748],[170.5241,69.7575],[170.5672,69.778],[170.5586,69.8894],[170.5528,69.8972],[170.5439,69.9055],[170.5333,69.9125],[170.5241,69.9208],[170.5194,69.9353],[170.5257,70.0154],[171.3022,69.9752],[171.8484,69.9385],[172.3592,69.9092],[172.9082,69.8348],[173.0083,69.6917],[173.6367,69.7607],[174.5745,69.7851],[175.611,69.7794],[176.1922,69.7127],[176.546,69.6229],[177.0792,69.5336],[177.705,69.4896],[178.0428,69.4076],[178.6289,69.2585],[178.965,69.2291],[179.2815,69.1473],[179.6751,69.0227],[179.6833,69.0186],[179.7188,69.0033],[179.743,68.9933],[179.7561,68.9892],[179.7894,68.9844],[179.7971,68.9841],[180,68.9199],[180,67.9801],[180,67.9631],[180,66.9801],[180,66.9631],[180,65.9801],[180,65.9631],[180,65.3986],[180,65.3816],[180,65.311],[180,65.0689],[179.893,65.0486],[179.8774,65.0453],[179.8219,65.0297],[179.7958,65.0217],[179.785,65.0169],[179.7691,65.0061],[179.7447,64.9822],[179.6489,64.9169],[179.4993,64.8325],[179.423,64.814],[179.4211,64.8141],[179.4068,64.8167],[179.3811,64.8194],[179.3619,64.8183],[179.2558,64.8086],[179.1625,64.788],[179.122,64.7778],[179.016,64.7729],[178.8603,64.6835],[178.8416,64.6764],[178.8289,64.6722],[178.6233,64.6055],[178.5616,64.5914],[178.5222,64.588],[178.5047,64.588],[178.4905,64.5903],[178.4827,64.6072],[178.4955,64.6114],[178.5108,64.615],[178.5289,64.6178],[178.6108,64.6266],[178.6299,64.6278],[178.6475,64.6278],[178.6653,64.6305],[178.6808,64.6342],[178.6936,64.6383],[178.745,64.6622],[178.7503,64.6686],[178.7556,64.6822],[178.7514,64.6891],[178.74,64.6936],[178.7114,64.698],[178.6919,64.6978],[178.6172,64.6872],[178.6019,64.6836],[178.5505,64.6744],[178.3744,64.6658],[178.2722,64.665],[178.2669,64.6736],[178.2572,64.6792],[178.2427,64.6814],[178.093,64.6866],[177.9544,64.6844],[177.7278,64.7042],[177.6094,64.718],[177.6022,64.7228],[177.505,64.8047],[177.4861,64.8494],[177.4858,64.8569],[177.4475,64.9108],[177.4405,64.9183],[177.4319,64.925],[177.4205,64.9292],[177.4058,64.9314],[177.3352,64.9308],[177.2986,64.9294],[177.2664,64.9314],[177.2533,64.9347],[177.2316,64.9441],[177.2216,64.9497],[177.2144,64.9575],[177.2089,64.9661],[177.1941,65.0067],[177.1852,65.0133],[177.1667,65.025],[176.9161,65.0825],[176.8997,65.0836],[176.8805,65.0822],[176.86,65.08],[176.8419,65.0769],[176.8064,65.07],[176.7422,65.0558],[176.6625,65.038],[176.6,65.025],[176.5808,65.0236],[176.4736,65.0608],[176.4383,65.0736],[176.3028,65.05],[176.3116,65.0433],[176.3233,65.0392],[176.3366,65.0361],[176.518,64.9975],[176.5667,64.9947],[176.605,64.9972],[176.6814,65.0028],[176.7022,65.005],[176.7175,65.0086],[176.7556,65.0217],[176.8505,65.043],[176.8713,65.0455],[176.8905,65.0466],[176.9228,65.045],[176.9375,65.0428],[176.9505,65.0397],[176.9639,65.0364],[176.9725,65.03],[176.978,65.0211],[176.9925,65.0061],[177.083,64.9686],[177.0947,64.9644],[177.1311,64.9525],[177.1441,64.9494],[177.1558,64.945],[177.1661,64.9397],[177.2122,64.9122],[177.2208,64.9055],[177.2978,64.8364],[177.3033,64.8278],[177.2958,64.8222],[177.2954,64.822],[177.2515,64.8561],[177.0263,64.8442],[177.1347,64.9274],[176.8854,64.8414],[176.8769,64.8461],[176.8636,64.8492],[176.6339,64.8691],[176.6191,64.8683],[176.6091,64.8633],[176.5516,64.8331],[176.4597,64.808],[176.4447,64.8042],[176.4286,64.805],[176.425,64.8103],[176.4244,64.8178],[176.4266,64.8247],[176.4261,64.8322],[176.423,64.8403],[176.4172,64.8489],[176.4069,64.8544],[176.1978,64.9186],[176.06,64.948],[176.0266,64.9411],[176.0069,64.9311],[175.94,64.8955],[175.938,64.8886],[175.9386,64.8814],[175.9319,64.8683],[175.9102,64.8514],[175.8705,64.8314],[175.8483,64.8219],[175.7733,64.7955],[175.7455,64.7875],[175.7305,64.7836],[175.6922,64.778],[175.6747,64.7778],[175.6589,64.7786],[175.6294,64.7825],[175.6164,64.7855],[175.5869,64.7894],[175.5708,64.7903],[175.5533,64.79],[175.4719,64.7794],[175.4541,64.7764],[175.4239,64.7689],[175.3911,64.7619],[175.3303,64.7539],[175.3125,64.7536],[175.193,64.7536],[175.1127,64.7572],[175.0686,64.763],[175.0511,64.7628],[175.0336,64.7594],[174.9436,64.7364],[174.9064,64.723],[174.8466,64.7075],[174.7514,64.6855],[174.7339,64.6822],[174.7136,64.6797],[174.6947,64.678],[174.6614,64.6783],[174.5622,64.6805],[174.5142,64.6825],[174.4672,64.6858],[174.4525,64.6878],[174.4366,64.6883],[174.4444,64.6836],[174.4683,64.6755],[174.4814,64.6725],[174.5108,64.6689],[174.5269,64.668],[174.6419,64.6655],[174.7183,64.6697],[174.7736,64.6733],[174.7911,64.6767],[174.8462,64.6907],[174.8658,64.6958],[174.9383,64.7158],[174.963,64.7247],[174.9927,64.7322],[175.0525,64.7392],[175.1061,64.7414],[175.1222,64.7405],[175.1664,64.735],[175.1825,64.7341],[175.2786,64.7294],[175.2975,64.7308],[175.4289,64.7458],[175.6444,64.7514],[175.6822,64.7542],[175.7028,64.7567],[175.7202,64.7597],[175.8164,64.7811],[175.8289,64.7855],[175.923,64.8294],[175.9427,64.8394],[175.95,64.845],[175.9666,64.863],[175.9705,64.8766],[175.9752,64.883],[175.9796,64.8864],[176.156,64.6779],[175.8998,64.5474],[176.044,64.5012],[176.4678,64.409],[176.7447,64.5663],[176.7575,64.5707],[176.9305,64.5529],[177.0816,64.5174],[177.0816,64.303],[177.1932,64.2104],[177.5347,64.0897],[178.0111,64.1921],[177.8134,64.0474],[178.1473,64.1566],[178.1765,64.0053],[178.2878,63.9129],[178.3716,63.7494],[178.4026,63.6641],[178.3473,63.6241],[178.3291,63.6178],[178.2625,63.5831],[178.2578,63.5694],[178.2617,63.5625],[178.2619,63.5623],[178.0777,63.4291],[178.3444,63.458],[178.5011,63.3802],[178.714,63.1537],[178.9395,63.0833],[179.0043,62.9702],[178.9316,62.7651],[179.2877,62.8151],[179.2318,62.6385],[179.2422,62.5257],[179.2092,62.5028],[179.205,62.5028],[179.1858,62.5005],[179.1714,62.4972],[179.1378,62.4842],[179.1208,62.4736],[179.1061,62.4628],[179.1013,62.4564],[179.0988,62.4497],[179.1077,62.4442],[179.1181,62.4396],[179.0488,62.3914],[178.944,62.3604],[178.7516,62.3964],[178.725,62.4008],[178.4702,62.4439],[178.3241,62.4692],[178.1772,62.5067],[178.1408,62.5172],[178.0805,62.5339],[178.0278,62.5444],[177.9844,62.5489],[177.7394,62.5731],[177.6947,62.5761],[177.6636,62.5772],[177.6011,62.5792],[177.5683,62.5789],[177.5125,62.5731],[177.4769,62.5705],[177.3683,62.5742],[177.3383,62.5761],[177.2911,62.608],[177.3116,62.7305],[177.3139,62.7375],[177.323,62.75],[177.3372,62.7611],[177.3466,62.7661],[177.3586,62.7703],[177.3752,62.7733],[177.3919,62.7733],[177.4041,62.7703],[177.428,62.7789],[177.4516,62.8053],[177.4564,62.8117],[177.4508,62.8175],[177.4386,62.8208],[177.4244,62.82],[177.3522,62.8092],[177.3286,62.8005],[177.3188,62.7958],[177.3025,62.7853],[177.2814,62.7683],[177.2697,62.7567],[177.258,62.7447],[177.2536,62.7386],[177.2514,62.7317],[177.2556,62.7247],[177.2622,62.7169],[177.265,62.7089],[177.2505,62.705],[177.2314,62.7028],[177.1986,62.7025],[177.185,62.7044],[177.1483,62.7142],[177.1378,62.7186],[177.1294,62.743],[177.1313,62.7497],[177.1358,62.7561],[177.15,62.7672],[177.1544,62.7736],[177.1541,62.7811],[177.1475,62.7889],[177.1127,62.8128],[177.0278,62.858],[177.0169,62.8622],[177.0047,62.8655],[176.9908,62.8675],[176.9755,62.8655],[176.9733,62.8625],[176.9211,62.6858],[176.832,62.6764],[176.6935,62.5402],[176.693,62.5403],[176.6764,62.5372],[176.648,62.5297],[176.6342,62.5186],[176.5944,62.4858],[176.5925,62.4789],[176.593,62.4714],[176.2803,62.313],[176.1955,62.2978],[176.1111,62.2828],[176.0369,62.2739],[176.0042,62.2675],[175.893,62.2458],[175.7972,62.2264],[175.5858,62.1697],[175.3177,62.1011],[175.248,62.0511],[175.2413,62.0455],[175.2147,62.0303],[175.178,62.0175],[175.1644,62.0136],[174.9539,61.9711],[174.9191,61.9653],[174.8547,61.9522],[174.8086,61.9417],[174.7861,61.9325],[174.7708,61.9219],[174.7644,61.9161],[174.765,61.9181],[174.7715,61.9241],[174.7867,61.9347],[174.7322,61.9525],[174.6094,61.9817],[174.5961,61.9836],[174.6028,61.9672],[174.6166,61.9522],[174.6469,61.9372],[174.68,61.9239],[174.719,61.9008],[174.6527,61.8909],[174.5423,61.8907],[174.3905,61.8188],[174.3119,61.8208],[174.1664,61.8289],[174.1447,61.8372],[174.1324,61.8403],[174.1191,61.8419],[174.1044,61.8425],[174.0883,61.8422],[174.07,61.8394],[174.0241,61.8228],[174.013,61.8183],[174.0069,61.8125],[174.0208,61.7917],[174.0486,61.7747],[174.0069,61.7225],[173.9897,61.7119],[173.8741,61.6764],[173.8119,61.6697],[173.8133,61.6767],[173.8097,61.6847],[173.7989,61.6889],[173.7772,61.6969],[173.618,61.7483],[173.5913,61.7519],[173.5766,61.7528],[173.5594,61.7508],[173.5461,61.7469],[173.5375,61.7417],[173.5314,61.7361],[173.5239,61.7233],[173.4963,61.6575],[173.4886,61.6069],[173.4908,61.6014],[173.4809,61.6011],[173.3426,61.5518],[173.3362,61.5464],[173.3228,61.5397],[173.3058,61.5292],[173.2911,61.5183],[173.2943,61.5111],[173.1739,61.4095],[173.1608,61.4042],[173.1367,61.3953],[173.1052,61.3883],[173.0897,61.3878],[173.063,61.3914],[173.0411,61.3994],[172.9866,61.4197],[172.9794,61.4272],[172.9733,61.4358],[172.9647,61.4422],[172.955,61.4475],[172.8883,61.4703],[172.875,61.4722],[172.858,61.4703],[172.8183,61.4611],[172.7928,61.4542],[172.7108,61.43],[172.7169,61.4244],[172.7266,61.4192],[172.7377,61.415],[172.8177,61.3905],[172.8541,61.3819],[172.8989,61.3669],[172.9183,61.3564],[172.9352,61.3439],[172.9402,61.3369],[172.9561,61.3028],[172.8972,61.2805],[172.8816,61.2772],[172.8771,61.2767],[172.8511,61.2758],[172.8502,61.2758],[172.8383,61.2786],[172.8188,61.2892],[172.7983,61.2983],[172.7547,61.3144],[172.7075,61.3269],[172.6953,61.33],[172.6819,61.3317],[172.6675,61.3322],[172.6627,61.3275],[172.675,61.3247],[172.7294,61.3044],[172.7488,61.2942],[172.7658,61.2814],[172.7733,61.2739],[172.7734,61.2731],[172.4924,61.2633],[172.4234,61.213],[172.4097,61.2169],[172.3989,61.2211],[172.3758,61.2278],[172.3625,61.2294],[172.3494,61.2283],[172.3436,61.2225],[172.34,61.2161],[172.3389,61.2092],[172.3504,61.1598],[172.1916,61.0441],[172.133,61.063],[172.0194,61.098],[172.01,61.0975],[172.0175,61.09],[172.0261,61.0836],[172.0455,61.0733],[172.0552,61.0683],[172.1255,61.0347],[172.1569,61.0303],[172.1659,61.0254],[172.1082,60.9833],[172.0016,60.8593],[171.9927,60.8703],[171.9889,60.8783],[171.9897,60.8853],[171.9988,60.8975],[172.0047,60.9033],[172.008,60.9097],[172.0067,60.9172],[172.0003,60.9258],[171.9927,60.9333],[171.9769,60.9472],[171.9672,60.9522],[171.953,60.9497],[171.9497,60.9433],[171.9358,60.8964],[171.9364,60.8761],[171.9417,60.8692],[171.9489,60.8617],[171.9586,60.8567],[171.9577,60.8497],[171.9472,60.845],[171.8741,60.8275],[171.8575,60.8256],[171.8158,60.828],[171.8028,60.8297],[171.7908,60.8325],[171.7689,60.8403],[171.6883,60.8256],[171.6097,60.8019],[171.6144,60.7736],[171.623,60.7672],[171.628,60.7569],[171.4997,60.7222],[171.4075,60.7139],[171.3986,60.6948],[171.2484,60.6542],[171.158,60.5504],[170.9866,60.5233],[170.8569,60.5058],[170.788,60.4472],[170.7825,60.4414],[170.77,60.4369],[170.755,60.4333],[170.6866,60.4189],[170.6561,60.4172],[170.6419,60.4175],[170.6177,60.3944],[170.6458,60.3655],[170.5197,60.3399],[170.3368,60.2771],[170.2684,60.1451],[170.2731,60.0134],[170.1625,59.9451],[170.115,59.9692],[170.1052,59.9742],[170.0966,59.9805],[170.095,59.988],[170.1002,59.9939],[170.1077,59.9992],[170.115,60.0056],[170.1155,60.0125],[170.0764,60.0325],[170.0441,60.0442],[170.0322,60.0467],[169.9675,60.0542],[169.9558,60.0567],[169.945,60.0605],[169.9352,60.0655],[169.9275,60.0728],[169.7494,60.2739],[169.7441,60.2805],[169.7102,60.3392],[169.7083,60.3467],[169.7089,60.3536],[169.7116,60.36],[169.7127,60.3742],[169.7072,60.4036],[169.6994,60.4108],[169.6797,60.4208],[169.6689,60.4247],[169.6447,60.4297],[169.5877,60.4464],[169.5377,60.4614],[169.4478,60.4894],[169.4039,60.5044],[169.3275,60.5319],[169.3183,60.5558],[169.3477,60.5567],[169.3627,60.5605],[169.3705,60.5661],[169.348,60.5864],[169.3416,60.5919],[169.3216,60.6019],[169.2894,60.6144],[169.265,60.6194],[169.2102,60.6228],[169.2028,60.6172],[169.2022,60.6103],[169.2044,60.6028],[169.2089,60.5947],[169.2061,60.5883],[169.1605,60.5628],[169.1466,60.56],[168.9744,60.5597],[168.7177,60.5611],[168.5805,60.5714],[168.5694,60.5753],[168.535,60.585],[168.5108,60.5903],[168.4852,60.5939],[168.4722,60.5953],[168.4011,60.5958],[168.3289,60.5953],[168.3139,60.5942],[168.1889,60.5817],[168.1091,60.5683],[168.075,60.5614],[167.7592,60.4864],[167.6236,60.4492],[167.6064,60.4455],[167.4547,60.4228],[167.2825,60.3675],[167.2703,60.3631],[167.2364,60.3556],[167.2052,60.3519],[167.19,60.3508],[167.178,60.3533],[167.0503,60.3239],[166.8058,60.1892],[166.7005,60.1192],[166.6694,60.0972],[166.6319,60.0692],[166.518,59.9867],[166.4145,59.916],[166.2753,59.8371],[166.2461,59.8306],[166.1683,59.8192],[166.1378,59.8153],[166.1247,59.8164],[166.1136,59.82],[166.1033,59.8247],[166.0975,59.8314],[166.0966,59.8525],[166.1016,59.9139],[166.1364,60.0253],[166.1733,60.123],[166.1825,60.1353],[166.2592,60.2567],[166.2477,60.3839],[166.2556,60.3844],[166.2686,60.3833],[166.2989,60.3861],[166.3155,60.3897],[166.3278,60.3944],[166.3419,60.4055],[166.3513,60.4178],[166.3811,60.4705],[166.3486,60.4864],[166.2683,60.4847],[166.223,60.4808],[166.0977,60.4572],[166.0639,60.4497],[166.0011,60.4339],[165.9819,60.4236],[165.9536,60.4011],[165.9297,60.3805],[165.8526,60.3362],[165.78,60.3541],[165.5952,60.233],[165.5278,60.2142],[165.5108,60.2103],[165.4977,60.2114],[165.4391,60.1869],[165.3991,60.1667],[165.2433,60.0983],[165.2266,60.0944],[165.1961,60.0905],[165.1839,60.0928],[165.155,60.1214],[164.9972,60.1294],[164.9961,60.1239],[165.0014,60.0817],[165.0111,60.0758],[165.0311,60.0653],[165.0433,60.063],[165.05,60.0686],[165.0589,60.0808],[165.0683,60.0861],[165.083,60.0875],[165.1111,60.088],[165.1233,60.0858],[165.133,60.08],[165.1577,60.0437],[165.1136,60.0314],[164.933,59.9619],[164.8972,59.8035],[164.8322,59.7811],[164.8205,59.7805],[164.8094,59.7839],[164.8008,59.7908],[164.793,59.7992],[164.7744,59.8233],[164.7714,59.8308],[164.7733,59.8372],[164.7803,59.843],[164.7822,59.8494],[164.7816,59.8564],[164.7733,59.8717],[164.7347,59.9408],[164.7016,59.9755],[164.6753,59.9969],[164.5466,60.0831],[164.5369,60.0889],[164.515,60.0992],[164.4922,60.1058],[164.4686,60.1114],[164.4425,60.1133],[164.3213,60.0905],[164.3147,60.0847],[164.3127,60.0783],[164.3141,60.0644],[164.3203,60.0494],[164.3336,60.0333],[164.3425,60.0264],[164.353,60.0217],[164.269,59.9927],[164.1105,60.0782],[164.0351,60.0314],[163.9688,60.0311],[163.8089,60.0419],[163.7458,60.05],[163.7327,60.0511],[163.6489,60.0489],[163.6355,60.0455],[163.6266,60.0403],[163.6208,60.0339],[163.6188,60.0272],[163.6197,60.0203],[163.6255,60.0125],[163.6336,60.0042],[163.6425,59.9972],[163.6766,59.9708],[163.715,59.9669],[163.7308,59.9697],[163.7447,59.9742],[163.7539,59.9794],[163.7036,59.9017],[163.6994,59.8955],[163.6902,59.8903],[163.6764,59.89],[163.6633,59.8908],[163.6389,59.895],[163.5619,59.9025],[163.535,59.903],[163.5047,59.8986],[163.3602,59.8239],[163.3586,59.789],[163.1064,59.5792],[163.0429,59.462],[163.0998,59.3589],[163.2414,59.2962],[163.175,59.2964],[163.1636,59.2955],[163.1105,59.28],[163.0969,59.2756],[163.0858,59.2705],[163.0794,59.265],[163.0611,59.2405],[163.0602,59.1983],[163.0675,59.1928],[163.0736,59.1892],[163.0195,59.1589],[163.0036,59.1558],[162.9419,59.1431],[162.8861,59.1305],[162.8763,59.128],[162.8797,59.1208],[162.8966,59.1056],[162.908,59.0966],[162.8352,59.0559],[162.7534,58.9665],[162.8443,58.9221],[162.8197,58.9133],[162.7603,58.8905],[162.7258,58.8528],[162.7844,58.87],[162.7877,58.8628],[162.7886,58.8558],[162.7697,58.8383],[162.7611,58.8331],[162.7011,58.8092],[162.6339,58.7861],[162.5913,58.7728],[162.5394,58.7528],[162.515,58.7433],[162.5039,58.7383],[162.4133,58.6853],[162.3986,58.6739],[162.1464,58.4558],[162.1403,58.4503],[162.1115,58.3983],[161.9384,58.2592],[161.8044,58.1017],[161.7999,57.8627],[161.9892,57.7199],[162.2037,57.6794],[162.8257,57.701],[163.0784,57.6265],[163.1249,57.5561],[163.0789,57.5075],[163.074,57.5028],[163.0653,57.495],[163.0583,57.4905],[163.0475,57.4856],[163.0086,57.4719],[162.9941,57.4692],[162.955,57.4678],[162.8827,57.4367],[162.8422,57.4164],[162.7808,57.3842],[162.7452,57.3631],[162.7369,57.3578],[162.7422,57.3539],[162.7658,57.3507],[162.7586,57.3183],[162.7514,57.2853],[162.75,57.2786],[162.7494,57.265],[162.7493,57.2638],[162.5933,57.1695],[162.5124,57.0335],[162.6128,56.8029],[162.7443,56.5997],[163.098,56.5597],[163.1723,56.3838],[163.1661,56.1131],[163.1075,56.0867],[163.0908,56.0622],[163.04,56.0181],[163.0275,56.0178],[162.8894,56.0336],[162.8688,56.04],[162.7463,56.1036],[162.6453,56.1919],[162.6343,56.2236],[162.6948,56.3056],[162.7183,56.3272],[163.07,56.473],[163.0758,56.4789],[163.0797,56.485],[163.0952,56.5194],[163.0944,56.5264],[163.0891,56.5342],[162.9852,56.5475],[162.9711,56.5447],[162.9547,56.5339],[162.9369,56.5167],[162.9258,56.498],[162.9244,56.4914],[162.9275,56.4839],[162.9291,56.47],[162.9261,56.4569],[162.9189,56.4444],[162.9025,56.4336],[162.8928,56.43],[162.83,56.4497],[162.7805,56.473],[162.7716,56.4786],[162.7619,56.4833],[162.7408,56.4897],[162.705,56.4919],[162.6925,56.4917],[162.6655,56.4883],[162.6514,56.4853],[162.6286,56.4755],[162.6086,56.4586],[162.6028,56.4528],[162.4819,56.4239],[162.3936,56.4],[162.3878,56.3942],[162.3933,56.3864],[162.4008,56.378],[162.41,56.3725],[162.4211,56.3683],[162.463,56.3553],[162.4727,56.3508],[162.4916,56.3405],[162.4981,56.3361],[162.3176,56.2401],[162.221,56.1599],[162.2183,56.1589],[162.0941,56.1064],[162.078,56.0955],[162.0369,56.0617],[162.0314,56.0558],[162.0344,56.0486],[162.043,56.0333],[162.0483,56.0256],[162.0494,56.0186],[162.0481,56.0162],[161.8613,55.8609],[161.6094,55.5569],[161.5027,55.2874],[161.6474,54.9851],[161.9385,54.8451],[162.0082,54.7382],[161.9441,54.6539],[161.8861,54.62],[161.8111,54.5858],[161.8033,54.5803],[161.798,54.5747],[161.7892,54.5625],[161.7858,54.5564],[161.7825,54.55],[161.7814,54.5436],[161.7725,54.5314],[161.7669,54.5256],[161.7594,54.52],[161.7441,54.5092],[161.7327,54.5058],[161.6966,54.5042],[161.6855,54.5047],[161.6747,54.5067],[161.6444,54.5164],[161.623,54.52],[161.4941,54.5139],[161.4305,54.5047],[161.353,54.4911],[161.3064,54.4914],[161.2847,54.495],[161.245,54.5089],[161.2355,54.5133],[161.2274,54.5203],[161.2222,54.528],[161.2188,54.5353],[161.2158,54.5428],[161.2147,54.5497],[161.2158,54.5564],[161.2147,54.5633],[161.2086,54.5697],[161.2,54.5753],[161.1905,54.5797],[161.16,54.5892],[161.1139,54.5905],[161.04,54.5864],[161.0153,54.5839],[160.9644,54.5764],[160.8744,54.5605],[160.8089,54.5475],[160.7325,54.5305],[160.7241,54.528],[160.5794,54.4589],[160.493,54.4125],[160.417,54.3713],[160.4043,54.3676],[160.1596,54.2285],[160.1483,54.2278],[160.138,54.2255],[160.1286,54.2203],[160.1022,54.2042],[160.0058,54.1392],[160.0029,54.1363],[159.9311,54.0864],[159.6951,53.8592],[159.6332,53.7058],[159.6835,53.5794],[159.8273,53.463],[159.8591,53.4167],[159.9148,53.3425],[159.9221,53.3005],[159.8969,53.2406],[159.79,53.2031],[159.7531,53.2192],[159.6572,53.2536],[159.6475,53.2567],[159.6369,53.2583],[159.6147,53.2594],[159.4983,53.2347],[159.4855,53.2314],[159.4589,53.2222],[159.4516,53.2167],[159.4417,53.2047],[159.4247,53.1875],[159.3986,53.1647],[159.3844,53.1536],[159.3733,53.1539],[159.363,53.1555],[159.2558,53.153],[159.1166,53.1189],[159.1036,53.1144],[159.0258,53.0864],[159.0147,53.0814],[158.8839,53.0094],[158.868,52.9986],[158.8361,52.9767],[158.8312,52.9729],[158.7881,52.9594],[158.6852,52.9173],[158.6619,52.9519],[158.6583,52.9592],[158.6569,52.9661],[158.6602,52.9792],[158.6503,53.0075],[158.6116,53.0475],[158.6033,53.0542],[158.5844,53.0625],[158.5316,53.0694],[158.4394,53.0272],[158.4305,53.0219],[158.4167,53.0108],[158.4139,53.0044],[158.4133,52.9978],[158.4241,52.9394],[158.4255,52.9325],[158.4291,52.9253],[158.4461,52.9025],[158.5139,52.9019],[158.5255,52.9028],[158.528,52.9092],[158.5214,52.9142],[158.4839,52.9308],[158.4805,52.938],[158.4894,52.9433],[158.5114,52.9428],[158.6272,52.9311],[158.6397,52.9089],[158.6428,52.9],[158.4614,52.826],[158.4317,52.7131],[158.448,52.646],[158.4191,52.6522],[158.4305,52.6061],[158.4361,52.5986],[158.4447,52.593],[158.4619,52.5848],[158.3939,52.2259],[158.32,52.1314],[158.3152,52.1253],[158.2986,52.0744],[158.258,52.0171],[157.8978,51.666],[157.7295,51.5592],[157.7294,51.5592],[157.6827,51.5503],[157.6577,51.5419],[157.6091,51.5228],[157.5369,51.4869],[157.3677,51.34],[157.3389,51.3112],[157.2095,51.229],[156.8246,51.0041],[156.7335,50.9712],[156.7455,50.9878],[156.7463,51.0011],[156.7461,51.0744],[156.7444,51.0814],[156.7064,51.1914],[156.6736,51.2294],[156.6572,51.2425],[156.6483,51.2478],[156.6299,51.2558],[156.6188,51.2547],[156.6075,51.2525],[156.5975,51.2539],[156.5877,51.2567],[156.5602,51.2686],[156.5547,51.2719],[156.4812,51.5769],[156.4866,51.5919],[156.4952,51.6908],[156.4997,51.7836],[156.4933,51.9181],[156.4919,51.9317],[156.4475,52.1383],[156.4422,52.1592],[156.4402,52.1661],[156.4286,52.2019],[156.4247,52.2092],[156.3986,52.2794],[156.3533,52.3861],[156.3127,52.4653],[156.3008,52.4803],[156.2791,52.5167],[156.2775,52.5236],[156.2897,52.5272],[156.3566,52.5005],[156.3655,52.4953],[156.3752,52.4805],[156.3772,52.4736],[156.374,52.4531],[156.3753,52.4498],[156.3793,52.4499],[156.3894,52.4478],[156.4197,52.4703],[156.4264,52.4761],[156.4419,52.4939],[156.4441,52.5003],[156.4427,52.5139],[156.4411,52.5208],[156.4347,52.5269],[156.4127,52.5275],[156.4014,52.5264],[156.3886,52.5214],[156.365,52.5167],[156.345,52.5222],[156.3355,52.5261],[156.2672,52.5611],[156.2608,52.5672],[156.2547,52.5747],[156.2091,52.6411],[156.1833,52.6847],[156.1716,52.7064],[156.1286,52.7922],[156.1033,52.8492],[156.1013,52.8561],[156.0913,52.9361],[156.0766,53.1325],[156.0269,53.3408],[155.9558,53.6786],[155.9308,53.8375],[155.8875,54.0005],[155.8622,54.0842],[155.8422,54.14],[155.838,54.1472],[155.8255,54.1622],[155.815,54.1769],[155.7941,54.2131],[155.7233,54.4294],[155.6994,54.5125],[155.6869,54.5617],[155.6324,54.7792],[155.5988,54.93],[155.5669,55.1408],[155.565,55.1544],[155.5441,55.3036],[155.545,55.3303],[155.5478,55.35],[155.5503,55.3631],[155.5789,55.5061],[155.6041,55.6031],[155.6394,55.7594],[155.645,55.7919],[155.6452,55.803],[155.6439,55.8322],[155.6461,55.9119],[155.6841,56.0339],[155.6913,56.053],[155.6986,56.0655],[155.7177,56.09],[155.738,56.1233],[155.7552,56.1547],[155.765,56.1736],[155.7994,56.27],[155.8322,56.3594],[155.845,56.3911],[155.8953,56.5053],[155.8981,56.5114],[156.2358,56.7568],[156.5579,56.9475],[156.6808,57.0973],[156.6953,57.1086],[156.765,57.1733],[156.7775,57.1853],[156.9633,57.3955],[156.9778,57.4144],[156.9833,57.4272],[156.9869,57.4467],[156.9875,57.4533],[156.9805,57.5278],[156.9708,57.5625],[156.9455,57.6184],[157.5112,57.7455],[157.9617,57.8828],[158.3263,58.0268],[159.1043,58.4249],[159.3927,58.6104],[159.4986,58.7156],[159.7022,58.8514],[159.7139,58.8633],[159.723,58.8755],[159.7567,58.938],[159.7578,58.9447],[159.7547,58.9586],[159.7469,58.9733],[159.7405,58.9808],[159.7315,58.9948],[160.4519,59.3539],[160.8442,59.5542],[161.5352,59.9417],[161.7008,60.0735],[161.7367,60.133],[161.7933,60.1603],[161.8375,60.1875],[161.9122,60.2369],[161.9253,60.2486],[161.9294,60.2683],[161.9297,60.2819],[161.9275,60.2958],[161.9245,60.305],[162.3811,60.4636],[163.3293,60.6949],[163.4148,60.8395],[163.4352,60.8458],[163.4522,60.85],[163.5616,60.8742],[163.5778,60.8769],[163.5927,60.8786],[163.6342,60.8772],[163.6466,60.8753],[163.6583,60.8719],[163.7291,60.9367],[163.6125,60.9711],[163.5789,60.982],[163.7927,61.1282],[163.8203,61.2032],[163.8541,61.2131],[163.9794,61.3086],[164.0105,61.3242],[164.0194,61.3364],[164.025,61.3558],[164.0216,61.3633],[164.01,61.3789],[163.9803,61.4169],[163.9719,61.425],[163.9616,61.4308],[163.9397,61.44],[163.8455,61.4486],[163.8303,61.4469],[163.8086,61.4369],[163.7897,61.4264],[163.7827,61.4205],[163.7733,61.4236],[163.7633,61.4294],[163.7539,61.4364],[163.748,61.4442],[163.7491,61.4575],[163.8413,61.6253],[163.8598,61.6459],[163.8666,61.6511],[163.8788,61.6558],[163.948,61.6719],[163.9783,61.6739],[163.9922,61.6769],[164.0114,61.6875],[164.0325,61.7044],[164.0414,61.7167],[164.0705,61.7803],[164.0725,61.7869],[164.0733,61.9517],[164.0641,62.1011],[164.0732,62.1531],[164.2772,62.2229],[165.0548,62.2595],[165.2857,62.2881],[165.0886,62.4212],[165.0977,62.4197],[165.2272,62.3772],[165.2355,62.3689],[165.2578,62.3444],[165.2636,62.3367],[165.2614,62.3303],[165.2669,62.3222],[165.278,62.3178],[165.2911,62.3155],[165.33,62.3158],[165.2903,62.3556],[165.24,62.3969],[165.2297,62.4028],[165.2177,62.4064],[165.1794,62.4142],[165.1672,62.4175],[165.1205,62.4336],[165.1,62.4455],[165.0908,62.4525],[165.0877,62.46],[165.0977,62.465],[165.1127,62.4694],[165.1308,62.4733],[165.1789,62.4775],[165.1938,62.4778],[165.343,62.4786],[165.3844,62.4742],[165.3975,62.4719],[165.4458,62.4583],[165.5122,62.4461],[165.6236,62.4367],[165.6327,62.4405],[165.6403,62.4461],[165.6425,62.4528],[165.6302,62.4561],[165.5669,62.4697],[165.3919,62.493],[165.3375,62.4994],[165.2944,62.5033],[165.2491,62.5028],[165.1478,62.5061],[165.0755,62.5086],[165.0614,62.5097],[165.0341,62.5128],[164.7636,62.5681],[164.7136,62.5806],[164.7014,62.5839],[164.6955,62.5917],[164.6811,62.6078],[164.6583,62.6322],[164.6497,62.6403],[164.5819,62.6911],[164.5139,62.6997],[164.3736,62.7114],[164.3594,62.7122],[164.3433,62.7108],[164.328,62.7064],[164.2314,62.685],[164.15,62.6681],[164.1152,62.6614],[164.0991,62.6597],[164.07,62.6603],[163.9444,62.6475],[163.7567,62.6167],[163.5869,62.5875],[163.3883,62.5625],[163.3405,62.5578],[163.3244,62.5561],[163.298,62.5519],[163.2811,62.5492],[163.2636,62.545],[163.2511,62.5403],[163.2316,62.5297],[163.2244,62.5239],[163.1644,62.4447],[163.2236,62.4003],[163.2341,62.3944],[163.2475,62.3925],[163.2599,62.3917],[162.9902,62.3261],[163.0092,62.1783],[162.7106,61.7632],[162.7432,61.7103],[162.6922,61.7014],[162.6597,61.6955],[162.6478,61.6905],[162.6342,61.6792],[162.636,61.672],[162.6411,61.6644],[162.6508,61.6575],[162.6716,61.6461],[162.6941,61.6372],[162.7064,61.6339],[162.7191,61.6319],[162.733,61.6311],[162.7477,61.6317],[162.754,61.6271],[162.7488,61.609],[162.7127,61.603],[162.6594,61.6114],[162.6247,61.6236],[162.6119,61.6297],[162.5941,61.6417],[162.5725,61.6519],[162.5361,61.6617],[162.5037,61.6665],[162.4972,61.6675],[162.4161,61.6744],[162.4033,61.6725],[162.3508,61.6328],[162.2141,61.5394],[162.0322,61.4233],[162.023,61.4178],[161.9397,61.3775],[161.8658,61.3505],[161.8513,61.35],[161.84,61.3544],[161.7841,61.3425],[161.6116,61.2367],[161.5768,61.2058],[161.5606,61.1983],[161.5497,61.2011],[161.54,61.208],[161.5286,61.2125],[161.5,61.2114],[161.4872,61.2092],[161.473,61.2044],[161.4639,61.1992],[161.4194,61.1731],[161.4155,61.1669],[161.3872,61.1264],[161.3627,61.1097],[161.3291,61.0878],[161.1658,61.0005],[161.1286,60.9858],[161.098,60.9767],[161.0655,60.9692],[161.0352,60.9655],[160.9391,60.9133],[160.8883,60.8842],[160.8289,60.8186],[160.8253,60.8127],[160.7181,60.7563],[160.7041,60.7636],[160.6833,60.7747],[160.6705,60.7764],[160.3989,60.7403],[160.31,60.6714],[160.2675,60.6314],[160.2611,60.6255],[160.2525,60.62],[160.2136,60.6053],[160.2,60.6005],[160.1533,60.5869],[160.1378,60.5836],[160.133,60.5897],[160.1316,60.5967],[160.1339,60.6569],[160.1825,60.7028],[160.2211,60.7311],[160.2247,60.7372],[160.2247,60.7844],[160.2083,60.7989],[160.1986,60.8055],[160.1775,60.8167],[160.1675,60.8233],[160.1583,60.8314],[160.1619,60.8378],[160.2327,60.8872],[160.2413,60.8928],[160.2869,60.9133],[160.3286,60.9486],[160.3914,61.0258],[160.3322,61.053],[160.1791,61.0528],[160.1642,61.0508],[160.1036,61.0378],[160.0894,61.0331],[159.9341,60.9764],[159.9248,60.9722],[159.8155,60.9811],[159.8108,60.9889],[159.82,60.9947],[159.8766,61.0205],[159.903,61.0372],[159.9139,61.0558],[159.9391,61.0994],[159.9466,61.1361],[159.9405,61.1639],[159.918,61.2489],[159.9072,61.2544],[159.8833,61.2617],[159.8711,61.2647],[159.8583,61.2664],[159.8438,61.2658],[159.8351,61.2635],[159.8569,61.3025],[159.8769,61.3236],[159.9425,61.3553],[160.0083,61.3908],[160.158,61.5197],[160.3664,61.7658],[160.3738,61.778],[160.3763,61.7914],[160.355,61.9475],[160.3286,61.9511],[160.3167,61.95],[160.1941,61.9089],[160.0755,61.8683],[159.9719,61.8286],[159.9602,61.8233],[159.9269,61.8008],[159.9205,61.795],[159.9133,61.7825],[159.9122,61.7761],[159.9075,61.7633],[159.8694,61.728],[159.8535,61.7202],[159.8345,61.7126],[159.8241,61.7139],[159.7494,61.7192],[159.6241,61.6961],[159.6072,61.6917],[159.5789,61.6819],[159.5561,61.6717],[159.5311,61.6628],[159.5194,61.6669],[159.4975,61.6778],[159.4905,61.6855],[159.378,61.8531],[159.3816,61.8592],[159.3889,61.8717],[159.3697,61.8878],[159.3586,61.8931],[159.2475,61.9222],[159.2055,61.9236],[159.1047,61.9217],[158.9525,61.9033],[158.9055,61.8958],[158.8889,61.8914],[158.8799,61.8858],[158.8386,61.8575],[158.733,61.8361],[158.618,61.8331],[158.4114,61.8278],[158.3694,61.8289],[158.313,61.8236],[158.2978,61.8217],[158.2522,61.8003],[158.235,61.7892],[158.2008,61.7733],[158.1172,61.7433],[158.1011,61.74],[158.0283,61.73],[158.0144,61.7303],[157.9555,61.7522],[157.945,61.7586],[157.9358,61.773],[157.9244,61.7786],[157.9,61.7856],[157.8867,61.7869],[157.803,61.7889],[157.6367,61.7939],[157.6102,61.7969],[157.5722,61.8053],[157.5589,61.8069],[157.5311,61.8075],[157.5167,61.8067],[157.4866,61.8033],[157.4325,61.7858],[157.3713,61.7594],[157.3647,61.7469],[157.2619,61.7161],[157.1836,61.7],[157.1519,61.6928],[157.0322,61.6525],[157.0211,61.6472],[157.0036,61.6292],[157.0005,61.623],[156.9833,61.605],[156.9802,61.6029],[156.8252,61.5628],[156.7507,61.5328],[156.7389,61.5342],[156.698,61.5361],[156.693,61.5314],[156.6758,61.5027],[156.4232,61.401],[156.3812,61.2051],[156.3949,61.1741],[156.3602,61.1617],[156.3494,61.1561],[156.085,61.0125],[155.9528,60.9275],[155.9472,60.9235],[155.8508,60.883],[155.6667,60.778],[155.701,60.6645],[155.6503,60.6567],[155.6347,60.6519],[155.5544,60.6233],[155.3713,60.5311],[155.2213,60.4767],[154.9661,60.3747],[154.9453,60.3636],[154.9169,60.3467],[154.8986,60.3353],[154.8805,60.3239],[154.8625,60.3125],[154.8264,60.2897],[154.8005,60.2722],[154.7203,60.2105],[154.6933,60.199],[154.3157,59.9833],[154.0922,59.7759],[153.943,59.5688],[153.9445,59.3967],[154.1818,59.3008],[154.7528,59.2812],[154.8465,59.1888],[154.8286,59.1894],[154.7425,59.1614],[154.7416,59.1269],[154.655,59.1358],[154.6425,59.1372],[154.6197,59.145],[154.6086,59.15],[154.555,59.178],[154.5352,59.1933],[154.5278,59.2008],[154.5172,59.2072],[154.4947,59.215],[154.4825,59.2175],[154.4575,59.22],[154.4447,59.22],[154.3383,59.2056],[154.3266,59.2028],[154.3194,59.1969],[154.3144,59.1842],[154.3194,59.1705],[154.3419,59.1483],[154.3469,59.1411],[154.3494,59.1342],[154.3444,59.1217],[154.29,59.0939],[154.2614,59.0797],[154.2488,59.0808],[154.2369,59.0833],[154.2255,59.0872],[154.19,59.095],[154.165,59.0972],[154.1522,59.0972],[154.1397,59.0919],[154.0411,59.0455],[154.0283,59.0455],[154.0158,59.0467],[153.9233,59.0744],[153.9119,59.0783],[153.9008,59.0833],[153.8933,59.0905],[153.8805,59.1053],[153.8602,59.1269],[153.8528,59.1344],[153.835,59.1494],[153.8169,59.163],[153.7953,59.1744],[153.7711,59.178],[153.6591,59.1903],[153.5286,59.2214],[153.5172,59.225],[153.4569,59.2372],[153.4444,59.2386],[153.3816,59.243],[153.3686,59.243],[153.3547,59.2403],[153.3405,59.2364],[153.333,59.2305],[153.3283,59.2244],[153.3222,59.2111],[153.2989,59.1525],[153.2947,59.133],[153.2691,59.0905],[153.2314,59.0928],[153.18,59.0925],[153.1541,59.0922],[153.1136,59.09],[153.0872,59.0883],[153.0605,59.0855],[152.9983,59.0767],[152.9897,59.0736],[152.9755,59.055],[152.9719,59.0483],[152.965,59.0356],[152.9248,58.9811],[152.8283,58.9477],[152.7782,58.9201],[152.7377,58.9211],[152.5675,58.9547],[152.4808,58.9942],[152.4697,58.9992],[152.458,59.0028],[152.3572,59.0233],[152.2252,59.0111],[152.1989,59.008],[152.185,59.0053],[152.1299,58.993],[152.1208,58.9883],[152.1164,58.9822],[152.1102,58.9631],[152.1247,58.9289],[152.1227,58.9225],[152.1136,58.91],[152.088,58.9017],[152.0608,58.8961],[152.0211,58.8917],[151.7052,58.8589],[151.6139,58.8519],[151.5883,58.8514],[151.563,58.8519],[151.54,58.8592],[151.5175,58.8689],[151.4941,58.8761],[151.4555,58.8753],[151.4161,58.8705],[151.4025,58.8678],[151.398,58.8614],[151.3911,58.8553],[151.3358,58.84],[151.3094,58.8369],[151.308,58.8411],[151.3139,58.8603],[151.3077,58.8739],[151.2794,58.9155],[151.2714,58.9228],[151.2603,58.9289],[151.2483,58.9311],[151.2366,58.9347],[151.2164,58.9442],[151.2114,58.9494],[151.3927,58.9794],[151.7833,59.035],[151.8573,59.0558],[151.7391,59.1579],[151.8003,59.153],[152.0453,59.1528],[152.0733,59.1597],[152.0947,59.1711],[152.1139,59.1828],[152.1311,59.1904],[152.1664,59.2019],[152.1938,59.2075],[152.2333,59.2094],[152.2458,59.2083],[152.2578,59.2058],[152.2708,59.2061],[152.2841,59.2075],[152.2886,59.2139],[152.2877,59.2269],[152.2766,59.2319],[152.1417,59.2922],[152.1036,59.2942],[152.0769,59.2911],[152.0625,59.2872],[152.0333,59.2764],[152.0191,59.2722],[151.9913,59.2653],[151.978,59.2639],[151.9652,59.265],[151.7486,59.2961],[151.7144,59.3436],[151.7213,59.3497],[151.7183,59.3564],[151.7127,59.3633],[151.6597,59.4256],[151.6111,59.4689],[151.6005,59.4764],[151.3861,59.5711],[151.2375,59.5681],[151.1883,59.5772],[151.1394,59.5875],[151.1019,59.5917],[151.0494,59.5905],[150.9039,59.5667],[150.8741,59.5578],[150.8647,59.5519],[150.8652,59.5453],[150.885,59.5242],[150.8933,59.5169],[150.9172,59.51],[150.9283,59.5039],[150.9417,59.4744],[150.9322,59.4686],[150.9041,59.4603],[150.89,59.4561],[150.8761,59.4533],[150.8627,59.4517],[150.7197,59.4433],[150.7066,59.4428],[150.6814,59.4447],[150.6753,59.4505],[150.6744,59.4572],[150.6814,59.4631],[150.6933,59.4689],[150.7075,59.473],[150.7194,59.4786],[150.7289,59.4847],[150.7333,59.4908],[150.7325,59.4975],[150.7208,59.5022],[150.6844,59.5103],[150.6591,59.5119],[150.6461,59.5117],[150.5927,59.5064],[150.5528,59.5014],[150.4716,59.4889],[150.4597,59.4833],[150.4461,59.4803],[150.4394,59.4847],[150.4583,59.4964],[150.4797,59.508],[150.4913,59.5136],[150.5056,59.5181],[150.5331,59.5239],[150.5877,59.5342],[150.6274,59.538],[150.6941,59.5447],[150.7213,59.5494],[150.7355,59.5536],[150.7425,59.5597],[150.7366,59.5667],[150.7255,59.5728],[150.7133,59.575],[150.7005,59.5758],[150.6875,59.5756],[150.6741,59.5739],[150.6327,59.565],[150.6047,59.558],[150.5794,59.5505],[150.5688,59.55],[150.5308,59.5528],[150.5186,59.555],[150.4947,59.5619],[150.435,59.5808],[150.4314,59.5861],[150.4358,59.5925],[150.4453,59.5983],[150.4419,59.6053],[150.4336,59.6122],[150.4225,59.6197],[150.4105,59.623],[150.303,59.6464],[150.2905,59.6486],[150.2655,59.6517],[150.0766,59.6728],[149.9677,59.7025],[149.833,59.7339],[149.8086,59.7394],[149.6497,59.7681],[149.6372,59.7703],[149.6244,59.7711],[149.5986,59.7714],[149.5855,59.7711],[149.4805,59.7672],[149.3722,59.76],[149.3469,59.7419],[149.1367,59.6719],[149.0331,59.6392],[149.0316,59.6339],[149.0327,59.6272],[149.0339,59.6208],[149.0375,59.6139],[149.0559,59.5878],[149.0453,59.5872],[148.8413,59.5158],[148.8547,59.5283],[148.8664,59.5342],[148.8794,59.5344],[148.8858,59.5408],[148.8797,59.5475],[148.868,59.5522],[148.8552,59.553],[148.8416,59.55],[148.8303,59.5453],[148.7705,59.5097],[148.743,59.4917],[148.7144,59.4672],[148.6947,59.4489],[148.6894,59.4267],[148.69,59.4164],[148.6994,59.3897],[148.7066,59.3761],[148.7158,59.3717],[148.7278,59.3683],[148.7399,59.3668],[148.7472,59.2974],[148.7184,59.272],[148.69,59.2686],[148.61,59.2539],[148.5441,59.2458],[148.4564,59.2536],[148.4194,59.2597],[148.4072,59.2628],[148.398,59.2675],[148.4008,59.3508],[148.4022,59.3572],[148.3986,59.3642],[148.3925,59.3708],[148.3686,59.3919],[148.3619,59.3961],[148.288,59.4108],[148.2508,59.4169],[148.2127,59.4189],[148.1869,59.4178],[147.9028,59.3908],[147.8766,59.3883],[147.8502,59.3844],[147.8366,59.3811],[147.823,59.3767],[147.8091,59.3708],[147.7825,59.3528],[147.7811,59.3461],[147.8064,59.3189],[147.8175,59.3117],[147.8264,59.3047],[147.8303,59.2981],[147.8339,59.2911],[147.8327,59.2847],[147.8214,59.2789],[147.7808,59.2681],[147.7544,59.2642],[147.7161,59.2633],[147.7033,59.2642],[147.6913,59.2686],[147.6825,59.2756],[147.6739,59.2825],[147.6724,59.2883],[147.6658,59.2936],[147.6536,59.2967],[147.6411,59.2986],[147.6158,59.3],[147.603,59.2994],[147.5897,59.2975],[147.5627,59.2897],[147.545,59.2775],[147.5439,59.2711],[147.5564,59.2572],[147.5577,59.2508],[147.5539,59.2444],[147.5408,59.2425],[147.5114,59.2409],[147.489,59.2398],[147.4316,59.2597],[147.4197,59.2642],[147.4072,59.278],[147.4033,59.2847],[147.3799,59.2961],[147.368,59.3008],[147.3033,59.3247],[147.2911,59.3267],[147.2655,59.328],[147.2397,59.3267],[147.1741,59.3167],[147.1617,59.3186],[147.1494,59.3219],[147.1255,59.3308],[147.0789,59.3553],[147.0052,59.373],[146.9925,59.3736],[146.9411,59.3733],[146.9016,59.3675],[146.8883,59.3642],[146.8747,59.3583],[146.8269,59.3631],[146.7516,59.3728],[146.7391,59.3747],[146.703,59.388],[146.6941,59.395],[146.6953,59.4014],[146.6938,59.408],[146.6705,59.4222],[146.6583,59.4267],[146.5508,59.4575],[146.5383,59.4605],[146.5117,59.4611],[146.4858,59.4594],[146.4589,59.4528],[146.3769,59.4211],[146.363,59.4153],[146.3294,59.3969],[146.3233,59.3908],[146.3188,59.3778],[146.3177,59.3714],[146.3172,59.3519],[146.3208,59.2931],[146.323,59.2836],[146.3074,59.286],[146.054,59.2511],[146.0235,59.196],[146.0098,59.152],[145.9905,59.1489],[145.965,59.15],[145.9528,59.1517],[145.9433,59.1572],[145.8158,59.2417],[145.8066,59.2486],[145.7958,59.2619],[145.7991,59.2683],[145.8266,59.3],[145.8619,59.3311],[145.8705,59.3372],[145.8813,59.3433],[145.8947,59.3467],[145.9077,59.3475],[145.9136,59.3525],[145.9225,59.3783],[145.9244,59.3914],[145.9144,59.4111],[145.9025,59.4155],[145.8766,59.4139],[145.8058,59.4022],[145.6656,59.4247],[145.5183,59.4142],[145.4661,59.4055],[145.3855,59.3967],[145.3594,59.3939],[145.3208,59.3911],[145.3089,59.3969],[145.3019,59.4036],[145.3003,59.41],[145.2908,59.4169],[145.2814,59.4225],[145.2561,59.4233],[145.243,59.4225],[145.2039,59.4172],[145.1647,59.4108],[145.1252,59.4003],[145.1116,59.3955],[145.0852,59.3886],[145.0591,59.3844],[144.9305,59.3755],[144.8844,59.3755],[144.8614,59.3764],[144.8236,59.3789],[144.8011,59.3833],[144.7991,59.39],[144.7869,59.3928],[144.7614,59.395],[144.6208,59.3928],[144.61,59.3892],[144.6194,59.3822],[144.6319,59.378],[144.6444,59.3764],[144.67,59.3755],[144.6953,59.3736],[144.6897,59.3711],[144.6769,59.3703],[144.5916,59.3719],[144.5533,59.373],[144.4644,59.3758],[144.4486,59.3778],[144.4472,59.3828],[144.435,59.3883],[144.41,59.3942],[144.385,59.3975],[144.3722,59.3978],[144.3339,59.3975],[144.3208,59.3953],[144.1552,59.4011],[144.0161,59.4136],[143.9547,59.4139],[143.9264,59.4133],[143.9008,59.4125],[143.8494,59.4086],[143.8236,59.4053],[143.7847,59.3997],[143.7197,59.3856],[143.6936,59.3797],[143.6675,59.3711],[143.6255,59.3592],[143.5764,59.3483],[143.5375,59.3417],[143.5247,59.3405],[143.4733,59.3378],[143.4352,59.3372],[143.4225,59.3375],[143.41,59.3403],[143.3855,59.3539],[143.373,59.3592],[143.3355,59.3692],[143.3102,59.3722],[143.2111,59.3767],[143.1383,59.3572],[143.0755,59.3339],[142.9822,59.3119],[142.7736,59.2725],[142.5938,59.2389],[142.5811,59.2367],[142.5422,59.2255],[142.3097,59.1403],[142.2969,59.1353],[142.2452,59.1125],[142.2194,59.0997],[142.1597,59.0692],[142.0447,59.0061],[141.9778,58.9678],[141.9696,58.962],[141.9238,58.9409],[141.5908,58.7275],[141.3946,58.5431],[141.3364,58.5178],[141.2761,58.4961],[141.2261,58.4794],[141.2136,58.4755],[141.1639,58.4705],[141.1392,58.4708],[141.1141,58.4683],[141.0891,58.4605],[141.0266,58.4347],[141.0142,58.4294],[140.9022,58.3753],[140.8175,58.3249],[140.5874,58.2393],[140.4998,58.1708],[140.1067,57.7313],[140.0761,57.7253],[140.0641,57.7214],[140.0519,57.7161],[140.0158,57.6992],[140.0036,57.6925],[139.9844,57.6794],[139.9483,57.6533],[139.9411,57.6467],[139.8908,57.5863],[139.2938,57.3362],[138.8668,57.1245],[138.3459,56.8042],[137.6019,56.2403],[137.2291,55.9827],[136.5532,55.6076],[136.538,55.6014],[136.4839,55.5903],[136.45,55.5842],[136.4389,55.5797],[136.4169,55.5686],[136.3625,55.538],[136.3539,55.5311],[136.3363,55.512],[136.1194,55.4206],[135.2695,55.0287],[134.9852,54.8539],[134.8937,54.7199],[134.902,54.5594],[135.0945,54.4328],[135.3126,54.4132],[135.7258,54.4073],[136.1964,54.475],[136.4916,54.4555],[136.3435,53.8878],[136.3507,53.7012],[136.4871,53.6548],[136.7702,53.6954],[137.0148,53.8465],[137.0211,53.8458],[137.0325,53.8436],[137.0552,53.8353],[137.0647,53.8289],[137.0703,53.8161],[137.0794,53.8111],[137.113,53.8042],[137.1347,53.81],[137.1455,53.8144],[137.1561,53.8211],[137.1725,53.8347],[137.1785,53.8413],[137.3829,53.8098],[137.3258,53.7431],[137.1217,53.5894],[137.0713,53.4895],[137.2392,53.4565],[137.9794,53.4646],[138.234,53.5716],[138.4095,53.8051],[138.4126,53.9292],[138.5539,53.9894],[138.5733,53.9519],[138.5908,53.8675],[138.5911,53.8611],[138.5897,53.848],[138.5877,53.8414],[138.5713,53.815],[138.5142,53.7686],[138.5056,53.7619],[138.4947,53.7589],[138.473,53.7508],[138.4516,53.7375],[138.3903,53.6919],[138.3736,53.6786],[138.2394,53.5625],[138.2397,53.5561],[138.2416,53.5236],[138.2572,53.5172],[138.4005,53.5044],[138.4225,53.5047],[138.4333,53.5075],[138.4441,53.5106],[138.4652,53.5211],[138.4866,53.5347],[138.5461,53.5747],[138.5522,53.5814],[138.5564,53.588],[138.5602,53.5947],[138.6222,53.6803],[138.6489,53.72],[138.6691,53.7528],[138.7052,53.8317],[138.7567,53.9653],[138.7703,54.0047],[138.7761,54.0244],[138.7778,54.0375],[138.7791,54.0569],[138.7738,54.0859],[139.0517,54.0865],[139.378,54.0804],[139.8059,53.9611],[140.1025,53.8017],[140.3213,53.5356],[140.7023,53.2769],[140.8937,53.1974],[141.1212,53.0516],[141.0958,52.9981],[140.9619,53.0575],[140.87,53.105],[140.8608,53.1125],[140.8458,53.1189],[140.8355,53.1211],[140.8005,53.1225],[140.75,53.1219],[140.7172,53.1203],[140.71,53.1183],[140.7055,53.1131],[140.7075,53.1083],[140.715,53.1053],[140.8003,53.0714],[140.9402,52.9944],[140.9411,52.9844],[140.9427,52.9797],[140.9552,52.9475],[140.9591,52.9383],[140.9683,52.9305],[140.9866,52.9221],[140.8282,52.8252],[141.032,52.7261],[141.0905,52.5869],[140.9395,52.2618],[141.1606,52.2092],[141.2571,52.1035],[141.1263,51.8716],[140.9699,51.6928],[140.7303,51.4413],[140.4045,50.8274],[140.3235,50.5178],[140.3488,50.4192],[140.457,50.104],[140.41,49.8752],[140.4075,49.8717],[140.4088,49.8692],[140.3722,49.6913],[140.3282,49.3579],[140.1466,48.7244],[140.081,48.5026],[139.2137,47.8106],[139.0467,47.6152],[138.9543,47.3376],[138.8961,47.3078],[138.8416,47.2558],[138.8025,47.2175],[138.685,47.1335],[138.6327,47.0927],[138.6291,47.0911],[138.6227,47.0892],[138.6114,47.0833],[138.6022,47.0739],[138.5834,47.0542],[138.3516,46.8732],[138.2429,46.7107],[137.9846,46.2693],[137.7205,45.9967],[137.2969,45.6463],[136.4941,44.966],[136.2851,44.753],[136.1792,44.5468],[136.0979,44.4636],[136.0494,44.4458],[135.9822,44.4267],[135.8964,44.4036],[135.8903,44.4014],[135.8847,44.3983],[135.838,44.3572],[135.8347,44.3514],[135.8341,44.3458],[135.8355,44.3353],[135.8386,44.3311],[135.8394,44.3258],[135.8389,44.3203],[135.8372,44.3142],[135.8336,44.3083],[135.8196,44.2888],[135.6928,44.224],[135.4148,44.0368],[135.1561,43.7212],[134.9624,43.515],[134.5899,43.2286],[134.4219,43.1517],[134.348,43.118],[134.3022,43.1103],[134.2705,43.1022],[134.1883,43.0797],[134.183,43.0767],[134.1302,43.03],[134.0469,42.9692],[133.312,42.7794],[133.0212,42.6905],[133.0019,42.7125],[132.9986,42.7169],[133.0008,42.7222],[133.0261,42.7392],[133.0319,42.7414],[133.0394,42.7708],[133.005,42.8153],[132.9994,42.8186],[132.9905,42.8205],[132.9827,42.8208],[132.9361,42.8219],[132.9161,42.8183],[132.893,42.8086],[132.8878,42.8055],[132.8844,42.7997],[132.8853,42.7944],[132.8941,42.7925],[132.8989,42.7889],[132.8975,42.7828],[132.8886,42.768],[132.8274,42.8619],[132.5944,42.9],[132.5248,42.8876],[132.5061,42.9008],[132.5075,42.9069],[132.5078,42.9128],[132.5033,42.9164],[132.4658,42.9336],[132.458,42.9336],[132.423,42.9294],[132.4052,42.9241],[132.3331,42.9637],[132.2974,43.0181],[132.3052,43.053],[132.3352,43.1336],[132.3508,43.1669],[132.3688,43.2133],[132.3555,43.2883],[132.3522,43.2928],[132.3422,43.2997],[132.3025,43.3172],[132.2892,43.2928],[132.2892,43.2869],[132.2805,43.278],[132.2361,43.2361],[132.2272,43.228],[132.2166,43.2217],[132.1875,43.2094],[132.1566,43.2003],[132.1319,43.1922],[132.1024,43.1797],[132.0922,43.1731],[132.0789,43.1608],[132.0661,43.1478],[132.0653,43.1468],[131.8874,43.0738],[131.8477,43.0808],[131.8416,43.0828],[131.8416,43.0886],[131.9064,43.1919],[131.9102,43.1969],[131.9289,43.2125],[131.9339,43.2158],[131.963,43.2278],[131.9889,43.2342],[131.9947,43.2364],[132.045,43.2805],[132.0564,43.3078],[132.0564,43.3133],[132.0519,43.3172],[132.0453,43.32],[132.0275,43.3228],[131.8105,43.3256],[131.7797,43.3061],[131.7753,43.3019],[131.7636,43.2872],[131.7597,43.2686],[131.7587,43.261],[131.5842,43.2127],[131.3568,42.9939],[131.0646,42.7492],[130.9223,42.6419],[130.8844,42.6542],[130.8052,42.688],[130.723,42.6892],[130.7108,42.685],[130.7,42.6792],[130.678,42.6586],[130.6744,42.6536],[130.6733,42.6475],[130.6741,42.6422],[130.6789,42.6383],[130.7475,42.5867],[130.7903,42.5653],[130.8151,42.561],[130.5007,42.3238],[130.5003,42.3239],[130.4763,42.325],[130.4694,42.3242],[130.4208,42.3119],[130.2083,42.1678],[130.0877,42.0697],[129.9864,41.982],[129.9819,41.9779],[129.9776,41.9654],[129.8247,41.8614],[129.6413,41.6558],[129.5907,41.4699],[129.6311,41.2778],[129.5614,41.0727],[129.5025,40.7975],[129.2291,40.6903],[129.2139,40.6811],[129.2102,40.6758],[129.2075,40.67],[129.1908,40.6326],[129.177,40.6302],[129.0148,40.5275],[128.791,40.3543],[128.7467,40.3172],[128.6367,40.2728],[128.6088,40.2017],[128.5497,40.1522],[128.3325,40.0536],[128.1841,40.0236],[128.1411,40.0228],[128.1119,40.0272],[128.0552,40.0339],[128.0014,40.0372],[127.9336,39.9717],[127.9159,39.9509],[127.6715,39.8664],[127.6001,39.8051],[127.5964,39.803],[127.5605,39.7822],[127.5214,39.7442],[127.5139,39.735],[127.5069,39.7247],[127.5039,39.7194],[127.5017,39.7128],[127.5004,39.6987],[127.4408,39.6237],[127.2769,39.2217],[127.4046,39.0753],[127.956,38.6941],[128.1441,38.5346],[128.4511,38.2554],[128.5397,38.1342],[128.9809,37.5304],[129.1293,37.3079],[129.25,37.0089],[129.2508,36.6715],[129.2353,36.2451],[129.1775,35.9587],[129.2417,35.9079],[129.4668,35.9275],[129.4122,35.7429],[129.2853,35.5073],[129.06,35.1698],[128.9782,35.0892],[128.9739,35.1348],[128.9294,35.0942],[128.925,35.0908],[128.9191,35.0892],[128.8105,35.0842],[128.735,35.0928],[128.7105,35.1011],[128.62,35.1486],[128.6114,35.1733],[128.5728,35.17],[128.3861,35.0422],[128.378,35.0361],[128.3711,35.0094],[128.3725,35.0047],[128.3794,35.0047],[128.3797,35.0048],[128.3203,34.9481],[128.2278,34.9342],[128.2161,34.9305],[128.2111,34.928],[128.2077,34.9228],[128.2089,34.9119],[128.208,34.8997],[128.2066,34.8944],[128.2039,34.8883],[128.1764,34.8894],[128.1541,34.8944],[128.0728,34.9217],[128.0667,34.9244],[128.0561,34.9308],[128.0503,34.9375],[128.048,34.9422],[128.0469,34.9475],[128.0205,34.9864],[127.9094,34.9553],[127.8939,34.9475],[127.883,34.943],[127.8639,34.9403],[127.8308,34.9467],[127.7674,34.9603],[127.6613,34.9055],[127.6384,34.9013],[127.6353,34.9017],[127.628,34.9036],[127.6186,34.9105],[127.6092,34.9231],[127.6056,34.9386],[127.6005,34.9419],[127.5933,34.9417],[127.5889,34.9383],[127.5692,34.9178],[127.5686,34.9119],[127.5764,34.8869],[127.5769,34.8863],[127.3591,34.8042],[127.2263,34.7108],[127.2167,34.7075],[127.1125,34.6603],[127.0917,34.6505],[127.0369,34.62],[127.0097,34.6022],[126.9921,34.5464],[126.8342,34.4354],[126.8169,34.4425],[126.8117,34.4455],[126.8008,34.4631],[126.8,34.4919],[126.805,34.5297],[126.8042,34.5583],[126.8028,34.5694],[126.7991,34.5794],[126.795,34.5831],[126.7897,34.5861],[126.7833,34.5872],[126.7775,34.5855],[126.7725,34.5828],[126.7655,34.5733],[126.7561,34.5578],[126.6839,34.4344],[126.6713,34.4142],[126.6168,34.4091],[126.5012,34.331],[126.4783,34.3453],[126.4619,34.4733],[126.4619,34.4792],[126.4633,34.4847],[126.3914,34.5439],[126.3809,34.5469],[126.3601,34.6688],[126.3543,34.6942],[126.4175,34.5958],[126.4517,34.578],[126.4325,34.6194],[126.4514,34.6483],[126.4619,34.6422],[126.4728,34.6372],[126.5217,34.6164],[126.5289,34.6142],[126.5367,34.6136],[126.6061,34.6167],[126.6125,34.6178],[126.6183,34.6194],[126.6202,34.6242],[126.5031,34.7153],[126.4925,34.7217],[126.4769,34.725],[126.4941,34.7505],[126.608,34.7794],[126.6291,34.7805],[126.635,34.7822],[126.6608,34.8075],[126.6597,34.8128],[126.5908,34.8775],[126.54,34.873],[126.5336,34.8169],[126.5311,34.8039],[126.5186,34.7833],[126.515,34.7789],[126.5105,34.7756],[126.4992,34.7761],[126.3814,34.7836],[126.3758,34.7856],[126.3714,34.7892],[126.3691,34.7939],[126.3711,34.8005],[126.3786,34.8092],[126.4133,34.8944],[126.4336,34.9636],[126.3769,34.9467],[126.3761,34.9405],[126.3694,34.9308],[126.3439,34.9175],[126.338,34.9194],[126.3328,34.9225],[126.3225,34.9286],[126.318,34.9322],[126.3042,34.9619],[126.2483,35.1103],[126.2492,35.1167],[126.2511,35.1233],[126.2542,35.1286],[126.2636,35.1347],[126.2694,35.1367],[126.345,35.1517],[126.3494,35.148],[126.353,35.1325],[126.3542,35.1272],[126.3533,35.1208],[126.3497,35.1167],[126.3433,35.1064],[126.3408,35.1003],[126.343,35.0955],[126.3597,35.0692],[126.4164,35.0203],[126.4211,35.0181],[126.4314,35.0233],[126.4572,35.0689],[126.4589,35.0905],[126.4556,35.0947],[126.4439,35.1005],[126.4314,35.1056],[126.4208,35.1117],[126.4114,35.1192],[126.3875,35.1478],[126.3605,35.1803],[126.3636,35.2278],[126.3783,35.3122],[126.3875,35.3369],[126.4219,35.4067],[126.425,35.4117],[126.4289,35.4161],[126.4414,35.4302],[126.4469,35.4478],[126.4569,35.4625],[126.4842,35.5011],[126.4917,35.5097],[126.4969,35.5125],[126.523,35.525],[126.5289,35.5269],[126.6194,35.5469],[126.6786,35.5322],[126.6839,35.5289],[126.6878,35.5333],[126.6875,35.5392],[126.675,35.5736],[126.6691,35.588],[126.665,35.5917],[126.6586,35.5942],[126.6511,35.595],[126.6439,35.5947],[126.5469,35.59],[126.5358,35.5855],[126.525,35.5789],[126.5249,35.6688],[126.6322,35.7369],[126.6425,35.7422],[126.6958,35.7664],[126.7066,35.7708],[126.7383,35.7764],[126.7519,35.7783],[126.8011,35.8617],[126.7883,35.8947],[126.7825,35.8931],[126.733,35.8825],[126.7258,35.8825],[126.62,35.8886],[126.6153,35.8908],[126.6142,35.8961],[126.6142,35.905],[126.6264,35.9281],[126.6217,35.9436],[126.6283,35.9619],[126.6317,35.9672],[126.6425,35.9717],[126.7053,35.9847],[126.7619,35.9953],[126.8536,36.0353],[126.8688,36.0431],[126.873,36.0547],[126.871,36.0578],[126.8692,36.0606],[126.8591,36.0555],[126.7395,36.0058],[126.7073,36.0008],[126.6889,36.0],[126.6853,36.0],[126.6736,36.0047],[126.5444,36.1364],[126.5366,36.2192],[126.4958,36.3942],[126.4806,36.4811],[126.4644,36.5747],[126.4658,36.58],[126.4742,36.588],[126.5003,36.5919],[126.5069,36.5908],[126.5125,36.5875],[126.5189,36.585],[126.5247,36.5869],[126.5272,36.5928],[126.5269,36.5986],[126.5161,36.6597],[126.4972,36.7239],[126.4753,36.7419],[126.4694,36.7436],[126.3547,36.7403],[126.3475,36.74],[126.343,36.7367],[126.3075,36.6972],[126.3036,36.6928],[126.3047,36.6875],[126.3094,36.6783],[126.3228,36.6617],[126.3347,36.6503],[126.3369,36.6455],[126.3341,36.6395],[126.293,36.6575],[126.275,36.7128],[126.2728,36.7175],[126.2561,36.7111],[126.2514,36.7075],[126.2483,36.7025],[126.2439,36.6897],[126.24,36.6853],[126.2355,36.6827],[126.2315,36.6845],[126.1379,36.6975],[126.128,36.7053],[126.1236,36.7092],[126.1289,36.7517],[126.1643,36.8097],[126.1917,36.8199],[126.1862,36.8642],[126.2548,36.9073],[126.3118,36.9288],[126.3217,36.8844],[126.3208,36.878],[126.3144,36.8678],[126.2972,36.8436],[126.2805,36.8153],[126.2792,36.8097],[126.2803,36.8044],[126.2839,36.7947],[126.2894,36.7858],[126.2944,36.7872],[126.3247,36.8039],[126.4011,36.8519],[126.4151,36.8967],[126.4151,36.912],[126.4138,36.9149],[126.4136,36.9333],[126.4072,36.9358],[126.3897,36.9305],[126.383,36.9294],[126.3574,36.9459],[126.3909,36.9585],[126.4771,36.9233],[126.4766,36.9222],[126.4685,36.9064],[126.462,36.8982],[126.4622,36.8947],[126.4633,36.8639],[126.4683,36.843],[126.4725,36.8394],[126.4789,36.8392],[126.4833,36.8425],[126.4905,36.8522],[126.4955,36.8642],[126.4975,36.8708],[126.507,36.9111],[126.6854,36.8382],[126.7974,36.9445],[126.8233,36.9139],[126.8255,36.9092],[126.8306,36.8942],[126.8342,36.8783],[126.8342,36.8728],[126.8317,36.8597],[126.8289,36.8536],[126.8272,36.8411],[126.8286,36.7658],[126.8308,36.7611],[126.8342,36.7569],[126.8386,36.7533],[126.8464,36.7525],[126.9061,36.8169],[126.9922,36.9108],[127.0002,36.9297],[126.9217,36.9169],[126.9144,36.9169],[126.908,36.9194],[126.8702,36.9469],[126.8658,36.9505],[126.7927,37.0131],[126.7863,37.0739],[126.7667,37.0968],[126.773,37.1186],[126.7764,37.1236],[126.7822,37.1255],[126.8194,37.1339],[126.853,37.138],[126.8594,37.1389],[126.8653,37.1408],[126.8686,37.1458],[126.8697,37.1722],[126.8691,37.1764],[126.77,37.1742],[126.7639,37.1722],[126.7594,37.1689],[126.7386,37.1489],[126.7301,37.1395],[126.6595,37.2218],[126.6589,37.2486],[126.6619,37.2539],[126.6681,37.2556],[126.6994,37.2622],[126.7528,37.245],[126.7661,37.2319],[126.8561,37.2608],[126.8619,37.2628],[126.8658,37.2669],[126.8636,37.2717],[126.8475,37.3044],[126.8433,37.3083],[126.8361,37.308],[126.815,37.2975],[126.8091,37.2955],[126.8019,37.2955],[126.7705,37.3047],[126.7222,37.328],[126.7419,37.3868],[126.7328,37.385],[126.7255,37.3847],[126.7169,37.3861],[126.6728,37.4019],[126.6661,37.4044],[126.6608,37.4075],[126.6564,37.4111],[126.6255,37.4714],[126.6219,37.4814],[126.6258,37.4858],[126.6319,37.4875],[126.6641,37.4839],[126.6708,37.485],[126.6744,37.488],[126.6628,37.5406],[126.6589,37.555],[126.6521,37.5667],[126.6291,37.5914],[126.5725,37.62],[126.5533,37.6383],[126.55,37.6425],[126.5475,37.6472],[126.5464,37.6522],[126.5322,37.7155],[126.5319,37.7211],[126.5328,37.7625],[126.5467,37.7636],[126.6414,37.7606],[126.6805,37.6844],[126.6885,37.8339],[126.6247,37.7886],[126.5875,37.7708],[126.5806,37.7719],[126.5739,37.7744],[126.4792,37.8203],[126.4267,37.8522],[126.4181,37.8594],[126.4147,37.8636],[126.3998,37.886],[126.3922,37.8872],[126.385,37.8872],[126.3533,37.8805],[126.2142,37.8472],[126.2022,37.8436],[126.1436,37.8236],[126.1422,37.8183],[126.1447,37.8078],[126.1589,37.7797],[126.1614,37.7636],[126.1608,37.7517],[126.1572,37.738],[126.1533,37.7336],[126.1467,37.7328],[126.1405,37.733],[126.108,37.74],[126.1016,37.7425],[126.0664,37.7947],[126.0428,37.8636],[125.9755,37.9055],[125.9678,37.9064],[125.9611,37.9053],[125.9453,37.8972],[125.9414,37.8928],[125.9416,37.8872],[125.945,37.883],[125.9691,37.8719],[125.9736,37.8683],[125.9769,37.8642],[125.9858,37.8333],[125.9861,37.8278],[125.9828,37.8225],[125.9255,37.8342],[125.9181,37.8364],[125.9114,37.8389],[125.8244,37.9411],[125.8069,37.9825],[125.8033,37.9867],[125.7978,37.9897],[125.7522,38.0017],[125.7447,38.0036],[125.6725,38.0169],[125.6053,38.0261],[125.5892,38.0272],[125.5736,38.0192],[125.5722,38.0136],[125.5736,38.0086],[125.5903,37.9936],[125.5947,37.99],[125.6047,37.9833],[125.6214,37.9742],[125.6419,37.9672],[125.6505,37.9658],[125.7244,37.9108],[125.6431,37.8189],[125.6356,37.8147],[125.5617,37.8355],[125.5176,37.7826],[125.383,37.7105],[125.3783,37.7069],[125.3428,37.6714],[125.3372,37.6803],[125.3322,37.7131],[125.3347,37.7192],[125.3805,37.7898],[125.3872,37.795],[125.435,37.8164],[125.4528,37.8219],[125.4875,37.8375],[125.515,37.8764],[125.5158,37.8828],[125.5122,37.8869],[125.4958,37.8961],[125.4561,37.9125],[125.4264,37.9067],[125.3875,37.8961],[125.3547,37.8639],[125.3508,37.8594],[125.3086,37.8864],[125.2525,37.9303],[125.2436,37.9317],[125.2339,37.9256],[125.23,37.9211],[125.2244,37.8958],[125.218,37.8853],[125.2092,37.8783],[125.1941,37.8694],[125.1769,37.8628],[125.1705,37.8619],[125.1625,37.8625],[125.1325,37.868],[125.0947,37.8755],[125.0786,37.8789],[125.03,37.8925],[125.0158,37.8969],[125.0103,37.9],[124.9806,37.9244],[124.9803,37.9303],[124.9819,37.9372],[124.9875,37.9483],[124.9914,37.9528],[125.1144,38.0417],[125.1205,38.0433],[125.1853,38.0464],[125.2005,38.0461],[125.2116,38.04],[125.215,38.0358],[125.2175,38.0314],[125.22,38.0208],[125.2236,38.0167],[125.23,38.0142],[125.2389,38.0128],[125.2461,38.0131],[125.2514,38.0158],[125.2739,38.0605],[125.275,38.0647],[125.2725,38.0692],[125.2681,38.0728],[125.2625,38.0758],[125.2561,38.0783],[125.2408,38.0822],[125.133,38.0911],[125.1066,38.0869],[125.0831,38.0794],[125.0667,38.0719],[125.0547,38.0683],[125.0292,38.063],[125.0144,38.0628],[124.8708,38.1047],[124.8592,38.1011],[124.7889,38.0953],[124.7669,38.0967],[124.7057,38.1073],[124.6937,38.1395],[124.6945,38.1424],[124.7216,38.1392],[124.7364,38.1397],[124.7519,38.148],[124.8214,38.1889],[124.8625,38.2292],[124.8683,38.2522],[124.8675,38.2694],[124.8655,38.3325],[124.9583,38.4633],[124.9613,38.4746],[125.2686,38.5676],[125.2861,38.652],[125.3005,38.6528],[125.3175,38.6505],[125.3461,38.6703],[125.3744,38.6905],[125.3797,38.693],[125.4472,38.7005],[125.55,38.6767],[125.5558,38.6736],[125.5603,38.67],[125.5764,38.6489],[125.5897,38.6383],[125.5953,38.6353],[125.6216,38.6253],[125.6294,38.623],[125.6461,38.6211],[125.6522,38.623],[125.6526,38.6245],[125.6533,38.6272],[125.6508,38.6317],[125.6347,38.6528],[125.6314,38.6569],[125.6305,38.6578],[125.6298,38.6569],[125.5172,38.7178],[125.4792,38.7217],[125.4322,38.7222],[125.3678,38.7072],[125.2883,38.6958],[125.2847,38.6958],[125.2717,38.7008],[125.2447,38.7164],[125.1439,38.7867],[125.14,38.7964],[125.1389,38.8017],[125.1394,38.8078],[125.1469,38.8636],[125.1519,38.8755],[125.1997,38.9219],[125.2358,38.9992],[125.2592,39.0522],[125.2841,39.1155],[125.2903,39.1553],[125.3397,39.2033],[125.3594,39.2158],[125.3883,39.2375],[125.4117,39.2797],[125.4219,39.308],[125.4017,39.3589],[125.3628,39.3919],[125.3572,39.395],[125.338,39.43],[125.3378,39.4358],[125.3386,39.4422],[125.3436,39.4542],[125.35,39.4644],[125.3994,39.5211],[125.4072,39.5297],[125.4504,39.5724],[125.4483,39.5764],[125.4416,39.5789],[125.4297,39.5753],[125.3728,39.5522],[125.3114,39.5258],[125.2941,39.5194],[125.2867,39.5192],[125.123,39.5572],[125.1175,39.5603],[125.0375,39.6056],[124.9455,39.6625],[124.8461,39.7214],[124.7522,39.775],[124.7444,39.7769],[124.7383,39.775],[124.7353,39.7697],[124.7355,39.7642],[124.7464,39.7142],[124.7547,39.6817],[124.7569,39.6772],[124.7564,39.6708],[124.7469,39.6356],[124.7439,39.6303],[124.7392,39.6267],[124.7333,39.6247],[124.6441,39.5967],[124.638,39.595],[124.6322,39.5944],[124.6242,39.595],[124.6161,39.6131],[124.6294,39.6472],[124.6328,39.6525],[124.6491,39.6692],[124.6517,39.6822],[124.6503,39.6872],[124.5617,39.8],[124.5364,39.8097],[124.4989,39.8211],[124.4466,39.8297],[124.4325,39.8283],[124.4064,39.8317],[124.3636,39.865],[124.3228,39.9114],[124.3236,39.9178],[124.3267,39.9231],[124.3844,40.0142],[124.3928,40.0219],[124.3928,40.0397],[124.3736,40.0936],[124.373,40.095],[124.3711,40.0964],[124.3664,40.0947],[124.3614,40.0917],[124.3589,40.0855],[124.3553,40.0719],[124.3556,40.0661],[124.3578,40.055],[124.3592,40.05],[124.3655,40.0356],[124.3667,40.0305],[124.3669,40.025],[124.3661,40.0189],[124.3644,40.0119],[124.3619,40.0064],[124.3586,40.0011],[124.3444,39.9819],[124.2917,39.9278],[124.14,39.8346],[124.1339,39.8431],[124.1108,39.8754],[124.1041,39.8848],[123.9291,39.813],[123.7794,39.8211],[123.7714,39.8217],[123.7397,39.8239],[123.705,39.8294],[123.6911,39.8339],[123.5523,39.7692],[123.3949,39.7524],[123.378,39.7775],[123.2458,39.8144],[123.2386,39.8142],[123.21,39.7489],[123.2408,39.7247],[123.2522,39.7224],[123.0391,39.6722],[122.824,39.5837],[122.8144,39.5819],[122.8077,39.577],[122.4045,39.411],[122.3986,39.4117],[122.3809,39.4013],[122.0275,39.2558],[121.7432,39.0894],[121.4884,38.8786],[121.3478,38.8157],[121.3447,38.8155],[121.3275,38.8094],[121.2628,38.7842],[121.2414,38.7739],[121.2383,38.7692],[121.2346,38.7651],[121.2165,38.757],[121.1259,38.753],[121.1216,38.7628],[121.1047,38.8277],[121.1237,38.8651],[121.2116,38.9346],[121.2189,38.9333],[121.2261,38.9336],[121.4397,39.0125],[121.5403,39.0472],[121.5955,39.0633],[121.6083,39.0661],[121.6155,39.0664],[121.6428,39.0705],[121.6603,39.0767],[121.6755,39.0858],[121.6833,39.0944],[121.6897,39.1044],[121.6905,39.1169],[121.6894,39.1219],[121.6819,39.13],[121.6439,39.1578],[121.6064,39.1728],[121.5947,39.1847],[121.5917,39.1889],[121.5994,39.2186],[121.7511,39.3517],[121.6625,39.3575],[121.64,39.3572],[121.5464,39.3588],[121.5069,39.3682],[121.5031,39.3697],[121.485,39.39],[121.4828,39.395],[121.4753,39.4267],[121.47,39.4486],[121.4647,39.4636],[121.4603,39.4728],[121.4317,39.5117],[121.3791,39.52],[121.3578,39.5222],[121.3494,39.5219],[121.3392,39.5178],[121.3258,39.5064],[121.3217,39.5017],[121.3105,39.4967],[121.3033,39.4964],[121.235,39.5128],[121.228,39.5153],[121.2259,39.5175],[121.2351,39.5422],[121.2991,39.5817],[121.4619,39.6267],[121.5147,39.6192],[121.5236,39.618],[121.5311,39.6192],[121.5358,39.6217],[121.5397,39.6269],[121.5483,39.6753],[121.5461,39.6808],[121.5428,39.6847],[121.5367,39.6878],[121.5286,39.6894],[121.5214,39.6892],[121.5039,39.6844],[121.4609,39.7354],[121.6681,39.9054],[121.6779,39.9194],[121.6927,39.9256],[121.7011,39.9258],[121.7083,39.925],[121.7255,39.9155],[121.7397,39.9114],[121.7561,39.9105],[121.7625,39.9117],[121.7708,39.9147],[121.7814,39.9205],[121.8758,39.9936],[121.8839,40.0014],[121.8842,40.0064],[121.88,40.0108],[121.9941,40.1267],[122.0031,40.1339],[122.1058,40.2439],[122.1955,40.3544],[122.2878,40.4719],[122.2972,40.4936],[122.2994,40.5],[122.2997,40.5117],[122.2983,40.5172],[122.2825,40.5336],[122.1314,40.68],[122.0664,40.7314],[122.0517,40.7392],[122.0453,40.7422],[121.9394,40.7783],[121.7514,40.8408],[121.7289,40.8378],[121.6736,40.8342],[121.6147,40.8336],[121.5653,40.8367],[121.5583,40.8392],[121.5577,40.8403],[121.5544,40.8492],[121.5511,40.8542],[121.5414,40.8672],[121.538,40.8714],[121.5239,40.888],[121.3791,40.9292],[121.3647,40.9319],[121.3556,40.9322],[121.1977,40.9244],[121.1775,40.9219],[121.1089,40.8714],[121.0973,40.8578],[121.0853,40.8572],[121.0106,40.8507],[120.7884,40.6838],[120.2727,40.1518],[120.2263,40.1313],[120.1525,40.1078],[120.0381,40.071],[119.8238,40.0422],[119.5478,39.933],[119.3855,39.8434],[119.2107,39.639],[119.1494,39.454],[119.0906,39.3391],[118.9776,39.2241],[118.7813,39.1664],[118.6767,39.1692],[118.6619,39.1767],[118.6133,39.1892],[118.605,39.1894],[118.5654,39.1721],[118.5593,39.1723],[118.552,39.1663],[118.5491,39.165],[118.5391,39.1592],[118.5297,39.1517],[118.5222,39.1428],[118.5197,39.1395],[118.4757,39.1031],[118.3978,39.0655],[118.3694,39.0536],[118.3458,39.0444],[118.3286,39.0394],[118.3214,39.0389],[118.3133,39.0406],[118.248,39.065],[118.2428,39.0681],[118.2403,39.0731],[118.2355,39.0892],[118.235,39.0947],[118.2364,39.1078],[118.2347,39.1128],[118.2167,39.1328],[118.1822,39.1683],[118.1736,39.1756],[118.165,39.1825],[118.1491,39.1919],[118.1431,39.195],[118.1236,39.2017],[118.1083,39.2064],[118.0699,39.2542],[117.9101,39.2602],[117.7529,39.2025],[117.5751,38.9153],[117.5101,38.7656],[117.4395,38.6028],[117.479,38.4499],[117.5895,38.2845],[117.8407,38.1639],[118.2003,38.0436],[118.7446,38.0638],[118.8752,37.9494],[118.8673,37.7074],[118.8116,37.4461],[118.837,37.2042],[118.9546,37.0771],[119.2844,37.046],[119.5989,37.1166],[119.6235,37.1337],[119.6428,37.1322],[119.7122,37.138],[119.7414,37.1425],[119.7475,37.1436],[119.7672,37.1514],[119.8566,37.2136],[119.8661,37.2203],[119.8819,37.2356],[119.8903,37.2444],[119.8936,37.2569],[119.8944,37.2694],[119.8905,37.2794],[119.8836,37.2936],[119.8741,37.3069],[119.9407,37.3529],[120.009,37.4196],[120.0339,37.4253],[120.04,37.4264],[120.0589,37.4319],[120.1417,37.4761],[120.1894,37.5083],[120.1986,37.515],[120.3017,37.5953],[120.3053,37.5992],[120.3122,37.6086],[120.3208,37.6333],[120.323,37.6395],[120.4181,37.6787],[120.6581,37.7365],[120.7874,37.7049],[121.1898,37.4255],[121.4343,37.3368],[121.8948,37.376],[122.0576,37.3636],[122.2695,37.3003],[122.3929,37.3006],[122.2813,36.982],[122.2655,36.8297],[122.2003,36.84],[122.1925,36.8419],[122.1883,36.845],[122.1753,36.8736],[122.1647,36.9442],[122.045,36.985],[121.9642,37.0005],[121.9491,37],[121.9211,36.9892],[121.9181,36.985],[121.9175,36.978],[121.9197,36.9619],[121.9308,36.9494],[121.9408,36.9433],[121.9497,36.9364],[121.9453,36.9325],[121.935,36.9267],[121.765,36.8512],[121.6099,36.8342],[121.6092,36.834],[121.6097,36.84],[121.6066,36.8444],[121.598,36.8455],[121.5908,36.8453],[121.5761,36.843],[121.5511,36.8375],[121.4894,36.8211],[121.4499,36.7884],[121.4531,36.7828],[121.4532,36.7824],[120.9397,36.6123],[120.9336,36.6178],[120.9278,36.6208],[120.8758,36.6392],[120.8556,36.6458],[120.8486,36.648],[120.8408,36.6486],[120.8267,36.6469],[120.8205,36.6453],[120.7833,36.6219],[120.7694,36.6114],[120.7525,36.5944],[120.7366,36.5672],[120.7344,36.5611],[120.7364,36.55],[120.7455,36.5433],[120.7564,36.5372],[120.7728,36.5356],[120.7775,36.5359],[120.5373,36.3865],[120.5072,36.0797],[120.4272,36.0577],[120.4086,36.0527],[120.3516,36.0405],[120.3355,36.0433],[120.2941,36.0579],[120.2883,36.0614],[120.2911,36.0655],[120.3161,36.0917],[120.3539,36.1664],[120.3556,36.1795],[120.3561,36.1859],[120.3556,36.1914],[120.3542,36.1964],[120.3472,36.2106],[120.3098,36.2612],[120.3059,36.2657],[120.3017,36.2684],[120.2878,36.2671],[120.2804,36.259],[120.2782,36.2529],[120.2724,36.2027],[120.1619,36.2089],[120.1153,36.2072],[120.0889,36.2],[120.0873,36.183],[119.9138,36.1434],[119.9756,35.9336],[119.9073,35.7681],[119.7619,35.6196],[119.7286,35.6186],[119.7228,35.6172],[119.6522,35.5864],[119.6484,35.5818],[119.6447,35.5769],[119.64,35.5667],[119.6378,35.5605],[119.6342,35.5397],[119.6222,35.5114],[119.6194,35.5058],[119.6038,35.4769],[119.0602,35.0413],[119.0032,34.9395],[119.0209,34.6919],[119.2999,34.5909],[119.6205,34.3694],[119.9736,34.1352],[120.1494,33.8943],[120.3403,33.3361],[120.6406,33.0446],[120.7194,32.848],[120.6609,32.5431],[120.7383,32.4607],[121.0508,32.328],[121.2305,32.0618],[121.4837,31.948],[121.606,31.8276],[121.6368,31.7173],[121.633,31.7194],[121.6122,31.7372],[121.5767,31.7581],[121.49,31.8086],[121.4742,31.8172],[121.438,31.8317],[121.4247,31.8358],[121.2997,31.8692],[121.2833,31.8714],[121.0767,31.8608],[121.0697,31.8603],[121.0577,31.8578],[120.9444,31.8664],[120.8985,31.9287],[120.8836,31.9483],[120.8556,31.9797],[120.84,31.9947],[120.8322,32.0019],[120.815,32.0158],[120.8105,32.0192],[120.7894,32.0305],[120.7397,32.055],[120.7343,32.0569],[120.7078,32.0658],[120.6414,32.0861],[120.6019,32.0936],[120.5194,32.1025],[120.5119,32.1028],[120.5053,32.1022],[120.493,32.0997],[120.472,32.0924],[120.4411,32.0761],[120.3544,32.0172],[120.3369,32.0039],[120.3289,31.9964],[120.3217,31.9883],[120.3117,31.9747],[120.3036,31.9675],[120.2767,31.9483],[120.2714,31.9461],[120.2661,31.9442],[120.2425,31.938],[120.2364,31.9367],[120.2242,31.9342],[120.2108,31.9331],[120.1883,31.9339],[120.1061,31.9439],[120.0919,31.9472],[120.0561,31.9619],[120.0233,31.9781],[120.0189,31.9814],[120.0069,31.9922],[119.9642,32.0458],[119.9181,32.1097],[119.9055,32.1325],[119.9033,32.1433],[119.9036,32.1497],[119.9061,32.1636],[119.9003,32.1953],[119.8711,32.2606],[119.8636,32.2742],[119.86,32.2783],[119.8522,32.2856],[119.8267,32.3064],[119.7964,32.3181],[119.7711,32.3269],[119.7555,32.3283],[119.7494,32.3269],[119.7156,32.3155],[119.6808,32.303],[119.6336,32.2647],[119.6297,32.2608],[119.6075,32.1947],[119.61,32.19],[119.6144,32.1867],[119.6216,32.185],[119.6289,32.1847],[119.635,32.1861],[119.6458,32.1905],[119.6558,32.1955],[119.66,32.1992],[119.6746,32.2258],[119.6941,32.2363],[119.7283,32.2105],[119.7872,32.188],[119.7645,32.1561],[119.768,32.1198],[119.8066,32.1056],[119.8726,32.0668],[119.8702,32.0056],[119.8736,32.0017],[119.8805,31.9939],[119.885,31.9903],[119.9011,31.9819],[119.9958,31.9455],[120.1022,31.9133],[120.1291,31.9056],[120.1436,31.9022],[120.1819,31.8994],[120.2225,31.9025],[120.2286,31.9039],[120.2728,31.9178],[120.3778,31.9547],[120.4333,32.0122],[120.4319,32.0175],[120.4358,32.0211],[120.4992,32.0211],[120.6897,31.9925],[120.6969,31.9908],[120.7094,31.9864],[120.7144,31.9836],[120.7286,31.9739],[120.7364,31.9664],[120.7894,31.8772],[120.79,31.8714],[120.7761,31.8203],[120.7728,31.8158],[120.7667,31.8144],[120.7603,31.8167],[120.7383,31.8325],[120.7266,31.8497],[120.7233,31.8536],[120.7189,31.8564],[120.7156,31.8519],[120.7158,31.8278],[120.7164,31.8219],[120.7189,31.8175],[120.7275,31.8106],[120.7489,31.7992],[120.8478,31.7567],[120.8603,31.7522],[120.8755,31.7494],[120.883,31.7492],[120.9241,31.7511],[120.9369,31.7528],[120.9491,31.7556],[120.9558,31.7558],[120.9639,31.7547],[120.9783,31.7514],[121.0814,31.7086],[121.0866,31.7058],[121.2211,31.6242],[121.2297,31.6172],[121.2619,31.5822],[121.2686,31.5742],[121.3252,31.4922],[121.339,31.4854],[121.2683,31.4523],[121.3079,31.4207],[121.4989,31.2814],[121.6402,30.9261],[121.6358,30.8552],[121.628,30.8542],[121.5594,30.8436],[121.4691,30.8164],[121.4439,30.8044],[121.4297,30.7958],[121.395,30.7697],[121.3911,30.7661],[121.3544,30.7169],[121.3425,30.7058],[121.3264,30.6997],[121.2754,30.6881],[121.2619,30.685],[121.2505,30.6817],[121.228,30.675],[121.2119,30.6686],[121.0758,30.6079],[121.0355,30.5947],[121.0003,30.5742],[120.9958,30.5722],[120.9926,30.5698],[120.6838,30.3899],[120.6566,30.3964],[120.6494,30.3981],[120.6342,30.3994],[120.4664,30.3942],[120.4539,30.3925],[120.4477,30.3911],[120.3983,30.3744],[120.3878,30.3703],[120.383,30.3675],[120.1937,30.2345],[119.9437,30.1162],[120.2676,30.0216],[120.4379,29.9966],[120.6512,30.0927],[120.675,30.0825],[120.7861,30.0608],[120.7933,30.0606],[120.7941,30.0661],[120.7928,30.0711],[120.7761,30.0911],[120.8389,30.1297],[120.9656,30.2001],[121.0825,30.2138],[121.1552,30.1886],[121.3913,29.9224],[121.5652,29.8466],[121.7703,29.8343],[121.7744,29.7645],[121.6704,29.6245],[121.5119,29.5305],[121.5053,29.5386],[121.5047,29.5442],[121.5025,29.5489],[121.4961,29.5497],[121.4772,29.5392],[121.4686,29.5325],[121.4483,29.5117],[121.4311,29.4692],[121.3619,29.4144],[121.4115,29.3446],[121.5582,29.3576],[121.6492,29.3197],[121.6041,29.2398],[121.5964,29.2478],[121.5611,29.2911],[121.505,29.2056],[121.4608,29.1864],[121.4158,29.1669],[121.4119,29.1633],[121.4105,29.1564],[121.425,29.1256],[121.4391,29.1078],[121.4683,29.0958],[121.4905,29.1025],[121.5017,29.1058],[121.5311,29.1119],[121.5429,29.1135],[121.4325,28.8367],[121.3942,28.7076],[121.3808,28.7093],[121.3668,28.7113],[121.3584,28.7134],[121.3508,28.7158],[121.3476,28.7174],[121.3443,28.7226],[121.303,28.7369],[121.3003,28.7472],[121.298,28.7519],[121.1533,28.8414],[121.1403,28.8453],[121.1386,28.8406],[121.1561,28.8092],[121.1594,28.8053],[121.1644,28.8022],[121.2908,28.7353],[121.3912,28.6974],[121.3458,28.5444],[121.3585,28.3857],[121.2666,28.1964],[121.2639,28.1994],[121.2575,28.2075],[121.2561,28.2128],[121.2503,28.25],[121.2472,28.2725],[121.2492,28.2783],[121.2097,28.3575],[121.1908,28.3758],[121.1803,28.3836],[121.1733,28.3853],[121.1669,28.3847],[121.1617,28.3828],[121.1586,28.3783],[121.1022,28.2908],[121.115,28.2444],[121.1147,28.238],[121.1039,28.2061],[121.0951,28.1933],[121.0086,28.277],[120.9424,28.2133],[120.7888,28.0072],[120.6783,28.0397],[120.5908,28.0794],[120.6133,28.0186],[120.7191,27.988],[120.7643,27.9743],[120.6865,27.8699],[120.5059,27.5901],[120.4089,27.3105],[120.3679,27.2147],[120.3383,27.2414],[120.3158,27.2853],[120.3192,27.2897],[120.3122,27.3094],[120.3083,27.3128],[120.2719,27.3186],[120.2667,27.3186],[120.2109,27.2976],[120.1936,27.2903],[120.1855,27.2753],[120.1736,27.2333],[120.173,27.2269],[120.1739,27.2214],[120.1761,27.2167],[120.1794,27.2128],[120.1861,27.2111],[120.1925,27.2117],[120.2022,27.2167],[120.2053,27.2211],[120.2103,27.2317],[120.2203,27.2444],[120.2255,27.2464],[120.2517,27.2519],[120.2572,27.2519],[120.3289,27.2294],[120.3619,27.2006],[120.3518,27.177],[120.269,27.1179],[120.2614,27.1272],[120.2564,27.13],[120.2503,27.1308],[120.245,27.1286],[120.2411,27.098],[120.0841,26.9859],[120.035,26.9001],[120.0339,26.8997],[120.0325,26.8964],[120.0322,26.8952],[119.9749,26.7951],[119.9647,26.795],[119.9258,26.7925],[119.9214,26.7897],[119.9189,26.7844],[119.9057,26.7413],[119.857,26.706],[119.7904,26.7026],[119.7878,26.7931],[119.788,26.7992],[119.6905,26.8158],[119.6867,26.8122],[119.6841,26.8069],[119.6764,26.7786],[119.6757,26.7708],[119.6764,26.7603],[119.6858,26.7422],[119.6891,26.7383],[119.7033,26.7294],[119.7133,26.7239],[119.7261,26.72],[119.7303,26.7167],[119.7317,26.7117],[119.7308,26.7061],[119.7283,26.7008],[119.7258,26.6993],[119.6964,26.6977],[119.6875,26.7042],[119.6833,26.7075],[119.6308,26.7511],[119.6263,26.7718],[119.6273,26.7755],[119.627,26.779],[119.625,26.7897],[119.6216,26.7936],[119.6167,26.7964],[119.6103,26.7958],[119.5825,26.7897],[119.5708,26.7814],[119.5514,26.7589],[119.5491,26.7536],[119.534,26.6532],[119.4289,26.5908],[119.5549,26.2672],[119.436,26.0383],[119.44,26.0075],[119.4253,25.9969],[119.4122,26.0064],[119.398,26.015],[119.3414,26.0442],[119.1986,26.1083],[119.0997,26.1422],[119.0928,26.1425],[119.0978,26.1347],[119.2567,25.9631],[119.345,25.9383],[119.3519,25.9367],[119.3589,25.9364],[119.365,25.9369],[119.3764,25.9397],[119.4461,25.9599],[119.4703,25.7717],[119.4286,25.6509],[119.3786,25.5862],[119.3539,25.6019],[119.348,25.6039],[119.3203,25.6097],[119.3139,25.6092],[119.3089,25.6069],[119.3072,25.6011],[119.3086,25.5958],[119.3022,25.5647],[119.2561,25.5008],[119.2555,25.5003],[119.0959,25.4407],[119.0237,25.3135],[119.0089,25.28],[118.9964,25.2817],[118.9894,25.2817],[118.9453,25.27],[118.8869,25.2511],[118.8761,25.2469],[118.8719,25.2439],[118.8689,25.2394],[118.8667,25.2342],[118.8655,25.2272],[118.8678,25.2228],[118.8773,25.2169],[118.8839,25.2167],[118.9005,25.2208],[118.9097,25.2197],[118.9155,25.2175],[118.9603,25.1886],[118.9665,25.1835],[118.9454,25.1355],[118.9294,25.1011],[118.925,25.1011],[118.8989,25.1017],[118.8919,25.1019],[118.8778,25.1044],[118.8644,25.1042],[118.8561,25.0983],[118.8486,25.0908],[118.8464,25.0856],[118.8455,25.08],[118.8478,25.0756],[118.863,25.0492],[118.8742,25.0386],[118.8948,25.0264],[118.8257,24.8771],[118.7172,24.8431],[118.6975,24.8456],[118.6925,24.8483],[118.6919,24.8539],[118.6941,24.8592],[118.7003,24.8681],[118.7111,24.8792],[118.7161,24.8814],[118.7272,24.8842],[118.7297,24.8894],[118.7292,24.895],[118.7083,24.9297],[118.7042,24.9331],[118.6694,24.9472],[118.6641,24.9472],[118.5739,24.8842],[118.5719,24.8817],[118.6236,24.7728],[118.6266,24.7689],[118.6322,24.7703],[118.6514,24.7803],[118.7028,24.8044],[118.7128,24.8003],[118.7187,24.7961],[118.5312,24.69],[118.4704,24.6171],[118.44,24.6283],[118.4167,24.6206],[118.3269,24.5839],[118.2397,24.5364],[118.1922,24.6025],[118.1977,24.6186],[118.193,24.6497],[118.1786,24.6703],[118.1697,24.6825],[118.1664,24.6864],[118.1605,24.6886],[118.0436,24.6158],[117.9875,24.5719],[117.9775,24.5567],[117.9756,24.5538],[117.9249,24.5617],[117.8613,24.5108],[117.8423,24.4848],[117.8411,24.4847],[117.8261,24.4803],[117.8211,24.478],[117.8003,24.4661],[117.792,24.4613],[117.7917,24.4586],[117.795,24.4547],[117.81,24.4407],[117.7961,24.4217],[117.8491,24.0471],[117.7964,24.0121],[117.7705,24.0522],[117.7647,24.0606],[117.7608,24.0639],[117.7544,24.0633],[117.7097,24.0417],[117.6517,23.9333],[117.6175,23.8689],[117.6103,23.8629],[117.4772,23.8403],[117.3658,23.7908],[117.3047,23.7583],[117.2705,23.7353],[117.2639,23.7272],[117.2625,23.7211],[117.2553,23.6644],[117.2019,23.6269],[117.1969,23.6247],[117.1819,23.6189],[117.1742,23.6167],[117.1613,23.6101],[117.1143,23.5973],[117.0603,23.6292],[117.0553,23.638],[117.0522,23.6419],[117.0375,23.6561],[117.0308,23.6575],[116.9272,23.6622],[116.9211,23.6617],[116.9161,23.6594],[116.9074,23.6534],[116.8711,23.6097],[116.8689,23.6044],[116.868,23.5989],[116.8697,23.5939],[116.8817,23.5928],[116.8842,23.5883],[116.8842,23.5819],[116.8803,23.5547],[116.8789,23.5486],[116.8609,23.4718],[116.7151,23.351],[116.6325,23.3617],[116.6086,23.3689],[116.6006,23.3713],[116.5625,23.39],[116.5583,23.3933],[116.5511,23.4064],[116.5414,23.4178],[116.5372,23.4211],[116.5322,23.4236],[116.5255,23.4239],[116.5214,23.4208],[116.5214,23.4158],[116.5222,23.3867],[116.5253,23.3706],[116.5328,23.3572],[116.5489,23.3383],[116.553,23.335],[116.5836,23.3136],[116.5883,23.3111],[116.5936,23.31],[116.5997,23.3106],[116.6196,23.3183],[116.6266,23.3228],[116.6462,23.3226],[116.4521,23.2502],[116.4039,23.1993],[116.4002,22.9833],[116.3535,22.9285],[116.348,22.9303],[116.3253,22.9383],[116.2269,22.9308],[116.1908,22.8981],[116.0847,22.8874],[115.86,22.8361],[115.7947,22.752],[115.7839,22.7972],[115.6694,22.8778],[115.6403,22.8842],[115.565,22.8547],[115.5355,22.8328],[115.5612,22.6892],[115.5425,22.6957],[115.3088,22.7714],[115.2575,22.7607],[115.2236,22.7836],[115.2225,22.7894],[115.2405,22.8275],[115.1614,22.8083],[115.048,22.7786],[114.9433,22.7439],[114.8889,22.7028],[114.9367,22.65],[114.9033,22.5514],[114.8986,22.5414],[114.8778,22.5344],[114.8722,22.5331],[114.8817,22.5639],[114.8822,22.5692],[114.8805,22.5742],[114.8772,22.5781],[114.8683,22.5836],[114.8558,22.5869],[114.8417,22.5875],[114.7744,22.5856],[114.7686,22.5847],[114.7475,22.5778],[114.7428,22.5803],[114.7336,22.5922],[114.7311,22.5964],[114.718,22.6403],[114.7189,22.7036],[114.7225,22.7225],[114.7253,22.7272],[114.7347,22.7394],[114.738,22.7431],[114.7461,22.7492],[114.7583,22.7508],[114.7814,22.7556],[114.7861,22.7581],[114.813,22.7733],[114.8158,22.7786],[114.8164,22.7839],[114.8147,22.7889],[114.8114,22.7928],[114.7991,22.8022],[114.7867,22.8117],[114.7817,22.8142],[114.7753,22.8156],[114.7691,22.8147],[114.6897,22.7847],[114.5641,22.7364],[114.5547,22.7319],[114.5208,22.6997],[114.5081,22.6713],[114.3039,22.6486],[113.9891,22.5527],[113.9287,22.5152],[113.928,22.515],[113.9236,22.5125],[113.9226,22.5114],[113.8916,22.4922],[113.8608,22.4744],[113.8375,22.5611],[113.7989,22.6572],[113.7578,22.7481],[113.7511,22.7556],[113.61,22.8297],[113.6033,22.8372],[113.6005,22.8417],[113.5903,22.8728],[113.5894,22.8783],[113.5925,22.8972],[113.6078,22.9925],[113.5972,22.99],[113.5494,22.9822],[113.545,22.9825],[113.5414,22.9861],[113.5244,23.0111],[113.5222,23.0222],[113.5253,23.0503],[113.5414,23.0703],[113.5447,23.0742],[113.5489,23.0772],[113.5536,23.0794],[113.6074,23.1017],[113.6172,23.1047],[113.6983,23.1289],[113.7144,23.1336],[113.7931,23.1258],[113.8114,23.1208],[113.8205,23.1153],[113.8239,23.1114],[113.8283,23.1127],[113.8297,23.1172],[113.8169,23.1264],[113.8114,23.1283],[113.7122,23.1553],[113.6919,23.155],[113.6803,23.1525],[113.6703,23.1483],[113.4775,23.0528],[113.4811,23.0489],[113.493,23.0267],[113.4947,23.0217],[113.4958,23.01],[113.4955,22.9983],[113.4828,22.92],[113.4808,22.9147],[113.4747,22.9139],[113.4213,22.9288],[113.378,22.9104],[113.3592,22.8833],[113.3667,22.8764],[113.4533,22.7917],[113.4917,22.7709],[113.4759,22.7612],[113.4626,22.7739],[113.4386,22.7383],[113.4378,22.7378],[113.4381,22.7376],[113.3766,22.6466],[113.4193,22.5705],[113.3991,22.4752],[113.3828,22.2381],[113.2886,22.355],[113.2675,22.3828],[113.2475,22.4242],[113.2133,22.4969],[113.1755,22.5625],[113.1703,22.5689],[113.1653,22.5714],[113.1639,22.5653],[113.1547,22.5064],[113.1578,22.4833],[113.1597,22.4783],[113.1647,22.4697],[113.1755,22.4655],[113.1822,22.4644],[113.1914,22.4589],[113.1989,22.4528],[113.2317,22.4211],[113.2375,22.4133],[113.2953,22.3317],[113.36,22.2303],[113.38,22.1966],[113.3781,22.1701],[113.3589,22.1653],[113.3539,22.1678],[113.3505,22.1714],[113.338,22.1806],[113.3325,22.1825],[113.3192,22.1836],[113.3125,22.1833],[113.3033,22.1786],[113.2991,22.1756],[113.2958,22.1717],[113.2558,22.1242],[113.2492,22.1089],[113.248,22.1028],[113.2489,22.0925],[113.25,22.0856],[113.2553,22.0706],[113.2542,22.0647],[113.2519,22.0592],[113.2489,22.0556],[113.2369,22.0461],[113.2242,22.0375],[113.2175,22.0386],[113.2119,22.0406],[113.1244,22.0783],[113.115,22.0838],[113.1108,22.0931],[113.1136,22.1053],[113.1253,22.1372],[113.1272,22.15],[113.1264,22.1556],[113.1236,22.1661],[113.1105,22.2106],[113.1064,22.2136],[113.0997,22.2147],[113.0953,22.2122],[113.0864,22.2069],[113.0825,22.2036],[113.0753,22.1967],[113.0467,22.1675],[113.0161,22.1333],[113.0094,22.1256],[112.9969,22.1089],[112.9883,22.0958],[112.9864,22.0828],[112.9931,22.0169],[112.8713,22.0612],[112.8286,21.9638],[112.8267,21.965],[112.8214,21.9644],[112.7603,21.9417],[112.7464,21.9347],[112.6933,21.885],[112.6711,21.8497],[112.633,21.7931],[112.6289,21.7897],[112.6111,21.7797],[112.5928,21.77],[112.5714,21.7633],[112.5647,21.7631],[112.5591,21.765],[112.478,21.8025],[112.3875,21.7486],[112.3836,21.7455],[112.3625,21.7333],[112.3369,21.7186],[112.3339,21.7175],[112.2819,21.7014],[112.2555,21.7033],[112.2389,21.7092],[112.0708,21.7889],[111.9558,21.8447],[111.9522,21.8544],[111.9444,21.8672],[111.9167,21.9089],[111.9133,21.9125],[111.9083,21.915],[111.8975,21.9192],[111.8925,21.9203],[111.89,21.9155],[111.8886,21.9094],[111.8922,21.8511],[111.8972,21.8308],[111.9008,21.8211],[111.9061,21.8125],[111.9122,21.8044],[111.9247,21.7956],[111.9347,21.7906],[111.9744,21.7714],[111.9669,21.7514],[111.9223,21.7126],[111.8312,21.7541],[111.7947,21.7373],[111.6753,21.78],[111.6772,21.7764],[111.6933,21.7575],[111.6969,21.7539],[111.7053,21.7478],[111.7153,21.7431],[111.7208,21.7414],[111.7508,21.7269],[111.759,21.7209],[111.734,21.7095],[111.557,21.516],[111.4814,21.5111],[111.4675,21.5128],[111.4636,21.5158],[111.3791,21.5294],[111.2969,21.4983],[111.1879,21.474],[111.0856,21.4794],[111.0836,21.4788],[111.0764,21.4906],[111.0744,21.4964],[111.0742,21.5],[111.0769,21.5094],[111.0761,21.5128],[111.0742,21.5147],[111.0686,21.5178],[111.0341,21.5264],[111.0228,21.5242],[110.9972,21.5167],[110.9883,21.5128],[110.9875,21.5097],[110.9761,21.4481],[110.9763,21.4461],[110.8076,21.3947],[110.8033,21.3964],[110.7931,21.4028],[110.7361,21.3722],[110.7233,21.3642],[110.7142,21.3569],[110.6983,21.3397],[110.6911,21.3303],[110.6409,21.2901],[110.6294,21.3486],[110.6283,21.3553],[110.6291,21.3586],[110.6328,21.3633],[110.6372,21.3672],[110.645,21.3717],[110.6886,21.3906],[110.7042,21.3958],[110.7214,21.3994],[110.74,21.4017],[110.7492,21.405],[110.7583,21.4125],[110.7633,21.42],[110.765,21.4267],[110.7644,21.4378],[110.7628,21.4403],[110.7592,21.4397],[110.6605,21.3886],[110.6308,21.3725],[110.6247,21.3664],[110.6125,21.3331],[110.6116,21.3214],[110.6161,21.2942],[110.6208,21.2747],[110.6211,21.2743],[110.5664,21.2306],[110.4268,21.239],[110.4203,21.2631],[110.4205,21.3147],[110.4208,21.3397],[110.4214,21.3433],[110.4286,21.3692],[110.4205,21.3753],[110.3982,21.3807],[110.3905,21.3658],[110.3725,21.3181],[110.3755,21.2778],[110.4036,21.2404],[110.3634,21.2429],[110.2388,21.2807],[110.2338,21.2553],[110.2026,21.0964],[110.0724,20.9183],[110.0772,20.8675],[110.2932,20.5821],[110.4141,20.5252],[110.4337,20.4363],[110.2713,20.3153],[110.0686,20.2736],[110.0625,20.2781],[110.0589,20.2825],[110.0569,20.2886],[110.0517,20.2956],[110.0453,20.2978],[110.0375,20.2989],[110.0333,20.2989],[109.9814,20.2925],[109.9783,20.2914],[109.96,20.2764],[109.9347,20.246],[109.9283,20.2447],[109.9135,20.2667],[109.8828,20.36],[109.9475,20.3889],[109.955,20.3758],[109.973,20.353],[109.9828,20.3625],[110.0078,20.4019],[110.0105,20.4114],[110.0111,20.4192],[110.0094,20.4292],[110.0069,20.4347],[110,20.4442],[109.9939,20.4467],[109.9742,20.4494],[109.9517,20.4483],[109.9491,20.4483],[109.8508,20.5044],[109.7511,20.6411],[109.7422,20.6597],[109.7005,20.8172],[109.6711,20.8536],[109.6653,20.8642],[109.6644,20.8672],[109.663,20.8778],[109.6619,20.9189],[109.6639,20.9294],[109.6753,20.9811],[109.6916,21.0183],[109.6722,21.1217],[109.6736,21.1319],[109.6775,21.1403],[109.7691,21.3347],[109.8275,21.3514],[109.8566,21.3594],[109.9047,21.3881],[109.9411,21.4469],[109.9241,21.4742],[109.8628,21.4797],[109.8228,21.4606],[109.7964,21.5136],[109.7872,21.5394],[109.7694,21.5781],[109.7647,21.5819],[109.7608,21.5822],[109.7569,21.5819],[109.7472,21.5803],[109.7436,21.5794],[109.7422,21.5767],[109.7425,21.5692],[109.7494,21.5322],[109.7542,21.5169],[109.7589,21.5056],[109.7701,21.4872],[109.6294,21.5479],[109.6105,21.575],[109.5625,21.6681],[109.5597,21.6789],[109.5561,21.6989],[109.5569,21.7061],[109.5733,21.7233],[109.5039,21.6764],[109.5733,21.5806],[109.5767,21.5758],[109.5761,21.5722],[109.5756,21.5711],[109.5161,21.5968],[109.4143,21.5648],[109.3331,21.4475],[109.2433,21.43],[109.1647,21.4117],[109.1548,21.4049],[109.1328,21.4014],[109.068,21.4322],[109.093,21.4819],[109.1003,21.4831],[109.1103,21.4858],[109.1194,21.4892],[109.1253,21.4922],[109.1386,21.5036],[109.1444,21.5103],[109.1497,21.5214],[109.1511,21.5281],[109.1511,21.5358],[109.1478,21.5486],[109.1375,21.5831],[109.1028,21.5969],[109.0508,21.6131],[109.0319,21.6186],[108.9903,21.6058],[108.9769,21.6025],[108.9683,21.6025],[108.9605,21.6036],[108.9122,21.6153],[108.9097,21.6169],[108.8583,21.6775],[108.8547,21.6861],[108.8664,21.7222],[108.8819,21.7419],[108.8864,21.7419],[108.8933,21.7425],[108.9203,21.7542],[108.9217,21.7569],[108.9211,21.7606],[108.8702,21.7989],[108.8139,21.8156],[108.8028,21.8172],[108.7944,21.8169],[108.7914,21.8158],[108.7814,21.81],[108.798,21.8061],[108.8091,21.8044],[108.8158,21.8022],[108.8183,21.8006],[108.8483,21.7614],[108.8356,21.7102],[108.8278,21.693],[108.842,21.6674],[108.8583,21.6358],[108.8572,21.6331],[108.855,21.6308],[108.84,21.6206],[108.8366,21.6197],[108.8294,21.6211],[108.8242,21.6242],[108.8108,21.6358],[108.8028,21.6403],[108.7969,21.6417],[108.7908,21.64],[108.7853,21.6372],[108.7411,21.615],[108.7403,21.6117],[108.7403,21.5989],[108.7086,21.653],[108.6503,21.723],[108.6028,21.8333],[108.6097,21.8428],[108.633,21.8803],[108.6286,21.8881],[108.6047,21.9108],[108.4758,21.9403],[108.4703,21.9378],[108.468,21.9358],[108.4628,21.9286],[108.453,21.9092],[108.4519,21.9061],[108.443,21.8675],[108.4427,21.8639],[108.4807,21.7912],[108.4666,21.7851],[108.4589,21.7089],[108.4383,21.6575],[108.4378,21.6631],[108.3336,21.69],[108.3219,21.6821],[108.3059,21.6747],[108.32,21.6236],[108.3125,21.5853],[108.31,21.5797],[108.2855,21.5422],[108.2822,21.5375],[108.2461,21.5153],[108.2433,21.5136],[108.2139,21.4972],[108.21,21.4969],[108.2061,21.4972],[108.2036,21.4994],[108.2028,21.5025],[108.2036,21.5058],[108.2358,21.5544],[108.2044,21.5944],[108.1347,21.56],[108.0775,21.5344],[108.0167,21.5536],[108.0128,21.5542],[107.9952,21.5506],[107.9894,21.5478],[107.988,21.5436],[107.99,21.5424],[107.9978,21.5393],[108.0336,21.5214],[108.0654,21.4939],[107.9276,21.4815],[107.928,21.4842],[107.9258,21.4939],[107.9167,21.5175],[107.9141,21.5228],[107.8944,21.5317],[107.8911,21.5328],[107.8878,21.5325],[107.8564,21.5261],[107.8533,21.525],[107.7944,21.4772],[107.7044,21.3919],[107.6,21.2953],[107.5947,21.2914],[107.5844,21.2892],[107.4825,21.2894],[107.4792,21.2906],[107.4716,21.2956],[107.4672,21.3036],[107.4653,21.3097],[107.4611,21.3136],[107.4183,21.3258],[107.4147,21.3261],[107.3669,21.2653],[107.3564,21.1883],[107.3578,21.1856],[107.3619,21.1811],[107.3753,21.1744],[107.3822,21.1389],[107.3828,21.1311],[107.3721,21.1042],[107.3684,21.0859],[107.3627,21.0577],[107.3714,21.0292],[107.37,21.0222],[107.3636,21.0164],[107.3539,21.0094],[107.3447,21.0056],[107.3378,21.0039],[107.3111,21.0042],[107.2625,21.0022],[107.255,21.0008],[107.2322,20.9939],[107.1544,20.925],[107.0789,20.9453],[107.0733,20.9478],[107.0692,20.9519],[107.0669,20.9581],[107.0689,20.9644],[107.0806,20.9817],[107.088,20.9908],[107.1094,21.0106],[107.1175,21.0153],[107.1325,21.0208],[107.1491,21.0339],[107.1497,21.0372],[107.1483,21.0394],[107.145,21.0406],[107.1325,21.0364],[107.0372,20.9967],[107.0146,20.9506],[106.9778,20.9455],[106.9415,20.9534],[106.9084,20.9667],[106.8838,20.9914],[106.8697,20.985],[106.8704,20.9604],[106.8908,20.9499],[106.9211,20.9344],[106.9429,20.9048],[106.8824,20.9027],[106.8819,20.9018],[106.8425,20.9035],[106.8359,20.9168],[106.7754,20.9358],[106.7908,20.9611],[106.7941,20.9603],[106.8069,20.9603],[106.8105,20.9608],[106.8133,20.9622],[106.8242,20.9681],[106.8286,20.9719],[106.8261,20.9775],[106.8097,21.0117],[106.7947,21.0253],[106.788,21.0269],[106.6533,21.0244],[106.6464,21.0231],[106.6439,21.0214],[106.6436,21.0175],[106.6625,21.0117],[106.6767,21.005],[106.6822,21.0019],[106.667,20.9822],[106.6797,20.9541],[106.7078,20.9442],[106.758,20.9353],[106.7597,20.9325],[106.7416,20.8865],[106.6959,20.8767],[106.743,20.8403],[106.7253,20.7997],[106.7528,20.77],[106.764,20.691],[106.6861,20.6414],[106.6755,20.6356],[106.6505,20.6264],[106.6475,20.6256],[106.6431,20.6258],[106.5972,20.6326],[106.623,20.5908],[106.5927,20.3965],[106.5278,20.3088],[106.5232,20.312],[106.4955,20.2997],[106.522,20.3009],[106.4514,20.2054],[106.345,20.1642],[106.3389,20.1497],[106.325,20.1283],[106.2137,20.0157],[106.1051,19.9665],[106.1028,19.9678],[106.1008,19.97],[106.1,19.9772],[106.103,19.9906],[106.1119,20.0289],[106.0853,19.9667],[106.0792,19.9603],[106.0758,19.9594],[106.0683,19.9606],[106.0391,19.9856],[106.034,19.9909],[106.0253,19.9908],[105.965,19.9342],[105.9592,19.9278],[105.9542,19.9208],[105.9489,19.9094],[105.9191,19.8134],[105.8434,19.7024],[105.8132,19.6096],[105.8086,19.6011],[105.8095,19.5982],[105.707,19.2829],[105.5326,18.8442],[105.6533,18.7428],[105.8641,18.4892],[106.3644,18.0075],[106.3752,17.8995],[106.3938,17.6645],[106.4331,17.5503],[106.6223,17.3284],[107.0051,17.038],[107.115,16.9546],[107.1884,16.8804],[107.1916,16.8747],[107.197,16.8717],[107.3753,16.6915],[107.692,16.3714],[107.8092,16.2827],[108.0848,16.2527],[108.0872,16.2489],[108.1046,16.2404],[108.158,16.1755],[108.1458,16.16],[108.1425,16.1553],[108.1383,16.1469],[108.1367,16.1364],[108.1392,16.1192],[108.1983,16.0003],[108.2005,15.9981],[108.2075,15.9992],[108.2351,16.0303],[108.2384,16.0339],[108.2309,16.0648],[108.2356,16.0811],[108.2361,16.0804],[108.3631,15.6233],[108.4989,15.3631],[108.7861,15.0906],[108.9178,14.7923],[109.0711,14.17],[109.3071,12.9063],[109.1745,12.7091],[109.0684,12.4865],[109.0909,12.1181],[109.0484,11.9338],[109.0734,11.6352],[109.0613,11.5907],[109.0585,11.5865],[109.0542,11.59],[109.0505,11.5944],[109.0469,11.6033],[109.0375,11.5781],[109.0284,11.5409],[108.9433,11.4122],[108.8973,11.3426],[108.8828,11.3283],[108.868,11.3347],[108.8542,11.3325],[108.8128,11.3183],[108.8069,11.3161],[108.7647,11.2825],[108.6719,11.1889],[108.6572,11.1883],[108.5836,11.1817],[108.5394,11.1547],[108.5255,11.1442],[108.513,11.1322],[108.5047,11.1206],[108.4936,11.1025],[108.4894,11.0947],[108.4847,11.0831],[108.4469,11.0613],[108.3528,11.0428],[108.1643,10.9662],[107.9387,10.8069],[107.8381,10.7009],[107.8341,10.6994],[107.8222,10.6947],[107.8111,10.6856],[107.7989,10.6697],[107.7905,10.6619],[107.7764,10.6517],[107.7561,10.6392],[107.5866,10.5724],[107.5389,10.52],[107.5236,10.5069],[107.5114,10.4992],[107.4597,10.4742],[107.4458,10.4681],[107.4361,10.4656],[107.3289,10.4458],[107.2878,10.4055],[107.2662,10.3761],[107.229,10.3973],[107.2122,10.4375],[107.1722,10.4757],[107.1328,10.4675],[107.0536,10.4953],[107.035,10.5311],[107.028,10.6067],[107.0254,10.6222],[107.0251,10.6242],[107.0224,10.6362],[107.0202,10.6388],[106.9997,10.6572],[106.9977,10.6572],[106.9973,10.6543],[106.9969,10.6522],[106.9977,10.6482],[107.0101,10.6213],[107.0208,10.5917],[107.0216,10.5883],[107.0233,10.5392],[107.0228,10.5372],[107.0183,10.5336],[107.0111,10.5336],[107.0014,10.5403],[107.0003,10.5431],[106.9916,10.57],[106.9922,10.5736],[106.9955,10.5783],[106.998,10.5839],[106.9983,10.6125],[106.9964,10.6178],[106.9939,10.6194],[106.9911,10.6197],[106.9894,10.6175],[106.9852,10.6014],[106.9819,10.5692],[106.9814,10.5617],[106.9819,10.558],[106.9955,10.5275],[106.9925,10.5136],[106.9797,10.4981],[106.9757,10.4823],[106.9597,10.4946],[106.9605,10.5075],[106.9402,10.53],[106.9322,10.5672],[106.9319,10.5708],[106.9341,10.5769],[106.9375,10.5817],[106.9415,10.5855],[106.9436,10.5875],[106.9441,10.5903],[106.9433,10.5936],[106.94,10.5983],[106.9041,10.6314],[106.8827,10.6456],[106.8752,10.6464],[106.7927,10.6697],[106.763,10.6806],[106.7441,10.67],[106.7416,10.6683],[106.7397,10.6664],[106.7372,10.6608],[106.7372,10.6575],[106.7394,10.6519],[106.75,10.6422],[106.754,10.6398],[106.7569,10.6372],[106.758,10.6344],[106.7641,10.614],[106.7511,10.5781],[106.7496,10.5773],[106.7383,10.5606],[106.7347,10.5413],[106.7351,10.5337],[106.7263,10.5091],[106.6827,10.4977],[106.6623,10.4908],[106.6313,10.46],[106.5916,10.4297],[106.6169,10.4372],[106.7103,10.4649],[106.7044,10.4484],[106.7212,10.283],[106.6876,10.2909],[106.653,10.28],[106.6494,10.2803],[106.5739,10.2889],[106.5359,10.3053],[106.4954,10.3012],[106.4577,10.3081],[106.4243,10.3114],[106.425,10.3094],[106.4389,10.2994],[106.4664,10.2825],[106.4864,10.2739],[106.5789,10.2436],[106.6036,10.2356],[106.6536,10.2203],[106.6894,10.2114],[106.7028,10.2061],[106.7318,10.1907],[106.7486,10.0673],[106.7441,10.0516],[106.6525,9.9708],[106.65,9.9692],[106.6469,9.9683],[106.613,9.9722],[106.5991,9.9744],[106.5903,9.9775],[106.4894,10.0339],[106.4797,10.0403],[106.4664,10.0556],[106.4005,10.1436],[106.3928,10.1558],[106.3816,10.1767],[106.3702,10.2011],[106.3636,10.2108],[106.3544,10.2217],[106.3383,10.2378],[106.3294,10.245],[106.3216,10.2494],[106.3069,10.2553],[106.2966,10.2569],[106.2925,10.2569],[106.2905,10.2508],[106.383,10.1264],[106.3903,10.1175],[106.4469,10.0525],[106.4908,10.0078],[106.4997,10.0006],[106.505,9.9978],[106.5166,9.9933],[106.5266,9.9908],[106.5669,9.9747],[106.6702,9.9119],[106.6752,9.9086],[106.6852,9.8986],[106.6916,9.8892],[106.6941,9.8833],[106.6943,9.8766],[106.6901,9.8618],[106.678,9.8447],[106.6708,9.8397],[106.618,9.8114],[106.6122,9.8089],[106.6089,9.8083],[106.6022,9.8094],[106.5964,9.8119],[106.5891,9.8167],[106.4869,9.9176],[106.4395,9.9393],[106.3852,9.9756],[106.2936,10.065],[106.255,10.1117],[106.2308,10.1439],[106.2128,10.1619],[106.1655,10.2072],[106.1478,10.2217],[106.123,10.2375],[106.1202,10.2386],[106.1172,10.2383],[106.1148,10.2341],[106.1644,10.1642],[106.273,10.0581],[106.2872,10.0439],[106.2944,10.0353],[106.3028,10.0236],[106.3061,10.0186],[106.3086,10.0105],[106.3244,9.9978],[106.453,9.8764],[106.5041,9.8194],[106.5689,9.7436],[106.5725,9.7392],[106.5772,9.7278],[106.578,9.7167],[106.5805,9.6708],[106.5794,9.6588],[106.482,9.5521],[106.3953,9.5332],[106.3936,9.5336],[106.2564,9.6231],[106.235,9.6392],[106.0755,9.7828],[106.0677,9.7914],[106.0355,9.8286],[106.0239,9.8456],[106.0083,9.87],[105.983,9.9047],[105.9714,9.9175],[105.9551,9.9295],[105.9147,9.9642],[105.9069,9.9686],[105.8327,10.0036],[105.8272,10.0061],[105.8237,10.0042],[105.8205,10.0025],[105.8197,10],[105.8214,9.9975],[105.8427,9.9747],[105.8844,9.9358],[105.8989,9.924],[105.9111,9.9142],[105.9241,9.9031],[105.9655,9.86],[106.015,9.8081],[106.0525,9.7658],[106.058,9.7594],[106.0661,9.7475],[106.0789,9.7281],[106.1858,9.5583],[106.2061,9.5228],[106.2097,9.5135],[106.1246,9.3475],[105.9955,9.3042],[105.8644,9.2514],[105.8434,9.241],[105.825,9.2342],[105.6191,9.1589],[105.5614,9.1403],[105.5405,9.1328],[105.5272,9.1261],[105.5208,9.1203],[105.5128,9.1125],[105.4544,9.0544],[105.445,9.0436],[105.4083,9.0008],[105.4064,8.9947],[105.3908,8.9422],[105.358,8.855],[105.3536,8.8447],[105.2966,8.7744],[105.2837,8.7567],[105.1294,8.6289],[105.1191,8.6233],[105.1072,8.6192],[105.0211,8.5928],[104.8708,8.5597],[104.8639,8.5586],[104.853,8.5589],[104.7669,8.5856],[104.7519,8.5976],[104.7531,8.6111],[104.8389,8.6619],[104.8908,8.6939],[104.9214,8.7406],[104.9239,8.7461],[104.9236,8.7536],[104.9164,8.8022],[104.8989,8.7978],[104.8861,8.7908],[104.8469,8.7736],[104.8383,8.77],[104.8319,8.7683],[104.825,8.7672],[104.8175,8.7675],[104.8069,8.7731],[104.8025,8.7808],[104.7989,8.7892],[104.7972,8.7956],[104.7972,8.8033],[104.8086,9.0133],[104.8242,9.2603],[104.8286,9.3197],[104.835,9.445],[104.8348,9.5129],[104.8904,9.6948],[104.9873,9.8221],[104.9839,9.8833],[105.0328,9.9231],[105.045,9.9314],[105.0625,9.9386],[105.0655,9.9394],[105.0739,9.9394],[105.0803,9.9378],[105.085,9.9344],[105.0866,9.9322],[105.0955,9.905],[105.0997,9.8889],[105.1005,9.8819],[105.105,9.8664],[105.11,9.855],[105.1119,9.8531],[105.1141,9.8539],[105.115,9.8572],[105.1075,9.9453],[105.0875,9.9897],[105.0733,10.0117],[105.0555,10.0339],[104.9903,10.1011],[104.983,10.1058],[104.9772,10.1083],[104.97,10.1092],[104.963,10.1078],[104.9375,10.1011],[104.9197,10.0947],[104.9102,10.0919],[104.9025,10.0914],[104.8955,10.0928],[104.8813,10.1025],[104.8533,10.135],[104.8294,10.1636],[104.8244,10.1708],[104.8172,10.1836],[104.8108,10.1972],[104.8041,10.2072],[104.7997,10.2108],[104.7914,10.2144],[104.7458,10.23],[104.7336,10.2339],[104.7258,10.2342],[104.7197,10.2322],[104.715,10.2292],[104.6872,10.2039],[104.6849,10.2029],[104.5946,10.2316],[104.5939,10.2344],[104.5836,10.2683],[104.5803,10.2731],[104.498,10.3886],[104.4453,10.4227],[104.3461,10.4928],[104.2764,10.5433],[104.2533,10.5653],[104.2508,10.5667],[104.2477,10.5675],[104.1639,10.5617],[104.1277,10.5578],[104.0975,10.5475],[104.09,10.5481],[104.0325,10.5594],[104.005,10.5669],[103.9352,10.5861],[103.9269,10.5903],[103.8305,10.55],[103.8236,10.5408],[103.8047,10.5313],[103.7586,10.532],[103.738,10.4964],[103.7347,10.4956],[103.6469,10.4869],[103.6392,10.4875],[103.6305,10.4908],[103.6233,10.4956],[103.5484,10.5758],[103.5885,10.6641],[103.647,10.7369],[103.6844,10.7406],[103.6686,10.7533],[103.6644,10.7572],[103.664,10.7581],[103.6703,10.7659],[103.6684,10.778],[103.6741,10.7967],[103.6786,10.8044],[103.6827,10.8086],[103.6883,10.8111],[103.6952,10.8122],[103.7064,10.8175],[103.7153,10.8289],[103.7194,10.8444],[103.7219,10.8661],[103.7194,10.8875],[103.7119,10.9125],[103.6666,11.0278],[103.5639,11.1494],[103.5577,11.1553],[103.5552,11.1569],[103.5458,11.1597],[103.5153,11.1606],[103.505,11.1575],[103.4758,11.1319],[103.4516,11.0958],[103.44,11.0447],[103.4001,11.0385],[103.192,10.9046],[103.1159,10.9013],[103.098,10.925],[103.0955,10.9306],[103.0947,10.9378],[103.0958,10.9444],[103.0994,10.9531],[103.1094,10.9669],[103.1169,11.1119],[103.1155,11.1467],[103.1114,11.1586],[103.0953,11.1992],[103.09,11.21],[103.1014,11.3486],[103.0764,11.4425],[103.0288,11.5419],[102.9783,11.5289],[102.9747,11.5292],[102.9714,11.53],[102.9675,11.5342],[102.96,11.5431],[102.9572,11.5481],[102.9564,11.5514],[102.9718,11.5646],[102.9811,11.574],[102.9849,11.5902],[102.9839,11.6175],[102.9697,11.6366],[102.9641,11.6694],[102.9666,11.6753],[102.9861,11.7003],[102.99,11.7042],[102.995,11.7075],[103.018,11.72],[103.0217,11.7207],[103.0261,11.7192],[103.064,11.7022],[103.0705,11.7053],[103.078,11.7103],[103.0839,11.7203],[103.0844,11.7239],[103.0827,11.7264],[103.0233,11.7289],[103.0058,11.7261],[102.9991,11.7242],[102.9959,11.7224],[102.9803,11.7108],[102.9778,11.7094],[102.9755,11.7106],[102.9697,11.7329],[102.9574,11.7565],[102.9158,11.796],[102.9155,11.8003],[102.9133,11.8064],[102.8983,11.8283],[102.8958,11.8297],[102.893,11.8281],[102.8919,11.825],[102.893,11.8181],[102.9069,11.7874],[102.93,11.77],[102.9483,11.7558],[102.9566,11.74],[102.9661,11.7211],[102.9669,11.7181],[102.9591,11.6822],[102.9564,11.6598],[102.9606,11.6422],[102.9677,11.5992],[102.9647,11.5878],[102.9591,11.5733],[102.9575,11.5708],[102.9544,11.5697],[102.9372,11.5889],[102.9341,11.5939],[102.9161,11.6359],[102.9089,11.7206],[102.9066,11.7347],[102.9016,11.7458],[102.8036,11.875],[102.7778,11.9561],[102.763,12.0264],[102.7622,12.0294],[102.645,12.1725],[102.638,12.1775],[102.5955,12.2039],[102.5594,12.2039],[102.5555,12.2033],[102.5542,12.1986],[102.5335,12.1461],[102.5298,12.1484],[102.3857,12.1748],[102.3378,12.1953],[102.3192,12.2922],[102.3342,12.3058],[102.3447,12.3156],[102.3636,12.3369],[102.3655,12.3431],[102.365,12.3467],[102.3622,12.3517],[102.3557,12.3587],[102.3361,12.3631],[102.3394,12.3583],[102.3428,12.3372],[102.3425,12.3344],[102.3403,12.3322],[102.3141,12.3122],[102.3094,12.3092],[102.2653,12.2981],[102.25,12.3031],[102.2369,12.31],[102.2161,12.3258],[102.1972,12.3436],[102.1208,12.4211],[102.0705,12.4769],[102.0669,12.4814],[102.0655,12.4881],[102.0694,12.4961],[102.0678,12.5328],[102.0611,12.565],[102.0603,12.5675],[102.025,12.5661],[102.0217,12.5653],[102.0061,12.5569],[101.9682,12.5366],[101.9186,12.5855],[101.8751,12.601],[101.8694,12.6108],[101.8628,12.6331],[101.8597,12.6464],[101.8586,12.6492],[101.8566,12.6514],[101.8522,12.655],[101.81,12.6814],[101.7868,12.6944],[101.763,12.7033],[101.7536,12.7061],[101.7466,12.7072],[101.7228,12.7061],[101.7083,12.7039],[101.6953,12.7003],[101.6786,12.6925],[101.6711,12.6875],[101.6644,12.6783],[101.657,12.6579],[101.5866,12.661],[101.4834,12.6201],[101.3889,12.6061],[101.375,12.6122],[101.3353,12.6292],[101.315,12.6372],[101.2939,12.6444],[101.2625,12.6536],[101.2455,12.6569],[101.2275,12.66],[101.1092,12.6753],[101.0855,12.6761],[101.0719,12.6731],[101.042,12.6633],[101.023,12.6725],[100.8716,12.6785],[100.8714,12.7686],[100.8755,12.7686],[100.92,12.9844],[100.9077,13.0433],[100.9213,13.1319],[100.9416,13.1939],[100.9436,13.1997],[100.9436,13.2039],[100.9397,13.2247],[100.9369,13.234],[100.9533,13.3406],[100.9561,13.3411],[100.9678,13.3458],[100.9753,13.3508],[100.9792,13.355],[100.9808,13.3572],[100.9855,13.3686],[100.9883,13.3819],[100.988,13.3858],[100.9763,13.4628],[100.9153,13.4628],[100.8539,13.4703],[100.8436,13.4722],[100.839,13.4743],[100.8253,13.4822],[100.8186,13.4839],[100.7589,13.4931],[100.5792,13.5192],[100.5625,13.5111],[100.5525,13.5086],[100.5056,13.4992],[100.4739,13.5099],[100.2397,13.4904],[100.1334,13.4394],[100.0892,13.425],[100.0667,13.42],[100.0605,13.4178],[100.0577,13.4167],[100.048,13.41],[100.0419,13.4033],[99.9739,13.3156],[99.9669,13.3056],[99.9303,13.261],[100.0232,12.9944],[99.9771,12.8418],[99.8337,12.5238],[99.8711,12.2634],[99.8953,12.0792],[99.7634,11.7804],[99.5013,11.2461],[99.1862,10.4894],[99.163,10.3704],[99.1522,10.3697],[99.1492,10.3656],[99.1497,10.3539],[99.1524,10.3154],[99.0713,9.8983],[99.1187,9.371],[99.1956,9.2378],[99.2985,9.1618],[99.5462,9.1941],[99.724,9.258],[99.8373,9.2265],[99.898,9.0678],[99.9021,8.9216],[99.8659,8.7119],[99.9294,8.5849],[100.0093,8.4901],[100.058,8.5068],[100.0794,8.4625],[100.0986,8.42],[100.1102,8.4094],[100.1522,8.3831],[100.1572,8.3808],[100.1633,8.38],[100.1689,8.3811],[100.1821,8.3946],[100.2077,8.325],[100.3019,7.8868],[100.289,7.7842],[100.2858,7.7875],[100.2708,7.7933],[100.2644,7.7928],[100.2097,7.7786],[100.2055,7.7761],[100.2043,7.7711],[100.153,7.7317],[100.1478,7.7228],[100.1461,7.7106],[100.1466,7.6972],[100.1508,7.6336],[100.1519,7.6211],[100.153,7.6156],[100.173,7.5469],[100.1808,7.5206],[100.185,7.5106],[100.2661,7.3783],[100.2872,7.3578],[100.305,7.3408],[100.3091,7.3381],[100.3152,7.3386],[100.3197,7.3411],[100.3258,7.3417],[100.3322,7.3408],[100.3591,7.3328],[100.3639,7.3306],[100.368,7.3278],[100.3733,7.3194],[100.3767,7.3084],[100.3911,7.2106],[100.393,7.2056],[100.4158,7.1678],[100.4211,7.1594],[100.4288,7.1531],[100.4336,7.1508],[100.4967,7.135],[100.5396,7.0487],[100.6149,6.9789],[100.9753,6.8526],[101.2175,6.8023],[101.428,6.8282],[101.5599,6.7395],[101.6796,6.4643],[101.9784,6.2194],[102.0738,6.1542],[102.0897,6.1434],[102.3251,6.0994],[102.4751,5.93],[102.4858,5.9072],[102.4903,5.8981],[102.4983,5.8856],[102.505,5.8786],[102.5397,5.8532],[102.5468,5.849],[102.8023,5.5604],[103.0572,5.2235],[103.1142,5.1481],[103.3418,4.8054],[103.3786,4.545],[103.3681,4.1828],[103.3078,3.7951],[103.3339,3.3937],[103.3393,3.3123],[103.3078,3.0263],[103.3511,2.804],[103.4396,2.6326],[103.6781,2.4107],[103.8304,2.1696],[104.1477,1.4459],[104.1756,1.3887],[104.0812,1.4067],[104.0477,1.4689],[104.0776,1.5034],[103.9836,1.6294],[103.9803,1.6331],[103.9736,1.6403],[103.9697,1.6431],[103.9594,1.6469],[103.9539,1.6456],[103.9511,1.6417],[103.9675,1.5972],[103.9694,1.5922],[103.9719,1.5881],[103.9753,1.5844],[103.9852,1.5739],[103.9894,1.5711],[103.9958,1.5639],[104.0044,1.5519],[104.0108,1.5381],[104.0114,1.5319],[104.0105,1.4619],[104.0058,1.4456],[104.0036,1.4408],[103.998,1.4328],[103.9866,1.4236],[103.9823,1.4219],[103.9357,1.4247],[103.9086,1.4308],[103.9033,1.4322],[103.8986,1.4347],[103.8805,1.4508],[103.8644,1.4625],[103.8461,1.4719],[103.8358,1.4756],[103.8297,1.4767],[103.823,1.4767],[103.8111,1.475],[103.6883,1.4494],[103.6841,1.4467],[103.6774,1.4405],[103.6084,1.4447],[103.4372,1.3841],[103.4214,1.4369],[103.4177,1.4536],[103.4078,1.4847],[103.4038,1.4944],[103.3969,1.5078],[103.3883,1.5197],[103.3783,1.5303],[103.3708,1.5367],[103.3486,1.5489],[103.3169,1.5656],[103.2878,1.5789],[103.2614,1.5872],[103.2455,1.5925],[103.2158,1.6044],[103.1914,1.6147],[103.0119,1.7278],[102.8522,1.8314],[102.8361,1.8428],[102.8272,1.8478],[102.8169,1.8517],[102.8055,1.8539],[102.78,1.8525],[102.7621,1.8503],[102.7169,1.8812],[102.6527,1.9173],[102.5533,2.0481],[102.5122,2.0758],[102.4952,2.0867],[102.4875,2.0909],[102.4675,2.1006],[102.4336,2.1153],[102.2927,2.1692],[102.1966,2.2056],[102.1825,2.2119],[102.173,2.2172],[102.1647,2.2228],[102.1041,2.2686],[102.013,2.3561],[101.9862,2.39],[101.9314,2.4153],[101.8497,2.4725],[101.7855,2.5733],[101.7747,2.5831],[101.7605,2.5897],[101.7489,2.5919],[101.735,2.5925],[101.7205,2.5915],[101.698,2.5947],[101.5494,2.655],[101.5175,2.6717],[101.5048,2.6809],[101.4866,2.6972],[101.4766,2.7078],[101.4677,2.7197],[101.4572,2.7364],[101.4547,2.7406],[101.4508,2.7503],[101.4436,2.7636],[101.433,2.7803],[101.4136,2.8022],[101.4014,2.8108],[101.3925,2.8158],[101.3775,2.8217],[101.3602,2.8256],[101.329,2.8264],[101.3099,2.9441],[101.3161,2.9539],[101.3294,2.9681],[101.3413,2.9767],[101.3561,2.9825],[101.3644,2.9878],[101.3716,2.9944],[101.3725,3.0006],[101.3711,3.0331],[101.3683,3.0572],[101.3672,3.0628],[101.3614,3.0772],[101.3558,3.0856],[101.3458,3.0964],[101.3216,3.1203],[101.3177,3.13],[101.3166,3.1356],[101.3058,3.2061],[101.3052,3.2322],[101.3002,3.2544],[101.2944,3.2689],[101.2858,3.2808],[101.2422,3.3336],[101.2389,3.3369],[101.2347,3.34],[101.2253,3.3444],[101.2,3.3539],[101.1933,3.3608],[101.1805,3.3756],[101.1149,3.4605],[101.101,3.4823],[101.0911,3.4992],[101.0719,3.5347],[101.065,3.5547],[101.06,3.5769],[101.0528,3.5969],[101.0416,3.6133],[101.028,3.6281],[100.885,3.7539],[100.8686,3.7656],[100.8583,3.7692],[100.8397,3.7717],[100.8258,3.7719],[100.8136,3.7736],[100.8102,3.7772],[100.8075,3.7814],[100.8069,3.7875],[100.8072,3.7944],[100.8086,3.8],[100.8108,3.8047],[100.8222,3.8208],[100.8286,3.8283],[100.8441,3.8443],[100.7855,3.8392],[100.7786,3.8392],[100.76,3.8417],[100.7544,3.8433],[100.7455,3.8483],[100.7333,3.8567],[100.7225,3.8667],[100.7191,3.8703],[100.7064,3.8858],[100.7011,3.8942],[100.6972,3.9039],[100.6969,3.9169],[100.7025,3.9747],[100.7039,3.9869],[100.7105,3.9944],[100.7147,3.9972],[100.7203,3.9983],[100.7255,3.9969],[100.7372,3.9875],[100.7419,3.9853],[100.76,3.9822],[100.773,3.9825],[100.7841,3.985],[100.8697,4.0175],[100.87,4.0231],[100.8647,4.0314],[100.6969,4.1519],[100.6847,4.1589],[100.6689,4.1642],[100.6564,4.1658],[100.6508,4.1647],[100.6383,4.1567],[100.6333,4.1547],[100.6277,4.1561],[100.6205,4.1625],[100.6144,4.1772],[100.6019,4.2217],[100.5837,4.2917],[100.5942,4.4246],[100.6076,4.5517],[100.5889,4.623],[100.5891,4.745],[100.5908,4.7506],[100.5941,4.7539],[100.6005,4.7544],[100.6055,4.7983],[100.5108,4.8861],[100.4561,4.9108],[100.4511,4.9089],[100.4502,4.9094],[100.3999,4.9894],[100.38,5.0367],[100.3742,5.0509],[100.3665,5.0922],[100.4047,5.12],[100.4128,5.1381],[100.4247,5.1681],[100.4336,5.1942],[100.4308,5.2825],[100.3827,5.5133],[100.3802,5.5244],[100.3741,5.5392],[100.3716,5.5433],[100.3491,5.5692],[100.3503,5.6092],[100.3686,5.6619],[100.3741,5.6833],[100.3758,5.8211],[100.3694,5.8758],[100.3636,5.9175],[100.3555,5.9639],[100.348,5.9972],[100.3375,6.0278],[100.2866,6.1344],[100.2508,6.2083],[100.2427,6.2211],[100.2339,6.2308],[100.2128,6.2444],[100.1944,6.256],[100.1914,6.2581],[100.1847,6.265],[100.1719,6.2867],[100.1608,6.3167],[100.1572,6.327],[100.1587,6.3401],[100.1644,6.3871],[100.222,6.5206],[100.1544,6.6031],[100.0267,6.5371],[100.0147,6.5519],[99.9911,6.5836],[99.9744,6.6206],[99.9294,6.6864],[99.8472,6.7772],[99.7919,6.8225],[99.7878,6.8253],[99.7753,6.8269],[99.7642,6.83],[99.7125,6.8456],[99.7075,6.8478],[99.7014,6.8556],[99.6844,6.88],[99.6833,6.8856],[99.6792,6.9831],[99.6792,6.9886],[99.6814,7.0258],[99.6822,7.0319],[99.6858,7.0422],[99.6925,7.0567],[99.7003,7.0628],[99.7053,7.0647],[99.7089,7.0681],[99.7417,7.1114],[99.7497,7.1244],[99.7344,7.1303],[99.6903,7.1125],[99.6853,7.1106],[99.6174,7.1303],[99.5717,7.2626],[99.4681,7.3386],[99.3705,7.3277],[99.3428,7.3675],[99.34,7.3719],[99.3386,7.3772],[99.3397,7.3906],[99.343,7.4208],[99.3489,7.4358],[99.3497,7.4419],[99.348,7.4539],[99.2767,7.6175],[99.2598,7.6558],[99.243,7.6681],[99.1383,7.7378],[99.1228,7.7297],[99.1155,7.7022],[99.1089,7.6947],[99.1047,7.6919],[99.0992,7.6908],[99.0988,7.6909],[99.0284,7.862],[99.0364,7.895],[98.9569,7.9758],[98.8961,8.01],[98.8895,8.0172],[98.7496,8.0868],[98.7447,8.0911],[98.7469,8.1078],[98.7469,8.1808],[98.7458,8.1933],[98.7419,8.2169],[98.738,8.2267],[98.7011,8.3025],[98.6969,8.3056],[98.6914,8.3056],[98.685,8.305],[98.6739,8.3025],[98.6694,8.2997],[98.6625,8.2931],[98.6566,8.2847],[98.6461,8.2747],[98.6244,8.2769],[98.6216,8.2811],[98.6197,8.2861],[98.6191,8.2922],[98.6233,8.3233],[98.6255,8.335],[98.6317,8.3569],[98.6344,8.3611],[98.6394,8.3631],[98.6552,8.369],[98.6578,8.3725],[98.6578,8.3781],[98.6564,8.3836],[98.6517,8.3856],[98.618,8.3822],[98.5533,8.3597],[98.5394,8.3544],[98.4739,8.3247],[98.4414,8.2992],[98.4461,8.2969],[98.4544,8.2842],[98.4578,8.2739],[98.4655,8.2413],[98.3903,8.2195],[98.3371,8.1848],[98.3169,8.2081],[98.2742,8.2744],[98.2294,8.4217],[98.1983,8.5278],[98.1944,8.5444],[98.1933,8.5636],[98.2022,8.5836],[98.2064,8.5864],[98.2244,8.6114],[98.235,8.6961],[98.2608,8.8539],[98.2869,8.9108],[98.2936,8.9253],[98.3272,8.9736],[98.3392,9.0106],[98.3469,9.0603],[98.3514,9.1147],[98.3322,9.1911],[98.3478,9.2399],[98.3861,9.3239],[98.3888,9.3448],[98.39,9.355],[98.3969,9.3831],[98.4,9.3942],[98.4494,9.5431],[98.4533,9.5533],[98.458,9.5553],[98.5622,9.73],[98.5636,9.7356],[98.5625,9.7411],[98.5425,9.8064],[98.5447,9.8443],[98.562,9.8948],[98.5747,9.9086],[98.6891,10.1517],[98.698,10.1706],[98.7233,10.2433],[98.7444,10.3203],[98.7466,10.3319],[98.7461,10.3381],[98.7428,10.3486],[98.7083,10.265],[98.6797,10.1958],[98.626,10.104],[98.5932,10.1205],[98.5072,10.1638],[98.5069,10.23],[98.5144,10.2436],[98.5339,10.3461],[98.5325,10.3517],[98.5114,10.4197],[98.5031,10.4322],[98.4983,10.4344],[98.4955,10.4386],[98.4922,10.4492],[98.4598,10.6533],[98.508,10.7228],[98.5142,10.7192],[98.5214,10.6989],[98.5242,10.6947],[98.5289,10.6925],[98.5347,10.6939],[98.5389,10.6967],[98.5641,10.7272],[98.6275,10.8461],[98.708,10.9142],[98.7108,10.9183],[98.7186,10.9525],[98.7186,10.9594],[98.7155,10.9769],[98.7108,10.9928],[98.6941,11.1364],[98.6997,11.1378],[98.7242,11.1622],[98.7364,11.1778],[98.7383,11.1825],[98.7583,11.265],[98.7578,11.2711],[98.7308,11.3267],[98.7234,11.3399],[98.7384,11.4351],[98.8674,11.645],[98.7405,11.6517],[98.7436,11.6669],[98.7494,11.6808],[98.7522,11.6847],[98.8267,11.7089],[98.8331,11.7081],[98.8744,11.6997],[98.8842,11.6953],[98.8847,11.6892],[98.8897,11.6883],[98.8911,11.6939],[98.8905,11.7003],[98.8808,11.7114],[98.8517,11.7311],[98.8475,11.7339],[98.785,11.7669],[98.7075,11.6972],[98.6925,11.6775],[98.6875,11.6756],[98.663,11.6864],[98.6547,11.6919],[98.6094,11.7239],[98.5994,11.7469],[98.5975,11.7517],[98.6047,11.8019],[98.6069,11.8067],[98.663,11.9164],[98.718,11.9589],[98.7211,11.9631],[98.7219,11.9761],[98.7208,12.0139],[98.7003,12.0447],[98.6667,12.1359],[98.6624,12.1729],[98.7104,12.1994],[98.7059,12.2245],[98.6865,12.2419],[98.6556,12.231],[98.654,12.2447],[98.6468,12.3067],[98.6839,12.3161],[98.7036,12.34],[98.6793,12.37],[98.6447,12.3858],[98.6369,12.3917],[98.6188,12.5479],[98.6197,12.5531],[98.6233,12.5633],[98.6489,12.6081],[98.6808,12.6908],[98.6369,12.8686],[98.635,12.8733],[98.6322,12.8775],[98.6216,12.8881],[98.5961,12.9111],[98.5914,12.9203],[98.5847,13.0903],[98.5839,13.1542],[98.5847,13.1672],[98.5833,13.1728],[98.5794,13.1825],[98.5739,13.1908],[98.5267,13.235],[98.5225,13.2378],[98.493,13.2564],[98.4747,13.2847],[98.4586,13.355],[98.4583,13.3614],[98.4491,13.4078],[98.4311,13.4742],[98.4289,13.4789],[98.4038,13.5211],[98.3236,13.6339],[98.2867,13.6842],[98.2517,13.7783],[98.2491,13.8592],[98.2358,13.9442],[98.2325,13.9617],[98.2144,14.0233],[98.2113,14.0286],[98.1889,14.0586],[98.1855,14.0592],[98.1817,14.0436],[98.1801,14.0302],[98.1792,14.0211],[98.1878,13.9378],[98.1961,13.895],[98.198,13.6619],[98.1967,13.6508],[98.194,13.6578],[98.1035,13.901],[98.1036,13.9058],[98.0836,14.0483],[98.0894,14.1786],[98.085,14.1811],[98.0733,14.1961],[98.0619,14.2119],[98.0355,14.2506],[98.015,14.2844],[98.008,14.2978],[97.983,14.3558],[97.9814,14.3608],[97.8772,14.6733],[97.8542,14.7175],[97.828,14.7886],[97.7973,14.882],[97.7986,14.9219],[97.8114,15.1047],[97.8119,15.1464],[97.8105,15.1589],[97.7983,15.1856],[97.7814,15.2022],[97.7697,15.2108],[97.7428,15.2522],[97.7353,15.3308],[97.7361,15.3589],[97.7797,15.4267],[97.7644,15.5108],[97.7214,15.7653],[97.7253,15.7681],[97.7269,15.7728],[97.7272,15.7789],[97.7255,15.8428],[97.7236,15.8506],[97.7094,15.885],[97.693,15.9106],[97.6414,15.9467],[97.6361,15.9529],[97.6114,16.0958],[97.6109,16.1042],[97.6144,16.1117],[97.6164,16.1164],[97.6189,16.1267],[97.6489,16.2567],[97.6508,16.2675],[97.6503,16.2869],[97.638,16.3094],[97.6266,16.3328],[97.6233,16.3433],[97.6211,16.3553],[97.6203,16.3672],[97.6225,16.4242],[97.6339,16.4883],[97.6364,16.4925],[97.6778,16.5394],[97.685,16.5458],[97.7373,16.5608],[97.7375,16.5639],[97.7344,16.5678],[97.73,16.57],[97.7194,16.5728],[97.713,16.5731],[97.704,16.5722],[97.6658,16.55],[97.5833,16.5325],[97.5778,16.5336],[97.5594,16.535],[97.5083,16.5364],[97.4103,16.5244],[97.4055,16.5222],[97.4017,16.5192],[97.3868,16.504],[97.3604,16.5216],[97.3578,16.5256],[97.3408,16.561],[97.215,16.9398],[97.1733,16.9946],[97.165,17.0558],[97.1503,17.1239],[97.0616,17.2519],[97.0108,17.2928],[96.9691,17.32],[96.9191,17.3586],[96.9039,17.3711],[96.8972,17.3781],[96.8922,17.3869],[96.878,17.45],[96.8422,17.405],[96.8789,17.3453],[96.7704,17.3327],[96.7341,16.888],[96.6629,16.6972],[96.4692,16.5126],[96.4429,16.4999],[96.4094,16.4983],[96.3797,16.5014],[96.3753,16.5036],[96.3033,16.5464],[96.2922,16.5556],[96.2647,16.5975],[96.2289,16.7014],[96.2228,16.7311],[96.221,16.7419],[96.2203,16.7503],[96.223,16.7606],[96.2325,16.7714],[96.2403,16.7771],[96.2491,16.7828],[96.2647,16.7886],[96.2742,16.7933],[96.2814,16.8],[96.2831,16.8047],[96.2839,16.8103],[96.2744,16.8142],[96.2605,16.8131],[96.2419,16.8037],[96.1958,16.7664],[96.1994,16.7244],[96.2072,16.6822],[96.2275,16.5914],[96.2289,16.5856],[96.248,16.5467],[96.2547,16.5344],[96.2709,16.5061],[96.3005,16.4653],[96.3031,16.462],[96.3048,16.4603],[96.3072,16.4583],[96.3123,16.4578],[96.2929,16.4278],[96.2039,16.385],[96.1292,16.3499],[96.0847,16.3519],[96.0068,16.3831],[96.0661,16.3411],[96.0736,16.335],[96.0755,16.3297],[96.0757,16.3248],[95.8913,16.2384],[95.8897,16.2386],[95.885,16.2361],[95.8822,16.2341],[95.7138,16.1552],[95.5523,15.8753],[95.4182,15.7417],[95.375,15.7105],[95.3055,15.7197],[95.2907,15.7244],[95.2862,15.7297],[95.2855,15.7333],[95.2783,15.7867],[95.2778,15.7933],[95.2778,15.83],[95.2794,15.835],[95.2825,15.8386],[95.298,15.8506],[95.305,15.8572],[95.3175,15.8717],[95.32,15.8758],[95.36,15.9689],[95.365,15.9892],[95.3658,15.9947],[95.3669,16.0431],[95.3628,16.1394],[95.3608,16.1447],[95.3561,16.1422],[95.335,16.1225],[95.3289,16.1153],[95.3247,16.1061],[95.3253,16.0994],[95.3272,16.0942],[95.343,16.0756],[95.3478,16.0667],[95.3497,16.0467],[95.3494,16.0286],[95.3492,16.0167],[95.3464,16.0003],[95.3433,15.9908],[95.3297,15.9647],[95.288,15.8937],[95.2842,15.8888],[95.2818,15.887],[95.2636,15.8636],[95.258,15.8617],[95.2461,15.8628],[95.2411,15.8644],[95.238,15.8681],[95.2361,15.8806],[95.2394,15.8903],[95.2608,15.9368],[95.2651,15.9481],[95.2679,15.9568],[95.2686,15.9599],[95.2744,15.9969],[95.2733,16.0028],[95.2383,15.9461],[95.2336,15.9378],[95.2319,15.9331],[95.2217,15.893],[95.2202,16.0017],[95.1248,15.9951],[95.1026,15.972],[95.1011,15.985],[95.1005,15.9903],[95.1011,16.0203],[95.103,16.0372],[95.1066,16.0589],[95.108,16.0636],[95.1105,16.0681],[95.123,16.0825],[95.1347,16.0914],[95.157,16.1045],[95.1703,16.1119],[95.1758,16.1139],[95.1828,16.1144],[95.1883,16.1136],[95.1983,16.1106],[95.2047,16.1103],[95.223,16.1139],[95.2269,16.1169],[95.2258,16.1217],[95.2214,16.1239],[95.1828,16.1364],[95.1778,16.1367],[95.1372,16.1372],[95.0939,16.1025],[95.0878,16.0953],[95.0853,16.0911],[95.0694,16.0608],[95.0653,16.0458],[95.0697,16.0008],[95.0747,15.9772],[95.0746,15.9482],[95.0735,15.9415],[94.9726,15.836],[94.8501,15.8411],[94.8549,15.8884],[94.8353,15.9389],[94.8364,15.9564],[94.8873,16.0178],[94.8817,16.0483],[94.8711,16.0944],[94.8614,16.1305],[94.8678,16.1436],[94.878,16.16],[94.8936,16.1781],[94.9039,16.1883],[94.9139,16.1928],[94.9339,16.1939],[94.9464,16.1964],[94.9517,16.1981],[94.9603,16.2036],[94.9719,16.2128],[94.9789,16.2194],[94.9905,16.2344],[94.9939,16.2442],[94.9908,16.2467],[94.898,16.2067],[94.8933,16.2042],[94.8855,16.1981],[94.873,16.1836],[94.8611,16.1625],[94.8469,16.1372],[94.8444,16.1269],[94.8458,16.1136],[94.8514,16.07],[94.8503,16.0515],[94.8565,16.0408],[94.8571,16.0373],[94.8567,16.0305],[94.8523,16.0228],[94.8403,15.9933],[94.772,15.9134],[94.7534,15.9372],[94.8196,16.1597],[94.8193,16.2105],[94.6861,16.1739],[94.6869,16.1833],[94.6864,16.1958],[94.6444,16.3361],[94.6411,16.3397],[94.6311,16.3428],[94.618,16.3408],[94.6094,16.3353],[94.6064,16.3317],[94.5566,16.2708],[94.5425,16.2904],[94.5356,16.2979],[94.5276,16.2973],[94.5142,16.2893],[94.5105,16.2771],[94.518,16.2536],[94.5169,16.2108],[94.5119,16.1917],[94.5086,16.1819],[94.5064,16.1778],[94.4518,16.0929],[94.4156,16.0762],[94.3536,16.0054],[94.3272,15.9853],[94.265,15.9628],[94.2371,15.9727],[94.2042,16.0228],[94.1997,16.0325],[94.2319,16.3483],[94.2336,16.3533],[94.3033,16.5208],[94.3083,16.5192],[94.3197,16.5225],[94.3236,16.5256],[94.3275,16.5286],[94.3433,16.5467],[94.3455,16.5511],[94.3503,16.5656],[94.4061,16.7958],[94.4064,16.8017],[94.3953,16.8411],[94.3933,16.8461],[94.41,16.8947],[94.4547,16.9655],[94.5253,17.1733],[94.5117,17.2158],[94.5505,17.3169],[94.563,17.415],[94.5682,17.4629],[94.5697,17.5019],[94.6116,17.5428],[94.6147,17.5464],[94.6114,17.5578],[94.5922,17.6153],[94.5825,17.6339],[94.5436,17.7083],[94.4939,17.8333],[94.4669,18.0031],[94.4828,18.0153],[94.4878,18.0239],[94.4894,18.0286],[94.4903,18.0342],[94.4905,18.0586],[94.4883,18.0711],[94.3833,18.3628],[94.3425,18.3967],[94.2928,18.4639],[94.2631,18.5391],[94.2633,18.5394],[94.2625,18.5461],[94.2386,18.7378],[94.1472,18.8672],[94.1431,18.8669],[94.1375,18.8589],[94.1361,18.8559],[94.0576,19.0514],[94.0578,19.0519],[94.0558,19.0559],[94.0537,19.0611],[94.052,19.0637],[94.0464,19.0753],[94.0444,19.0753],[94.0261,19.1029],[94.0269,19.1433],[94.0418,19.1822],[94.048,19.2018],[94.0513,19.2216],[94.0474,19.245],[94.0333,19.2444],[94.0347,19.2308],[94.0347,19.2186],[94.0322,19.2081],[94.0283,19.1989],[94.0233,19.1903],[94,19.1528],[93.9955,19.1492],[93.9656,19.1944],[93.9448,19.1546],[93.9422,19.1567],[93.8955,19.2117],[93.8743,19.256],[93.8961,19.2731],[93.9178,19.2936],[93.9489,19.325],[93.9753,19.3542],[93.9792,19.3633],[93.9833,19.3789],[93.9925,19.4517],[93.9919,19.4572],[93.9886,19.4608],[93.9822,19.4611],[93.9758,19.4597],[93.9703,19.4578],[93.9097,19.4769],[93.8208,19.5486],[93.7364,19.6178],[93.7305,19.6258],[93.7286,19.6311],[93.6844,19.7194],[93.6162,19.716],[93.5989,19.7356],[93.598,19.7808],[93.6011,19.7908],[93.6564,19.8719],[93.6628,19.8794],[93.6722,19.8844],[93.678,19.8864],[93.6914,19.8883],[93.698,19.8883],[93.7033,19.8869],[93.7078,19.8844],[93.723,19.8792],[93.7294,19.8792],[93.7344,19.8817],[93.7419,19.9167],[93.7286,19.9317],[93.7233,19.9331],[93.7169,19.9333],[93.6139,19.9078],[93.61,19.9047],[93.6075,19.9003],[93.6066,19.895],[93.6042,19.8906],[93.5978,19.8831],[93.5883,19.8781],[93.5825,19.8772],[93.5772,19.8789],[93.5575,19.8867],[93.553,19.8886],[93.5474,19.8972],[93.5512,19.9054],[93.562,19.9101],[93.5438,19.9252],[93.526,19.9222],[93.515,19.9381],[93.5087,19.9571],[93.4897,19.9642],[93.4625,19.9593],[93.4562,19.951],[93.4488,19.9494],[93.4422,19.9503],[93.4175,19.9675],[93.4089,19.9803],[93.4019,20.0028],[93.3983,20.0214],[93.3711,20.0419],[93.2831,20.0444],[93.2694,20.0422],[93.2564,20.0422],[93.1664,20.0533],[93.1619,20.0556],[93.1458,20.0675],[93.1386,20.0742],[93.1283,20.0856],[93.1361,20.0578],[93.1537,20.0144],[93.0656,19.9928],[93.0055,20.0351],[92.9844,20.0694],[92.9794,20.0794],[92.9722,20.1228],[92.9728,20.1283],[92.9786,20.1278],[92.9828,20.1247],[92.9875,20.1225],[92.9925,20.1211],[92.9991,20.1208],[93.0586,20.13],[93.0972,20.1586],[93.1083,20.1689],[93.1147,20.1764],[93.1164,20.1811],[93.1205,20.2139],[93.1191,20.2183],[93.1142,20.2186],[93.1036,20.2139],[93.0861,20.2025],[93.078,20.1964],[93.0661,20.1869],[93.0472,20.1703],[93.0367,20.1597],[93.0255,20.1497],[93.0167,20.1442],[93.0114,20.1419],[93.0047,20.1408],[92.9989,20.1414],[92.995,20.1444],[92.9922,20.1489],[92.9905,20.1625],[92.9894,20.2061],[93.0328,20.3847],[93.08,20.5094],[93.0847,20.5244],[93.0847,20.5367],[93.0839,20.5433],[93.0817,20.5486],[93.0778,20.5517],[93.0744,20.5478],[93.0314,20.4694],[93.0225,20.4406],[93.02,20.4239],[93.0186,20.4067],[93.0186,20.4006],[93.0211,20.3803],[93.0219,20.3611],[93.0203,20.35],[93.01,20.3025],[93.0036,20.2889],[92.8971,20.1267],[92.9333,20.3102],[92.9215,20.3737],[92.8369,20.4191],[92.7961,20.49],[92.7136,20.6008],[92.6522,20.6831],[92.6453,20.6906],[92.6408,20.6928],[92.635,20.6922],[92.6392,20.6817],[92.6447,20.6728],[92.6817,20.6158],[92.6919,20.6047],[92.6998,20.5988],[92.7039,20.5958],[92.7075,20.5919],[92.7117,20.5814],[92.7344,20.4458],[92.7375,20.4264],[92.7377,20.4137],[92.6628,20.4049],[92.6348,20.4274],[92.6197,20.4572],[92.5056,20.6103],[92.4953,20.6214],[92.4603,20.6497],[92.4336,20.6706],[92.428,20.6722],[92.4089,20.6803],[92.3855,20.6914],[92.3775,20.6972],[92.3739,20.7008],[92.3622,20.7586],[92.3108,20.8906],[92.2878,20.9333],[92.2828,20.943],[92.2736,20.9864],[92.2619,21.0543],[92.2564,21.0319],[92.2558,21.0272],[92.2556,20.9831],[92.2572,20.9669],[92.2608,20.9347],[92.2633,20.9192],[92.2686,20.9067],[92.2911,20.8681],[92.3097,20.8311],[92.3303,20.7742],[92.3333,20.7642],[92.3339,20.7514],[92.3317,20.7442],[92.33,20.7414],[92.3275,20.7389],[92.3236,20.738],[92.3197,20.7392],[92.3172,20.7414],[92.3033,20.7561],[92.2978,20.7644],[92.2225,20.9019],[92.2075,20.9331],[92.123,21.0669],[92.0753,21.1222],[92.065,21.1358],[92.0503,21.1581],[92.0458,21.1719],[92.0453,21.1806],[92.0458,21.193],[92.0489,21.2286],[92.0525,21.2536],[92.05,21.2778],[92.0461,21.2922],[92.0269,21.3289],[92.0019,21.3686],[91.9786,21.4014],[91.9719,21.4094],[91.9553,21.4505],[91.973,21.4664],[92.0047,21.4961],[92.0364,21.6353],[92.0394,21.6603],[92.0278,21.7014],[92.0264,21.7042],[92.023,21.7058],[92.0208,21.703],[92.0155,21.68],[92.0161,21.6717],[92.0175,21.6683],[92.015,21.6617],[92.0097,21.6572],[91.9897,21.6483],[91.985,21.6489],[91.9792,21.6519],[91.9767,21.6542],[91.9619,21.6801],[91.9464,21.7335],[91.9546,21.7558],[91.9502,21.7916],[91.9014,21.7744],[91.9153,21.8628],[91.9022,21.9228],[91.8569,22.1028],[91.843,22.1161],[91.8392,22.1158],[91.8358,22.1172],[91.8311,22.1219],[91.8258,22.1303],[91.8222,22.1369],[91.8164,22.1536],[91.8114,22.1936],[91.7886,22.2294],[91.7861,22.2317],[91.7828,22.2375],[91.773,22.255],[91.7708,22.2625],[91.7611,22.32],[91.7589,22.3533],[91.7561,22.3686],[91.7503,22.3856],[91.7419,22.4047],[91.7089,22.4728],[91.7,22.4883],[91.6694,22.5372],[91.6583,22.5542],[91.5675,22.6742],[91.5441,22.7025],[91.4558,22.79],[91.3347,22.7131],[91.2511,22.6592],[91.2558,22.6544],[91.2594,22.6477],[91.1147,22.5775],[91.1119,22.5775],[91.0419,22.5911],[91.0078,22.5795],[91.0008,22.5747],[90.9947,22.5714],[90.9828,22.5683],[90.9689,22.5697],[90.9617,22.5717],[90.9483,22.5783],[90.9436,22.5822],[90.8336,22.6856],[90.8294,22.6911],[90.7994,22.7322],[90.7817,22.7569],[90.7764,22.7656],[90.7508,22.823],[90.748,22.8606],[90.7458,22.8717],[90.7233,22.9225],[90.7219,22.9256],[90.7072,22.9489],[90.6797,22.9917],[90.6439,23.0317],[90.6305,23.0417],[90.6266,23.0483],[90.6239,23.0586],[90.6239,23.0633],[90.6386,23.1892],[90.6439,23.2083],[90.6297,23.3175],[90.6266,23.3189],[90.6158,23.3278],[90.595,23.3672],[90.5936,23.3706],[90.593,23.3786],[90.5975,23.455],[90.5986,23.4628],[90.6066,23.4744],[90.6258,23.4844],[90.6364,23.4878],[90.6414,23.4878],[90.658,23.4847],[90.6889,23.4756],[90.6927,23.4764],[90.6964,23.4783],[90.7014,23.4828],[90.7125,23.4958],[90.7167,23.5047],[90.7175,23.5133],[90.7167,23.545],[90.7119,23.5492],[90.705,23.5522],[90.6917,23.5514],[90.6978,23.525],[90.6964,23.5161],[90.695,23.5125],[90.6911,23.5072],[90.6664,23.5177],[90.6477,23.5125],[90.6457,23.5019],[90.603,23.4897],[90.5986,23.4903],[90.5961,23.4972],[90.5867,23.5339],[90.5867,23.5467],[90.5892,23.5539],[90.6058,23.5792],[90.6111,23.5842],[90.5938,23.598],[90.5608,23.5867],[90.4736,23.5758],[90.4847,23.5622],[90.49,23.5581],[90.4994,23.5528],[90.5158,23.5492],[90.5736,23.5467],[90.5786,23.5419],[90.5794,23.5378],[90.5794,23.5203],[90.5753,23.4478],[90.5747,23.4392],[90.5736,23.4353],[90.5503,23.3839],[90.5458,23.3847],[90.4858,23.3961],[90.3975,23.4133],[90.3741,23.4192],[90.3347,23.4292],[90.3108,23.4358],[90.3089,23.4144],[90.4236,23.3267],[90.4294,23.3233],[90.4714,23.3064],[90.4897,23.3],[90.5075,23.2975],[90.5267,23.2968],[90.5542,23.2942],[90.5622,23.2925],[90.57,23.2897],[90.5803,23.2839],[90.6055,23.2431],[90.6125,23.2222],[90.6139,23.2144],[90.6147,23.1894],[90.6005,23.1253],[90.5961,23.1106],[90.5786,23.09],[90.5639,23.0761],[90.558,23.0722],[90.5497,23.0711],[90.4931,23.072],[90.4586,23.0717],[90.4503,23.0706],[90.4466,23.065],[90.4458,23.0558],[90.4472,23.0483],[90.4492,23.0436],[90.4817,22.9647],[90.473,22.8805],[90.4648,22.8793],[90.4244,22.7702],[90.4561,22.7494],[90.4851,22.7087],[90.4838,22.6808],[90.5954,22.4446],[90.5904,22.4324],[90.6169,22.3711],[90.6178,22.3539],[90.6169,22.3361],[90.6142,22.3106],[90.6108,22.295],[90.6033,22.2744],[90.5641,22.2097],[90.56,22.2039],[90.5276,22.1875],[90.4959,22.1722],[90.4909,22.1439],[90.4464,22.0761],[90.4405,22.0717],[90.4317,22.0706],[90.4253,22.0739],[90.3944,22.0906],[90.3892,22.0956],[90.388,22.1036],[90.3897,22.1117],[90.4058,22.1517],[90.4064,22.2072],[90.4055,22.2325],[90.4014,22.2606],[90.3883,22.2178],[90.3867,22.2092],[90.3905,22.2039],[90.3964,22.1642],[90.3711,22.0814],[90.368,22.0753],[90.3583,22.0658],[90.3486,22.0564],[90.3436,22.0514],[90.3392,22.0464],[90.3314,22.0353],[90.3172,22.0022],[90.31,21.9822],[90.3055,21.9667],[90.2917,21.9058],[90.2905,21.8975],[90.2841,21.8753],[90.2794,21.8622],[90.2725,21.8492],[90.2675,21.8447],[90.2114,21.8061],[90.1975,21.8008],[90.1897,21.7989],[90.1708,21.7983],[90.1547,21.8017],[90.1155,21.8122],[90.1093,21.8155],[90.0424,21.9303],[90.0301,21.946],[90.0336,21.9522],[90.059,21.9888],[90.0525,21.9822],[90.0453,21.98],[90.0358,21.9811],[90.0069,21.9911],[90.0,21.9945],[89.9966,22.0001],[89.9919,22.0253],[90.0392,22.1244],[90.0422,22.1308],[90.0466,22.1353],[90.0597,22.1419],[90.0667,22.1442],[90.0728,22.1475],[90.0767,22.153],[90.08,22.1597],[90.073,22.1628],[90.0667,22.16],[90.0439,22.1444],[90.0389,22.1406],[90.0339,22.1353],[89.9795,22.0389],[89.9772,22.0312],[89.9772,22.0225],[89.9783,22.0147],[89.9797,22.01],[89.9143,22.0931],[89.9153,22.1014],[89.9153,22.1278],[89.9142,22.1447],[89.8961,22.2],[89.8867,22.2194],[89.8797,22.2305],[89.8772,22.2369],[89.8744,22.2447],[89.8722,22.2603],[89.8725,22.2694],[89.8758,22.2839],[89.9094,22.3542],[89.9161,22.3669],[89.9311,22.3894],[89.9453,22.4039],[89.9705,22.4272],[89.9744,22.4325],[89.9848,22.4503],[90,22.4838],[89.9817,22.4689],[89.9766,22.4648],[89.943,22.4336],[89.9094,22.3903],[89.86,22.3147],[89.8478,22.2867],[89.8411,22.2672],[89.8417,22.2547],[89.8517,22.2189],[89.8575,22.2017],[89.8608,22.1897],[89.8658,22.1717],[89.8669,22.165],[89.8691,22.1453],[89.8696,22.133],[89.7963,21.8321],[89.7903,21.8267],[89.7836,21.8258],[89.6989,21.7839],[89.5811,21.7017],[89.5783,21.7019],[89.5208,21.8152],[89.5244,21.8283],[89.5269,21.8328],[89.5331,21.8406],[89.5547,21.8622],[89.5611,21.87],[89.5655,21.8789],[89.5708,21.8933],[89.598,22.0817],[89.6039,22.2572],[89.6208,22.3244],[89.6094,22.3147],[89.5772,22.2639],[89.55,22.2103],[89.5464,22.2008],[89.5455,22.1953],[89.5483,22.1825],[89.5508,22.1772],[89.5566,22.1686],[89.5675,22.1575],[89.5761,22.1442],[89.5786,22.1389],[89.5808,22.1256],[89.5803,22.1136],[89.5505,22.0018],[89.5478,21.9917],[89.5389,21.9858],[89.5322,21.9855],[89.5233,21.9906],[89.5186,22.0008],[89.534,22.0639],[89.525,22.0979],[89.5103,22.1408],[89.4872,22.1969],[89.4864,22.2155],[89.4869,22.2211],[89.4892,22.2317],[89.4936,22.2406],[89.4964,22.2508],[89.4972,22.2564],[89.4969,22.2625],[89.4928,22.2739],[89.4758,22.2914],[89.4736,22.2869],[89.4619,22.2286],[89.4614,22.223],[89.4617,22.2169],[89.4633,22.2108],[89.4925,22.1319],[89.5026,22.1101],[89.5131,22.0891],[89.5189,22.0644],[89.4877,22.0323],[89.5194,21.9533],[89.5169,21.9131],[89.5164,21.9075],[89.4982,21.8598],[89.4566,21.9417],[89.3627,21.821],[89.363,21.8294],[89.3658,21.8397],[89.368,21.8442],[89.3733,21.8525],[89.3775,21.8558],[89.3805,21.8597],[89.3828,21.8642],[89.3855,21.8742],[89.3858,21.8858],[89.3836,21.8994],[89.3747,21.9286],[89.37,21.9389],[89.3578,21.9642],[89.3547,21.9686],[89.3497,21.9672],[89.2958,21.7614],[89.2951,21.734],[89.2339,21.6554],[89.2073,21.6749],[89.2158,21.688],[89.2186,21.6983],[89.2167,21.7236],[89.19,21.7875],[89.1603,21.7861],[89.1564,21.7839],[89.1494,21.7839],[89.1441,21.785],[89.1394,21.7872],[89.1075,21.8042],[89.1033,21.8069],[89.0997,21.8106],[89.0975,21.8158],[89.0789,21.8967],[89.0881,21.964],[89.0896,22.0146],[89.0613,22.053],[89.0569,22.0711],[89.0566,22.0775],[89.0583,22.0942],[89.063,22.1155],[89.0628,22.1211],[89.0611,22.1272],[89.0533,22.1336],[89.0486,22.1358],[89.0439,22.1364],[89.0422,22.1328],[89.0367,22.0981],[89.0378,22.0794],[89.0397,22.0661],[89.045,22.0481],[89.0503,22.0386],[89.0569,22.0306],[89.0616,22.02],[89.0633,22.0142],[89.0644,22.0072],[89.0653,21.9889],[89.0641,21.9417],[89.0628,21.9367],[89.0575,21.9283],[89.0486,21.9222],[89.0056,21.9036],[89.0164,21.8658],[89.0186,21.8606],[89.0575,21.7467],[88.9948,21.6295],[89.0056,21.6005],[89.0019,21.6014],[88.9208,21.6339],[88.8555,21.6328],[88.8494,21.625],[88.7844,21.5569],[88.7725,21.5531],[88.7389,21.5497],[88.7336,21.5508],[88.7198,21.5577],[88.6849,21.7239],[88.6966,21.843],[88.714,21.9312],[88.724,21.9635],[88.747,21.9847],[88.7656,22.0052],[88.7526,22.0437],[88.713,22.0619],[88.7278,22.0275],[88.728,22.0214],[88.7275,22.0158],[88.6883,21.9347],[88.6836,21.9319],[88.6778,21.9311],[88.6389,21.9392],[88.6342,21.9414],[88.6305,21.945],[88.6258,21.9553],[88.623,21.9681],[88.6587,22.017],[88.6507,22.0474],[88.6378,22.0967],[88.6447,22.1219],[88.655,22.145],[88.658,22.1489],[88.6775,22.1655],[88.6805,22.1694],[88.6828,22.1739],[88.6844,22.1908],[88.6822,22.1958],[88.6786,22.1994],[88.6736,22.2017],[88.6678,22.2022],[88.6611,22.2005],[88.6403,22.1608],[88.6139,22.1008],[88.6125,22.0958],[88.6194,22.0719],[88.6241,22.0617],[88.6261,22.0425],[88.6255,22.0369],[88.5966,21.9884],[88.6036,21.9369],[88.5917,21.8972],[88.5855,21.8894],[88.5842,21.8883],[88.5676,21.8954],[88.5298,21.8426],[88.5139,21.9253],[88.5105,21.9369],[88.5044,21.9458],[88.4961,21.9503],[88.4719,21.8914],[88.4714,21.8858],[88.4683,21.7831],[88.4692,21.7577],[88.4539,21.7363],[88.3818,21.5872],[88.3086,21.603],[88.3058,21.6075],[88.3039,21.6133],[88.3028,21.6203],[88.3039,21.6314],[88.3089,21.6578],[88.3078,21.6942],[88.3011,21.7464],[88.2972,21.7728],[88.2955,21.7786],[88.2919,21.7822],[88.2678,21.8008],[88.2619,21.8],[88.258,21.7967],[88.2571,21.7902],[88.2575,21.7792],[88.2608,21.7672],[88.2747,21.7258],[88.2892,21.6942],[88.2911,21.688],[88.2933,21.6747],[88.308,21.5767],[88.3083,21.5706],[88.3069,21.5656],[88.3039,21.5617],[88.2991,21.5589],[88.2938,21.5567],[88.2479,21.5961],[88.198,21.7014],[88.2033,21.7089],[88.2047,21.7139],[88.2058,21.7253],[88.207,21.7825],[88.2058,21.8014],[88.1861,21.8336],[88.1736,21.8503],[88.1605,21.865],[88.155,21.8747],[88.1533,21.8805],[88.1422,21.9489],[88.1419,21.955],[88.1436,21.9655],[88.145,21.9706],[88.1494,21.9797],[88.1769,22.015],[88.1925,22.0283],[88.1994,22.0356],[88.2086,22.0472],[88.2158,22.0608],[88.2186,22.0708],[88.2189,22.0828],[88.203,22.1433],[88.2014,22.1494],[88.1994,22.1553],[88.1941,22.165],[88.1869,22.1722],[88.17,22.1833],[88.1458,22.1936],[88.0803,22.2086],[88.0336,22.2189],[88.0286,22.2211],[88.0075,22.2353],[87.9966,22.2461],[87.9875,22.2592],[87.9705,22.2872],[87.9658,22.2975],[87.9469,22.3611],[87.9453,22.3742],[87.9447,22.3864],[87.9394,22.4128],[87.9328,22.4208],[87.9278,22.4228],[87.9078,22.4217],[87.9044,22.4192],[87.9439,22.2817],[87.9475,22.2697],[87.9564,22.2567],[87.9819,22.223],[87.9958,22.2078],[88,22.205],[88.0147,22.1989],[88.0705,22.1878],[88.1003,22.1847],[88.118,22.1826],[88.1286,22.18],[88.1333,22.1781],[88.1419,22.1722],[88.1672,22.1386],[88.1744,22.1231],[88.1755,22.1164],[88.1736,22.1058],[88.168,22.0917],[88.165,22.0878],[88.1225,22.0447],[88.11,22.0353],[88.0869,22.0208],[88.0822,22.0181],[88.0367,21.9508],[87.9917,21.8678],[87.9811,21.8511],[87.9719,21.8394],[87.9605,21.8286],[87.8697,21.7525],[87.8294,21.7192],[87.7964,21.6989],[87.685,21.6478],[87.673,21.6439],[87.5217,21.6175],[87.4809,21.6118],[87.4642,21.6094],[87.4458,21.6036],[87.3292,21.5617],[87.2155,21.5528],[87.1989,21.5458],[87.1169,21.5114],[87.1122,21.5083],[87.0717,21.4819],[87.0633,21.4758],[87.0433,21.4594],[87.0125,21.4322],[87.0011,21.4219],[86.9633,21.3819],[86.8844,21.2864],[86.8755,21.2744],[86.8466,21.2228],[86.8386,21.2036],[86.8187,21.1865],[86.7962,21.1357],[86.8442,20.8753],[86.8952,20.7608],[86.8914,20.7594],[86.9018,20.7459],[86.9261,20.6913],[86.8315,20.5517],[86.8133,20.5417],[86.8042,20.5361],[86.788,20.5231],[86.7558,20.4914],[86.7305,20.4611],[86.7264,20.4522],[86.7239,20.4419],[86.7194,20.4078],[86.6379,20.3191],[86.634,20.2375],[86.6219,20.2342],[86.5983,20.2261],[86.5461,20.2078],[86.5405,20.2056],[86.5353,20.203],[86.4905,20.1797],[86.4866,20.1764],[86.4836,20.1725],[86.4864,20.1475],[86.485,20.1425],[86.4573,20.071],[86.3856,20.0167],[86.3573,19.9944],[86.3105,20.0307],[86.2896,20.0601],[86.1964,20.075],[86.2453,20.0233],[86.2972,20.0044],[86.3395,19.9804],[86.2339,19.8971],[86.158,19.8714],[86.0186,19.8314],[85.9542,19.8197],[85.9283,19.8131],[85.8714,19.7978],[85.7414,19.7597],[85.6342,19.7278],[85.4869,19.6667],[85.4797,19.6653],[85.4514,19.6603],[85.4437,19.6664],[85.4506,19.6803],[85.4311,19.6878],[85.4223,19.696],[85.4399,19.7048],[85.4613,19.7136],[85.4895,19.7224],[85.5197,19.7261],[85.5492,19.7324],[85.5606,19.7513],[85.5593,19.8016],[85.575,19.8355],[85.5342,19.8807],[85.4588,19.9033],[85.4349,19.887],[85.3532,19.8292],[85.3268,19.7928],[85.2388,19.7406],[85.2036,19.6828],[85.1703,19.625],[85.1438,19.603],[85.1345,19.5552],[85.1225,19.5422],[85.1219,19.5131],[85.1284,19.5014],[85.1535,19.4988],[85.1677,19.5112],[85.1878,19.5422],[85.1919,19.5724],[85.2323,19.6008],[85.245,19.6445],[85.2539,19.6546],[85.2846,19.6404],[85.3088,19.6419],[85.3443,19.6602],[85.3746,19.6684],[85.3861,19.6845],[85.403,19.6751],[85.41,19.6658],[85.4103,19.6544],[85.4083,19.65],[85.3847,19.6139],[85.3803,19.6111],[85.3616,19.6008],[85.3403,19.5914],[85.3355,19.5933],[85.3319,19.5969],[85.3294,19.6019],[85.3253,19.6131],[85.3167,19.6183],[85.2958,19.5997],[85.2898,19.5952],[85.2991,19.5825],[85.3062,19.5769],[85.3252,19.5723],[85.2912,19.5514],[85.2904,19.5511],[85.2795,19.5443],[85.2779,19.5433],[85.1132,19.4423],[85.0689,19.3864],[84.8805,19.2283],[84.8289,19.1686],[84.7944,19.1208],[84.7861,19.1144],[84.7689,19.1128],[84.7625,19.1122],[84.7266,19.124],[84.7194,19.1125],[84.7175,19.1081],[84.7172,19.1025],[84.7178,19.0964],[84.7353,19.0747],[84.7403,19.0731],[84.7455,19.0753],[84.7483,19.0792],[84.755,19.0922],[84.7589,19.0956],[84.765,19.0975],[84.7808,19.0942],[84.76,19.0614],[84.7139,18.9931],[84.7025,18.9772],[84.7016,18.9761],[84.6588,18.9331],[84.6501,18.9226],[84.64,18.9186],[84.6317,18.9122],[84.613,18.8897],[84.4944,18.7353],[84.3494,18.5689],[84.2873,18.5047],[84.1342,18.3417],[84.1329,18.3386],[84.0338,18.2491],[83.9786,18.2278],[83.8842,18.1889],[83.7724,18.1397],[83.5939,18.0261],[83.5828,18.0175],[83.5755,18.0108],[83.5728,18.0067],[83.5175,17.9333],[83.3864,17.7664],[83.3422,17.7144],[83.2718,17.635],[83.125,17.5335],[83.0103,17.4872],[82.8842,17.4081],[82.8066,17.3825],[82.7775,17.3722],[82.615,17.2911],[82.5489,17.2528],[82.5394,17.2472],[82.5092,17.2267],[82.4753,17.2022],[82.3644,17.1008],[82.3597,17.0958],[82.3133,17.0456],[82.2983,17.0267],[82.2922,17.0136],[82.2486,16.9203],[82.2475,16.9097],[82.2489,16.8975],[82.2519,16.8844],[82.255,16.8803],[82.2702,16.8643],[82.2674,16.857],[82.2346,16.6473],[82.0814,16.4627],[81.8249,16.3451],[81.7728,16.3265],[81.71,16.3181],[81.6534,16.3344],[81.6481,16.3353],[81.5717,16.3425],[81.4939,16.3547],[81.43,16.3681],[81.4123,16.3853],[81.3478,16.3753],[81.3348,16.3731],[81.3287,16.3708],[81.3134,16.3633],[81.2653,16.3322],[81.25,16.3186],[81.2459,16.31],[81.1639,16.0661],[81.152,15.9816],[81.1459,15.9669],[81.1048,15.9381],[81.0437,15.8914],[81.0359,15.8847],[81.0292,15.8778],[81.0017,15.8444],[80.9984,15.8353],[80.9984,15.83],[80.9998,15.8233],[81.0045,15.8128],[81.0117,15.8064],[81.015,15.8022],[81.0175,15.7975],[81.0206,15.7844],[81.0198,15.7794],[81.0173,15.7756],[81.012,15.7742],[81.0067,15.775],[80.9978,15.7792],[80.9056,15.8492],[80.8998,15.8581],[80.8984,15.8633],[80.9028,15.8828],[80.9122,15.9322],[80.908,15.9778],[80.9036,16.0081],[80.8919,16.0261],[80.8783,16.0153],[80.8769,16.0117],[80.8833,15.9947],[80.8892,15.9714],[80.8961,15.9283],[80.8975,15.9111],[80.8903,15.8819],[80.8861,15.8736],[80.8415,15.7844],[80.8143,15.798],[80.8128,15.8219],[80.8075,15.8406],[80.8044,15.8447],[80.7789,15.8764],[80.7753,15.8797],[80.733,15.8947],[80.7283,15.8964],[80.7233,15.8972],[80.6847,15.9],[80.56,15.8789],[80.5542,15.8769],[80.395,15.7908],[80.3672,15.7742],[80.3369,15.7533],[80.3253,15.7439],[80.3141,15.7339],[80.2997,15.7203],[80.2794,15.6992],[80.2653,15.68],[80.2603,15.6714],[80.2355,15.6142],[80.2305,15.6008],[80.2092,15.5308],[80.1364,15.3978],[80.1111,15.3522],[80.0969,15.3222],[80.0908,15.3092],[80.0566,15.1156],[80.055,15.1056],[80.0489,15.0653],[80.0489,15.0489],[80.0497,15.0428],[80.0875,14.8456],[80.106,14.7704],[80.1364,14.4889],[74.2091,14.7526],[74.1531,14.8495],[74.0322,15.0588],[73.9235,15.2477],[73.9058,15.3014],[73.8724,15.3501],[73.87,15.3519],[73.8637,15.3526],[73.8633,15.3525],[73.8414,15.3905],[73.835,15.4059],[73.9125,15.4011],[73.9172,15.4],[73.9267,15.3972],[73.9355,15.3928],[73.9391,15.3897],[73.9441,15.3789],[73.95,15.3694],[73.9536,15.3656],[73.9578,15.3633],[73.9636,15.3636],[73.9642,15.3686],[73.9528,15.3944],[73.9503,15.4],[73.9422,15.4053],[73.9211,15.4169],[73.9169,15.4192],[73.8439,15.4447],[73.8222,15.4464],[73.818,15.4468],[73.5727,16.0379],[73.5081,16.244],[73.4942,16.288],[73.4093,16.5585],[73.3957,16.6164],[73.1847,17.5173],[73.0642,18.0317],[73.0322,18.2157],[72.9761,18.5386],[72.9269,18.8214],[72.9286,18.8219],[72.933,18.8197],[72.97,18.7836],[72.973,18.7789],[72.9875,18.7278],[72.993,18.7906],[72.9447,18.8522],[72.9119,18.9175],[72.9755,18.9467],[73.0547,18.9961],[73.0561,19.0008],[73.0555,19.0119],[73.0533,19.0183],[73.0497,19.0222],[72.9697,19.0789],[72.9322,19.0611],[72.8948,19.0065],[72.8534,19.2447],[72.8458,19.3194],[72.8461,19.3194],[72.8514,19.3192],[72.8564,19.3178],[72.9919,19.2572],[72.9941,19.2508],[73.013,19.2106],[73.0161,19.2058],[73.0258,19.2022],[73.0325,19.2042],[73.0433,19.2097],[73.0475,19.2131],[73.0472,19.2173],[73.0331,19.2519],[73.0067,19.2831],[72.9986,19.2892],[72.99,19.2942],[72.9639,19.3092],[72.9589,19.3106],[72.8794,19.3233],[72.8452,19.326],[72.7825,19.9497],[72.7595,20.0576],[72.8644,20.312],[72.8808,20.3371],[73.1097,20.6873],[73.1129,20.8271],[72.9311,20.9538],[72.8502,21.0499],[72.8525,21.0625],[72.853,21.0678],[72.815,21.1178],[72.808,21.1264],[72.8036,21.1286],[72.7983,21.13],[72.7874,21.1246],[72.7657,21.1504],[72.7147,21.4361],[72.7145,21.4373],[72.7478,21.4519],[72.7519,21.4553],[72.7544,21.4597],[72.755,21.4647],[72.7536,21.4708],[72.7464,21.4786],[72.7411,21.48],[72.7153,21.475],[72.7102,21.4737],[72.7015,21.548],[72.8133,21.6322],[72.8186,21.635],[72.8255,21.6372],[72.8372,21.6372],[72.8539,21.6356],[72.8714,21.6358],[72.8844,21.6383],[72.8983,21.6425],[72.9044,21.645],[73.1111,21.73],[73.1205,21.7364],[73.1272,21.7442],[73.1297,21.7483],[73.1308,21.7536],[73.1264,21.7647],[73.1216,21.7647],[73.0619,21.7411],[73.0558,21.7386],[73.0347,21.7217],[73.0183,21.7133],[72.9767,21.6953],[72.9644,21.69],[72.9366,21.6817],[72.7886,21.6678],[72.7775,21.6686],[72.7725,21.67],[72.7586,21.6767],[72.7503,21.6828],[72.7458,21.685],[72.7405,21.6864],[72.735,21.6869],[72.6851,21.6866],[72.6659,21.8489],[72.6744,21.9284],[72.6811,21.9303],[72.6864,21.9333],[72.7056,21.9514],[72.7344,21.9864],[72.7303,21.9897],[72.7255,21.9919],[72.715,21.9936],[72.7083,21.9925],[72.7028,21.9908],[72.6801,21.9822],[72.6956,22.1285],[72.5317,22.1227],[72.5367,22.1378],[72.5605,22.1808],[72.5672,22.1886],[72.5755,22.1953],[72.5858,22.2014],[72.6069,22.2078],[72.6253,22.2089],[72.6405,22.2047],[72.6494,22.1994],[72.6744,22.1811],[72.6792,22.1789],[72.6894,22.1764],[72.7103,22.1722],[72.7469,22.1647],[72.7531,22.1672],[72.7572,22.1706],[72.7639,22.1783],[72.7742,22.1953],[72.7889,22.2153],[72.7989,22.2269],[72.8116,22.2372],[72.8178,22.2397],[72.8242,22.2411],[72.8355,22.24],[72.8458,22.2372],[72.8503,22.235],[72.8633,22.2267],[72.8758,22.2175],[72.8853,22.2131],[72.8903,22.2117],[72.8958,22.2114],[72.9089,22.2136],[72.915,22.2161],[72.9194,22.2197],[72.923,22.2286],[72.9208,22.2625],[72.9191,22.2678],[72.9117,22.2756],[72.9075,22.2786],[72.8181,22.2722],[72.7903,22.2581],[72.78,22.2522],[72.7392,22.2581],[72.6761,22.2672],[72.5867,22.2856],[72.5811,22.2861],[72.56,22.2797],[72.5478,22.2747],[72.5119,22.2503],[72.5053,22.2425],[72.5031,22.2383],[72.4969,22.2355],[72.473,22.2286],[72.4664,22.2272],[72.4608,22.2278],[72.3989,22.245],[72.3897,22.2494],[72.3858,22.2533],[72.383,22.2611],[72.3758,22.2992],[72.2497,22.2978],[72.2142,22.2947],[72.158,22.2864],[72.1519,22.2839],[72.1505,22.2792],[72.1519,22.2731],[72.155,22.2683],[72.1661,22.2564],[72.1789,22.2475],[72.2539,22.2283],[72.2703,22.2261],[72.2914,22.2325],[72.2969,22.2322],[72.3047,22.2253],[72.3072,22.2186],[72.3219,22.175],[72.3258,22.1567],[72.325,22.1464],[72.3175,22.1133],[72.233,22.0196],[72.2157,21.9884],[72.1792,21.9706],[72.1736,21.9689],[72.1255,21.9728],[72.0408,21.9492],[72.035,21.9467],[72.0317,21.9428],[72.0311,21.9375],[72.0344,21.9328],[72.0436,21.9283],[72.0539,21.9258],[72.1014,21.9167],[72.1122,21.9147],[72.1233,21.9203],[72.1275,21.9239],[72.1336,21.9264],[72.1467,21.9289],[72.1522,21.9286],[72.1558,21.9247],[72.1596,21.8873],[72.129,21.8321],[72.093,21.8286],[72.0872,21.8281],[72.0814,21.8286],[72.0714,21.8311],[72.0303,21.8417],[72.0258,21.8439],[72.0219,21.8478],[72.0136,21.8539],[72.0047,21.8589],[71.9989,21.8564],[71.9955,21.8525],[71.9941,21.8478],[71.9911,21.795],[71.9925,21.7892],[72.0197,21.7736],[72.0253,21.7731],[72.0778,21.7842],[72.1291,21.7873],[72.131,21.7462],[72.2557,21.6321],[72.2784,21.5758],[72.2486,21.4786],[72.2425,21.4653],[72.2336,21.4533],[72.2064,21.4228],[72.1919,21.4133],[72.1794,21.403],[72.173,21.3953],[72.1039,21.3097],[72.1033,21.3044],[72.098,21.2519],[72.1091,21.2122],[72.1108,21.2072],[72.1105,21.2019],[72.1019,21.195],[72.0489,21.1608],[72.0033,21.1347],[71.7936,21.0506],[71.5681,20.975],[71.4825,20.9042],[71.4808,20.8975],[71.4753,20.8878],[71.4669,20.8819],[71.4416,20.8744],[71.3753,20.8553],[71.2236,20.7994],[71.1819,20.78],[71.1347,20.76],[70.9661,20.7028],[70.9605,20.7019],[70.8314,20.6944],[70.8189,20.6975],[70.7183,20.7344],[70.5758,20.7892],[70.5278,20.8111],[70.5178,20.8167],[70.3289,20.9281],[70.2744,20.9681],[70.193,21.0339],[70.0608,21.1444],[70.0455,21.1581],[70.0158,21.1861],[69.8953,21.3261],[69.8561,21.3772],[69.8275,21.4161],[69.7886,21.4664],[69.648,21.6011],[69.6283,21.6181],[69.6155,21.6278],[69.6103,21.6303],[69.5958,21.6333],[69.5833,21.6372],[69.5733,21.6428],[69.5553,21.6586],[69.4369,21.7717],[69.3353,21.8608],[69.3261,21.8669],[69.2294,21.9472],[69.1936,21.9833],[69.1155,22.0625],[69.0178,22.1769],[68.9983,22.1997],[68.9769,22.2272],[68.9628,22.2478],[68.9475,22.2844],[68.9446,22.2938],[69.0142,22.305],[69.1976,22.2834],[69.2116,22.2747],[69.22,22.2731],[69.2383,22.2733],[69.2583,22.2763],[69.4922,22.2488],[69.7692,22.2875],[69.9685,22.3515],[70.1762,22.479],[70.4106,22.7526],[70.3806,22.8606],[70.3386,22.8415],[70.3675,22.8886],[70.3811,22.9056],[70.4347,22.9614],[70.44,22.9631],[70.4539,22.9606],[70.4672,22.9592],[70.4733,22.9592],[70.4844,22.9611],[70.4894,22.9628],[70.4939,22.9653],[70.5017,22.9719],[70.5053,22.9761],[70.5114,22.9853],[70.5225,23.0147],[70.5278,23.0347],[70.5286,23.0464],[70.5275,23.0514],[70.5125,23.0942],[70.5069,23.1022],[70.4866,23.125],[70.4814,23.1275],[70.4796,23.1275],[70.4753,23.1275],[70.4705,23.125],[70.418,23.0928],[70.4108,23.0853],[70.4047,23.0761],[70.3983,23.0578],[70.3986,23.0464],[70.4025,23.0372],[70.4072,23.0228],[70.4091,23.0125],[70.4025,22.9747],[70.3961,22.9436],[70.3939,22.9378],[70.3894,22.9353],[70.3497,22.9297],[70.343,22.9306],[70.3342,22.9367],[70.3286,22.9392],[70.2919,22.9478],[70.2272,22.9575],[69.8494,22.8586],[69.8339,22.8542],[69.8061,22.8403],[69.7928,22.8328],[69.755,22.8061],[69.7472,22.7994],[69.7439,22.7953],[69.7385,22.7869],[69.6649,22.7892],[69.3918,22.8394],[69.1088,22.8986],[69.0594,22.9356],[69.0503,22.9417],[68.9655,22.9786],[68.9427,22.988],[68.9028,23.0047],[68.7525,23.0892],[68.6667,23.1422],[68.6533,23.1525],[68.6494,23.1561],[68.543,23.2692],[68.433,23.43],[68.4058,23.5047],[68.4025,23.5206],[68.4047,23.6003],[68.4061,23.6069],[68.4083,23.6128],[68.4117,23.6169],[68.4233,23.6272],[68.608,23.7475],[68.7208,23.8161],[68.7414,23.8442],[68.61,23.8075],[68.4522,23.7294],[68.4475,23.7269],[68.3867,23.6794],[68.3828,23.6761],[68.3636,23.6406],[68.3572,23.6103],[68.3353,23.5881],[68.3264,23.5828],[68.3214,23.5808],[68.2592,23.5792],[68.2522,23.58],[68.1822,23.5903],[68.1747,23.5917],[68.1497,23.5986],[68.1441,23.6011],[68.1403,23.6047],[68.1394,23.6097],[68.14,23.6161],[68.1433,23.6203],[68.1472,23.6236],[68.1966,23.6617],[68.2011,23.6642],[68.1978,23.7667],[68.1767,23.7467],[68.1711,23.7458],[68.1639,23.7472],[68.1608,23.7514],[68.16,23.7564],[68.1622,23.7692],[68.1642,23.7753],[68.1722,23.7994],[68.1767,23.8114],[68.1819,23.8214],[68.1853,23.8256],[68.1875,23.8317],[68.1861,23.8422],[68.1597,23.8958],[68.158,23.8989],[68.1561,23.8944],[68.1533,23.8822],[68.1528,23.8761],[68.1419,23.7486],[68.1508,23.688],[68.0933,23.6981],[68.0869,23.7],[68.0607,23.7158],[68.0541,23.7391],[68.0572,23.7492],[68.0719,23.7925],[68.0583,23.9022],[68.0483,23.9183],[68.0222,23.9375],[68.0164,23.9386],[68.01,23.937],[68.0139,23.9278],[68.0311,23.9033],[68.035,23.8942],[68.0486,23.8342],[68.05,23.8233],[68.0478,23.8175],[68.024,23.7673],[68.01,23.7693],[67.9475,23.8078],[67.923,23.8333],[67.9083,23.8594],[67.8675,23.9044],[67.8572,23.91],[67.8505,23.9014],[67.8453,23.8914],[67.843,23.8853],[67.8411,23.8669],[67.8439,23.8453],[67.8444,23.8283],[67.8408,23.8158],[67.838,23.8106],[67.7838,23.8012],[67.6923,23.8142],[67.5213,23.9086],[67.538,23.9347],[67.538,23.9381],[67.5007,23.974],[67.4866,24.0453],[67.4612,24.0654],[67.4255,24.0596],[67.378,24.0625],[67.365,24.0664],[67.3594,24.0689],[67.35,24.0747],[67.3464,24.0783],[67.338,24.0897],[67.3025,24.1761],[67.2925,24.2097],[67.2889,24.225],[67.2817,24.2808],[67.2878,24.3183],[67.2739,24.4258],[67.2489,24.455],[67.226,24.4915],[67.2042,24.5882],[67.1536,24.6516],[67.1491,24.6534],[67.1517,24.6581],[67.1961,24.7117],[67.2044,24.7178],[67.2094,24.7194],[67.2383,24.7239],[67.2528,24.7303],[67.2556,24.7355],[67.2561,24.7417],[67.2542,24.7461],[67.2372,24.7711],[67.2336,24.7747],[67.1397,24.7964],[67.1266,24.7967],[66.9772,24.8222],[66.8594,24.8544],[66.8528,24.855],[66.7444,24.8469],[66.733,24.8447],[66.728,24.8428],[66.7147,24.8347],[66.7097,24.8328],[66.6764,24.8256],[66.6708,24.8244],[66.6644,24.8242],[66.6521,24.8259],[66.6512,24.8444],[66.6622,24.8625],[66.6714,24.8761],[66.6753,24.8797],[66.705,24.8917],[66.6889,24.8961],[66.6825,24.8981],[66.6794,24.9022],[66.6775,24.9067],[66.675,24.9169],[66.6736,24.9278],[66.6741,24.9339],[66.7019,25.0519],[66.7264,25.1344],[66.7297,25.1386],[66.7378,25.1542],[66.7392,25.1608],[66.7394,25.1725],[66.7328,25.1975],[66.7244,25.2161],[66.7164,25.2286],[66.7019,25.2433],[66.6472,25.2867],[66.6275,25.2998],[66.6205,25.3175],[66.5717,25.3619],[66.5655,25.3764],[66.5503,25.4514],[66.5411,25.5042],[66.5386,25.5144],[66.438,25.5933],[66.3594,25.6136],[66.2486,25.5969],[66.2269,25.5933],[66.1927,25.5797],[66.168,25.5694],[66.1636,25.5667],[66.1431,25.5104],[66.1414,25.5073],[66.1416,25.5039],[66.1451,25.5024],[66.1526,25.5028],[66.2001,25.5119],[66.2134,25.5151],[66.2188,25.5184],[66.2234,25.5226],[66.2293,25.5304],[66.2603,25.5397],[66.2642,25.5433],[66.2805,25.5472],[66.3272,25.5544],[66.3333,25.5547],[66.34,25.5528],[66.4817,25.4875],[66.4869,25.4844],[66.49,25.4803],[66.5072,25.4206],[66.4323,25.4886],[66.3001,25.4947],[66.1103,25.4285],[65.928,25.4122],[65.788,25.3814],[65.778,25.3775],[65.6733,25.3439],[65.6678,25.3428],[65.6614,25.3425],[65.6478,25.3436],[65.5886,25.3531],[65.5425,25.3658],[65.4664,25.3827],[65.3372,25.3864],[65.2542,25.3775],[65.2428,25.3753],[65.2289,25.3678],[65.2111,25.3569],[65.2075,25.3533],[65.2017,25.3439],[65.2003,25.3369],[65.1961,25.325],[65.1883,25.3097],[65.1819,25.3011],[65.173,25.2956],[65.168,25.2936],[65.1572,25.2906],[65.1397,25.2878],[65.1328,25.2883],[65.1197,25.2919],[65.1091,25.2972],[65.0536,25.3122],[64.9372,25.3247],[64.7875,25.3225],[64.7689,25.3214],[64.7569,25.3197],[64.7286,25.3139],[64.7194,25.3094],[64.7061,25.3011],[64.6889,25.2892],[64.6814,25.2822],[64.678,25.2778],[64.6678,25.2569],[64.6658,25.2511],[64.6617,25.2308],[64.6608,25.2183],[64.665,25.2094],[64.6691,25.2058],[64.6786,25.2003],[64.6966,25.1939],[64.6253,25.1885],[64.6311,25.2086],[64.6311,25.2206],[64.6247,25.2342],[64.6186,25.2422],[64.6097,25.2486],[64.5928,25.2556],[64.5417,25.2708],[64.5347,25.2714],[64.5167,25.2694],[64.5061,25.2664],[64.5022,25.2628],[64.4991,25.2583],[64.388,25.2667],[64.1131,25.3224],[64.086,25.3619],[64.0786,25.4117],[64.0806,25.4175],[64.0839,25.4219],[64.0914,25.4292],[64.1019,25.4322],[64.1083,25.4328],[64.115,25.4308],[64.1369,25.4217],[64.1419,25.4236],[64.1542,25.4419],[64.1547,25.4483],[64.1505,25.4517],[64.1208,25.453],[64.1139,25.4533],[64.0478,25.4436],[64.0217,25.4367],[63.9861,25.4236],[63.9817,25.4208],[63.9778,25.4172],[63.9767,25.4119],[64.0051,25.3925],[63.8336,25.3655],[63.8175,25.3703],[63.8042,25.3736],[63.7486,25.3853],[63.7417,25.3856],[63.7222,25.3853],[63.7097,25.3844],[63.6564,25.3789],[63.6169,25.3703],[63.5725,25.36],[63.5436,25.3464],[63.5222,25.3314],[63.5142,25.325],[63.4714,25.2836],[63.47,25.2803],[63.48,25.2508],[63.4822,25.2464],[63.4292,25.215],[63.3067,25.2186],[63.2997,25.2189],[63.2867,25.2222],[63.275,25.2269],[63.2703,25.2297],[63.2514,25.2355],[63.2317,25.2406],[63.1844,25.2519],[63.1703,25.2547],[63.1558,25.2564],[63.1258,25.2561],[63.1139,25.2544],[63.1089,25.2525],[63.1047,25.2494],[63.0897,25.235],[63.0825,25.2292],[63.0277,25.218],[63.02,25.2164],[63.008,25.2147],[62.9869,25.2167],[62.9539,25.2217],[62.8856,25.2347],[62.8367,25.2447],[62.8094,25.2511],[62.7944,25.2533],[62.7447,25.2594],[62.6005,25.2628],[62.563,25.26],[62.5508,25.2589],[62.5269,25.2556],[62.4817,25.2475],[62.4767,25.2455],[62.3747,25.1828],[62.3175,25.1717],[62.3097,25.1844],[62.3033,25.1925],[62.2953,25.1992],[62.2906,25.2019],[62.27,25.2125],[62.2644,25.2147],[62.2519,25.2186],[62.2369,25.2208],[62.2233,25.2214],[62.2108,25.2206],[62.1678,25.2164],[62.1339,25.2108],[62.1058,25.2044],[62.0839,25.1903],[62.0778,25.1814],[62.0731,25.1708],[62.07,25.1581],[62.0142,25.1167],[61.9589,25.12],[61.9458,25.1197],[61.9339,25.1181],[61.9114,25.1128],[61.8808,25.1006],[61.8619,25.0928],[61.8597,25.0889],[61.8619,25.0844],[61.87,25.0775],[61.8714,25.0725],[61.8637,25.0613],[61.8133,25.0533],[61.7293,25.0485],[61.7244,25.0525],[61.7242,25.0581],[61.7278,25.0847],[61.7303,25.09],[61.7469,25.1022],[61.7564,25.1069],[61.7594,25.1114],[61.7828,25.1631],[61.7842,25.1674],[61.7847,25.1692],[61.7858,25.1808],[61.7822,25.1903],[61.7764,25.1925],[61.6883,25.1994],[61.6375,25.203],[61.6314,25.2025],[61.611,25.1976],[61.5811,25.1997],[61.5194,25.1711],[61.5181,25.1594],[61.5167,25.1547],[61.4994,25.1181],[61.4442,25.0767],[61.4386,25.0753],[61.4033,25.0794],[61.3892,25.0822],[61.225,25.1186],[61.2191,25.1219],[61.2153,25.1242],[61.2111,25.1275],[61.2067,25.1364],[61.2036,25.1467],[61.2017,25.1572],[61.1994,25.1617],[61.1911,25.1683],[61.1797,25.1728],[61.1731,25.1744],[60.9928,25.2122],[60.9661,25.2172],[60.7786,25.2486],[60.7172,25.2581],[60.6558,25.2628],[60.6419,25.2633],[60.6344,25.2642],[60.6222,25.2681],[60.618,25.2714],[60.6158,25.2758],[60.6061,25.3297],[60.6033,25.3461],[60.6039,25.3647],[60.605,25.3717],[60.6056,25.3839],[60.6044,25.3953],[60.6028,25.4003],[60.598,25.4094],[60.5886,25.4208],[60.5722,25.4342],[60.5547,25.4406],[60.5472,25.4417],[60.5192,25.4433],[60.488,25.4406],[60.455,25.4317],[60.4278,25.4158],[60.4103,25.3978],[60.3953,25.3756],[60.3936,25.3694],[60.3942,25.3633],[60.3969,25.3531],[60.4055,25.3339],[60.4114,25.3319],[60.4314,25.3319],[60.4432,25.3269],[60.4545,25.3017],[60.3293,25.3189],[60.3122,25.3267],[60.3072,25.3294],[60.3033,25.3328],[60.2936,25.3444],[60.2922,25.3494],[60.2931,25.3561],[60.1969,25.3653],[60.0919,25.3753],[59.958,25.3728],[59.8389,25.4108],[59.8244,25.4119],[59.79,25.4128],[59.7705,25.4117],[59.733,25.4081],[59.6658,25.3997],[59.6431,25.395],[59.6269,25.3914],[59.6203,25.3917],[59.6058,25.3942],[59.5992,25.3956],[59.5828,25.4025],[59.5678,25.4106],[59.5555,25.4206],[59.5286,25.4508],[59.5072,25.4667],[59.4914,25.4742],[59.4856,25.4761],[59.478,25.4772],[59.4505,25.4778],[59.438,25.4767],[59.4205,25.473],[59.3697,25.4614],[59.247,25.4262],[59.1431,25.3967],[59.12,25.3917],[59.0519,25.3936],[59.0258,25.3975],[59.02,25.3997],[59.005,25.4075],[58.9953,25.4192],[58.9544,25.4711],[58.9486,25.4794],[58.9389,25.4972],[58.9358,25.5011],[58.9325,25.505],[58.92,25.5147],[58.9042,25.5222],[58.8183,25.56],[58.79,25.5647],[58.7686,25.5658],[58.7553,25.5653],[58.7269,25.5589],[58.7169,25.5544],[58.7108,25.5539],[58.4997,25.5872],[58.3955,25.6047],[58.3686,25.6044],[58.3497,25.6022],[58.345,25.6],[58.3364,25.5942],[58.3292,25.5867],[58.3284,25.5855],[58.3264,25.5822],[58.3228,25.5783],[58.3178,25.5761],[58.2043,25.5475],[58.1125,25.5473],[58.0797,25.5581],[58.063,25.5647],[58.058,25.5672],[58.0455,25.5769],[58.0305,25.5911],[58.0239,25.5993],[58.0122,25.6153],[58.0058,25.6292],[58.0008,25.6442],[57.9983,25.6486],[57.9778,25.6836],[57.9744,25.6872],[57.9628,25.6978],[57.9578,25.7003],[57.9511,25.7017],[57.9333,25.7003],[57.8683,25.6803],[57.8339,25.6647],[57.7786,25.6686],[57.7869,25.6983],[57.7853,25.7033],[57.7622,25.7369],[57.7539,25.7433],[57.748,25.7455],[57.7339,25.7478],[57.7269,25.7478],[57.6683,25.7472],[57.6622,25.7464],[57.6572,25.7442],[57.6419,25.7342],[57.6261,25.7303],[57.5242,25.7378],[57.3707,25.7614],[57.328,25.7871],[57.3056,25.789],[57.3017,25.7981],[57.3,25.8031],[57.3003,25.8217],[57.2986,25.8331],[57.2911,25.8656],[57.2714,25.9194],[57.2475,25.9629],[57.2451,26.0185],[57.1762,26.0484],[57.1672,26.0722],[57.1655,26.0836],[57.1669,26.0958],[57.1721,26.1121],[57.0842,26.4047],[57.08,26.4203],[57.0742,26.4472],[57.0742,26.4536],[57.078,26.4725],[57.0897,26.4906],[57.0911,26.4967],[57.093,26.5403],[57.0914,26.5875],[57.0886,26.6278],[57.0878,26.6397],[57.0686,26.7005],[57.0653,26.7106],[57.0619,26.7206],[57.0586,26.7305],[57.0542,26.745],[57.0372,26.8014],[57.0322,26.8225],[57.0256,26.8428],[57.0214,26.8522],[57.0136,26.8653],[57.0044,26.8775],[56.8675,27.0047],[56.8633,27.0081],[56.8453,27.025],[56.8411,27.0344],[56.8447,27.0383],[56.8675,27.0594],[56.8556,27.0761],[56.8089,27.1236],[56.6905,27.1483],[56.6453,27.155],[56.6183,27.1556],[56.6159,27.1549],[56.5322,27.1608],[56.3628,27.1994],[56.3489,27.2011],[56.3344,27.2008],[56.3217,27.1994],[56.1328,27.1603],[56.1131,27.1503],[56.0519,27.1115],[55.8997,27.1048],[55.8073,27.0071],[55.7964,27.0075],[55.7406,27.0015],[55.6576,26.9969],[55.4249,26.9631],[55.3401,26.7994],[55.2892,26.7863],[55.2814,26.7872],[55.2681,26.7867],[55.2439,26.7817],[55.2356,26.7758],[55.2297,26.7711],[55.0981,26.7374],[54.9789,26.5997],[54.8528,26.5192],[54.7947,26.49],[54.7822,26.4908],[54.6903,26.5061],[54.4725,26.5883],[54.3606,26.6558],[54.3319,26.6983],[54.3231,26.7039],[54.303,26.7139],[54.2908,26.7183],[54.2758,26.7183],[54.2639,26.7169],[54.2422,26.7097],[54.233,26.7039],[54.2119,26.6958],[54.1831,26.6981],[54.1542,26.7017],[54.1258,26.7061],[54.0889,26.7167],[54.0658,26.7247],[53.9581,26.7129],[53.6629,26.7448],[53.6464,26.7531],[53.49,26.8517],[53.4819,26.8586],[53.4753,26.8686],[53.4711,26.8775],[53.4703,26.8995],[53.4703,26.9014],[53.4719,26.9281],[53.4694,26.9394],[53.4653,26.9489],[53.4594,26.9575],[53.4439,26.9717],[53.4347,26.9772],[53.3958,26.9994],[53.3842,27.0028],[53.3075,27.0172],[53.2369,27.0403],[53.1664,27.0633],[53.11,27.0842],[53.0011,27.1294],[52.8531,27.2094],[52.8164,27.245],[52.7564,27.2892],[52.6859,27.3215],[52.6822,27.3228],[52.6766,27.3228],[52.6672,27.3228],[52.6547,27.3261],[52.6136,27.3456],[52.6036,27.3505],[52.5711,27.3893],[52.5711,27.3894],[52.5778,27.3978],[52.6094,27.4097],[52.6205,27.4128],[52.6264,27.4617],[52.5417,27.5639],[52.4997,27.6086],[52.4403,27.6408],[52.4278,27.6442],[52.3631,27.6511],[52.2478,27.6783],[52.2242,27.6864],[52.1933,27.7011],[52.1739,27.7122],[52.158,27.7256],[52.1428,27.7403],[52.1369,27.7483],[52.1319,27.7578],[52.125,27.765],[52.0544,27.8142],[52.0428,27.8217],[52.0319,27.8264],[52.0203,27.8303],[51.9783,27.8369],[51.8225,27.85],[51.7922,27.8511],[51.7672,27.8464],[51.7222,27.8328],[51.7172,27.8327],[51.7078,27.8325],[51.6064,27.8419],[51.5845,27.8485],[51.3501,28.0361],[51.2529,28.2088],[51.2378,28.2781],[51.2306,28.2853],[51.146,28.3988],[51.1212,28.4429],[51.0933,28.4972],[51.0756,28.5547],[51.0747,28.5672],[51.0761,28.5733],[51.0764,28.5994],[51.0728,28.6811],[51.0708,28.6992],[51.0675,28.7097],[51.0575,28.7344],[51.0519,28.7431],[51.0292,28.7775],[51.0206,28.7903],[51.0131,28.7975],[51.0042,28.8036],[50.9572,28.8192],[50.9386,28.8244],[50.9317,28.8256],[50.9158,28.8264],[50.9103,28.8244],[50.9048,28.8236],[50.8118,28.9869],[50.8136,28.9889],[50.8233,28.9939],[50.8303,28.9931],[50.8358,28.9906],[50.8547,28.9792],[50.8628,28.9728],[50.8703,28.9653],[50.8817,28.9481],[50.89,28.9414],[50.8956,28.9433],[50.8997,28.9467],[50.9231,28.9972],[50.9289,29.0133],[50.9294,29.0203],[50.9283,29.0389],[50.9253,29.0625],[50.9222,29.0667],[50.8853,29.1033],[50.8361,29.1342],[50.8244,29.1383],[50.8097,29.1397],[50.7239,29.1344],[50.7119,29.1317],[50.7069,29.1292],[50.7064,29.1287],[50.7025,29.1338],[50.7047,29.4006],[50.6445,29.4604],[50.6417,29.4658],[50.6367,29.475],[50.6253,29.4922],[50.5472,29.557],[50.3598,29.7429],[50.1343,30.0638],[50.1336,30.0689],[50.1106,30.1244],[50.0994,30.1483],[50.0836,30.1753],[50.0775,30.1839],[50.0625,30.1983],[50.0486,30.2072],[50.038,30.2128],[50.0261,30.2158],[50.0064,30.2189],[50.0,30.2184],[49.9267,30.2078],[49.8989,30.1981],[49.8742,30.1856],[49.8397,30.1675],[49.8278,30.1586],[49.7233,30.0914],[49.5893,30.0136],[49.5387,30.0182],[49.5014,30.0539],[49.4972,30.0636],[49.4967,30.0697],[49.4989,30.0822],[49.5008,30.0878],[49.4994,30.105],[49.4969,30.1161],[49.493,30.1328],[49.4917,30.1383],[49.4875,30.1483],[49.4844,30.1525],[49.4797,30.1556],[49.468,30.1594],[49.4555,30.1628],[49.4233,30.1703],[49.353,30.1717],[49.3158,30.1636],[49.2668,30.1791],[49.2351,30.2234],[49.2272,30.3788],[49.2625,30.4194],[49.2653,30.4242],[49.2655,30.4297],[49.2605,30.443],[49.2239,30.4733],[49.2224,30.4741],[49.2222,30.4775],[49.2179,30.4765],[49.1928,30.4897],[49.1003,30.5161],[49.0389,30.5192],[48.985,30.5131],[48.9728,30.51],[48.953,30.4997],[48.9447,30.4931],[48.8686,30.3642],[48.8642,30.3539],[48.86,30.3147],[48.8611,30.3092],[48.8669,30.2939],[48.8758,30.2811],[48.8842,30.2747],[48.8889,30.2717],[48.8904,30.271],[48.8013,30.0827],[48.7417,30.0263],[48.7081,30.0272],[48.6597,30.0019],[48.6598,29.9982],[48.5536,29.9946],[48.5106,29.9932],[48.3203,29.9645],[48.3064,29.9706],[48.2786,29.988],[48.2536,30.0014],[48.2333,30.0117],[48.1897,30.0294],[48.1653,30.0367],[48.1589,30.0381],[48.1447,30.04],[48.0939,30.0456],[48.0717,30.045],[47.9594,30.0331],[47.9435,30.0176],[47.9511,29.9817],[47.9599,29.9485],[47.9572,29.9476],[47.9114,29.8903],[47.9359,29.8014],[47.9691,29.6298],[47.9689,29.6297],[47.9633,29.6278],[47.9486,29.6197],[47.7083,29.4075],[47.7072,29.3758],[47.7145,29.3728],[47.614,29.2722],[47.8036,29.1849],[47.9915,29.2775],[48.0698,29.2722],[48.0797,29.2547],[48.0974,29.2125],[48.1222,29.103],[48.1439,29.0339],[48.1483,29.0242],[48.1731,28.978],[48.185,28.9611],[48.2789,28.8367],[48.304,28.8076],[48.4435,28.4402],[48.4627,28.3859],[48.5875,28.0939],[48.7517,27.8719],[48.8318,27.5735],[48.855,27.5227],[49.1319,27.536],[49.2435,27.479],[49.2233,27.4556],[49.2222,27.4561],[49.2092,27.4586],[49.1728,27.4594],[49.1611,27.4578],[49.1303,27.4472],[49.1255,27.4447],[49.1222,27.4408],[49.1233,27.4353],[49.1317,27.4286],[49.1731,27.3971],[49.1519,27.3725],[49.2392,27.2885],[49.3216,27.1616],[49.4062,27.1371],[49.4089,27.1272],[49.4283,27.1299],[49.5325,27.0095],[49.6626,26.9849],[49.6655,26.9797],[49.6683,26.9756],[49.7033,26.9511],[49.7861,26.9],[49.8108,26.8872],[49.8597,26.8622],[49.8703,26.8575],[49.8764,26.8558],[49.8935,26.856],[49.9119,26.8569],[49.935,26.8558],[49.953,26.8512],[49.9578,26.8481],[49.9622,26.845],[50.1136,26.7052],[50.1053,26.6721],[50.0819,26.6886],[50.0005,26.7475],[49.995,26.7455],[49.9894,26.7294],[49.983,26.6994],[49.9825,26.6794],[49.9953,26.5974],[49.984,26.5957],[49.9342,26.4831],[50.0762,26.3118],[50.0387,26.193],[50.0364,26.1942],[50.0303,26.1958],[50.0228,26.1961],[50.0186,26.1931],[49.9794,26.1378],[49.9783,26.1314],[49.9786,26.1253],[49.9906,26.0426],[49.9369,25.9558],[50.0114,25.8352],[50.1469,25.5356],[50.2143,25.5881],[50.3003,25.523],[50.3055,25.5169],[50.345,25.4772],[50.3486,25.4736],[50.3672,25.4561],[50.3711,25.4581],[50.3731,25.4633],[50.3811,25.4618],[50.3819,25.4612],[50.4292,25.184],[50.6189,24.8709],[50.6065,24.6802],[50.7059,24.5597],[50.7783,24.4709],[50.9074,24.4331],[50.9683,24.4362],[50.9649,24.7127],[50.8962,24.9096],[50.8473,25.2652],[50.9311,25.5386],[51.0154,25.5881],[50.989,25.6721],[51.0688,25.9455],[51.217,26.0665],[51.35,26.031],[51.3611,26.0134],[51.3888,25.8873],[51.5059,25.8453],[51.5345,25.7558],[51.568,25.6617],[51.5456,25.6247],[51.5383,25.6175],[51.5267,25.6147],[51.5072,25.6125],[51.5011,25.6114],[51.4922,25.6058],[51.4861,25.5917],[51.4842,25.5864],[51.4912,25.5501],[51.4769,25.5289],[51.4742,25.5242],[51.4722,25.5189],[51.4725,25.5128],[51.4764,25.5028],[51.4886,25.48],[51.4947,25.4722],[51.5044,25.4667],[51.5072,25.4625],[51.5097,25.4581],[51.5183,25.4392],[51.5214,25.4286],[51.5217,25.4222],[51.5176,25.3834],[51.5106,25.3308],[51.5089,25.3108],[51.5086,25.3042],[51.5106,25.2992],[51.5131,25.2947],[51.5228,25.2894],[51.5414,25.285],[51.5449,25.2852],[51.5529,25.1015],[51.6035,24.9929],[51.5722,24.9258],[51.5703,24.9219],[51.5636,24.9142],[51.5314,24.8769],[51.5114,24.8608],[51.5067,24.8583],[51.5,24.8506],[51.4972,24.8458],[51.475,24.7875],[51.4736,24.7814],[51.4746,24.7615],[51.4372,24.6631],[51.4339,24.6592],[51.3703,24.5928],[51.3622,24.5864],[51.3414,24.5711],[51.3369,24.57],[51.3317,24.5725],[51.3297,24.5772],[51.328,24.5953],[51.3319,24.5983],[51.3381,24.5994],[51.3422,24.6028],[51.3494,24.6319],[51.3467,24.6361],[51.3283,24.6522],[51.2711,24.6569],[51.2203,24.6419],[51.2147,24.6403],[51.2103,24.6303],[51.2122,24.6253],[51.2152,24.6209],[51.2578,24.6158],[51.3097,24.6006],[51.3061,24.5894],[51.2989,24.5828],[51.2931,24.5736],[51.2925,24.5611],[51.2933,24.5267],[51.2953,24.5144],[51.304,24.5105],[51.305,24.51],[51.3139,24.5158],[51.3425,24.5375],[51.3492,24.545],[51.3922,24.5956],[51.3975,24.6058],[51.4075,24.6217],[51.4234,24.622],[51.412,24.6057],[51.2878,24.4108],[51.2892,24.3629],[51.2808,24.3433],[51.2772,24.3314],[51.2775,24.3061],[51.2872,24.2939],[51.2911,24.2933],[51.2914,24.2814],[51.4542,24.2182],[51.5229,24.1607],[51.6064,24.2026],[51.5859,24.0032],[51.7646,24.0029],[51.9456,23.9455],[52.0572,23.9607],[52.0806,23.9556],[52.0914,23.9564],[52.2075,23.97],[52.2317,23.9739],[52.2544,23.98],[52.3215,23.9991],[52.3403,24.005],[52.4297,24.0497],[52.4386,24.055],[52.4563,24.069],[52.4812,24.0557],[52.6716,24.0747],[52.9394,24.0244],[53.0402,24.04],[53.0757,24.0872],[53.6868,23.9875],[54.0165,24.0505],[54.0123,24.1048],[54.0777,24.1261],[54.1075,24.1029],[54.276,24.1098],[54.3471,24.1545],[54.4874,24.3443],[54.5922,24.3773],[54.7121,24.5999],[54.7708,24.7335],[55.0908,25.02],[55.4381,25.3994],[55.4592,25.4075],[55.4681,25.4132],[55.5305,25.373],[55.6335,25.4532],[56.0155,25.7716],[56.1567,25.9665],[56.2973,26.1597],[56.3369,26.2031],[56.3498,26.2114],[56.3652,26.2205],[56.3688,26.2192],[56.37,26.2067],[56.3653,26.2056],[56.3203,26.1697],[56.3211,26.1642],[56.3311,26.1142],[56.3347,26.1103],[56.3706,26.095],[56.3775,26.095],[56.3813,26.0952],[56.4017,25.8942],[56.3922,25.8739],[56.3636,25.8219],[56.3269,25.7592],[56.3242,25.7547],[56.3136,25.7431],[56.3086,25.7408],[56.3025,25.7414],[56.3017,25.7472],[56.3039,25.7525],[56.3044,25.7564],[56.2961,25.7506],[56.2897,25.7433],[56.2756,25.7206],[56.2733,25.7153],[56.2639,25.6622],[56.2647,25.6567],[56.2697,25.636],[56.2701,25.6358],[56.2148,25.5433],[56.1613,25.4733],[56.2816,25.4624],[56.3641,25.4549],[56.3603,25.4211],[56.3656,25.3822],[56.3758,25.3419],[56.3817,25.3208],[56.3728,25.2617],[56.3575,25.1017],[56.3564,25.0817],[56.3567,25.0692],[56.3735,24.9794],[56.3758,24.9644],[56.4053,24.89],[56.4054,24.8195],[56.6108,24.4769],[56.7942,24.2676],[56.8316,24.2373],[56.8355,24.2314],[56.8625,24.1956],[56.8719,24.1831],[56.9075,24.1406],[56.9897,24.0708],[57.0583,24.0153],[57.1131,23.9736],[57.165,23.9378],[57.1747,23.9322],[57.1805,23.93],[57.295,23.8959],[57.3594,23.8585],[57.3963,23.837],[57.451,23.8052],[57.9042,23.5711],[58.0807,23.5016],[58.2053,23.4955],[58.4647,23.5088],[58.6285,23.4583],[59.0216,23.0208],[59.2543,22.729],[59.4614,22.5389],[59.8257,22.3745],[59.8325,22.3185],[59.8317,22.3122],[59.8286,22.2917],[59.8167,22.2466],[59.7433,22.1306],[59.7217,22.1039],[59.7136,22.0975],[59.7014,22.0642],[59.5405,21.8097],[59.5147,21.7842],[59.5044,21.7733],[59.495,21.7614],[59.49,21.7517],[59.4885,21.7467],[59.2588,21.4774],[58.8614,21.1145],[58.7839,20.9607],[58.7108,20.8472],[58.713,20.82],[58.651,20.697],[58.6039,20.6619],[58.5967,20.6547],[58.5894,20.6397],[58.5836,20.6231],[58.58,20.6111],[58.5661,20.5553],[58.541,20.4787],[58.512,20.4212],[58.4031,20.3575],[58.2783,20.376],[58.3022,20.3817],[58.2728,20.3786],[58.2667,20.3781],[58.2603,20.3797],[58.2139,20.3958],[58.2092,20.3986],[58.2022,20.4058],[58.1978,20.415],[58.1972,20.4206],[58.2003,20.4333],[58.2128,20.4586],[58.2158,20.4597],[58.2306,20.4847],[58.2664,20.5714],[58.2675,20.5836],[58.2664,20.5886],[58.2619,20.5978],[58.258,20.6011],[58.2439,20.6094],[58.2372,20.6114],[58.2167,20.6131],[58.2108,20.6125],[58.1208,20.5792],[58.0975,20.5681],[58.0847,20.5594],[58.0811,20.5558],[58.0764,20.5453],[58.0678,20.4992],[58.0472,20.4647],[57.9911,20.4179],[57.9313,20.4009],[57.8455,20.244],[57.8294,20.2189],[57.8269,20.2136],[57.8247,20.2061],[57.8061,20.172],[57.7911,19.9082],[57.7764,19.8644],[57.7694,19.8489],[57.7344,19.8033],[57.6928,19.7486],[57.6903,19.7436],[57.6883,19.73],[57.6875,19.7111],[57.6878,19.7056],[57.6925,19.6847],[57.7453,19.4728],[57.7644,19.4317],[57.7717,19.4131],[57.7739,19.3906],[57.7728,19.3711],[57.7683,19.3522],[57.7653,19.3394],[57.7553,19.3236],[57.7442,19.3053],[57.7425,19.2989],[57.7419,19.2922],[57.743,19.2817],[57.7519,19.2508],[57.8017,19.1244],[57.8384,19.0357],[57.8386,19.0348],[57.657,18.9709],[57.1862,18.9381],[56.9043,18.8168],[56.8149,18.7479],[56.8145,18.7477],[56.8127,18.7462],[56.7389,18.6894],[56.7188,18.6551],[56.7081,18.6444],[56.66,18.5992],[56.6517,18.5933],[56.6458,18.5844],[56.6419,18.5739],[56.6378,18.5467],[56.6378,18.5286],[56.6373,18.5158],[56.6086,18.4667],[56.5494,18.2188],[56.4576,18.0916],[56.2576,17.9768],[56.0643,17.9412],[56.0267,17.9375],[56.005,17.9318],[55.8815,17.9315],[55.7081,17.9502],[55.5611,17.9372],[55.3895,17.8097],[55.2904,17.6761],[55.2777,17.6242],[55.2694,17.6175],[55.2628,17.61],[55.2333,17.5586],[55.2278,17.5414],[55.225,17.5028],[55.2244,17.4897],[55.2253,17.4839],[55.2289,17.4753],[55.2319,17.4714],[55.2391,17.4663],[55.2344,17.4473],[55.2356,17.2884],[55.2056,17.1856],[55.1456,17.1176],[54.9118,16.9708],[54.909,16.9699],[54.7631,16.9516],[54.7386,16.9564],[54.7339,16.9578],[54.7,16.9703],[54.6953,16.9725],[54.6889,16.9811],[54.69,16.9947],[54.6878,17.005],[54.6853,17.01],[54.6803,17.0147],[54.6753,17.0178],[54.6511,17.025],[54.6069,17.0317],[54.5855,17.0339],[54.5042,17.0381],[54.4396,17.0363],[54.4069,17.0452],[54.0843,17.0191],[53.6813,16.8975],[53.3357,16.7634],[53.2085,16.7186],[53.0209,16.6538],[52.8943,16.61],[52.6522,16.4887],[52.6501,16.487],[52.6172,16.4831],[52.5964,16.4772],[52.5686,16.4639],[52.5058,16.4303],[52.4889,16.4194],[52.4636,16.4031],[52.4397,16.3844],[52.2989,16.2722],[52.2897,16.2608],[52.2314,16.1742],[52.2239,16.1608],[52.2217,16.1556],[52.1586,15.9897],[52.1572,15.9836],[52.1564,15.9761],[52.1728,15.9018],[52.1629,15.8714],[52.1352,15.6871],[51.9504,15.5405],[51.599,15.3788],[51.3126,15.2469],[50.6656,15.0644],[50.5594,15.0453],[50.5433,15.0417],[50.4839,15.0197],[50.4689,15.0142],[50.4508,15.0053],[50.447,15.0028],[50.2911,14.9588],[49.7129,14.7733],[49.6224,14.7397],[49.5342,14.71],[49.5053,14.6963],[49.3338,14.6327],[49.2983,14.6031],[49.2533,14.5836],[49.118,14.5269],[49.0989,14.5192],[49.0897,14.5144],[49.0783,14.5053],[49.075,14.5014],[49.0292,14.4414],[49.0239,14.4322],[49.0214,14.4275],[48.9986,14.3633],[48.9994,14.3578],[49.0042,14.3489],[49.0097,14.3408],[49.0097,14.3347],[49.0086,14.3286],[49.0067,14.3233],[49.0008,14.315],[48.8433,14.1578],[48.7923,14.1149],[48.7646,14.0977],[48.5367,14.0464],[48.2701,14.0776],[48.0508,14.0474],[48.0453,14.0483],[48.0189,14.0514],[47.9953,14.0486],[47.985,14.0456],[47.9594,14.0375],[47.9392,14.0303],[47.9256,14.0225],[47.9083,14.0044],[47.8925,13.985],[47.8856,13.9783],[47.8786,13.9719],[47.8511,13.9511],[47.82,13.9342],[47.7703,13.9164],[47.7294,13.9111],[47.7136,13.9069],[47.6589,13.8803],[47.6456,13.8733],[47.6272,13.8569],[47.6178,13.8456],[47.6133,13.8356],[47.6017,13.8231],[47.5944,13.8156],[47.5609,13.7858],[47.3696,13.6691],[47.1895,13.5942],[47.1689,13.5875],[47.0058,13.5567],[46.9339,13.5389],[46.9192,13.5331],[46.8869,13.5181],[46.8825,13.5156],[46.8744,13.5103],[46.8553,13.4947],[46.8428,13.4867],[46.8142,13.4742],[46.7625,13.4517],[46.6967,13.4297],[46.6864,13.4264],[46.4725,13.4053],[46.4661,13.405],[46.3517,13.4061],[46.2961,13.4131],[46.1658,13.4108],[46.0456,13.4086],[45.9821,13.4016],[45.8259,13.4052],[45.6941,13.3485],[45.6667,13.3417],[45.6514,13.3367],[45.6339,13.3269],[45.63,13.3239],[45.5664,13.2631],[45.5453,13.2428],[45.4942,13.1897],[45.4908,13.1858],[45.4864,13.1724],[45.396,13.0739],[45.3568,13.0468],[45.3397,13.0422],[45.3228,13.0392],[45.3031,13.0392],[45.2917,13.0372],[45.2803,13.0353],[45.2433,13.0258],[45.2117,13.0172],[45.1961,13.0128],[45.1808,13.0078],[45.1722,13.0031],[45.1367,12.9761],[45.1253,12.9667],[45.1086,12.9489],[45.1055,12.945],[45.0774,12.8789],[45.0215,12.8525],[45.0169,12.8552],[45.0063,12.8526],[45.0071,12.8457],[44.9789,12.8324],[44.9622,12.8344],[44.9467,12.83],[44.9354,12.822],[44.7888,12.8057],[44.6811,12.8246],[44.6604,12.8087],[44.63,12.815],[44.6122,12.8183],[44.5989,12.8186],[44.5819,12.8156],[44.5669,12.8103],[44.5531,12.8039],[44.5319,12.7903],[44.5281,12.7872],[44.4781,12.74],[44.438,12.6983],[44.4356,12.6939],[44.4097,12.6819],[44.3003,12.6372],[44.2889,12.6347],[44.2365,12.6256],[44.0627,12.6136],[43.9018,12.65],[43.8983,12.6517],[43.8225,12.6858],[43.7979,12.6938],[43.6049,12.8289],[43.5601,12.8603],[43.4836,12.93],[43.3408,13.1267],[43.3028,13.241],[43.384,13.5652],[43.3476,13.851],[43.2069,14.0795],[43.0533,14.6065],[42.7959,15.4701],[42.7635,15.667],[42.8839,15.9849],[42.828,16.3215],[42.8144,16.4041],[42.7637,16.6455],[42.5353,17.0707],[42.323,17.3573],[42.3211,17.3981],[42.3081,17.4456],[42.3061,17.4497],[42.1944,17.5422],[42.0939,17.6497],[42.0719,17.6663],[42.0094,17.7367],[41.6286,18.0472],[41.5958,18.1034],[41.5971,18.1214],[41.5605,18.164],[41.4466,18.3592],[41.4442,18.3667],[41.4436,18.3728],[41.4442,18.3975],[41.44,18.4569],[41.4369,18.4675],[41.4097,18.5036],[41.3583,18.5639],[41.3542,18.5669],[41.3416,18.5734],[41.2391,18.8097],[41.2433,18.8183],[41.2497,18.8264],[41.2505,18.8311],[41.2444,18.8389],[41.2403,18.8419],[41.2191,18.8558],[41.2015,18.8964],[41.1547,19.0043],[41.1753,19.0603],[41.1764,19.0672],[41.1744,19.0722],[41.16,19.085],[41.1514,19.0911],[41.1283,19.0975],[41.1141,19.098],[41.033,19.2849],[40.9759,19.392],[40.9561,19.4522],[40.9359,19.467],[40.8198,19.6847],[40.6938,19.8687],[40.3363,20.0967],[40.1951,20.1732],[40.1603,20.2003],[40.1378,20.2211],[40.1267,20.2353],[40.1255,20.2408],[40.1228,20.245],[40.0994,20.2708],[40.0944,20.2731],[40.0642,20.2825],[40.0494,20.2831],[40.0428,20.2825],[39.9938,20.2823],[39.7641,20.4068],[39.5269,20.6922],[39.4565,20.7951],[39.4586,20.7978],[39.4492,20.8222],[39.4455,20.8267],[39.4225,20.8448],[39.1667,21.2188],[39.1542,21.368],[39.155,21.3694],[39.1611,21.3775],[39.1636,21.3822],[39.1703,21.4042],[39.1714,21.4164],[39.1722,21.4372],[39.1694,21.4614],[39.1633,21.5008],[39.1506,21.5328],[39.1444,21.5344],[39.1403,21.5336],[39.1304,21.6508],[39.1033,22.0002],[39.1023,22.3707],[39.1053,22.3772],[39.1022,22.392],[39.1022,22.4004],[39.0951,22.4266],[39.0628,22.5833],[38.9915,22.7081],[38.9258,22.8476],[38.9428,22.8447],[38.9486,22.8453],[38.9525,22.8478],[38.9597,22.8628],[38.9614,22.8683],[38.9439,22.8997],[38.9383,22.9081],[38.8967,22.9592],[38.8931,22.9625],[38.868,22.9786],[38.7586,23.1733],[38.7119,23.2358],[38.7064,23.245],[38.7022,23.2547],[38.6922,23.2914],[38.6892,23.3336],[38.6836,23.3911],[38.6783,23.4133],[38.6746,23.4227],[38.6444,23.4597],[38.5922,23.5183],[38.5883,23.515],[38.5831,23.5131],[38.5689,23.5142],[38.563,23.5156],[38.555,23.5228],[38.5483,23.5311],[38.4844,23.69],[38.4528,23.7825],[38.4497,23.7867],[38.4425,23.7936],[38.2458,23.9544],[38.1367,24.0406],[38.0808,24.0681],[38.0202,24.0876],[37.9884,24.1136],[37.9098,24.1521],[37.8786,24.1708],[37.7583,24.2553],[37.7514,24.2625],[37.6808,24.2972],[37.6689,24.2992],[37.6228,24.2842],[37.6206,24.2739],[37.6261,24.2653],[37.6342,24.2581],[37.6284,24.2535],[37.5572,24.2715],[37.4426,24.3765],[37.4431,24.3789],[37.455,24.4072],[37.4656,24.4211],[37.45,24.4542],[37.3834,24.539],[37.3786,24.5603],[37.3689,24.5794],[37.3275,24.6375],[37.3111,24.6569],[37.265,24.7],[37.2461,24.7139],[37.2364,24.7186],[37.2193,24.7413],[37.2431,24.8518],[37.2497,24.8569],[37.2556,24.8656],[37.2589,24.875],[37.2786,24.9758],[37.258,25.1328],[37.2508,25.1517],[37.2356,25.1825],[37.2231,25.2008],[37.2133,25.2053],[37.203,25.2119],[37.1842,25.2286],[37.1796,25.2335],[37.079,25.4072],[37.0794,25.4219],[37.0806,25.4317],[37.075,25.4408],[36.9325,25.645],[36.9204,25.6565],[36.7075,25.962],[36.7081,25.9639],[36.71,25.9725],[36.7086,25.9919],[36.7025,26.0106],[36.6978,26.0211],[36.6906,26.0303],[36.6811,26.0389],[36.6708,26.0469],[36.6603,26.0508],[36.6351,26.0557],[36.4122,26.3091],[36.3108,26.4908],[36.3053,26.5006],[36.215,26.6417],[36.2086,26.6508],[36.1492,26.7133],[36.1394,26.7214],[36.12,26.7294],[36.1,26.7447],[36.0942,26.7544],[36.0519,26.8408],[36.0433,26.8708],[36.035,26.8917],[36.0286,26.9014],[35.9919,26.9267],[35.9356,26.9731],[35.9061,26.9994],[35.8708,27.0396],[35.8311,27.0952],[35.7987,27.1526],[35.7986,27.1533],[35.8,27.1628],[35.8028,27.1731],[35.8108,27.1817],[35.8119,27.1906],[35.7997,27.21],[35.725,27.3064],[35.7055,27.3177],[35.5948,27.514],[35.4365,27.7297],[35.3942,27.7742],[35.3931,27.7758],[35.3358,27.855],[35.33,27.8625],[35.3167,27.8789],[35.295,27.9014],[35.2325,27.9642],[35.2172,27.9767],[35.1878,27.9969],[35.1606,28.0567],[35.0561,28.1128],[35.0033,28.1125],[34.9908,28.1092],[34.9728,28.0994],[34.9483,28.0893],[34.8756,28.097],[34.793,28.0968],[34.7672,28.1094],[34.7989,28.2302],[34.8856,28.3575],[35.0257,28.9486],[35.0721,29.2114],[35.0955,29.3427],[35.0734,29.4189],[34.9847,29.4672],[34.9672,29.4497],[34.9736,29.4714],[34.9772,29.4775],[34.9894,29.4897],[35.0028,29.5192],[35.0053,29.5261],[35.0044,29.5325],[35.0022,29.535],[34.98,29.5458],[34.9658,29.5492],[34.9626,29.5515],[34.938,29.5233],[34.9038,29.4867],[34.8889,29.4861],[34.8844,29.4856],[34.8694,29.4803],[34.8631,29.4764],[34.8544,29.4681],[34.7614,29.3347],[34.7442,29.2914],[34.69,29.1356],[34.6656,29.0392],[34.6527,28.9797],[34.5489,28.7316],[34.4966,28.5099],[34.4581,28.4386],[34.4553,28.4319],[34.4122,28.3275],[34.4061,28.31],[34.4133,28.2342],[34.415,28.2267],[34.4245,28.2045],[34.3988,28.096],[34.3361,27.8778],[34.3272,27.8689],[34.2942,27.8544],[34.2722,27.8181],[34.2589,27.7903],[34.2567,27.7724],[34.2412,27.7589],[34.219,27.7627],[34.2164,27.7653],[34.1911,27.7864],[34.1848,27.7879],[34.1342,27.7958],[33.9751,27.8866],[33.856,28.025],[33.5894,28.2554],[33.5686,28.2894],[33.5656,28.2939],[33.5614,28.2969],[33.5581,28.2986],[33.535,28.3097],[33.524,28.3119],[33.5041,28.3292],[33.3307,28.5512],[33.1785,28.9956],[33.1717,29.0014],[33.1703,29.0047],[32.9514,29.2056],[32.9461,29.2081],[32.9391,29.2085],[32.8136,29.4777],[32.7373,29.6935],[32.648,29.8522],[32.6032,29.8358],[32.5767,29.92],[32.5778,29.9514],[32.5792,30],[32.5778,30.0033],[32.575,30.0053],[32.5705,30.0022],[32.4811,29.9406],[32.4742,29.9331],[32.4586,29.8994],[32.4594,29.8956],[32.4728,29.8767],[32.4783,29.8703],[32.4833,29.8675],[32.4933,29.8628],[32.4469,29.7953],[32.4092,29.7556],[32.3656,29.6911],[32.3561,29.675],[32.3408,29.5969],[32.3408,29.5928],[32.3432,29.5886],[32.3185,29.5402],[32.5906,28.9372],[32.6493,28.7658],[32.9347,28.3788],[33.3542,27.9095],[33.5669,27.37],[33.8041,26.9321],[33.9288,26.5638],[34.1042,26.3545],[34.5148,25.5739],[34.9974,24.7172],[35.1899,24.3999],[35.4535,24.1527],[35.6566,23.9943],[35.7214,23.9158],[35.6189,23.9317],[35.6061,23.9347],[35.5586,23.9514],[35.5492,23.9558],[35.5486,23.9661],[35.555,23.975],[35.5494,23.9828],[35.5367,23.9858],[35.5261,23.9828],[35.5161,23.9778],[35.5083,23.9717],[35.5005,23.9644],[35.4886,23.9475],[35.4831,23.9383],[35.4758,23.8119],[35.4854,23.7817],[35.4685,23.7207],[35.5011,23.5723],[35.4925,23.5089],[35.4906,23.4992],[35.4908,23.4897],[35.4936,23.4806],[35.4992,23.4714],[35.5339,23.4228],[35.5339,23.4227],[35.5522,23.3392],[35.5522,23.3383],[35.555,23.3094],[35.5681,23.2436],[35.5705,23.2339],[35.5789,23.2158],[35.6014,23.1792],[35.6196,23.1506],[35.6446,23.1042],[35.6625,23.0411],[35.6628,23.0122],[35.6672,22.9756],[35.6706,22.9658],[35.7422,22.8725],[35.8403,22.7681],[35.8494,22.7594],[35.8686,22.7497],[35.9389,22.7197],[36.0167,22.6903],[36.0575,22.6858],[36.0608,22.6851],[36.1114,22.6483],[36.2862,22.5741],[36.3694,22.4594],[36.375,22.4511],[36.398,22.4056],[36.4394,22.3489],[36.4656,22.3183],[36.4853,22.3078],[36.4978,22.3053],[36.5098,22.3043],[36.6604,22.1665],[36.8001,21.9149],[36.8755,21.779],[36.9,21.6372],[36.9114,21.6086],[36.9975,21.4358],[37.0031,21.4267],[37.0692,21.3308],[37.0989,21.2917],[37.099,21.2916],[37.1278,21.2272],[37.1298,21.2023],[37.1053,21.2122],[37.1011,21.2036],[37.0942,21.1831],[37.0917,21.1736],[37.0928,21.1647],[37.0967,21.155],[37.1375,20.9681],[37.1606,20.8189],[37.165,20.7643],[37.1921,20.4277],[37.1847,20.4019],[37.1803,20.3292],[37.1772,20.2253],[37.1775,20.2158],[37.1847,20.0186],[37.1869,20.0083],[37.2183,19.9175],[37.2275,19.8958],[37.2364,19.8777],[37.2521,19.6828],[37.2489,19.6822],[37.2417,19.6722],[37.2389,19.6575],[37.2381,19.5722],[37.2414,19.5622],[37.2489,19.5517],[37.2647,19.5325],[37.2706,19.5225],[37.2879,19.4807],[37.3083,19.376],[37.3083,19.3586],[37.3119,19.3],[37.3214,19.2419],[37.3364,19.1519],[37.3556,19.0864],[37.3771,19.0231],[37.3982,18.915],[37.4243,18.8847],[37.4333,18.8581],[37.438,18.8497],[37.5164,18.7244],[37.5483,18.7106],[37.5578,18.7094],[37.5947,18.7089],[37.6425,18.7089],[37.6519,18.7115],[37.7612,18.6426],[37.8287,18.601],[37.8289,18.6008],[37.8292,18.6007],[37.8951,18.5601],[37.9994,18.4959],[38.0108,18.4814],[38.0519,18.4264],[38.1042,18.3489],[38.0986,18.3408],[38.0889,18.3111],[38.09,18.3036],[38.1183,18.2822],[38.1525,18.2592],[38.1805,18.2433],[38.1919,18.2394],[38.205,18.2372],[38.2714,18.2228],[38.3692,18.1875],[38.4397,18.1344],[38.5417,18.1086],[38.5508,18.1058],[38.5758,18.0875],[38.5864,18.0711],[38.5917,18.0625],[38.6075,18.0108],[38.6007,17.9949],[38.6119,17.9614],[38.6722,17.8472],[38.7078,17.7814],[38.7133,17.7733],[38.7497,17.7272],[38.7978,17.6533],[38.8212,17.6059],[38.9039,17.3641],[38.9628,17.1916],[39.0088,17.0568],[39.191,16.3887],[39.1903,16.3856],[39.2022,16.3433],[39.2042,16.2886],[39.2114,16.2289],[39.2147,16.2056],[39.2294,16.1275],[39.2692,15.9886],[39.2711,15.9839],[39.3058,15.9019],[39.3125,15.8947],[39.3656,15.8497],[39.3924,15.8127],[39.4482,15.6574],[39.4497,15.6503],[39.4481,15.6053],[39.4417,15.6061],[39.4358,15.605],[39.4322,15.6017],[39.4314,15.5956],[39.4569,15.5256],[39.4597,15.5211],[39.4672,15.5147],[39.4792,15.5122],[39.4864,15.5119],[39.4994,15.5146],[39.5179,15.463],[39.7059,15.2105],[39.7019,15.1925],[39.6986,15.1817],[39.6928,15.1381],[39.6931,15.1319],[39.6944,15.1264],[39.6964,15.1214],[39.715,15.0919],[39.7211,15.0842],[39.7678,15.0628],[39.7742,15.0631],[39.8003,15.0717],[39.8153,15.0775],[39.8183,15.0814],[39.8402,15.1342],[39.8885,15.1843],[39.8562,15.4002],[39.8896,15.4818],[39.9897,15.3894],[40.0503,15.2894],[40.0478,15.2844],[40.0269,15.2422],[40.0247,15.2375],[40.0417,15.2011],[40.0689,15.1728],[40.0731,15.17],[40.0861,15.1564],[40.1583,15.0297],[40.1586,15.0233],[40.1578,15.0172],[40.1522,15.0017],[40.1525,14.99],[40.1625,14.9794],[40.1708,14.9736],[40.18,14.9686],[40.2903,14.9128],[40.3011,14.9117],[40.3097,14.9169],[40.3386,14.9439],[40.3462,14.9508],[40.3899,14.9058],[40.6305,14.9254],[40.6341,14.9251],[40.6739,14.9042],[40.7292,14.8361],[40.7322,14.8256],[40.7325,14.7994],[40.7286,14.7894],[40.8072,14.7056],[40.8494,14.7167],[40.8828,14.7161],[40.9809,14.6876],[41.3413,14.3423],[41.6608,13.9804],[41.6622,13.9756],[41.6656,13.9592],[41.6733,13.9394],[41.6767,13.9358],[41.6856,13.9308],[41.7203,13.9156],[41.726,13.9136],[41.7611,13.8858],[41.8216,13.881],[41.8492,13.8717],[41.8561,13.8711],[41.895,13.8703],[41.9073,13.8744],[41.9119,13.874],[41.9544,13.8586],[41.9586,13.8558],[41.9847,13.8264],[42.0586,13.7292],[42.0678,13.6978],[42.0903,13.6783],[42.1844,13.5767],[42.1886,13.5736],[42.2214,13.5503],[42.2278,13.5506],[42.2314,13.5539],[42.2194,13.6328],[42.2178,13.6375],[42.2123,13.6425],[42.1964,13.6514],[42.1867,13.6561],[42.1803,13.6558],[42.1697,13.6528],[42.1633,13.6525],[42.1583,13.6547],[42.1564,13.6597],[42.1689,13.6681],[42.1747,13.6692],[42.1789,13.6689],[42.2225,13.6367],[42.2746,13.5843],[42.2908,13.5614],[42.295,13.5531],[42.3397,13.4275],[42.3444,13.4053],[42.3489,13.3503],[42.3577,13.2918],[42.355,13.2707],[42.363,13.2563],[42.368,13.2231],[42.3747,13.215],[42.3844,13.2106],[42.3898,13.2087],[42.4084,13.1755],[42.6364,13.0934],[42.7438,12.9914],[42.7586,12.9425],[42.7719,12.8944],[42.8047,12.845],[42.8742,12.8114],[42.8839,12.8069],[42.89,12.8058],[42.9278,12.8],[42.9433,12.8018],[43.048,12.7023],[43.3292,12.4353],[43.3308,12.4289],[43.3742,12.2847],[43.3839,12.2669],[43.3922,12.2611],[43.4055,12.2475],[43.41,12.2383],[43.4125,12.2264],[43.42,12.145],[43.4208,12.1325],[43.4158,12.0692],[43.4139,12.0569],[43.4044,12.0389],[43.4033,12.0372],[43.2591,11.9637],[43.2367,11.9586],[43.2247,11.9586],[43.2128,11.9569],[43.1992,11.9519],[43.196,11.9494],[43.0618,11.9188],[42.81,11.7785],[42.557,11.5696],[42.5539,11.5736],[42.5444,11.5803],[42.5347,11.5814],[42.5256,11.5811],[42.5155,11.5775],[42.5086,11.5672],[42.5327,11.5473],[42.5289,11.5169],[42.5342,11.5069],[42.5903,11.4708],[42.6,11.4664],[42.6239,11.4667],[42.6769,11.4769],[42.6858,11.4856],[42.6869,11.495],[42.6825,11.5042],[42.6733,11.5081],[42.6644,11.5097],[42.6641,11.5136],[42.6688,11.5113],[42.9591,11.5374],[43.1036,11.5313],[43.2287,11.4955],[43.235,11.4889],[43.2492,11.4695],[43.2883,11.4542],[43.3711,11.3858],[43.38,11.3806],[43.4503,11.3525],[43.4531,11.3518],[43.4616,11.3414],[43.4825,11.2547],[43.49,11.235],[43.4989,11.2156],[43.5047,11.2061],[43.6244,11.0422],[43.7092,10.9358],[43.8139,10.8139],[43.8353,10.7936],[43.9383,10.7014],[44.1032,10.5832],[44.1615,10.4915],[44.2808,10.3965],[44.3756,10.4147],[44.3847,10.4119],[44.398,10.4111],[44.5472,10.4103],[44.56,10.4106],[44.5719,10.4119],[44.5944,10.4164],[44.6144,10.4239],[44.6262,10.429],[44.6361,10.429],[44.8452,10.4168],[44.8815,10.4237],[44.8858,10.4225],[44.8983,10.4206],[44.9356,10.4236],[44.9597,10.4267],[44.9781,10.4297],[44.9886,10.4328],[44.9972,10.4372],[45.0321,10.4581],[45.2702,10.5702],[45.4588,10.6662],[45.4608,10.6669],[45.4649,10.6693],[45.6463,10.7616],[45.8994,10.8294],[45.9742,10.7933],[46.0797,10.7714],[46.1061,10.7681],[46.1189,10.7686],[46.1308,10.7703],[46.1355,10.7714],[46.3424,10.6988],[46.3475,10.6969],[46.3479,10.6969],[46.4303,10.668],[46.6773,10.7003],[46.9292,10.847],[47.2798,11.1019],[47.3907,11.1593],[47.5923,11.1407],[47.625,11.134],[47.635,11.1269],[47.6497,11.1144],[47.6592,11.1097],[47.6694,11.1058],[47.6917,11.0992],[47.7136,11.1014],[47.7352,11.1114],[47.8073,11.0967],[47.9962,11.1161],[48.0215,11.1264],[48.1197,11.1344],[48.1317,11.1358],[48.1531,11.1414],[48.1625,11.1456],[48.1697,11.1508],[48.1772,11.1572],[48.1955,11.1803],[48.2176,11.2056],[48.4425,11.2965],[48.4499,11.2995],[48.5214,11.3156],[48.617,11.3253],[48.6634,11.3209],[48.8201,11.2758],[48.8578,11.2608],[48.8672,11.2561],[48.8755,11.25],[48.8858,11.2458],[48.931,11.2439],[48.9703,11.2326],[49.3035,11.246],[49.6472,11.3294],[50.0809,11.4764],[50.1857,11.5539],[50.2814,11.5953],[50.4308,11.6783],[50.4417,11.6886],[50.4858,11.735],[50.5005,11.7525],[50.5078,11.7667],[50.5133,11.7828],[50.5175,11.8003],[50.5178,11.8018],[50.6973,11.948],[50.9687,11.8787],[51.1448,11.7837],[51.1807,11.7774],[51.2407,11.6684],[51.2378,11.6628],[51.2314,11.6547],[51.1992,11.6172],[51.1672,11.5789],[51.1278,11.5122],[51.1228,11.5031],[51.0764,11.3281],[51.0735,11.2722],[51.0605,11.2435],[51.0703,10.9893],[51.1298,10.7099],[51.0557,10.5064],[50.9406,10.3504],[50.9111,10.3333],[50.9,10.3239],[50.8969,10.3197],[50.8933,10.3092],[50.8931,10.2961],[50.8932,10.286],[50.8868,10.2773],[50.874,9.9723],[50.8689,9.882],[50.8153,9.6331],[50.8025,9.5747],[50.8036,9.5631],[50.8094,9.5369],[50.8192,9.5006],[50.8207,9.4973],[50.7794,9.3684],[50.736,9.2907],[50.7203,9.2853],[50.7144,9.2844],[50.6994,9.2794],[50.6958,9.2761],[50.6833,9.2606],[50.6569,9.2239],[50.6497,9.21],[50.6442,9.1939],[50.6431,9.1878],[50.6422,9.1739],[50.6431,9.1683],[50.6483,9.1536],[50.6514,9.1394],[50.5836,9.0179],[50.5583,8.9933],[50.5547,8.9903],[50.5422,8.9822],[50.5183,8.9722],[50.5008,8.9625],[50.4928,8.9569],[50.4825,8.9467],[50.4761,8.9389],[50.4261,8.8625],[50.4236,8.8581],[50.3236,8.6242],[50.3219,8.6189],[50.3214,8.6119],[50.3219,8.5994],[50.3267,8.5717],[50.3272,8.5592],[50.3272,8.5588],[50.2861,8.4852],[50.2803,8.4794],[50.2578,8.4678],[50.2542,8.4647],[50.245,8.4531],[50.1969,8.3836],[50.1872,8.365],[50.1836,8.3542],[50.1783,8.338],[50.1603,8.3214],[50.1511,8.3097],[50.1464,8.3003],[50.1403,8.285],[50.14,8.2839],[49.8319,7.9939],[49.7772,7.854],[49.8018,7.7683],[49.7958,7.7144],[49.7325,7.5744],[49.6644,7.445],[49.6522,7.4231],[49.6361,7.3975],[49.6314,7.3905],[49.6042,7.3378],[49.59,7.3169],[49.4856,7.1783],[49.4044,7.0711],[49.3911,7.0572],[49.3789,7.0414],[49.3428,6.9808],[49.2505,6.8186],[49.2194,6.7583],[49.1224,6.533],[49.0461,6.4163],[48.9495,5.9904],[48.9275,5.9504],[48.8533,5.82],[48.8208,5.7681],[48.6683,5.5286],[48.5914,5.4181],[48.5172,5.32],[48.3708,5.1358],[48.3286,5.0886],[48.3158,5.0736],[48.3044,5.0572],[48.2017,4.9031],[48.1914,4.8853],[48.1642,4.8356],[48.1522,4.8125],[48.1269,4.7628],[48.1106,4.7303],[48.077,4.6653],[47.7055,4.1852],[47.7008,4.1803],[47.6569,4.1347],[47.6003,4.0836],[47.5936,4.0764],[47.5725,4.0492],[47.5469,4.0125],[47.5114,3.9572],[47.453,3.8836],[47.4431,3.8733],[47.3778,3.8153],[47.2297,3.6825],[47.2194,3.6722],[47.2097,3.6611],[47.1847,3.6311],[47.1091,3.54],[47.0894,3.5197],[47.0458,3.4744],[47.0169,3.4428],[46.8769,3.2883],[46.7639,3.16],[46.5486,2.9542],[46.485,2.8953],[46.3581,2.7911],[46.2858,2.7139],[-16.8724,21.8422],[-16.806,21.9897],[-16.5719,22.238],[-16.3525,22.4927],[-16.2425,22.7217],[-15.714,23.8731],[-15.607,23.9813],[-14.9752,24.5101],[-14.82,24.7329],[-14.7972,25.146],[-14.6712,25.596],[-14.6601,25.6356],[-14.632,25.6821],[-14.3673,26.1192],[-14.1878,26.2721],[-14.0058,26.3615],[-13.6287,26.5911],[-13.4663,26.8138],[-13.316,27.1637],[-13.1236,27.5463],[-13.0601,27.6726],[-12.8662,27.8573],[-12.6741,27.8959],[-12.0906,28.0242],[-11.5765,28.2286],[-11.3727,28.3689],[-10.8562,28.7512],[-10.3393,29.1463],[-9.8696,29.643],[-9.6626,29.9548],[-9.6027,30.1837],[-9.6164,30.3204],[-9.6086,30.3703],[-9.6078,30.3772],[-9.6069,30.3972],[-9.6078,30.4028],[-9.6119,30.4128],[-9.6864,30.5176],[-9.817,30.7552],[-9.8214,30.7878],[-9.8136,30.8139],[-9.8122,30.8203],[-9.8125,30.8264],[-9.8173,30.8824],[-9.8256,30.9461],[-9.8269,30.9578],[-9.8444,31.115],[-9.8431,31.1317],[-9.8422,31.1383],[-9.8278,31.2092],[-9.8167,31.2506],[-9.8125,31.2614],[-9.8075,31.2789],[-9.8061,31.285],[-9.8039,31.3041],[-9.6353,31.5754],[-9.3176,31.9637],[-9.2223,32.2562],[-9.2508,32.4214],[-9.2187,32.5804],[-9.0663,32.723],[-9.0532,32.7348],[-9.0522,32.7362],[-8.9787,32.805],[-8.9547,32.8233],[-8.95,32.8267],[-8.9361,32.8358],[-8.8417,32.9153],[-8.7519,32.9919],[-8.6314,33.1122],[-8.6278,33.1158],[-8.615,33.1336],[-8.6137,33.1394],[-8.3144,33.3385],[-7.9024,33.4855],[-7.3326,33.6964],[-7.004,33.875],[-6.945,33.9334],[-6.9333,33.9417],[-6.8431,34.0186],[-6.8064,34.0508],[-6.7989,34.0583],[-6.7933,34.0669],[-6.7914,34.0722],[-6.7716,34.1049],[-6.753,34.1234],[-6.5115,34.4543],[-6.472,34.5309],[-6.3277,34.8116],[-6.3221,34.8225],[-6.3153,34.835],[-6.304,34.8577],[-6.302,34.8614],[-6.3017,34.8623],[-6.2794,34.9069],[-6.263,34.9521],[-5.9288,35.7279],[-5.8079,35.7854],[-5.7442,35.8056],[-5.5958,35.8219],[-5.5464,35.8414],[-5.5411,35.8436],[-5.5393,35.8452],[-5.4794,35.8052],[-5.1718,35.4238],[-5.1096,35.3793],[-4.593,35.1512],[-4.422,35.1515],[-4.4167,35.1506],[-4.3619,35.1461],[-4.3539,35.1461],[-4.3304,35.1517],[-4.2954,35.1518],[-4.0279,35.1332],[-3.4408,35.1663],[-3.3798,35.1928],[-3.34,35.1914],[-3.3325,35.1914],[-3.3064,35.1953],[-3.1683,35.2469],[-3.0814,35.2814],[-3.0758,35.2836],[-3.0664,35.2894],[-3.0594,35.2964],[-3.0236,35.3461],[-3.0042,35.3833],[-2.902,35.2419],[-2.9028,35.2206],[-2.9106,35.2047],[-2.9136,35.1919],[-2.9094,35.1764],[-2.9017,35.1631],[-2.8819,35.1447],[-2.8719,35.1389],[-2.8417,35.1269],[-2.8281,35.1233],[-2.7998,35.1231],[-2.7909,35.1213],[-2.7811,35.1203],[-2.7769,35.1206],[-2.7755,35.1211],[-2.7148,35.0977],[-2.3557,35.0539],[-2.3259,35.054],[-2.193,35.0542],[-2.0353,35.0546],[-1.7383,35.1188],[-1.4951,35.2339],[-1.4468,35.308],[-1.4467,35.3081],[-1.4392,35.3078],[-1.4164,35.3036],[-1.4017,35.3039],[-1.3894,35.3064],[-1.3719,35.3119],[-1.3667,35.3139],[-1.3607,35.3178],[-1.3522,35.3225],[-1.2978,35.36],[-1.2783,35.3778],[-1.2708,35.3858],[-1.2592,35.4067],[-1.2492,35.4364],[-1.24,35.4672],[-1.2253,35.5],[-1.2228,35.5053],[-1.1969,35.5511],[-1.1689,35.5775],[-1.1261,35.6067],[-1.0832,35.6401],[-0.9175,35.668],[-0.7354,35.738],[-0.6972,35.7197],[-0.65,35.7128],[-0.6422,35.7125],[-0.6181,35.7183],[-0.5344,35.7664],[-0.5294,35.7694],[-0.5211,35.7767],[-0.5144,35.7853],[-0.5083,35.795],[-0.4939,35.82],[-0.4846,35.8379],[-0.4288,35.8601],[-0.283,35.7585],[-0.2037,35.7507],[-0.0917,35.7398],[0.0153,35.8037],[0.1987,36.0333],[0.4744,36.225],[0.6604,36.3219],[0.6775,36.328],[0.73,36.3326],[0.7369,36.3322],[0.7572,36.3342],[0.7683,36.3383],[0.8397,36.3658],[0.8669,36.3767],[0.9119,36.4017],[0.9161,36.4053],[0.9197,36.4094],[0.9239,36.4214],[0.926,36.4252],[1.0576,36.4619],[1.5797,36.5139],[2.2938,36.5408],[2.5244,36.5732],[2.5529,36.5872],[2.5661,36.5881],[2.5789,36.5903],[2.5917,36.5925],[2.6036,36.5956],[2.6261,36.6033],[2.7794,36.6772],[2.8117,36.6994],[2.8208,36.7058],[2.8241,36.7087],[3.07,36.6189],[3.3238,36.6512],[3.5869,36.792],[3.7412,36.8369],[4.1639,36.8314],[4.3946,36.8382],[4.5326,36.813],[4.6321,36.7941],[4.7772,36.7434],[5.1445,36.6677],[5.1716,36.6685],[5.195,36.6608],[5.2369,36.648],[5.2442,36.6461],[5.2525,36.6447],[5.2994,36.6403],[5.3281,36.6403],[5.4244,36.6531],[5.4365,36.6653],[5.4594,36.6633],[5.4658,36.6642],[5.5292,36.6925],[5.5336,36.6958],[5.5454,36.7107],[5.7302,36.7517],[6.0474,36.8416],[6.065,36.8575],[6.1644,36.8922],[6.2333,36.9136],[6.2378,36.9169],[6.2467,36.9239],[6.2631,36.9461],[6.2647,36.9514],[6.26,36.9661],[6.2578,36.9708],[6.2492,36.9781],[6.2481,36.9831],[6.2683,37.0186],[6.2728,37.0219],[6.3536,37.075],[6.7705,36.8621],[6.923,36.8178],[7.0632,36.8819],[7.092,36.9039],[7.1353,36.9103],[7.1475,36.9131],[7.1706,36.92],[7.2206,36.9542],[7.2297,36.9611],[7.245,36.9778],[7.2558,36.9911],[7.2586,37.0039],[7.2575,37.0092],[7.2513,37.0224],[7.307,37.0608],[7.4161,37.0522],[7.4636,37.0425],[7.5539,37.005],[7.5733,36.9933],[7.5936,36.9825],[7.6114,36.9764],[7.6181,36.975],[7.6869,36.9697],[7.719,36.9533],[7.792,36.8324],[7.9132,36.7752],[8.145,36.8139],[8.6367,36.8853],[8.8655,36.9684],[9.1503,37.1729],[9.2381,37.2067],[9.3278,37.2281],[9.4825,37.2769],[9.7322,37.2824],[9.8453,37.2502],[9.845,37.25],[9.8397,37.2475],[9.8122,37.2358],[9.8047,37.2353],[9.7842,37.2317],[9.7789,37.2289],[9.7756,37.225],[9.7728,37.2203],[9.7717,37.2141],[9.7733,37.2089],[9.7844,37.1789],[9.8083,37.1508],[9.8316,37.1421],[9.8452,37.1394],[9.8536,37.1391],[9.8672,37.1416],[9.8733,37.1435],[9.8886,37.1513],[9.898,37.1571],[9.9061,37.1647],[9.9289,37.1938],[9.9317,37.1986],[9.9308,37.2047],[9.9286,37.2094],[9.9253,37.2136],[9.9203,37.2164],[9.9136,37.2178],[9.8586,37.2289],[9.8897,37.2376],[10.0214,37.2001],[10.1327,37.1047],[10.1589,36.9965],[10.2319,36.8396],[10.2075,36.8339],[10.1981,36.828],[10.1942,36.8172],[10.1914,36.8044],[10.1919,36.7964],[10.1933,36.7908],[10.1975,36.7875],[10.2042,36.7858],[10.2439,36.7858],[10.2562,36.7868],[10.2567,36.7864],[10.2715,36.7546],[10.3928,36.7166],[10.4084,36.723],[10.4153,36.724],[10.4361,36.7297],[10.4586,36.7386],[10.4842,36.7522],[10.498,36.7596],[10.5806,36.7934],[10.6982,36.8821],[10.705,36.8833],[10.7214,36.8903],[10.8131,36.9455],[10.8253,36.9561],[10.8683,36.9964],[10.8738,37.0045],[11.0238,37.0683],[11.0394,36.909],[10.9524,36.7231],[10.8972,36.648],[10.8838,36.6248],[10.6334,36.424],[10.6302,36.4186],[10.5722,36.3978],[10.5475,36.3842],[10.5303,36.3708],[10.5224,36.3629],[10.5128,36.3511],[10.5003,36.3331],[10.4975,36.3283],[10.4931,36.3183],[10.4803,36.2875],[10.4708,36.2606],[10.4672,36.2497],[10.4567,36.1889],[10.4553,36.1694],[10.4553,36.1233],[10.4561,36.1172],[10.4581,36.1056],[10.4717,36.0567],[10.52,35.9722],[10.6,35.8686],[10.6097,35.8561],[10.625,35.8408],[10.6858,35.7886],[10.6888,35.787],[10.7256,35.7759],[10.8308,35.6793],[10.989,35.6223],[11.0291,35.5098],[11.0203,35.3956],[11.0192,35.3894],[11.0186,35.3758],[11.0225,35.3458],[11.0294,35.3314],[11.0453,35.3108],[11.0564,35.2994],[11.0847,35.275],[11.1008,35.2631],[11.1219,35.2497],[11.1251,35.2406],[11.1166,35.2215],[11.0772,35.1753],[11.0703,35.1672],[11.0653,35.1647],[11.0594,35.1628],[11.0528,35.1617],[11.0475,35.1592],[11.0356,35.1486],[11.0225,35.1319],[11.0181,35.1219],[11.015,35.1103],[11.0143,35.0927],[11.0161,35.0717],[11.0156,35.0581],[11.0117,35.0472],[10.9925,35.0174],[10.8725,34.848],[10.8231,34.7936],[10.8206,34.7903],[10.574,34.6481],[10.2799,34.3821],[10.1606,34.328],[10.1497,34.3233],[10.1381,34.3197],[10.1314,34.3183],[10.1167,34.3172],[10.1114,34.3147],[10.1047,34.3067],[10.0369,34.218],[10.0214,34.1911],[10.0125,34.1711],[10.0083,34.1703],[10.0058,34.1669],[10.0142,34.1097],[10.0192,34.0803],[10.0308,34.0364],[10.0369,34.0144],[10.0417,34.0047],[10.0689,33.953],[10.0797,33.9353],[10.0964,33.9144],[10.1661,33.8292],[10.2664,33.7486],[10.3144,33.7128],[10.3319,33.7003],[10.3502,33.6895],[10.4126,33.6311],[10.6502,33.4982],[10.6957,33.4892],[10.7397,33.4733],[10.7469,33.4722],[10.7542,33.4728],[10.7636,33.4759],[10.7781,33.473],[10.8262,33.5005],[10.9036,33.5311],[10.9122,33.5378],[10.9197,33.545],[10.9258,33.5539],[10.9288,33.5592],[10.9565,33.5751],[11.0991,33.5372],[11.1143,33.4978],[11.1142,33.4956],[11.1133,33.4894],[11.105,33.4686],[11.1023,33.4523],[11.1011,33.4297],[11.1181,33.295],[11.12,33.2833],[11.1283,33.27],[11.1681,33.215],[11.1711,33.2108],[11.1758,33.2081],[11.1822,33.2064],[11.3428,33.1828],[11.365,33.1817],[11.3799,33.1814],[11.4707,33.1441],[12.117,32.8785],[12.5648,32.7396],[12.7989,32.7338],[13.1871,32.7918],[13.4588,32.7796],[14.157,32.6794],[14.4334,32.4639],[14.7908,32.363],[15.0098,32.3634],[15.1637,32.2748],[15.2414,32.1733],[15.3581,31.805],[15.5334,31.5512],[15.8433,31.285],[16.0134,31.2282],[16.3184,31.1653],[16.7825,31.1281],[16.9838,31.0967],[17.4216,30.996],[17.709,30.8949],[17.9572,30.7684],[18.5372,30.4137],[18.6083,30.3745],[18.8854,30.2212],[18.915,30.2049],[19.1245,30.1989],[19.3188,30.2554],[19.3228,30.2565],[19.6639,30.4415],[19.6971,30.4708],[19.7461,30.5039],[19.7592,30.5133],[19.7708,30.5244],[19.8327,30.5905],[19.9815,30.7217],[20.0473,30.8361],[20.0547,30.8464],[20.0606,30.8553],[20.1089,30.9433],[20.1092,30.9439],[20.1168,30.9571],[20.1168,30.9585],[20.1192,30.9631],[20.1258,30.9792],[20.135,31.0078],[20.1489,31.055],[20.1519,31.0669],[20.155,31.0867],[20.1556,31.15],[20.1483,31.1869],[20.1433,31.2103],[20.1056,31.2975],[20.0922,31.3194],[20.0753,31.3389],[20.0672,31.3464],[20.0619,31.3489],[20.0494,31.3528],[20.0442,31.3553],[20.0406,31.3589],[20.0306,31.3778],[20.0197,31.4014],[19.9828,31.4825],[19.9683,31.5161],[19.9628,31.5311],[19.9544,31.5628],[19.9517,31.5733],[19.9424,31.6183],[19.9615,31.7955],[20.0684,32.0371],[20.3657,32.2982],[20.5155,32.3875],[20.7651,32.496],[21.0545,32.6301],[21.6734,32.8156],[22.216,32.7913],[22.5431,32.7221],[22.9228,32.5577],[23.0073,32.4816],[23.0267,32.2529],[23.1533,32.1388],[23.2886,32.1327],[23.714,32.0764],[23.7424,32.0641],[24.0344,31.9373],[24.2369,31.925],[24.8159,31.9072],[24.9515,31.8185],[24.9822,31.647],[25.1066,31.5138],[25.2582,31.4379],[25.5072,31.4448],[25.7895,31.4898],[26.1433,31.4906],[26.824,31.3586],[27.0881,31.3067],[27.3854,31.2602],[27.3953,31.2497],[27.4122,31.2361],[27.4389,31.2228],[27.4589,31.2172],[27.5711,31.1886],[27.65,31.1728],[27.6572,31.1725],[27.6631,31.1736],[27.7248,31.1908],[27.7633,31.1826],[27.9194,30.9987],[28.0998,30.9991],[28.5172,30.9618],[28.9664,30.7848],[29.2488,30.7537],[29.3594,30.8111],[29.6831,31.0532],[30.0991,31.2319],[30.1291,31.2385],[30.1419,31.2231],[30.1444,31.2208],[30.2111,31.2131],[30.215,31.2128],[30.2883,31.2364],[30.29,31.2369],[30.2922,31.2397],[30.3003,31.2689],[30.3005,31.2765],[30.4761,31.3153],[30.7463,31.4088],[30.9025,31.4203],[30.9642,31.4478],[30.9908,31.4679],[30.996,31.4689],[31.1514,31.4437],[31.3923,31.4443],[31.7174,31.3878],[31.8081,31.1783],[32.0765,31.0137],[32.3094,31.084],[32.5972,30.9639],[32.7687,30.9516],[33.0214,31.1321],[33.1296,31.0517],[33.2546,31.0265],[33.5576,30.9677],[33.7096,30.9957],[33.917,31.0701],[34.0336,31.1405],[34.1463,31.2086],[34.1953,31.2381],[34.3797,31.4694],[34.4011,31.4892],[34.4558,31.5497],[34.4772,31.575],[34.4881,31.5911],[34.4905,31.5961],[34.4953,31.6033],[34.5111,31.6264],[34.5539,31.6839],[34.5861,31.7269],[34.67,31.875],[34.6717,31.8781],[35.1463,31.4886],[35.7222,31.9339],[36.1933,32.7962],[37.0833,33.2133],[36.6121,34.3229],[36.3424,34.4557],[36.5232,34.9293],[37.4767,35.2219],[39.0023,35.8813],[38.5971,36.7457],[37.7253,37.2797],[37.0476,37.6948],[35.4028,37.2597],[35.3721,36.5599],[35.3542,36.5508],[35.34,36.5392],[35.1789,36.6219],[35.0236,36.7006],[34.9944,36.715],[34.983,36.72],[34.9731,36.7219],[34.9453,36.7247],[34.9292,36.725],[34.9155,36.7231],[34.9119,36.7214],[34.9042,36.7171],[34.8922,36.7428],[34.8892,36.7492],[34.8814,36.7594],[34.8731,36.7667],[34.8444,36.7856],[34.8272,36.7953],[34.7772,36.8086],[34.7408,36.8125],[34.7294,36.8133],[34.7055,36.8111],[34.6594,36.8053],[34.5722,36.7758],[34.5592,36.768],[34.4767,36.7055],[34.3628,36.6378],[34.3453,36.6294],[34.3228,36.6156],[34.2897,36.5917],[34.2669,36.5742],[34.2558,36.5644],[34.2455,36.5539],[34.2344,36.5389],[34.2283,36.5247],[34.2236,36.5192],[34.2158,36.5114],[34.1525,36.4611],[34.1286,36.4486],[34.0831,36.4111],[34.0764,36.4025],[34.0739,36.3947],[34.0733,36.3903],[34.0728,36.3775],[34.0736,36.3694],[34.075,36.3619],[34.064,36.347],[33.9829,36.278],[33.9369,36.2803],[33.9356,36.2828],[33.9231,36.2939],[33.883,36.3125],[33.8786,36.3139],[33.8731,36.3142],[33.8622,36.3094],[33.8594,36.3069],[33.8161,36.2608],[33.7453,36.2064],[33.7053,36.1794],[33.6544,36.1875],[33.645,36.1897],[33.6103,36.1822],[33.6064,36.1811],[33.5408,36.1397],[33.3628,36.1378],[33.2872,36.1244],[33.0453,36.0911],[32.9503,36.0967],[32.9389,36.0972],[32.9344,36.0967],[32.8644,36.0683],[32.8225,36.0375],[32.8089,36.0256],[32.7717,36.0289],[32.6697,36.0392],[32.5811,36.0803],[32.578,36.0822],[32.5666,36.0927],[32.5317,36.0925],[32.5175,36.0939],[32.505,36.0978],[32.4972,36.1011],[32.3694,36.1739],[32.3667,36.1764],[32.2758,36.2683],[32.2047,36.3439],[32.2,36.3492],[32.1886,36.3669],[32.1794,36.3905],[32.1714,36.4019],[32.1492,36.4294],[32.1069,36.4731],[32.0647,36.5164],[32.0225,36.5419],[32.0153,36.5455],[32.0075,36.5478],[32.0031,36.5481],[31.9936,36.5444],[31.8231,36.5897],[31.7422,36.6347],[31.7383,36.6364],[31.5828,36.6964],[31.3853,36.7828],[31.3722,36.7908],[31.3592,36.7989],[31.3436,36.8044],[31.2975,36.815],[31.2822,36.8172],[31.0467,36.8492],[30.9931,36.8542],[30.9708,36.8556],[30.8881,36.8536],[30.8261,36.8461],[30.8111,36.845],[30.7633,36.8442],[30.7372,36.8547],[30.7339,36.8567],[30.7089,36.8733],[30.6975,36.8828],[30.6883,36.885],[30.6828,36.8853],[30.6642,36.8772],[30.6506,36.8703],[30.6439,36.8664],[30.6233,36.8508],[30.6097,36.8364],[30.6014,36.8253],[30.5806,36.7972],[30.5742,36.7883],[30.5703,36.7822],[30.5608,36.7261],[30.5582,36.6858],[30.5401,36.647],[30.5122,36.4713],[30.4814,36.4269],[30.4744,36.393],[30.4744,36.3853],[30.4858,36.3633],[30.4939,36.352],[30.4872,36.3],[30.4286,36.2278],[30.4094,36.2061],[30.4069,36.2036],[30.4033,36.2019],[30.3997,36.2081],[30.3908,36.2353],[30.3658,36.2614],[30.2858,36.2967],[30.2764,36.3003],[30.2625,36.3036],[30.2572,36.3042],[30.2164,36.3042],[30.2008,36.3036],[30.1789,36.2989],[30.1458,36.2897],[30.1436,36.288],[30.1433,36.2853],[30.1458,36.2792],[30.1469,36.2733],[30.1458,36.2558],[30.1439,36.2528],[30.1269,36.2447],[30.0922,36.2353],[29.9758,36.2117],[29.7753,36.1517],[29.7708,36.1528],[29.7361,36.1614],[29.7322,36.1619],[29.7172,36.1608],[29.7144,36.1594],[29.6875,36.1381],[29.6772,36.1183],[29.6286,36.1705],[29.5703,36.1994],[29.5044,36.2055],[29.3497,36.2311],[29.3153,36.2472],[29.2836,36.2719],[29.2589,36.2958],[29.2187,36.3132],[29.1115,36.5022],[29.1247,36.5264],[29.1258,36.5331],[29.1253,36.5372],[29.1239,36.5405],[29.1069,36.5536],[29.0808,36.5589],[29.0794,36.5588],[29.0453,36.6189],[29.0872,36.6267],[29.0525,36.6811],[28.9383,36.7417],[28.9247,36.7467],[28.8669,36.6889],[28.8644,36.6864],[28.8517,36.6589],[28.8506,36.6561],[28.7928,36.6711],[28.6569,36.7103],[28.6197,36.77],[28.6086,36.8033],[28.4586,36.8803],[28.4542,36.8814],[28.3961,36.8636],[28.3925,36.8619],[28.3789,36.85],[28.3764,36.8472],[28.3761,36.8436],[28.38,36.8375],[28.385,36.8325],[28.3889,36.8328],[28.3953,36.8367],[28.4053,36.8378],[28.4203,36.8314],[28.4219,36.828],[28.4211,36.825],[28.4172,36.8114],[28.4036,36.7869],[28.4017,36.7839],[28.3986,36.7817],[28.3828,36.7811],[28.3781,36.7822],[28.3108,36.8258],[28.2886,36.8447],[28.28,36.8472],[28.2675,36.8475],[28.2564,36.8428],[28.2486,36.8353],[28.2436,36.8253],[28.238,36.8111],[28.2353,36.8039],[28.2342,36.8003],[28.2344,36.7961],[28.2475,36.7661],[28.2694,36.7444],[28.2758,36.7294],[28.2308,36.6986],[28.0664,36.5897],[27.9958,36.5581],[27.9702,36.601],[27.9825,36.6025],[28.0058,36.5994],[28.0147,36.5975],[28.0217,36.5944],[28.0272,36.5944],[28.0508,36.5978],[28.0706,36.6189],[28.0847,36.635],[28.0867,36.6383],[28.0855,36.6419],[28.0611,36.6736],[28.0447,36.6878],[28.0361,36.6906],[28.0339,36.6878],[28.0331,36.6836],[28.0356,36.6767],[28.035,36.6725],[28.0314,36.6708],[28.0186,36.6683],[28.0136,36.6681],[27.9892,36.6711],[27.9664,36.6742],[27.9636,36.6767],[27.9639,36.6825],[27.9655,36.6858],[27.975,36.6897],[28.0028,36.6992],[28.0386,36.7072],[28.0808,36.7081],[28.0858,36.7028],[28.0903,36.7019],[28.0944,36.7022],[28.1219,36.7194],[28.1239,36.7225],[28.1244,36.7914],[28.1233,36.795],[28.1183,36.8003],[28.1144,36.8017],[28.0939,36.8014],[28.0908,36.8],[28.0736,36.7861],[28.0369,36.7692],[28.0081,36.758],[27.9842,36.7522],[27.9334,36.7401],[27.9419,36.7563],[28.051,36.833],[28.037,36.8536],[28.0664,36.935],[28.2,36.9758],[28.3244,37.0233],[28.3275,37.0256],[28.3289,37.0358],[28.3286,37.0397],[28.3236,37.045],[28.3208,37.0455],[28.273,37.0436],[28.2103,37.0394],[28.0344,37.0247],[27.8486,37.0172],[27.6764,37.0019],[27.515,36.9928],[27.4264,37.0275],[27.4214,37.028],[27.3447,37.0164],[27.3358,37.0142],[27.3294,37.01],[27.3289,37.0061],[27.3367,36.9986],[27.3383,36.9953],[27.3228,36.9808],[27.3111,36.9719],[27.3022,36.9661],[27.2943,36.963],[27.2686,37.0417],[27.4712,37.1124],[27.55,37.1317],[27.5953,37.2325],[27.5639,37.2736],[27.5214,37.2617],[27.4858,37.2675],[27.4133,37.3022],[27.4042,37.3089],[27.3903,37.3253],[27.3886,37.3283],[27.3856,37.3394],[27.3847,37.3514],[27.4211,37.4079],[27.4144,37.4106],[27.4033,37.4111],[27.3755,37.4017],[27.3719,37.3997],[27.3608,37.3761],[27.3567,37.3703],[27.3325,37.353],[27.3136,37.3422],[27.2903,37.3401],[27.1942,37.3549],[27.2183,37.4114],[27.2242,37.4733],[27.215,37.5819],[27.2133,37.5853],[27.2089,37.5908],[27.1939,37.6044],[27.2253,37.7125],[27.2408,37.7278],[27.2486,37.74],[27.2511,37.7472],[27.2619,37.7947],[27.2642,37.8117],[27.2617,37.8844],[27.2642,37.8872],[27.2678,37.8936],[27.2739,37.9205],[27.2744,37.9247],[27.2739,37.9286],[27.2689,37.9517],[27.2678,37.9555],[27.2497,37.9731],[27.2442,37.9778],[27.2406,37.9797],[26.9853,38.0653],[26.9808,38.0664],[26.9756,38.0669],[26.9433,38.0642],[26.9231,38.0622],[26.818,38.1553],[26.7722,38.2089],[26.7664,38.2133],[26.7625,38.2147],[26.7519,38.215],[26.6811,38.2017],[26.6278,38.1567],[26.6239,38.1411],[26.6108,38.1033],[26.6067,38.1019],[26.5911,38.1017],[26.5858,38.1022],[26.5469,38.1153],[26.5442,38.1175],[26.5236,38.1383],[26.4889,38.1722],[26.4389,38.2128],[26.4203,38.2167],[26.3922,38.221],[26.4314,38.3355],[26.4483,38.3444],[26.4519,38.3464],[26.4636,38.3553],[26.4764,38.3683],[26.4992,38.4003],[26.5094,38.4197],[26.5106,38.4233],[26.5107,38.4258],[26.5274,38.4182],[26.6417,38.3439],[26.6444,38.3375],[26.6514,38.3292],[26.6736,38.31],[26.6822,38.3075],[26.6875,38.3069],[26.6922,38.308],[26.6947,38.3095],[26.7425,38.2784],[26.9569,38.3807],[27.0889,38.398],[27.1011,38.4019],[27.1161,38.4086],[27.1225,38.4125],[27.1619,38.4439],[27.1628,38.4472],[27.1611,38.4503],[27.1558,38.4555],[27.1525,38.4564],[27.0461,38.4611],[27.0403,38.4611],[27.0003,38.4564],[26.9961,38.455],[26.9903,38.4506],[26.9472,38.4417],[26.8805,38.5025],[26.8242,38.5546],[26.8288,38.583],[26.762,38.612],[26.7533,38.62],[26.7389,38.6353],[26.7344,38.6408],[26.7308,38.6458],[26.7228,38.7023],[26.9664,38.7699],[27.0349,38.8211],[27.0138,38.865],[27.0153,38.8656],[27.0183,38.8633],[27.0197,38.8553],[27.0228,38.853],[27.0275,38.853],[27.0317,38.8542],[27.0597,38.8689],[27.0625,38.8711],[27.0644,38.8744],[27.0653,38.8783],[27.0592,38.9203],[27.058,38.9239],[27.0531,38.9292],[27.0408,38.9333],[26.9592,38.9375],[26.9539,38.9369],[26.9225,38.9333],[26.9183,38.9322],[26.9065,38.9277],[26.825,38.9362],[26.8028,38.9544],[26.8005,38.9572],[26.7961,38.9719],[26.7942,38.9839],[26.7942,38.9883],[26.7967,39.02],[26.7986,39.0278],[26.7995,39.0282],[26.8708,39.056],[26.8672,39.0595],[26.8781,39.0619],[26.8811,39.0642],[26.8858,39.0694],[26.8847,39.0733],[26.8717,39.095],[26.8678,39.1008],[26.8489,39.1272],[26.8439,39.1325],[26.8206,39.1511],[26.8056,39.1622],[26.7593,39.1733],[26.7289,39.2214],[26.705,39.2332],[26.7041,39.2505],[26.6662,39.2524],[26.6447,39.2631],[26.6633,39.298],[26.7202,39.3372],[26.7229,39.3398],[26.8114,39.3989],[26.8886,39.4684],[26.9262,39.4765],[26.9279,39.4805],[26.9325,39.4814],[26.9367,39.4825],[26.9397,39.4847],[26.9474,39.5253],[26.9575,39.5483],[26.9519,39.549],[26.9517,39.5528],[26.9447,39.5658],[26.9392,39.575],[26.9328,39.5792],[26.9239,39.5822],[26.8928,39.5794],[26.8828,39.578],[26.8761,39.5742],[26.829,39.5641],[26.8043,39.5672],[26.7506,39.556],[26.6944,39.5553],[26.6697,39.555],[26.6594,39.5517],[26.5814,39.5347],[26.5386,39.5297],[26.2122,39.4653],[26.2086,39.4633],[26.1997,39.4611],[26.1339,39.453],[26.1281,39.453],[26.1186,39.455],[26.1014,39.4603],[26.0808,39.4672],[26.073,39.4708],[26.0689,39.4753],[26.0676,39.4811],[26.0695,39.4942],[26.0697,39.495],[26.1014,39.5817],[26.1075,39.5911],[26.1333,39.6078],[26.1533,39.6292],[26.1564,39.6361],[26.1603,39.6561],[26.1631,39.6864],[26.1581,39.8214],[26.1544,39.8936],[26.1492,39.9078],[26.1486,39.9167],[26.151,39.9261],[26.1828,39.9907],[26.1874,39.9971],[26.229,39.9955],[26.2378,39.9917],[26.2489,39.9911],[26.2583,39.9944],[26.3203,39.9919],[26.3365,40.0281],[26.3369,40.0286],[26.3847,40.1025],[26.3986,40.14],[26.4251,40.1794],[26.4817,40.187],[26.7653,40.3769],[26.9965,40.3717],[27.0146,40.3893],[27.0267,40.3911],[27.0539,40.4164],[27.0567,40.4272],[27.0589,40.43],[27.2704,40.4507],[27.2769,40.4423],[27.2983,40.4069],[27.295,40.4058],[27.2967,40.4025],[27.3053,40.3864],[27.3075,40.3836],[27.3146,40.38],[27.3292,40.3558],[27.4496,40.3098],[27.526,40.2971],[27.7639,40.2873],[27.8196,40.336],[27.8717,40.3656],[27.875,40.3678],[27.88,40.3733],[27.8811,40.3769],[27.8808,40.38],[27.8767,40.3817],[27.8369,40.3967],[27.8261,40.3978],[27.8172,40.3958],[27.8058,40.392],[27.7998,40.4033],[27.7495,40.4276],[27.7033,40.4692],[27.8078,40.5036],[27.9538,40.4877],[28.0065,40.4508],[27.9927,40.4368],[27.9344,40.4136],[27.9211,40.4103],[27.9119,40.4083],[27.8983,40.3958],[27.8969,40.3922],[27.8967,40.3875],[27.9006,40.3814],[27.9175,40.3669],[27.9225,40.3651],[27.9082,40.3506],[27.9574,40.3565],[27.9586,40.3564],[27.9646,40.3574],[28.004,40.3621],[28.4777,40.3951],[28.5273,40.3918],[28.6744,40.3636],[28.7185,40.379],[28.7564,40.3765],[28.9268,40.3558],[29.0524,40.3347],[29.1174,40.4084],[29.1436,40.4272],[29.1467,40.4294],[29.148,40.433],[29.1442,40.4392],[29.1378,40.4436],[29.0844,40.4764],[29.0756,40.4789],[29.0436,40.4814],[29.0269,40.4811],[29.0178,40.4789],[28.9883,40.47],[28.9797,40.4639],[28.9155,40.4687],[28.9125,40.4694],[28.8919,40.4769],[28.7947,40.5154],[28.778,40.5247],[28.8368,40.5701],[28.8525,40.5756],[28.8942,40.5886],[28.9098,40.5931],[28.9553,40.6247],[28.9576,40.6262],[29.5252,40.6883],[29.5477,40.6889],[29.5481,40.6883],[29.5511,40.6861],[29.5558,40.685],[29.5611,40.6853],[29.5969,40.6903],[29.7131,40.6936],[29.7572,40.7073],[29.8931,40.7128],[29.91,40.7131],[29.9247,40.715],[29.9328,40.7186],[29.938,40.7239],[29.9403,40.7314],[29.9406,40.7439],[29.9344,40.7605],[29.9169,40.7617],[29.7261,40.7722],[29.5917,40.7756],[29.5622,40.7711],[29.5181,40.7692],[29.4125,40.7697],[29.34,40.8028],[29.3333,40.8114],[29.2903,40.8481],[29.255,40.8683],[29.1494,40.903],[29.1294,40.9144],[29.0433,40.9731],[29.033,41.0086],[29.1612,41.2164],[29.5778,41.1534],[30.1376,41.1318],[30.1573,41.1406],[30.1614,41.1408],[30.195,41.1514],[30.2313,41.1736],[30.2561,41.1847],[30.7448,41.0403],[31.2177,41.0541],[31.4041,41.1635],[31.3996,41.1936],[31.4028,41.1967],[31.4111,41.2092],[31.4131,41.2172],[31.4219,41.2772],[31.4211,41.2808],[31.4936,41.3273],[31.6664,41.3948],[31.7448,41.4318],[31.7458,41.4322],[31.7497,41.4339],[31.9922,41.5425],[32.1544,41.6056],[32.1583,41.6072],[32.165,41.6114],[32.1794,41.6333],[32.1869,41.64],[32.419,41.7492],[32.6535,41.8336],[32.6844,41.8338],[32.6925,41.8394],[32.7214,41.8492],[32.7728,41.858],[32.7981,41.8589],[32.828,41.8592],[32.9122,41.875],[32.9508,41.885],[32.9783,41.8958],[32.9817,41.8978],[32.9844,41.9006],[32.9872,41.9081],[32.9894,41.9111],[32.9928,41.9133],[32.9948,41.914],[33.1555,41.9496],[33.5555,41.9825],[33.8967,41.9511],[34.3039,41.8941],[34.6629,41.8756],[35.0019,42.0432],[35.0988,41.8059],[35.2861,41.6715],[35.4114,41.6268],[35.6779,41.6209],[35.9578,41.6856],[36.1614,41.3525],[36.3829,41.2375],[36.4164,41.2476],[36.4292,41.2428],[36.4339,41.2414],[36.4619,41.2406],[36.4719,41.2417],[36.4853,41.2444],[36.4997,41.2514],[36.5317,41.2678],[36.5386,41.2719],[36.5676,41.2929],[36.6412,41.315],[36.817,41.2897],[37.2528,41.0277],[37.8218,41.0096],[37.8562,41.0034],[37.8925,40.9828],[37.8978,40.9819],[37.9344,40.9883],[37.9404,40.9882],[38.1124,40.9573],[38.1161,40.9555],[38.142,40.9519],[38.314,40.9209],[38.3211,40.9209],[38.3364,40.9153],[38.3503,40.9111],[38.3614,40.9094],[38.4205,40.9122],[38.5186,40.9203],[38.5253,40.9213],[38.6512,40.9216],[39.1386,41.0443],[39.2423,41.0531],[39.2572,41.0497],[39.2686,41.0489],[39.2786,41.0497],[39.2908,41.0533],[39.3053,41.0585],[39.3702,41.064],[39.663,41.0005],[39.7662,40.9872],[39.9125,40.9567],[40.0814,40.9217],[40.1028,40.9175],[40.1106,40.9167],[40.1286,40.9164],[40.15,40.9203],[40.2692,40.9572],[40.2839,40.9619],[40.361,40.9634],[40.6099,41.028],[41.2778,41.28],[41.2931,41.2858],[41.484,41.4365],[41.5211,41.4658],[41.6108,41.6287],[41.6228,41.6417],[41.6355,41.6453],[41.6428,41.645],[41.65,41.6428],[41.6572,41.6439],[41.6839,41.6717],[41.7272,41.7211],[41.7303,41.7255],[41.7728,41.8094],[41.775,41.8217],[41.7761,41.8419],[41.7747,41.8856],[41.7608,41.9614],[41.6617,42.1211],[41.6566,42.1305],[41.6525,42.1408],[41.6533,42.1544],[41.6566,42.1697],[41.6555,42.1819],[41.6467,42.2203],[41.6328,42.2719],[41.5964,42.3503],[41.5894,42.3586],[41.5737,42.3764],[41.5256,42.5335],[41.5261,42.5444],[41.5256,42.5505],[41.5225,42.5614],[41.5005,42.625],[41.4878,42.6619],[41.4811,42.6755],[41.47,42.6942],[41.4614,42.708],[41.4508,42.7205],[41.443,42.728],[41.4393,42.7311],[41.4097,42.7882],[41.1226,43.0191],[40.9693,43.0767],[40.5571,43.1466],[40.4943,43.1716],[40.2613,43.2643],[40.2544,43.2744],[40.2216,43.3142],[40.2153,43.3186],[40.1507,43.3401],[40.0981,43.3776],[39.4587,43.8329],[38.9237,44.2119],[38.6564,44.3378],[38.5561,44.3851],[38.277,44.4232],[38.1118,44.4927],[38.103,44.4999],[37.8804,44.7189],[37.7741,44.7445],[37.6217,44.6733],[37.4739,44.6924],[37.3179,44.9242],[36.9599,45.2274],[37.0683,45.2616],[37.068,45.2608],[37.0655,45.2575],[37.0639,45.2494],[37.0639,45.2458],[37.0686,45.2403],[37.0772,45.2364],[37.105,45.2344],[37.1158,45.2344],[37.1542,45.2394],[37.2264,45.2489],[37.3147,45.27],[37.3186,45.2717],[37.3197,45.2753],[37.3183,45.2783],[37.3089,45.2819],[37.2972,45.2844],[37.2164,45.2986],[37.2053,45.2992],[37.205,45.3048],[37.2277,45.312],[37.461,45.3125],[37.5929,45.3341],[37.5967,45.3322],[37.6019,45.3269],[37.605,45.3133],[37.7133,45.2961],[37.7294,45.2958],[37.7339,45.2969],[37.7372,45.2992],[37.738,45.3033],[37.7408,45.383],[37.703,45.5555],[37.7021,45.5574],[37.7061,45.5784],[37.8679,45.7925],[37.9899,46.0067],[38.0863,46.0121],[38.0705,45.9536],[38.0955,45.945],[38.124,46.0142],[38.2272,46.0201],[38.3812,46.0592],[38.4064,46.0453],[38.4455,46.0275],[38.4569,46.0253],[38.4678,46.0253],[38.5436,46.0258],[38.5483,46.0264],[38.5564,46.0294],[38.563,46.0344],[38.5653,46.0383],[38.5664,46.0422],[38.57,46.0586],[38.5742,46.0822],[38.5744,46.0897],[38.573,46.0967],[38.5653,46.1047],[38.5575,46.1092],[38.515,46.1292],[38.4247,46.1675],[38.3695,46.1894],[38.2649,46.3186],[37.9702,46.4413],[37.7655,46.5968],[37.7614,46.6052],[37.8172,46.6318],[37.8397,46.6242],[37.8514,46.6222],[37.8736,46.6214],[38.0005,46.6189],[38.0161,46.6189],[38.0347,46.6225],[38.0511,46.6289],[38.0583,46.6333],[38.0964,46.6658],[38.103,46.6708],[38.1175,46.6794],[38.1232,46.6817],[38.2902,46.7055],[38.2925,46.6994],[38.2947,46.6853],[38.2992,46.6797],[38.3025,46.6772],[38.3128,46.6739],[38.3878,46.6528],[38.4486,46.6417],[38.4664,46.6397],[38.5772,46.6497],[38.5817,46.6508],[38.5853,46.6528],[38.5911,46.6589],[38.593,46.6669],[38.5925,46.678],[38.5844,46.6933],[38.5789,46.6986],[38.5655,46.708],[38.5508,46.7167],[38.4925,46.7375],[38.4736,46.7405],[38.4433,46.7419],[38.6879,46.861],[38.6978,46.8608],[38.7072,46.8622],[38.7775,46.8819],[38.8004,46.8893],[38.9141,46.9378],[38.9568,46.9599],[39.1395,47.024],[39.1836,47.0203],[39.2525,47.0089],[39.2644,47.0075],[39.2697,47.0078],[39.2736,47.0094],[39.2769,47.0122],[39.2819,47.0192],[39.2858,47.028],[39.3,47.0769],[39.2786,47.2261],[39.2766,47.2364],[39.2722,47.2458],[39.2658,47.2539],[39.2564,47.2614],[39.2467,47.265],[39.0925,47.2805],[39.0675,47.2778],[38.9653,47.2586],[38.9525,47.2544],[38.9436,47.2453],[38.9435,47.245],[38.8002,47.2292],[38.5355,47.1939],[38.5514,47.2097],[38.5578,47.215],[38.5658,47.2183],[38.575,47.2203],[38.5992,47.2244],[38.6764,47.2364],[38.743,47.2422],[38.7686,47.2533],[38.6744,47.2486],[38.6047,47.2403],[38.5819,47.235],[38.5453,47.2203],[38.53,47.2122],[38.5169,47.2019],[38.5059,47.1899],[38.2097,47.1505],[37.8593,47.1037],[37.5911,47.0873],[37.5742,47.0886],[37.5636,47.0883],[37.5544,47.0861],[37.5512,47.0848],[37.4221,47.0769],[37.2423,46.9339],[37.2392,46.9342],[37.2053,46.9286],[37.1886,46.9228],[37.0783,46.8853],[37.0395,46.874],[36.993,46.8575],[36.9203,46.8278],[36.913,46.8233],[36.9098,46.821],[36.8646,46.8093],[36.354,46.7758],[35.8506,46.6644],[35.6243,46.5211],[35.4161,46.4947],[35.2124,46.6371],[35.0464,46.3577],[34.9068,46.273],[34.6923,46.2531],[34.4957,46.2787],[34.1927,46.269],[34.1894,46.2714],[34.1772,46.2775],[34.1619,46.2825],[34.1564,46.2822],[34.1525,46.2805],[34.1482,46.2676],[34.0642,46.2649],[33.9238,46.2201],[33.7794,46.248],[33.7736,46.2483],[33.7694,46.248],[33.6816,46.2217],[33.6719,46.2208],[33.6692,46.218],[33.6694,46.2144],[33.6736,46.2086],[33.7022,46.1692],[33.7092,46.1608],[33.7242,46.1483],[33.735,46.1417],[33.7786,46.1192],[33.7892,46.1186],[33.7931,46.1205],[33.7989,46.1261],[33.8014,46.1342],[33.802,46.1397],[33.8152,46.1423],[33.8313,46.1434],[33.8832,46.0628],[33.8792,46.0589],[33.9,46.0386],[33.9575,46.0178],[33.9631,46.0164],[33.9739,46.0167],[33.9783,46.018],[33.9889,46.0247],[33.9903,46.0289],[33.9945,46.0684],[33.9983,46.0723],[34.0584,46.0617],[34.1143,46.0176],[34.1183,45.9786],[34.1133,45.9778],[34.1122,45.9742],[34.115,45.9678],[34.1192,45.9619],[34.1361,45.9425],[34.1428,45.9378],[34.1522,45.9364],[34.1705,45.9392],[34.1892,45.943],[34.1972,45.9458],[34.2008,45.9483],[34.203,45.9517],[34.2042,45.9597],[34.2028,45.9708],[34.1997,45.9883],[34.1978,45.9953],[34.1966,45.998],[34.2237,46.0063],[34.2193,46.009],[34.1925,46.0198],[34.1868,46.0245],[34.1897,46.0296],[34.1974,46.0279],[34.3849,45.9317],[34.3835,45.9231],[34.383,45.9231],[34.3792,45.9214],[34.3736,45.9161],[34.358,45.8878],[34.3569,45.8842],[34.3594,45.8814],[34.4889,45.8736],[34.4947,45.8733],[34.4971,45.8741],[34.5459,45.8491],[34.4951,45.8028],[34.4951,45.8022],[34.4628,45.7766],[34.4597,45.7736],[34.4586,45.7703],[34.4605,45.7672],[34.4664,45.7667],[34.6492,45.7856],[34.7853,45.7158],[34.8937,45.6706],[35.007,45.6125],[35.0083,45.6113],[35.0319,45.5343],[34.99,45.45],[35.0634,45.3401],[35.1047,45.337],[35.1144,45.3311],[35.1267,45.3261],[35.133,45.325],[35.1519,45.3335],[35.1777,45.3316],[35.2764,45.3021],[35.399,45.2554],[35.4391,45.2754],[35.4262,45.295],[35.3585,45.3319],[35.3834,45.3383],[35.4539,45.3005],[35.4619,45.2964],[35.4753,45.2911],[35.4856,45.288],[35.4919,45.2869],[35.5031,45.2867],[35.5455,45.2931],[35.6886,45.3261],[35.7061,45.3308],[35.863,45.4044],[35.8867,45.3919],[35.9328,45.3703],[35.9469,45.3653],[35.9633,45.3611],[35.9872,45.3583],[35.9983,45.358],[36.0086,45.3586],[36.0217,45.3619],[36.0356,45.3714],[36.0458,45.3842],[36.0569,45.4028],[36.0622,45.415],[36.068,45.4258],[36.0708,45.4286],[36.0744,45.4308],[36.0985,45.4423],[36.3232,45.4397],[36.521,45.3883],[36.4151,45.2716],[36.3671,45.1615],[36.2648,45.0966],[36.0047,45.0443],[35.8655,45.0311],[35.7864,45.0521],[35.7819,45.055],[35.7369,45.0769],[35.7189,45.0842],[35.6772,45.1003],[35.6419,45.1114],[35.593,45.1192],[35.5703,45.1205],[35.5544,45.1205],[35.5336,45.1197],[35.5239,45.1183],[35.5153,45.1161],[35.4587,45.0886],[35.3867,45.0819],[35.0673,44.8617],[34.6142,44.8415],[34.3722,44.7572],[34.135,44.5375],[34.0137,44.4921],[33.6602,44.5237],[33.4159,44.5946],[33.4647,44.603],[33.5544,44.6236],[33.5386,44.6725],[33.5194,44.7792],[33.52,44.7831],[33.5289,44.7967],[33.5405,44.8256],[33.545,44.8325],[33.5528,44.8414],[33.5594,44.8461],[33.5675,44.8492],[33.5928,44.8511],[33.6008,44.8539],[33.6036,44.8569],[33.6086,44.8692],[33.6214,44.9089],[33.6222,44.9208],[33.62,44.9314],[33.6144,44.9558],[33.6106,44.9694],[33.5717,45.0803],[33.5664,45.0894],[33.5564,45.1],[33.5505,45.105],[33.5419,45.1119],[33.5133,45.1294],[33.5094,45.1314],[33.3979,45.2527],[33.0135,45.3814],[32.9263,45.3877],[32.6434,45.3806],[32.5753,45.3611],[32.509,45.4383],[32.5211,45.4511],[32.5364,45.4639],[32.5739,45.4825],[32.63,45.51],[32.8344,45.605],[32.8986,45.6428],[32.9253,45.6553],[32.9372,45.66],[33.0225,45.6875],[33.1842,45.7386],[33.23,45.7428],[33.2358,45.7425],[33.2586,45.7478],[33.3044,45.7636],[33.3164,45.7683],[33.3592,45.7875],[33.3739,45.7953],[33.388,45.8053],[33.4005,45.8155],[33.4089,45.8242],[33.4155,45.8289],[33.4325,45.8344],[33.4805,45.848],[33.5658,45.8617],[33.623,45.8775],[33.768,45.9186],[33.7719,45.9205],[33.7742,45.9239],[33.7733,45.9272],[33.7689,45.933],[33.7589,45.94],[33.75,45.9436],[33.7394,45.9464],[33.6739,45.9572],[33.6625,45.9575],[33.6464,45.9708],[33.6272,45.9967],[33.6255,45.9997],[33.6283,46.0644],[33.623,46.124],[33.6167,46.138],[33.6114,46.1472],[33.6061,46.1525],[33.598,46.1566],[33.5872,46.1586],[33.5828,46.1572],[33.5339,46.1229],[33.5279,46.1341],[33.3325,46.1661],[33.204,46.1589],[33.1925,46.1619],[33.1847,46.1583],[33.1835,46.1578],[32.9729,46.1459],[32.5164,46.1256],[32.2469,46.164],[32.2433,46.1731],[32.1029,46.2272],[31.9819,46.3521],[31.9842,46.3528],[32.0558,46.383],[32.0592,46.3855],[32.0614,46.3889],[32.0592,46.3958],[32.0553,46.4016],[32.0481,46.41],[32.0155,46.4419],[32.01,46.4472],[32.0039,46.4511],[31.9986,46.4519],[31.9871,46.4523],[32.0712,46.5107],[32.0925,46.5097],[32.1811,46.4914],[32.2766,46.4686],[32.3197,46.4619],[32.3394,46.4594],[32.3567,46.4589],[32.4158,46.4858],[32.4225,46.4903],[32.4247,46.4939],[32.4228,46.4969],[32.4194,46.4992],[32.4103,46.5025],[32.4075,46.5053],[32.4058,46.5083],[32.4061,46.5125],[32.4103,46.5253],[32.4125,46.5286],[32.4217,46.5369],[32.4487,46.5523],[32.4908,46.5756],[32.5514,46.5947],[32.5644,46.5986],[32.5897,46.6019],[32.6025,46.6061],[32.6097,46.6103],[32.6197,46.6175],[32.6447,46.6378],[32.6472,46.6411],[32.6444,46.6439],[32.6403,46.6458],[32.6344,46.6461],[32.63,46.6447],[32.5186,46.6083],[32.4561,46.5847],[32.4214,46.5683],[32.4,46.5614],[32.3753,46.5575],[32.3425,46.5561],[32.3317,46.5558],[32.3258,46.5561],[32.3133,46.558],[32.3042,46.5617],[32.2939,46.5683],[32.2872,46.573],[32.275,46.5828],[32.2558,46.5975],[32.2483,46.6017],[32.2366,46.603],[32.2317,46.6022],[32.1847,46.5808],[32.1486,46.5614],[32.1447,46.5594],[32.1412,46.5593],[32.1888,46.5922],[31.9738,46.8388],[31.9761,46.8403],[31.9833,46.85],[31.9931,46.8689],[32.008,46.905],[32.0119,46.9225],[32.0105,46.9297],[31.9808,47.0075],[31.84,47.1797],[31.7536,47.2514],[31.7494,47.2533],[31.7355,47.25],[31.7294,47.2447],[31.7247,47.2378],[31.723,47.2339],[31.7219,47.2291],[31.7222,47.2255],[31.7256,47.2191],[31.7308,47.2139],[31.7455,47.205],[31.7642,47.1983],[31.79,47.1947],[31.8078,47.1875],[31.8133,47.1822],[31.8197,47.1736],[31.8703,47.088],[31.8714,47.0847],[31.8714,47.0769],[31.8681,47.07],[31.8458,47.0467],[31.8389,47.0364],[31.8361,47.028],[31.8364,47.0164],[31.8405,47.0067],[31.8444,47.0005],[31.9019,46.9272],[31.9081,46.9222],[31.9183,46.9192],[31.9297,46.9192],[31.943,46.9231],[31.9508,46.9269],[31.9644,46.9303],[31.9694,46.9286],[31.973,46.9264],[31.975,46.9233],[31.9722,46.9103],[31.9642,46.89],[31.9497,46.8644],[31.9464,46.86],[31.9358,46.8498],[31.9319,46.848],[31.8933,46.8353],[31.8825,46.8292],[31.8739,46.8205],[31.8694,46.8136],[31.8656,46.8061],[31.8633,46.7972],[31.8628,46.7931],[31.8636,46.7856],[31.8648,46.782],[31.781,46.7019],[31.5377,46.7014],[31.5371,46.7013],[31.5505,46.7189],[31.5981,46.7892],[31.5933,46.805],[31.5208,46.74],[31.5064,46.7205],[31.5031,46.7125],[31.4895,46.6943],[31.0872,46.6355],[30.8329,46.5766],[30.5205,46.2514],[30.4328,46.1757],[30.0688,45.8614],[29.9985,45.8425],[29.9839,45.8447],[29.9786,45.8444],[29.97,45.8417],[29.9489,45.8291],[29.7297,45.77],[29.6837,45.761],[29.6847,45.7633],[29.69,45.7692],[29.6961,45.7742],[29.6978,45.778],[29.6972,45.7817],[29.683,45.8025],[29.6797,45.8047],[29.6417,45.8219],[29.6372,45.8228],[29.6336,45.8211],[29.6319,45.8169],[29.5997,45.6979],[29.5004,45.5234],[29.5361,45.4522],[29.6159,45.4102],[29.6832,45.3748],[29.7108,45.2583],[29.6794,45.2105],[29.6714,45.2097],[29.665,45.2105],[29.6643,45.2118],[29.6322,45.2158],[29.6269,45.2153],[29.6239,45.2131],[29.6245,45.2113],[29.625,45.2097],[29.6411,45.1739],[29.6457,45.1592],[29.579,45.0575],[29.4575,44.9151],[29.2616,44.8954],[29.0897,44.8757],[29.0486,44.8493],[29.045,44.8589],[29.0383,44.9119],[29.0394,44.9205],[29.0428,44.9278],[29.0511,44.9364],[29.0639,44.9455],[29.0711,44.9494],[29.0847,44.9528],[29.0953,44.9536],[29.1042,44.9558],[29.1103,44.9605],[29.1117,44.9647],[29.1119,44.9689],[29.1097,44.9717],[29.0994,44.9783],[29.0472,45.0028],[29.0417,45.0036],[28.99,45.0061],[28.9797,45.0061],[28.9756,45.0047],[28.9,44.9667],[28.8739,44.9486],[28.8683,44.943],[28.8664,44.9397],[28.8622,44.9278],[28.8611,44.9192],[28.8625,44.8817],[28.8636,44.8783],[28.87,44.8736],[28.8903,44.8653],[28.8972,44.8611],[28.945,44.8303],[28.9497,44.8247],[28.9497,44.8214],[28.9269,44.7783],[28.9072,44.7555],[28.8961,44.7553],[28.8722,44.7511],[28.8597,44.7469],[28.7983,44.7194],[28.7933,44.7133],[28.7831,44.6975],[28.7811,44.6939],[28.7797,44.6694],[28.7791,44.6571],[28.7839,44.6475],[28.7899,44.6424],[28.7928,44.64],[28.7992,44.6394],[28.8142,44.6414],[28.8144,44.6414],[28.8025,44.6272],[28.7965,44.6308],[28.7675,44.6297],[28.7636,44.6281],[28.7606,44.6253],[28.7558,44.618],[28.7544,44.6144],[28.7558,44.5713],[28.7325,44.5434],[28.6862,44.4881],[28.5731,44.1978],[28.5299,43.8435],[28.5101,43.7431],[28.4805,43.5923],[28.4457,43.4764],[28.3281,43.4375],[28.1871,43.4501],[28.0346,43.3919],[27.8873,43.0635],[27.8699,42.7999],[27.8362,42.7355],[27.7597,42.7138],[27.7369,42.7125],[27.7289,42.7097],[27.7199,42.7025],[27.654,42.6837],[27.5708,42.5921],[27.515,42.5564],[27.5064,42.5481],[27.4958,42.5358],[27.4506,42.4808],[27.4486,42.4769],[27.4483,42.47],[27.4508,42.4642],[27.465,42.4494],[27.4968,42.435],[27.4947,42.4009],[27.6079,42.4168],[27.7225,42.3162],[27.7377,42.247],[27.9134,42.0781],[27.918,41.9777],[28.0122,41.8947],[28.0081,41.8917],[27.9969,41.8942],[27.9919,41.8942],[27.9878,41.893],[27.9808,41.8892],[27.9778,41.8864],[27.9706,41.8764],[27.9647,41.8647],[27.9633,41.8567],[27.9669,41.8319],[27.9683,41.825],[28.0297,41.7246],[28.0698,41.625],[28.1044,41.593],[28.1992,41.5362],[28.2017,41.5342],[28.2169,41.5236],[28.2428,41.5089],[28.2485,41.5067],[28.3715,41.4331],[28.6216,41.3597],[28.7925,41.2972],[28.835,41.2822],[28.938,41.2561],[29.0172,41.2411],[29.0278,41.2406],[29.0295,41.2413],[29.0811,41.2005],[29.0644,41.1702],[29.0392,41.1545],[29.0496,41.1434],[28.9835,41.0237],[28.9025,40.9778],[28.8386,40.9578],[28.8303,40.9555],[28.8243,40.9553],[28.8156,40.9553],[28.6278,40.9605],[28.6047,40.9647],[28.6003,40.9667],[28.5971,40.9772],[28.5971,40.9794],[28.5981,40.9821],[28.5989,40.987],[28.5994,41.0036],[28.5972,41.0103],[28.5836,41.0431],[28.5819,41.0464],[28.5714,41.0644],[28.5669,41.07],[28.5597,41.0744],[28.5508,41.078],[28.5292,41.0803],[28.525,41.0792],[28.5367,41.0619],[28.5425,41.0606],[28.5519,41.0611],[28.5572,41.0597],[28.5594,41.0569],[28.5678,41.023],[28.5678,41.0194],[28.551,40.9961],[28.5493,40.9944],[28.5389,40.9861],[28.5283,40.9869],[28.5233,40.9883],[28.5153,40.9922],[28.4736,41.015],[28.4625,41.0253],[28.4517,41.0317],[28.4444,41.0358],[28.4311,41.0414],[28.4158,41.0458],[28.3761,41.0544],[28.2428,41.0792],[28.2131,41.0803],[28.1672,41.0783],[28.1486,41.0767],[28.1319,41.0717],[28.1172,41.0653],[28.0847,41.0619],[28.0683,41.0575],[28.0108,41.0356],[27.9997,41.0305],[27.99,41.0239],[27.9872,41.0211],[27.9814,41.0094],[27.98,41.0014],[27.9783,40.9969],[27.9669,40.9829],[27.9485,40.9695],[27.943,40.968],[27.9336,40.9675],[27.8881,40.968],[27.8669,40.97],[27.8572,40.9731],[27.8528,40.9786],[27.8442,40.9861],[27.8281,40.9939],[27.7794,41.0094],[27.7736,41.0105],[27.7414,41.0133],[27.7225,41.0117],[27.6861,41.0072],[27.5142,40.9844],[27.5097,40.9836],[27.5019,40.9808],[27.4955,40.9764],[27.4875,40.9675],[27.4841,40.9627],[27.4742,40.9628],[27.313,40.7899],[27.2724,40.6886],[27.1879,40.6383],[27.13,40.6163],[27.0203,40.5922],[26.9732,40.5567],[26.9635,40.553],[26.8783,40.5328],[26.7308,40.4806],[26.72,40.4755],[26.6822,40.4539],[26.6797,40.4511],[26.6778,40.4472],[26.68,40.4408],[26.6853,40.4319],[26.6855,40.4311],[26.6136,40.398],[26.5166,40.285],[26.5027,40.2764],[26.3759,40.2134],[26.2552,40.0816],[26.159,40.0505],[26.1581,40.0517],[26.1572,40.0553],[26.1578,40.0592],[26.1597,40.063],[26.2375,40.1669],[26.2492,40.1767],[26.2589,40.195],[26.2608,40.1989],[26.2672,40.2164],[26.2681,40.2206],[26.2728,40.2503],[26.2697,40.2564],[26.2628,40.2647],[26.2317,40.3017],[26.2152,40.3133],[26.4575,40.435],[26.507,40.4666],[26.5432,40.483],[26.5983,40.5061],[26.6111,40.5092],[26.625,40.5103],[26.6467,40.5083],[26.6764,40.5086],[26.6894,40.5111],[26.7772,40.5558],[26.7975,40.5678],[26.8244,40.5842],[26.8272,40.5869],[26.8269,40.5944],[26.8247,40.6008],[26.8053,40.6375],[26.7939,40.6511],[26.7881,40.6561],[26.7844,40.6581],[26.7792,40.6594],[26.7683,40.6606],[26.7639,40.66],[26.6983,40.6405],[26.6856,40.6378],[26.6711,40.6369],[26.6369,40.6361],[26.5803,40.6317],[26.438,40.6167],[26.3594,40.6083],[26.3461,40.6067],[26.3214,40.5953],[26.3083,40.593],[26.2889,40.5922],[26.249,40.5922],[26.124,40.6028],[26.0611,40.6434],[26.0578,40.6519],[26.0569,40.6553],[26.0447,40.7358],[26.0383,40.7433],[26.035,40.7572],[26.0283,40.7922],[26.0419,40.8072],[26.0228,40.8297],[25.9957,40.8341],[25.9929,40.8525],[25.6357,40.8774],[25.5127,40.8842],[25.5014,40.8867],[25.4194,40.9053],[25.3561,40.9369],[25.3478,40.9408],[25.3206,40.9453],[25.3042,40.9467],[25.3003,40.9453],[25.2356,40.9383],[25.1764,40.9419],[25.1353,40.9519],[25.1322,40.9544],[25.1292,40.9605],[25.1328,40.9733],[25.1356,40.9764],[25.1558,40.9869],[25.1664,40.9914],[25.1661,40.9942],[25.1478,41.0083],[25.1433,41.0103],[25.1381,41.0114],[25.0745,41.0076],[25.04,41.0048],[25.0355,41.0043],[25.0266,40.999],[25.0189,41.0171],[24.8121,40.9334],[24.7007,40.8783],[24.6149,40.8758],[24.5992,40.8983],[24.5689,40.9481],[24.5667,40.9506],[24.5614,40.9519],[24.5087,40.9549],[24.505,40.9841],[24.3543,40.971],[24.2191,40.8297],[24.0252,40.7464],[23.959,40.74],[23.9158,40.755],[23.9083,40.7589],[23.8867,40.7753],[23.8461,40.7872],[23.8367,40.7864],[23.8031,40.776],[23.7484,40.8044],[23.6347,40.7728],[23.633,40.7132],[23.7091,40.63],[23.7852,40.4772],[23.8224,40.4701],[23.8247,40.4631],[23.8281,40.4569],[23.835,40.4489],[23.8586,40.4219],[23.8742,40.4067],[23.8833,40.3994],[23.8872,40.3975],[23.9228,40.3842],[23.9611,40.3786],[24.0019,40.3844],[24.0058,40.3858],[24.014,40.3842],[24.1494,40.2842],[24.1242,40.29],[24.1139,40.29],[24.0956,40.2878],[24.0519,40.2922],[24.0501,40.2927],[24.0478,40.3084],[23.9686,40.3319],[23.9658,40.3342],[23.9567,40.3453],[23.9475,40.3525],[23.9369,40.3586],[23.9242,40.3639],[23.9078,40.3672],[23.8506,40.3733],[23.8398,40.372],[23.7748,40.3928],[23.7222,40.3482],[23.6272,40.3453],[23.6588,40.2873],[23.6517,40.2292],[23.653,40.2286],[23.6389,40.2331],[23.4136,40.2814],[23.4033,40.2817],[23.3989,40.2808],[23.3883,40.2756],[23.3842,40.272],[23.3491,40.282],[23.2918,40.2873],[23.2931,40.2451],[23.2837,40.2407],[23.2653,40.2481],[23.2608,40.2497],[23.1775,40.273],[23.1108,40.2992],[22.8994,40.3967],[22.8436,40.475],[22.8631,40.5039],[22.8744,40.5028],[22.8889,40.5039],[22.9222,40.5125],[22.9467,40.5197],[22.9647,40.5283],[22.9739,40.5356],[22.9811,40.5447],[22.9822,40.5492],[22.9786,40.5589],[22.9503,40.6194],[22.9467,40.6255],[22.9414,40.6306],[22.9117,40.6428],[22.9014,40.645],[22.8964,40.645],[22.8658,40.6386],[22.8619,40.6294],[22.8628,40.6261],[22.8628,40.626],[22.8519,40.6513],[22.77,40.6672],[22.7013,40.5774],[22.4921,40.4983],[22.6023,40.3972],[22.4896,40.2305],[22.4674,40.1185],[22.5256,40.0642],[22.5551,39.9867],[22.6951,39.8345],[22.7545,39.8183],[22.8134,39.6027],[23.0742,39.4135],[23.2361,39.2032],[23.2187,39.189],[23.1786,39.2556],[23.1633,39.2711],[23.1608,39.2736],[23.1228,39.3042],[23.1197,39.3064],[22.9953,39.3528],[22.9461,39.3606],[22.9417,39.3597],[22.9378,39.3586],[22.9202,39.3448],[22.919,39.3451],[22.8509,39.3661],[22.7203,39.2873],[22.7661,39.2028],[22.8349,39.1664],[22.8669,39.0405],[21.695,39.1263],[21.1186,39.0367],[21.1092,39.0467],[21.1061,39.0489],[21.0986,39.0531],[21.0942,39.0547],[21.0876,39.0559],[21.0072,39.113],[20.9141,39.068],[20.8261,39.1139],[20.8217,39.1144],[20.8178,39.1131],[20.7747,39.0853],[20.7713,39.0726],[20.6778,39.0804],[20.644,39.1039],[20.5344,39.1858],[20.4803,39.2736],[20.4669,39.2758],[20.3856,39.2844],[20.3847,39.2845],[20.2593,39.3718],[20.2142,39.4378],[20.2153,39.44],[20.2453,39.4414],[20.2278,39.5194],[20.1886,39.6192],[20.1761,39.6281],[20.1653,39.6339],[20.0687,39.6776],[20.0286,39.8138],[19.9871,39.8512],[19.9878,39.8672],[19.9375,39.9375],[19.8656,40.0369],[19.8631,40.0397],[19.8503,40.0486],[19.8411,40.0514],[19.8256,40.0547],[19.765,40.0719],[19.7567,40.0794],[19.7492,40.0903],[19.7306,40.1031],[19.6167,40.1492],[19.5106,40.1936],[19.4956,40.2014],[19.4633,40.2183],[19.4528,40.2247],[19.4447,40.2319],[19.4011,40.28],[19.3776,40.3087],[19.3802,40.3236],[19.4837,40.2959],[19.4945,40.4027],[19.4853,40.4137],[19.4875,40.4367],[19.4878,40.4408],[19.4558,40.5611],[19.4514,40.5667],[19.4203,40.5767],[19.415,40.5778],[19.3958,40.5811],[19.3908,40.5808],[19.3524,40.6082],[19.5273,40.8659],[19.7818,42.0946],[19.0692,44.86],[17.181,45.3128],[14.509,46.3061],[13.3689,47.4747],[6.5998,46.3061],[6.0297,48.6415],[4.6403,48.1922],[2.6808,48.1447],[2.0395,47.2575],[2.7164,45.4129],[2.3602,44.2252],[0.3294,43.8153],[0.0088,42.7259],[-1.4876,42.3847],[-1.3807,41.4836],[0.2348,40.2374],[-0.1606,39.886],[-0.2037,39.7994],[-0.2845,39.6368],[-0.3948,39.4345],[-0.2359,39.0624],[-0.2037,39.0127],[-0.1657,38.9541],[-0.0734,38.9121],[-0.07,38.9089],[-0.06,38.9011],[-0.0492,38.8942],[-0.0331,38.8843],[0.0089,38.8622],[0.0292,38.8572],[0.0444,38.8585],[0.1261,38.8214],[0.1726,38.7383],[-0.107,38.5915],[-0.2037,38.544],[-0.4352,38.4303],[-0.4844,38.3481],[-0.5117,38.325],[-0.587,38.2061],[-0.6647,38.1766],[-0.8723,37.7598],[-0.8559,37.7257],[-0.8583,37.7217],[-0.86,37.7167],[-0.8575,37.7119],[-0.8402,37.6931],[-0.8026,37.615],[-0.9183,37.5703],[-0.9692,37.5678],[-0.9761,37.5728],[-0.9797,37.5769],[-1.0483,37.5792],[-1.2386,37.5753],[-1.3275,37.5581],[-1.3508,37.5494],[-1.3515,37.549],[-1.3646,37.5484],[-1.6257,37.4395],[-1.6311,37.4353],[-2.307,37.8091],[-3.8389,38.2021],[-6.2616,37.9497],[-6.893,37.1607],[-6.9047,37.1656],[-6.9599,37.2218],[-6.9787,37.2126],[-6.9722,37.1777],[-6.9968,37.1911],[-7.0533,37.2131],[-7.0803,37.2175],[-7.1272,37.2206],[-7.1733,37.2172],[-7.1902,37.2154],[-7.2278,37.2259],[-7.4145,37.2133],[-7.4319,37.2532],[-7.4214,37.2129],[-7.4915,37.2082],[-7.6034,37.163],[-7.836,37.0323],[-7.9916,37.0138],[-8.0081,37.0186],[-8.0178,37.0256],[-8.0394,37.04],[-8.0497,37.0461],[-8.0678,37.0547],[-8.1042,37.0717],[-8.1175,37.0769],[-8.1753,37.0922],[-8.3675,37.1039],[-8.38,37.1003],[-8.3983,37.0928],[-8.4172,37.0886],[-8.4174,37.0886],[-8.4508,37.0886],[-8.5111,37.1031],[-8.6118,37.107],[-8.6671,37.1214],[-8.7749,37.0776],[-8.8147,37.0669],[-8.9267,37.0161],[-8.9844,37.0203],[-8.9903,37.023],[-8.9914,37.0281],[-8.9908,37.0339],[-8.9842,37.0522],[-8.9592,37.0925],[-8.9508,37.1011],[-8.9453,37.1039],[-8.9411,37.1078],[-8.9261,37.1275],[-8.9228,37.1328],[-8.9136,37.1475],[-8.9058,37.1617],[-8.9033,37.1667],[-8.8581,37.2728],[-8.8289,37.3806],[-8.7959,37.4425],[-8.7872,37.5242],[-8.7875,37.7222],[-8.8058,37.7664],[-8.7919,37.8191],[-8.7914,37.8242],[-8.7906,37.8342],[-8.7944,37.8972],[-8.7975,37.9128],[-8.7997,37.9178],[-8.8056,37.9283],[-8.8106,37.9319],[-8.8422,38.0094],[-8.8367,38.02],[-8.8081,38.0861],[-8.8056,38.0919],[-8.7961,38.1183],[-8.7894,38.1394],[-8.7792,38.1805],[-8.7758,38.2118],[-8.7769,38.2505],[-8.7775,38.2622],[-8.7797,38.3011],[-8.7864,38.3289],[-8.7922,38.3492],[-8.8025,38.3744],[-8.7233,38.4167],[-8.6733,38.4139],[-8.7689,38.5172],[-8.8922,38.5181],[-8.905,38.5175],[-8.9114,38.5161],[-8.9264,38.5039],[-8.9817,38.4703],[-9.0223,38.461],[-9.1878,38.4274],[-9.2003,38.4517],[-9.1844,38.4753],[-9.1831,38.4808],[-9.1792,38.5067],[-9.1786,38.5117],[-9.1825,38.5319],[-9.1853,38.5419],[-9.2039,38.5928],[-9.2069,38.5981],[-9.2186,38.6172],[-9.2217,38.6217],[-9.2254,38.626],[-9.0903,38.6407],[-9.0744,38.6311],[-9.0635,38.6473],[-8.9419,38.7419],[-8.9473,38.7637],[-8.9386,38.765],[-8.9197,38.7659],[-8.9197,38.7703],[-8.9281,38.7981],[-8.9308,38.8028],[-8.9558,38.8409],[-8.9667,38.8347],[-8.9725,38.8386],[-8.9792,38.8469],[-8.9825,38.8519],[-8.9839,38.8572],[-8.9919,38.8928],[-8.9869,38.9086],[-8.9844,38.9478],[-8.9908,38.9453],[-8.9992,38.9369],[-9.0028,38.9325],[-9.027,38.9025],[-9.0408,38.9202],[-9.1758,38.7322],[-9.338,38.6789],[-9.4297,38.6919],[-9.4614,38.6981],[-9.4739,38.703],[-9.4844,38.71],[-9.4947,38.7853],[-9.4931,38.7903],[-9.4878,38.8],[-9.4658,38.8347],[-9.4592,38.8444],[-9.4506,38.8519],[-9.4472,38.8567],[-9.4425,38.8667],[-9.4378,38.8769],[-9.4219,38.9181],[-9.4142,38.9442],[-9.4111,38.9547],[-9.4142,38.9842],[-9.4156,38.9894],[-9.4172,38.9947],[-9.4225,38.9986],[-9.4264,39.0036],[-9.4261,39.0194],[-9.4192,39.0786],[-9.3967,39.1178],[-9.3664,39.1606],[-9.3631,39.1656],[-9.3425,39.2153],[-9.3369,39.2344],[-9.3372,39.2558],[-9.3375,39.2708],[-9.3383,39.293],[-9.3617,39.3483],[-9.3575,39.365],[-9.2933,39.3914],[-9.2272,39.4353],[-9.1442,39.5264],[-9.0856,39.615],[-9.0794,39.6403],[-9.0475,39.7322],[-9.0269,39.7756],[-8.9847,39.8506],[-8.9319,39.9642],[-8.8964,40.0454],[-8.8931,40.0503],[-8.8889,40.0597],[-8.8747,40.0961],[-8.8628,40.1308],[-8.8619,40.148],[-8.8814,40.2428],[-8.8506,40.3069],[-8.8403,40.3364],[-8.8,40.4683],[-8.7903,40.5042],[-8.7859,40.5207],[-8.7825,40.5378],[-8.7781,40.5578],[-8.7769,40.5625],[-8.7454,40.6284],[-8.7299,40.6371],[-8.7217,40.6387],[-8.6917,40.6611],[-8.6608,40.6872],[-8.6594,40.695],[-8.6783,40.7758],[-8.7031,40.7186],[-8.7196,40.6913],[-8.7273,40.6806],[-8.7313,40.6796],[-8.7353,40.6803],[-8.7336,40.6894],[-8.7267,40.7278],[-8.7178,40.7528],[-8.7028,40.7942],[-8.6975,40.7994],[-8.6931,40.815],[-8.6778,40.8692],[-8.6681,40.9039],[-8.6461,40.9972],[-8.645,41.008],[-8.6455,41.0186],[-8.6572,41.0419],[-8.7294,41.2367],[-8.7897,41.4214],[-8.7788,41.4676],[-8.7811,41.4844],[-8.7997,41.5667],[-8.8151,41.6172],[-8.8694,41.7167],[-8.8767,41.7319],[-8.88,41.7467],[-8.8817,41.7567],[-8.8806,41.8098],[-8.8061,41.8892],[-8.8122,41.9033],[-8.7862,41.9191],[-8.7524,41.9317],[-8.745,41.9525],[-8.7572,41.9406],[-8.7728,41.9294],[-8.7839,41.9228],[-8.8164,41.9202],[-8.8188,41.9186],[-8.8605,42.0145],[-8.7986,42.1945],[-8.7971,42.1967],[-8.7739,42.2131],[-8.7589,42.2194],[-8.7228,42.2403],[-8.6442,42.2883],[-8.58,42.3464],[-8.5797,42.3517],[-8.6,42.3536],[-8.6197,42.35],[-8.6322,42.3406],[-8.6531,42.3197],[-8.6564,42.315],[-8.6581,42.3097],[-8.65,42.3014],[-8.6497,42.2958],[-8.6547,42.2922],[-8.6836,42.2797],[-8.7528,42.2613],[-8.6441,42.4197],[-8.7785,42.5966],[-8.7469,42.6381],[-8.7197,42.6753],[-8.7194,42.6958],[-8.7215,42.7011],[-8.8306,42.6675],[-8.9164,42.7885],[-8.9117,42.7933],[-8.9189,42.7921],[-8.9417,42.8242],[-9.128,42.8497],[-9.1439,42.8933],[-9.1628,42.9258],[-9.185,42.9525],[-9.1914,42.95],[-9.2499,42.9196],[-9.2663,43.0211],[-9.2592,43.0472],[-9.2292,43.1108],[-9.1975,43.1582],[-9.1452,43.1931],[-9.1319,43.1967],[-9.1256,43.1975],[-9.0894,43.1906],[-9.0353,43.2039],[-8.9522,43.2306],[-8.9358,43.2394],[-8.9792,43.2708],[-8.9817,43.2761],[-8.9803,43.2814],[-8.9689,43.2861],[-8.9503,43.2936],[-8.889,43.3152],[-8.869,43.3208],[-8.8244,43.3272],[-8.7828,43.3031],[-8.7242,43.2911],[-8.7014,43.2872],[-8.6894,43.2922],[-8.6575,43.3033],[-8.5365,43.3424],[-8.3104,43.353],[-8.2507,43.4304],[-8.2271,43.5752],[-8.0067,43.7039],[-7.9449,43.7382],[-7.8526,43.7332],[-7.8506,43.7147],[-7.8111,43.7242],[-7.7939,43.7297],[-7.7931,43.7299],[-7.6363,43.7214],[-7.3086,43.6089],[-7.2986,43.5981],[-7.2933,43.5942],[-7.2539,43.5653],[-7.2408,43.5592],[-7.2114,43.565],[-7.1981,43.5647],[-7.1777,43.564],[-7.1513,43.5549],[-7.0355,43.5443],[-7.0339,43.5372],[-7.0448,43.4904],[-7.0192,43.5397],[-7.0165,43.5426],[-6.808,43.5234],[-6.5242,43.5562],[-6.4814,43.555],[-6.3428,43.5569],[-6.2958,43.5694],[-6.1086,43.5617],[-6.095,43.5619],[-6.0758,43.5658],[-5.9447,43.5939],[-5.8833,43.6233],[-5.8542,43.648],[-5.7786,43.6172],[-5.7583,43.5942],[-5.7489,43.5867],[-5.7333,43.5764],[-5.6906,43.5483],[-5.6778,43.5439],[-5.6708,43.5436],[-5.6497,43.5447],[-5.6419,43.5453],[-5.61,43.5503],[-5.5489,43.5522],[-5.4597,43.5539],[-5.4295,43.5532],[-5.2543,43.5139],[-5.2344,43.4956],[-5.2144,43.4797],[-5.2075,43.4778],[-5.1942,43.4781],[-5.0564,43.47],[-4.98,43.4611],[-4.8819,43.4486],[-4.7606,43.4283],[-4.7469,43.4231],[-4.7333,43.4192],[-4.6567,43.4086],[-4.6375,43.4067],[-4.5947,43.4031],[-4.5146,43.3963],[-4.5011,43.4011],[-4.4247,43.4017],[-4.39,43.3978],[-4.3156,43.3905],[-4.2731,43.3905],[-4.2239,43.3961],[-4.2128,43.3978],[-4.1219,43.4164],[-4.0514,43.4425],[-4.0294,43.4477],[-3.8476,43.4392],[-3.417,43.3757],[-3.3008,43.4131],[-3.2247,43.3969],[-3.1506,43.3536],[-3.0222,43.3575],[-3.0025,43.3833],[-2.9414,43.4356],[-2.9278,43.4358],[-2.8564,43.4328],[-2.8078,43.4303],[-2.7356,43.4264],[-2.5653,43.3903],[-2.5139,43.3786],[-2.5072,43.3767],[-2.4897,43.3614],[-2.4856,43.3564],[-2.4647,43.3411],[-2.4522,43.3347],[-2.3542,43.3058],[-2.3478,43.3044],[-2.2956,43.2961],[-2.1703,43.2911],[-2.1564,43.2911],[-2.1219,43.2967],[-2.0121,43.3234],[-1.9146,43.3054],[-1.7461,43.3602],[-1.7244,43.3795],[-1.6669,43.3853],[-1.595,43.4339],[-1.5853,43.4414],[-1.5319,43.51],[-1.5281,43.515],[-1.4867,43.5705],[-1.4439,43.6405],[-1.4425,43.6656],[-1.4403,43.6914],[-1.4247,43.7847],[-1.3469,44.0536],[-1.3419,44.07],[-1.3339,44.0855],[-1.3292,44.0897],[-1.3264,44.0944],[-1.305,44.1955],[-1.2642,44.3933],[-1.2586,44.4522],[-1.2489,44.4991],[-1.2496,44.5118],[-1.2501,44.5151],[-1.2338,44.5581],[-1.2259,44.5794],[-1.1358,44.6001],[-1.1713,44.649],[-1.1564,44.6583],[-1.1464,44.6558],[-1.1261,44.6511],[-1.0942,44.6533],[-1.0858,44.6542],[-1.0542,44.66],[-1.0464,44.6633],[-1.0406,44.6686],[-1.0361,44.6753],[-1.0369,44.6831],[-1.0572,44.7081],[-1.0625,44.7136],[-1.1211,44.755],[-1.1344,44.7636],[-1.1583,44.7739],[-1.1689,44.7761],[-1.1767,44.7728],[-1.2214,44.7181],[-1.2303,44.7304],[-1.2489,44.709],[-1.2475,44.7578],[-1.2072,45.0133],[-1.1683,45.2086],[-1.1519,45.3714],[-1.1522,45.3922],[-1.1486,45.4275],[-1.1447,45.4599],[-1.1234,45.4316],[-0.9004,45.2939],[-0.8142,45.1218],[-0.7285,45.0186],[-0.8547,45.3214],[-1.0994,45.5472],[-1.095,45.5528],[-1.0839,45.5644],[-1.0767,45.5686],[-1.0681,45.5708],[-1.0581,45.5714],[-1.0536,45.5658],[-1.0519,45.5583],[-1.0522,45.5542],[-1.0533,45.5503],[-1.0592,45.5394],[-1.0611,45.5308],[-1.0614,45.5272],[-1.0578,45.5208],[-1.045,45.5117],[-0.9989,45.4794],[-0.9919,45.475],[-0.9839,45.4711],[-0.9706,45.4664],[-0.9472,45.4631],[-0.9369,45.4605],[-0.9222,45.4525],[-0.9156,45.4478],[-0.8081,45.3672],[-0.8022,45.3625],[-0.7975,45.3569],[-0.7711,45.3219],[-0.7592,45.3044],[-0.7361,45.2355],[-0.7344,45.2313],[-0.7331,45.2247],[-0.7336,45.2095],[-0.7306,45.1913],[-0.7147,45.1306],[-0.7064,45.1114],[-0.6994,45.0986],[-0.5458,44.8964],[-0.5406,44.8908],[-0.5367,44.8956],[-0.5367,44.8997],[-0.5392,44.9836],[-0.5417,44.9903],[-0.5542,45.0233],[-0.605,45.0519],[-0.6197,45.0603],[-0.6322,45.0697],[-0.6439,45.08],[-0.6481,45.0858],[-0.6553,45.0983],[-0.6683,45.1242],[-0.6731,45.1381],[-0.706,45.3221],[-0.7178,45.3572],[-0.7458,45.42],[-0.7497,45.4264],[-0.7767,45.4611],[-0.7864,45.4719],[-0.8036,45.4872],[-0.8625,45.5289],[-1.0003,45.6144],[-1.0817,45.6555],[-1.0897,45.6594],[-1.1658,45.6875],[-1.2233,45.7006],[-1.2328,45.6986],[-1.2408,45.7017],[-1.2428,45.7078],[-1.2428,45.7103],[-1.2344,45.7758],[-1.2306,45.7881],[-1.2256,45.7939],[-1.1889,45.7999],[-1.1459,45.8029],[-1.1481,45.8678],[-1.0775,45.8967],[-1.0708,45.9014],[-1.0678,45.9089],[-1.0533,46.0122],[-1.0506,46.0344],[-1.0519,46.0378],[-1.0536,46.0411],[-1.12,46.1258],[-1.1486,46.1533],[-1.1058,46.2586],[-1.1146,46.3166],[-1.1622,46.3269],[-1.1681,46.3269],[-1.1728,46.3258],[-1.2,46.3183],[-1.2042,46.3167],[-1.2078,46.3147],[-1.2133,46.3092],[-1.2153,46.3055],[-1.2203,46.2897],[-1.2511,46.3001],[-1.2561,46.3068],[-1.4027,46.4039],[-1.6199,46.4356],[-1.6543,46.4454],[-1.7298,46.4699],[-1.8248,46.5753],[-1.8275,46.5839],[-1.8606,46.6378],[-1.9139,46.6886],[-1.9197,46.6936],[-2.0072,46.7617],[-2.0333,46.7764],[-2.0338,46.7766],[-2.1297,46.8508],[-2.0536,46.9674],[-2.0347,46.9817],[-1.9843,47.0316],[-1.9842,47.0344],[-1.9875,47.0408],[-2.0003,47.0592],[-2.0083,47.0672],[-2.0242,47.0792],[-2.0517,47.0972],[-2.0589,47.1006],[-2.0725,47.1053],[-2.0943,47.1122],[-2.1095,47.124],[-2.1696,47.147],[-2.1652,47.2211],[-2.1602,47.2399],[-2.1572,47.2433],[-2.1547,47.2443],[-2.1342,47.2781],[-2.0436,47.2872],[-1.9989,47.2822],[-1.9383,47.2742],[-1.9189,47.2694],[-1.9192,47.2667],[-1.9033,47.2544],[-1.8917,47.2486],[-1.8025,47.2119],[-1.7731,47.2081],[-1.7464,47.2069],[-1.735,47.2078],[-1.73,47.2092],[-1.7286,47.2108],[-1.8839,47.2867],[-1.8969,47.2908],[-1.9214,47.2978],[-2.0033,47.3192],[-2.0222,47.3205],[-2.0342,47.3203],[-2.1294,47.3097],[-2.1876,47.2846],[-2.1947,47.2754],[-2.2733,47.2417],[-2.2892,47.2389],[-2.4336,47.2625],[-2.4803,47.2772],[-2.5356,47.295],[-2.5403,47.2967],[-2.5414,47.3003],[-2.5275,47.3861],[-2.4797,47.4131],[-2.4667,47.4175],[-2.4475,47.4083],[-2.4406,47.4039],[-2.4064,47.4075],[-2.4106,47.4231],[-2.4596,47.453],[-2.4711,47.4469],[-2.4767,47.4464],[-2.4811,47.4478],[-2.4847,47.4503],[-2.4869,47.453],[-2.4878,47.4604],[-2.4655,47.4944],[-2.4746,47.4992],[-2.4744,47.4992],[-2.4228,47.4994],[-2.3747,47.5],[-2.3686,47.5003],[-2.3639,47.5017],[-2.3611,47.5042],[-2.3883,47.5103],[-2.5094,47.5292],[-2.5383,47.5326],[-2.6137,47.5722],[-2.8299,47.4963],[-2.8336,47.4972],[-2.8378,47.4992],[-2.8699,47.5403],[-2.8703,47.5428],[-2.8684,47.5471],[-2.8659,47.5481],[-2.8641,47.5486],[-2.8456,47.5481],[-2.8108,47.5449],[-2.7753,47.5472],[-2.755,47.5439],[-2.7369,47.5439],[-2.7328,47.5456],[-2.6872,47.5942],[-2.685,47.5972],[-2.6806,47.6131],[-2.6811,47.6172],[-2.6947,47.635],[-2.6981,47.6372],[-2.7042,47.6381],[-2.8888,47.5997],[-2.9253,47.5811],[-3.0219,47.5832],[-3.0627,47.6039],[-3.2221,47.6525],[-3.5089,47.7586],[-3.6333,47.7775],[-3.6453,47.7787],[-3.7119,47.7981],[-3.7965,47.7945],[-3.8339,47.8006],[-3.8481,47.8058],[-3.8753,47.8242],[-3.8883,47.8336],[-3.8911,47.8364],[-3.9044,47.8528],[-3.9147,47.8576],[-3.9548,47.9043],[-4.3644,47.8293],[-4.3649,47.8314],[-4.3483,47.8355],[-4.3458,47.8381],[-4.3442,47.8419],[-4.3433,47.8494],[-4.3439,47.8536],[-4.35,47.8719],[-4.3639,47.8989],[-4.3879,47.929],[-4.3909,47.9418],[-4.4083,47.9501],[-4.4194,47.9608],[-4.4361,47.9725],[-4.4508,47.9808],[-4.4849,48],[-4.4958,48.0058],[-4.5247,48.0211],[-4.5294,48.0225],[-4.5419,48.0172],[-4.5911,48.0169],[-4.6818,48.029],[-4.7003,48.0638],[-4.3166,48.101],[-4.3061,48.0986],[-4.3,48.0981],[-4.2947,48.0989],[-4.2917,48.1014],[-4.2836,48.1147],[-4.2822,48.1183],[-4.2761,48.1392],[-4.2753,48.1433],[-4.2756,48.1519],[-4.2781,48.1592],[-4.3022,48.1931],[-4.3103,48.2014],[-4.3203,48.2083],[-4.4414,48.2383],[-4.4619,48.2425],[-4.4747,48.2422],[-4.4847,48.2394],[-4.4931,48.2361],[-4.4948,48.2331],[-4.588,48.2515],[-4.4439,48.2855],[-4.4083,48.2836],[-4.2633,48.2847],[-4.2053,48.2947],[-4.1861,48.3],[-4.1886,48.3014],[-4.3,48.3205],[-4.3771,48.3264],[-4.3502,48.3905],[-4.4738,48.3829],[-4.592,48.3923],[-4.7776,48.3552],[-4.7793,48.3583],[-4.7643,48.5258],[-4.7581,48.5331],[-4.7439,48.5458],[-4.7379,48.5511],[-4.6257,48.5467],[-4.5922,48.5627],[-4.5897,48.56],[-4.5889,48.5643],[-4.4883,48.6123],[-4.2515,48.6519],[-4.0765,48.7064],[-3.9936,48.7228],[-3.9904,48.7231],[-3.9732,48.708],[-3.9736,48.7058],[-3.9725,48.7022],[-3.9642,48.6853],[-3.9494,48.6561],[-3.8575,48.6361],[-3.8511,48.6555],[-3.8611,48.6805],[-3.8603,48.6836],[-3.8535,48.6913],[-3.8216,48.7209],[-3.8211,48.7211],[-3.7071,48.7061],[-3.6783,48.6947],[-3.6386,48.6819],[-3.5961,48.6758],[-3.5831,48.6758],[-3.5753,48.6797],[-3.5319,48.7392],[-3.5628,48.7647],[-3.5675,48.7661],[-3.577,48.7651],[-3.5586,48.8078],[-3.5552,48.8106],[-3.4436,48.8346],[-3.38,48.8219],[-3.3664,48.8267],[-3.2858,48.8517],[-3.1443,48.8661],[-3.1244,48.865],[-3.0608,48.8264],[-2.9207,48.7126],[-2.9145,48.7068],[-2.8167,48.6143],[-2.7905,48.5896],[-2.7819,48.5875],[-2.7206,48.5331],[-2.6956,48.5131],[-2.6853,48.5017],[-2.4942,48.6112],[-2.3675,48.6639],[-2.3357,48.6703],[-2.2001,48.599],[-2.121,48.6354],[-2.0393,48.5996],[-2.0396,48.5969],[-1.9822,48.5142],[-1.9772,48.5125],[-1.9725,48.5128],[-1.9494,48.5247],[-1.9465,48.5265],[-1.9436,48.53],[-1.9419,48.5336],[-1.9528,48.5767],[-1.9553,48.5794],[-1.9636,48.5875],[-1.9694,48.5928],[-1.9789,48.5958],[-1.9844,48.5961],[-1.9944,48.5936],[-2.0067,48.6028],[-2.0088,48.6308],[-2.0141,48.6423],[-2.0168,48.6484],[-2.0171,48.6509],[-1.9953,48.678],[-1.915,48.6997],[-1.8699,48.7062],[-1.8646,48.6642],[-1.8672,48.6578],[-1.87,48.65],[-1.8614,48.6385],[-1.8576,48.6084],[-1.8268,48.6117],[-1.8256,48.6114],[-1.8122,48.6106],[-1.7872,48.6106],[-1.7228,48.6111],[-1.6492,48.6153],[-1.6331,48.6178],[-1.6194,48.6222],[-1.6108,48.6261],[-1.5924,48.6374],[-1.5914,48.6375],[-1.5854,48.6395],[-1.5211,48.6364],[-1.465,48.6372],[-1.3689,48.6436],[-1.4497,48.6756],[-1.467,48.68],[-1.4566,48.6836],[-1.5652,48.7608],[-1.5786,48.8378],[-1.5756,48.8628],[-1.5642,48.9144],[-1.5564,49.0158],[-1.5673,49.0118],[-1.5634,49.0362],[-1.5798,49.229],[-1.617,49.2231],[-1.6811,49.2944],[-1.7058,49.3183],[-1.7408,49.3517],[-1.75,49.3594],[-1.7572,49.3631],[-1.8336,49.456],[-1.8456,49.4997],[-1.8467,49.5683],[-1.84,49.5783],[-1.8381,49.5864],[-1.8383,49.5983],[-1.8419,49.6136],[-1.8486,49.6358],[-1.8553,49.6494],[-1.8578,49.6522],[-1.8644,49.6569],[-1.8839,49.6631],[-1.9003,49.6664],[-1.9131,49.6678],[-1.9309,49.6712],[-1.9413,49.7093],[-1.7085,49.6778],[-1.6736,49.6647],[-1.6708,49.6617],[-1.6669,49.6597],[-1.6494,49.6578],[-1.6206,49.6553],[-1.5512,49.6564],[-1.5242,49.6528],[-1.2868,49.6937],[-1.2642,49.6842],[-1.2562,49.6753],[-1.2737,49.592],[-1.2922,49.5839],[-1.2961,49.5817],[-1.3014,49.5758],[-1.3044,49.5683],[-1.305,49.5636],[-1.3031,49.5475],[-1.2983,49.5372],[-1.2919,49.5278],[-1.2882,49.5233],[-1.2887,49.521],[-1.1771,49.3325],[-1.03,49.3955],[-0.9968,49.3962],[-0.9161,49.3894],[-0.9092,49.3836],[-0.9019,49.3792],[-0.8878,49.3744],[-0.8681,49.3686],[-0.8514,49.365],[-0.8272,49.3617],[-0.7256,49.3517],[-0.6219,49.345],[-0.5806,49.3453],[-0.5031,49.3461],[-0.4345,49.3425],[-0.2394,49.2855],[-0.2368,49.2859],[-0.2283,49.2836],[-0.1042,49.2992],[-0.0933,49.3011],[-0.0733,49.3055],[-0.0394,49.3147],[-0.005,49.327],[0.0329,49.3337],[0.2702,49.4303],[0.2703,49.4303],[0.2952,49.4315],[0.3686,49.4394],[0.3847,49.4422],[0.4247,49.4517],[0.4514,49.4611],[0.4633,49.4669],[0.4742,49.4736],[0.4944,49.4881],[0.4917,49.4881],[0.4833,49.4844],[0.4414,49.4717],[0.3881,49.4578],[0.3717,49.4556],[0.3536,49.4542],[0.3265,49.4532],[0.3308,49.455],[0.0904,49.5106],[0.1127,49.5935],[0.1229,49.6106],[0.1894,49.681],[0.5286,49.8258],[0.7701,49.8836],[1.0686,49.9261],[1.0736,49.9272],[1.2019,49.9697],[1.22,49.9761],[1.2325,49.9817],[1.2673,50.0026],[1.2745,50.0043],[1.2928,50.0179],[1.3724,50.0658],[1.3939,50.0747],[1.4094,50.0831],[1.4356,50.0983],[1.4419,50.1033],[1.4611,50.1242],[1.4897,50.1743],[1.552,50.2288],[1.5449,50.3337],[1.5494,50.3525],[1.5528,50.36],[1.5553,50.3631],[1.56,50.3647],[1.5853,50.3703],[1.5983,50.3706],[1.6039,50.3688],[1.5628,50.3961],[1.5603,50.3992],[1.5581,50.4061],[1.5772,50.5281],[1.5642,50.6847],[1.5644,50.7058],[1.5986,50.8092],[1.6068,50.8305],[1.7962,50.9214],[1.8236,50.9346],[2.0303,51.0067],[2.4426,51.048],[2.4967,51.0773],[2.5167,51.0828],[2.5417,51.0911],[2.5508,51.0925],[2.5603,51.0956],[2.8631,51.2133],[2.9553,51.2497],[3.02,51.2764],[3.0953,51.3114],[3.1128,51.3183],[3.1317,51.3242],[3.1797,51.3361],[3.2445,51.3489],[3.472,51.3144],[3.6813,51.3214],[3.7267,51.3535],[3.735,51.35],[3.7406,51.3486],[3.7642,51.3453],[3.8177,51.3419],[3.4517,50.9236],[3.2483,50.3428],[4.9271,49.8533],[6.8093,50.5695],[7.9794,50.0171],[7.1146,47.6056],[12.6597,47.7426],[13.7789,48.5235],[15.9155,48.2193],[18.51,48.1515],[19.3749,48.9262],[21.2571,48.8928],[21.5115,49.5572],[23.1903,50.115],[27.4127,50.4077],[28.3793,51.2432],[26.9874,51.8791],[28.4033,52.4146],[29.8778,54.518],[29.5091,55.6693],[29.6235,56.4691],[30.0756,57.9517],[32.2765,56.9811],[34.4142,56.0424],[37.3372,56.7904],[38.5587,57.7574],[39.0386,57.9199],[40.042,57.383],[43.4885,57.2653],[42.1797,59.3502],[39.7366,60.9565],[38.8887,61.2374],[38.8949,61.2548],[38.8749,61.289],[38.8576,61.3231],[38.8842,61.3812],[38.9167,61.4447],[38.8941,61.4669],[38.7973,61.4524],[38.7082,61.421],[38.6747,61.3896],[38.6506,61.3444],[38.6494,61.3166],[37.3372,61.7512],[36.3846,61.2314],[36.3781,61.2419],[36.3712,61.2568],[36.3736,61.2711],[36.3801,61.281],[36.3827,61.285],[36.3956,61.3021],[36.4084,61.3191],[36.4249,61.3491],[36.4279,61.3731],[36.4189,61.3924],[36.4056,61.4107],[36.3715,61.4323],[36.312,61.4595],[36.2473,61.4933],[36.2002,61.5312],[36.1591,61.5715],[36.1087,61.6111],[36.0606,61.6544],[36.0256,61.7036],[35.9854,61.7559],[35.9256,61.8064],[35.8707,61.8548],[35.843,61.9019],[35.8184,61.9511],[35.7495,61.9991],[35.6894,62.0402],[35.6744,62.0794],[35.7302,62.1392],[35.7643,62.2052],[35.8004,62.2814],[35.8227,62.3522],[35.8219,62.4118],[35.8029,62.4611],[35.7712,62.4959],[35.7398,62.5202],[35.698,62.5376],[35.6412,62.5556],[35.5846,62.576],[35.5436,62.5994],[35.5194,62.6173],[35.5037,62.6247],[35.495,62.6192],[35.4876,62.6059],[35.4639,62.6042],[35.4157,62.6267],[35.326,62.6662],[35.202,62.7053],[35.083,62.7412],[35.0058,62.773],[34.9581,62.7974],[34.9104,62.8154],[34.8549,62.8256],[34.7879,62.8311],[34.7033,62.8442],[34.6054,62.8728],[34.5325,62.9157],[34.4895,62.9036],[34.4796,62.8738],[34.5355,62.8185],[34.5831,62.7557],[34.6211,62.7124],[34.6582,62.6799],[34.7037,62.6434],[34.7393,62.6213],[34.7761,62.6223],[34.8386,62.5912],[34.868,62.6105],[34.9434,62.6428],[34.967,62.639],[35.0237,62.6133],[35.093,62.5805],[35.1472,62.5592],[35.2014,62.5497],[35.2709,62.5454],[35.3518,62.5227],[35.4331,62.4686],[35.4983,62.4036],[35.5402,62.3542],[35.5586,62.3188],[35.5672,62.2871],[35.5639,62.2602],[35.5535,62.2359],[35.5183,62.2105],[35.455,62.1807],[35.3872,62.1578],[35.3413,62.149],[35.284,62.1616],[35.1884,62.1902],[35.0959,62.2181],[35.0459,62.2288],[35.0518,62.2116],[35.0938,62.1722],[35.1436,62.1272],[35.1678,62.0967],[35.165,62.0807],[35.1496,62.071],[35.1146,62.0536],[35.0749,62.0536],[35.0286,62.0779],[34.9757,62.1176],[34.928,62.1597],[34.8925,62.1871],[34.8708,62.2194],[34.8593,62.2604],[34.852,62.2944],[34.8405,62.3101],[34.8105,62.3323],[34.7585,62.3826],[34.6959,62.4427],[34.6406,62.4891],[34.5953,62.5191],[34.5566,62.5399],[34.532,62.5463],[34.5202,62.5417],[34.527,62.5236],[34.547,62.4978],[34.5922,62.458],[34.6596,62.4063],[34.6956,62.3646],[34.6815,62.3388],[34.6332,62.3483],[34.609,62.3388],[34.6148,62.3043],[34.6581,62.2452],[34.647,62.2126],[34.6324,62.1819],[34.644,62.1361],[34.6532,62.1085],[34.6356,62.095],[34.5914,62.0965],[34.5142,62.1196],[34.417,62.1582],[34.3429,62.1989],[34.3212,62.227],[34.3295,62.2457],[34.3275,62.264],[34.2916,62.2973],[34.2177,62.3523],[34.1369,62.414],[34.0842,62.4635],[34.0539,62.4945],[34.0271,62.5118],[34.0029,62.5161],[33.9787,62.5159],[33.9586,62.51],[33.944,62.5005],[33.9406,62.4816],[33.9473,62.453],[33.9618,62.4251],[33.9775,62.408],[34.0033,62.4008],[34.0424,62.3965],[34.0983,62.3789],[34.1649,62.3392],[34.2226,62.2937],[34.2565,62.2623],[34.2654,62.2382],[34.2621,62.2105],[34.2552,62.1857],[34.2552,62.1686],[34.294,62.1415],[34.381,62.0926],[34.4768,62.0385],[34.5373,61.999],[34.5663,61.9689],[34.5859,61.9378],[34.5938,61.906],[34.5943,61.874],[34.5829,61.846],[34.5624,61.8238],[34.5312,61.8116],[34.4944,61.8076],[34.4453,61.8188],[34.3847,61.843],[34.3356,61.8644],[34.3146,61.8687],[34.3227,61.8545],[34.3445,61.8312],[34.388,61.7961],[34.4482,61.7533],[34.5314,61.7043],[34.63,61.6544],[34.7725,61.6009],[34.9616,61.5434],[35.1539,61.4852],[35.3039,61.4296],[35.3984,61.3858],[35.4574,61.3559],[35.4946,61.329],[35.5369,61.2922],[35.5777,61.2464],[35.6114,61.1974],[35.6294,61.15],[35.6322,61.1078],[35.6146,61.0761],[35.5834,61.0342],[35.5273,61.0228],[35.4406,61.0626],[35.3453,61.0726],[35.2593,61.0666],[35.1921,61.0689],[35.142,61.0773],[35.1081,61.0916],[35.08,61.1083],[35.062,61.1256],[35.0526,61.1411],[35.0777,61.1513],[35.1432,61.1558],[35.2077,61.1588],[35.2311,61.1652],[35.2069,61.1772],[35.1566,61.1937],[35.0747,61.2071],[34.9742,61.212],[34.8873,61.2061],[34.8381,61.1937],[34.8188,61.1736],[34.804,61.1496],[34.7967,61.1228],[34.7955,61.0965],[34.8024,61.0735],[34.8149,61.055],[34.8285,61.0386],[34.8464,61.0267],[34.869,61.027],[34.8963,61.0469],[34.9425,61.0704],[35.0224,61.0645],[35.0929,61.0447],[35.1168,61.0222],[35.1329,61.0071],[35.1845,61.0049],[35.2549,61.0146],[35.3161,61.0281],[35.3633,61.0382],[35.3996,61.0399],[35.4262,61.0332],[35.4498,61.023],[35.4733,61.0021],[35.4994,60.9698],[35.5506,60.938],[35.6346,60.9185],[35.719,60.9045],[35.7597,60.8905],[35.374,60.68],[34.4142,60.9354],[32.8325,60.7277],[32.8119,60.7565],[32.8078,60.8264],[32.7654,60.886],[32.6407,60.9691],[32.6334,60.9867],[32.5926,60.9976],[32.5806,61.0139],[32.5812,61.0449],[32.5634,61.0794],[32.5269,61.1175],[32.3596,61.1805],[31.8986,61.324],[31.8707,61.3474],[31.7623,61.3837],[31.6979,61.4155],[31.6369,61.4627],[31.6204,61.4611],[31.6165,61.4425],[31.6197,61.427],[31.6036,61.4226],[31.5758,61.4372],[31.5332,61.4974],[31.4861,61.5508],[31.3648,61.6274],[31.3341,61.6274],[31.3278,61.6167],[31.3081,61.605],[31.2859,61.6152],[31.2575,61.6411],[31.2382,61.643],[31.1723,61.6298],[31.1606,61.6187],[31.0984,61.6204],[31.0711,61.6451],[31.0567,61.6892],[31.0259,61.7144],[30.9057,61.7422],[30.8959,61.7544],[30.8882,61.7648],[30.852,61.775],[30.7575,61.7334],[30.5943,61.6058],[30.5934,61.5795],[30.6167,61.5603],[30.6059,61.5413],[30.5508,61.5354],[30.5127,61.5252],[30.4863,61.5149],[30.4807,61.49],[30.4662,61.4872],[30.2852,61.5166],[30.2388,61.5148],[30.2349,61.4926],[30.2516,61.4727],[30.2521,61.4586],[30.2373,61.4463],[30.2169,61.4313],[30.21,61.418],[30.2009,61.389],[30.1793,61.3727],[30.1826,61.3611],[30.196,61.3478],[30.193,61.3272],[30.1739,61.3141],[30.13,61.3126],[30.09,61.2993],[30.0895,61.2706],[30.0941,61.2585],[30.0793,61.2426],[30.0291,61.2545],[29.9494,61.2894],[29.8913,61.295],[29.8551,61.2712],[29.8646,61.251],[29.8602,61.2393],[29.8367,61.2261],[29.825,61.2156],[29.8572,61.188],[30.1249,61.0874],[30.2927,61.0051],[30.4087,60.928],[30.4358,60.9027],[30.4412,60.8736],[30.4559,60.86],[30.5021,60.8432],[30.5279,60.8117],[30.5332,60.7655],[30.5254,60.7389],[30.5045,60.7316],[30.504,60.7036],[30.5239,60.6546],[30.5339,60.6301],[30.6633,60.5928],[30.7237,60.5618],[30.7586,60.5245],[30.7742,60.4921],[30.776,60.4481],[30.8033,60.4466],[30.8169,60.4588],[30.8321,60.4575],[30.8491,60.4426],[30.9568,60.2636],[31.0189,60.1929],[31.109,60.1464],[31.1149,60.1349],[31.0951,60.0837],[31.106,60.0563],[31.1429,60.0317],[31.1453,60.0055],[31.0632,59.9629],[31.0428,59.951],[31.064,59.9432],[31.1014,59.9295],[30.5064,59.6994],[30.5743,59.9901],[29.9786,60.4577],[29.0458,60.1818],[29.0317,60.1839],[29.0211,60.1878],[29.0033,60.1975],[28.9897,60.2086],[28.9846,60.2153],[28.8761,60.2892],[28.8425,60.3089],[28.7928,60.3355],[28.7817,60.3342],[28.7394,60.3414],[28.724,60.3449],[28.7142,60.3472],[28.6433,60.368],[28.6325,60.3717],[28.6019,60.3844],[28.5947,60.39],[28.5157,60.4728],[28.5394,60.5126],[28.5639,60.4997],[28.5819,60.4903],[28.6561,60.4622],[28.6761,60.4553],[28.6889,60.4525],[28.7019,60.455],[28.7041,60.4571],[28.7081,60.4611],[28.7089,60.4703],[28.6686,60.5758],[28.6664,60.5785],[28.6633,60.5822],[28.6564,60.5878],[28.6456,60.5917],[28.6328,60.5947],[28.6194,60.5922],[28.6184,60.5915],[28.6114,60.5869],[28.6126,60.5798],[28.6128,60.5786],[28.611,60.5768],[28.6067,60.5722],[28.5953,60.5705],[28.5844,60.5744],[28.5756,60.5792],[28.5633,60.5914],[28.5531,60.6044],[28.5556,60.6125],[28.5683,60.6344],[28.5744,60.6408],[28.5875,60.6414],[28.5957,60.6395],[28.6133,60.6356],[28.6179,60.6318],[28.6203,60.6297],[28.6205,60.6282],[28.6217,60.6214],[28.6267,60.615],[28.6378,60.6111],[28.673,60.6094],[28.6828,60.6139],[28.7322,60.6736],[28.7328,60.6808],[28.7336,60.7131],[28.7283,60.7194],[28.6867,60.7358],[28.6717,60.738],[28.6619,60.7336],[28.5136,60.6803],[28.4172,60.6664],[28.4039,60.6639],[28.39,60.6522],[28.3878,60.6458],[28.3864,60.6275],[28.3805,60.6211],[28.3411,60.5942],[28.2459,60.5625],[28.0935,60.5288],[28.0203,60.528],[27.8239,60.5261],[27.8078,60.5464],[27.8067,60.5486],[27.79,60.5661],[27.7853,60.5705],[27.7747,60.5739],[27.7628,60.5747],[27.7522,60.5742],[27.7436,60.5725],[27.7394,60.5675],[27.735,60.5517],[27.7342,60.5356],[27.7381,60.5114],[27.6711,60.5044],[27.6067,60.5061],[27.4767,60.5064],[27.4722,60.5025],[27.4731,60.4764],[27.2956,60.5039],[27.2719,60.5253],[27.2708,60.5419],[27.2231,60.5819],[27.2153,60.5855],[27.0314,60.5389],[27.0256,60.5333],[27.0206,60.5269],[26.9675,60.4453],[26.9603,60.4419],[26.9525,60.4455],[26.9053,60.4761],[26.8111,60.4728],[26.7394,60.4489],[26.6669,60.4267],[26.5636,60.4281],[26.5317,60.436],[26.5499,60.5592],[26.5642,60.5742],[26.5758,60.5855],[26.595,60.5981],[26.6172,60.6058],[26.6289,60.6081],[26.6489,60.6089],[26.6683,60.6075],[26.6889,60.5978],[26.7025,60.5861],[26.735,60.5753],[26.7539,60.5717],[26.755,60.5772],[26.7219,60.6178],[26.6953,60.6408],[26.6886,60.6442],[26.6592,60.6475],[26.6456,60.6453],[26.6156,60.6403],[26.6072,60.6369],[26.5461,60.5819],[26.5269,60.5653],[26.4619,60.5075],[26.4569,60.5008],[26.4539,60.495],[26.4528,60.4839],[26.4594,60.4694],[26.4681,60.4605],[26.4717,60.4558],[26.4783,60.4469],[26.4822,60.4369],[26.4792,60.4311],[26.4728,60.4264],[26.4586,60.4161],[26.4217,60.3919],[26.4114,60.3914],[26.1461,60.3939],[26.0611,60.4239],[26.0514,60.4275],[26.0467,60.4158],[26.1117,60.3303],[26.1097,60.3247],[26.1047,60.3181],[26.0944,60.3061],[26.0831,60.295],[26.0744,60.2931],[26.0419,60.2931],[26.0369,60.2961],[26.0381,60.3019],[26.0436,60.3072],[26.0464,60.3136],[26.0444,60.3183],[26.0406,60.3225],[25.9961,60.3447],[25.8936,60.3881],[25.8842,60.3914],[25.8381,60.4011],[25.8383,60.3958],[25.8636,60.3858],[25.8783,60.38],[25.9094,60.3603],[25.9153,60.3558],[25.9181,60.3514],[25.9286,60.2486],[25.9278,60.2444],[25.92,60.2417],[25.9103,60.2403],[25.8992,60.2403],[25.8875,60.2417],[25.8817,60.2456],[25.8806,60.2511],[25.8778,60.2608],[25.8739,60.2708],[25.8708,60.2756],[25.865,60.2794],[25.7539,60.3147],[25.7448,60.3102],[25.7404,60.3074],[25.7428,60.2981],[25.7417,60.2906],[25.7456,60.2861],[25.7881,60.2686],[25.8,60.2672],[25.8292,60.2708],[25.8411,60.2694],[25.8458,60.265],[25.7803,60.2328],[25.7694,60.2344],[25.7206,60.2481],[25.6742,60.2753],[25.6536,60.2917],[25.6497,60.2964],[25.6478,60.3011],[25.6478,60.3355],[25.6575,60.3375],[25.6675,60.3375],[25.6936,60.3394],[25.6946,60.3422],[25.6934,60.3452],[25.6903,60.3569],[25.6833,60.3606],[25.6725,60.3628],[25.6622,60.3622],[25.6528,60.3603],[25.5761,60.3289],[25.5453,60.3111],[25.4894,60.2458],[25.4789,60.2483],[25.3678,60.2558],[25.2008,60.2419],[25.1922,60.24],[25.1489,60.2236],[25.1464,60.2194],[25.1561,60.2164],[25.1808,60.2133],[25.1933,60.2108],[25.2011,60.2075],[25.2033,60.2028],[25.1953,60.1864],[25.1881,60.1822],[25.0658,60.1561],[24.9589,60.1367],[24.9494,60.1356],[24.8508,60.1367],[24.7511,60.1369],[24.6033,60.1219],[24.6089,60.0953],[24.6081,60.0897],[24.5919,60.0567],[24.5867,60.0531],[24.4822,59.9914],[24.4628,59.9894],[24.4211,59.9872],[24.4214,60.0272],[24.3667,60.0681],[24.355,60.0705],[24.3331,60.0719],[24.2922,60.0686],[24.2853,60.0644],[24.2819,60.0594],[24.2169,60.0394],[24.0742,60.0153],[23.7972,59.9619],[23.7019,59.9544],[23.6283,59.9522],[23.6181,59.9519],[23.5614,59.9707],[23.5098,59.9685],[23.4344,59.9506],[23.4267,59.9539],[23.4308,59.9603],[23.4794,59.9967],[23.5219,60.0192],[23.5375,60.0253],[23.5425,60.0311],[23.5461,60.0672],[23.5383,60.0697],[23.5194,60.0661],[23.4939,60.0583],[23.3658,59.9422],[23.2525,59.8392],[23.2461,59.8367],[23.1939,59.8278],[23.1849,59.8271],[23.0854,59.8788],[23.0869,59.8792],[23.115,59.8844],[23.1561,59.8836],[23.1656,59.8861],[23.2572,59.9194],[23.2967,59.9586],[23.3256,60],[23.3383,60.02],[23.3353,60.0275],[23.3308,60.0283],[23.3172,60.0207],[23.3112,60.0148],[23.297,60],[23.2803,59.9794],[23.2505,59.9453],[23.2347,59.9325],[23.225,59.9261],[23.2155,59.925],[23.1175,59.9225],[23.1072,59.9225],[23.1011,59.9261],[23.0981,59.9308],[23.0975,59.9358],[23.1078,59.9683],[23.1144,59.9722],[23.1669,59.9853],[23.2025,59.9933],[23.2186,60],[23.2247,60.0033],[23.2597,60.0356],[23.25,60.0386],[23.1983,60.0472],[23.1856,60.0483],[23.1467,60.0461],[23.1264,60.0442],[23.1094,60.0394],[23.1017,60.0364],[23.0839,60.0322],[23.0739,60.0314],[23.0494,60.0361],[22.9958,60.0544],[22.9878,60.0578],[22.9856,60.0628],[22.9925,60.0811],[23.0036,60.0914],[23.0173,60.1012],[23.0436,60.1167],[23.0419,60.1208],[23.0278,60.1281],[23.0225,60.1292],[22.9675,60.1119],[22.9337,60.1199],[23.0052,60.2088],[22.8951,60.2065],[22.9014,60.2133],[22.9072,60.2183],[22.92,60.2272],[22.9336,60.2347],[22.9644,60.2483],[22.9711,60.2522],[23.0114,60.2775],[23.0231,60.2869],[23.0864,60.3417],[23.0869,60.3469],[23.0789,60.3506],[23.0669,60.3531],[23.0558,60.3533],[22.9192,60.3042],[22.8083,60.2619],[22.7939,60.255],[22.7606,60.2442],[22.7436,60.2397],[22.7256,60.235],[22.6992,60.2292],[22.6628,60.2222],[22.575,60.2105],[22.5559,60.2133],[22.4514,60.2403],[22.4472,60.2444],[22.4603,60.2611],[22.4653,60.2667],[22.4803,60.2814],[22.4881,60.285],[22.5361,60.3125],[22.6203,60.3703],[22.6261,60.375],[22.6314,60.3811],[22.6336,60.3869],[22.6322,60.3919],[22.6228,60.3931],[22.4836,60.3919],[22.2769,60.3858],[22.2592,60.398],[22.2367,60.4083],[22.1758,60.4314],[22.1147,60.4489],[22.0836,60.4439],[22.0144,60.4653],[21.9711,60.4881],[21.9492,60.5131],[21.9475,60.5186],[21.9375,60.5214],[21.8697,60.5242],[21.8519,60.5242],[21.8397,60.5242],[21.8375,60.5183],[21.8417,60.508],[21.8631,60.4719],[21.8031,60.4825],[21.7967,60.5558],[21.7969,60.5619],[21.8,60.5669],[21.8136,60.5758],[21.8289,60.5819],[21.8306,60.595],[21.8244,60.6192],[21.775,60.6031],[21.7664,60.5997],[21.6642,60.5525],[21.5883,60.5069],[21.5878,60.5119],[21.5769,60.5625],[21.5575,60.5683],[21.5456,60.5708],[21.5201,60.5745],[21.4432,60.6936],[21.4273,61.0151],[21.4983,61.1833],[21.5054,61.2448],[21.5444,61.2764],[21.5544,61.3094],[21.5356,61.4183],[21.561,61.4849],[21.4975,61.5735],[21.5033,61.5731],[21.6033,61.5447],[21.6597,61.5336],[21.6681,61.5469],[21.6014,61.6017],[21.5353,61.6533],[21.4703,61.7553],[21.4708,61.7608],[21.4783,61.7728],[21.4894,61.7978],[21.4881,61.8031],[21.4106,61.8905],[21.3633,61.9294],[21.2996,61.9418],[21.2889,61.9447],[21.2803,61.9481],[21.2631,61.9846],[21.3427,62.159],[21.3778,62.1794],[21.3828,62.1853],[21.39,62.2036],[21.3886,62.2089],[21.3717,62.26],[21.3367,62.3489],[21.3278,62.3522],[21.3213,62.3545],[21.2001,62.4352],[21.1122,62.4575],[21.115,62.4914],[21.1253,62.5475],[21.0675,62.5917],[21.0642,62.5964],[21.0647,62.6122],[21.0657,62.6161],[21.1948,62.7607],[21.4813,62.8888],[21.546,62.9741],[21.5141,63.0666],[21.5197,63.0661],[21.5375,63.0594],[21.5444,63.0555],[21.5472,63.0453],[21.5522,63.0408],[21.5611,63.0375],[21.62,63.0186],[21.6703,63.0178],[21.6797,63.02],[21.6861,63.025],[21.6828,63.0297],[21.6778,63.0339],[21.6586,63.0458],[21.6517,63.0497],[21.6114,63.0681],[21.5753,63.0758],[21.5664,63.0792],[21.5611,63.0836],[21.5219,63.1206],[21.5153,63.13],[21.515,63.1306],[21.6665,63.1873],[21.9513,63.131],[22.075,63.1028],[22.2924,63.2027],[22.4288,63.395],[22.4603,63.5333],[22.4894,63.5658],[22.5053,63.5836],[22.513,63.5987],[22.5042,63.6078],[22.5,63.6175],[22.5028,63.6239],[22.5892,63.6955],[22.5948,63.6958],[22.7042,63.5806],[22.8255,63.5809],[23.1306,63.7834],[23.2983,63.8948],[23.3189,63.8967],[23.3719,63.9389],[23.3698,63.9423],[23.5116,64.0364],[23.6022,64.0644],[23.6083,64.0981],[23.8744,64.2506],[23.9267,64.2692],[23.9248,64.2796],[24.094,64.3766],[24.2591,64.4902],[24.2781,64.4969],[24.3353,64.5197],[24.3433,64.5236],[24.3592,64.543],[24.3706,64.567],[24.4701,64.6355],[24.9319,64.816],[25.3251,64.8024],[25.3285,64.8196],[25.34,64.8219],[25.3597,64.8269],[25.3642,64.8319],[25.3669,64.8917],[25.3656,64.9022],[25.3608,64.9067],[25.3486,64.9086],[25.3459,64.9083],[25.3519,64.9391],[25.3123,64.983],[25.3233,64.9819],[25.3392,64.9744],[25.36,64.9625],[25.3761,64.9547],[25.4075,64.9447],[25.4208,64.9442],[25.4406,64.9492],[25.4472,64.9547],[25.4486,64.9605],[25.4131,65.0342],[25.3706,65.0794],[25.3608,65.0883],[25.3469,65.0964],[25.2981,65.108],[25.2847,65.1108],[25.2675,65.17],[25.2931,65.2664],[25.3011,65.2936],[25.325,65.3458],[25.3553,65.4108],[25.3575,65.4455],[25.3569,65.4508],[25.3533,65.4769],[25.3492,65.4805],[25.3108,65.5111],[25.2967,65.5192],[25.2197,65.5525],[25.2106,65.5561],[25.1969,65.5589],[25.1822,65.5603],[25.1697,65.56],[25.1533,65.5517],[25.1408,65.5511],[25.1233,65.5575],[25.1089,65.5653],[25.0947,65.5733],[25.0927,65.5919],[25.0867,65.603],[25.0794,65.6069],[25.0703,65.6106],[24.8981,65.647],[24.8844,65.6498],[24.7961,65.6583],[24.7717,65.6567],[24.7525,65.6505],[24.7447,65.6458],[24.6692,65.6547],[24.5628,65.7233],[24.5575,65.7278],[24.5547,65.7325],[24.5533,65.7539],[24.5536,65.7647],[24.5539,65.7755],[24.5564,65.7869],[24.5619,65.7933],[24.63,65.8544],[24.6892,65.8961],[24.6314,65.8892],[24.6217,65.8861],[24.5633,65.8303],[24.5608,65.8192],[24.5386,65.7953],[24.449,65.7943],[24.42,65.7683],[24.4094,65.7664],[24.2415,65.7715],[24.2148,65.7859],[24.1818,65.7872],[24.1767,65.7892],[24.1733,65.7939],[24.167,65.814],[24.1531,65.8055],[24.1444,65.8017],[24.1211,65.7989],[24.1061,65.8003],[24.0808,65.8061],[24.0522,65.808],[24.0403,65.8067],[23.9948,65.7948],[23.9477,65.7967],[23.8441,65.7985],[23.7886,65.7892],[23.7739,65.7928],[23.7728,65.7978],[23.6539,65.8064],[23.5183,65.8008],[23.4347,65.7605],[23.3944,65.7675],[23.2497,65.8008],[23.2344,65.7636],[23.1411,65.7147],[23.1318,65.7117],[22.7982,65.8548],[22.6456,65.9348],[22.4898,65.8834],[22.4442,65.8568],[22.4186,65.8594],[22.3756,65.8608],[22.3639,65.8592],[22.3578,65.8558],[22.3292,65.8297],[22.2997,65.7725],[22.2016,65.7153],[22.0996,65.6027],[22.0797,65.6072],[21.8639,65.6667],[21.8542,65.67],[21.8464,65.6739],[21.8408,65.6781],[21.8269,65.6972],[21.8214,65.7014],[21.7669,65.7225],[21.7608,65.7169],[21.7625,65.7117],[21.7731,65.6975],[21.8281,65.6653],[21.8433,65.6578],[21.8531,65.6544],[22.0225,65.5981],[22.0578,65.5892],[22.0848,65.5863],[22.0202,65.515],[22.0003,65.5136],[21.9875,65.5153],[21.9092,65.5267],[21.8994,65.53],[21.8917,65.5339],[21.8872,65.5372],[21.88,65.5367],[21.8592,65.5322],[21.8525,65.53],[21.8581,65.5258],[21.9011,65.4967],[21.9142,65.4886],[21.9258,65.4856],[21.9397,65.4853],[21.9225,65.5069],[21.9253,65.5108],[21.9369,65.508],[21.9792,65.4897],[21.9914,65.4832],[21.9575,65.4457],[21.8521,65.3959],[21.6758,65.3911],[21.6622,65.3914],[21.6475,65.3925],[21.6356,65.3956],[21.6281,65.3992],[21.6114,65.4122],[21.6017,65.4155],[21.5869,65.4164],[21.5447,65.4081],[21.4742,65.3867],[21.4683,65.3808],[21.4968,65.3557],[21.445,65.3218],[21.3381,65.3697],[21.3244,65.3719],[21.3142,65.3697],[21.2664,65.3411],[21.2606,65.3375],[21.2661,65.3333],[21.3211,65.3236],[21.3369,65.3217],[21.4172,65.3061],[21.4191,65.3049],[21.2773,65.2123],[21.4237,65.1039],[21.4676,65.0459],[21.4675,65.045],[21.4706,65.0344],[21.4785,65.0316],[21.4795,65.0303],[21.4667,65.0072],[21.3733,64.9756],[21.3008,64.9544],[21.255,64.9494],[21.2439,64.9478],[21.2053,64.8917],[21.2067,64.8864],[21.2089,64.8625],[21.1831,64.83],[21.1317,64.8189],[21.1228,64.8181],[21.1092,64.8203],[21.0975,64.8233],[21.0919,64.8275],[21.085,64.8369],[21.0861,64.8483],[21.0825,64.853],[21.0731,64.8564],[21.0606,64.8558],[21.045,64.8478],[21.0394,64.8419],[21.0369,64.8358],[21.0361,64.8244],[21.0394,64.8197],[21.045,64.8153],[21.0825,64.7886],[21.0861,64.7867],[20.9212,64.7138],[21.0643,64.592],[21.237,64.5205],[21.3159,64.4484],[21.3858,64.3846],[21.0489,64.2192],[20.9963,64.1633]],[[5.3411,61.5892],[5.2912,61.5918],[5.2833,61.5915],[5.2772,61.5903],[5.2768,61.588],[5.282,61.5862],[5.2975,61.5852],[5.3313,61.5848],[5.3392,61.5852],[5.3453,61.5863],[5.3465,61.59],[5.3369,61.5928],[5.3411,61.5892]],[[15.2626,63.961],[15.3032,63.932],[15.5199,63.85],[15.5357,63.7983],[15.5419,63.76],[15.5765,63.7835],[15.6419,63.8082],[15.7554,63.7577],[15.8237,63.7542],[15.7446,63.8297],[15.5782,63.8677],[15.4709,63.9667],[15.3954,64.0187],[15.394,64.0505],[15.4189,64.0754],[15.3221,64.163],[15.2613,64.2624],[15.2099,64.3218],[15.1114,64.3409],[15.0484,64.3382],[15.0133,64.3344],[14.9911,64.3358],[14.9398,64.3441],[14.8509,64.3471],[14.6642,64.3829],[14.4926,64.4172],[14.3557,64.4202],[14.1947,64.4812],[14.0965,64.5574],[13.8023,64.6598],[13.7098,64.6355],[13.9611,64.5628],[14.0935,64.5187],[14.192,64.4466],[14.3277,64.3884],[15.0367,64.2846],[15.1254,64.2453],[15.2398,64.1571],[15.3192,64.1101],[15.3164,64.0312],[15.419,63.9588],[15.4174,63.9389],[15.3901,63.9262],[15.2626,63.961]],[[13.1979,64.6845],[13.2336,64.6708],[13.368,64.6929],[13.5995,64.6752],[13.6348,64.6862],[13.5271,64.7268],[13.3989,64.7855],[13.2898,64.7383],[13.1979,64.6845]],[[56.6177,59.6322],[55.4773,59.5039],[54.2736,58.1598],[50.2824,57.1773],[47.6686,55.9521],[47.5421,54.8388],[48.442,54.6078],[48.4158,54.5972],[48.4046,54.4525],[48.3987,54.3367],[48.378,54.2312],[48.3873,54.168],[48.4681,54.1244],[48.5668,54.0975],[48.6612,54.0379],[48.8134,53.9387],[48.8828,53.8659],[48.9031,53.8275],[48.8768,53.7543],[48.8654,53.6477],[48.9559,53.5354],[49.0088,53.4597],[48.9919,53.4398],[49.1064,53.405],[49.205,53.3676],[49.2059,53.3375],[49.1365,53.3089],[48.9248,53.309],[48.7594,53.3238],[48.8008,53.2806],[49.0941,53.2696],[49.2299,53.2842],[49.2577,53.3521],[49.3161,53.4022],[49.4947,53.436],[49.8519,53.426],[49.9048,53.4567],[49.8816,53.4856],[49.5608,53.4988],[49.2467,53.5021],[49.0867,53.534],[49.063,53.6066],[49.0719,53.7133],[49.0911,53.7939],[49.1268,53.8248],[49.1898,53.8074],[49.2793,53.7281],[49.3104,53.7223],[49.3445,53.6982],[49.3689,53.6948],[49.3718,53.7305],[49.3507,53.7702],[49.3202,53.7913],[49.2697,53.818],[49.2191,53.878],[49.2179,53.9344],[49.3088,53.973],[49.4412,54.0377],[49.5368,54.1267],[49.6664,54.1594],[49.7422,54.1907],[49.7273,54.2251],[49.5633,54.1794],[49.3953,54.1198],[49.2752,54.0707],[49.0203,54.0152],[48.8477,54.0454],[48.8089,54.0987],[48.798,54.1308],[48.7559,54.1503],[48.659,54.1709],[48.5494,54.2405],[48.4994,54.3344],[48.5296,54.3942],[48.6313,54.435],[48.7865,54.4474],[48.8641,54.4623],[48.863,54.501],[48.895,54.528],[48.9079,54.5481],[49.1922,54.5283],[50.0924,54.6211],[54.1469,55.1676],[56.4276,56.414],[57.1245,58.1932],[56.6177,59.6322]],[[54.0339,36.8739],[54.0338,36.8768],[54.0674,36.9415],[54.0087,37.3487],[54.0151,37.3483],[54.008,37.3889],[53.9852,37.5177],[53.9278,37.8242],[53.8799,38.0254],[53.9373,38.1594],[53.9373,38.3318],[53.9373,38.3851],[55.2655,38.3647],[58.5862,38.4576],[59.092,38.4646],[58.4163,37.7641],[58.4162,37.764],[58.8436,36.7772],[60.3945,36.3376],[61.6069,36.8237],[62.0974,37.0204],[62.5839,38.2843],[61.738,38.693],[62.7372,38.9205],[63.8441,40.291],[64.7533,42.281],[65.0301,44.1818],[64.1999,46.0781],[61.0768,48.7002],[56.6886,50.3425],[53.7237,49.6564],[52.6958,48.281],[52.5843,46.9779],[52.5558,46.9821],[52.5492,46.9769],[52.5467,46.9811],[52.5417,46.9844],[52.4578,46.9955],[52.4508,46.9958],[52.4372,46.9919],[52.4314,46.9894],[52.4272,46.985],[52.4236,46.98],[52.4203,46.9678],[52.4203,46.9503],[52.4186,46.9436],[52.415,46.9386],[52.3214,46.8658],[52.1422,46.8382],[51.9353,46.8922],[51.7915,47.0091],[51.6746,47.0361],[51.3689,47.09],[51.3352,47.0864],[51.288,47.0953],[51.248,47.1058],[51.2253,47.1128],[51.2164,47.1144],[51.1983,47.1153],[51.19,47.1147],[51.0106,47.0686],[50.983,47.0614],[50.9655,47.0564],[50.8442,47.008],[50.8194,46.9819],[50.7864,46.9397],[50.7322,46.9267],[50.7097,46.9464],[50.6519,46.9267],[50.6128,46.9075],[50.5217,46.8722],[50.4378,46.9025],[50.4303,46.9011],[50.4253,46.8975],[50.3633,46.8503],[50.2972,46.7986],[50.2258,46.7589],[50.2219,46.7628],[50.2128,46.7631],[50.1922,46.7575],[50.1455,46.7358],[50.0681,46.6761],[49.9358,46.6019],[49.8267,46.5603],[49.8183,46.5439],[49.8001,46.5417],[49.7764,46.5608],[49.7689,46.563],[49.6247,46.5767],[49.6175,46.5756],[49.6133,46.5711],[49.5748,46.5396],[49.5345,46.5415],[49.5102,46.5207],[49.4542,46.5108],[49.4011,46.5392],[49.3242,46.565],[49.3872,46.4933],[49.3743,46.4045],[49.3571,46.3899],[49.353,46.3911],[49.3253,46.4069],[49.2808,46.4386],[49.2536,46.4233],[49.2167,46.378],[49.2225,46.3463],[49.2258,46.3225],[49.2297,46.3122],[49.2328,46.3078],[49.2369,46.3039],[49.2519,46.2936],[49.2596,46.2888],[49.2378,46.2628],[49.2353,46.2611],[49.1875,46.2736],[49.1544,46.2867],[49.0464,46.1958],[48.9111,46.1305],[48.7819,46.0928],[48.7139,46.1305],[48.7064,46.1325],[48.6728,46.12],[48.6672,46.1169],[48.6311,46.0861],[48.6278,46.0828],[48.633,46.0797],[48.6469,46.0747],[48.6922,46.0622],[48.6986,46.0594],[48.7028,46.0555],[48.7214,46.0289],[48.7275,46.02],[48.7294,46.015],[48.7389,45.968],[48.7533,45.8964],[48.6353,45.975],[48.5972,45.9526],[48.5969,45.9533],[48.5928,45.9572],[48.5875,45.9605],[48.5725,45.9647],[48.5658,45.9658],[48.5575,45.9653],[48.4586,45.9361],[48.4466,45.9311],[48.3733,45.875],[48.3414,45.8375],[48.2569,45.768],[48.2412,45.7567],[48.151,45.7398],[48.1372,45.7405],[47.978,45.728],[47.8589,45.7186],[47.8517,45.7172],[47.8478,45.7128],[47.8402,45.6878],[47.7541,45.7143],[47.6732,45.7502],[47.6502,45.741],[47.616,45.7572],[47.5967,45.7642],[47.56,45.7689],[47.5522,45.7694],[47.5503,45.7647],[47.5511,45.7405],[47.5564,45.7375],[47.5886,45.7244],[47.6213,45.7136],[47.6013,45.6603],[47.6498,45.5553],[47.645,45.5536],[47.6372,45.553],[47.6275,45.5539],[47.62,45.5558],[47.6155,45.5597],[47.6136,45.5647],[47.6128,45.5764],[47.5961,45.6039],[47.5769,45.6303],[47.5697,45.6386],[47.5039,45.7131],[47.4911,45.7244],[47.4856,45.7278],[47.4033,45.7478],[47.3936,45.7486],[47.3855,45.7478],[47.3803,45.7447],[47.38,45.7386],[47.3822,45.7336],[47.4128,45.6767],[47.4158,45.6722],[47.4708,45.6533],[47.4783,45.6511],[47.4872,45.6511],[47.4933,45.6533],[47.5019,45.6519],[47.5353,45.6394],[47.5461,45.633],[47.56,45.6003],[47.5672,45.5811],[47.5703,45.5642],[47.5692,45.5575],[47.5661,45.5522],[47.5475,45.5297],[47.5431,45.5258],[47.5367,45.5286],[47.5031,45.5569],[47.5053,45.5519],[47.5178,45.5219],[47.52,45.495],[47.4905,45.4225],[47.4861,45.4186],[47.4797,45.4164],[47.4714,45.4178],[47.4217,45.363],[47.3711,45.2333],[47.2408,45.0558],[47.1353,44.9403],[47.1167,44.8683],[47.1167,44.8622],[47.0966,44.8235],[47.0553,44.8029],[47.0331,44.83],[46.988,44.8083],[46.9697,44.7858],[46.9489,44.7689],[46.8867,44.7486],[46.8561,44.7264],[46.7778,44.695],[46.7725,44.6919],[46.7636,44.6844],[46.7153,44.6025],[46.6797,44.523],[46.6797,44.5105],[46.6808,44.505],[46.6969,44.4525],[46.7,44.4428],[46.7078,44.4311],[46.7194,44.4192],[46.7603,44.3919],[46.7844,44.3872],[46.8005,44.3853],[46.8075,44.3869],[46.8164,44.3944],[46.8225,44.3967],[46.8405,44.3958],[46.979,44.3681],[46.9988,44.3565],[47.0321,44.3523],[47.0405,44.3461],[47.0478,44.338],[47.0553,44.3236],[47.0583,44.313],[47.0603,44.3019],[47.0664,44.2869],[47.0769,44.2622],[47.0819,44.2528],[47.0883,44.2442],[47.0925,44.2403],[47.1522,44.203],[47.1586,44.2005],[47.1669,44.1992],[47.1755,44.1992],[47.1817,44.2014],[47.1975,44.2103],[47.2658,44.1436],[47.3503,44.0266],[47.488,43.8155],[47.4922,43.8055],[47.5011,43.7742],[47.5019,43.7686],[47.4992,43.7633],[47.4514,43.6811],[47.3992,43.6125],[47.3955,43.608],[47.3914,43.6058],[47.383,43.6072],[47.3769,43.6097],[47.3689,43.6172],[47.3639,43.6155],[47.3628,43.6103],[47.3628,43.5917],[47.3647,43.5869],[47.403,43.5047],[47.4072,43.5011],[47.4264,43.4986],[47.435,43.4986],[47.4447,43.5053],[47.448,43.5097],[47.4617,43.5283],[47.4636,43.5344],[47.4641,43.5714],[47.4719,43.6294],[47.4739,43.6355],[47.4758,43.6414],[47.5228,43.7564],[47.5378,43.7892],[47.5397,43.7953],[47.5419,43.8089],[47.5422,43.8211],[47.5392,43.8317],[47.5364,43.8483],[47.5364,43.8544],[47.5392,43.8597],[47.5464,43.8686],[47.548,43.8699],[47.5653,43.844],[47.5383,43.6731],[47.4934,43.5832],[47.512,43.5336],[47.4872,43.4564],[47.4839,43.4361],[47.4836,43.4178],[47.4919,43.3322],[47.5286,43.3105],[47.5419,43.3217],[47.5478,43.3239],[47.5667,43.3297],[47.5725,43.3305],[47.5775,43.3272],[47.5805,43.323],[47.5867,43.308],[47.5883,43.2969],[47.5836,43.2858],[47.5425,43.2464],[47.538,43.2428],[47.5261,43.2383],[47.5064,43.2333],[47.4961,43.2272],[47.4917,43.2236],[47.4833,43.2078],[47.455,43.093],[47.4539,43.0861],[47.4622,43.0192],[47.4644,43.0142],[47.4764,43.0028],[47.538,42.953],[47.6147,42.9044],[47.6361,42.8922],[47.6564,42.8855],[47.6869,42.8728],[47.6969,42.8664],[47.7028,42.8575],[47.7117,42.8275],[47.7203,42.7739],[47.7191,42.7503],[47.718,42.7436],[47.7133,42.7322],[47.7083,42.7247],[47.7064,42.7186],[47.7061,42.7125],[47.7294,42.6469],[47.7322,42.6425],[47.7383,42.6339],[47.7483,42.6275],[47.7603,42.6222],[47.7989,42.6139],[47.8314,42.608],[47.8444,42.6036],[47.8594,42.5939],[47.8714,42.5825],[47.8872,42.5614],[47.8972,42.5439],[47.9089,42.5203],[47.9203,42.4967],[47.9253,42.4875],[47.935,42.475],[47.945,42.4625],[47.9528,42.4547],[48.0242,42.3867],[48.0411,42.3733],[48.0871,42.3521],[48.11,42.3342],[48.1178,42.3264],[48.3036,42.0975],[48.3083,42.0883],[48.3194,42.0578],[48.3219,42.0411],[48.3247,42.0308],[48.3644,41.9558],[48.37,41.9472],[48.3867,41.9264],[48.3944,41.9189],[48.4092,41.9092],[48.4208,41.9039],[48.4278,41.9016],[48.448,41.8964],[48.4791,41.8911],[48.5061,41.8883],[48.5378,41.8825],[48.5447,41.8803],[48.5497,41.8772],[48.584,41.8358],[48.613,41.8244],[48.6728,41.7861],[48.6778,41.7828],[48.725,41.7378],[48.7808,41.6794],[48.8583,41.5969],[48.8789,41.5669],[48.8875,41.5539],[48.8967,41.5303],[48.8994,41.5258],[48.9108,41.5144],[48.9864,41.4436],[48.9972,41.4378],[49.0108,41.4336],[49.0225,41.4283],[49.0322,41.4217],[49.04,41.4141],[49.1361,41.2778],[49.1405,41.2683],[49.1414,41.2628],[49.1408,41.2505],[49.1403,41.2383],[49.1414,41.2211],[49.155,41.1516],[49.1928,41.0611],[49.2064,41.0392],[49.2222,41.0183],[49.2325,41.0064],[49.2514,40.9872],[49.398,40.8497],[49.4125,40.84],[49.4239,40.8344],[49.4394,40.8314],[49.4631,40.8314],[49.4786,40.8283],[49.4911,40.8236],[49.5005,40.8169],[49.525,40.795],[49.5325,40.7875],[49.5378,40.7786],[49.5386,40.773],[49.5372,40.7664],[49.528,40.7519],[49.5172,40.73],[49.5111,40.7122],[49.5083,40.6992],[49.508,40.693],[49.5105,40.6825],[49.5133,40.678],[49.528,40.6628],[49.5678,40.6317],[49.5772,40.6253],[49.5828,40.6225],[49.7042,40.5805],[49.7197,40.5775],[49.805,40.5647],[49.8286,40.5625],[49.8569,40.5653],[49.8764,40.5692],[49.9186,40.5817],[49.9303,40.5858],[49.973,40.5894],[50.0,40.586],[50.0328,40.5756],[50.2314,40.4936],[50.2361,40.4903],[50.3339,40.4033],[50.3475,40.3875],[50.3564,40.3747],[50.3589,40.3703],[50.3636,40.3556],[50.3672,40.3339],[50.3709,40.3],[50.3073,40.3254],[50.2487,40.3323],[50.22,40.3386],[50.133,40.3572],[50.1242,40.3583],[49.9608,40.3489],[49.8475,40.3222],[49.5717,40.2128],[49.5667,40.21],[49.5178,40.1742],[49.5,40.1605],[49.488,40.1505],[49.4269,40.0597],[49.425,40.0539],[49.4255,40.0483],[49.4283,40.0439],[49.4553,40.015],[49.45,39.965],[49.4267,39.8997],[49.3969,39.7472],[49.3922,39.6917],[49.3825,39.6861],[49.3222,39.6292],[49.3189,39.625],[49.3133,39.6147],[49.2808,39.5005],[49.2817,39.4953],[49.285,39.4853],[49.2875,39.4808],[49.2939,39.4728],[49.305,39.4614],[49.34,39.4344],[49.3492,39.4278],[49.3539,39.4247],[49.3764,39.4139],[49.4072,39.3922],[49.4136,39.3839],[49.4141,39.3783],[49.3955,39.3503],[49.3517,39.3214],[49.3408,39.3291],[49.325,39.3369],[49.313,39.3414],[49.2972,39.3433],[49.2903,39.3422],[49.2786,39.3378],[49.2692,39.3314],[49.258,39.3194],[49.2522,39.3103],[49.2442,39.2955],[49.238,39.2794],[49.2064,39.0779],[49.1797,39.1447],[49.1159,39.1872],[49.0692,39.1605],[49.0494,39.1769],[49.0383,39.1822],[49.0105,39.1886],[49.0028,39.1894],[48.9875,39.188],[48.975,39.1844],[48.965,39.1786],[48.9614,39.1744],[48.9555,39.1653],[48.9325,39.1136],[48.9303,39.0586],[48.9333,39.0475],[48.9366,39.0433],[48.95,39.0328],[48.9533,39.0286],[48.9539,39.0222],[48.9525,39.0164],[48.9353,38.9569],[48.933,38.9514],[48.9114,38.9058],[48.9086,38.9011],[48.9019,38.8925],[48.8908,38.8808],[48.8825,38.8736],[48.8667,38.7458],[48.8719,38.5692],[48.8786,38.4653],[48.8811,38.4555],[48.8822,38.4533],[48.825,38.3096],[48.8315,38.3063],[48.8092,37.9886],[48.7448,37.727],[48.8372,37.511],[49.0595,37.3976],[49.4758,37.2916],[49.848,37.2682],[50.0387,37.2247],[50.1113,37.0978],[50.2522,36.8948],[50.561,36.6864],[51.417,36.4557],[51.7955,36.4323],[51.9931,36.4589],[52.6022,36.5769],[53.139,36.6435],[53.7997,36.679],[53.9845,36.7819],[54.0006,36.8129],[54.0014,36.813],[54.0139,36.8161],[54.0192,36.8186],[54.0286,36.8247],[54.0322,36.8361],[54.0336,36.8486],[54.0339,36.8739]],[[90.1927,22.1086],[90.2011,22.1094],[90.2092,22.1114],[90.2161,22.1144],[90.2247,22.1244],[90.2278,22.1303],[90.2383,22.1767],[90.2394,22.1853],[90.2378,22.1928],[90.1517,22.1206],[90.1458,22.1156],[90.0953,22.0617],[90.0806,22.0394],[90.0733,22.0269],[90.0669,22.005],[90.0634,21.9959],[90.0614,21.9918],[90.0928,22.0353],[90.1186,22.0658],[90.1575,22.1033],[90.1675,22.1119],[90.1769,22.1125],[90.1844,22.11],[90.1927,22.1086]],[[37.1947,12.2306],[37.1645,12.2595],[37.1261,12.2701],[37.0959,12.2657],[37.0718,12.2432],[37.0481,12.2103],[37.0278,12.1645],[37.0165,12.0867],[37.008,12.0288],[37.0061,11.9717],[37.002,11.9066],[37.0239,11.8799],[37.0402,11.8519],[37.0582,11.8341],[37.0781,11.8295],[37.0959,11.8403],[37.113,11.8551],[37.1455,11.8335],[37.1692,11.8166],[37.2111,11.8222],[37.2527,11.8197],[37.2855,11.7945],[37.2893,11.7713],[37.3088,11.7412],[37.3218,11.7091],[37.3006,11.6685],[37.3201,11.6477],[37.3269,11.6359],[37.3422,11.6319],[37.3612,11.6346],[37.3872,11.6323],[37.4399,11.7534],[37.4959,11.8348],[37.501,11.8756],[37.5129,11.9099],[37.5502,11.9419],[37.56,11.9856],[37.5766,12.0179],[37.5835,12.0491],[37.5848,12.0837],[37.5918,12.1171],[37.5659,12.1645],[37.5552,12.223],[37.5289,12.259],[37.4961,12.2855],[37.4603,12.3033],[37.4133,12.2907],[37.3768,12.288],[37.3327,12.2724],[37.2691,12.2242],[37.2191,12.2296],[37.1947,12.2306]],[[32.9142,25.1052],[32.7936,26.1707],[31.7806,26.9259],[30.9846,26.8613],[31.0329,26.0841],[31.8047,25.7587],[31.9976,23.832],[31.467,23.1684],[31.3947,22.1892],[31.4371,22.1925],[31.3724,22.1027],[31.3357,22.0104],[31.3032,21.9316],[31.2361,21.8479],[31.1689,21.7488],[31.1119,21.6711],[31.0906,21.6092],[31.1235,21.6115],[31.156,21.6492],[31.2032,21.7088],[31.2565,21.7635],[31.2945,21.7848],[31.3193,21.8123],[31.3546,21.8805],[31.3906,21.9845],[31.4121,22.0572],[31.441,22.1019],[31.4865,22.1593],[31.5411,22.2005],[31.9735,22.2339],[32.8629,22.9765],[32.9719,22.9348],[32.9901,22.9551],[32.9437,23.0037],[32.9246,23.028],[32.9865,23.0797],[33.276,24.1185],[32.9142,25.1052]],[[35.4936,31.205],[35.4456,31.2317],[35.4007,31.2305],[35.3818,31.2156],[35.3768,31.1779],[35.3914,31.1352],[35.4165,31.1044],[35.4593,31.0963],[35.4979,31.1049],[35.5084,31.1252],[35.5169,31.1544],[35.5225,31.1771],[35.4936,31.205]],[[35.4214,31.6186],[35.4021,31.4924],[35.4031,31.3482],[35.4229,31.3254],[35.521,31.3272],[35.5451,31.3591],[35.5668,31.574],[35.5854,31.7242],[35.559,31.7655],[35.522,31.7559],[35.4626,31.7104],[35.4214,31.6186]],[[14.259,13.0043],[14.2589,12.9861],[14.275,12.9029],[14.2947,12.8845],[14.3466,12.8768],[14.4066,12.8992],[14.4748,12.9518],[14.5162,12.9797],[14.5922,12.9899],[14.6196,12.9916],[14.6606,12.9824],[14.6855,12.9931],[14.6943,13.0236],[14.716,13.0466],[14.7428,13.0624],[14.7423,13.078],[14.7066,13.137],[14.6683,13.1953],[14.6531,13.2084],[14.5914,13.2137],[14.5544,13.2385],[14.496,13.2387],[14.4146,13.2088],[14.3696,13.1851],[14.3424,13.1621],[14.3304,13.135],[14.3304,13.1164],[14.3118,13.0871],[14.3107,13.082],[14.3071,13.0654],[14.2889,13.0292],[14.2822,13.0145],[14.259,13.0043]],[[33.5331,38.5228],[33.6171,38.5778],[33.6735,38.7123],[33.5975,38.7989],[33.5245,38.812],[33.4575,38.8536],[33.4401,38.9382],[33.4545,38.9919],[33.4237,39.0558],[33.3504,39.1204],[33.3054,39.1267],[33.3093,39.0574],[33.2928,38.9672],[33.2188,38.8763],[33.1581,38.7721],[33.2357,38.6667],[33.3256,38.6106],[33.4226,38.5586],[33.5331,38.5228]],[[33.7047,47.0608],[33.6668,47.042],[33.6554,47.0503],[33.6298,47.034],[33.5759,46.8826],[33.5398,46.8312],[33.5594,46.8222],[33.6873,46.8606],[33.6997,46.8987],[33.7182,46.9406],[33.9041,47.1587],[34.0972,47.3161],[34.1729,47.3246],[34.1834,47.3457],[34.1768,47.3893],[34.1898,47.42],[34.4194,47.487],[34.5924,47.5201],[34.8077,47.4631],[34.9605,47.4065],[35.049,47.4282],[35.2132,47.4499],[35.2694,47.4505],[35.3018,47.4918],[35.2424,47.6473],[35.1303,47.84],[35.1057,47.8416],[35.0856,47.8243],[35.0878,47.6755],[34.9971,47.5876],[34.7307,47.5775],[34.4866,47.593],[34.4363,47.5689],[34.3803,47.5575],[34.3158,47.5668],[34.2662,47.5899],[34.2403,47.5749],[34.2107,47.5362],[34.1479,47.5423],[34.067,47.5583],[33.984,47.5557],[33.9361,47.5415],[33.9473,47.4514],[33.9646,47.3589],[33.9628,47.3312],[33.9335,47.2824],[33.8348,47.2123],[33.7771,47.1625],[33.7613,47.119],[33.7047,47.0608]],[[17.2693,46.7422],[17.2772,46.7213],[17.4759,46.7235],[17.5856,46.7657],[17.6722,46.7905],[17.8809,46.8665],[18.1427,46.9631],[18.1637,47.0105],[18.1305,47.0393],[18.0775,47.0547],[18.0391,47.0371],[17.9546,46.9873],[17.8811,46.9432],[17.8236,46.9112],[17.6654,46.8523],[17.4787,46.8],[17.3835,46.779],[17.3086,46.7635],[17.2706,46.76],[17.2693,46.7422]],[[116.002,29.3943],[115.965,29.3114],[115.9818,29.2792],[116.0473,29.1902],[116.0639,29.1489],[116.0973,29.1059],[116.3291,28.9609],[116.3478,28.9057],[116.4092,28.9053],[116.4181,28.8797],[116.4414,28.8595],[116.4685,28.8052],[116.5115,28.8038],[116.5366,28.8455],[116.5301,28.8945],[116.5032,28.953],[116.4772,29.043],[116.4955,29.1224],[116.5211,29.1433],[116.5811,29.1283],[116.6178,29.1152],[116.6347,29.1019],[116.6724,29.0976],[116.7086,29.1024],[116.7058,29.1362],[116.6735,29.1587],[116.6608,29.1902],[116.6637,29.2261],[116.6401,29.2367],[116.6039,29.2367],[116.5403,29.2402],[116.4687,29.2501],[116.4399,29.2361],[116.4068,29.1762],[116.3619,29.1538],[116.358,29.1856],[116.3685,29.2225],[116.3434,29.2337],[116.3104,29.2315],[116.1529,29.2526],[116.1366,29.3093],[116.1528,29.3342],[116.1961,29.3616],[116.1879,29.382],[116.1428,29.3865],[116.1151,29.4019],[116.1098,29.4266],[116.1445,29.4536],[116.159,29.5188],[116.1807,29.5727],[116.1989,29.6035],[116.2074,29.645],[116.2348,29.6659],[116.2297,29.6984],[116.1976,29.7514],[116.1805,29.7512],[116.1131,29.7259],[116.0823,29.7025],[116.0996,29.688],[116.1175,29.6531],[116.0906,29.5553],[116.026,29.4529],[116.002,29.3943]],[[116.0441,29.8811],[116.131,29.8976],[116.2111,29.9076],[116.2536,29.9351],[116.2598,29.9764],[116.2525,30.0104],[116.2417,30.0321],[116.1951,30.0375],[116.1504,30.061],[116.1289,30.0262],[116.1183,30.0004],[116.0732,30.0004],[115.9854,30.0161],[115.9774,29.9517],[116.0441,29.8811]],[[116.2977,30.0861],[116.2811,30.0792],[116.2569,30.0935],[116.2588,30.0481],[116.2899,29.9936],[116.3881,29.966],[116.4979,29.9644],[116.5199,29.9882],[116.4962,30.0202],[116.4608,30.0545],[116.4417,30.0772],[116.386,30.0693],[116.3271,30.0868],[116.2977,30.0861]],[[37.8428,6.0731],[37.8748,6.1085],[37.9437,6.2018],[38.0143,6.3071],[38.0581,6.3805],[38.0874,6.4229],[38.1065,6.449],[38.1164,6.4731],[38.1295,6.5191],[38.1435,6.5599],[38.1377,6.5772],[38.102,6.5759],[38.0551,6.5777],[38.0172,6.5893],[37.9359,6.5476],[37.8688,6.4908],[37.8631,6.4553],[37.8752,6.3604],[37.8867,6.2633],[37.8652,6.2205],[37.8261,6.1886],[37.7904,6.1719],[37.7447,6.1359],[37.7091,6.0885],[37.6955,6.0438],[37.7007,6.0146],[37.7387,6.0136],[37.802,6.0495],[37.8428,6.0731]],[[42.3986,11.6934],[42.3959,11.6717],[42.3989,11.645],[42.4171,11.6293],[42.441,11.64],[42.4469,11.6772],[42.4361,11.6971],[42.4113,11.712],[42.3986,11.6934]],[[81.5841,30.7],[81.5736,30.7326],[81.5244,30.7572],[81.4597,30.7738],[81.4092,30.7778],[81.3758,30.7582],[81.373,30.6592],[81.392,30.6097],[81.4337,30.5909],[81.494,30.6099],[81.5524,30.6544],[81.5841,30.7]],[[81.3091,30.6355],[81.3087,30.6618],[81.2785,30.709],[81.2522,30.7533],[81.2965,30.7893],[81.2944,30.8173],[81.275,30.8388],[81.234,30.8625],[81.1993,30.8521],[81.1844,30.8043],[81.1848,30.7205],[81.1503,30.6875],[81.1256,30.6622],[81.158,30.6336],[81.2117,30.6108],[81.2548,30.6083],[81.2897,30.6169],[81.3091,30.6355]],[[47.6085,30.6895],[47.59,30.7125],[47.5302,30.7678],[47.5039,30.7968],[47.4998,30.8089],[47.472,30.814],[47.4799,30.8125],[47.0214,31.6322],[45.296,32.5967],[44.6403,33.1474],[45.1407,34.5375],[44.4333,33.3927],[43.4843,33.6947],[43.4388,33.7137],[43.4196,33.7062],[43.4783,33.7291],[43.4765,33.8069],[43.4928,33.888],[43.4675,33.9504],[43.3623,34.0427],[43.2388,34.1414],[43.1158,34.3292],[43.0836,34.3147],[43.066,34.2581],[43.0736,34.113],[43.1062,33.9152],[43.172,33.8253],[41.7071,34.4379],[41.7416,33.8238],[43.9501,32.9449],[44.0537,32.0573],[44.8991,31.5146],[45.9171,30.2113],[47.6081,30.5834],[47.5632,30.6636],[47.4913,30.6631],[47.5731,30.6636],[47.6085,30.6895]],[[85.889,30.9522],[85.8754,30.9782],[85.8104,31.0045],[85.7252,31.0279],[85.6467,31.025],[85.5607,31.0284],[85.4763,31.0455],[85.4018,31.035],[85.3608,30.9922],[85.3523,30.9441],[85.3772,30.9057],[85.438,30.8713],[85.5126,30.8458],[85.5677,30.8415],[85.6004,30.8549],[85.6404,30.8686],[85.6923,30.8702],[85.757,30.8399],[85.7861,30.789],[85.7825,30.7593],[85.8016,30.759],[85.8266,30.7835],[85.8454,30.8266],[85.8512,30.8861],[85.8881,30.9288],[85.889,30.9522]],[[83.0943,31.492],[83.2011,31.4643],[83.2303,31.4635],[83.2961,31.4462],[83.3332,31.4451],[83.3408,31.4616],[83.29,31.5083],[83.2088,31.5567],[83.1415,31.5967],[83.1001,31.6517],[83.0596,31.6411],[82.9738,31.6274],[82.9339,31.6125],[82.9278,31.5961],[82.8944,31.5748],[82.8373,31.5644],[82.8571,31.541],[82.9126,31.5171],[82.9908,31.5151],[83.0943,31.492]],[[75.9383,32.0613],[75.9748,31.9725],[76.0819,31.9088],[76.1691,31.9002],[76.1714,31.9619],[76.0946,32.0734],[75.9828,32.1532],[75.9357,32.1392],[75.9383,32.0613]],[[43.6681,32.5535],[43.7395,32.531],[43.7926,32.5352],[43.8626,32.6115],[43.8784,32.6877],[43.8206,32.7321],[43.7199,32.8084],[43.5827,33.0394],[43.5502,33.0794],[43.5078,33.0599],[43.4686,33.0109],[43.4751,32.9195],[43.4515,32.8792],[43.4324,32.8689],[43.423,32.8104],[43.4376,32.7149],[43.4821,32.6424],[43.5772,32.5955],[43.6286,32.5799],[43.6681,32.5535]],[[88.9482,31.7004],[88.9373,31.6575],[88.9455,31.6245],[88.9891,31.6087],[89.0575,31.5956],[89.1381,31.6016],[89.2113,31.6787],[89.2532,31.7491],[89.2865,31.7875],[89.3176,31.7942],[89.3233,31.8234],[89.2663,31.8723],[89.1202,31.9127],[88.9685,31.918],[88.8643,31.8874],[88.8137,31.8411],[88.7893,31.8286],[88.7591,31.8338],[88.704,31.8667],[88.6078,31.8801],[88.5663,31.844],[88.608,31.7962],[88.6846,31.7295],[88.7637,31.7116],[88.8498,31.7259],[88.927,31.728],[88.9482,31.7004]],[[87.424,31.9117],[87.4148,31.8517],[87.5303,31.8471],[87.5958,31.9031],[87.5906,31.9477],[87.5461,31.9688],[87.4896,31.9543],[87.424,31.9117]],[[91.5184,31.943],[91.5295,31.9659],[91.5324,32.0797],[91.5114,32.1332],[91.4547,32.1122],[91.4239,32.0619],[91.437,31.991],[91.4689,31.9475],[91.5184,31.943]],[[89.71,33.4688],[89.7343,33.4474],[89.7857,33.4168],[89.8057,33.2856],[89.83,33.2558],[89.8897,33.3293],[89.9188,33.3755],[89.9696,33.4799],[89.9352,33.5229],[89.8762,33.5052],[89.8322,33.4802],[89.7705,33.4687],[89.71,33.4688]],[[104.0075,12.804],[104.1046,12.7886],[104.1403,12.6711],[104.2578,12.5639],[104.4014,12.5085],[104.4641,12.5061],[104.5321,12.4581],[104.5702,12.4264],[104.5905,12.4315],[104.5652,12.4627],[104.5578,12.4856],[104.5548,12.5144],[104.4984,12.5405],[104.471,12.5587],[104.4678,12.571],[104.468,12.6396],[104.4398,12.7243],[104.3697,12.747],[104.2678,12.7386],[104.2348,12.764],[104.199,12.8448],[104.0996,13.0355],[103.9807,13.1792],[103.8421,13.2347],[103.7311,13.2499],[103.6991,13.207],[103.7237,13.1214],[103.7547,13.039],[103.8064,12.9469],[103.8954,12.8669],[104.0075,12.804]],[[102.7912,18.5687],[102.7533,18.5988],[102.7467,18.6503],[102.7036,18.657],[102.6594,18.6623],[102.6385,18.6732],[102.6221,18.6807],[102.5818,18.696],[102.5606,18.7352],[102.527,18.7587],[102.5059,18.7457],[102.5267,18.669],[102.5455,18.6154],[102.5709,18.5598],[102.6146,18.4765],[102.6465,18.4499],[102.6755,18.4654],[102.7194,18.4973],[102.8259,18.5266],[102.8785,18.5267],[102.8941,18.5413],[102.8847,18.544],[102.8514,18.5505],[102.7912,18.5687]],[[90.6326,29.1924],[90.562,29.2111],[90.5029,29.1881],[90.4242,29.1377],[90.3863,29.1074],[90.3881,29.0932],[90.4236,29.1113],[90.4771,29.145],[90.5345,29.1649],[90.5897,29.1671],[90.6302,29.1509],[90.6535,29.126],[90.6592,29.0887],[90.6641,29.0466],[90.6725,29.0108],[90.647,28.9746],[90.6211,28.9391],[90.5936,28.9026],[90.5605,28.874],[90.5303,28.861],[90.5103,28.8593],[90.4918,28.8698],[90.4738,28.8849],[90.4559,28.8871],[90.4474,28.8775],[90.4535,28.8596],[90.4787,28.835],[90.5082,28.8045],[90.5347,28.7862],[90.5661,28.7872],[90.5903,28.7971],[90.6314,28.838],[90.67,28.8639],[90.7151,28.8825],[90.7393,28.8656],[90.7516,28.8749],[90.7681,28.9143],[90.8084,28.9382],[90.8347,28.9329],[90.8559,28.9278],[90.8667,28.9271],[90.8897,28.9335],[90.9309,28.9233],[90.9557,28.9118],[90.9928,28.8923],[91.0025,28.9043],[90.9882,28.9505],[90.9925,28.978],[90.9631,29.003],[90.9189,29.0208],[90.8762,29.0238],[90.8444,29.0128],[90.8288,28.9894],[90.7882,28.9908],[90.7681,29.0123],[90.7305,29.0517],[90.721,29.0723],[90.7188,29.0936],[90.7257,29.1085],[90.7293,29.1299],[90.6916,29.1614],[90.6326,29.1924]],[[113.2486,29.9041],[113.2303,29.8928],[113.2373,29.8478],[113.2751,29.7798],[113.3122,29.7492],[113.3404,29.7599],[113.3688,29.7852],[113.3912,29.8259],[113.4257,29.8761],[113.454,29.9144],[113.4513,29.9402],[113.4062,29.9528],[113.3619,29.9493],[113.3312,29.8937],[113.3022,29.8883],[113.2486,29.9041]],[[114.1368,29.8624],[114.1576,29.8718],[114.1521,29.8904],[114.1303,29.9354],[114.1009,30.0225],[114.0736,30.0268],[114.0186,30.0011],[113.9406,29.981],[113.9437,29.9665],[113.9696,29.9628],[113.9962,29.9592],[114.0032,29.9424],[113.9838,29.9162],[113.9629,29.8924],[113.9687,29.8802],[113.9902,29.8787],[114.0295,29.898],[114.0626,29.9275],[114.0872,29.9337],[114.1139,29.8832],[114.1368,29.8624]],[[114.2177,29.9013],[114.2551,29.9062],[114.2643,29.9152],[114.2438,29.9377],[114.2521,29.9722],[114.2893,30.0025],[114.3008,30.0249],[114.2941,30.043],[114.2734,30.0438],[114.2527,30.0449],[114.2373,30.0836],[114.246,30.1152],[114.2488,30.1406],[114.2182,30.1408],[114.177,30.1139],[114.1467,30.0825],[114.1434,29.9875],[114.1707,29.9209],[114.2177,29.9013]],[[114.5092,30.1939],[114.5425,30.1882],[114.5812,30.1372],[114.6234,30.0959],[114.6417,30.1329],[114.6233,30.2577],[114.6028,30.2995],[114.5395,30.345],[114.5012,30.3662],[114.458,30.3644],[114.4744,30.3333],[114.5012,30.3105],[114.4958,30.2894],[114.4436,30.2852],[114.4059,30.2678],[114.3949,30.2362],[114.3711,30.2106],[114.3505,30.196],[114.3652,30.1651],[114.4084,30.1064],[114.4452,30.0847],[114.4738,30.1585],[114.5092,30.1939]],[[116.5256,30.0893],[116.5253,30.1158],[116.527,30.1491],[116.5404,30.18],[116.5391,30.2068],[116.5138,30.2084],[116.472,30.2042],[116.4434,30.2069],[116.3902,30.2237],[116.3715,30.2441],[116.3569,30.2453],[116.3351,30.2345],[116.3145,30.2303],[116.317,30.2032],[116.3509,30.1746],[116.3734,30.1606],[116.3866,30.1426],[116.4008,30.1176],[116.4238,30.1083],[116.4684,30.1038],[116.4938,30.0852],[116.5062,30.0782],[116.5256,30.0893]],[[114.8057,30.3454],[114.7842,30.3441],[114.7638,30.3451],[114.7129,30.3296],[114.6737,30.3004],[114.6801,30.2773],[114.679,30.25],[114.6789,30.2281],[114.7043,30.2124],[114.7346,30.212],[114.7623,30.2112],[114.778,30.2151],[114.7809,30.2207],[114.76,30.238],[114.7432,30.2634],[114.7393,30.2794],[114.7525,30.283],[114.7827,30.2777],[114.8123,30.2825],[114.8389,30.2867],[114.8461,30.3024],[114.8338,30.3271],[114.8057,30.3454]],[[120.3947,31.1004],[120.4402,31.1533],[120.4307,31.2002],[120.3914,31.2271],[120.3571,31.2698],[120.3265,31.3197],[120.3313,31.3495],[120.3723,31.3857],[120.3804,31.4291],[120.325,31.4417],[120.2709,31.4446],[120.2511,31.4755],[120.256,31.4949],[120.2544,31.51],[120.2186,31.5318],[120.1082,31.4918],[119.9874,31.3918],[119.9394,31.253],[119.978,31.0911],[120.1032,30.9733],[120.236,30.936],[120.3944,30.9706],[120.6017,31.0875],[120.5399,31.1271],[120.4607,31.0808],[120.423,31.0831],[120.3947,31.1004]],[[118.8674,31.5456],[118.7579,31.5451],[118.7229,31.5417],[118.7235,31.5222],[118.7428,31.4922],[118.7474,31.4589],[118.7685,31.4188],[118.78,31.4094],[118.8146,31.402],[118.85,31.3926],[118.9152,31.4351],[118.9602,31.4648],[118.964,31.5034],[118.9412,31.5541],[118.8674,31.5456]],[[114.6551,30.3456],[114.683,30.3971],[114.7271,30.4198],[114.7525,30.429],[114.7476,30.4431],[114.7524,30.4632],[114.7564,30.4772],[114.7387,30.4944],[114.7011,30.5122],[114.6777,30.4971],[114.666,30.49],[114.64,30.4865],[114.6086,30.4956],[114.607,30.4832],[114.6292,30.456],[114.6329,30.4399],[114.6306,30.4202],[114.601,30.3988],[114.5755,30.4049],[114.5332,30.435],[114.4949,30.4387],[114.4822,30.431],[114.4993,30.4176],[114.5529,30.3843],[114.6008,30.3437],[114.6229,30.3386],[114.6551,30.3456]],[[114.6219,30.6083],[114.6965,30.6127],[114.7561,30.6501],[114.7863,30.6625],[114.7813,30.7006],[114.7459,30.7376],[114.7194,30.7511],[114.7033,30.7354],[114.6739,30.7236],[114.646,30.7148],[114.6494,30.6739],[114.6399,30.6595],[114.6219,30.6565],[114.6008,30.6615],[114.5857,30.6632],[114.5838,30.6505],[114.6219,30.6083]],[[90.2889,30.8469],[90.2922,30.6978],[90.314,30.5732],[90.3457,30.5242],[90.5965,30.5964],[90.714,30.6413],[90.8433,30.7179],[90.9326,30.7934],[91.0143,30.8392],[91.0117,30.8878],[90.975,30.9227],[90.9437,30.9238],[90.8656,30.8854],[90.712,30.8945],[90.6758,30.8709],[90.651,30.8397],[90.5785,30.8289],[90.476,30.8545],[90.3529,30.8802],[90.2889,30.8469]],[[86.6073,31.0341],[86.628,31.0844],[86.7044,31.1229],[86.764,31.1356],[86.7773,31.1662],[86.7652,31.2563],[86.7419,31.3419],[86.6539,31.3667],[86.607,31.2211],[86.516,31.0575],[86.4451,30.9516],[86.4122,30.8939],[86.3963,30.8709],[86.3972,30.8403],[86.4194,30.807],[86.4566,30.7952],[86.4939,30.811],[86.5227,30.8578],[86.565,30.9432],[86.6073,31.0341]],[[90.3218,33.3632],[90.3939,33.4356],[90.4014,33.5263],[90.3187,33.7018],[90.2887,33.6383],[90.2819,33.5687],[90.2896,33.4747],[90.1864,33.4162],[90.047,33.4452],[90.0062,33.4366],[90.0333,33.3853],[90.1013,33.3772],[90.2466,33.3251],[90.3218,33.3632]],[[97.0624,34.9786],[97.0721,34.9306],[97.0842,34.9068],[97.2305,34.8258],[97.2883,34.8354],[97.36,34.8655],[97.4125,34.916],[97.4602,34.9613],[97.4677,34.9757],[97.4192,34.9975],[97.351,35.0197],[97.2313,35.0225],[97.1181,35.0078],[97.0847,34.9999],[97.0665,34.9973],[97.0624,34.9786]],[[97.8467,34.8822],[97.8015,34.9322],[97.7971,34.9818],[97.794,35.033],[97.7629,35.0881],[97.7349,35.0805],[97.6867,35.0529],[97.6506,35.0275],[97.6361,35.0028],[97.6439,34.9785],[97.6249,34.9532],[97.5826,34.9294],[97.5546,34.9019],[97.5471,34.876],[97.5752,34.8249],[97.6026,34.7978],[97.6477,34.7879],[97.6832,34.7916],[97.689,34.812],[97.6947,34.831],[97.7171,34.8264],[97.7513,34.8282],[97.8014,34.8265],[97.8613,34.8229],[97.887,34.8382],[97.8467,34.8822]],[[91.0326,35.6502],[90.993,35.6535],[90.9527,35.6454],[90.9504,35.6336],[90.9792,35.6093],[91.0434,35.565],[91.165,35.5469],[91.268,35.5284],[91.2861,35.5444],[91.3029,35.5737],[91.3158,35.5951],[91.2713,35.6293],[91.2219,35.6455],[91.1992,35.634],[91.1148,35.6366],[91.0326,35.6502]],[[78.758,33.7473],[78.6578,33.8165],[78.4904,33.9735],[78.443,33.9394],[78.5526,33.8512],[78.7343,33.677],[78.9141,33.6966],[78.9756,33.7235],[78.9605,33.741],[78.758,33.7473]],[[45.6628,37.2881],[45.7026,37.303],[45.8312,37.3405],[45.8577,37.4265],[45.755,37.5777],[45.7487,37.6625],[45.7467,37.7012],[45.6663,37.7419],[45.5461,37.7543],[45.4832,37.7536],[45.4359,37.8062],[45.4475,37.9324],[45.4873,38.0729],[45.4584,38.1734],[45.3569,38.2643],[45.1056,38.2643],[45.026,38.1927],[45.0154,38.1444],[45.0918,38.14],[45.1712,38.1438],[45.1882,38.1079],[45.1555,38.0445],[45.0803,37.9876],[45.087,37.8854],[45.2342,37.7637],[45.2532,37.685],[45.2571,37.6154],[45.2925,37.438],[45.3646,37.2266],[45.4485,37.1495],[45.5355,37.1349],[45.6125,37.2117],[45.6628,37.2881]],[[100.6275,36.5568],[100.7043,36.5894],[100.7226,36.6728],[100.7227,36.745],[100.7457,36.7811],[100.7527,36.8109],[100.5855,36.9026],[100.4479,37.0252],[100.2745,37.1502],[100.1043,37.2016],[99.9562,37.2178],[99.8363,37.1825],[99.7872,37.149],[99.8043,37.0666],[99.8345,36.988],[99.8164,36.9554],[99.7616,36.9482],[99.6809,36.9474],[99.6499,36.9113],[99.7004,36.8531],[99.8274,36.7394],[99.9585,36.6787],[100.2277,36.6447],[100.4306,36.6411],[100.5229,36.5802],[100.6275,36.5568]],[[89.6109,37.4952],[89.6452,37.5099],[89.64,37.5269],[89.6391,37.5528],[89.6449,37.5753],[89.6185,37.5943],[89.565,37.613],[89.4869,37.6277],[89.3965,37.6325],[89.2767,37.6149],[89.1467,37.5979],[89.082,37.5866],[89.0975,37.5604],[89.1447,37.5385],[89.2284,37.5275],[89.3651,37.5042],[89.5139,37.4854],[89.6109,37.4952]],[[90.3466,40.4811],[90.313,40.5717],[90.2805,40.6811],[90.2469,40.8114],[90.2165,40.8262],[90.1421,40.7834],[90.0882,40.7278],[90.168,40.655],[90.2746,40.4396],[90.2805,40.3706],[90.2754,40.3216],[90.3293,40.2006],[90.3808,40.1897],[90.442,40.2301],[90.3781,40.3578],[90.3466,40.4811]],[[87.3752,41.851],[87.3752,41.9077],[87.3153,42.0167],[87.0077,42.0845],[86.889,42.1081],[86.8286,42.0725],[86.7949,41.9748],[86.7351,41.9028],[86.728,41.8503],[86.7534,41.8255],[86.8939,41.8699],[87.1021,41.9009],[87.2592,41.8937],[87.3752,41.851]],[[42.9228,38.39],[42.9887,38.3456],[43.0877,38.3261],[43.1477,38.3366],[43.2346,38.4072],[43.3184,38.4887],[43.2871,38.548],[43.1864,38.6031],[43.21,38.7159],[43.2919,38.8128],[43.3828,38.8361],[43.5311,38.8975],[43.6107,38.947],[43.5602,38.9776],[43.4359,38.9878],[43.285,38.9636],[43.1521,38.9476],[43.0752,38.9161],[43.0876,38.8814],[43.1265,38.8818],[43.1588,38.869],[43.1628,38.8462],[43.0794,38.8093],[42.9348,38.7942],[42.845,38.794],[42.7229,38.7821],[42.526,38.7452],[42.458,38.6922],[42.4584,38.6428],[42.434,38.6105],[42.3646,38.5485],[42.3531,38.4998],[42.5385,38.4897],[42.5861,38.4816],[42.6833,38.4565],[42.781,38.4586],[42.8564,38.4837],[42.8822,38.4768],[42.9116,38.4261],[42.9228,38.39]],[[44.9723,40.5423],[44.9896,40.515],[45.0398,40.4905],[45.0953,40.4611],[45.1246,40.4282],[45.1533,40.4036],[45.1835,40.3853],[45.2183,40.2959],[45.2484,40.1975],[45.2759,40.1638],[45.3127,40.1488],[45.3888,40.1514],[45.4807,40.156],[45.5432,40.1555],[45.6076,40.1722],[45.6514,40.195],[45.6592,40.2154],[45.6558,40.2427],[45.6362,40.2787],[45.602,40.3183],[45.5367,40.3647],[45.437,40.4352],[45.3729,40.4792],[45.3108,40.4883],[45.2417,40.5102],[45.0953,40.5903],[45.0146,40.6144],[44.9862,40.6116],[44.9889,40.5823],[44.9723,40.5423]],[[68.28,41.0516],[68.4027,41.0779],[68.4559,41.1068],[68.393,41.161],[68.2431,41.1891],[68.1617,41.1996],[67.9908,41.2547],[67.9334,41.2246],[68.0243,41.0988],[68.1354,41.0483],[68.28,41.0516]],[[72.6584,41.8742],[72.6879,41.8224],[72.7086,41.7674],[72.6893,41.7282],[72.6577,41.7013],[72.6354,41.6873],[72.6537,41.6674],[72.6791,41.6631],[72.8395,41.7398],[72.9725,41.7552],[73.107,41.7571],[73.2022,41.7454],[73.2664,41.7547],[73.291,41.7591],[73.3003,41.7762],[73.2397,41.8011],[73.0855,41.8282],[73.0111,41.8555],[72.94,41.8783],[72.8172,41.8978],[72.6854,41.8996],[72.6584,41.8742]],[[76.2272,42.3889],[76.2631,42.3276],[76.3287,42.33],[76.4321,42.3195],[76.5777,42.2914],[76.9215,42.1904],[77.0229,42.173],[77.1365,42.1682],[77.5146,42.1818],[77.595,42.2004],[77.7162,42.2404],[77.8539,42.3667],[77.8518,42.4022],[77.8707,42.4283],[78.0142,42.4875],[78.158,42.5501],[78.2924,42.5641],[78.3026,42.5884],[78.1363,42.6077],[78.1189,42.6415],[78.1514,42.6718],[78.2488,42.7337],[78.0638,42.7267],[77.6841,42.7018],[77.5349,42.6513],[77.3374,42.6697],[77.1902,42.6469],[76.965,42.6123],[76.7471,42.5653],[76.4528,42.4886],[76.2265,42.4606],[76.2154,42.4352],[76.2272,42.3889]],[[74.0828,45.3521],[74.0894,45.5091],[74.1006,45.5369],[74.2308,45.6153],[74.2895,45.6506],[74.3127,45.6709],[74.3109,45.6955],[74.2453,45.7395],[74.2429,45.7517],[74.2508,45.761],[74.2893,45.7647],[74.3033,45.7898],[74.2531,45.9417],[74.2582,45.9767],[74.278,46.0041],[74.3699,46.0201],[74.5499,46.0059],[74.5992,46.0222],[74.7714,46.1078],[74.7938,46.1303],[74.8152,46.2156],[74.8566,46.2939],[74.8881,46.3766],[74.9112,46.4046],[75.0125,46.4171],[75.0667,46.451],[75.0932,46.4609],[75.1211,46.4464],[75.1519,46.4375],[75.2122,46.4266],[75.2408,46.4477],[75.2559,46.4742],[75.2777,46.5149],[75.304,46.5194],[75.3301,46.5127],[75.3501,46.4699],[75.4057,46.4708],[75.448,46.4983],[75.4321,46.5419],[75.404,46.6097],[75.4172,46.6411],[75.4633,46.6706],[75.5092,46.678],[75.5528,46.6726],[75.5598,46.653],[75.5624,46.646],[75.548,46.6345],[75.5082,46.6362],[75.4902,46.631],[75.4916,46.5965],[75.5148,46.5667],[75.5578,46.5303],[75.6113,46.5072],[75.7146,46.5165],[75.867,46.5356],[75.9094,46.5357],[76.0333,46.5117],[76.1763,46.532],[76.2385,46.5549],[76.464,46.5419],[76.7418,46.532],[76.8526,46.4923],[77.0036,46.4637],[77.1039,46.4542],[77.1651,46.489],[77.282,46.4729],[77.3553,46.5022],[77.4293,46.4997],[77.5626,46.4354],[77.6521,46.4154],[77.7258,46.4071],[77.7812,46.4229],[77.8175,46.4394],[77.8654,46.4287],[78.0176,46.3426],[78.0752,46.3283],[78.1275,46.3187],[78.1606,46.3187],[78.2334,46.3369],[78.3173,46.3499],[78.3674,46.3385],[78.4087,46.2988],[78.4451,46.2972],[78.4621,46.3128],[78.4352,46.3518],[78.4384,46.3769],[78.4654,46.3924],[78.5443,46.4014],[78.6253,46.3798],[78.7113,46.3964],[78.7874,46.3848],[78.8898,46.3699],[78.9711,46.406],[79.0228,46.4475],[79.068,46.5258],[79.0949,46.5816],[79.1574,46.6028],[79.2173,46.6097],[79.2355,46.6335],[79.2451,46.6452],[79.2447,46.6797],[79.222,46.7204],[79.1768,46.7639],[79.1219,46.7988],[79.0842,46.8101],[79.0519,46.8077],[79.0222,46.7949],[79.0188,46.7685],[78.9908,46.7486],[78.9296,46.7883],[78.8682,46.7987],[78.8229,46.7948],[78.7931,46.78],[78.7873,46.755],[78.7839,46.7349],[78.7609,46.7238],[78.6303,46.747],[78.5806,46.7231],[78.5514,46.7074],[78.5039,46.6647],[78.4765,46.6246],[78.452,46.6181],[78.4332,46.6525],[78.3971,46.6577],[78.3678,46.6429],[78.3588,46.6234],[78.3479,46.5121],[78.3243,46.4822],[78.2971,46.4686],[78.1693,46.5802],[78.1363,46.5949],[77.86,46.6479],[77.69,46.6586],[77.6447,46.6561],[77.6016,46.64],[77.3703,46.6228],[77.266,46.6114],[77.2264,46.5667],[77.1748,46.556],[77.0824,46.6246],[76.8593,46.6438],[76.7931,46.6307],[76.6996,46.6675],[76.6684,46.6734],[76.6,46.6646],[76.4963,46.6355],[76.4505,46.6407],[76.4052,46.6623],[76.3359,46.7286],[76.2977,46.7529],[76.2031,46.78],[75.9506,46.7951],[75.8259,46.8181],[75.4268,46.7375],[75.3385,46.7299],[75.2006,46.7588],[75.1627,46.7746],[75.0887,46.8136],[74.974,46.8141],[74.9394,46.8168],[74.8043,46.7806],[74.6254,46.7521],[74.5531,46.6902],[74.5242,46.6229],[74.43,46.5783],[74.3746,46.518],[74.2798,46.4702],[74.0943,46.4278],[74.0232,46.3693],[73.9495,46.2884],[74.027,46.2225],[74.0207,46.2049],[73.9818,46.1864],[73.8976,46.2079],[73.8294,46.1851],[73.7749,46.2065],[73.752,46.2026],[73.6793,46.1831],[73.6455,46.15],[73.654,46.0927],[73.6627,46.0624],[73.7371,46.0127],[73.7151,45.9825],[73.6325,45.9067],[73.5599,45.8164],[73.4883,45.8311],[73.4635,45.8263],[73.44,45.8059],[73.4511,45.7796],[73.5188,45.763],[73.5318,45.7342],[73.4943,45.6866],[73.4437,45.657],[73.4367,45.6095],[73.4652,45.5825],[73.6147,45.5133],[73.6627,45.4356],[73.8397,45.2639],[73.8768,45.2393],[73.9807,45.2042],[73.9993,45.1887],[74.0077,45.1465],[73.9934,45.1124],[74.0156,45.0565],[74.0096,45.0338],[74.0172,45.0129],[74.0561,44.9944],[74.1,44.9889],[74.1195,44.9997],[74.0942,45.0401],[74.101,45.0586],[74.1356,45.0702],[74.1434,45.1029],[74.1557,45.2706],[74.151,45.3173],[74.1283,45.3369],[74.0865,45.3435],[74.0828,45.3521]],[[92.4047,48.1564],[92.4019,48.2374],[92.4832,48.3389],[92.4249,48.3601],[92.3629,48.3608],[92.287,48.3522],[92.25,48.2634],[92.2486,48.1301],[92.1051,48.0544],[91.9762,48.0097],[91.9908,47.933],[92.0842,47.8157],[92.2003,47.7687],[92.28,47.8506],[92.3535,47.9642],[92.4422,48.0302],[92.6218,48.0978],[92.7866,48.1782],[92.802,48.2529],[92.7328,48.3104],[92.6383,48.33],[92.6454,48.2709],[92.6434,48.1931],[92.5437,48.1384],[92.4797,48.1381],[92.4047,48.1564]],[[93.4215,49.2263],[93.2596,49.2922],[93.0593,49.3224],[92.9402,49.3154],[92.8639,49.3062],[92.8346,49.2823],[92.8323,49.2532],[92.8649,49.2254],[92.9749,49.1872],[93.1039,49.1389],[93.1793,49.1118],[93.2408,49.097],[93.3222,49.0365],[93.3975,48.9905],[93.4504,49.0086],[93.5364,49.0337],[93.6777,49.0695],[93.7794,49.1034],[93.7994,49.129],[93.7859,49.1585],[93.723,49.1903],[93.6545,49.2149],[93.5602,49.2059],[93.5159,49.2126],[93.4706,49.205],[93.4215,49.2263]],[[90.9421,50.2142],[90.8913,50.1357],[90.9605,50.0803],[91.0782,50.0995],[91.1311,50.1302],[91.1172,50.1752],[91.0521,50.2084],[90.9421,50.2142]],[[92.7217,50.01],[92.9128,50.0559],[93.0184,50.145],[93.0952,50.1983],[93.2158,50.2511],[93.3006,50.2554],[93.3618,50.2816],[93.3254,50.3083],[93.2542,50.3273],[93.2592,50.3582],[93.2274,50.3641],[93.0759,50.4277],[92.9777,50.5396],[92.9902,50.608],[92.9646,50.6382],[92.8928,50.6583],[92.7895,50.6169],[92.5459,50.5403],[92.3482,50.475],[92.2354,50.413],[92.3164,50.3017],[92.3365,50.2276],[92.3817,50.1419],[92.4983,50.0532],[92.6014,50.0052],[92.7217,50.01]],[[82.0377,46.0798],[82.0253,46.1848],[81.9758,46.2786],[81.9122,46.3508],[81.8406,46.3958],[81.7611,46.4309],[81.65,46.4557],[81.5297,46.4518],[81.4432,46.3921],[81.3994,46.3047],[81.41,46.2349],[81.4041,46.1512],[81.4267,46.0554],[81.5547,45.9648],[81.7486,45.8719],[82.1327,45.764],[82.0636,45.9438],[82.0377,46.0798]],[[83.7565,49.5644],[83.7967,49.5971],[83.8183,49.6336],[83.9612,49.7026],[83.9636,49.7264],[83.8898,49.7204],[83.7398,49.631],[83.6082,49.6063],[83.3912,49.6524],[83.3637,49.6438],[83.3648,49.6261],[83.4265,49.5734],[83.4789,49.5382],[83.539,49.5319],[83.608,49.4862],[83.6604,49.4429],[83.7244,49.4396],[83.8485,49.4171],[83.9725,49.3288],[84.0998,49.238],[84.1206,49.1591],[84.0361,49.1106],[83.8717,49.0627],[83.7473,49.0393],[83.5895,48.9624],[83.4712,48.8582],[83.4227,48.7432],[83.4174,48.5975],[83.387,48.554],[83.3922,48.4999],[83.4607,48.4323],[83.5326,48.3751],[83.4976,48.3045],[83.4353,48.27],[83.2751,48.2613],[83.1821,48.2494],[83.0386,48.2496],[83.0268,48.2119],[83.0826,48.1782],[83.259,48.0946],[83.4445,48.0488],[83.6246,48.0128],[83.7656,47.9512],[83.9943,47.8433],[84.2418,47.7064],[84.296,47.6991],[84.3568,47.7321],[84.3943,47.8162],[84.4267,47.8569],[84.5156,47.9299],[84.4684,47.9694],[84.3339,48.0231],[84.1671,48.056],[84.0515,48.0835],[83.8807,48.1519],[83.74,48.1977],[83.6336,48.2415],[83.5812,48.2675],[83.5962,48.303],[83.6819,48.3534],[83.9071,48.3735],[83.9194,48.3972],[83.7739,48.4104],[83.6134,48.4373],[83.5168,48.6168],[83.4869,48.7183],[83.5141,48.8133],[83.6092,48.9104],[83.7768,48.9754],[83.8641,48.9944],[84.149,49.086],[84.3286,49.1249],[84.3606,49.1605],[84.2878,49.2377],[83.8231,49.4839],[83.7295,49.5352],[83.7565,49.5644]],[[69.2591,50.3106],[69.2366,50.3535],[69.0567,50.3639],[69.0358,50.3965],[69.0472,50.4257],[69.1087,50.4601],[69.2749,50.5877],[69.3346,50.6045],[69.39,50.599],[69.5001,50.5911],[69.6125,50.6145],[69.6167,50.6762],[69.5163,50.6929],[69.3705,50.7192],[69.2875,50.688],[69.2268,50.6162],[69.0908,50.5639],[68.9928,50.5639],[68.8613,50.571],[68.779,50.5134],[68.7592,50.438],[68.7189,50.33],[68.6902,50.266],[68.7783,50.2284],[68.9378,50.179],[69.074,50.2005],[69.1481,50.2412],[69.2002,50.2537],[69.2558,50.2543],[69.2591,50.3106]],[[64.6487,52.5531],[64.722,52.5939],[64.7653,52.6128],[64.794,52.6237],[64.8898,52.6719],[64.9671,52.7312],[64.9823,52.8829],[64.9487,52.9081],[64.8836,52.856],[64.79,52.7678],[64.6854,52.6874],[64.5736,52.6049],[64.5014,52.5351],[64.515,52.5157],[64.6487,52.5531]],[[79.4723,53.102],[79.427,53.0756],[79.3993,53.0414],[79.3865,53.0066],[79.3867,52.9742],[79.4,52.944],[79.4511,52.8991],[79.5166,52.8582],[79.6031,52.8372],[79.6914,52.8298],[79.7336,52.8419],[79.7502,52.8596],[79.7356,52.8729],[79.7313,52.8995],[79.7444,52.9325],[79.7697,52.9671],[79.8094,52.9961],[79.7906,53.0123],[79.7666,53.0483],[79.7378,53.092],[79.6954,53.1185],[79.6375,53.1373],[79.5943,53.1435],[79.4723,53.102]],[[73.0311,53.3842],[72.9869,53.3683],[72.9808,53.3438],[72.9573,53.3091],[72.9227,53.2808],[72.9329,53.2599],[72.9585,53.2497],[73.0139,53.2709],[73.0878,53.2689],[73.1973,53.2053],[73.3251,53.1134],[73.3865,53.0696],[73.4065,53.0717],[73.4031,53.0875],[73.408,53.1083],[73.4186,53.1539],[73.4213,53.2547],[73.4239,53.337],[73.405,53.361],[73.3211,53.3822],[73.2036,53.3976],[73.1088,53.3952],[73.0311,53.3842]],[[77.7406,54.6613],[77.7299,54.6921],[77.693,54.7414],[77.6359,54.7691],[77.6435,54.8027],[77.6944,54.832],[77.7771,54.8591],[77.8072,54.863],[77.9379,54.891],[78.0491,54.9274],[78.033,54.9755],[77.8779,55.0086],[77.7235,55.0249],[77.6963,55.0472],[77.6669,55.0542],[77.6357,55.0568],[77.5703,55.0533],[77.4304,55.0204],[77.3266,54.9683],[77.3073,54.9251],[77.294,54.8901],[77.2453,54.856],[77.1645,54.8868],[77.1344,54.9232],[77.0673,54.9191],[76.869,54.8826],[76.747,54.8323],[76.7533,54.7871],[76.7342,54.7165],[76.826,54.701],[76.9433,54.7146],[77.0165,54.7301],[77.0522,54.732],[77.2451,54.7231],[77.3542,54.6936],[77.4352,54.684],[77.5221,54.6647],[77.5735,54.647],[77.5646,54.6242],[77.5999,54.6138],[77.6941,54.6337],[77.7406,54.6613]],[[117.6516,31.6543],[117.5939,31.6094],[117.5431,31.5909],[117.4869,31.5932],[117.448,31.6101],[117.4338,31.6514],[117.4128,31.6941],[117.3663,31.7088],[117.3154,31.6975],[117.2972,31.6498],[117.3172,31.5917],[117.3819,31.536],[117.4679,31.4666],[117.5631,31.4451],[117.6234,31.4545],[117.7062,31.5245],[117.7845,31.5792],[117.8299,31.5698],[117.9117,31.5216],[117.9412,31.5205],[117.9187,31.5506],[117.8098,31.6208],[117.7333,31.6597],[117.6516,31.6543]],[[119.2998,32.7479],[119.35,32.7495],[119.3915,32.7513],[119.4068,32.7936],[119.397,32.9158],[119.3723,33.0004],[119.3457,33.0236],[119.349,33.0778],[119.3037,33.164],[119.2541,33.2008],[119.2262,33.1999],[119.1699,33.1861],[119.1346,33.1441],[119.1022,33.069],[119.0594,33.0579],[118.9572,33.0711],[118.8818,33.0773],[118.9065,33.0582],[118.9656,33.0377],[119.0348,33.031],[119.0992,33.027],[119.1538,33.0645],[119.1643,33.0898],[119.1678,33.1176],[119.1797,33.1482],[119.2152,33.1562],[119.2369,33.1543],[119.2686,33.1208],[119.3031,33.0852],[119.3145,33.0544],[119.2965,33.0413],[119.264,33.034],[119.2449,33.0132],[119.2512,32.978],[119.2531,32.9431],[119.2407,32.9186],[119.2419,32.8964],[119.2285,32.8822],[119.1877,32.8779],[119.1303,32.8772],[119.0842,32.866],[119.0794,32.8545],[119.0922,32.8364],[119.1254,32.798],[119.147,32.7531],[119.1648,32.7056],[119.1734,32.6857],[119.201,32.691],[119.2534,32.7362],[119.2998,32.7479]],[[118.2492,33.2211],[118.3222,33.1825],[118.4545,33.1602],[118.4701,33.1278],[118.4599,33.0986],[118.4396,33.0679],[118.4166,33.0382],[118.4072,33.0099],[118.3402,32.9942],[118.2749,33.0448],[118.2266,33.1429],[118.1749,33.2102],[118.1143,33.2147],[117.9915,33.1872],[117.9116,33.181],[117.8863,33.1572],[117.8744,33.0932],[117.8514,33.0622],[117.809,33.0481],[117.8382,33.0384],[117.8916,33.0646],[117.9146,33.126],[117.9785,33.1423],[118.1021,33.1438],[118.1823,33.1394],[118.2343,33.0463],[118.2403,33.0084],[118.2258,32.9906],[118.1302,33.0278],[118.0842,33.0055],[118.0499,32.9638],[118.0662,32.9355],[118.0882,32.9583],[118.1421,32.9861],[118.1809,32.9713],[118.1919,32.9413],[118.1712,32.9062],[118.1832,32.8848],[118.2271,32.8966],[118.2666,32.9248],[118.4308,32.9728],[118.4917,32.998],[118.5187,33.0363],[118.5735,33.1408],[118.6047,33.1721],[118.6529,33.1738],[118.6784,33.1242],[118.6809,33.0765],[118.7155,33.0893],[118.7782,33.1764],[118.8338,33.3044],[118.8605,33.3387],[118.8605,33.3565],[118.7743,33.4428],[118.6636,33.4631],[118.6084,33.5149],[118.5712,33.6198],[118.5442,33.6446],[118.4931,33.6227],[118.4877,33.5398],[118.547,33.4369],[118.6071,33.376],[118.57,33.3719],[118.49,33.4015],[118.4465,33.4068],[118.3917,33.338],[118.3184,33.2684],[118.273,33.2673],[118.2329,33.2881],[118.2492,33.2211]],[[117.1283,34.6625],[117.1412,34.612],[117.1738,34.5434],[117.2099,34.4981],[117.2497,34.5016],[117.2947,34.5486],[117.3262,34.5874],[117.3178,34.6214],[117.2664,34.6654],[117.1789,34.7193],[117.1395,34.7254],[117.1283,34.6625]],[[132.0172,45.1266],[132.0151,45.0743],[132.1087,44.9687],[132.0844,44.8514],[132.069,44.7425],[132.1686,44.674],[132.2412,44.63],[132.2385,44.6061],[132.2759,44.569],[132.3655,44.5294],[132.4597,44.6126],[132.6136,44.7113],[132.7429,44.9427],[132.8098,45.0516],[132.8082,45.1488],[132.7252,45.2301],[132.5795,45.2962],[132.402,45.329],[132.2302,45.3284],[132.0711,45.2868],[132.005,45.214],[132.0172,45.1266]],[[117.8559,47.8254],[117.8686,47.8648],[117.8408,47.9105],[117.8011,47.95],[117.7645,47.9612],[117.7092,47.9475],[117.6375,47.9013],[117.5695,47.8355],[117.5308,47.7764],[117.529,47.7387],[117.5584,47.7099],[117.5811,47.6856],[117.5858,47.6711],[117.6062,47.666],[117.6549,47.68],[117.7292,47.7183],[117.8061,47.7724],[117.8559,47.8254]],[[116.9885,48.841],[117.0141,48.7864],[117.0955,48.7048],[117.1055,48.6294],[117.0886,48.5791],[117.1143,48.561],[117.2289,48.5853],[117.3098,48.636],[117.3276,48.6942],[117.5155,48.8465],[117.7159,48.986],[117.7328,49.0297],[117.7723,49.0588],[117.8238,49.0592],[117.8754,49.0334],[117.9643,49.035],[118.0347,49.0715],[118.0072,49.1053],[117.8993,49.1103],[117.8121,49.1252],[117.7764,49.1607],[117.7488,49.1744],[117.7162,49.1801],[117.6861,49.2204],[117.6881,49.2743],[117.7069,49.3219],[117.6901,49.3508],[117.6357,49.3421],[117.529,49.27],[117.3895,49.1391],[117.2252,49.0025],[117.0588,48.9066],[116.9885,48.841]],[[100.3797,51.4661],[100.3879,51.4406],[100.4021,51.3921],[100.3561,51.3516],[100.284,51.2504],[100.2962,51.1086],[100.2478,50.7428],[100.2281,50.6539],[100.1938,50.594],[100.1795,50.5313],[100.1934,50.4938],[100.37,50.5383],[100.4443,50.5681],[100.4726,50.6032],[100.4734,50.6251],[100.4452,50.6589],[100.4716,50.7391],[100.5072,50.8087],[100.6882,50.983],[100.6847,51.0193],[100.7303,51.1382],[100.7485,51.2223],[100.7704,51.2932],[100.7868,51.397],[100.7521,51.4468],[100.5593,51.6103],[100.525,51.5969],[100.4912,51.5558],[100.3797,51.4661]],[[105.7977,51.7011],[105.9674,51.7742],[106.0651,51.8627],[106.1338,51.9159],[106.1865,51.9564],[106.2606,52.103],[106.2807,52.1691],[106.258,52.2307],[106.2691,52.282],[106.3139,52.3231],[106.3902,52.3545],[106.4973,52.3831],[106.5991,52.3705],[106.693,52.3377],[106.752,52.3165],[106.8061,52.3285],[106.8431,52.3563],[106.9046,52.4466],[106.9382,52.4746],[107.0988,52.5417],[107.3866,52.6479],[107.5785,52.7012],[107.6744,52.7014],[107.7631,52.7139],[107.9477,52.7803],[108.007,52.837],[108.234,52.9457],[108.2878,52.989],[108.3348,53.0375],[108.3299,53.0562],[108.2973,53.0933],[108.3022,53.1094],[108.392,53.1633],[108.6612,53.3017],[108.6762,53.3039],[108.7027,53.2835],[108.7287,53.278],[108.7677,53.2813],[108.9311,53.3444],[108.9823,53.3933],[108.9891,53.4503],[108.9685,53.5078],[108.9206,53.5656],[108.8419,53.5865],[108.7322,53.5708],[108.6457,53.5483],[108.5446,53.5076],[108.5321,53.5134],[108.6186,53.5824],[108.8359,53.8073],[108.891,53.8419],[108.9437,53.8624],[108.9941,53.8687],[109.033,53.8583],[109.0607,53.831],[109.0605,53.8044],[109.0343,53.7598],[109.0089,53.6678],[109.0304,53.639],[109.1776,53.6376],[109.1994,53.66],[109.2038,53.6785],[109.2044,53.737],[109.1982,53.7926],[109.2105,53.8277],[109.2438,53.8686],[109.426,53.9978],[109.5001,54.0614],[109.5379,54.1162],[109.5559,54.1538],[109.5537,54.174],[109.4957,54.2621],[109.4897,54.3804],[109.5234,54.5586],[109.5441,54.6291],[109.607,54.6761],[109.6326,54.7718],[109.6456,54.8072],[109.6836,54.85],[109.7022,54.9018],[109.7158,54.9316],[109.7648,55.0396],[109.7682,55.0828],[109.7439,55.1396],[109.75,55.1854],[109.7812,55.2797],[109.7905,55.3297],[109.8246,55.4019],[109.8572,55.4456],[109.8639,55.539],[109.8607,55.5748],[109.9554,55.6722],[109.847,55.7546],[109.7604,55.7735],[109.6672,55.7786],[109.5756,55.7715],[109.507,55.7309],[109.3135,55.6079],[109.2387,55.5747],[109.1935,55.5356],[109.1906,55.4637],[109.2133,55.4054],[109.1977,55.2614],[109.1711,55.1937],[109.1102,55.0992],[109.0527,55.0276],[108.9531,54.9833],[108.9169,54.951],[108.9441,54.9306],[108.9325,54.8978],[108.882,54.8526],[108.8469,54.7996],[108.8271,54.7387],[108.7857,54.6723],[108.7226,54.6005],[108.5928,54.4925],[108.5464,54.4289],[108.5189,54.3498],[108.4729,54.2768],[108.4081,54.2099],[108.3618,54.1731],[108.2977,54.0783],[108.2754,54.0364],[108.2235,53.9761],[108.0624,53.8492],[107.7893,53.7115],[107.627,53.611],[107.5758,53.5479],[107.551,53.5021],[107.5472,53.4526],[107.5347,53.439],[107.232,53.3163],[107.0719,53.2413],[106.852,53.1029],[106.7804,53.0446],[106.7736,53.0223],[106.8732,53.0294],[106.8973,53.0027],[106.881,52.9731],[106.7833,52.906],[106.7574,52.8693],[106.7017,52.832],[106.5785,52.7417],[106.5374,52.7059],[106.4516,52.6565],[106.2925,52.5919],[106.06,52.5119],[105.8598,52.3867],[105.6916,52.2162],[105.5696,52.1083],[105.4188,52.0302],[105.3445,52.0094],[105.2857,51.9788],[105.2427,51.9382],[105.1651,51.9059],[105.0532,51.8821],[104.9354,51.8702],[104.8669,51.8702],[104.812,51.8702],[104.721,51.8488],[104.6625,51.8061],[104.5365,51.7841],[104.3432,51.7828],[104.1325,51.7695],[103.7907,51.7317],[103.7432,51.7224],[103.7227,51.7109],[103.7134,51.6942],[103.7449,51.6686],[103.8174,51.634],[104.1564,51.5354],[104.39,51.4997],[104.6552,51.4823],[104.8262,51.4898],[104.9029,51.522],[105.0648,51.5572],[105.4351,51.6145],[105.7977,51.7011]],[[102.3301,55.2709],[102.2735,55.2221],[102.259,55.1834],[102.2075,55.1465],[102.1844,55.1183],[102.1423,55.0803],[102.1185,55.053],[102.1857,55.0698],[102.2335,55.101],[102.2848,55.1432],[102.3202,55.1948],[102.3441,55.2324],[102.3897,55.2616],[102.4302,55.2853],[102.39,55.3019],[102.3424,55.32],[102.3266,55.3533],[102.3108,55.4006],[102.3153,55.4365],[102.3662,55.4848],[102.3858,55.5439],[102.3322,55.5896],[102.1016,55.6284],[102.0507,55.6628],[102.0936,55.6956],[102.0847,55.7176],[101.9903,55.7309],[101.9131,55.783],[101.9061,55.8343],[101.9777,55.9033],[102.0003,55.9609],[101.9859,56.0256],[102.1803,56.0681],[102.2359,56.1035],[102.3087,56.1104],[102.3934,56.0884],[102.4389,56.0915],[102.4799,56.1085],[102.4939,56.1266],[102.5061,56.1559],[102.5301,56.1576],[102.593,56.1564],[102.7168,56.1434],[102.7967,56.1076],[102.8524,56.1042],[102.9207,56.0627],[102.9611,55.958],[102.9901,55.8536],[103.0744,55.7892],[103.1391,55.6849],[103.1493,55.5776],[103.1786,55.4865],[103.2719,55.3018],[103.2821,55.1587],[103.226,55.0463],[103.0695,54.9209],[103.0331,54.782],[103.0894,54.7126],[103.1855,54.6266],[103.2177,54.4865],[103.1727,54.424],[103.1064,54.415],[103.0166,54.2826],[102.9867,54.1557],[103.0033,54.0677],[103.1187,53.9379],[103.2085,53.8063],[103.1168,53.7741],[102.9273,53.8196],[102.868,53.7899],[103.0963,53.7423],[103.2746,53.6774],[103.3429,53.5718],[103.3434,53.2278],[103.3742,53.1073],[103.4404,53.2227],[103.4252,53.473],[103.4404,53.5189],[103.4899,53.5628],[103.6094,53.5519],[103.686,53.5124],[103.7262,53.4844],[103.7426,53.4958],[103.7369,53.5541],[103.7251,53.6023],[103.5329,53.6358],[103.4354,53.6794],[103.3303,53.7785],[103.2996,53.8414],[103.298,53.874],[103.1604,54.0005],[103.1033,54.1473],[103.1441,54.2393],[103.2055,54.3107],[103.2613,54.3421],[103.3179,54.3031],[103.3969,54.1702],[103.4625,54.1601],[103.4245,54.2055],[103.3485,54.3231],[103.286,54.4819],[103.2791,54.578],[103.2156,54.7194],[103.1544,54.8012],[103.1851,54.8778],[103.3043,55.0202],[103.3483,55.1321],[103.3639,55.2186],[103.3341,55.3575],[103.2259,55.5583],[103.2493,55.6721],[103.2469,55.7136],[103.1431,55.8085],[103.0625,55.9199],[103.0199,56.0452],[103.0095,56.1435],[103.0233,56.2138],[103.0013,56.2225],[102.9412,56.197],[102.872,56.199],[102.8226,56.235],[102.7992,56.2622],[102.7266,56.25],[102.6262,56.2534],[102.5875,56.2979],[102.5818,56.3323],[102.5217,56.3495],[102.4735,56.3107],[102.4619,56.2533],[102.26,56.2545],[102.2549,56.227],[102.0537,56.1561],[101.9452,56.1245],[101.9219,56.1667],[101.9642,56.227],[101.9312,56.2423],[101.8674,56.2364],[101.8032,56.2908],[101.7675,56.2866],[101.7096,56.2636],[101.6973,56.2178],[101.7064,56.1749],[101.6719,56.1346],[101.699,56.0947],[101.7322,56.0696],[101.7297,56.0144],[101.7058,55.9727],[101.6331,55.9767],[101.6129,55.9693],[101.4834,55.9682],[101.352,55.9871],[101.2745,55.9819],[101.3221,55.9462],[101.411,55.9235],[101.5044,55.8894],[101.7407,55.8067],[101.7878,55.7721],[101.8059,55.6538],[101.91,55.5898],[101.9703,55.5625],[101.9792,55.5229],[101.7574,55.469],[101.7609,55.4364],[101.7888,55.414],[102.0718,55.4567],[102.2173,55.5141],[102.3002,55.5299],[102.3069,55.4954],[102.2677,55.4453],[102.2601,55.4094],[102.284,55.3451],[102.3103,55.3009],[102.3301,55.2709]],[[111.5924,63.0767],[111.6402,63.1432],[111.7092,63.1867],[111.7864,63.1958],[111.8438,63.1605],[111.8394,63.1208],[111.7744,63.0703],[111.657,63.0409],[111.6334,62.9728],[111.561,62.9682],[111.5213,62.9531],[111.4696,62.9439],[111.4082,62.9397],[111.3993,62.9185],[111.4352,62.8935],[111.4879,62.8728],[111.5807,62.8575],[111.6308,62.8632],[111.6929,62.864],[111.7293,62.846],[111.7768,62.8622],[111.8465,62.8735],[111.9152,62.8491],[112.0494,62.8181],[112.1058,62.7828],[112.175,62.7646],[112.2779,62.7898],[112.3682,62.842],[112.3802,62.92],[112.4002,62.9997],[112.4803,63.0203],[112.4397,63.075],[112.2344,63.126],[112.148,63.2487],[112.1348,63.3148],[112.1392,63.381],[112.1709,63.424],[112.1255,63.4324],[112.0795,63.4088],[111.9099,63.4118],[111.8156,63.3834],[111.908,63.3697],[112.0466,63.3148],[112.0775,63.2354],[112.1201,63.1299],[112.1084,63.0539],[112.1151,63.0172],[112.1549,62.9702],[112.12,62.9168],[112.0598,62.9135],[111.998,62.9003],[111.9236,62.9126],[111.8287,62.9602],[111.8305,63.0032],[111.9854,63.0971],[111.9766,63.119],[111.9,63.2192],[111.7977,63.2658],[111.6904,63.2889],[111.6521,63.2834],[111.5962,63.2826],[111.5358,63.2884],[111.5836,63.2178],[111.5575,63.1653],[111.4733,63.1296],[111.3345,63.1159],[111.2734,63.1187],[111.2107,63.1378],[111.1601,63.1764],[111.1439,63.2191],[111.1702,63.295],[111.1623,63.3083],[111.1703,63.3531],[111.1432,63.4237],[111.1029,63.415],[111.0764,63.3487],[111.0425,63.3108],[111.0495,63.2928],[111.0439,63.2687],[111.086,63.0941],[111.0146,63.0458],[110.9441,62.9974],[110.8648,63.0193],[110.7718,63.0359],[110.7192,63.0635],[110.7281,63.0899],[110.8859,63.1247],[110.914,63.1462],[110.9394,63.1592],[110.9184,63.1779],[110.8431,63.1898],[110.7949,63.2191],[110.7436,63.2394],[110.6909,63.2172],[110.6684,63.1988],[110.5457,63.1979],[110.4995,63.2332],[110.4743,63.25],[110.5681,63.3362],[110.6104,63.3884],[110.5625,63.4217],[110.4815,63.4596],[110.4307,63.4595],[110.2468,63.4849],[110.1272,63.5356],[110.1128,63.5729],[110.1455,63.6002],[110.1355,63.6213],[110.0957,63.6251],[110.0562,63.5943],[110.0384,63.5577],[109.9459,63.4801],[109.899,63.4559],[109.7465,63.4655],[109.5868,63.4555],[109.6479,63.424],[109.7504,63.4053],[109.848,63.3821],[110.0016,63.4286],[110.1623,63.4394],[110.2735,63.3997],[110.3889,63.3501],[110.3931,63.2922],[110.3742,63.2419],[110.2907,63.2181],[110.2004,63.2168],[110.0942,63.2221],[110.0387,63.2079],[110.1092,63.1724],[110.2303,63.1553],[110.3727,63.1386],[110.4844,63.1359],[110.4943,63.0987],[110.4332,63.046],[110.4306,62.9887],[110.6483,62.9819],[110.8391,62.9121],[111.1391,62.8485],[111.1545,62.8082],[111.1647,62.7925],[111.158,62.7398],[111.1936,62.7074],[111.1655,62.6722],[111.1201,62.6196],[111.0896,62.5696],[111.0512,62.5439],[110.9795,62.54],[110.8513,62.5456],[110.7842,62.5284],[110.8523,62.4989],[110.8588,62.478],[110.8751,62.4682],[110.9159,62.4879],[111.0124,62.5043],[111.1366,62.4827],[111.2089,62.4313],[111.235,62.3749],[111.2429,62.3092],[111.2088,62.2565],[111.1195,62.2208],[111.1234,62.164],[111.1564,62.1101],[111.0881,62.0506],[110.9729,62.0611],[110.9467,62.083],[110.9367,62.0861],[110.8865,62.0841],[110.8103,62.1107],[110.7571,62.0987],[110.6744,62.1206],[110.6063,62.1311],[110.4334,62.1939],[110.1452,62.2044],[109.932,62.1026],[109.8163,62.0554],[109.7141,62.0385],[109.6269,62.0525],[109.6367,62.0072],[109.6039,61.9421],[109.5577,61.8996],[109.5677,61.8779],[109.5599,61.7995],[109.6013,61.7831],[109.6352,61.8362],[109.6652,61.9107],[109.8271,61.994],[110.0159,62.0783],[110.1604,62.1241],[110.3031,62.1336],[110.3505,62.11],[110.417,62.0927],[110.5537,62.079],[110.6177,62.0642],[110.8997,62.0105],[111.0464,61.9896],[111.2508,61.9896],[111.399,62.0578],[111.2955,62.1307],[111.2856,62.1909],[111.3495,62.2234],[111.4229,62.2188],[111.4834,62.1958],[111.5509,62.1872],[111.6039,62.2136],[111.3719,62.283],[111.3896,62.3271],[111.5041,62.3487],[111.6628,62.3114],[111.6664,62.3312],[111.6399,62.3613],[111.6048,62.3903],[111.4891,62.4017],[111.3278,62.3975],[111.2931,62.4312],[111.294,62.46],[111.3585,62.4717],[111.359,62.494],[111.3171,62.5498],[111.3901,62.6108],[111.4244,62.6534],[111.3885,62.7232],[111.3764,62.8051],[111.3449,62.8471],[111.2932,62.8831],[111.1905,62.9401],[111.2066,63.0052],[111.3184,63.0285],[111.416,63.0285],[111.5184,63.0471],[111.5924,63.0767]],[[139.8159,53.3401],[139.8227,53.3612],[139.8087,53.3995],[139.855,53.46],[139.922,53.5267],[139.8811,53.5557],[139.7478,53.5238],[139.6585,53.4562],[139.6717,53.3905],[139.7488,53.3477],[139.8159,53.3401]],[[174.3521,64.6761],[174.2727,64.6082],[174.2074,64.513],[174.3375,64.4371],[174.5407,64.4332],[174.6709,64.481],[174.7658,64.5678],[174.8036,64.6498],[174.7131,64.6691],[174.607,64.6515],[174.6052,64.6147],[174.5752,64.5806],[174.4293,64.5695],[174.3518,64.5938],[174.3779,64.66],[174.3729,64.7015],[174.3521,64.6761]],[[160.1695,69.3271],[159.9977,69.3573],[159.8436,69.3782],[159.8077,69.3475],[159.9649,69.282],[160.2558,69.2376],[160.4327,69.2278],[160.4802,69.2499],[160.3248,69.296],[160.1695,69.3271]],[[160.2201,69.5188],[160.1036,69.5391],[160.0555,69.5378],[160.0676,69.5145],[160.0994,69.4848],[160.0659,69.4677],[160.0255,69.4565],[160.0439,69.446],[160.0469,69.4284],[160.0332,69.4104],[160.0563,69.394],[160.1521,69.3688],[160.2479,69.352],[160.2777,69.3595],[160.2485,69.3856],[160.206,69.4107],[160.3003,69.4168],[160.4239,69.4201],[160.4453,69.4305],[160.4132,69.4414],[160.3665,69.4623],[160.3251,69.4894],[160.2201,69.5188]],[[32.1701,49.4044],[32.2936,49.3462],[32.4082,49.3017],[32.6205,49.1986],[32.7181,49.1401],[32.7695,49.1159],[32.8634,49.0873],[32.9809,49.0826],[33.0435,49.0631],[33.0661,49.0214],[33.0763,49.0043],[33.1625,48.9936],[33.1671,49.0193],[33.1939,49.0939],[33.1943,49.1187],[33.1041,49.2001],[33.0154,49.2807],[32.8606,49.4078],[32.7539,49.4848],[32.712,49.5594],[32.6646,49.537],[32.6595,49.4644],[32.6824,49.401],[32.6318,49.3818],[32.4614,49.4261],[32.35,49.4691],[32.1836,49.5209],[32.1145,49.5413],[31.9554,49.5697],[31.888,49.5544],[31.9005,49.5128],[32.1701,49.4044]],[[80.2686,55.5607],[80.1855,55.5637],[80.0855,55.55],[79.984,55.5156],[79.8812,55.4791],[79.8229,55.452],[79.8232,55.4226],[79.8473,55.3968],[79.898,55.3851],[79.9865,55.39],[80.0996,55.4127],[80.2082,55.452],[80.3081,55.4937],[80.3279,55.5399],[80.3048,55.563],[80.2686,55.5607]],[[67.483,55.8064],[67.4331,55.8352],[67.3817,55.8692],[67.3507,55.8675],[67.3479,55.8509],[67.3205,55.8148],[67.2965,55.7773],[67.2979,55.7453],[67.3962,55.718],[67.5037,55.713],[67.5941,55.7498],[67.6084,55.7648],[67.6211,55.78],[67.64,55.7918],[67.6785,55.8007],[67.6683,55.8172],[67.5951,55.8213],[67.5363,55.8061],[67.483,55.8064]],[[71.8623,56.192],[71.8197,56.1895],[71.7215,56.197],[71.6425,56.1914],[71.6246,56.1776],[71.6622,56.1149],[71.6759,56.0669],[71.7176,56.058],[71.7505,56.064],[71.7777,56.0868],[71.8173,56.095],[71.869,56.1064],[71.9475,56.1091],[71.9887,56.1428],[72.0092,56.1771],[72.0026,56.202],[71.9412,56.2112],[71.8801,56.2059],[71.8623,56.192]],[[35.0555,67.8271],[34.9951,67.8013],[35.08,67.707],[35.1265,67.7511],[35.1355,67.7819],[35.159,67.8106],[35.2219,67.8449],[35.2604,67.8803],[35.2557,67.9235],[35.2433,67.9559],[35.297,68.0056],[35.2906,68.0779],[35.2467,68.0999],[35.2215,68.059],[35.0994,67.9791],[35.0915,67.9403],[35.1377,67.9262],[35.1576,67.9064],[35.1289,67.8747],[35.0555,67.8271]],[[71.3699,67.9471],[71.3026,67.9064],[71.2982,67.8894],[71.3595,67.8698],[71.6504,67.8954],[71.7762,67.9502],[71.7861,67.9928],[71.7085,68.0373],[71.5519,68.0038],[71.3699,67.9471]],[[71.3807,67.9973],[71.3807,68.0249],[71.2774,68.0593],[71.093,68.1034],[70.9645,68.0983],[70.9298,68.0646],[70.9706,68.0116],[71.0649,67.9957],[71.1326,68.0002],[71.2386,67.9896],[71.3427,67.9875],[71.3807,67.9973]],[[70.7904,70.0957],[70.7543,70.0671],[70.7489,70.0333],[70.851,69.9687],[71.0261,69.9532],[71.0578,69.9879],[70.9431,70.0541],[70.9394,70.1001],[70.9408,70.1391],[70.8371,70.136],[70.7904,70.0957]],[[70.1275,70.0756],[70.2313,70.0105],[70.3713,70.0147],[70.5117,70.0555],[70.4888,70.0915],[70.368,70.1165],[70.1739,70.136],[70.1275,70.0756]],[[89.3128,68.3351],[89.3991,68.3301],[89.4719,68.3128],[89.5557,68.3102],[89.6674,68.3155],[89.7721,68.3054],[89.807,68.2628],[89.9351,68.2404],[90.5327,68.2872],[90.9196,68.311],[91.1054,68.3678],[91.5406,68.3968],[91.8984,68.3981],[92.1137,68.4079],[92.3308,68.4257],[92.2219,68.4604],[92.1042,68.5091],[91.9367,68.4887],[91.4833,68.4396],[91.0916,68.4427],[90.8688,68.4052],[90.6578,68.4072],[90.5152,68.3897],[90.2319,68.3692],[89.523,68.3993],[89.3148,68.3885],[89.3298,68.3514],[89.3128,68.3351]],[[91.306,68.7931],[91.4841,68.7873],[91.7134,68.8623],[91.4516,68.836],[91.3352,68.8311],[91.1918,68.8318],[90.9177,68.8156],[90.787,68.7987],[90.684,68.7791],[90.4451,68.7578],[90.2227,68.7872],[89.9986,68.8371],[89.737,68.8561],[89.5815,68.848],[89.5466,68.8189],[89.9891,68.7266],[90.0061,68.7067],[90.0505,68.7016],[90.3559,68.6998],[90.5439,68.71],[90.843,68.7552],[91.306,68.7931]],[[89.7611,69.4886],[90.0988,69.539],[90.4082,69.5193],[90.6596,69.4532],[90.9879,69.459],[91.5591,69.4179],[91.4355,69.5105],[91.0804,69.488],[90.5228,69.5766],[90.2053,69.6251],[89.901,69.6031],[89.5463,69.4949],[89.3461,69.4591],[89.1229,69.4253],[88.8452,69.3712],[88.8251,69.3387],[88.9576,69.3225],[89.2255,69.3493],[89.4689,69.3782],[89.5818,69.4439],[89.7611,69.4886]],[[87.3491,69.8893],[87.3732,69.8756],[87.4719,69.8705],[87.6088,69.809],[87.6846,69.7049],[87.7211,69.6241],[87.7048,69.5872],[87.6947,69.5407],[87.7281,69.5126],[87.8141,69.4931],[87.8746,69.483],[87.937,69.4778],[88.0397,69.4788],[88.1076,69.4819],[88.1463,69.4829],[88.1607,69.4981],[88.1142,69.5288],[88.0386,69.5628],[88.0146,69.5895],[88.0253,69.6139],[87.9958,69.6871],[87.9299,69.7562],[87.8812,69.7843],[87.785,69.8411],[87.7103,69.8781],[87.6815,69.8952],[87.66,69.9212],[87.6566,69.9599],[87.7711,69.982],[87.9387,70.0254],[87.9691,70.0611],[87.9247,70.0903],[87.8096,70.0971],[87.6468,70.0715],[87.4942,70.0245],[87.4104,70.0035],[87.3951,69.9535],[87.372,69.9205],[87.3491,69.8893]],[[70.3723,70.153],[70.5631,70.123],[70.6965,70.1363],[70.7934,70.1659],[70.8208,70.1908],[70.7704,70.2166],[70.3443,70.1996],[70.3723,70.153]],[[27.3423,61.0012],[27.4289,60.9688],[27.5354,60.9382],[27.7439,60.95],[27.8487,60.9842],[27.8098,61.0437],[27.7767,61.068],[27.7243,61.0779],[27.7035,61.056],[27.6918,61.0116],[27.5793,60.984],[27.4484,60.9939],[27.367,61.0332],[27.3396,61.0214],[27.3423,61.0012]],[[22.6315,61.234],[22.5791,61.211],[22.6129,61.2017],[22.6586,61.219],[22.702,61.2625],[22.8466,61.3241],[22.9865,61.3693],[23.0457,61.3857],[23.0998,61.392],[23.1854,61.4066],[23.2406,61.4171],[23.2438,61.4242],[23.2487,61.4331],[23.2926,61.4521],[23.2599,61.4604],[23.1367,61.4455],[23.0534,61.4288],[22.9748,61.3952],[22.8406,61.3407],[22.7179,61.3004],[22.6631,61.2681],[22.6315,61.234]],[[24.1611,61.2805],[24.2445,61.2887],[24.2793,61.2932],[24.2404,61.3149],[24.1584,61.3275],[24.1284,61.3438],[24.1528,61.376],[24.1686,61.4035],[24.1719,61.4231],[24.1942,61.4567],[24.2646,61.4964],[24.3419,61.5202],[24.4693,61.528],[24.5067,61.5525],[24.4557,61.5901],[24.4934,61.6141],[24.5575,61.6396],[24.6084,61.6545],[24.6352,61.6555],[24.6593,61.6561],[24.6736,61.6678],[24.7021,61.7021],[24.6911,61.7214],[24.6036,61.7025],[24.5241,61.6869],[24.4908,61.679],[24.497,61.6678],[24.4811,61.6474],[24.454,61.6261],[24.422,61.6208],[24.3677,61.6288],[24.3215,61.6327],[24.3095,61.6212],[24.3332,61.6066],[24.3575,61.5875],[24.3056,61.5527],[24.2541,61.5295],[24.1712,61.4836],[24.0433,61.4231],[24.0175,61.3691],[24.0354,61.3118],[24.021,61.282],[23.9808,61.2558],[23.9521,61.224],[23.9188,61.2105],[23.8448,61.2282],[23.8025,61.2599],[23.773,61.2825],[23.7813,61.2141],[23.8748,61.1833],[24.0302,61.1539],[24.2772,61.0927],[24.3521,61.0731],[24.414,61.0358],[24.4393,61.0312],[24.3957,61.0706],[24.3369,61.1196],[24.3299,61.139],[24.3541,61.1418],[24.3721,61.1452],[24.3552,61.1619],[24.2955,61.187],[24.2419,61.1951],[24.1764,61.1825],[24.0918,61.1851],[24.0407,61.2072],[24.014,61.2306],[24.024,61.2468],[24.0805,61.2595],[24.1611,61.2805]],[[26.5435,61.6875],[26.507,61.7182],[26.466,61.7354],[26.438,61.7349],[26.4063,61.7168],[26.3543,61.7148],[26.3287,61.7138],[26.2946,61.7161],[26.2791,61.7328],[26.2784,61.7506],[26.2652,61.7847],[26.2461,61.8224],[26.2374,61.841],[26.2194,61.8412],[26.1764,61.7981],[26.1265,61.7675],[26.0323,61.7722],[25.9439,61.796],[25.9355,61.7857],[25.9527,61.7668],[25.966,61.7433],[25.9547,61.7166],[25.9309,61.6915],[25.8914,61.6754],[25.9,61.647],[25.9584,61.6187],[26.0066,61.5896],[26.0592,61.5547],[26.1137,61.5417],[26.1482,61.5458],[26.1581,61.5649],[26.1725,61.6004],[26.1832,61.6293],[26.1668,61.6529],[26.1436,61.669],[26.123,61.6572],[26.1033,61.648],[26.0853,61.6573],[26.0725,61.679],[26.0767,61.704],[26.1213,61.7162],[26.1827,61.7297],[26.2404,61.7178],[26.3463,61.6552],[26.4732,61.6116],[26.5449,61.6093],[26.5672,61.6162],[26.5702,61.6231],[26.5634,61.6482],[26.5435,61.6875]],[[24.5824,62.1803],[24.5993,62.1457],[24.6113,62.1085],[24.5947,62.0902],[24.5327,62.1063],[24.4379,62.1408],[24.3626,62.1558],[24.343,62.1456],[24.384,62.119],[24.4586,62.0994],[24.5241,62.0809],[24.5651,62.0453],[24.4976,62.0272],[24.3752,62.029],[24.3243,62.03],[24.3044,62.0424],[24.3189,62.0729],[24.3354,62.1027],[24.3209,62.1148],[24.3008,62.1203],[24.2854,62.117],[24.2574,62.0803],[24.2201,62.0451],[24.1812,62.0446],[24.1263,62.0574],[24.1172,62.0922],[24.1227,62.1235],[24.1455,62.1426],[24.181,62.1571],[24.1218,62.1509],[24.0338,62.1541],[23.9799,62.1597],[23.9543,62.1598],[23.9529,62.1776],[23.979,62.2083],[23.9991,62.2319],[23.9679,62.2332],[23.9282,62.2214],[23.9151,62.1879],[23.9059,62.1541],[23.885,62.1421],[23.855,62.1396],[23.8104,62.1553],[23.75,62.1587],[23.7012,62.1636],[23.6831,62.1911],[23.6912,62.2135],[23.699,62.2274],[23.6752,62.2267],[23.6445,62.2155],[23.638,62.1975],[23.6491,62.1656],[23.6734,62.1366],[23.6843,62.125],[23.6812,62.1163],[23.7381,62.1029],[23.8727,62.0949],[23.9738,62.0902],[24.0034,62.076],[24.0146,62.0381],[24.0159,62.0003],[24.0246,61.9867],[24.0316,61.9742],[23.9515,61.9436],[23.8651,61.9111],[23.8594,61.8941],[23.8613,61.8791],[23.8378,61.8698],[23.7509,61.8772],[23.7082,61.8648],[23.7245,61.8357],[23.7033,61.8245],[23.6924,61.8098],[23.6798,61.7769],[23.6675,61.7449],[23.667,61.7281],[23.6206,61.7115],[23.6028,61.6879],[23.6268,61.6652],[23.6319,61.6517],[23.6029,61.6469],[23.5703,61.6414],[23.5993,61.6234],[23.6268,61.5893],[23.6384,61.5561],[23.6767,61.5306],[23.7086,61.5109],[23.6388,61.4907],[23.5087,61.4507],[23.4155,61.4177],[23.3647,61.4031],[23.349,61.3896],[23.3804,61.3819],[23.4396,61.3715],[23.4853,61.3313],[23.5723,61.2961],[23.675,61.2758],[23.7175,61.2616],[23.7245,61.2703],[23.7175,61.2869],[23.7118,61.3038],[23.7068,61.3173],[23.6465,61.3314],[23.5676,61.3481],[23.5275,61.3688],[23.5067,61.3908],[23.511,61.419],[23.6107,61.4603],[23.7305,61.4954],[23.7765,61.521],[23.7908,61.5603],[23.798,61.5992],[23.7844,61.6123],[23.7718,61.6181],[23.8337,61.6365],[23.8199,61.6459],[23.7395,61.651],[23.7429,61.6725],[23.767,61.7032],[23.7857,61.7288],[23.7758,61.7558],[23.7584,61.7857],[23.8518,61.8349],[23.9535,61.8802],[23.962,61.8938],[24.0043,61.9069],[24.0528,61.9275],[24.105,61.9511],[24.1193,61.9882],[24.0943,62.0202],[24.1808,62.0103],[24.2939,61.9964],[24.3771,61.9898],[24.4175,61.9874],[24.4168,61.9953],[24.4824,62.0013],[24.5491,61.9931],[24.5991,61.9647],[24.6776,61.9292],[24.7061,61.9215],[24.6839,61.9494],[24.634,61.9859],[24.6305,62.0427],[24.6859,62.0953],[24.7089,62.1337],[24.7284,62.1807],[24.7223,62.198],[24.6815,62.1936],[24.6735,62.2293],[24.6615,62.2656],[24.6299,62.2628],[24.6108,62.2511],[24.6133,62.2272],[24.6151,62.2048],[24.6008,62.2011],[24.5853,62.1968],[24.5824,62.1803]],[[26.35,61.8343],[26.4059,61.8092],[26.4683,61.7908],[26.5538,61.7581],[26.6646,61.681],[26.7581,61.6119],[26.7782,61.576],[26.7962,61.5581],[26.8105,61.5707],[26.8338,61.5735],[26.8696,61.5636],[26.8898,61.5689],[26.8862,61.5808],[26.8843,61.5935],[26.8794,61.6261],[26.8371,61.6477],[26.7702,61.6664],[26.7433,61.6942],[26.795,61.7032],[26.8625,61.6955],[26.9375,61.6699],[26.9982,61.6637],[27.0371,61.6624],[27.0445,61.6712],[27.0428,61.6883],[27.0276,61.704],[26.9826,61.7122],[26.9267,61.73],[26.9,61.753],[26.8943,61.7965],[26.8768,61.8548],[26.8809,61.8715],[26.8729,61.9018],[26.8192,61.9482],[26.7548,61.9751],[26.7047,61.993],[26.6399,62.0115],[26.5883,62.0373],[26.5913,62.0218],[26.6441,61.9683],[26.6976,61.9307],[26.7641,61.9127],[26.8094,61.9025],[26.8096,61.8873],[26.7961,61.8706],[26.7742,61.8609],[26.744,61.8708],[26.7133,61.8856],[26.692,61.888],[26.686,61.8814],[26.6839,61.8715],[26.6678,61.8678],[26.6314,61.8858],[26.6027,61.9168],[26.5754,61.9375],[26.5313,61.9391],[26.5273,61.9285],[26.5403,61.9152],[26.5244,61.8995],[26.4907,61.8903],[26.4637,61.8747],[26.4185,61.8629],[26.3761,61.8703],[26.3906,61.9053],[26.4278,61.9451],[26.4415,61.9623],[26.4119,61.976],[26.3512,61.9348],[26.3055,61.9],[26.2764,61.8662],[26.2902,61.8541],[26.35,61.8343]],[[30.8527,62.0488],[30.8685,62.0095],[30.8682,61.974],[30.8853,61.9407],[30.9389,61.9214],[31.0198,61.9288],[31.0526,61.9701],[30.9712,62.065],[30.9256,62.0829],[30.8496,62.0829],[30.8527,62.0488]],[[26.0562,62.521],[26.0244,62.4768],[25.9381,62.4623],[25.8339,62.535],[25.8205,62.6133],[25.9129,62.6479],[26.0293,62.632],[26.0204,62.6655],[25.9797,62.7062],[26.0068,62.7097],[26.0129,62.7516],[26.0375,62.7964],[26.0666,62.8192],[26.1032,62.8264],[26.2032,62.7808],[26.3021,62.7289],[26.3707,62.7255],[26.3641,62.7676],[26.2197,62.8541],[26.0771,62.9297],[26.0141,62.9719],[26.0152,62.991],[26.079,62.9814],[26.0836,62.9935],[25.9909,63.0426],[25.9324,63.0822],[25.9034,63.1107],[25.8368,63.1298],[25.8217,63.1035],[25.792,63.0915],[25.6812,63.1375],[25.6215,63.182],[25.6229,63.2158],[25.5888,63.2106],[25.5054,63.1454],[25.4403,63.1283],[25.4485,63.0979],[25.4442,63.052],[25.3839,63.0276],[25.3679,63.0068],[25.4363,62.9745],[25.4954,62.9573],[25.5221,62.9661],[25.541,63.0301],[25.6175,63.0707],[25.7374,63.0456],[25.8323,63.0135],[25.8703,62.9868],[25.9341,62.9126],[25.8658,62.8749],[25.8566,62.825],[25.8184,62.7941],[25.8312,62.783],[25.8877,62.7561],[25.8937,62.7196],[25.8271,62.725],[25.7949,62.7047],[25.7811,62.6515],[25.6322,62.6274],[25.6438,62.5891],[25.6896,62.5428],[25.7632,62.5342],[25.8148,62.4913],[25.825,62.4483],[25.8405,62.433],[25.8646,62.4429],[25.8971,62.4408],[25.9225,62.3854],[25.9071,62.33],[25.8812,62.2917],[25.824,62.252],[25.7607,62.2346],[25.7353,62.2192],[25.7164,62.1942],[25.7129,62.1617],[25.6679,62.1356],[25.5495,62.1427],[25.4721,62.1421],[25.4984,62.1112],[25.5855,62.1013],[25.6715,62.0588],[25.6245,62.0053],[25.5428,61.9892],[25.5062,61.9499],[25.5104,61.9307],[25.4234,61.9207],[25.3175,61.902],[25.3139,61.8778],[25.393,61.8717],[25.4436,61.8441],[25.3887,61.7935],[25.3062,61.7772],[25.2373,61.7962],[25.2093,61.7937],[25.228,61.7594],[25.3576,61.6972],[25.403,61.67],[25.4182,61.6259],[25.3981,61.5838],[25.3385,61.5804],[25.2699,61.5683],[25.2326,61.546],[25.1879,61.5318],[25.1938,61.4745],[25.2629,61.3882],[25.2546,61.3662],[25.2705,61.3522],[25.3025,61.3337],[25.3556,61.3146],[25.3936,61.2839],[25.406,61.2506],[25.4308,61.25],[25.4418,61.2725],[25.4654,61.2804],[25.4995,61.2289],[25.459,61.1562],[25.3975,61.1159],[25.3556,61.0756],[25.4054,61.0584],[25.454,61.0728],[25.4801,61.0877],[25.5182,61.0617],[25.5487,61.0266],[25.5918,61.0239],[25.6032,61.0548],[25.5639,61.0795],[25.5314,61.1149],[25.5826,61.1665],[25.6566,61.2059],[25.6453,61.235],[25.6215,61.2628],[25.6703,61.2727],[25.7875,61.2151],[25.871,61.1684],[25.9125,61.1835],[25.9608,61.1902],[26.0262,61.1697],[26.1018,61.1013],[26.0707,61.0039],[26.0253,60.9614],[26.0951,60.9638],[26.1501,61.003],[26.1753,61.0409],[26.1784,61.0592],[26.2162,61.0808],[26.2411,61.1017],[26.1843,61.1478],[26.197,61.1751],[26.1754,61.2181],[26.1479,61.2562],[26.1726,61.2711],[26.2119,61.2634],[26.2337,61.242],[26.2569,61.2473],[26.255,61.2845],[26.2379,61.3167],[26.2784,61.3603],[26.2751,61.3741],[26.1625,61.3104],[26.1057,61.2456],[26.1182,61.2105],[26.0815,61.1955],[26.0271,61.2119],[26.0125,61.2349],[25.9774,61.255],[25.7593,61.2785],[25.5803,61.3078],[25.5473,61.335],[25.557,61.3925],[25.5432,61.4229],[25.6066,61.4421],[25.6409,61.4668],[25.5732,61.4944],[25.5826,61.5406],[25.5857,61.5911],[25.63,61.6021],[25.7057,61.601],[25.682,61.6379],[25.6804,61.7119],[25.723,61.7785],[25.7215,61.8127],[25.6829,61.8018],[25.6217,61.7735],[25.5883,61.793],[25.6151,61.8416],[25.682,61.8689],[25.701,61.8852],[25.6515,61.9032],[25.6324,61.9162],[25.6408,61.9502],[25.7033,61.9642],[25.7742,61.9666],[25.7897,61.9923],[25.8579,62.0014],[25.8783,62.021],[25.821,62.0721],[25.8265,62.1482],[25.8763,62.2056],[25.8982,62.1995],[25.9227,62.1489],[25.9512,62.1446],[25.9459,62.2101],[25.9742,62.2536],[26.0023,62.2769],[25.9785,62.3111],[25.956,62.3555],[25.9921,62.3725],[26.0496,62.3476],[26.0895,62.295],[26.1282,62.2798],[26.1277,62.329],[26.1727,62.3583],[26.277,62.3399],[26.3123,62.3676],[26.2881,62.4066],[26.2543,62.4375],[26.2381,62.4813],[26.2388,62.522],[26.2734,62.551],[26.3828,62.5665],[26.5265,62.5389],[26.5577,62.49],[26.5103,62.4528],[26.5076,62.4245],[26.4654,62.427],[26.407,62.4183],[26.3843,62.3809],[26.3794,62.3459],[26.4199,62.3177],[26.4316,62.3292],[26.426,62.3659],[26.5001,62.3915],[26.5805,62.4121],[26.6294,62.4791],[26.6652,62.5509],[26.6623,62.5828],[26.6902,62.5955],[26.7242,62.5534],[26.7355,62.4944],[26.7783,62.4789],[26.909,62.4563],[26.9301,62.4819],[26.8863,62.4954],[26.851,62.4974],[26.8253,62.5264],[26.8187,62.5638],[26.8526,62.6056],[26.8957,62.624],[26.9837,62.6032],[26.9987,62.6134],[26.9521,62.6524],[26.9826,62.6864],[26.9158,62.7444],[26.8801,62.7959],[26.9571,62.7942],[27.0184,62.8001],[27.018,62.8319],[27.0843,62.833],[27.0923,62.8425],[26.9863,62.8577],[26.9499,62.8517],[26.9272,62.8587],[26.8887,62.8946],[26.8941,62.9168],[26.9299,62.9127],[26.9477,62.9156],[26.9312,62.9408],[26.9779,62.9984],[27.0335,63.0194],[26.9965,63.0308],[26.9167,63.0066],[26.765,62.9796],[26.7615,62.959],[26.7291,62.9571],[26.7133,62.929],[26.7434,62.8656],[26.7302,62.8359],[26.6802,62.846],[26.5897,62.9009],[26.5684,62.9],[26.5949,62.8718],[26.6707,62.8169],[26.6891,62.7872],[26.75,62.7424],[26.8219,62.6973],[26.8268,62.6586],[26.8132,62.6233],[26.7854,62.6087],[26.6904,62.6365],[26.5629,62.7063],[26.5023,62.75],[26.4466,62.7969],[26.3595,62.8536],[26.3576,62.8263],[26.3871,62.7893],[26.469,62.7038],[26.451,62.6332],[26.359,62.6333],[26.3423,62.6078],[26.2168,62.5722],[26.1781,62.5503],[26.185,62.4604],[26.1601,62.3883],[26.0838,62.4208],[26.0691,62.4536],[26.1029,62.4882],[26.0963,62.5188],[26.0562,62.521]],[[29.3453,62.1859],[29.3305,62.1658],[29.1979,62.1771],[29.1394,62.1692],[28.9758,62.1424],[28.8258,62.1341],[28.7863,62.1772],[28.8373,62.1854],[28.8522,62.2124],[28.8704,62.235],[28.8351,62.2675],[28.765,62.3484],[28.6926,62.3833],[28.6658,62.387],[28.6676,62.368],[28.699,62.3285],[28.6703,62.3059],[28.6299,62.2943],[28.6085,62.2789],[28.5658,62.2216],[28.506,62.2199],[28.4062,62.237],[28.3579,62.2697],[28.3237,62.2873],[28.2771,62.2761],[28.2765,62.2562],[28.1439,62.2525],[28.0673,62.2437],[27.97,62.2589],[27.9626,62.2979],[27.9911,62.3374],[28.042,62.3789],[28.0396,62.4089],[27.9154,62.4303],[27.8458,62.5236],[27.7581,62.5832],[27.8015,62.6274],[27.7551,62.6524],[27.7656,62.6795],[27.8493,62.7194],[27.9794,62.7321],[28.0567,62.6904],[28.1384,62.5381],[28.1057,62.476],[28.1026,62.4419],[28.1693,62.4337],[28.1909,62.4476],[28.2114,62.5078],[28.2743,62.5652],[28.34,62.5771],[28.3671,62.5871],[28.4242,62.5753],[28.4817,62.5552],[28.5554,62.5226],[28.5651,62.4986],[28.4965,62.5014],[28.5289,62.4741],[28.6593,62.42],[28.8098,62.3817],[28.898,62.3903],[28.799,62.4558],[28.6531,62.5272],[28.2644,62.6628],[28.2683,62.6892],[28.2389,62.706],[28.2113,62.73],[28.1807,62.7718],[28.1494,62.8037],[28.1439,62.8252],[28.1868,62.8574],[28.1545,62.933],[28.1922,62.9635],[28.2623,62.9836],[28.3084,63.0029],[28.3497,63.0258],[28.352,63.0397],[28.2792,63.0314],[28.1064,63.0089],[28.0056,63.0403],[27.8882,63.0189],[27.8511,63.0321],[27.8484,63.0707],[27.8098,63.0923],[27.7674,63.0999],[27.736,63.0585],[27.774,62.9957],[27.7697,62.9456],[27.7228,62.9543],[27.6766,62.9794],[27.6053,63.0146],[27.5588,63.0012],[27.4396,63.0234],[27.3585,63.0679],[27.2639,63.1457],[27.3373,63.2133],[27.347,63.2794],[27.3628,63.3158],[27.3382,63.346],[27.297,63.3557],[27.2502,63.3762],[27.2105,63.4167],[27.2344,63.4271],[27.2338,63.4565],[27.183,63.5179],[27.1128,63.5463],[26.8986,63.584],[26.8994,63.566],[26.9589,63.5243],[27.0203,63.501],[27.0382,63.5166],[27.068,63.5232],[27.1348,63.4961],[27.1748,63.4385],[27.1902,63.3875],[27.2393,63.332],[27.2465,63.3084],[27.2135,63.3091],[27.1932,63.2893],[27.1966,63.2292],[27.1932,63.1694],[27.2068,63.1216],[27.1948,63.0993],[27.1761,63.0836],[27.3301,63.0013],[27.3912,62.9405],[27.4146,62.9016],[27.4941,62.8631],[27.5599,62.8507],[27.5637,62.8773],[27.5875,62.8997],[27.6215,62.916],[27.652,62.9247],[27.6838,62.9116],[27.6668,62.8738],[27.6495,62.816],[27.6662,62.7595],[27.6483,62.735],[27.6186,62.7098],[27.608,62.6008],[27.669,62.5285],[27.6699,62.5128],[27.6467,62.4984],[27.6,62.4941],[27.398,62.5757],[27.3728,62.5624],[27.3521,62.5436],[27.3395,62.5191],[27.2954,62.518],[27.1911,62.5718],[27.1589,62.5773],[27.1777,62.5534],[27.2358,62.5072],[27.2972,62.4768],[27.3666,62.4823],[27.4194,62.4961],[27.4591,62.4794],[27.4895,62.4431],[27.547,62.412],[27.5969,62.4178],[27.6789,62.412],[27.7554,62.4286],[27.7996,62.4294],[27.844,62.3756],[27.8521,62.354],[27.8766,62.3292],[27.8849,62.3061],[27.9024,62.2445],[27.8992,62.1572],[27.9257,62.1333],[28.0319,62.1083],[28.0862,62.1004],[28.1682,62.0961],[28.2967,62.0968],[28.4028,62.0691],[28.4269,62.0524],[28.5792,61.9928],[28.697,61.9207],[28.7371,61.891],[28.8384,61.8635],[28.8397,61.8463],[28.8067,61.8278],[28.6722,61.8256],[28.5391,61.8409],[28.4421,61.7679],[28.3687,61.7508],[28.3394,61.7493],[28.3056,61.7555],[28.2617,61.7445],[28.2479,61.7156],[28.2344,61.6213],[28.1846,61.5439],[28.1473,61.5507],[28.1289,61.549],[28.1039,61.5224],[28.0538,61.5105],[27.9996,61.5493],[27.946,61.6014],[27.921,61.6269],[27.9178,61.657],[27.8658,61.6964],[27.8163,61.7279],[27.6264,61.801],[27.6048,61.7808],[27.6226,61.7642],[27.7051,61.7307],[27.773,61.6853],[27.7575,61.6562],[27.6781,61.6364],[27.6646,61.6068],[27.5932,61.5813],[27.515,61.5771],[27.4987,61.6],[27.488,61.6182],[27.4709,61.5994],[27.4725,61.5499],[27.4764,61.5388],[27.4592,61.5235],[27.359,61.5306],[27.3392,61.5967],[27.3274,61.6318],[27.3292,61.6926],[27.2763,61.6529],[27.2961,61.557],[27.2978,61.4836],[27.2737,61.4681],[27.3006,61.4333],[27.2646,61.3787],[27.2703,61.3243],[27.3028,61.3294],[27.368,61.326],[27.4354,61.2955],[27.4324,61.2701],[27.4062,61.2595],[27.5193,61.2296],[27.6253,61.2139],[27.6775,61.2323],[27.8619,61.2523],[28.0725,61.2332],[28.1737,61.1881],[28.1974,61.1634],[28.1724,61.1529],[28.0824,61.1785],[27.9655,61.188],[27.8816,61.1572],[27.8919,61.1141],[27.9187,61.0803],[27.9468,61.0677],[27.9875,61.0797],[28.2916,61.08],[28.3588,61.0934],[28.61,61.1616],[28.7879,61.2042],[28.867,61.2473],[28.8204,61.2973],[28.7142,61.3518],[28.6626,61.3678],[28.6408,61.3516],[28.477,61.3321],[28.3596,61.3313],[28.3451,61.3494],[28.4062,61.37],[28.4637,61.3993],[28.568,61.4412],[28.5822,61.473],[28.6455,61.4762],[28.6929,61.4839],[28.6795,61.5244],[28.6799,61.5581],[28.7225,61.5807],[28.7896,61.5899],[28.7604,61.6099],[28.6084,61.6174],[28.6291,61.6416],[28.7302,61.6712],[28.941,61.6258],[29.0984,61.5784],[29.1151,61.6002],[29.2657,61.6148],[29.2899,61.6487],[29.4262,61.7344],[29.4768,61.7421],[29.5311,61.7782],[29.6099,61.8021],[29.6601,61.8261],[29.6943,61.8343],[29.7271,61.8479],[29.7326,61.8741],[29.777,61.8894],[29.7754,61.9064],[29.7565,61.9495],[29.6854,62.0037],[29.6381,62.0045],[29.6148,61.9831],[29.5524,62.0028],[29.4922,62.0458],[29.4697,62.08],[29.4921,62.0889],[29.5178,62.1231],[29.6066,62.1448],[29.6876,62.138],[29.7083,62.1511],[29.9111,62.1152],[29.9815,62.1328],[29.9604,62.1638],[29.8737,62.1851],[29.7907,62.1995],[29.7274,62.1993],[29.6479,62.2234],[29.599,62.2698],[29.6202,62.2943],[29.6406,62.3099],[29.6876,62.3159],[29.7685,62.313],[29.7926,62.3348],[29.8019,62.3618],[29.835,62.3887],[29.9262,62.4336],[29.8854,62.4627],[29.825,62.5181],[29.7757,62.5773],[29.6973,62.6093],[29.6327,62.5972],[29.6163,62.5594],[29.5929,62.5268],[29.5889,62.5003],[29.6117,62.4618],[29.6503,62.4274],[29.6265,62.4185],[29.5089,62.467],[29.4216,62.5226],[29.3639,62.5304],[29.3518,62.5706],[29.3346,62.6003],[29.2792,62.5987],[29.2613,62.5508],[29.3,62.4758],[29.2967,62.4263],[29.2646,62.3936],[29.278,62.3489],[29.2984,62.3127],[29.2984,62.2748],[29.319,62.2424],[29.3527,62.2186],[29.3453,62.1859]],[[29.1875,62.6838],[29.2186,62.6501],[29.3386,62.6583],[29.4541,62.641],[29.5221,62.7059],[29.4648,62.7344],[29.3896,62.7212],[29.345,62.7454],[29.293,62.8047],[29.2193,62.7725],[29.2295,62.7053],[29.1875,62.6838]],[[29.8119,62.7319],[29.8225,62.7947],[29.7474,62.8757],[29.5948,62.9815],[29.522,63.0514],[29.4937,63.0293],[29.5367,62.9761],[29.583,62.8884],[29.5623,62.8336],[29.5212,62.8331],[29.4723,62.8694],[29.4401,62.8936],[29.4216,62.8832],[29.458,62.8326],[29.5405,62.7737],[29.6234,62.7401],[29.6664,62.682],[29.7415,62.6971],[29.8119,62.7319]],[[36.776,62.2388],[36.8271,62.2229],[36.8674,62.1981],[36.8983,62.1793],[36.983,62.2112],[37.0255,62.2617],[37.0116,62.2955],[37.0349,62.3684],[37.0153,62.4279],[36.9087,62.4663],[36.8471,62.4589],[36.813,62.4303],[36.8021,62.3639],[36.7843,62.2913],[36.768,62.2604],[36.776,62.2388]],[[33.2574,63.4234],[33.2829,63.3817],[33.2738,63.3414],[33.2738,63.3164],[33.3068,63.2837],[33.4992,63.2163],[33.5722,63.2027],[33.7033,63.1902],[33.8969,63.1886],[34.0171,63.2007],[34.066,63.2288],[33.9912,63.2968],[33.9328,63.4181],[33.8471,63.4385],[33.6969,63.4093],[33.6566,63.4332],[33.6371,63.4763],[33.5862,63.4874],[33.4414,63.4438],[33.3553,63.424],[33.2574,63.4234]],[[35.0494,63.3989],[35.0994,63.3831],[35.1724,63.3805],[35.1928,63.404],[35.3817,63.4341],[35.4132,63.4479],[35.3736,63.4923],[35.2492,63.4917],[35.1446,63.4823],[35.0128,63.5056],[34.9525,63.5402],[34.9841,63.5641],[34.9896,63.5851],[34.8614,63.6882],[34.8567,63.7208],[34.6158,63.7662],[34.644,63.7892],[34.5626,63.8164],[34.4284,63.8482],[34.3473,63.8512],[34.2844,63.777],[34.2144,63.676],[34.2154,63.613],[34.2664,63.6562],[34.3078,63.6919],[34.3581,63.6967],[34.4533,63.6234],[34.5254,63.5024],[34.5168,63.4839],[34.5521,63.459],[34.702,63.3988],[34.804,63.3256],[34.8354,63.2764],[34.8529,63.2252],[34.8585,63.1723],[34.8907,63.1065],[34.8986,63.0547],[34.8734,63.0403],[34.864,63.0104],[34.8675,62.9761],[34.861,62.9412],[34.8631,62.919],[34.9104,62.9508],[34.9459,63.0333],[34.9573,63.119],[34.953,63.1811],[34.8851,63.2939],[34.8288,63.4337],[34.8716,63.4638],[34.9769,63.4291],[35.0494,63.3989]],[[30.999,63.6677],[31.0677,63.64],[31.1286,63.613],[31.1438,63.6292],[31.122,63.6543],[31.1139,63.681],[31.1343,63.6978],[31.1379,63.709],[31.121,63.7334],[31.0877,63.7544],[31.0803,63.7801],[31.0998,63.7902],[31.1404,63.7826],[31.1695,63.7712],[31.191,63.775],[31.1994,63.7862],[31.1668,63.8148],[31.0228,63.8358],[30.8957,63.8679],[30.8816,63.8865],[30.8728,63.9028],[30.8325,63.9176],[30.7971,63.9223],[30.795,63.879],[30.7685,63.8336],[30.7271,63.8253],[30.7488,63.8046],[30.8827,63.7897],[30.9163,63.7673],[30.9191,63.7379],[30.9121,63.7081],[30.9491,63.6828],[30.999,63.6677]],[[30.5389,62.8198],[30.4808,62.7877],[30.502,62.7791],[30.6345,62.7747],[30.659,62.7669],[30.6675,62.7838],[30.659,62.808],[30.6895,62.8474],[30.742,62.8641],[30.8468,62.9544],[30.8309,63.0267],[30.7549,63.0498],[30.7035,63.0124],[30.6765,62.9734],[30.6146,62.9657],[30.5869,62.9371],[30.604,62.8763],[30.5389,62.8198]],[[29.9658,63.2646],[30.0037,63.2707],[29.9937,63.2927],[29.9151,63.3151],[29.8308,63.2912],[29.7843,63.2943],[29.722,63.3154],[29.5273,63.3767],[29.3719,63.4401],[29.3093,63.4606],[29.1867,63.5143],[29.092,63.5734],[29.0773,63.5639],[29.0715,63.5083],[29.0425,63.4746],[29.1231,63.4068],[29.2375,63.3234],[29.2985,63.2557],[29.393,63.1826],[29.528,63.1789],[29.5937,63.1575],[29.8141,63.1452],[29.8542,63.0873],[30.0331,62.9594],[30.0646,62.9436],[30.1368,62.9288],[30.216,62.8685],[30.1553,62.7896],[30.0902,62.7292],[30.1426,62.7217],[30.2286,62.8044],[30.3167,62.809],[30.3298,62.8292],[30.1385,62.9735],[29.9944,63.1397],[29.9588,63.2267],[29.9658,63.2646]],[[26.4682,63.0239],[26.4615,63.0149],[26.5375,62.9814],[26.6292,62.9519],[26.6498,62.9611],[26.6483,62.9823],[26.6028,63.035],[26.5917,63.089],[26.6297,63.1136],[26.6438,63.1382],[26.6629,63.1638],[26.7138,63.1912],[26.7414,63.2268],[26.7329,63.2569],[26.6915,63.2778],[26.6492,63.2932],[26.685,63.3035],[26.717,63.3143],[26.6975,63.3217],[26.6229,63.3207],[26.5242,63.3405],[26.4594,63.3645],[26.4233,63.3543],[26.4196,63.3295],[26.449,63.3025],[26.5111,63.2762],[26.586,63.2343],[26.5648,63.1958],[26.4906,63.1698],[26.4289,63.1639],[26.3601,63.1865],[26.3043,63.2263],[26.2569,63.2604],[26.2316,63.2643],[26.2349,63.2476],[26.2719,63.2162],[26.353,63.1684],[26.4268,63.1234],[26.4536,63.0945],[26.4621,63.0651],[26.4693,63.0393],[26.4682,63.0239]],[[27.727,64.3967],[27.5782,64.3805],[27.4691,64.3391],[27.3654,64.3304],[27.2616,64.3693],[27.2173,64.4139],[27.2137,64.4967],[27.1118,64.5233],[26.8661,64.53],[26.8268,64.5054],[26.8139,64.4695],[26.8309,64.4404],[26.8146,64.415],[26.7799,64.3912],[26.793,64.3616],[26.9207,64.2778],[26.9425,64.2385],[27.0732,64.2009],[27.2001,64.1579],[27.2585,64.1204],[27.2875,64.1307],[27.2822,64.1734],[27.3229,64.2092],[27.4207,64.2298],[27.4812,64.2505],[27.5064,64.2696],[27.5624,64.2745],[27.6526,64.2248],[27.9289,64.1448],[28.0095,64.1281],[28.0733,64.1212],[28.1645,64.1207],[28.1879,64.1312],[28.1857,64.1423],[28.1572,64.1597],[28.0576,64.1777],[27.9401,64.2049],[27.8592,64.2328],[27.7646,64.2447],[27.7378,64.2817],[27.8006,64.3041],[27.8825,64.3085],[27.9297,64.3067],[27.9131,64.3333],[27.925,64.3813],[27.727,64.3967]],[[31.3697,64.5005],[31.3457,64.4653],[31.5453,64.4352],[31.8732,64.416],[32.0021,64.405],[32.0439,64.4597],[32.0146,64.4947],[31.898,64.5147],[31.8211,64.5529],[31.7646,64.5575],[31.7834,64.5242],[31.79,64.4954],[31.7427,64.4773],[31.6477,64.4748],[31.5942,64.4766],[31.4728,64.4817],[31.3697,64.5005]],[[31.8291,64.9598],[31.6607,65.0316],[31.6281,65.0648],[31.6156,65.1117],[31.5765,65.1374],[31.3456,65.1812],[30.9743,65.1828],[30.9299,65.1572],[30.9029,65.1218],[30.8035,65.1046],[30.6459,65.0738],[30.4669,65.124],[30.3975,65.1587],[30.3619,65.1489],[30.4037,65.1125],[30.5331,65.0635],[30.7091,65.0209],[30.7209,64.9947],[30.6059,64.9772],[30.5557,64.9496],[30.5404,64.9315],[30.6611,64.9396],[30.7427,64.9436],[30.8139,64.9823],[30.8395,65.0431],[30.9061,65.074],[30.9855,65.0824],[31.0193,65.0922],[31.1295,65.0777],[31.1809,65.0781],[31.1914,65.102],[31.2456,65.1166],[31.3733,65.1157],[31.4818,65.0962],[31.5102,65.0666],[31.5097,65.0397],[31.5454,65.0025],[31.6639,64.9447],[31.7521,64.9346],[31.9055,64.8798],[31.9546,64.8637],[31.9421,64.8969],[31.8291,64.9598]],[[32.6642,65.4774],[32.5174,65.5323],[32.4252,65.5418],[32.3771,65.5774],[32.3635,65.6286],[32.36,65.667],[32.3285,65.7005],[32.2045,65.7636],[32.1395,65.7839],[32.1185,65.8335],[32.0515,65.8759],[31.9833,65.8896],[31.693,65.8563],[31.5074,65.7955],[31.5736,65.7349],[31.7334,65.6701],[31.8451,65.6437],[31.8948,65.6361],[31.9427,65.6215],[31.9457,65.5987],[31.9963,65.5686],[32.109,65.546],[32.2735,65.5057],[32.4813,65.4691],[32.6348,65.4182],[32.6682,65.3887],[32.7063,65.3884],[32.7123,65.416],[32.6875,65.452],[32.6642,65.4774]],[[32.9312,65.9572],[32.9104,65.9748],[32.8705,65.9833],[32.8631,65.9976],[32.8912,66.0231],[32.8979,66.043],[32.8356,66.0436],[32.8111,66.0331],[32.7965,66.0072],[32.7506,65.9745],[32.7452,65.9478],[32.7949,65.9292],[32.8376,65.9125],[32.8487,65.8935],[32.8421,65.8765],[32.7781,65.8581],[32.7036,65.8305],[32.7344,65.8054],[32.7359,65.7868],[32.7428,65.7693],[32.7995,65.7625],[32.9459,65.7939],[33.0721,65.8327],[33.0756,65.852],[33.0811,65.8794],[33.0865,65.9094],[33.0551,65.9299],[32.9744,65.9396],[32.9312,65.9572]],[[158.9338,70.0923],[158.9247,70.1188],[158.8543,70.122],[158.7094,70.1382],[158.6098,70.1375],[158.5576,70.1241],[158.5459,70.099],[158.5728,70.0659],[158.6424,70.029],[158.7518,69.9941],[158.7924,69.9898],[158.8193,69.9998],[158.8451,70.0361],[158.883,70.073],[158.9131,70.084],[158.9338,70.0923]],[[141.9603,72.4842],[142.0572,72.5177],[142.153,72.5486],[142.1938,72.5621],[142.1274,72.5946],[141.9649,72.6083],[141.7939,72.5929],[141.6222,72.5792],[141.5859,72.5696],[141.6073,72.5412],[141.6227,72.521],[141.6372,72.5],[141.6392,72.4759],[141.6896,72.4645],[141.8288,72.4663],[141.9603,72.4842]],[[101.9855,74.4132],[102.0409,74.502],[102.4642,74.5155],[102.8334,74.5399],[103.2039,74.568],[103.5686,74.5926],[103.7415,74.6326],[103.8429,74.6292],[103.92,74.6327],[103.9986,74.6513],[104.5081,74.7398],[104.9729,74.7725],[105.2324,74.7845],[105.3331,74.8144],[105.3065,74.8549],[104.8644,74.9146],[104.6278,75.0118],[104.4672,75.093],[104.2638,75.1212],[104.1459,75.1125],[104.1294,75.0882],[104.1171,75.0551],[104.0469,75.0208],[103.9907,75.0092],[103.9122,74.9854],[103.8776,74.9275],[104.0275,74.885],[104.2094,74.8588],[104.234,74.8144],[104.0324,74.7953],[103.7617,74.7625],[103.4932,74.7104],[103.2531,74.676],[102.484,74.6413],[101.8062,74.6411],[101.0589,74.6807],[100.8408,74.7205],[100.7066,74.7574],[100.5727,74.8226],[100.5338,74.8733],[100.5438,74.932],[100.6155,74.9823],[100.6119,75.0362],[100.5373,75.0725],[100.4352,75.0872],[100.3011,75.1266],[100.1924,75.1502],[100.1091,75.1601],[100.0335,75.1478],[100.027,75.1255],[100.0419,75.1029],[100.2854,75.0786],[100.4634,75.0066],[100.419,74.9475],[100.2662,74.936],[100.1324,74.8955],[100.0974,74.8609],[100.3184,74.8004],[100.4342,74.7218],[100.5008,74.6307],[100.4947,74.5772],[100.3514,74.5287],[100.2319,74.4821],[100.1715,74.4399],[99.9719,74.4089],[99.8304,74.4073],[99.6074,74.4195],[99.5072,74.4004],[99.5852,74.3601],[99.7096,74.3397],[99.9566,74.331],[100.0792,74.3427],[100.2176,74.3465],[100.4118,74.3369],[100.5004,74.308],[100.6071,74.2959],[100.7678,74.2915],[100.8999,74.256],[100.968,74.1956],[101.0622,74.0951],[101.104,73.9922],[101.0259,73.9365],[100.949,73.8938],[101.0227,73.8604],[101.1252,73.849],[101.3766,73.8436],[101.4348,73.8381],[101.5326,73.8413],[101.5525,73.878],[101.5289,73.9531],[101.4391,74.0429],[101.2771,74.143],[101.1562,74.2458],[101.0997,74.3301],[101.1028,74.387],[100.9813,74.4124],[100.8823,74.425],[100.8559,74.4634],[101.0492,74.4843],[101.2131,74.491],[101.3656,74.4789],[101.3313,74.4387],[101.3129,74.404],[101.4265,74.3559],[101.6914,74.2897],[101.8476,74.2583],[101.9788,74.2361],[102.0589,74.231],[102.1612,74.2326],[102.1896,74.2401],[102.0732,74.3223],[101.9855,74.4132]],[[17.5769,66.0045],[17.5912,66.0139],[17.6367,66.0116],[17.72,65.9788],[17.7362,65.9487],[17.7036,65.931],[17.6907,65.9049],[17.6928,65.8752],[17.7404,65.8574],[17.8149,65.8659],[17.8822,65.8896],[17.9262,65.8801],[17.9555,65.864],[17.9673,65.8523],[18.0357,65.7737],[18.071,65.7148],[18.0828,65.6486],[18.0933,65.6289],[18.1314,65.616],[18.1609,65.6212],[18.1511,65.644],[18.1731,65.6635],[18.2553,65.6768],[18.3781,65.6475],[18.5086,65.6595],[18.4242,65.7001],[18.3808,65.73],[18.3699,65.7521],[18.286,65.7762],[18.1396,65.7777],[18.0309,65.8572],[18.0009,65.882],[17.9643,65.9123],[17.9481,65.9342],[17.9492,65.9587],[17.9452,65.9974],[17.9643,66.0483],[18.0095,66.0511],[17.968,66.1062],[17.8353,66.1551],[17.7766,66.1875],[17.676,66.2008],[17.6207,66.1934],[17.6149,66.168],[17.7232,66.1152],[17.7331,66.0834],[17.6723,66.0673],[17.5953,66.0848],[17.5474,66.1083],[17.4713,66.1126],[17.3951,66.1004],[17.3461,66.0801],[17.36,66.0466],[17.4008,66.0512],[17.4597,66.0662],[17.5168,66.0496],[17.5465,66.0115],[17.5769,66.0045]],[[28.0467,66.0897],[28.049,66.0659],[28.0428,66.0485],[28.0698,66.0344],[28.3644,66.0337],[28.5229,66.049],[28.6258,66.063],[28.7009,66.1059],[28.7912,66.1615],[28.9407,66.22],[29.0071,66.2426],[29.0298,66.2704],[29.0529,66.2836],[29.0893,66.2988],[29.0303,66.3104],[28.9494,66.3058],[28.8687,66.3113],[28.8074,66.3352],[28.7547,66.3383],[28.7271,66.3309],[28.7799,66.3003],[28.8354,66.2624],[28.8359,66.2423],[28.8331,66.2331],[28.7025,66.212],[28.5611,66.1859],[28.54,66.1667],[28.506,66.1365],[28.4326,66.1247],[28.3197,66.0997],[28.1766,66.0718],[28.1377,66.0743],[28.1284,66.0973],[28.1185,66.1252],[28.086,66.145],[28.0301,66.1621],[27.94,66.1721],[27.8856,66.1681],[27.9516,66.1437],[28.0246,66.119],[28.0338,66.1075],[28.0467,66.0897]],[[17.1543,67.7355],[17.2202,67.6868],[17.2457,67.6737],[17.3395,67.6541],[17.4752,67.6444],[17.5753,67.6202],[17.6316,67.6122],[17.8383,67.586],[18.184,67.478],[18.4279,67.4191],[18.3958,67.462],[18.2031,67.5329],[18.116,67.5609],[17.4353,67.714],[17.3025,67.7531],[17.1308,67.7925],[17.1543,67.7355]],[[30.7224,66.1863],[30.7036,66.1348],[30.6515,66.0518],[30.9503,65.9645],[31.1551,65.9142],[31.2946,65.905],[31.3349,65.9183],[31.2766,65.9553],[31.2397,66.0044],[31.2111,66.0595],[31.1697,66.1066],[31.1744,66.1378],[31.1033,66.2454],[31.0332,66.2696],[30.8986,66.2629],[30.7887,66.2299],[30.7224,66.1863]],[[31.7654,66.8584],[31.7637,66.8377],[31.7078,66.8231],[31.6211,66.8224],[31.6086,66.8133],[31.5756,66.799],[31.5542,66.7831],[31.5613,66.7688],[31.5768,66.758],[31.7355,66.7502],[31.901,66.7407],[31.9632,66.7003],[32.0275,66.6341],[32.1194,66.5639],[32.1346,66.5383],[32.1072,66.5195],[31.9827,66.4991],[31.9783,66.4903],[31.9914,66.4715],[32.1201,66.4706],[32.2239,66.4535],[32.3549,66.4253],[32.39,66.4375],[32.3975,66.4452],[32.3809,66.4537],[32.3658,66.458],[32.3246,66.4659],[32.304,66.4809],[32.3,66.4862],[32.3153,66.5019],[32.306,66.5251],[32.2416,66.5659],[32.2202,66.6014],[32.2551,66.6242],[32.3109,66.6518],[32.339,66.6741],[32.3285,66.6899],[32.3102,66.7064],[32.249,66.7308],[32.1965,66.745],[32.1797,66.7615],[32.2029,66.7794],[32.2387,66.8156],[32.2178,66.8352],[32.087,66.8449],[31.9481,66.8405],[31.8605,66.8857],[31.7457,66.9121],[31.6803,66.8848],[31.7011,66.8725],[31.7654,66.8584]],[[32.2159,67.5392],[32.0706,67.5435],[31.9443,67.5442],[31.8986,67.5123],[32.1246,67.4345],[32.246,67.4147],[32.342,67.4425],[32.4057,67.4573],[32.3417,67.4872],[32.2159,67.5392]],[[34.2162,67.8821],[34.1936,67.8709],[34.218,67.8364],[34.2479,67.7934],[34.2367,67.7714],[34.2545,67.7498],[34.3011,67.7241],[34.3187,67.701],[34.3146,67.6551],[34.3128,67.6001],[34.317,67.5716],[34.3184,67.5449],[34.4086,67.5431],[34.5342,67.5523],[34.5823,67.5928],[34.5514,67.6445],[34.449,67.7336],[34.3633,67.8045],[34.3349,67.8581],[34.2802,67.887],[34.2162,67.8821]],[[27.2424,68.9465],[27.1617,68.923],[27.1721,68.9057],[27.2707,68.891],[27.3276,68.8837],[27.4166,68.8407],[27.4279,68.8022],[27.3591,68.7715],[27.2598,68.7365],[27.2823,68.7148],[27.3664,68.7512],[27.434,68.7595],[27.4642,68.7609],[27.566,68.7486],[27.6548,68.7315],[27.6995,68.7592],[27.7791,68.792],[27.836,68.7818],[27.84,68.7494],[27.8698,68.7424],[27.9924,68.788],[27.9781,68.8164],[27.9187,68.8284],[27.8908,68.861],[27.9895,68.8798],[28.0785,68.8762],[28.2949,68.852],[28.3358,68.8571],[28.3562,68.8725],[28.3291,68.8931],[28.2637,68.9221],[28.0924,68.9807],[28.091,69.0074],[28.2506,69.0638],[28.4004,69.0824],[28.442,69.116],[28.4477,69.1527],[28.54,69.1924],[28.5664,69.2216],[28.5323,69.257],[28.5542,69.2987],[28.6959,69.3632],[28.7486,69.3939],[28.7604,69.4191],[28.6771,69.3949],[28.6315,69.3644],[28.5303,69.3361],[28.4471,69.326],[28.3445,69.3229],[28.3226,69.3053],[28.3094,69.2844],[28.2324,69.2487],[28.1385,69.2373],[28.1146,69.2714],[28.101,69.2993],[28.0314,69.288],[27.9908,69.2538],[28.0106,69.2273],[28.049,69.2031],[28.0836,69.1899],[28.0881,69.1619],[27.9836,69.162],[27.9406,69.1784],[27.7453,69.1291],[27.5602,69.0623],[27.5261,69.0313],[27.4845,69.0042],[27.2424,68.9465]],[[46.1967,36.3887],[45.5992,36.6655],[44.272,37.848],[43.2405,38.2883],[42.9134,38.3009],[42.8191,38.4204],[42.5989,38.4204],[42.2404,38.4518],[41.9761,37.6841],[42.0054,37.6808],[42.9419,36.4889],[43.2945,35.6686],[45.2406,35.4673],[45.6154,35.1628],[45.9263,35.3383],[46.5364,35.8478],[46.1967,36.3887]],[[48.0547,31.8989],[48.7808,31.9502],[49.2528,32.1041],[48.7203,32.6865],[47.5223,33.4976],[46.7357,33.7696],[46.3727,33.4976],[47.014,32.7782],[47.6433,32.5642],[47.9216,32.1349],[48.0547,31.8989]],[[11.7527,61.9288],[11.7968,61.9393],[11.7779,62.0524],[11.7423,62.0084],[11.7527,61.9288]],[[11.9267,61.9309],[11.9021,62.0261],[11.8851,62.0886],[11.9001,62.1436],[11.9289,62.2051],[11.95,62.3097],[11.9665,62.4066],[11.9225,62.4213],[11.8922,62.3996],[11.8933,62.2999],[11.8455,62.2119],[11.7661,62.1535],[11.736,62.1384],[11.7213,62.1027],[11.8429,62.0461],[11.8827,61.9309],[11.9267,61.9309]],[[14.4737,62.8871],[14.4688,62.9524],[14.4437,63.0278],[14.4222,63.0897],[14.4273,63.1266],[14.4549,63.1533],[14.5044,63.1648],[14.5691,63.1624],[14.6715,63.1392],[14.6118,63.205],[14.5102,63.2652],[14.4457,63.2636],[14.3937,63.2616],[14.2198,63.3046],[14.0635,63.3252],[14.0259,63.3188],[14.054,63.2958],[14.0845,63.2587],[14.0825,63.242],[14.0613,63.2357],[14.0047,63.2592],[13.9719,63.2627],[13.9812,63.2459],[14.057,63.1941],[14.1138,63.1785],[14.2075,63.1521],[14.3572,63.0871],[14.3984,63.0278],[14.4298,62.9799],[14.413,62.9541],[14.3896,62.9535],[14.3682,62.9563],[14.341,62.953],[14.3453,62.9251],[14.3898,62.8745],[14.427,62.8262],[14.4444,62.8273],[14.4605,62.8362],[14.4737,62.8871]],[[12.9299,63.6857],[12.8993,63.6524],[12.9362,63.6001],[13.0101,63.5442],[13.1131,63.4972],[13.1794,63.471],[13.2426,63.4515],[13.3349,63.4272],[13.3582,63.4506],[13.213,63.4862],[13.1191,63.5543],[13.0972,63.6078],[13.0854,63.6503],[13.1098,63.6708],[13.1601,63.6896],[13.2764,63.6864],[13.2995,63.6954],[13.2734,63.7108],[13.2092,63.7244],[13.1165,63.7256],[13.0124,63.712],[12.9299,63.6857]]]]}},{"type":"Feature","properties":{"NAME":"Narva","ABBREVN":"Narva","type":null,"weblnks":null,"SUBJECTO":"Narva","BORDERPRECISION":1,"PARTOF":"Narva"},"geometry":{"type":"MultiPolygon","coordinates":[[[[21.1347,55.6292],[21.1281,55.575],[21.1147,55.4927],[21.0915,55.5268],[21.0925,55.5311],[21.0944,55.5489],[21.0958,55.5942],[21.0964,55.6653],[21.0953,55.6783],[21.0925,55.7033],[21.0883,55.718],[21.09,55.72],[21.0972,55.7147],[21.1094,55.7036],[21.115,55.6975],[21.1225,55.6883],[21.1278,55.6778],[21.1347,55.6292]]],[[[30.5064,59.6994],[30.1735,58.273],[30.0756,57.9517],[29.6235,56.4691],[29.5091,55.6693],[29.3943,54.8665],[28.1566,53.8245],[26.7356,53.7974],[25.4979,55.5465],[21.2193,55.1926],[21.2242,55.2],[21.2311,55.1994],[21.2603,55.2005],[21.2633,55.2025],[21.2661,55.2056],[21.2742,55.2242],[21.2744,55.2286],[21.2739,55.2328],[21.2639,55.249],[21.2686,55.2606],[21.2662,55.2757],[21.2714,55.2793],[21.2886,55.2833],[21.2897,55.2875],[21.2892,55.2917],[21.2767,55.3228],[21.254,55.3346],[21.256,55.3659],[21.2385,55.3668],[21.2308,55.3598],[21.212,55.3499],[21.1995,55.3683],[21.2418,55.4184],[21.2479,55.4371],[21.2472,55.4633],[21.2444,55.4705],[21.1975,55.575],[21.1453,55.6761],[21.1431,55.6792],[21.1164,55.7094],[21.11,55.715],[21.0975,55.7225],[21.0792,55.7305],[21.0761,55.7333],[21.0739,55.7367],[21.0583,55.7817],[21.0447,55.8828],[21.0433,55.9042],[21.0431,55.9167],[21.0478,55.9278],[21.0578,55.9455],[21.0622,55.9569],[21.0667,55.9778],[21.0672,55.9914],[21.0606,56.05],[21.0578,56.0619],[21.0517,56.0773],[21.0464,56.1092],[21.0392,56.1275],[21.0258,56.1561],[21.0189,56.1658],[21.0064,56.1769],[21.0022,56.1792],[20.9889,56.19],[20.9753,56.23],[20.9719,56.2458],[20.9686,56.3636],[20.9955,56.5083],[20.9997,56.5106],[21.0164,56.5103],[21.0231,56.5094],[21.0286,56.508],[21.0317,56.505],[21.0444,56.4583],[21.0686,56.4355],[21.0578,56.5106],[21.0267,56.6142],[21.0397,56.6442],[21.0494,56.6719],[21.0561,56.6914],[21.0583,56.7043],[21.3244,56.8544],[21.3298,56.9685],[21.3561,56.9861],[21.3597,56.9886],[21.3917,57.0219],[21.3997,57.0314],[21.4094,57.0494],[21.4155,57.0694],[21.4158,57.0872],[21.415,57.1],[21.4114,57.1244],[21.4121,57.2209],[21.4596,57.2496],[21.5795,57.3726],[21.6773,57.4637],[21.8103,57.4754],[22.2854,57.565],[22.3599,57.5857],[22.433,57.6156],[22.5636,57.6156],[22.5854,57.5087],[22.8814,57.3341],[23.0709,57.2613],[23.1747,57.0485],[23.2154,56.9807],[23.4145,56.8924],[23.7678,56.8659],[24.1584,56.9755],[24.2663,57.0301],[24.3465,57.1597],[24.3413,57.1989],[24.3661,57.2136],[24.3736,57.2189],[24.3869,57.23],[24.4008,57.2458],[24.4075,57.2567],[24.4131,57.2728],[24.4133,57.2817],[24.4106,57.3464],[24.4078,57.3622],[24.3622,57.5808],[24.3322,57.698],[24.3294,57.7008],[24.3078,57.725],[24.3036,57.7317],[24.2972,57.745],[24.2897,57.7925],[24.2896,57.7936],[24.3254,57.8375],[24.3456,57.8622],[24.4156,57.9479],[24.415,58.0319],[24.4261,58.0408],[24.4339,58.0461],[24.4567,58.0761],[24.47,58.1228],[24.4717,58.1319],[24.4711,58.1486],[24.4689,58.1561],[24.4618,58.1676],[24.4968,58.2132],[24.4668,58.2303],[24.4694,58.2392],[24.4728,58.2472],[24.4792,58.2533],[24.4869,58.2586],[24.4981,58.2617],[24.5267,58.2742],[24.5425,58.2844],[24.5553,58.2969],[24.56,58.3039],[24.5617,58.313],[24.5594,58.3205],[24.5556,58.3272],[24.5414,58.338],[24.5178,58.3531],[24.4589,58.3783],[24.4197,58.3867],[24.3906,58.3908],[24.3625,58.3919],[24.3483,58.3908],[24.3356,58.3886],[24.3261,58.3847],[24.3006,58.36],[24.2958,58.3528],[24.2931,58.3364],[24.2933,58.328],[24.2919,58.3189],[24.2872,58.3117],[24.2808,58.3055],[24.2461,58.2767],[24.238,58.2714],[24.1106,58.2322],[24.1006,58.2364],[24.0928,58.2414],[24.0567,58.2678],[24.0506,58.2736],[24.0108,58.2986],[23.9931,58.3078],[23.9733,58.3158],[23.9497,58.3225],[23.9378,58.3258],[23.8264,58.3547],[23.7817,58.3503],[23.7708,58.3469],[23.7286,58.3708],[23.6794,58.4253],[23.6905,58.6655],[23.5119,58.5809],[23.5002,58.5952],[23.4955,58.6942],[23.5233,58.7356],[23.5294,58.7417],[23.5389,58.7461],[23.5494,58.7439],[23.5694,58.7356],[23.5833,58.733],[23.6008,58.7325],[23.7256,58.7447],[23.8675,58.7664],[23.875,58.7686],[23.8572,58.7786],[23.8272,58.7911],[23.8053,58.7986],[23.7914,58.8008],[23.5917,58.788],[23.4831,58.81],[23.4203,58.9039],[23.4161,58.9105],[23.4156,58.9189],[23.4311,58.9394],[23.4455,58.9405],[23.4772,58.9375],[23.5075,58.9372],[23.5769,58.9472],[23.5883,58.9505],[23.6378,58.9705],[23.6356,58.978],[23.6283,59.0005],[23.6233,59.0155],[23.6172,59.0214],[23.5906,59.0353],[23.5722,59.0442],[23.5603,59.0475],[23.5647,59.0408],[23.5708,59.0353],[23.6014,59.0228],[23.6094,59.0178],[23.6119,59.0103],[23.6056,59.0042],[23.5564,58.9878],[23.5142,58.9811],[23.4664,58.9842],[23.4525,58.9864],[23.4361,58.9972],[23.4336,58.999],[23.457,59.0055],[23.4366,59.0616],[23.4408,59.0644],[23.4825,59.0894],[23.4763,59.1265],[23.5702,59.1381],[24.0321,59.1757],[24.0296,59.2354],[24.2819,59.2841],[24.3416,59.3689],[24.5376,59.3234],[24.5709,59.3743],[24.7138,59.3518],[24.7512,59.4485],[25.2483,59.3618],[25.4488,59.494],[25.49,59.42],[25.7211,59.4598],[26.3433,59.4466],[26.8619,59.3717],[26.999,59.3177],[27.2651,59.338],[27.702,59.2975],[27.8936,59.3461],[28.0159,59.4542],[28.0131,59.4582],[28.0068,59.4675],[28.0158,59.4786],[28.0219,59.483],[28.0394,59.5022],[28.0631,59.5367],[28.0694,59.5522],[28.07,59.5614],[28.0692,59.5789],[28.0667,59.5955],[28.0603,59.6103],[28.0347,59.6428],[28.0228,59.6547],[28.0207,59.6564],[28.0942,59.6647],[28.1631,59.5907],[28.2663,59.5622],[28.351,59.6021],[28.3091,59.6644],[28.3156,59.6677],[28.3594,59.6614],[28.3742,59.6611],[28.3853,59.6647],[28.3947,59.6692],[28.4022,59.6744],[28.4122,59.688],[28.4164,59.6953],[28.4211,59.7119],[28.4219,59.7222],[28.4444,59.7337],[28.6627,59.6443],[28.7959,59.6722],[28.922,59.8091],[28.9508,59.8175],[28.9622,59.8208],[28.9811,59.8297],[29.0244,59.8636],[29.0303,59.8697],[29.0347,59.8772],[29.0369,59.8845],[29.0761,59.9078],[29.4136,59.86],[29.7655,59.7362],[29.9632,59.7366],[30.1266,59.806],[30.0661,59.8686],[30.0681,59.8683],[30.0844,59.8669],[30.1556,59.8639],[30.18,59.8694],[30.1897,59.8739],[30.2136,59.8897],[30.2225,59.9042],[30.2467,59.9669],[30.2458,59.9753],[30.2392,59.9808],[30.2305,59.9858],[30.22,59.9897],[30.1786,59.9975],[30.1642,59.9997],[30.1586,60],[30.0767,60.0042],[30.0439,60.0069],[30.0301,60.0091],[29.9714,60.0181],[29.9589,60.0214],[29.9483,60.0253],[29.935,60.0367],[29.8928,60.0875],[29.8919,60.0958],[29.8964,60.1031],[29.9025,60.1092],[29.9053,60.1175],[29.9025,60.1247],[29.8978,60.1314],[29.8842,60.1428],[29.8756,60.1478],[29.8456,60.1603],[29.8242,60.1683],[29.7486,60.1869],[29.7217,60.1922],[29.6722,60.1961],[29.58,60.1986],[29.5605,60.1979],[29.5467,60.1975],[29.5186,60.1936],[29.4789,60.1864],[29.4667,60.1809],[29.4597,60.1778],[29.4533,60.1714],[29.4361,60.1636],[29.4097,60.1589],[29.3914,60.1592],[29.1706,60.1681],[29.1542,60.1692],[29.0464,60.1817],[29.0458,60.1818],[29.9786,60.4577],[30.5743,59.9901],[30.5064,59.6994]],[[27.8754,57.9204],[27.9109,57.8958],[27.9921,57.8681],[28.1018,57.86],[28.1692,57.9145],[28.1492,57.9747],[28.097,58.0444],[27.973,58.1326],[27.8651,58.1735],[27.7144,58.1643],[27.5918,58.1746],[27.5686,58.2148],[27.5613,58.2574],[27.5827,58.3064],[27.7479,58.4299],[27.7981,58.4468],[27.8205,58.4849],[27.8137,58.5713],[27.7484,58.9121],[27.683,58.9796],[27.5237,59.0069],[27.2981,58.9949],[27.1073,58.9542],[26.9741,58.8843],[26.9664,58.8056],[27.1567,58.6479],[27.2366,58.4522],[27.3239,58.4019],[27.4255,58.3031],[27.4727,58.2167],[27.4971,58.1841],[27.6238,58.0143],[27.6783,58.0185],[27.8027,57.9902],[27.8816,57.937],[27.8754,57.9204]],[[25.9279,58.3051],[26.0037,58.2195],[26.051,58.1458],[26.0848,58.1435],[26.1103,58.2098],[26.1406,58.2688],[26.1428,58.3273],[26.1215,58.3737],[26.0774,58.3912],[26.019,58.3962],[25.9661,58.3816],[25.9409,58.345],[25.9279,58.3051]]],[[[24.0247,58.1372],[24.0247,58.1368],[24.0017,58.1541],[24.0064,58.1528],[24.0161,58.1486],[24.0222,58.1427],[24.0247,58.1372]]],[[[23.3401,58.9696],[23.3379,58.9724],[23.3904,58.987],[23.3875,58.9828],[23.3811,58.9764],[23.37,58.973],[23.3401,58.9696]]]]}},{"type":"Feature","properties":{"NAME":"Nemay","ABBREVN":"Nemay","type":null,"weblnks":null,"SUBJECTO":"Nemay","BORDERPRECISION":1,"PARTOF":"Nemay"},"geometry":{"type":"MultiPolygon","coordinates":[[[[19.8413,54.5833],[19.8402,54.582],[19.8435,54.6063],[19.849,54.6109],[19.8702,54.6386],[19.8982,54.626],[19.8832,54.606],[19.8413,54.5833]]],[[[28.4033,52.4146],[26.9874,51.8791],[26.4462,52.1263],[22.6816,52.7158],[19.9853,53.991],[19.727,54.3082],[19.7331,54.3103],[19.9146,54.3947],[19.9775,54.4239],[20.1886,54.522],[20.3267,54.564],[20.1942,54.575],[20.0774,54.558],[20.1025,54.5742],[20.2169,54.6033],[20.2383,54.6092],[20.2528,54.6144],[20.3808,54.6647],[20.3983,54.6736],[20.405,54.6792],[20.405,54.6828],[20.1936,54.6969],[20.1723,54.694],[20.1496,54.6818],[20.1325,54.6774],[20.0843,54.6731],[20.0503,54.6925],[20.05,54.6969],[20.0386,54.7115],[20.0183,54.72],[20.0042,54.72],[19.9978,54.7192],[19.9814,54.7055],[19.9651,54.6985],[19.9612,54.6953],[19.9602,54.6932],[19.9576,54.6835],[19.9442,54.6592],[19.9442,54.6547],[19.9446,54.6532],[19.9415,54.6467],[19.9229,54.6296],[19.9008,54.6283],[19.8727,54.6405],[19.8728,54.6422],[19.8992,54.6889],[19.9132,54.7072],[19.9176,54.7102],[19.9287,54.7149],[19.9325,54.7181],[19.9578,54.7606],[19.9594,54.7642],[19.9611,54.7725],[19.9608,54.7947],[19.9586,54.8025],[19.9394,54.8369],[19.936,54.8418],[19.9426,54.8499],[20.1271,54.8456],[20.7972,54.818],[20.9852,54.8116],[21.1373,54.8455],[21.1719,54.9177],[21.2225,54.9319],[21.2422,54.9436],[21.2467,54.9503],[21.2469,54.955],[21.2444,54.9714],[21.2392,54.9775],[21.2278,54.9844],[21.2233,54.9911],[21.2214,54.9989],[21.2167,55.0186],[21.1993,55.1065],[21.2239,55.1114],[21.1973,55.159],[21.2193,55.1926],[25.4979,55.5465],[26.7356,53.7974],[28.1566,53.8245],[29.3943,54.8665],[29.5091,55.6693],[29.8778,54.518],[28.4033,52.4146]]],[[[20.0418,54.5597],[20.0495,54.5539],[20.0118,54.5484],[20.0418,54.5597]]]]}},{"type":"Feature","properties":{"NAME":"Funnel-Beaker","ABBREVN":"Funnel-Beaker","type":null,"weblnks":null,"SUBJECTO":"Funnel-Beaker","BORDERPRECISION":1,"PARTOF":"Funnel-Beaker"},"geometry":{"type":"MultiPolygon","coordinates":[[[[18.1733,57.1419],[18.1483,57.2353],[18.1581,57.3158],[18.1425,57.4094],[18.1153,57.4808],[18.1103,57.4961],[18.11,57.5131],[18.1114,57.5194],[18.1192,57.5311],[18.1386,57.5511],[18.1792,57.5883],[18.1914,57.5961],[18.2119,57.6058],[18.2278,57.6114],[18.2422,57.6175],[18.2492,57.6208],[18.2761,57.6342],[18.2947,57.6458],[18.3389,57.6817],[18.3558,57.6958],[18.3819,57.7186],[18.4017,57.7386],[18.4197,57.7603],[18.4564,57.8028],[18.4614,57.8078],[18.4672,57.8119],[18.4811,57.8186],[18.6819,57.9136],[18.69,57.9161],[18.7161,57.9211],[18.725,57.9228],[18.8819,57.9197],[18.9025,57.9183],[18.9142,57.9175],[19.0047,57.9086],[19.0061,57.9036],[19.0039,57.8989],[19.0333,57.8269],[18.9294,57.7397],[18.8489,57.7211],[18.8092,57.7036],[18.7933,57.6592],[18.7597,57.508],[18.7681,57.4722],[18.7694,57.4672],[18.7883,57.4483],[18.7144,57.2469],[18.7119,57.2417],[18.6581,57.2208],[18.5519,57.1828],[18.5147,57.1694],[18.4983,57.1653],[18.4556,57.1569],[18.4394,57.1528],[18.4172,57.1442],[18.3972,57.1342],[18.3914,57.13],[18.3867,57.125],[18.3456,57.0797],[18.3414,57.0739],[18.3392,57.0686],[18.3356,57.0233],[18.3358,57.0175],[18.3433,57.0144],[18.3467,56.9986],[18.3025,56.9375],[18.295,56.9347],[18.2156,56.9131],[18.2061,56.9119],[18.1689,56.91],[18.1478,56.9119],[18.1403,56.915],[18.1425,56.9203],[18.1583,56.9417],[18.2092,56.9892],[18.2567,57.0322],[18.2544,57.0792],[18.1733,57.1419]]],[[[11.9631,54.6297],[11.9678,54.6094],[11.9744,54.5869],[11.9789,54.5761],[11.98,54.5703],[11.9786,54.5672],[11.9692,54.5622],[11.9644,54.5617],[11.9447,54.5675],[11.9294,54.5728],[11.9231,54.5761],[11.8719,54.6514],[11.8711,54.6672],[11.8778,54.6878],[11.8919,54.7011],[11.8992,54.7186],[11.8561,54.7742],[11.8019,54.8392],[11.7928,54.8447],[11.7819,54.8489],[11.7556,54.8547],[11.7519,54.8592],[11.7086,54.9367],[11.7133,54.9417],[11.7322,54.9544],[11.7422,54.9592],[11.7508,54.9608],[11.7669,54.9617],[11.8467,54.9561],[11.8506,54.9548],[11.865,54.9476],[11.9969,54.9039],[12.02,54.8964],[12.0381,54.8925],[12.0608,54.8911],[12.0794,54.8936],[12.0853,54.8936],[12.0956,54.8925],[12.1036,54.8903],[12.1106,54.8875],[12.1194,54.8822],[12.1367,54.8686],[12.1681,54.8417],[12.1694,54.8392],[12.1686,54.8361],[12.1667,54.8339],[12.1583,54.8286],[12.1197,54.8064],[12.1072,54.7997],[12.0886,54.7936],[12.0783,54.7892],[12.0719,54.7858],[12.0553,54.7747],[11.9814,54.7103],[11.9697,54.6994],[11.9631,54.6853],[11.9608,54.6758],[11.9586,54.6633],[11.96,54.6478],[11.9631,54.6297]]],[[[12.4973,58.92],[12.4819,58.9306],[12.4686,58.9349],[12.464,58.9207],[12.4718,58.8769],[12.4738,58.8397],[12.459,58.8174],[12.4321,58.8125],[12.4255,58.8015],[12.4476,58.7828],[12.4713,58.7828],[12.4997,58.7645],[12.5009,58.7275],[12.5037,58.6946],[12.5252,58.6612],[12.5628,58.6502],[12.6113,58.6413],[12.6069,58.6171],[12.4877,58.5132],[12.3293,58.4339],[12.3133,58.3953],[12.3347,58.3738],[12.375,58.3829],[12.507,58.3969],[12.5543,58.4298],[12.5711,58.4322],[12.5727,58.4192],[12.5543,58.3944],[12.5506,58.3789],[12.5619,58.3732],[12.5796,58.3721],[12.602,58.376],[12.6243,58.3823],[12.6497,58.3969],[12.6792,58.4205],[12.7275,58.4521],[12.7983,58.4857],[12.8687,58.5038],[12.9128,58.5458],[12.9521,58.5716],[13.0406,58.6043],[13.1151,58.6083],[13.1482,58.5972],[13.1489,58.5734],[13.1494,58.5585],[13.1365,58.5413],[13.1476,58.5214],[13.1722,58.5119],[13.1946,58.511],[13.2402,58.5148],[13.3003,58.5614],[13.3581,58.6171],[13.4366,58.642],[13.5173,58.6633],[13.6311,58.6841],[13.7373,58.7039],[13.7995,58.7224],[13.8299,58.7443],[13.8593,58.7722],[13.8901,58.8005],[13.9241,58.8234],[13.9541,58.8437],[13.9752,58.8654],[13.9872,58.8981],[13.9952,58.9448],[13.9926,58.9864],[14.0121,59.0037],[14.0387,59.0044],[14.0499,59.0122],[14.0563,59.0169],[14.0717,59.0283],[14.083,59.0643],[14.0908,59.0794],[14.0895,59.0916],[14.083,59.0999],[14.0658,59.0972],[14.0384,59.0827],[14.005,59.0682],[13.9734,59.0658],[13.9454,59.0674],[13.9306,59.0898],[13.9463,59.1129],[13.9938,59.1572],[14.0273,59.2043],[14.0475,59.2412],[14.0543,59.2678],[14.0557,59.29],[14.0518,59.3048],[14.0455,59.3136],[14.028,59.3201],[13.9971,59.3291],[13.9617,59.334],[13.9333,59.3305],[13.9209,59.3293],[15.9456,60.4913],[16.8336,61.7341],[17.3364,61.8188],[17.3364,61.8181],[17.3857,61.7565],[17.4403,61.7269],[17.4697,61.7322],[17.4839,61.7308],[17.4947,61.7281],[17.5,61.7239],[17.5236,61.7017],[17.5236,61.6961],[17.5011,61.6397],[17.4989,61.6358],[17.4936,61.6308],[17.4872,61.6264],[17.4772,61.6247],[17.4453,61.6289],[17.4328,61.6311],[17.4219,61.6392],[17.42,61.6444],[17.4142,61.6542],[17.39,61.6872],[17.3861,61.6919],[17.3681,61.7004],[17.3541,61.7066],[17.3394,61.7125],[17.3269,61.7144],[17.2339,61.7225],[17.2208,61.7231],[17.15,61.7214],[17.1403,61.7197],[17.1422,61.7144],[17.1494,61.7108],[17.1583,61.7078],[17.1839,61.705],[17.1947,61.7061],[17.2078,61.7053],[17.2203,61.7033],[17.2608,61.6911],[17.2697,61.688],[17.2717,61.6831],[17.2686,61.6764],[17.2631,61.6711],[17.19,61.6361],[17.1811,61.6333],[17.1714,61.6317],[17.1583,61.6322],[17.1461,61.6342],[17.1281,61.6405],[17.0986,61.6028],[17.1178,61.5555],[17.1628,61.5217],[17.1681,61.5175],[17.2228,61.4419],[17.2197,61.4294],[17.2133,61.4253],[17.1714,61.4206],[17.1542,61.4281],[17.1506,61.4328],[17.1397,61.4317],[17.1094,61.4081],[17.1042,61.4031],[17.1028,61.3969],[17.1047,61.3917],[17.145,61.3578],[17.2047,61.3286],[17.2136,61.3256],[17.2036,61.2789],[17.1811,61.1903],[17.1628,61.0467],[17.1506,60.945],[17.1544,60.9406],[17.2017,60.9169],[17.2411,60.8958],[17.2447,60.8911],[17.2761,60.843],[17.2836,60.7717],[17.2853,60.7319],[17.2753,60.6761],[17.3597,60.6405],[17.3771,60.619],[17.3975,60.6292],[17.4061,60.6317],[17.5206,60.6431],[17.5553,60.6433],[17.5783,60.64],[17.6092,60.6322],[17.6358,60.6186],[17.6497,60.6114],[17.6569,60.6019],[17.6517,60.5969],[17.6442,60.5936],[17.6094,60.5842],[17.6022,60.5806],[17.6025,60.575],[17.6078,60.5561],[17.6097,60.5508],[17.6294,60.5225],[17.6347,60.5183],[17.6536,60.5069],[17.6622,60.5039],[17.6828,60.4986],[17.6931,60.4961],[17.7311,60.4917],[17.7406,60.4936],[17.7403,60.4992],[17.735,60.5089],[17.7278,60.5183],[17.7261,60.5233],[17.7256,60.5347],[17.7289,60.5414],[17.7331,60.5475],[17.7731,60.5711],[17.8425,60.59],[17.8806,60.5969],[17.8911,60.5978],[17.9372,60.5981],[17.9497,60.5972],[17.9583,60.5942],[17.9653,60.5906],[17.9706,60.5864],[17.9933,60.5589],[18.1,60.453],[18.2142,60.343],[18.2278,60.3303],[18.2344,60.3267],[18.2439,60.3283],[18.2522,60.3308],[18.2586,60.335],[18.2667,60.3453],[18.2731,60.3494],[18.2825,60.3514],[18.3139,60.3539],[18.4319,60.3439],[18.4403,60.3408],[18.4472,60.3314],[18.4658,60.2994],[18.5742,60.25],[18.6011,60.2411],[18.6078,60.2372],[18.6061,60.2311],[18.5986,60.2278],[18.58,60.2244],[18.5569,60.2244],[18.5311,60.2269],[18.4708,60.235],[18.4489,60.2397],[18.4406,60.2428],[18.4253,60.2497],[18.3883,60.2669],[18.3747,60.2742],[18.3542,60.2908],[18.3256,60.3108],[18.3153,60.3133],[18.3136,60.3072],[18.3139,60.3014],[18.3961,60.2081],[18.4217,60.1872],[18.5074,60.1527],[18.5317,60.1531],[18.6261,60.1458],[18.6394,60.1442],[18.7114,60.1281],[18.7767,60.1108],[18.8164,60.0964],[18.8147,60.0903],[18.8147,60.0789],[18.8164,60.0739],[18.8231,60.0589],[18.8867,59.9628],[18.8933,59.9533],[18.905,59.94],[18.9097,59.9358],[18.9297,59.9247],[18.9502,59.9203],[18.9637,59.9203],[19.0072,59.9128],[19.0456,59.8992],[19.0706,59.8897],[19.07,59.8386],[19.0683,59.8325],[19.0656,59.8272],[19.0592,59.8231],[19.0506,59.8228],[19.0406,59.8253],[19.0258,59.8322],[18.9692,59.8656],[18.9361,59.87],[18.8647,59.7981],[18.9347,59.7836],[18.9686,59.7836],[19.0739,59.7742],[19.0806,59.7706],[19.0822,59.7653],[19.0819,59.7597],[19.0753,59.7406],[19.07,59.7358],[19.0322,59.72],[18.9914,59.7167],[18.98,59.7167],[18.9536,59.72],[18.8414,59.7125],[18.7456,59.6892],[18.7172,59.6714],[18.6944,59.6453],[18.7,59.6425],[18.7103,59.6433],[18.7286,59.6467],[18.74,59.6467],[18.7447,59.6425],[18.7342,59.6325],[18.6664,59.5914],[18.6456,59.5806],[18.3783,59.4675],[18.3683,59.4664],[18.3172,59.4736],[18.2797,59.4767],[18.2706,59.475],[18.2594,59.4481],[18.2594,59.4447],[18.2767,59.4178],[18.2817,59.4136],[18.2883,59.41],[18.2997,59.4078],[18.3261,59.4044],[18.3358,59.4019],[18.3375,59.3967],[18.3314,59.3925],[18.3222,59.3908],[18.3111,59.3908],[18.175,59.4055],[18.165,59.4081],[18.16,59.4122],[18.1625,59.4175],[18.1769,59.4244],[18.1881,59.4244],[18.1981,59.4217],[18.2038,59.4277],[18.1993,59.4426],[18.1983,59.4457],[18.1958,59.4553],[18.1869,59.4569],[18.1244,59.4547],[18.1156,59.453],[18.0897,59.4372],[18.0847,59.4319],[18.0572,59.3914],[18.0889,59.3672],[18.0914,59.3344],[18.0074,59.345],[17.9741,59.3402],[17.9643,59.3594],[17.8293,59.379],[17.7729,59.4141],[17.7976,59.5104],[17.8019,59.5147],[17.8164,59.5217],[17.8417,59.5283],[17.8453,59.5331],[17.8228,59.5808],[17.8161,59.5903],[17.8092,59.5939],[17.7519,59.6386],[17.7172,59.6633],[17.7242,59.6539],[17.7222,59.6261],[17.7181,59.6203],[17.7106,59.6189],[17.6425,59.6375],[17.604,59.6506],[17.5922,59.6561],[17.5983,59.6603],[17.6075,59.6619],[17.6281,59.6622],[17.6403,59.6633],[17.6483,59.6658],[17.6525,59.6717],[17.6533,59.6821],[17.6542,59.718],[17.6313,59.7841],[17.6281,59.7889],[17.5942,59.8069],[17.5878,59.8047],[17.5881,59.7936],[17.5867,59.7872],[17.5836,59.7805],[17.5794,59.7747],[17.5744,59.7697],[17.5425,59.7494],[17.5344,59.7469],[17.5139,59.745],[17.4481,59.7356],[17.4447,59.6761],[17.5106,59.5872],[17.5208,59.5792],[17.5275,59.5756],[17.5358,59.5722],[17.5432,59.573],[17.5217,59.6114],[17.5156,59.6383],[17.5133,59.6547],[17.5089,59.6878],[17.5086,59.6933],[17.51,59.6994],[17.5131,59.7064],[17.5375,59.7322],[17.5889,59.7369],[17.6,59.7369],[17.6117,59.735],[17.6183,59.7314],[17.6203,59.7264],[17.6161,59.6955],[17.5612,59.6684],[17.5897,59.6394],[17.6942,59.6075],[17.7037,59.6041],[17.6716,59.5948],[17.6873,59.5416],[17.5345,59.5394],[17.4167,59.5763],[17.3778,59.6047],[17.3728,59.6089],[17.3708,59.6142],[17.3706,59.6197],[17.3861,59.6511],[17.3836,59.655],[17.3756,59.6522],[17.3442,59.6228],[17.3533,59.6061],[17.3708,59.5831],[17.3871,59.5681],[17.3721,59.4958],[17.0627,59.5692],[16.9775,59.5507],[16.8799,59.577],[16.865,59.5847],[16.8505,59.5849],[16.841,59.5875],[16.8363,59.5851],[16.8264,59.5853],[16.7967,59.5654],[16.7829,59.5585],[16.6995,59.5513],[16.6506,59.5587],[16.6231,59.5817],[16.6164,59.5853],[16.5999,59.593],[16.5738,59.6117],[16.5691,59.6074],[16.5653,59.6092],[16.5519,59.6106],[16.5419,59.6094],[16.5339,59.6069],[16.5017,59.5964],[16.4956,59.5919],[16.4975,59.5869],[16.5217,59.5717],[16.527,59.5689],[16.4727,59.5194],[16.2518,59.4932],[16.0721,59.4804],[16.0664,59.4825],[16.0442,59.4925],[16.0356,59.4956],[16.0256,59.4978],[16.0203,59.495],[16.0222,59.4897],[16.0261,59.4853],[16.0417,59.4731],[16.0661,59.4578],[16.0728,59.4544],[16.0814,59.4514],[16.1014,59.4464],[16.1131,59.4444],[16.1692,59.44],[16.1814,59.4394],[16.2614,59.4425],[16.2764,59.444],[16.3022,59.4497],[16.6104,59.4535],[16.7383,59.4313],[16.75,59.4242],[16.8061,59.3905],[16.8128,59.3869],[16.8228,59.3844],[16.87,59.3814],[16.8811,59.3817],[16.89,59.3833],[16.8931,59.39],[16.8942,59.3961],[16.8922,59.4014],[16.8856,59.405],[16.8622,59.4053],[16.8508,59.4075],[16.8422,59.4106],[16.8089,59.4225],[16.7922,59.4286],[16.7785,59.4338],[16.9139,59.4458],[16.9582,59.4247],[16.9614,59.4203],[16.9778,59.4153],[17.0656,59.3732],[17.1752,59.3558],[17.268,59.2958],[17.2639,59.2908],[17.2519,59.2697],[17.2539,59.2589],[17.2869,59.259],[17.2919,59.2572],[17.3653,59.2486],[17.3758,59.2475],[17.3878,59.2469],[17.3981,59.2478],[17.3961,59.2528],[17.3861,59.2611],[17.3794,59.2647],[17.3642,59.2772],[17.3589,59.2869],[17.3576,59.2904],[17.3707,59.2949],[17.4745,59.2915],[17.5705,59.2676],[17.7412,59.2694],[17.8472,59.2644],[17.8587,59.2706],[17.8762,59.2708],[17.9798,59.3291],[17.9783,59.332],[17.9844,59.3339],[17.9967,59.3331],[18.0167,59.3222],[18.0264,59.3197],[18.0525,59.3164],[18.0747,59.3167],[18.1336,59.3181],[18.2069,59.3294],[18.2421,59.3471],[18.2508,59.3544],[18.2722,59.3644],[18.2803,59.3669],[18.2894,59.3686],[18.3486,59.3733],[18.3922,59.3686],[18.4036,59.3667],[18.4397,59.355],[18.4447,59.3508],[18.4413,59.3448],[18.4369,59.3428],[18.4321,59.3413],[18.435,59.3364],[18.4547,59.3311],[18.4667,59.3303],[18.4742,59.3344],[18.4786,59.3403],[18.4783,59.3458],[18.4686,59.3656],[18.4503,59.3942],[18.4314,59.4211],[18.4281,59.4258],[18.4281,59.4314],[18.4344,59.4336],[18.4772,59.4353],[18.4983,59.4305],[18.5231,59.4211],[18.5297,59.4175],[18.6078,59.3719],[18.6128,59.368],[18.6403,59.3389],[18.6486,59.3244],[18.6503,59.3192],[18.6469,59.3125],[18.6397,59.3092],[18.6306,59.3075],[18.5931,59.3017],[18.5222,59.2958],[18.3892,59.3019],[18.3772,59.3025],[18.3536,59.3055],[18.3436,59.3075],[18.3353,59.3106],[18.3378,59.3161],[18.3365,59.3221],[18.3288,59.3251],[18.3189,59.3283],[18.2772,59.3108],[18.2694,59.2686],[18.31,59.2197],[18.3114,59.1325],[18.2303,59.1186],[18.2214,59.1169],[18.1403,59.0908],[18.0214,59.0419],[17.8958,58.9097],[17.8928,58.9031],[17.8914,58.8967],[17.8919,58.8742],[17.8947,58.8589],[17.7894,58.9431],[17.7567,59.0183],[17.7689,59.0967],[17.7683,59.1136],[17.7667,59.1189],[17.7647,59.1239],[17.7592,59.1267],[17.6686,59.1664],[17.6639,59.1683],[17.6242,59.0744],[17.6117,59.0406],[17.6103,59.0344],[17.6122,59.0294],[17.6172,59.0253],[17.6256,59.0164],[17.6289,59.0117],[17.6136,58.9747],[17.5783,58.9505],[17.5914,58.9436],[17.6306,58.915],[17.6292,58.9089],[17.6261,58.9019],[17.5833,58.8494],[17.5789,58.8456],[17.35,58.7522],[17.2711,58.7369],[17.2236,58.7306],[17.1567,58.7328],[17.0936,58.7625],[17.0833,58.7636],[17.0328,58.7505],[17.0286,58.7469],[17.0336,58.7428],[17.0822,58.7231],[17.1342,58.7022],[17.1456,58.7003],[17.1431,58.6947],[17.1383,58.6897],[17.0344,58.6372],[16.9153,58.6169],[16.9053,58.6161],[16.8933,58.6167],[16.7897,58.6236],[16.7361,58.629],[16.6778,58.6369],[16.4614,58.6555],[16.4364,58.6575],[16.4128,58.6589],[16.2983,58.6631],[16.2422,58.6647],[16.2336,58.6631],[16.1936,58.6275],[16.2933,58.6136],[16.3706,58.6053],[16.4117,58.6133],[16.4325,58.6378],[16.4367,58.6414],[16.6494,58.6206],[16.7108,58.6067],[16.7272,58.6006],[16.7775,58.5814],[16.9286,58.4925],[16.9386,58.4842],[16.8347,58.445],[16.8269,58.4422],[16.8092,58.4386],[16.7544,58.4294],[16.7378,58.4286],[16.6006,58.4469],[16.5781,58.4508],[16.5686,58.4532],[16.5489,58.4583],[16.5325,58.4644],[16.5147,58.47],[16.4967,58.4753],[16.4756,58.4797],[16.4356,58.48],[16.4256,58.4792],[16.4169,58.4772],[16.4133,58.4747],[16.5731,58.4358],[16.6836,58.4108],[16.6939,58.4097],[16.71,58.4036],[16.77,58.3672],[16.7889,58.3222],[16.8247,58.1994],[16.8258,58.1767],[16.8028,58.1387],[16.7645,58.1252],[16.7428,58.0861],[16.7318,58.0492],[16.7503,58.0128],[16.7436,58.0092],[16.6393,57.9875],[16.6225,57.9886],[16.6139,57.9869],[16.6219,57.9839],[16.6555,57.9777],[16.6719,57.9803],[16.7253,57.9742],[16.7331,57.9711],[16.74,57.9619],[16.7442,57.953],[16.7426,57.9503],[16.7733,57.9236],[16.7781,57.9194],[16.78,57.9144],[16.7706,57.8844],[16.7639,57.8811],[16.7494,57.875],[16.7417,57.8725],[16.7325,57.8728],[16.6592,57.8833],[16.6222,57.8903],[16.6136,57.8922],[16.6025,57.9228],[16.6061,57.9253],[16.6028,57.9403],[16.5186,57.9969],[16.5106,57.9964],[16.5028,57.9939],[16.4986,57.9903],[16.4956,57.9856],[16.4944,57.9794],[16.5223,57.8778],[16.5643,57.8542],[16.6772,57.7655],[16.6933,57.7539],[16.7033,57.7456],[16.7007,57.7401],[16.6922,57.7389],[16.6844,57.7422],[16.6189,57.7714],[16.6156,57.7761],[16.6114,57.7864],[16.6028,57.7947],[16.5906,57.8028],[16.5611,57.8214],[16.5547,57.825],[16.4186,57.8933],[16.4189,57.8872],[16.4208,57.8825],[16.4634,57.8493],[16.4698,57.8446],[16.4764,57.84],[16.5938,57.7732],[16.6054,57.7668],[16.6606,57.7411],[16.6922,57.7219],[16.7019,57.7139],[16.7103,57.7053],[16.7125,57.7],[16.6256,57.6197],[16.6325,57.5522],[16.6892,57.4853],[16.6933,57.4753],[16.6933,57.4692],[16.6714,57.4108],[16.6647,57.4075],[16.6558,57.405],[16.6369,57.4031],[16.6322,57.3817],[16.6311,57.3769],[16.6242,57.3744],[16.6008,57.3775],[16.5664,57.3833],[16.555,57.3836],[16.5461,57.3817],[16.5419,57.3769],[16.4722,57.2903],[16.4672,57.2767],[16.4647,57.2644],[16.4556,57.2053],[16.4553,57.2006],[16.4581,57.1783],[16.4603,57.1675],[16.4672,57.1586],[16.5139,57.1172],[16.5233,57.1167],[16.5303,57.1194],[16.54,57.1206],[16.5461,57.1169],[16.5633,57.0939],[16.5842,57.0494],[16.5847,57.0439],[16.5017,57.0367],[16.4928,57.0392],[16.4544,56.9553],[16.4406,56.8939],[16.4267,56.8436],[16.4078,56.7956],[16.375,56.7208],[16.3081,56.655],[16.3006,56.6583],[16.2906,56.6592],[16.2725,56.6567],[16.2536,56.6461],[16.2161,56.6072],[16.1239,56.4617],[16.1172,56.4497],[16.1042,56.4256],[16.0906,56.395],[16.0547,56.3136],[16.0433,56.2689],[16.0083,56.2178],[15.9986,56.2083],[15.8656,56.0922],[15.7886,56.1119],[15.7758,56.1478],[15.6589,56.1789],[15.5981,56.1947],[15.3753,56.1381],[15.2258,56.1511],[15.0889,56.16],[14.8481,56.1614],[14.7172,56.1617],[14.6967,56.1611],[14.6906,56.1578],[14.6867,56.1528],[14.6797,56.1325],[14.6794,56.1206],[14.6819,56.1156],[14.6867,56.1114],[14.6928,56.1081],[14.71,56.1028],[14.7147,56.0992],[14.7508,56.0597],[14.7678,56.0364],[14.7667,56.0303],[14.7383,56.0108],[14.72,56.0003],[14.6353,56.0075],[14.6208,56.0294],[14.6036,56.0519],[14.5589,56.0572],[14.5514,56.0553],[14.5414,56.0511],[14.5117,56.0375],[14.3694,55.9589],[14.3303,55.9369],[14.2636,55.8861],[14.2447,55.8669],[14.2328,55.8517],[14.2172,55.8303],[14.2078,55.8125],[14.2028,55.7997],[14.2006,55.7928],[14.1967,55.7797],[14.1933,55.7667],[14.1908,55.7417],[14.1911,55.7314],[14.1922,55.7258],[14.1961,55.7158],[14.2033,55.7069],[14.2178,55.6947],[14.2769,55.6472],[14.3414,55.5786],[14.3633,55.5519],[14.3703,55.5428],[14.3728,55.5378],[14.3692,55.5317],[14.3619,55.5228],[14.3367,55.5011],[14.3125,55.4867],[14.1935,55.3861],[14.1631,55.3803],[14.1225,55.3794],[14.0589,55.3861],[14.0375,55.3894],[14.0047,55.4058],[13.9694,55.4211],[13.9358,55.4314],[13.9119,55.4339],[13.8914,55.4336],[13.7306,55.4256],[13.7103,55.4242],[13.6417,55.4175],[13.6322,55.4158],[13.4978,55.3822],[13.4658,55.3736],[13.4297,55.3567],[13.4183,55.3525],[13.3756,55.34],[13.3447,55.3392],[13.3008,55.3408],[13.29,55.3419],[12.9822,55.4006],[12.9181,55.5386],[12.9164,55.5442],[12.9144,55.5622],[12.9147,55.5656],[12.9164,55.5683],[12.9225,55.5747],[12.9311,55.5811],[12.9603,55.5911],[12.9819,55.5992],[13.0347,55.6239],[13.0406,55.6275],[13.045,55.6325],[13.0589,55.6628],[13.0633,55.6822],[13.0625,55.685],[13.0597,55.6931],[12.9281,55.8231],[12.9128,55.8381],[12.6814,56.0619],[12.6636,56.0786],[12.6339,56.1031],[12.6239,56.1078],[12.615,56.1094],[12.6097,56.1117],[12.5811,56.1417],[12.4531,56.2933],[12.4517,56.2978],[12.4617,56.2983],[12.4739,56.2972],[12.6292,56.2589],[12.6453,56.2533],[12.7187,56.2228],[12.7872,56.2222],[12.7944,56.2231],[12.8019,56.2256],[12.8133,56.2328],[12.8242,56.2417],[12.8301,56.25],[12.8317,56.2522],[12.8347,56.258],[12.835,56.2642],[12.8331,56.2692],[12.7408,56.3522],[12.7306,56.3594],[12.7239,56.3631],[12.6761,56.3797],[12.6639,56.3803],[12.6447,56.3847],[12.6367,56.3878],[12.6261,56.3953],[12.6228,56.4],[12.6222,56.4119],[12.6264,56.4247],[12.6286,56.4314],[12.6319,56.4369],[12.6356,56.4422],[12.6414,56.4461],[12.6728,56.4636],[12.6797,56.4664],[12.7219,56.4675],[12.7325,56.4675],[12.7492,56.4647],[12.7858,56.4503],[12.7933,56.4478],[12.8125,56.4433],[12.8328,56.4397],[12.8527,56.4399],[12.8686,56.4414],[12.8761,56.4436],[12.8836,56.4464],[12.9011,56.4572],[12.9108,56.4669],[12.9181,56.4783],[12.9303,56.5011],[12.9375,56.5211],[12.9369,56.5325],[12.9333,56.5433],[12.9314,56.5483],[12.9172,56.5786],[12.8875,56.6383],[12.8767,56.6464],[12.8692,56.6489],[12.8217,56.6583],[12.8133,56.6567],[12.785,56.6436],[12.7581,56.64],[12.7253,56.6397],[12.7186,56.6433],[12.6708,56.6761],[12.6136,56.7469],[12.6,56.7778],[12.5983,56.7833],[12.5992,56.7958],[12.6014,56.8025],[12.6,56.8081],[12.5975,56.8133],[12.5933,56.8175],[12.5794,56.8303],[12.5739,56.8339],[12.4847,56.8817],[12.4683,56.8878],[12.4181,56.8972],[12.3503,56.9144],[12.3475,56.9192],[12.35,56.97],[12.2861,57.0325],[12.2536,57.0481],[12.2378,57.0597],[12.1494,57.1839],[12.1467,57.1883],[12.11,57.25],[12.1347,57.2756],[12.1486,57.2811],[12.1514,57.2872],[12.1458,57.3092],[12.095,57.4269],[12.0583,57.4547],[12.0514,57.4578],[12.0439,57.4597],[12.0369,57.4569],[12.0117,57.4342],[12.0078,57.4289],[12.0058,57.4222],[12.0086,57.4114],[12.0078,57.405],[11.9894,57.3475],[11.9861,57.3414],[11.9792,57.3436],[11.9428,57.3761],[11.9178,57.4022],[11.9042,57.4219],[11.9014,57.4267],[11.9067,57.515],[11.9111,57.5266],[11.9133,57.5286],[11.9158,57.5344],[11.9222,57.5639],[11.9133,57.6136],[11.9106,57.6186],[11.9064,57.6233],[11.8975,57.6244],[11.8944,57.6183],[11.8625,57.6078],[11.83,57.6614],[11.8686,57.6805],[11.8878,57.6939],[11.7506,57.6889],[11.7414,57.6886],[11.7044,57.6933],[11.6989,57.6972],[11.6997,57.7158],[11.7231,57.8072],[11.6681,57.8458],[11.6881,57.8817],[11.6942,57.8853],[11.7022,57.8872],[11.7117,57.8892],[11.7414,57.8922],[11.7572,57.8972],[11.7956,58.0061],[11.8014,58.0264],[11.8006,58.0381],[11.7992,58.0439],[11.7936,58.0481],[11.7767,58.0531],[11.7767,58.0594],[11.7961,58.0953],[11.8372,58.1547],[11.8703,58.1911],[11.8808,58.2],[11.8847,58.2053],[11.8861,58.2119],[11.7981,58.3183],[11.735,58.3283],[11.7233,58.3289],[11.6228,58.2761],[11.6075,58.2628],[11.5947,58.2553],[11.5361,58.2303],[11.5264,58.2306],[11.5158,58.2319],[11.4953,58.2361],[11.4056,58.2611],[11.3842,58.3119],[11.2383,58.3469],[11.2014,58.3994],[11.2356,58.5053],[11.2542,58.5511],[11.2572,58.5569],[11.2664,58.5794],[11.2611,58.6322],[11.2594,58.6378],[11.2522,58.6531],[11.2478,58.6575],[11.2103,58.6797],[11.1808,58.7092],[11.1781,58.7139],[11.1769,58.7308],[11.1817,58.7478],[11.2008,58.77],[11.2181,58.7842],[11.2292,58.7922],[11.2339,58.7969],[11.2361,58.8036],[11.2331,58.8331],[11.2314,58.8453],[11.1942,58.9175],[11.1667,58.9244],[11.1319,58.9353],[11.1231,58.9383],[11.1158,58.9414],[11.1069,58.95],[11.1133,59.0036],[11.1192,59.0158],[11.1275,59.0264],[11.1664,59.0644],[11.1725,59.0686],[11.1867,59.075],[11.2042,59.0794],[11.2656,59.0939],[11.315,59.1014],[11.325,59.0992],[11.3383,59.0919],[11.35,59.0844],[11.3733,59.0508],[11.4017,59.0128],[11.4194,58.9897],[11.4271,58.9858],[11.4292,58.9876],[11.4325,58.9906],[11.4344,58.9972],[11.4317,59.0022],[11.3858,59.0761],[11.3633,59.1039],[11.3561,59.1072],[11.3369,59.1119],[11.2983,59.1139],[11.2033,59.1069],[11.0642,59.1167],[11.0339,59.1255],[10.9408,59.165],[10.9003,59.1425],[10.7975,59.1864],[10.7647,59.2203],[10.6592,59.3639],[10.6528,59.435],[10.6589,59.4325],[10.67,59.4331],[10.6764,59.4369],[10.6803,59.4422],[10.69,59.4597],[10.6928,59.4656],[10.6928,59.4719],[10.6915,59.4793],[10.6739,59.4953],[10.6606,59.5086],[10.6547,59.5186],[10.6422,59.5563],[10.6396,59.6107],[10.6199,59.6411],[10.5606,59.7175],[10.5578,59.7286],[10.5594,59.7356],[10.5844,59.79],[10.6006,59.8114],[10.6339,59.8531],[10.6403,59.8567],[10.6497,59.8556],[10.6572,59.8522],[10.6719,59.8397],[10.6956,59.7994],[10.6969,59.7936],[10.7386,59.8038],[10.7608,59.8366],[10.7483,59.8869],[10.7422,59.8908],[10.7258,59.8967],[10.6942,59.9028],[10.6831,59.9033],[10.6706,59.8872],[10.6647,59.8836],[10.6558,59.8814],[10.5831,59.8775],[10.5597,59.8781],[10.5375,59.8767],[10.5275,59.8753],[10.5022,59.8678],[10.4958,59.8639],[10.4742,59.8478],[10.4717,59.8433],[10.4731,59.8375],[10.4814,59.8025],[10.4828,59.7969],[10.4925,59.7803],[10.4917,59.7631],[10.4911,59.7381],[10.4942,59.7269],[10.5192,59.6811],[10.5236,59.6767],[10.5294,59.6728],[10.5556,59.6669],[10.5792,59.6567],[10.5853,59.6531],[10.5986,59.6397],[10.6044,59.6297],[10.6114,59.6014],[10.6114,59.5953],[10.6097,59.5883],[10.6069,59.5825],[10.595,59.5664],[10.5836,59.5581],[10.5581,59.5431],[10.5131,59.525],[10.4881,59.5175],[10.4694,59.5139],[10.4583,59.5131],[10.4447,59.5139],[10.4269,59.5192],[10.4225,59.5236],[10.4194,59.5286],[10.4197,59.5347],[10.4239,59.565],[10.4253,59.5717],[10.4281,59.5778],[10.4297,59.5847],[10.4297,59.5908],[10.4147,59.6631],[10.4133,59.6686],[10.4106,59.6736],[10.3806,59.6989],[10.3747,59.7028],[10.2881,59.7328],[10.2686,59.7372],[10.2475,59.735],[10.2286,59.7314],[10.2222,59.7275],[10.2253,59.7225],[10.2583,59.6983],[10.2706,59.6922],[10.2769,59.6897],[10.3055,59.6853],[10.3194,59.6831],[10.3283,59.68],[10.375,59.6625],[10.3794,59.6581],[10.3825,59.6533],[10.3869,59.6425],[10.3969,59.6033],[10.3983,59.5914],[10.3983,59.585],[10.3858,59.5367],[10.3831,59.5305],[10.3781,59.5261],[10.3706,59.523],[10.3583,59.523],[10.3386,59.5264],[10.3294,59.5289],[10.3058,59.5386],[10.2894,59.5444],[10.2564,59.5561],[10.2475,59.5586],[10.2353,59.5586],[10.2353,59.5522],[10.2369,59.5481],[10.2469,59.5378],[10.2633,59.5258],[10.3475,59.4758],[10.4236,59.4444],[10.4747,59.4242],[10.4836,59.4153],[10.5164,59.3108],[10.5164,59.3047],[10.5136,59.2986],[10.4736,59.2539],[10.4633,59.245],[10.4558,59.2419],[10.4472,59.2397],[10.4414,59.2433],[10.4386,59.2486],[10.4372,59.2542],[10.4311,59.2578],[10.3833,59.2683],[10.3714,59.2683],[10.3639,59.2653],[10.36,59.26],[10.3272,59.2053],[10.2311,59.0386],[10.1489,59.0197],[10.1564,59.0228],[10.1625,59.0267],[10.1675,59.0311],[10.1703,59.0372],[10.1689,59.0428],[10.1631,59.0467],[10.1522,59.0472],[10.1328,59.0442],[10.0267,59.0067],[10.0297,58.9895],[10.0297,58.9831],[10.0286,58.9776],[10.0258,58.9718],[10.0208,58.967],[10.0061,58.9609],[9.9547,58.9519],[9.8775,58.955],[9.8339,58.9642],[9.8414,58.9672],[9.8464,58.9719],[9.8489,58.9781],[9.8489,58.9906],[9.8472,58.9961],[9.8428,59.0005],[9.8256,59.0144],[9.8216,59.0171],[9.7869,59.0361],[9.6142,59.1178],[9.56,59.1167],[9.5481,59.1164],[9.5408,59.1147],[9.5397,59.1094],[9.5442,59.105],[9.6264,59.0578],[9.6842,59.0319],[9.6931,58.9831],[9.6081,58.9267],[9.6033,58.9236],[9.5075,58.8919],[9.4094,58.8414],[9.3487,58.7587],[9.34,58.7508],[9.1911,58.6583],[9.1767,58.6522],[9.0642,58.6164],[9.0306,58.6072],[9.0031,58.6014],[8.9958,58.5983],[8.9517,58.5731],[8.8311,58.4808],[8.7969,58.4647],[8.7393,58.4487],[8.7126,58.4419],[8.7135,58.418],[8.6919,58.3772],[8.5103,58.2703],[8.4028,58.2544],[8.3508,58.2368],[8.5972,59.2097],[10.3825,60.3933],[11.5186,59.8679],[12.6967,59.018],[12.6758,58.9867],[12.6469,58.9315],[12.6184,58.8869],[12.5997,58.8456],[12.5758,58.8257],[12.5571,58.8189],[12.5353,58.8321],[12.5264,58.8456],[12.5199,58.8674],[12.5103,58.9012],[12.4973,58.92]],[[16.356,59.2876],[16.4061,59.3055],[16.4038,59.3087],[16.3338,59.3033],[16.2706,59.2996],[16.1874,59.2876],[15.9902,59.2864],[15.8569,59.3038],[15.8216,59.2951],[15.7277,59.2982],[15.6131,59.3167],[15.4996,59.3017],[15.3535,59.2833],[15.344,59.2695],[15.4807,59.2612],[15.5196,59.2551],[15.5451,59.2458],[15.5896,59.2248],[15.6204,59.1919],[15.6241,59.1674],[15.7013,59.1506],[15.8158,59.1489],[15.881,59.1624],[15.8922,59.176],[15.921,59.194],[16.1305,59.2399],[16.3102,59.2746],[16.356,59.2876]],[[14.9681,58.8488],[14.9321,58.8541],[14.8169,58.7911],[14.7257,58.7313],[14.6316,58.6798],[14.5066,58.5607],[14.3905,58.4063],[14.2132,58.1502],[14.1211,57.9245],[14.1593,57.7963],[14.245,57.8095],[14.3393,57.9333],[14.4994,58.0855],[14.5435,58.1381],[14.5824,58.2017],[14.6225,58.2989],[14.6864,58.3947],[14.8273,58.4615],[14.9462,58.5109],[14.9625,58.5393],[14.8914,58.5917],[14.8997,58.635],[14.929,58.6999],[14.9409,58.7562],[14.933,58.7839],[14.9621,58.8355],[14.9681,58.8488]]],[[[3.9614,51.3697],[4.1981,51.3744],[4.2053,51.3739],[4.2108,51.3725],[4.215,51.3703],[4.2175,51.3683],[4.2389,51.3504],[4.2558,51.3362],[4.2636,51.317],[4.2806,51.3011],[4.3094,51.2903],[4.3125,51.2875],[4.3131,51.2839],[4.3001,51.2677],[4.3024,51.2632],[4.3097,51.262],[4.3277,51.2901],[4.2905,51.3077],[4.2831,51.3172],[4.2802,51.3442],[4.261,51.3554],[4.2524,51.3751],[4.2025,51.405],[4.0561,51.4258],[3.9289,51.435],[3.9278,51.4305],[3.9256,51.4269],[3.9067,51.4],[3.8997,51.395],[3.8297,51.3897],[3.8231,51.39],[3.769,51.4018],[3.7435,51.4605],[3.521,51.5788],[3.5239,51.58],[3.5553,51.5922],[3.5689,51.5972],[3.5803,51.5986],[3.6919,51.6003],[3.8328,51.6067],[3.8372,51.6067],[3.8689,51.6014],[3.8728,51.5992],[3.8933,51.5844],[3.8981,51.5786],[3.9036,51.5689],[3.9028,51.5653],[3.8992,51.5628],[3.8653,51.5467],[3.8435,51.554],[3.8206,51.5492],[3.8659,51.5387],[3.8863,51.543],[3.9214,51.5492],[3.9286,51.5483],[3.9344,51.5469],[4.0067,51.5253],[4.0403,51.5128],[4.0558,51.5056],[4.0675,51.495],[4.0692,51.4917],[4.0819,51.4692],[4.0958,51.4514],[4.1111,51.4436],[4.1256,51.4383],[4.1458,51.4358],[4.1522,51.4356],[4.2381,51.4347],[4.2433,51.4356],[4.2528,51.4386],[4.2643,51.444],[4.2772,51.4453],[4.2819,51.4467],[4.2861,51.4486],[4.2892,51.4517],[4.2914,51.455],[4.2936,51.4683],[4.2922,51.4758],[4.2908,51.4792],[4.2847,51.4883],[4.2669,51.5083],[4.2628,51.5106],[4.2296,51.5186],[4.2153,51.5164],[4.2039,51.515],[4.0828,51.5308],[3.9956,51.5794],[3.99,51.5847],[3.9908,51.5883],[3.9942,51.5908],[4.0031,51.5944],[4.0419,51.6053],[4.0622,51.6103],[4.0792,51.6125],[4.1697,51.6056],[4.1903,51.6008],[4.1958,51.5992],[4.2075,51.5895],[4.2086,51.59],[4.2094,51.5944],[4.2058,51.6008],[4.2011,51.6067],[4.1964,51.6125],[4.1862,51.617],[4.1658,51.6153],[4.1539,51.6144],[4.1397,51.615],[4.1347,51.6161],[4.1133,51.6303],[4.1106,51.6369],[4.1061,51.651],[4.1031,51.6478],[4.0961,51.6428],[4.0886,51.6383],[4.0761,51.6325],[4.0664,51.6297],[4.0197,51.6197],[4.0089,51.6178],[3.98,51.6147],[3.9675,51.6144],[3.9039,51.6336],[3.8992,51.6353],[3.7619,51.675],[3.7127,51.6747],[3.7044,51.6769],[3.6964,51.6814],[3.6948,51.6828],[3.8004,51.7455],[3.8125,51.7447],[3.8249,51.7423],[3.8786,51.7439],[3.8853,51.7439],[3.9558,51.7358],[3.9686,51.7336],[3.9758,51.7289],[4.0044,51.71],[4.0669,51.6794],[4.1042,51.6619],[4.1128,51.6708],[4.1161,51.6733],[4.1244,51.6772],[4.1558,51.6839],[4.1678,51.6856],[4.1272,51.7067],[4.0597,51.7514],[4.0567,51.758],[4.0308,51.7867],[4.0278,51.7892],[4.0197,51.7936],[4.0053,51.7989],[3.9931,51.8014],[3.9806,51.8028],[3.9558,51.8017],[3.8742,51.7864],[3.8732,51.7888],[3.8781,51.7917],[3.9409,51.8371],[3.9833,51.8464],[3.995,51.8478],[4.0067,51.8467],[4.0156,51.8428],[4.0275,51.8361],[4.0611,51.8603],[4.0408,51.9093],[4.2644,52.0709],[4.3101,52.1302],[4.3622,52.1717],[4.3686,52.1772],[4.4,52.2058],[4.4089,52.2147],[4.4206,52.2267],[4.4289,52.2361],[4.4417,52.2525],[4.4945,52.3272],[4.5178,52.3608],[4.5389,52.3922],[4.5428,52.3997],[4.5511,52.4197],[4.5681,52.4492],[4.5769,52.4581],[4.5844,52.4615],[4.658,52.4531],[4.7068,52.4272],[4.8453,52.4102],[4.886,52.3904],[4.9069,52.3742],[4.9524,52.3731],[4.9919,52.3611],[5.029,52.3526],[5.0337,52.349],[5.0357,52.3337],[4.9498,52.2779],[5.4732,52.1766],[5.5744,52.283],[5.7569,52.3337],[5.7812,52.4093],[5.8103,52.4261],[5.8148,52.4291],[5.8196,52.4326],[5.85,52.4614],[5.8525,52.4647],[5.8598,52.4775],[5.87,52.4854],[5.8697,52.4948],[5.8781,52.5094],[5.8724,52.5234],[5.8684,52.5307],[5.8672,52.5632],[5.8492,52.5893],[5.855,52.6069],[5.8371,52.6069],[5.8354,52.6093],[5.6534,52.6296],[5.6191,52.6585],[5.6131,52.6844],[5.6158,52.7246],[5.6534,52.7498],[5.6178,52.7545],[5.618,52.7577],[5.6253,52.7818],[5.667,52.8173],[5.6652,52.8234],[5.6686,52.8264],[5.6769,52.8306],[5.7184,52.838],[5.7144,52.8403],[5.6514,52.8553],[5.6458,52.8556],[5.595,52.8483],[5.5948,52.8482],[5.5473,52.8457],[5.455,52.8572],[5.4204,52.8745],[5.4131,52.9026],[5.412,52.9125],[5.4128,52.9128],[5.4136,52.9172],[5.4186,52.9494],[5.4206,52.9644],[5.4114,53.0289],[5.4078,53.035],[5.3756,53.0705],[5.3642,53.0703],[5.3623,53.0783],[5.366,53.0866],[5.3786,53.0917],[5.3861,53.0967],[5.3886,53.1],[5.4025,53.1214],[5.4111,53.1403],[5.4127,53.1466],[5.6473,53.2278],[5.9663,53.335],[6.2607,53.3217],[6.7507,53.3899],[6.861,53.2658],[7.0091,53.2454],[7.0433,53.164],[7.1599,53.164],[7.1897,53.2301],[7.1506,53.2463],[7.1903,53.2403],[7.2011,53.2397],[7.2053,53.2408],[7.2084,53.2428],[7.245,53.3114],[7.25,53.3153],[7.2564,53.3183],[7.2719,53.3192],[7.32,53.3175],[7.3297,53.3164],[7.3369,53.3139],[7.3425,53.3103],[7.3464,53.3055],[7.3519,53.3022],[7.3553,53.3008],[7.3644,53.2992],[7.3586,53.3086],[7.3511,53.3175],[7.3417,53.3222],[7.3325,53.3239],[7.2269,53.3364],[7.1839,53.3408],[7.1264,53.34],[7.0925,53.3381],[7.0733,53.3361],[7.0581,53.3372],[7.0506,53.3397],[7.0478,53.3417],[7.0433,53.3458],[7.0242,53.365],[7.0194,53.3722],[7.0164,53.3806],[7.0158,53.3836],[7.0144,53.405],[7.0156,53.4147],[7.0219,53.4425],[7.0314,53.4794],[7.0333,53.4853],[7.0528,53.52],[7.1656,53.5917],[7.3324,53.6044],[7.8364,53.6321],[7.875,53.6337],[7.9685,53.6375],[8.011,53.5657],[8.0625,53.4942],[8.0661,53.48],[8.0697,53.4722],[8.0758,53.4625],[8.0803,53.4581],[8.0978,53.4444],[8.0986,53.4441],[8.0987,53.4439],[8.0291,53.3726],[8.175,53.3217],[8.2419,53.3523],[8.2533,53.4044],[8.2811,53.4169],[8.2892,53.4225],[8.2928,53.4272],[8.3097,53.4514],[8.3131,53.4564],[8.315,53.4661],[8.3197,53.4989],[8.3206,53.5092],[8.3197,53.5153],[8.3153,53.5217],[8.4831,53.4563],[8.4828,53.4539],[8.4842,53.4183],[8.4853,53.4061],[8.4886,53.3817],[8.4908,53.3731],[8.4978,53.3603],[8.5031,53.3542],[8.5067,53.3625],[8.5081,53.3725],[8.5058,53.425],[8.505,53.4344],[8.4987,53.4502],[8.5018,53.449],[8.4964,53.461],[8.4961,53.4625],[8.4981,53.4719],[8.5017,53.4806],[8.5064,53.4881],[8.5114,53.4922],[8.5609,53.5154],[8.5656,53.5214],[8.5683,53.5269],[8.5683,53.5333],[8.5675,53.5361],[8.5578,53.5506],[8.5117,53.6172],[8.4947,53.6419],[8.4883,53.6517],[8.4856,53.66],[8.4831,53.6719],[8.4822,53.6811],[8.4833,53.6903],[8.4878,53.7019],[8.5343,53.7917],[8.5395,53.8007],[8.5856,53.7931],[8.8485,53.7497],[9.125,53.7905],[8.962,53.837],[9.0206,53.8467],[9.1053,53.8633],[9.1289,53.8661],[9.2131,53.865],[9.2189,53.8647],[9.2761,53.8589],[9.28,53.8578],[9.2833,53.8564],[9.2942,53.8492],[9.3203,53.8303],[9.3244,53.8261],[9.3514,53.7981],[9.3794,53.7608],[9.4089,53.7306],[9.4158,53.7244],[9.5478,53.6106],[9.5622,53.5983],[9.5731,53.5911],[9.5828,53.5861],[9.6728,53.5555],[9.6958,53.5503],[9.7647,53.5437],[9.8022,53.5347],[9.8114,53.5331],[9.8217,53.5325],[9.8264,53.5331],[9.83,53.5344],[9.8325,53.5364],[9.8339,53.5389],[9.8339,53.5422],[9.8303,53.5467],[9.8247,53.5503],[9.8208,53.5517],[9.7839,53.5614],[9.7742,53.5628],[9.7411,53.565],[9.7242,53.5656],[9.6994,53.5683],[9.6819,53.5719],[9.6636,53.5786],[9.5753,53.6136],[9.5611,53.6217],[9.5467,53.6336],[9.4378,53.7394],[9.4306,53.7486],[9.4172,53.7711],[9.4078,53.7922],[9.3944,53.8214],[9.3931,53.8239],[9.3378,53.8528],[9.3278,53.8572],[9.2864,53.8744],[9.2783,53.8767],[9.2344,53.8864],[9.2208,53.8889],[9.2053,53.8905],[9.0631,53.898],[8.9931,53.8911],[8.9833,53.8903],[8.9672,53.895],[8.9475,53.9072],[8.9275,53.9197],[8.9139,53.9286],[8.8997,53.9408],[8.8831,53.9611],[8.8659,53.986],[8.9463,54.015],[8.8791,54.0451],[8.8808,54.0453],[8.8906,54.0442],[8.9267,54.0372],[8.9456,54.0305],[8.9606,54.0222],[8.9711,54.0178],[8.9789,54.0186],[9.0006,54.0261],[9.0031,54.0281],[9.0111,54.0439],[9.0128,54.05],[9.0172,54.085],[8.9711,54.1317],[8.8586,54.1239],[8.8475,54.1311],[8.8447,54.133],[8.8297,54.148],[8.8253,54.1547],[8.8533,54.1682],[8.884,54.2294],[8.8299,54.2231],[8.8414,54.2505],[8.8428,54.2533],[8.8453,54.2553],[8.8531,54.2575],[8.8836,54.2942],[8.83,54.2933],[8.6956,54.2703],[8.6942,54.2678],[8.6911,54.2661],[8.68,54.2661],[8.6694,54.2669],[8.6556,54.2694],[8.6436,54.273],[8.6317,54.2792],[8.6234,54.2885],[8.8524,54.3316],[8.9506,54.4186],[8.9364,54.4315],[8.9947,54.4519],[9.005,54.4603],[9.015,54.4719],[9.0164,54.4747],[9.0194,54.493],[9.0169,54.4983],[9.0056,54.5086],[8.9678,54.5411],[8.9603,54.5436],[8.9469,54.5464],[8.9403,54.5494],[8.9217,54.5594],[8.9161,54.5628],[8.8508,54.6208],[8.8142,54.6683],[8.805,54.6856],[8.7544,54.7117],[8.7344,54.7211],[8.6969,54.7469],[8.6556,54.8008],[8.6486,54.8103],[8.6456,54.815],[8.6422,54.8264],[8.6406,54.8381],[8.6091,54.8438],[8.6161,54.8874],[8.6207,54.9164],[8.6645,54.9131],[8.6547,54.9819],[8.6761,55.1142],[8.6331,55.1092],[8.6259,55.1335],[8.6322,55.1324],[8.6439,55.1311],[8.6836,55.1325],[8.6889,55.1364],[8.6914,55.1422],[8.6922,55.1492],[8.6894,55.1603],[8.6614,55.2033],[8.6581,55.2586],[8.6586,55.3017],[8.6625,55.3136],[8.6639,55.3205],[8.6622,55.3325],[8.6381,55.4028],[8.6239,55.4275],[8.6125,55.4347],[8.5994,55.4411],[8.5897,55.4431],[8.5361,55.4492],[8.48,55.4539],[8.4681,55.4542],[8.4497,55.4519],[8.44,55.4522],[8.3075,55.5533],[8.2569,55.4911],[8.1042,55.5378],[8.0914,55.5447],[8.0872,55.5489],[8.0872,55.555],[8.0933,55.5658],[8.1194,55.5933],[8.1267,55.6033],[8.1394,55.6247],[8.1532,55.6549],[8.32,55.7677],[8.317,55.8489],[8.3145,55.8519],[8.3239,55.8561],[8.3942,55.8919],[8.3972,55.8975],[8.3853,55.9233],[8.3169,56.0108],[8.3169,56.0172],[8.3131,56.0467],[8.3125,56.0503],[8.3111,56.0531],[8.3089,56.0547],[8.2708,56.075],[8.255,56.0828],[8.2239,56.0928],[8.1461,56.1111],[8.1411,56.1117],[8.1375,56.1108],[8.1411,56.1025],[8.1453,56.0808],[8.1464,56.0711],[8.1464,56.0675],[8.1458,56.0568],[8.1166,56.0923],[8.1245,56.2075],[8.1834,56.4315],[8.3088,56.4792],[8.4522,56.4116],[8.6749,56.3577],[8.8686,56.6161],[9.0027,56.6572],[9.0446,56.5953],[9.0461,56.5906],[9.0556,56.5717],[9.0586,56.5669],[9.0642,56.563],[9.0667,56.5626],[9.1359,56.4604],[9.3119,56.4811],[9.3138,56.5254],[9.3172,56.525],[9.3217,56.5256],[9.3711,56.5408],[9.3731,56.5431],[9.3739,56.5461],[9.3761,56.5589],[9.3764,56.565],[9.3708,56.5689],[9.3617,56.5705],[9.3442,56.5664],[9.3231,56.6764],[9.3204,56.6807],[9.3221,56.7189],[9.3701,56.8823],[9.8346,56.8899],[10.2162,56.8498],[10.2234,56.7184],[10.1594,56.7206],[10.1544,56.72],[9.8664,56.6503],[9.8864,56.6419],[9.9331,56.6417],[10.0036,56.6592],[10.0772,56.6861],[10.1772,56.6964],[10.2247,56.6963],[10.2297,56.6051],[10.2482,56.5752],[10.2456,56.5733],[10.2189,56.5531],[10.2106,56.5356],[10.1878,56.4686],[10.2308,56.4731],[10.2261,56.4892],[10.2242,56.5069],[10.2239,56.5383],[10.2303,56.5494],[10.2367,56.5536],[10.2573,56.5606],[10.3138,56.4695],[10.8258,56.4433],[10.8887,56.3687],[10.8266,56.2466],[10.745,56.1639],[10.6739,56.1878],[10.6831,56.1892],[10.6864,56.1942],[10.6922,56.2064],[10.6919,56.2122],[10.6906,56.2178],[10.6844,56.2211],[10.6686,56.2267],[10.6475,56.2294],[10.6364,56.2294],[10.6256,56.2283],[10.6178,56.2264],[10.6111,56.2236],[10.5897,56.2072],[10.5553,56.1769],[10.5492,56.1664],[10.5478,56.16],[10.5506,56.1547],[10.5542,56.15],[10.5722,56.1328],[10.5778,56.1231],[10.5756,56.1167],[10.5714,56.1114],[10.56,56.1036],[10.5536,56.1008],[10.5458,56.0989],[10.5358,56.0983],[10.5242,56.0986],[10.5153,56.1008],[10.451,56.1322],[10.4425,56.1509],[10.4174,56.1486],[10.39,56.1619],[10.3531,56.1953],[10.3583,56.1997],[10.4275,56.2211],[10.4369,56.2219],[10.4425,56.2183],[10.4794,56.2206],[10.5083,56.265],[10.5075,56.2708],[10.5019,56.2742],[10.4486,56.2919],[10.4006,56.2908],[10.2468,56.1786],[10.2319,56.1667],[10.2192,56.1517],[10.2161,56.1461],[10.215,56.1397],[10.2208,56.1297],[10.2264,56.1258],[10.2389,56.1192],[10.2442,56.115],[10.2457,56.1124],[10.1752,56.0759],[10.2299,55.9509],[10.1746,55.8266],[10.1731,55.8269],[10.1506,55.835],[10.1439,55.8383],[10.1403,55.843],[10.1375,55.8483],[10.135,55.8592],[10.1322,55.8644],[10.1267,55.8683],[10.1197,55.8717],[10.1056,55.8772],[10.0939,55.8786],[10.0614,55.8786],[10.0497,55.8783],[10.0123,55.8746],[9.9825,55.8717],[9.8717,55.85],[9.8656,55.8464],[9.8672,55.8408],[9.8739,55.8378],[9.8822,55.8353],[9.8922,55.8333],[9.9228,55.8286],[9.9564,55.825],[10,55.8216],[10.0403,55.8169],[10.0486,55.8144],[10.0458,55.7503],[10.0288,55.7357],[10.0071,55.7304],[10.0022,55.713],[9.9928,55.705],[9.8317,55.6714],[9.8117,55.6694],[9.8022,55.6703],[9.7375,55.6838],[9.7327,55.6853],[9.7252,55.6896],[9.6878,55.7036],[9.6719,55.7089],[9.6497,55.7114],[9.6389,55.7114],[9.5572,55.7089],[9.55,55.7058],[9.5528,55.7006],[9.5583,55.6967],[9.5664,55.6944],[9.5742,55.6933],[9.5853,55.6933],[9.6167,55.695],[9.6394,55.6928],[9.6528,55.6867],[9.7217,55.6531],[9.8062,55.6112],[9.6901,55.6049],[9.7295,55.5473],[9.7042,55.5311],[9.5928,55.4261],[9.5883,55.4217],[9.5875,55.4147],[9.5903,55.4103],[9.5906,55.4099],[9.5439,55.3513],[9.5166,55.2231],[9.5173,55.1649],[9.4894,55.1519],[9.4631,55.1286],[9.4592,55.1239],[9.4619,55.118],[9.4872,55.0805],[9.421,54.9765],[9.496,54.9383],[9.5602,54.9056],[9.5028,54.8683],[9.4581,54.8386],[9.4528,54.835],[9.4483,54.8303],[9.4454,54.8254],[9.4419,54.8197],[9.4375,54.8078],[9.4392,54.8022],[9.5783,54.8256],[9.6606,54.8122],[9.755,54.7925],[9.8644,54.7263],[9.9867,54.5924],[9.9798,54.5117],[9.9706,54.5075],[9.8931,54.4819],[9.8711,54.4775],[9.85,54.4792],[9.8453,54.4786],[9.8433,54.4761],[9.8436,54.4731],[9.8519,54.4644],[9.8636,54.4575],[9.8703,54.4544],[9.8783,54.4528],[9.8933,54.4539],[9.9372,54.4618],[9.8648,54.4114],[10.0649,54.4339],[10.1417,54.3368],[10.2129,54.3719],[10.3402,54.3623],[10.446,54.292],[10.6486,54.259],[11.0386,54.3133],[11.073,54.2196],[11.0507,54.1723],[10.8875,54.0933],[10.8775,54.0889],[10.8697,54.0875],[10.8394,54.09],[10.825,54.0917],[10.8014,54.0894],[10.7664,54.0611],[10.7581,54.0519],[10.755,54.0467],[10.7547,54.04],[10.7564,54.0344],[10.7633,54.0222],[10.7703,54.0128],[10.7839,54.0005],[10.79,53.9972],[10.791,53.9969],[10.7167,53.9639],[10.7709,53.9309],[10.8283,53.8959],[10.8185,53.8901],[10.829,53.8954],[10.8589,53.8772],[10.8837,53.8824],[10.8935,53.8844],[10.9604,53.8984],[11.1514,53.9384],[11.2025,53.8568],[11.4078,53.8593],[11.5584,54.028],[11.5739,54.0325],[11.5797,54.0361],[11.5813,54.0375],[12.0411,54.0967],[12.3119,54.2019],[12.4405,54.2471],[12.445,54.2469],[12.4531,54.2489],[12.4558,54.2508],[12.4537,54.2517],[12.4625,54.2548],[12.6525,54.3214],[12.7648,54.2703],[12.9431,54.347],[13.0258,54.2652],[13.0638,54.1937],[13.3492,54.0635],[13.431,54.0302],[13.6676,54.0842],[13.7378,54.0303],[13.7643,53.8772],[13.7805,53.7752],[13.8502,53.7293],[14.0097,53.6732],[14.1769,53.6834],[14.1896,53.6248],[14.2802,53.6134],[14.4332,53.5942],[14.5371,53.5382],[14.4953,53.6248],[14.5425,53.6712],[14.5547,53.6786],[14.6194,53.7644],[14.6211,53.7714],[14.6142,53.8164],[14.585,53.8447],[14.5767,53.8503],[14.5583,53.8572],[14.5486,53.8583],[14.4853,53.8639],[14.4749,53.8647],[14.4729,53.8768],[14.4674,53.9104],[14.5802,53.929],[14.8858,53.9796],[15.0797,54.0025],[15.3117,54.071],[15.8984,54.1284],[16.1147,54.1996],[16.4732,54.415],[16.9759,54.5493],[17.6576,54.6855],[18.2794,54.7241],[18.5058,54.6356],[18.5114,54.6311],[18.5255,54.6146],[18.3629,54.6689],[18.3385,54.6026],[18.4538,54.5254],[18.5132,54.3158],[18.6731,54.2551],[18.6849,54.254],[18.965,54.2276],[19.255,54.2772],[19.2559,54.2775],[19.2561,54.2775],[19.3197,54.2726],[19.3176,54.2717],[19.2321,54.2221],[19.2303,54.167],[19.3281,54.1615],[19.4568,54.2166],[19.5704,54.2551],[19.727,54.3082],[19.9853,53.991],[22.6816,52.7158],[26.4462,52.1263],[26.9874,51.8791],[28.3793,51.2432],[27.4127,50.4077],[23.1903,50.115],[21.5115,49.5572],[21.2571,48.8928],[19.3749,48.9262],[18.51,48.1515],[15.9155,48.2193],[13.7789,48.5235],[12.6597,47.7426],[7.1146,47.6056],[7.9794,50.0171],[6.8093,50.5695],[4.9271,49.8533],[3.2483,50.3428],[3.4517,50.9236],[3.8177,51.3419],[3.8619,51.3392],[3.8672,51.34],[3.9614,51.3697]]],[[[12.3953,55.0325],[12.4522,55.0269],[12.5067,55.0158],[12.5278,55.0103],[12.5328,55.0067],[12.5364,55.0019],[12.5547,54.9722],[12.5575,54.9642],[12.5575,54.9608],[12.5561,54.9578],[12.5481,54.9492],[12.5447,54.9472],[12.5367,54.945],[12.5206,54.9442],[12.5017,54.9472],[12.4728,54.9558],[12.4639,54.9575],[12.4042,54.9631],[12.3772,54.9631],[12.3617,54.9622],[12.3381,54.9589],[12.3119,54.9506],[12.3089,54.9489],[12.2642,54.9192],[12.1836,54.8803],[12.1636,54.883],[12.1508,54.8861],[12.1158,54.9042],[12.1322,54.9514],[12.1358,54.9567],[12.1778,54.9825],[12.3119,55.0353],[12.3953,55.0325]]],[[[12.4956,55.6039],[12.4922,55.6022],[12.4867,55.6017],[12.4481,55.6042],[12.4447,55.605],[12.4417,55.6072],[12.4358,55.6142],[12.4325,55.6156],[12.4217,55.6164],[12.4039,55.6167],[12.3914,55.6136],[12.3808,55.61],[12.3444,55.593],[12.3395,55.5902],[12.2694,55.56],[12.2533,55.5525],[12.2444,55.5436],[12.2058,55.5022],[12.1961,55.4903],[12.1917,55.4822],[12.1908,55.4786],[12.1906,55.4656],[12.1928,55.4578],[12.1953,55.4522],[12.2006,55.4447],[12.2067,55.4383],[12.2242,55.4278],[12.2317,55.4244],[12.2978,55.4031],[12.3436,55.4017],[12.3639,55.3989],[12.3767,55.3953],[12.3994,55.3811],[12.4306,55.3617],[12.4361,55.3575],[12.4442,55.3483],[12.4519,55.3364],[12.4536,55.3306],[12.4628,55.2928],[12.4617,55.2864],[12.4492,55.2764],[12.4433,55.2725],[12.4258,55.2617],[12.4125,55.2558],[12.3339,55.235],[12.3253,55.2333],[12.3156,55.2328],[12.2939,55.2331],[12.2725,55.2339],[12.2439,55.2369],[12.2033,55.2281],[12.1761,55.2206],[12.0361,55.1733],[12.0256,55.1694],[12.015,55.1614],[12.0131,55.1586],[12.0128,55.1555],[12.0131,55.1525],[12.0153,55.1503],[12.0181,55.1486],[12.0581,55.133],[12.0656,55.1306],[12.075,55.1289],[12.0869,55.1289],[12.0961,55.1294],[12.115,55.1328],[12.1306,55.1336],[12.1494,55.1303],[12.1733,55.1228],[12.1792,55.1197],[12.1811,55.1172],[12.1814,55.1142],[12.1736,55.005],[12.1731,55.0014],[12.1717,54.9989],[12.1667,54.9956],[12.1586,54.9928],[12.0719,54.9686],[12.0411,54.9664],[12.0133,54.9683],[11.995,54.9714],[11.9783,54.9792],[11.9533,54.9989],[11.95,55.0003],[11.9458,55.0019],[11.9364,55.0033],[11.9139,55.0047],[11.9103,55.0033],[11.8964,54.9914],[11.8956,54.9883],[11.8961,54.9858],[11.9009,54.9788],[11.8597,55.0139],[11.8403,55.0233],[11.7306,55.0606],[11.7831,55.1325],[11.7978,55.1558],[11.7411,55.1989],[11.7308,55.2036],[11.7178,55.2067],[11.6945,55.2076],[11.6833,55.2042],[11.6583,55.1872],[11.6122,55.1872],[11.5531,55.1908],[11.5431,55.1928],[11.5189,55.2],[11.4539,55.2125],[11.4278,55.2158],[11.4169,55.2158],[11.4003,55.2122],[11.3508,55.2014],[11.3231,55.1906],[11.3061,55.1889],[11.2728,55.1928],[11.2625,55.1944],[11.2531,55.1964],[11.2467,55.1997],[11.2442,55.2044],[11.1878,55.3389],[11.2181,55.3936],[11.2172,55.3992],[11.2036,55.4489],[11.1492,55.5675],[11.1444,55.5775],[11.0892,55.6628],[11.0836,55.67],[11.0753,55.6728],[10.9942,55.6925],[10.88,55.7294],[10.8736,55.7325],[10.8781,55.7369],[10.8872,55.7383],[10.8972,55.7392],[10.9408,55.7389],[10.9531,55.7381],[11.1294,55.7217],[11.1386,55.7136],[11.1528,55.7078],[11.1686,55.7028],[11.1892,55.6992],[11.2011,55.6981],[11.2111,55.6989],[11.3433,55.7475],[11.4869,55.8417],[11.4964,55.8508],[11.5,55.8561],[11.5064,55.8672],[11.5117,55.8794],[11.5158,55.8919],[11.5164,55.8983],[11.5103,55.9142],[11.5078,55.9189],[11.4917,55.9303],[11.4786,55.9369],[11.4703,55.9394],[11.4492,55.9425],[11.3797,55.9469],[11.3597,55.9492],[11.2833,55.9714],[11.2781,55.9753],[11.2742,55.9794],[11.2733,55.9917],[11.3128,55.9811],[11.4092,55.9614],[11.6064,55.9364],[11.6644,55.9417],[11.7064,55.9508],[11.7378,55.9594],[11.7447,55.9625],[11.7528,55.9644],[11.7639,55.9647],[11.7728,55.9622],[11.7786,55.9583],[11.7819,55.9542],[11.7783,55.9486],[11.7397,55.9214],[11.6703,55.8905],[11.6706,55.8142],[11.7175,55.7933],[11.7275,55.7947],[11.7328,55.7944],[11.7364,55.7931],[11.7453,55.7842],[11.7656,55.7586],[11.7997,55.6872],[11.8,55.6839],[11.7944,55.6617],[11.8197,55.6747],[11.8225,55.6767],[11.8256,55.6825],[11.8321,55.707],[11.8436,55.7644],[11.9028,55.9258],[11.9053,55.9278],[11.9142,55.9297],[11.925,55.9289],[11.9411,55.9244],[11.9594,55.9172],[11.9869,55.9047],[11.9928,55.9011],[11.9989,55.8944],[12.0014,55.8892],[12.0353,55.8064],[12.0406,55.7933],[12.0556,55.7514],[12.0569,55.7422],[12.0564,55.7361],[12.0544,55.73],[12.0508,55.7244],[12.0456,55.7206],[12.0311,55.7153],[12.0261,55.7147],[12.0097,55.7153],[11.9706,55.7175],[11.9367,55.6769],[11.9358,55.6533],[12.0572,55.6533],[12.0619,55.6581],[12.0922,55.6983],[12.0939,55.7111],[12.0922,55.7225],[12.0908,55.7281],[12.0878,55.7389],[12.0722,55.7645],[12.0422,55.9192],[12.0397,55.9242],[12.0147,55.9561],[12.0075,55.9594],[11.9792,55.9567],[11.9339,55.95],[11.8867,55.9369],[11.8761,55.9361],[11.8664,55.9372],[11.8536,55.9439],[11.8486,55.9478],[11.8458,55.9525],[11.8483,55.9586],[11.8594,55.9667],[11.8658,55.9697],[11.9192,55.9944],[12.1742,56.1036],[12.2003,56.1122],[12.275,56.1272],[12.2906,56.1289],[12.3017,56.1286],[12.3125,56.1272],[12.3314,56.1242],[12.5142,56.0878],[12.5336,56.0808],[12.6125,56.0453],[12.6189,56.0419],[12.6197,56.0394],[12.6181,56.0339],[12.5939,56.0047],[12.5842,55.9994],[12.5733,55.9958],[12.5672,55.9922],[12.53,55.9497],[12.5256,55.9419],[12.5169,55.9256],[12.5156,55.9194],[12.5192,55.9114],[12.5589,55.8672],[12.5669,55.8575],[12.5744,55.8481],[12.5758,55.8456],[12.5964,55.7989],[12.5986,55.7933],[12.6,55.7672],[12.6003,55.7544],[12.5842,55.7353],[12.5994,55.7072],[12.6003,55.7042],[12.5961,55.6994],[12.5614,55.6669],[12.55,55.6572],[12.5408,55.6508],[12.5242,55.6394],[12.5028,55.6314],[12.4969,55.6067],[12.4956,55.6039]]],[[[11.6406,54.6625],[11.5883,54.6636],[11.5789,54.6633],[11.5225,54.6419],[11.4725,54.6228],[11.4664,54.62],[11.4614,54.6189],[11.4556,54.6194],[11.4514,54.6206],[11.3772,54.6467],[11.3503,54.6589],[11.3153,54.6756],[11.2781,54.6997],[11.2622,54.7072],[11.2458,54.7117],[11.1906,54.7256],[11.1444,54.7369],[11.1256,54.7403],[11.0992,54.7425],[11.0317,54.7561],[11.0261,54.7586],[11.0197,54.7628],[10.995,54.7828],[10.9911,54.7872],[10.9899,54.7908],[11.0253,54.8144],[11.0136,54.8903],[11.0144,54.8958],[11.0275,54.9103],[11.0319,54.9147],[11.0422,54.9231],[11.0578,54.935],[11.0714,54.9408],[11.1189,54.9508],[11.1364,54.9539],[11.1644,54.9567],[11.1931,54.9574],[11.2397,54.9572],[11.2756,54.9497],[11.2883,54.9431],[11.3311,54.9194],[11.3361,54.9156],[11.34,54.9114],[11.3472,54.8961],[11.3511,54.8919],[11.3611,54.8839],[11.3933,54.868],[11.4089,54.8625],[11.5139,54.8297],[11.5644,54.8219],[11.6425,54.8778],[11.6417,54.9008],[11.6419,54.9039],[11.6439,54.9061],[11.6486,54.9067],[11.6569,54.9039],[11.7086,54.8753],[11.7353,54.855],[11.845,54.77],[11.8494,54.7658],[11.8617,54.7461],[11.8622,54.743],[11.8583,54.6894],[11.8561,54.6833],[11.8442,54.6694],[11.8339,54.6611],[11.785,54.64],[11.7756,54.6408],[11.7364,54.6453],[11.7225,54.6511],[11.6939,54.6555],[11.6406,54.6625]]],[[[10.1353,55.1172],[10.1506,55.1219],[10.1544,55.1269],[10.1528,55.1328],[10.15,55.1375],[10.1186,55.1789],[10.1083,55.1864],[10.0986,55.188],[10.0058,55.1933],[9.8969,55.2797],[9.8967,55.2858],[9.8883,55.3367],[9.8872,55.3422],[9.8108,55.4367],[9.7681,55.4669],[9.7289,55.4742],[9.685,55.4911],[9.6783,55.4944],[9.6756,55.4992],[9.68,55.5036],[9.7486,55.5403],[9.8131,55.5475],[9.8242,55.5472],[9.8325,55.5447],[9.8347,55.54],[9.8353,55.5275],[9.8375,55.5225],[9.8433,55.5189],[9.8564,55.5125],[9.8647,55.51],[9.8833,55.5058],[9.8953,55.5056],[9.905,55.5058],[9.9217,55.5097],[9.9358,55.515],[10.0003,55.5413],[10.0739,55.5567],[10.1247,55.5681],[10.1486,55.5742],[10.1647,55.5786],[10.1778,55.5844],[10.2125,55.5989],[10.2897,55.615],[10.2989,55.6167],[10.3097,55.6169],[10.3272,55.6119],[10.3992,55.5889],[10.4056,55.5855],[10.4847,55.5325],[10.4736,55.515],[10.4522,55.4817],[10.4453,55.4786],[10.4278,55.468],[10.4222,55.4644],[10.4161,55.4528],[10.4175,55.4472],[10.4203,55.4425],[10.4256,55.4386],[10.4375,55.4378],[10.4689,55.4372],[10.4786,55.438],[10.6003,55.4828],[10.6061,55.4864],[10.6089,55.4925],[10.6142,55.5194],[10.6175,55.5639],[10.6128,55.5925],[10.6072,55.6025],[10.6033,55.6072],[10.6106,55.6172],[10.6139,55.6186],[10.6192,55.6192],[10.6269,55.6167],[10.6344,55.6103],[10.6581,55.59],[10.6625,55.5853],[10.7444,55.4967],[10.7472,55.4911],[10.7453,55.4822],[10.7906,55.3628],[10.8283,55.3067],[10.8347,55.2939],[10.8344,55.2903],[10.8158,55.2053],[10.8117,55.1864],[10.7856,55.1281],[10.7828,55.1225],[10.7794,55.1178],[10.7403,55.0672],[10.7333,55.0644],[10.7256,55.0622],[10.6656,55.0606],[10.6272,55.0608],[10.6164,55.0606],[10.5989,55.0581],[10.5842,55.0528],[10.5294,55.0294],[10.5194,55.0286],[10.4978,55.0289],[10.1528,55.0844],[10.1353,55.1172]]],[[[8.471,55.3576],[8.3592,55.4484],[8.3569,55.4522],[8.3603,55.4578],[8.3656,55.4617],[8.3808,55.4664],[8.3894,55.468],[8.4014,55.4675],[8.4583,55.4264],[8.4611,55.4214],[8.471,55.3576]]],[[[8.2636,53.5197],[8.2375,53.5186],[8.2331,53.5194],[8.2319,53.5222],[8.2321,53.5286],[8.2988,53.5257],[8.2933,53.5253],[8.2728,53.5208],[8.2636,53.5197]]],[[[8.4964,53.4919],[8.4911,53.4844],[8.4883,53.4792],[8.4883,53.4791],[8.4459,53.5736],[8.4944,53.555],[8.5183,53.5136],[8.5083,53.5056],[8.5039,53.5014],[8.4964,53.4919]]],[[[8.8658,54.5253],[8.9214,54.525],[8.9425,54.523],[8.9606,54.5192],[8.9547,54.5092],[8.925,54.4742],[8.9178,54.4678],[8.9147,54.4661],[8.9069,54.4639],[8.9015,54.4631],[8.8437,54.5155],[8.8622,54.5242],[8.8658,54.5253]]],[[[9.4781,57.0189],[9.5169,57.0161],[9.5219,57.0155],[9.5511,57.0072],[9.5592,57.0047],[9.6861,57.0386],[9.7642,57.0533],[9.7747,57.0542],[9.8072,57.0506],[9.8536,57.0456],[9.94,57.0542],[9.945,57.055],[9.9517,57.0583],[9.9665,57.0665],[9.9743,57.0717],[10.1236,57.0183],[10.1469,57.0075],[10.1575,57.0031],[10.1602,57.002],[9.503,56.9751],[9.3693,57.0127],[9.4097,57.0183],[9.4256,57.02],[9.4669,57.0194],[9.4781,57.0189]]],[[[8.7389,56.8947],[8.8136,56.905],[8.8172,56.9067],[8.8181,56.9074],[8.7781,56.7985],[8.666,56.7005],[8.641,56.6921],[8.6369,56.6972],[8.6031,56.7258],[8.5639,56.7372],[8.5547,56.7389],[8.5428,56.7386],[8.5247,56.7314],[8.5197,56.7311],[8.5142,56.7319],[8.5108,56.7336],[8.5092,56.7356],[8.5097,56.7417],[8.5461,56.7933],[8.617,56.8308],[8.6475,56.8872],[8.65,56.8894],[8.6581,56.8914],[8.6689,56.8928],[8.6969,56.8922],[8.7333,56.8942],[8.7389,56.8947]]],[[[13.8278,53.8297],[13.8233,53.8404],[13.8406,53.832],[13.8278,53.8297]]]]}},{"type":"Feature","properties":{"NAME":"Elam","ABBREVN":"Elam","type":null,"weblnks":null,"SUBJECTO":"Elam","BORDERPRECISION":1,"PARTOF":"Elam"},"geometry":{"type":"MultiPolygon","coordinates":[[[[46.3727,33.4976],[46.7357,33.7696],[47.5223,33.4976],[48.7203,32.6865],[49.2528,32.1041],[48.7808,31.9502],[48.0547,31.8989],[47.6433,32.5642],[47.014,32.7782],[46.3727,33.4976]]]]}}]}